# Blender v2.79 (sub 0) OBJ File: ''
# www.blender.org
mtllib luigi.mtl
o mayu_r_frame2
v -1.030782 12.268559 0.920773
v -1.036055 12.302257 0.902246
v -1.203750 12.253396 0.843297
v -1.028046 12.240894 0.902740
v -0.659633 12.421255 1.138553
v -0.471508 12.546715 1.202200
v -0.696213 12.502281 1.066348
v -0.549894 12.635590 1.126076
v -0.330414 12.693090 1.241566
v -0.434928 12.808102 1.163783
v -0.873888 12.314081 1.033002
v -0.852985 12.269649 0.987316
v -0.630892 12.340219 1.079404
v -0.873888 12.314081 1.033002
v -0.889565 12.366364 0.977016
v -0.304285 12.520578 1.229013
v -0.447992 12.429094 1.170667
vt 0.018576 0.325598
vt 0.006931 0.398604
vt 0.000000 0.000000
vt 0.045817 0.222405
vt 0.142240 0.741561
vt 0.223498 0.777138
vt 0.144104 0.978367
vt 0.239299 1.000000
vt 0.300542 0.660121
vt 0.321696 0.815652
vt 0.073460 0.567268
vt 0.105129 0.437417
vt 0.161791 0.534456
vt 0.073460 0.567268
vt 0.060838 0.761980
vt 0.279122 0.499616
vt 0.221356 0.562651
vn -0.4423 -0.1299 0.8874
vn -0.4733 0.3664 0.8010
vn -0.4053 -0.0428 0.9132
vn -0.2983 -0.5417 0.7858
vn -0.3702 -0.1074 0.9227
vn -0.3499 -0.0145 0.9366
vn -0.5531 0.3845 0.7391
vn -0.5477 0.2105 0.8097
vn -0.3486 0.0851 0.9333
vn -0.4882 0.1934 0.8510
vn -0.1288 -0.7246 0.6770
vn -0.1527 -0.7322 0.6637
vn -0.0874 -0.6193 0.7802
vn -0.6028 0.4738 0.6419
vn -0.6052 0.4786 0.6361
vn -0.1816 -0.1675 0.9690
vn -0.1524 -0.3389 0.9284
usemtl material_16
s 1
f 1/1/1 2/2/2 3/3/3
f 4/4/4 1/1/1 3/3/3
f 5/5/5 6/6/6 7/7/7
f 6/6/6 8/8/8 7/7/7
f 9/9/9 10/10/10 6/6/6
f 10/10/10 8/8/8 6/6/6
f 11/11/11 1/1/1 12/12/12
f 1/1/1 4/4/4 12/12/12
f 5/5/5 11/11/11 13/13/13
f 11/11/11 12/12/12 13/13/13
f 5/5/5 7/7/7 14/14/14
f 7/7/7 15/15/15 14/14/14
f 9/9/9 6/6/6 16/16/16
f 6/6/6 17/17/17 16/16/16
f 13/13/13 17/17/17 5/5/5
f 17/17/17 6/6/6 5/5/5
f 14/14/14 15/15/15 1/1/1
f 15/15/15 2/2/2 1/1/1
o mayu_r_frame1
v -1.000939 12.387945 0.934986
v -1.060973 12.439668 0.949883
v -1.101911 12.276481 0.869670
v -1.060973 12.439668 0.949883
v -1.086636 12.476254 0.875297
v -1.101911 12.276481 0.869670
v -0.349513 12.501309 1.242710
v -0.385906 12.463690 1.208411
v -0.269108 12.365023 1.237338
v -0.269108 12.365023 1.237338
v -0.311484 12.534826 1.200574
v -0.349513 12.501309 1.242710
v -0.439569 12.607328 1.214532
v -0.392949 12.685278 1.136749
v -0.788439 12.648145 1.098616
v -0.609361 12.665974 1.162264
v -0.784330 12.766827 0.976233
v -0.574539 12.777672 1.079400
v -0.940017 12.560791 1.027472
v -0.870225 12.495711 0.981498
v -0.788439 12.648145 1.098616
v -0.745352 12.544347 1.045918
v -0.940017 12.560791 1.027472
v -0.967834 12.658377 0.909985
v -0.439569 12.607328 1.214532
v -0.609361 12.665974 1.162264
v -0.486776 12.526887 1.161120
v -0.614080 12.558476 1.102775
vt 0.045817 0.222405
vt 0.018576 0.325598
vt 0.000000 0.000000
vt 0.018576 0.325598
vt 0.006931 0.398604
vt 0.000000 0.000000
vt 0.341406 0.448575
vt 0.324892 0.373530
vt 0.377890 0.176651
vt 0.377890 0.176651
vt 0.358662 0.515457
vt 0.341406 0.448575
vt 0.300542 0.660121
vt 0.321696 0.815652
vt 0.142240 0.741561
vt 0.223498 0.777138
vt 0.144104 0.978367
vt 0.239299 1.000000
vt 0.073460 0.567268
vt 0.105129 0.437417
vt 0.142240 0.741561
vt 0.161791 0.534456
vt 0.073460 0.567268
vt 0.060838 0.761980
vt 0.300542 0.660121
vt 0.223498 0.777138
vt 0.279122 0.499616
vt 0.221356 0.562651
vn -0.0929 -0.3737 0.9229
vn -0.0696 -0.4142 0.9075
vn -0.1301 -0.4109 0.9023
vn -0.8601 0.2623 0.4375
vn -0.8609 0.2723 0.4298
vn -0.9341 0.0615 0.3516
vn -0.4998 -0.2673 0.8238
vn -0.5025 -0.2644 0.8231
vn -0.4650 -0.3071 0.8303
vn 0.5718 0.3074 0.7606
vn 0.4527 0.4535 0.7677
vn 0.4893 0.4115 0.7689
vn 0.2273 0.6159 0.7543
vn 0.1580 0.6208 0.7678
vn -0.4517 0.6480 0.6132
vn -0.1526 0.6506 0.7439
vn -0.4648 0.6256 0.6265
vn -0.1893 0.6224 0.7594
vn -0.0515 -0.5750 0.8165
vn -0.0641 -0.5893 0.8053
vn -0.2044 -0.4951 0.8444
vn -0.2054 -0.5385 0.8172
vn -0.6606 0.5032 0.5571
vn -0.6531 0.5038 0.5653
vn -0.4612 -0.2868 0.8396
vn -0.3513 -0.4227 0.8354
vn -0.4619 -0.3145 0.8292
vn -0.3573 -0.4550 0.8156
usemtl material_15
s 1
f 18/18/18 19/19/19 20/20/20
f 21/21/21 22/22/22 23/23/23
f 24/24/24 25/25/25 26/26/26
f 27/27/27 28/28/28 29/29/29
f 29/29/29 28/28/28 30/30/30
f 28/28/28 31/31/31 30/30/30
f 32/32/32 33/33/33 34/34/34
f 33/33/33 35/35/35 34/34/34
f 30/30/30 31/31/31 33/33/33
f 31/31/31 35/35/35 33/33/33
f 36/36/36 19/19/19 37/37/37
f 19/19/19 18/18/18 37/37/37
f 38/38/38 36/36/36 39/39/39
f 36/36/36 37/37/37 39/39/39
f 32/32/32 34/34/34 40/40/40
f 34/34/34 41/41/41 40/40/40
f 42/42/42 43/43/43 44/44/44
f 43/43/43 45/45/45 44/44/44
f 39/39/39 45/45/45 38/38/38
f 45/45/45 43/43/43 38/38/38
f 40/40/40 41/41/41 21/21/21
f 41/41/41 22/22/22 21/21/21
f 42/42/42 44/44/44 24/24/24
f 44/44/44 25/25/25 24/24/24
o mayu_l_frame2
v 1.203750 12.253396 0.843297
v 1.036055 12.302257 0.902247
v 1.030782 12.268559 0.920773
v 1.028046 12.240894 0.902741
v 0.696213 12.502281 1.066348
v 0.549894 12.635590 1.126076
v 0.659633 12.421255 1.138553
v 0.471508 12.546715 1.202200
v 0.330414 12.693090 1.241566
v 0.434928 12.808102 1.163783
v 0.852985 12.269649 0.987316
v 0.873887 12.314081 1.033002
v 0.630892 12.340219 1.079404
v 0.889565 12.366364 0.977016
v 0.304285 12.520578 1.229013
v 0.447992 12.429094 1.170667
vt 0.000000 0.000000
vt 0.006931 0.398604
vt 0.018576 0.325598
vt 0.045817 0.222405
vt 0.144104 0.978367
vt 0.239299 1.000000
vt 0.142240 0.741561
vt 0.223498 0.777138
vt 0.300542 0.660121
vt 0.321696 0.815652
vt 0.105129 0.437417
vt 0.073460 0.567268
vt 0.161791 0.534456
vt 0.060838 0.761980
vt 0.279122 0.499616
vt 0.221356 0.562651
vn 0.4053 -0.0428 0.9132
vn 0.5050 0.3778 0.7760
vn 0.4869 -0.1313 0.8635
vn 0.3204 -0.5623 0.7623
vn 0.6015 0.3627 0.7118
vn 0.5079 0.2604 0.8211
vn 0.3258 -0.1579 0.9321
vn 0.2837 -0.0360 0.9582
vn 0.3953 0.0541 0.9170
vn 0.4892 0.1378 0.8612
vn 0.1129 -0.7238 0.6807
vn 0.4202 -0.1763 0.8901
vn 0.0887 -0.5652 0.8201
vn 0.5676 0.5018 0.6527
vn 0.3096 -0.1155 0.9438
vn 0.2483 -0.2624 0.9325
usemtl material_14
s 1
f 46/46/46 47/47/47 48/48/48
f 46/46/46 48/48/48 49/49/49
f 50/50/50 51/51/51 52/52/52
f 51/51/51 53/53/53 52/52/52
f 53/53/53 51/51/51 54/54/54
f 51/51/51 55/55/55 54/54/54
f 56/56/56 49/49/49 57/57/57
f 49/49/49 48/48/48 57/57/57
f 58/58/58 56/56/56 52/52/52
f 56/56/56 57/57/57 52/52/52
f 57/57/57 59/59/59 52/52/52
f 59/59/59 50/50/50 52/52/52
f 60/60/60 61/61/61 54/54/54
f 61/61/61 53/53/53 54/54/54
f 52/52/52 53/53/53 58/58/58
f 53/53/53 61/61/61 58/58/58
f 48/48/48 47/47/47 57/57/57
f 47/47/47 59/59/59 57/57/57
o mayu_l_frame1
v 1.101913 12.276481 0.869667
v 1.060976 12.439668 0.949880
v 1.000942 12.387945 0.934983
v 1.086640 12.476254 0.875294
v 0.269111 12.365023 1.237335
v 0.385909 12.463697 1.208408
v 0.349516 12.501309 1.242707
v 0.311487 12.534826 1.200572
v 0.392952 12.685287 1.136746
v 0.784334 12.766836 0.976230
v 0.574542 12.777672 1.079397
v 0.870228 12.495711 0.981495
v 0.745355 12.544347 1.045915
v 0.788442 12.648145 1.098613
v 0.940020 12.560791 1.027469
v 0.967838 12.658377 0.909982
v 0.486779 12.526887 1.161118
v 0.614083 12.558476 1.102771
v 0.439572 12.607328 1.214528
v 0.609364 12.665982 1.162261
vt 0.000000 0.000000
vt 0.018576 0.325598
vt 0.045817 0.222405
vt 0.006931 0.398604
vt 0.377890 0.176651
vt 0.324892 0.373530
vt 0.341406 0.448575
vt 0.358662 0.515457
vt 0.300542 0.660121
vt 0.321696 0.815652
vt 0.144104 0.978367
vt 0.239299 1.000000
vt 0.142240 0.741561
vt 0.223498 0.777138
vt 0.105129 0.437417
vt 0.073460 0.567268
vt 0.161791 0.534456
vt 0.060838 0.761980
vt 0.279122 0.499616
vt 0.221356 0.562651
vn 0.6334 -0.2075 0.7454
vn 0.6408 -0.0396 0.7667
vn 0.0978 -0.4323 0.8964
vn 0.8518 0.2785 0.4436
vn -0.0447 -0.0130 0.9989
vn 0.5025 -0.2641 0.8232
vn -0.0166 0.1068 0.9941
vn -0.4509 0.4542 0.7683
vn 0.0894 0.2489 0.9644
vn -0.2079 0.6254 0.7521
vn 0.4646 0.6434 0.6084
vn 0.1785 0.6521 0.7368
vn 0.4248 0.1269 0.8963
vn 0.2980 0.1664 0.9399
vn 0.0041 -0.5395 0.8419
vn 0.4592 -0.0014 0.8883
vn 0.2459 -0.5044 0.8277
vn 0.6673 0.4977 0.5540
vn 0.4871 -0.2664 0.8317
vn 0.3610 -0.4226 0.8313
usemtl material_13
s 1
f 62/62/62 63/63/63 64/64/64
f 62/62/62 65/65/65 63/63/63
f 66/66/66 67/67/67 68/68/68
f 68/68/68 69/69/69 66/66/66
f 80/70/70 70/71/71 68/68/68
f 70/71/71 69/69/69 68/68/68
f 71/72/72 72/73/73 75/74/74
f 72/73/73 81/75/75 75/74/74
f 81/75/75 72/73/73 80/70/70
f 72/73/73 70/71/71 80/70/70
f 73/76/76 64/64/64 76/77/77
f 64/64/64 63/63/63 76/77/77
f 74/78/78 73/76/76 75/74/74
f 73/76/76 76/77/77 75/74/74
f 76/77/77 77/79/79 75/74/74
f 77/79/79 71/72/72 75/74/74
f 78/80/80 79/81/81 80/70/70
f 79/81/81 81/75/75 80/70/70
f 75/74/74 81/75/75 74/78/78
f 81/75/75 79/81/81 74/78/78
f 63/63/63 65/65/65 76/77/77
f 65/65/65 77/79/79 76/77/77
f 68/68/68 67/67/67 80/70/70
f 67/67/67 78/80/80 80/70/70
o luigi_m0_12
v 0.723891 11.366238 0.986515
v 0.689804 11.250688 0.966674
v 0.806808 11.376174 0.919722
v 0.370125 11.232606 1.104195
v 0.349372 11.359218 1.127776
v 0.288133 11.365446 1.124743
v 0.332336 12.063073 1.140293
v 0.334393 12.244360 1.108489
v 0.226201 12.042103 1.136636
v 0.779816 12.022059 1.004981
v 0.884462 11.998901 0.917404
v 0.770615 12.205560 0.979042
v 0.527256 11.206264 1.052033
v 0.559331 11.351793 1.093365
v 0.891900 11.675370 0.905837
v 0.756796 11.673147 1.018393
v 0.212945 11.676927 1.142849
v 0.333384 11.670473 1.159801
v 0.588631 11.671661 1.114123
v 0.588101 12.051481 1.096166
v 0.564635 12.299863 1.046973
vt 0.703348 0.298750
vt 0.677343 0.222976
vt 0.766605 0.305264
vt 0.433461 0.211120
vt 0.417629 0.294146
vt 0.370910 0.298230
vt 0.404632 0.755724
vt 0.406201 0.874610
vt 0.323662 0.741970
vt 0.746012 0.728828
vt 0.825847 0.713641
vt 0.738993 0.849163
vt 0.553335 0.193844
vt 0.577805 0.289276
vt 0.831521 0.501477
vt 0.728451 0.500018
vt 0.313549 0.502498
vt 0.405432 0.498265
vt 0.600158 0.499040
vt 0.599754 0.748124
vt 0.581852 0.911006
vn 0.5842 -0.2282 0.7789
vn 0.5343 -0.2937 0.7926
vn 0.6303 -0.1916 0.7523
vn 0.1501 -0.2162 0.9647
vn 0.0379 -0.1341 0.9902
vn -0.0605 -0.1118 0.9919
vn 0.0629 0.1204 0.9907
vn 0.1596 0.1688 0.9726
vn -0.0634 0.0875 0.9941
vn 0.5543 0.0771 0.8287
vn 0.6461 0.0363 0.7624
vn 0.4751 0.1738 0.8625
vn 0.3799 -0.3215 0.8673
vn 0.3698 -0.2076 0.9056
vn 0.6390 -0.0739 0.7656
vn 0.5722 -0.0687 0.8172
vn -0.1361 -0.0345 0.9901
vn 0.0171 -0.0313 0.9994
vn 0.3374 -0.0302 0.9409
vn 0.3045 0.1232 0.9445
vn 0.2842 0.2029 0.9370
usemtl material_12
s 1
f 82/82/82 83/83/83 84/84/84
f 85/85/85 86/86/86 87/87/87
f 88/88/88 89/89/89 90/90/90
f 91/91/91 92/92/92 93/93/93
f 94/94/94 95/95/95 85/85/85
f 95/95/95 86/86/86 85/85/85
f 96/96/96 97/97/97 84/84/84
f 97/97/97 82/82/82 84/84/84
f 87/87/87 86/86/86 98/98/98
f 86/86/86 99/99/99 98/98/98
f 86/86/86 95/95/95 99/99/99
f 95/95/95 100/100/100 99/99/99
f 101/101/101 102/102/102 88/88/88
f 102/102/102 89/89/89 88/88/88
f 83/83/83 82/82/82 94/94/94
f 82/82/82 95/95/95 94/94/94
f 97/97/97 96/96/96 91/91/91
f 96/96/96 92/92/92 91/91/91
f 100/100/100 101/101/101 99/99/99
f 101/101/101 88/88/88 99/99/99
f 102/102/102 101/101/101 93/93/93
f 101/101/101 91/91/91 93/93/93
f 101/101/101 100/100/100 91/91/91
f 100/100/100 97/97/97 91/91/91
f 100/100/100 95/95/95 97/97/97
f 95/95/95 82/82/82 97/97/97
f 98/98/98 99/99/99 90/90/90
f 99/99/99 88/88/88 90/90/90
o luigi_m0_11
v -0.805328 11.376174 0.919721
v -0.688323 11.250688 0.966674
v -0.722411 11.366238 0.986515
v -0.286653 11.365446 1.124743
v -0.347892 11.359218 1.127776
v -0.368645 11.232606 1.104195
v -0.224720 12.042103 1.136636
v -0.332913 12.244360 1.108489
v -0.330856 12.063073 1.140293
v -0.769135 12.205560 0.979042
v -0.882981 11.998901 0.917404
v -0.778335 12.022059 1.004981
v -0.525776 11.206264 1.052033
v -0.557851 11.351793 1.093365
v -0.890420 11.675370 0.905837
v -0.755316 11.673147 1.018393
v -0.211465 11.676927 1.142849
v -0.331904 11.670473 1.159801
v -0.587151 11.671661 1.114123
v -0.586621 12.051481 1.096165
v -0.563155 12.299863 1.046973
vt 0.766605 0.305264
vt 0.677343 0.222976
vt 0.703348 0.298750
vt 0.370910 0.298230
vt 0.417629 0.294146
vt 0.433461 0.211120
vt 0.323662 0.741970
vt 0.406201 0.874610
vt 0.404632 0.755724
vt 0.738993 0.849163
vt 0.825847 0.713641
vt 0.746012 0.728828
vt 0.553335 0.193844
vt 0.577805 0.289276
vt 0.831521 0.501477
vt 0.728451 0.500018
vt 0.313549 0.502498
vt 0.405432 0.498265
vt 0.600158 0.499040
vt 0.599754 0.748124
vt 0.581852 0.911006
vn -0.6296 -0.1900 0.7533
vn -0.5495 -0.3109 0.7754
vn -0.5840 -0.2169 0.7822
vn 0.0741 -0.1325 0.9884
vn -0.0591 -0.1502 0.9869
vn -0.2348 -0.1406 0.9618
vn 0.0482 0.0700 0.9964
vn -0.1376 0.1859 0.9728
vn -0.0545 0.1095 0.9925
vn -0.4404 0.1473 0.8856
vn -0.6461 0.0363 0.7624
vn -0.5427 0.0797 0.8361
vn -0.3435 -0.2911 0.8929
vn -0.3542 -0.2075 0.9118
vn -0.6387 -0.0744 0.7659
vn -0.5627 -0.0675 0.8239
vn 0.1311 -0.0171 0.9912
vn -0.0181 -0.0233 0.9995
vn -0.3465 -0.0322 0.9375
vn -0.3214 0.1217 0.9391
vn -0.3012 0.1995 0.9325
usemtl material_11
s 1
f 103/103/103 104/104/104 105/105/105
f 106/106/106 107/107/107 108/108/108
f 109/109/109 110/110/110 111/111/111
f 112/112/112 113/113/113 114/114/114
f 108/108/108 107/107/107 115/115/115
f 107/107/107 116/116/116 115/115/115
f 103/103/103 105/105/105 117/117/117
f 105/105/105 118/118/118 117/117/117
f 119/119/119 120/120/120 106/106/106
f 120/120/120 107/107/107 106/106/106
f 120/120/120 121/121/121 107/107/107
f 121/121/121 116/116/116 107/107/107
f 111/111/111 110/110/110 122/122/122
f 110/110/110 123/123/123 122/122/122
f 115/115/115 116/116/116 104/104/104
f 116/116/116 105/105/105 104/104/104
f 114/114/114 113/113/113 118/118/118
f 113/113/113 117/117/117 118/118/118
f 120/120/120 111/111/111 121/121/121
f 111/111/111 122/122/122 121/121/121
f 112/112/112 114/114/114 123/123/123
f 114/114/114 122/122/122 123/123/123
f 114/114/114 118/118/118 122/122/122
f 118/118/118 121/121/121 122/122/122
f 118/118/118 105/105/105 121/121/121
f 105/105/105 116/116/116 121/121/121
f 109/109/109 111/111/111 119/119/119
f 111/111/111 120/120/120 119/119/119
o luigi_m0_10
v 1.217704 7.434121 1.353882
v 1.171133 7.546185 1.309604
v 1.038469 7.476118 1.460235
v 1.068412 7.624504 1.310959
v 0.948773 7.639167 1.357429
v 0.970880 7.699245 1.215835
v 0.881305 7.696780 1.258509
v 0.928455 7.168643 1.546508
v 1.020455 7.143928 1.518655
v 0.979839 7.291181 1.547189
v 1.062880 7.674531 1.187982
v 1.148300 7.625057 1.177675
v 1.218781 7.555666 1.185926
v 1.267423 7.473148 1.211925
v 1.190333 7.331119 1.426883
v 1.247922 7.229257 1.363919
v 1.282742 7.301547 1.305502
v 1.188409 7.175796 1.422662
v 1.099478 7.276521 1.500718
v 1.110029 7.146394 1.475981
v 0.877118 7.369499 1.548542
v 0.772553 7.287508 1.548564
v 0.843033 7.218117 1.556814
v 0.723912 7.370023 1.522565
v 0.830548 7.481562 1.504265
v 0.701873 7.457588 1.481362
v 0.708592 7.541627 1.428988
v 1.289461 7.385587 1.253128
v 0.743412 7.613915 1.370571
v 0.857918 7.584564 1.431265
v 0.802925 7.667378 1.311828
v -1.216223 7.434121 1.353883
v -1.265941 7.473148 1.211926
v -1.287980 7.385587 1.253129
v -1.169652 7.546185 1.309604
v -1.036987 7.476118 1.460235
v -1.066930 7.624504 1.310959
v -0.947293 7.639167 1.357429
v -0.969398 7.699245 1.215835
v -0.879824 7.696780 1.258509
v -0.978359 7.291181 1.547190
v -1.018973 7.143928 1.518655
v -0.926973 7.168643 1.546510
v -1.061399 7.674531 1.187982
v -1.146820 7.625057 1.177676
v -1.217301 7.555666 1.185926
v -1.281261 7.301547 1.305503
v -1.246441 7.229257 1.363919
v -1.188853 7.331119 1.426883
v -1.186928 7.175796 1.422662
v -1.097997 7.276521 1.500718
v -1.108548 7.146394 1.475981
v -0.841552 7.218117 1.556815
v -0.771072 7.287508 1.548564
v -0.875637 7.369499 1.548543
v -0.722431 7.370023 1.522566
v -0.829067 7.481562 1.504265
v -0.700392 7.457588 1.481362
v -0.707111 7.541627 1.428988
v -0.856437 7.584564 1.431265
v -0.741931 7.613915 1.370571
v -0.801444 7.667378 1.311829
v 0.840380 7.644643 1.169596
v 0.929955 7.647108 1.126922
v 0.762001 7.615239 1.222914
v 0.702487 7.561777 1.281657
v 0.667667 7.489488 1.340075
v 0.660948 7.405448 1.392449
v 0.682987 7.317884 1.433652
v 0.731628 7.235368 1.459650
v 0.802108 7.165979 1.467902
v 0.887529 7.116504 1.457597
v 0.979530 7.091789 1.429742
v 1.069104 7.094254 1.387068
v 1.147483 7.123659 1.333750
v 1.206997 7.177120 1.275005
v 1.241817 7.249410 1.216588
v 1.248536 7.333447 1.164214
v 1.226497 7.421009 1.123012
v 1.177856 7.503526 1.097012
v 1.107376 7.572918 1.088763
v 1.021955 7.622391 1.099068
v -0.928474 7.647108 1.126923
v -0.838899 7.644643 1.169597
v -0.760520 7.615239 1.222915
v -0.701006 7.561777 1.281658
v -0.666186 7.489488 1.340075
v -0.659467 7.405448 1.392450
v -0.681506 7.317884 1.433652
v -0.730147 7.235368 1.459651
v -0.800627 7.165979 1.467902
v -0.886048 7.116504 1.457597
v -0.978048 7.091789 1.429742
v -1.067623 7.094254 1.387069
v -1.146003 7.123659 1.333751
v -1.205515 7.177120 1.275006
v -1.240335 7.249410 1.216589
v -1.247055 7.333447 1.164215
v -1.225016 7.421009 1.123012
v -1.176376 7.503526 1.097013
v -1.105895 7.572918 1.088763
v -1.020473 7.622391 1.099068
vt 0.000000 1.000000
vt 0.000000 1.000000
vt 0.000000 1.000000
vt 0.000000 1.000000
vt 0.000000 1.000000
vt 0.000000 1.000000
vt 0.000000 1.000000
vt 0.000000 1.000000
vt 0.000000 1.000000
vt 0.000000 1.000000
vt 0.000000 1.000000
vt 0.000000 1.000000
vt 0.000000 1.000000
vt 0.000000 1.000000
vt 0.000000 1.000000
vt 0.000000 1.000000
vt 0.000000 1.000000
vt 0.000000 1.000000
vt 0.000000 1.000000
vt 0.000000 1.000000
vt 0.000000 1.000000
vt 0.000000 1.000000
vt 0.000000 1.000000
vt 0.000000 1.000000
vt 0.000000 1.000000
vt 0.000000 1.000000
vt 0.000000 1.000000
vt 0.000000 1.000000
vt 0.000000 1.000000
vt 0.000000 1.000000
vt 0.000000 1.000000
vt 0.000000 1.000000
vt 0.000000 1.000000
vt 0.000000 1.000000
vt 0.000000 1.000000
vt 0.000000 1.000000
vt 0.000000 1.000000
vt 0.000000 1.000000
vt 0.000000 1.000000
vt 0.000000 1.000000
vt 0.000000 1.000000
vt 0.000000 1.000000
vt 0.000000 1.000000
vt 0.000000 1.000000
vt 0.000000 1.000000
vt 0.000000 1.000000
vt 0.000000 1.000000
vt 0.000000 1.000000
vt 0.000000 1.000000
vt 0.000000 1.000000
vt 0.000000 1.000000
vt 0.000000 1.000000
vt 0.000000 1.000000
vt 0.000000 1.000000
vt 0.000000 1.000000
vt 0.000000 1.000000
vt 0.000000 1.000000
vt 0.000000 1.000000
vt 0.000000 1.000000
vt 0.000000 1.000000
vt 0.000000 1.000000
vt 0.000000 1.000000
vt 0.000000 1.000000
vt 0.000000 1.000000
vt 0.000000 1.000000
vt 0.000000 1.000000
vt 0.000000 1.000000
vt 0.000000 1.000000
vt 0.000000 1.000000
vt 0.000000 1.000000
vt 0.000000 1.000000
vt 0.000000 1.000000
vt 0.000000 1.000000
vt 0.000000 1.000000
vt 0.000000 1.000000
vt 0.000000 1.000000
vt 0.000000 1.000000
vt 0.000000 1.000000
vt 0.000000 1.000000
vt 0.000000 1.000000
vt 0.000000 1.000000
vt 0.000000 1.000000
vt 0.000000 1.000000
vt 0.000000 1.000000
vt 0.000000 1.000000
vt 0.000000 1.000000
vt 0.000000 1.000000
vt 0.000000 1.000000
vt 0.000000 1.000000
vt 0.000000 1.000000
vt 0.000000 1.000000
vt 0.000000 1.000000
vt 0.000000 1.000000
vt 0.000000 1.000000
vt 0.000000 1.000000
vt 0.000000 1.000000
vt 0.000000 1.000000
vt 0.000000 1.000000
vt 0.000000 1.000000
vt 0.000000 1.000000
vt 0.000000 1.000000
vt 0.000000 1.000000
vn 0.7126 0.3838 0.5872
vn 0.6223 0.6010 0.5014
vn 0.3690 0.4701 0.8017
vn 0.4232 0.7528 0.5040
vn 0.1913 0.7813 0.5941
vn 0.0945 0.9930 -0.0699
vn -0.1611 0.9859 0.0454
vn -0.0277 -0.5088 0.8604
vn 0.2344 -0.5740 0.7846
vn 0.2515 0.1068 0.9619
vn 0.3527 0.9229 -0.1542
vn 0.5952 0.7837 -0.1776
vn 0.7939 0.5865 -0.1600
vn 0.9313 0.3550 -0.0809
vn 0.6595 0.1842 0.7287
vn 0.8764 -0.3372 0.3437
vn 0.9745 -0.1292 0.1831
vn 0.7084 -0.4840 0.5137
vn 0.4834 0.0784 0.8719
vn 0.4862 -0.5717 0.6608
vn 0.0524 0.2586 0.9645
vn -0.4689 -0.1724 0.8662
vn -0.2662 -0.3646 0.8923
vn -0.6024 0.0640 0.7956
vn -0.0378 0.4758 0.8787
vn -0.6689 0.3089 0.6760
vn -0.6456 0.5483 0.5316
vn 0.9940 0.1052 0.0301
vn -0.5513 0.7514 0.3625
vn 0.0152 0.6754 0.7372
vn -0.3794 0.9031 0.2009
vn -0.7126 0.3838 0.5872
vn -0.9313 0.3550 -0.0809
vn -0.9940 0.1052 0.0301
vn -0.6223 0.6010 0.5014
vn -0.3690 0.4701 0.8017
vn -0.4232 0.7528 0.5040
vn -0.1913 0.7813 0.5941
vn -0.0945 0.9930 -0.0699
vn 0.1611 0.9859 0.0454
vn -0.2515 0.1068 0.9619
vn -0.2344 -0.5740 0.7846
vn 0.0277 -0.5088 0.8604
vn -0.3527 0.9229 -0.1542
vn -0.5952 0.7837 -0.1776
vn -0.7939 0.5865 -0.1600
vn -0.9745 -0.1292 0.1831
vn -0.8764 -0.3372 0.3437
vn -0.6595 0.1842 0.7288
vn -0.7084 -0.4840 0.5137
vn -0.4834 0.0784 0.8719
vn -0.4862 -0.5717 0.6608
vn 0.2662 -0.3646 0.8923
vn 0.4689 -0.1724 0.8662
vn -0.0524 0.2586 0.9645
vn 0.6024 0.0640 0.7956
vn 0.0378 0.4758 0.8787
vn 0.6689 0.3089 0.6760
vn 0.6456 0.5483 0.5316
vn -0.0152 0.6754 0.7372
vn 0.5513 0.7514 0.3625
vn 0.3794 0.9031 0.2010
vn -0.3605 0.8675 -0.3427
vn -0.0781 0.8752 -0.4773
vn -0.6076 0.7748 -0.1747
vn -0.7952 0.6063 0.0105
vn -0.9049 0.3784 0.1946
vn -0.9261 0.1135 0.3597
vn -0.8566 -0.1625 0.4896
vn -0.7033 -0.4227 0.5716
vn -0.4811 -0.6414 0.5976
vn -0.2119 -0.7973 0.5651
vn 0.0781 -0.8752 0.4773
vn 0.3605 -0.8675 0.3428
vn 0.6076 -0.7748 0.1747
vn 0.7952 -0.6063 -0.0105
vn 0.9049 -0.3784 -0.1946
vn 0.9261 -0.1135 -0.3597
vn 0.8567 0.1625 -0.4896
vn 0.7033 0.4227 -0.5716
vn 0.4811 0.6414 -0.5976
vn 0.2119 0.7973 -0.5651
vn 0.0781 0.8752 -0.4773
vn 0.3605 0.8675 -0.3428
vn 0.6076 0.7748 -0.1747
vn 0.7952 0.6063 0.0105
vn 0.9049 0.3784 0.1946
vn 0.9261 0.1135 0.3597
vn 0.8566 -0.1625 0.4896
vn 0.7033 -0.4227 0.5716
vn 0.4811 -0.6414 0.5976
vn 0.2119 -0.7974 0.5651
vn -0.0781 -0.8752 0.4773
vn -0.3605 -0.8675 0.3428
vn -0.6076 -0.7748 0.1747
vn -0.7952 -0.6063 -0.0105
vn -0.9049 -0.3784 -0.1946
vn -0.9261 -0.1135 -0.3597
vn -0.8567 0.1625 -0.4896
vn -0.7033 0.4227 -0.5716
vn -0.4811 0.6414 -0.5976
vn -0.2119 0.7973 -0.5651
usemtl material_10
s 1
f 124/124/124 125/125/125 126/126/126
f 125/125/125 127/127/127 126/126/126
f 126/126/126 127/127/127 128/128/128
f 127/127/127 129/129/129 128/128/128
f 128/128/128 129/129/129 130/130/130
f 131/131/131 132/132/132 133/133/133
f 127/127/127 134/134/134 129/129/129
f 135/135/135 134/134/134 127/127/127
f 125/125/125 135/135/135 127/127/127
f 136/136/136 135/135/135 125/125/125
f 137/137/137 136/136/136 125/125/125
f 138/138/138 139/139/139 140/140/140
f 141/141/141 139/139/139 138/138/138
f 142/142/142 141/141/141 138/138/138
f 143/143/143 141/141/141 142/142/142
f 132/132/132 143/143/143 142/142/142
f 144/144/144 145/145/145 146/146/146
f 147/147/147 145/145/145 144/144/144
f 148/148/148 147/147/147 144/144/144
f 149/149/149 147/147/147 148/148/148
f 150/150/150 149/149/149 148/148/148
f 132/132/132 142/142/142 133/133/133
f 133/133/133 142/142/142 126/126/126
f 142/142/142 138/138/138 126/126/126
f 126/126/126 138/138/138 124/124/124
f 138/138/138 140/140/140 124/124/124
f 124/124/124 140/140/140 151/151/151
f 152/152/152 150/150/150 153/153/153
f 150/150/150 148/148/148 153/153/153
f 153/153/153 148/148/148 126/126/126
f 148/148/148 144/144/144 126/126/126
f 126/126/126 144/144/144 133/133/133
f 144/144/144 146/146/146 133/133/133
f 133/133/133 146/146/146 131/131/131
f 153/153/153 154/154/154 152/152/152
f 128/128/128 154/154/154 153/153/153
f 126/126/126 128/128/128 153/153/153
f 128/128/128 130/130/130 154/154/154
f 155/155/155 156/156/156 157/157/157
f 155/155/155 158/158/158 156/156/156
f 159/159/159 158/158/158 155/155/155
f 159/159/159 160/160/160 158/158/158
f 161/161/161 160/160/160 159/159/159
f 161/161/161 162/162/162 160/160/160
f 163/163/163 162/162/162 161/161/161
f 164/164/164 165/165/165 166/166/166
f 162/162/162 167/167/167 160/160/160
f 160/160/160 167/167/167 168/168/168
f 160/160/160 168/168/168 158/158/158
f 158/158/158 168/168/168 169/169/169
f 158/158/158 169/169/169 156/156/156
f 170/170/170 171/171/171 172/172/172
f 172/172/172 171/171/171 173/173/173
f 172/172/172 173/173/173 174/174/174
f 174/174/174 173/173/173 175/175/175
f 174/174/174 175/175/175 165/165/165
f 176/176/176 177/177/177 178/178/178
f 178/178/178 177/177/177 179/179/179
f 178/178/178 179/179/179 180/180/180
f 180/180/180 179/179/179 181/181/181
f 180/180/180 181/181/181 182/182/182
f 164/164/164 174/174/174 165/165/165
f 159/159/159 174/174/174 164/164/164
f 159/159/159 172/172/172 174/174/174
f 155/155/155 172/172/172 159/159/159
f 155/155/155 170/170/170 172/172/172
f 157/157/157 170/170/170 155/155/155
f 183/183/183 182/182/182 184/184/184
f 183/183/183 180/180/180 182/182/182
f 159/159/159 180/180/180 183/183/183
f 159/159/159 178/178/178 180/180/180
f 164/164/164 178/178/178 159/159/159
f 164/164/164 176/176/176 178/178/178
f 166/166/166 176/176/176 164/164/164
f 184/184/184 185/185/185 183/183/183
f 183/183/183 185/185/185 161/161/161
f 183/183/183 161/161/161 159/159/159
f 185/185/185 163/163/163 161/161/161
f 137/137/137 125/125/125 124/124/124
f 151/151/151 137/137/137 124/124/124
f 186/186/186 129/129/129 187/187/187
f 186/186/186 130/130/130 129/129/129
f 188/188/188 130/130/130 186/186/186
f 188/188/188 154/154/154 130/130/130
f 189/189/189 154/154/154 188/188/188
f 189/189/189 152/152/152 154/154/154
f 190/190/190 152/152/152 189/189/189
f 190/190/190 150/150/150 152/152/152
f 191/191/191 150/150/150 190/190/190
f 191/191/191 149/149/149 150/150/150
f 192/192/192 149/149/149 191/191/191
f 192/192/192 147/147/147 149/149/149
f 193/193/193 147/147/147 192/192/192
f 193/193/193 145/145/145 147/147/147
f 194/194/194 145/145/145 193/193/193
f 194/194/194 146/146/146 145/145/145
f 195/195/195 146/146/146 194/194/194
f 195/195/195 131/131/131 146/146/146
f 196/196/196 131/131/131 195/195/195
f 196/196/196 132/132/132 131/131/131
f 197/197/197 132/132/132 196/196/196
f 197/197/197 143/143/143 132/132/132
f 198/198/198 143/143/143 197/197/197
f 198/198/198 141/141/141 143/143/143
f 199/199/199 141/141/141 198/198/198
f 199/199/199 139/139/139 141/141/141
f 200/200/200 139/139/139 199/199/199
f 200/200/200 140/140/140 139/139/139
f 201/201/201 140/140/140 200/200/200
f 201/201/201 151/151/151 140/140/140
f 202/202/202 151/151/151 201/201/201
f 202/202/202 137/137/137 151/151/151
f 203/203/203 137/137/137 202/202/202
f 203/203/203 136/136/136 137/137/137
f 204/204/204 136/136/136 203/203/203
f 204/204/204 135/135/135 136/136/136
f 205/205/205 135/135/135 204/204/204
f 205/205/205 134/134/134 135/135/135
f 187/187/187 134/134/134 205/205/205
f 187/187/187 129/129/129 134/134/134
f 163/163/163 206/206/206 162/162/162
f 163/163/163 207/207/207 206/206/206
f 185/185/185 207/207/207 163/163/163
f 185/185/185 208/208/208 207/207/207
f 184/184/184 208/208/208 185/185/185
f 184/184/184 209/209/209 208/208/208
f 182/182/182 209/209/209 184/184/184
f 182/182/182 210/210/210 209/209/209
f 181/181/181 210/210/210 182/182/182
f 181/181/181 211/211/211 210/210/210
f 179/179/179 211/211/211 181/181/181
f 179/179/179 212/212/212 211/211/211
f 177/177/177 212/212/212 179/179/179
f 177/177/177 213/213/213 212/212/212
f 176/176/176 213/213/213 177/177/177
f 176/176/176 214/214/214 213/213/213
f 166/166/166 214/214/214 176/176/176
f 166/166/166 215/215/215 214/214/214
f 165/165/165 215/215/215 166/166/166
f 165/165/165 216/216/216 215/215/215
f 175/175/175 216/216/216 165/165/165
f 175/175/175 217/217/217 216/216/216
f 173/173/173 217/217/217 175/175/175
f 173/173/173 218/218/218 217/217/217
f 171/171/171 218/218/218 173/173/173
f 171/171/171 219/219/219 218/218/218
f 170/170/170 219/219/219 171/171/171
f 170/170/170 220/220/220 219/219/219
f 157/157/157 220/220/220 170/170/170
f 157/157/157 221/221/221 220/220/220
f 156/156/156 221/221/221 157/157/157
f 156/156/156 222/222/222 221/221/221
f 169/169/169 222/222/222 156/156/156
f 169/169/169 223/223/223 222/222/222
f 168/168/168 223/223/223 169/169/169
f 168/168/168 224/224/224 223/223/223
f 167/167/167 224/224/224 168/168/168
f 167/167/167 225/225/225 224/224/224
f 162/162/162 225/225/225 167/167/167
f 162/162/162 206/206/206 225/225/225
o luigi_m0_9
v 0.381962 13.018026 -1.922714
v 0.486438 12.704224 -2.101880
v 0.000740 12.453420 -2.282487
v 0.947779 12.896860 -1.891714
v 1.289259 12.598132 -1.927633
v 1.129899 12.271431 -2.129602
v 0.786517 12.369027 -2.211598
v 0.905478 12.224423 -2.395266
v 0.598520 12.152676 -2.647586
v 0.416733 12.310041 -2.544231
v 0.000740 13.193832 -1.827294
v 0.130860 13.193832 -1.827294
v 0.000740 14.452347 -0.758035
v 0.361931 14.397411 -0.785862
v 0.256618 13.831456 -1.339463
v 0.803889 14.179783 -0.922352
v 0.730834 13.501624 -1.536398
v 1.111120 13.860445 -1.126854
v 1.260516 13.459629 -1.385717
v 1.341766 13.024830 -1.665524
v 0.076884 12.391258 -2.475313
v 0.000740 12.391258 -2.475313
v 1.389771 12.463473 1.512576
v 1.539729 12.290809 0.784889
v 1.673393 12.388225 0.754274
v 1.540747 12.642106 1.248309
v 1.502069 12.705861 0.557706
v 1.222563 12.976411 1.711175
v 1.168140 13.024723 0.902336
v 1.537401 12.584182 1.479846
v 1.221136 12.832600 2.100388
v -1.590353 12.250228 0.257425
v -1.671913 12.388225 0.754274
v -1.725383 11.482222 -0.888173
v -1.772532 11.407845 -1.416366
v -1.375150 11.101044 -1.511144
v -1.467594 11.198703 -1.726182
v -1.767267 11.885511 -0.296287
v -1.386241 12.487126 0.621483
v 1.726861 11.482222 -0.888173
v 1.376627 11.101035 -1.511144
v 1.774009 11.407845 -1.416366
v -0.419323 10.820946 -1.931045
v -0.939250 11.004763 -2.003185
v 1.625891 12.968678 0.635560
v -2.062135 11.713206 -0.989169
v -1.624414 12.968678 0.635560
v -1.500589 12.705861 0.557706
v -1.166661 13.024723 0.902336
v 2.063612 11.713215 -0.989169
v -0.334562 10.909822 -2.140581
v 0.336040 10.909822 -2.140581
v 0.940728 11.004763 -2.003185
v 0.420801 10.820946 -1.931045
v 1.469072 11.198703 -1.726182
v 0.000740 13.831456 -1.339463
v -0.255137 13.831456 -1.339463
v -0.402252 12.432055 -2.264540
v -0.484957 12.704224 -2.101880
v -0.075403 12.391258 -2.475313
v -1.259035 13.459629 -1.385717
v -0.946299 12.896860 -1.891715
v -1.340286 13.024830 -1.665525
v -1.287779 12.598132 -1.927633
v -0.785036 12.369027 -2.211598
v -1.128418 12.271431 -2.129602
v -0.380482 13.018026 -1.922714
v -0.129379 13.193832 -1.827294
v -0.729354 13.501624 -1.536398
v -0.212605 12.399042 -2.433663
v -1.109640 13.860445 -1.126854
v -0.802408 14.179783 -0.922353
v -0.360450 14.397411 -0.785862
v -0.415252 12.310041 -2.544231
v -0.597039 12.152676 -2.647586
v -0.903997 12.224423 -2.395266
v -1.388292 12.463482 1.512576
v -1.539267 12.642106 1.248308
v -1.713777 12.307261 0.145872
v -1.221082 12.976411 1.711175
v 1.413269 12.144828 -2.023229
v 1.173499 12.061794 -2.346092
v 0.750332 11.917723 -2.667593
v 0.864556 11.691102 -2.618727
v 1.349206 11.908236 -2.261674
v 1.603147 12.538569 -1.756526
v 1.622265 12.037783 -1.933289
v 1.839992 12.444340 -1.586271
v 1.989047 12.330264 -1.433895
v 1.749544 13.560943 -0.710140
v 1.892541 13.426763 -0.412216
v 1.873299 12.997363 -1.154113
v 2.020945 12.878068 -0.923748
v 0.000741 12.296424 -2.626755
v 0.149207 12.296424 -2.626755
v 0.000741 12.100944 -2.749292
v 0.214086 12.100944 -2.749292
v 0.935464 11.486775 -2.518530
v 1.539950 13.573362 -1.038774
v 1.642436 13.052074 -1.409745
v 0.214086 12.399042 -2.433663
v 0.403733 12.432055 -2.264540
v 0.707959 13.026081 2.544066
v 0.744729 13.193113 1.992641
v 0.000740 13.264815 2.121399
v 0.000740 13.285074 1.263497
v -2.095380 12.119457 -0.420116
v -1.948947 12.556974 0.145698
v 2.096859 12.119457 -0.420116
v 1.768745 11.885511 -0.296287
v 1.950424 12.556974 0.145698
v 1.715256 12.307269 0.145872
v 0.000739 13.939428 1.258506
v -0.768167 13.862461 1.138259
v 0.720527 13.212957 1.153478
v 0.721745 14.378700 0.903279
v 0.000739 14.485612 1.015847
v 0.000740 14.768915 0.685358
v -0.720267 14.378700 0.903279
v -0.212605 12.100944 -2.749292
v -0.147726 12.296424 -2.626755
v -0.706480 13.026081 2.544066
v -0.743248 13.193113 1.992641
v -1.084077 12.716436 0.855616
v 0.309033 11.594496 -2.765554
v 0.268268 11.838784 -2.804248
v 1.351662 14.033100 -0.735877
v 1.506234 14.047123 -0.370380
v 0.960042 14.448567 -0.473060
v 1.087047 14.495835 -0.048237
v 0.455168 14.707822 -0.286999
v 0.550221 14.807444 0.219577
v 0.000740 14.787787 -0.228887
v 0.000740 14.879542 0.278292
v -0.453688 14.707822 -0.286999
v -0.548741 14.807444 0.219577
v -0.958561 14.448567 -0.473061
v -1.085567 14.495835 -0.048238
v -1.350181 14.033100 -0.735877
v -1.504754 14.047123 -0.370381
v -1.538469 13.573362 -1.038774
v -1.748063 13.560943 -0.710140
v -1.640955 13.052074 -1.409745
v -1.871819 12.997363 -1.154114
v -1.601667 12.538569 -1.756526
v -1.838511 12.444340 -1.586271
v -1.411787 12.144828 -2.023229
v -1.620784 12.037783 -1.933290
v -1.172017 12.061794 -2.346093
v -1.347724 11.908236 -2.261674
v -0.748851 11.917723 -2.667593
v -0.863075 11.691102 -2.618727
v -0.266787 11.838784 -2.804248
v -0.307552 11.594496 -2.765554
v 0.000741 11.838784 -2.804248
v 0.000741 11.594496 -2.765554
v 1.602822 13.952443 -0.004654
v 1.172092 14.355561 0.331195
v 0.000740 11.377677 -2.656765
v -1.455778 11.736462 -2.150550
v -1.751868 11.926264 -1.839587
v -1.987568 12.330264 -1.433895
v -2.019465 12.878068 -0.923748
v -0.550669 12.856639 1.095660
v 0.552148 12.856639 1.095660
v 0.000740 12.888867 1.134519
v 1.046618 12.716436 0.855616
v 1.387719 12.487126 0.621483
v 0.347280 11.033093 -2.340291
v -0.345802 11.033093 -2.340291
v 0.350931 11.188479 -2.507848
v -0.349453 11.188479 -2.507848
v -0.332860 11.377677 -2.656765
v -1.538251 12.290809 0.784889
v -1.535922 12.584182 1.479846
v -1.219657 12.832600 2.100388
v -1.145881 12.664021 2.157187
v -0.666187 12.825328 2.608627
v 0.000740 13.084518 2.716884
v 0.000740 12.879426 2.778120
v 0.667666 12.825328 2.608627
v 1.147360 12.664021 2.157187
v 1.591832 12.250228 0.257426
v 1.254857 14.076895 0.643250
v 0.643803 14.688193 0.619714
v 1.679111 13.688959 0.293471
v 1.963608 13.188775 -0.149531
v 2.121780 12.654101 -0.691493
v 2.089766 12.156844 -1.269054
v 1.841186 11.768682 -1.707140
v 1.753348 11.926264 -1.839586
v 1.529181 11.552745 -2.021782
v 1.457258 11.736462 -2.150550
v 0.980746 11.304184 -2.378237
v 0.334339 11.377677 -2.656765
v 1.292057 13.649315 0.874334
v 0.769644 13.862461 1.138259
v 1.690165 13.340308 0.545817
v 1.992965 12.893611 0.043957
v 2.172250 12.416593 -0.536708
v 2.138266 11.955792 -1.127700
v 1.869240 11.599878 -1.575054
v 1.515881 11.364834 -1.879820
v 0.988303 11.137647 -2.205886
v -1.290581 13.649315 0.874333
v -0.719049 13.212957 1.153478
v -1.688688 13.340308 0.545817
v -1.991487 12.893601 0.043957
v -2.170772 12.416593 -0.536709
v -2.136789 11.955792 -1.127700
v -1.867762 11.599878 -1.575054
v -1.514403 11.364834 -1.879820
v -0.986825 11.137638 -2.205886
v -0.979268 11.304184 -2.378237
v -0.933984 11.486775 -2.518530
v -1.527704 11.552745 -2.021782
v -1.839709 11.768682 -1.707140
v -2.088288 12.156844 -1.269054
v -2.120302 12.654101 -0.691493
v -1.962130 13.188775 -0.149531
v -1.891062 13.426763 -0.412216
v -1.677634 13.688950 0.293471
v -1.601343 13.952443 -0.004654
v -1.253380 14.076895 0.643250
v -1.170613 14.355561 0.331195
v -0.642325 14.688193 0.619714
vt 0.817731 0.673339
vt 0.831783 0.636135
vt 0.767068 0.603871
vt 0.893239 0.665470
vt 0.938854 0.638657
vt 0.917707 0.598871
vt 0.871909 0.601624
vt 0.887881 0.578087
vt 0.847036 0.556087
vt 0.822715 0.575566
vt 0.766796 0.693779
vt 0.784161 0.693815
vt 0.766201 0.865343
vt 0.814421 0.859148
vt 0.800666 0.777353
vt 0.869636 0.832663
vt 0.864071 0.737802
vt 0.909286 0.793449
vt 0.934695 0.744040
vt 0.945811 0.690472
vt 0.777322 0.586539
vt 0.767161 0.586519
vt 0.193506 0.117600
vt 0.182061 0.194187
vt 0.223712 0.181382
vt 0.232999 0.217924
vt 0.236271 0.176148
vt 0.246182 0.228331
vt 0.202273 0.150510
vt 0.189346 0.196865
vt 0.146995 0.121087
vt 0.142929 0.185287
vt 0.205034 0.122645
vt 0.151062 0.056886
vt 0.937904 0.084929
vt 0.937904 0.084929
vt 0.937904 0.084929
vt 0.937062 0.084929
vt 0.936726 0.086132
vt 0.945478 0.084929
vt 0.945478 0.086132
vt 0.937399 0.084929
vt 0.938072 0.084929
vt 0.937062 0.084929
vt 0.945478 0.084929
vt 0.936726 0.086132
vt 0.944131 0.084929
vt 0.944805 0.086132
vt 0.938072 0.086132
vt 0.938409 0.085330
vt 0.938072 0.085129
vt 0.937062 0.086132
vt 0.938072 0.086132
vt 0.938072 0.085129
vt 0.938409 0.085330
vt 0.937062 0.086132
vt 0.944131 0.086132
vt 0.944131 0.086132
vt 0.944805 0.086132
vt 0.944131 0.084929
vt 0.945478 0.086132
vt 0.766519 0.777283
vt 0.800666 0.777353
vt 0.820843 0.603358
vt 0.831783 0.636135
vt 0.777322 0.586539
vt 0.934695 0.744040
vt 0.893239 0.665470
vt 0.945811 0.690472
vt 0.938854 0.638657
vt 0.871909 0.601624
vt 0.917707 0.598871
vt 0.817731 0.673339
vt 0.784161 0.693815
vt 0.864071 0.737802
vt 0.795614 0.589860
vt 0.909286 0.793449
vt 0.869636 0.832663
vt 0.814421 0.859148
vt 0.822715 0.575566
vt 0.847036 0.556087
vt 0.887881 0.578087
vt 0.223712 0.181382
vt 0.182061 0.194187
vt 0.193506 0.117600
vt 0.232999 0.217924
vt 0.202273 0.150510
vt 0.246182 0.228331
vt 0.236271 0.176148
vt 0.189346 0.196865
vt 0.146995 0.121087
vt 0.142929 0.185287
vt 0.205034 0.122645
vt 0.151062 0.056886
vt 0.955940 0.595257
vt 0.923643 0.567871
vt 0.867326 0.535489
vt 0.880683 0.521860
vt 0.947180 0.560613
vt 0.982453 0.644687
vt 0.984704 0.592195
vt 0.961928 0.553528
vt 1.002548 0.588980
vt 1.006150 0.649547
vt 1.006150 0.650799
vt 1.001452 0.795371
vt 1.007477 0.798515
vt 1.006150 0.722153
vt 1.003494 0.724657
vt 0.767237 0.569096
vt 0.787050 0.569136
vt 0.767310 0.545209
vt 0.795782 0.545268
vt 0.889977 0.516853
vt 0.972681 0.775496
vt 1.007477 0.798515
vt 0.987539 0.709024
vt 0.795614 0.589860
vt 0.820843 0.603358
vt 0.084001 0.019136
vt 0.084304 0.092087
vt 0.005600 0.004768
vt 0.005600 0.077833
vt 0.084607 0.165037
vt 0.005600 0.150899
vt 0.137067 0.160641
vt 0.151177 0.065210
vt 0.068089 0.143443
vt 0.086905 0.029235
vt 0.005600 0.139042
vt 0.005600 0.017211
vt 0.937399 0.086132
vt 0.937735 0.086132
vt 0.937399 0.086132
vt 0.937399 0.084929
vt 0.937735 0.086132
vt 0.937904 0.084929
vt 0.375616 0.665708
vt 0.027115 0.635986
vt 0.375616 0.409186
vt 0.049377 0.381329
vt 0.724117 0.635986
vt 0.701855 0.381329
vt 0.702407 0.839227
vt 0.375616 0.880716
vt 0.667080 0.961607
vt 0.375616 0.993001
vt 0.048825 0.839227
vt 0.084152 0.961607
vt 0.795782 0.545268
vt 0.787050 0.569136
vt 0.084001 0.019136
vt 0.084304 0.092087
vt 0.084607 0.165037
vt 0.151177 0.065210
vt 0.137067 0.160641
vt 0.086905 0.029235
vt 0.068089 0.143443
vt 0.806997 0.516853
vt 0.809652 0.516853
vt 0.803678 0.528120
vt 0.940112 0.832541
vt 0.960231 0.856916
vt 0.889500 0.883356
vt 0.905647 0.914226
vt 0.822828 0.916393
vt 0.832167 0.956750
vt 0.765932 0.926554
vt 0.765697 0.966282
vt 0.822828 0.916393
vt 0.832167 0.956750
vt 0.889500 0.883356
vt 0.905647 0.914226
vt 0.940112 0.832541
vt 0.960231 0.856916
vt 0.972681 0.775496
vt 1.007477 0.798515
vt 0.987539 0.709024
vt 1.006150 0.722153
vt 0.982453 0.644687
vt 1.006150 0.649547
vt 0.955940 0.595257
vt 0.984704 0.592195
vt 0.923643 0.567871
vt 0.947180 0.560613
vt 0.867326 0.535489
vt 0.880683 0.521860
vt 0.803678 0.528120
vt 0.806997 0.516853
vt 0.768494 0.527494
vt 0.769158 0.516227
vt 1.006150 0.801018
vt 0.972910 0.872329
vt 0.916432 0.926746
vt 0.840294 0.972310
vt 0.765524 0.982975
vt 0.840294 0.972310
vt 0.916432 0.926746
vt 0.972910 0.872329
vt 1.006150 0.801018
vt 0.768494 0.514975
vt 0.809652 0.516853
vt 0.889977 0.516853
vt 0.961928 0.553528
vt 1.002548 0.588980
vt 1.006150 0.650799
vt 1.003494 0.724657
vt 1.007477 0.798515
vt 1.001452 0.795371
vt 0.938745 0.084929
vt 0.938745 0.084929
vt 0.939082 0.084929
vt 0.938409 0.084929
vt 0.938409 0.084929
vt 0.938072 0.084929
vt 0.944131 0.087336
vt 0.944131 0.087336
vt 0.944131 0.088540
vt 0.944131 0.088540
vt 0.944131 0.089744
vt 0.944131 0.089744
vt 0.937904 0.084929
vt 0.938072 0.085129
vt 0.938072 0.085129
vt 0.938409 0.085330
vt 0.938409 0.085330
vt 0.938745 0.085531
vt 0.938745 0.085531
vt 0.939082 0.085531
vt 0.939082 0.085531
vt 0.938745 0.085531
vt 0.938745 0.085531
vt 0.938409 0.085330
vt 0.938409 0.085330
vt 0.938072 0.085129
vt 0.938072 0.085129
vt 0.937904 0.084929
vt 0.937904 0.084929
vt 0.937904 0.084929
vt 0.938409 0.088540
vt 0.938745 0.089744
vt 0.938745 0.088540
vt 0.938409 0.089744
vt 0.938072 0.088540
vt 0.938072 0.089744
vt 0.937735 0.088540
vt 0.937735 0.089744
vt 0.937399 0.088540
vt 0.937399 0.089744
vt 0.937062 0.088540
vt 0.937062 0.089744
vt 0.936726 0.088540
vt 0.936726 0.089744
vt 0.945478 0.088540
vt 0.945478 0.089744
vt 0.944805 0.088540
vt 0.944805 0.089744
vt 0.944131 0.089744
vt 0.938409 0.087336
vt 0.938745 0.087336
vt 0.938072 0.087336
vt 0.937735 0.087336
vt 0.937399 0.087336
vt 0.937062 0.087336
vt 0.936726 0.087336
vt 0.945478 0.087336
vt 0.944805 0.087336
vt 0.938409 0.087336
vt 0.938745 0.086132
vt 0.938745 0.087336
vt 0.938072 0.087336
vt 0.937735 0.087336
vt 0.937399 0.087336
vt 0.937062 0.087336
vt 0.936726 0.087336
vt 0.945478 0.087336
vt 0.944805 0.087336
vt 0.938745 0.086132
vt 0.944805 0.088540
vt 0.944805 0.089744
vt 0.945478 0.088540
vt 0.945478 0.089744
vt 0.936726 0.088540
vt 0.936726 0.089744
vt 0.937062 0.088540
vt 0.937062 0.089744
vt 0.937399 0.088540
vt 0.937399 0.089744
vt 0.937735 0.088540
vt 0.937735 0.089744
vt 0.938072 0.088540
vt 0.938072 0.089744
vt 0.938409 0.088540
vt 0.938409 0.089744
vt 0.938745 0.088540
vt 0.938745 0.089744
vn 0.0992 0.5381 -0.8370
vn 0.1325 0.4950 -0.8587
vn 0.0000 0.7895 -0.6137
vn 0.2429 0.5011 -0.8306
vn 0.4066 0.3894 -0.8264
vn 0.4353 0.5459 -0.7159
vn 0.2797 0.6730 -0.6847
vn 0.4062 0.6805 -0.6098
vn 0.3163 0.5014 -0.8053
vn 0.2056 0.8076 -0.5526
vn 0.0000 0.5664 -0.8241
vn 0.0366 0.5671 -0.8228
vn -0.0009 0.7808 -0.6247
vn 0.1233 0.7686 -0.6277
vn 0.0633 0.6478 -0.7592
vn 0.2441 0.7248 -0.6442
vn 0.1774 0.5946 -0.7842
vn 0.3617 0.6504 -0.6679
vn 0.4108 0.5734 -0.7088
vn 0.4234 0.4988 -0.7562
vn 0.0342 0.9065 -0.4207
vn 0.0000 0.9066 -0.4220
vn -0.0022 -0.9658 0.2591
vn -0.4561 -0.8414 0.2899
vn -0.1030 -0.9826 0.1544
vn 0.2488 -0.8793 0.4060
vn 0.9648 -0.2182 0.1467
vn 0.6882 -0.4932 0.5321
vn 0.8582 0.5083 0.0709
vn 0.8631 0.0514 0.5024
vn 0.6480 0.7491 0.1375
vn 0.6890 0.4357 0.5791
vn 0.9389 -0.0749 0.3360
vn 0.7984 0.3329 0.5017
vn -0.2614 -0.8704 0.4171
vn -0.9638 -0.2252 0.1427
vn -0.6861 -0.4930 0.5349
vn -0.3509 -0.8359 0.4219
vn -0.7025 -0.7074 -0.0776
vn -0.3306 -0.9252 0.1862
vn -0.6082 -0.7335 -0.3032
vn -0.3616 -0.7492 0.5549
vn 0.4594 -0.8385 0.2931
vn 0.3509 -0.8359 0.4219
vn 0.3306 -0.9252 0.1862
vn 0.7154 -0.6958 -0.0635
vn -0.1073 -0.9936 0.0345
vn -0.3524 -0.8805 -0.3170
vn 0.6347 -0.1932 0.7482
vn -0.8224 -0.5536 0.1309
vn -0.6298 -0.1579 0.7605
vn -0.8631 0.0514 0.5024
vn -0.7017 0.4396 0.5607
vn 0.8261 -0.5527 0.1097
vn -0.1058 -0.8762 -0.4700
vn 0.1050 -0.8766 -0.4696
vn 0.3688 -0.8726 -0.3202
vn 0.1073 -0.9936 0.0345
vn 0.5912 -0.7395 -0.3218
vn 0.0000 0.6464 -0.7630
vn -0.0633 0.6478 -0.7592
vn -0.1535 0.7434 -0.6509
vn -0.1325 0.4950 -0.8587
vn -0.0330 0.9068 -0.4203
vn -0.4246 0.5666 -0.7061
vn -0.2429 0.5011 -0.8306
vn -0.4415 0.4869 -0.7537
vn -0.4197 0.3828 -0.8230
vn -0.2803 0.6730 -0.6844
vn -0.4403 0.5484 -0.7109
vn -0.0992 0.5381 -0.8370
vn -0.0366 0.5671 -0.8228
vn -0.1774 0.5946 -0.7842
vn -0.1003 0.9204 -0.3778
vn -0.3696 0.6464 -0.6675
vn -0.2408 0.7264 -0.6437
vn -0.1258 0.7699 -0.6257
vn -0.1961 0.7892 -0.5820
vn -0.2958 0.5080 -0.8089
vn -0.4023 0.7066 -0.5821
vn 0.0975 -0.9834 0.1527
vn -0.0295 -0.9517 0.3056
vn -0.8582 0.5083 0.0709
vn -0.6438 0.7529 0.1366
vn -0.9288 -0.0821 0.3613
vn -0.8117 0.3074 0.4966
vn 0.5362 0.4770 -0.6963
vn 0.5441 0.4346 -0.7177
vn 0.4059 0.1752 -0.8969
vn 0.4545 -0.1177 -0.8829
vn 0.6465 0.1288 -0.7520
vn 0.5795 0.3322 -0.7442
vn 0.6420 0.3199 -0.6967
vn 0.6865 -0.1407 -0.7133
vn 0.7652 0.0678 -0.6402
vn 0.7168 0.2879 -0.6351
vn 0.8520 0.1960 -0.4854
vn 0.8032 0.5061 -0.3141
vn 0.9065 0.4170 -0.0658
vn 0.7857 0.4342 -0.4405
vn 0.9077 0.3339 -0.2539
vn 0.0000 0.7073 -0.7069
vn 0.0684 0.7171 -0.6936
vn 0.0000 0.3739 -0.9274
vn 0.0945 0.3800 -0.9201
vn 0.4681 -0.3691 -0.8029
vn 0.6434 0.5520 -0.5304
vn 0.6312 0.4779 -0.6108
vn 0.1017 0.9192 -0.3804
vn 0.1558 0.7380 -0.6565
vn 0.4485 0.6019 0.6607
vn 0.3129 0.9348 0.1682
vn -0.0029 0.6824 0.7309
vn -0.0010 0.9851 0.1716
vn 0.4116 0.6523 0.6364
vn -0.0001 0.7146 0.6995
vn -0.2634 -0.8990 0.3499
vn 0.3481 -0.7757 0.5264
vn -0.1053 -0.9674 0.2303
vn 0.2842 -0.5852 0.7595
vn 0.0019 -0.9483 0.3172
vn -0.0015 -0.5219 0.8530
vn -0.8385 -0.4026 0.3671
vn -0.7820 -0.2633 0.5648
vn 0.8417 -0.3959 0.3671
vn 0.3616 -0.7492 0.5549
vn 0.7902 -0.2676 0.5513
vn -0.0004 0.2195 0.9756
vn -0.3575 0.2249 0.9064
vn -0.4089 0.6447 0.6459
vn 0.3529 0.2160 0.9104
vn 0.3986 0.5619 0.7248
vn 0.0000 0.6039 0.7970
vn 0.3836 0.8186 0.4274
vn -0.0009 0.8752 0.4837
vn -0.4125 0.5629 0.7162
vn -0.3860 0.8133 0.4352
vn -0.1032 0.3919 -0.9142
vn -0.0830 0.7107 -0.6986
vn -0.4557 0.5967 0.6605
vn -0.3170 0.9331 0.1696
vn -0.3813 -0.7662 0.5171
vn 0.2951 -0.8960 0.3318
vn -0.2946 -0.5797 0.7597
vn 0.1043 -0.9688 0.2248
vn 0.1412 -0.2854 -0.9479
vn 0.1411 -0.5214 -0.8415
vn 0.1278 0.0405 -0.9909
vn 0.5757 0.6819 -0.4511
vn 0.7357 0.6529 -0.1800
vn 0.4127 0.8185 -0.3995
vn 0.5779 0.8138 -0.0608
vn 0.2167 0.9008 -0.3763
vn 0.3183 0.9479 0.0071
vn -0.0071 0.9371 -0.3490
vn -0.0050 0.9987 0.0515
vn -0.2069 0.9034 -0.3754
vn -0.3035 0.9528 0.0042
vn -0.4147 0.8157 -0.4032
vn -0.5965 0.8001 -0.0629
vn -0.5942 0.6692 -0.4461
vn -0.7404 0.6485 -0.1767
vn -0.6395 0.5596 -0.5271
vn -0.7940 0.5227 -0.3103
vn -0.6323 0.4666 -0.6184
vn -0.7895 0.4176 -0.4496
vn -0.5767 0.3496 -0.7384
vn -0.7173 0.3084 -0.6247
vn -0.5321 0.4855 -0.6936
vn -0.6420 0.3199 -0.6967
vn -0.5503 0.4440 -0.7070
vn -0.6492 0.1283 -0.7497
vn -0.3956 0.1607 -0.9042
vn -0.4513 -0.1236 -0.8838
vn -0.1278 0.0405 -0.9909
vn -0.1412 -0.2854 -0.9479
vn 0.0000 0.0248 -0.9997
vn 0.0000 -0.3061 -0.9520
vn 0.8181 0.5658 0.1027
vn 0.6760 0.6935 0.2490
vn -0.6811 0.6866 0.2541
vn -0.8118 0.5765 0.0927
vn -0.9068 0.4160 -0.0674
vn 0.0000 -0.5362 -0.8441
vn -0.1380 -0.5197 -0.8431
vn -0.4652 -0.3630 -0.8073
vn -0.6894 -0.1295 -0.7126
vn -0.7673 0.0723 -0.6372
vn -0.8538 0.2108 -0.4758
vn -0.9110 0.3258 -0.2526
vn 0.1278 -0.7894 -0.6004
vn -0.1260 -0.7910 -0.5987
vn 0.1401 -0.6664 -0.7323
vn -0.1346 -0.6677 -0.7322
vn 0.6904 0.5129 0.5101
vn 0.8521 0.4146 0.3193
vn 0.9453 0.2948 0.1392
vn 0.9713 0.2192 -0.0919
vn 0.9355 0.0699 -0.3463
vn 0.8314 -0.1572 -0.5329
vn 0.7037 -0.3413 -0.6232
vn 0.4625 -0.5448 -0.6995
vn 0.6047 0.1942 0.7724
vn 0.8125 0.1859 0.5525
vn 0.9401 0.1158 0.3205
vn 0.9939 0.0107 0.1098
vn 0.9704 -0.1647 -0.1767
vn 0.8396 -0.4054 -0.3616
vn 0.6640 -0.5449 -0.5120
vn 0.4341 -0.7185 -0.5433
vn -0.6201 0.1931 0.7604
vn -0.7940 0.1729 0.5828
vn -0.9375 0.1234 0.3253
vn -0.9948 0.0226 0.0992
vn -0.9740 -0.1504 -0.1695
vn -0.8299 -0.4165 -0.3711
vn -0.6755 -0.5451 -0.4966
vn -0.4200 -0.7201 -0.5523
vn -0.4560 -0.5502 -0.6995
vn -0.7018 -0.3373 -0.6274
vn -0.8339 -0.1389 -0.5341
vn -0.9351 0.0873 -0.3433
vn -0.9698 0.2279 -0.0863
vn -0.9481 0.2882 0.1341
vn -0.8509 0.4111 0.3269
vn -0.6820 0.5145 0.5197
usemtl material_9
s 1
f 226/226/226 227/227/227 228/228/228
f 229/229/229 227/227/227 226/226/226
f 230/230/230 231/231/231 232/232/232
f 233/233/233 234/234/234 235/235/235
f 236/236/236 237/237/237 228/228/228
f 238/238/238 239/239/239 240/240/240
f 240/240/240 239/239/239 241/241/241
f 226/226/226 228/228/228 237/237/237
f 242/242/242 243/243/243 244/244/244
f 244/244/244 229/229/229 242/242/242
f 242/242/242 229/229/229 226/226/226
f 242/242/242 226/226/226 237/237/237
f 231/231/231 233/233/233 232/232/232
f 232/232/232 233/233/233 235/235/235
f 245/245/245 229/229/229 244/244/244
f 228/228/228 246/246/246 247/247/247
f 248/248/248 393/249/249 249/250/250
f 249/250/250 393/249/249 408/251/251
f 250/252/252 337/253/253 251/254/254
f 337/253/253 252/255/255 251/254/254
f 251/254/254 252/255/255 253/256/256
f 252/255/255 254/257/257 253/256/256
f 250/252/252 251/254/254 255/258/258
f 255/258/258 251/254/254 256/259/259
f 251/254/254 253/256/256 256/259/259
f 257/260/260 258/261/261 304/262/262
f 259/263/263 260/264/264 261/265/265
f 261/265/265 260/264/264 262/266/266
f 304/262/262 263/267/267 257/260/260
f 257/260/260 263/267/267 264/268/268
f 265/269/269 266/270/270 267/271/271
f 268/272/272 261/265/265 269/273/273
f 261/265/265 262/266/266 269/273/273
f 270/274/274 254/275/257 252/276/255
f 260/264/264 259/263/263 271/277/275
f 272/278/276 273/279/277 274/280/278
f 267/271/271 275/281/279 265/269/269
f 269/273/273 276/282/280 268/272/272
f 277/283/281 278/284/282 279/285/283
f 279/285/283 278/284/282 266/270/270
f 278/284/282 280/286/284 266/270/270
f 266/270/270 280/286/284 267/271/271
f 281/287/285 282/288/286 238/238/238
f 228/228/228 283/289/287 284/290/288
f 247/247/247 285/291/289 228/228/228
f 286/292/290 287/293/291 288/294/292
f 288/294/292 287/293/291 289/295/293
f 290/296/294 291/297/295 289/295/293
f 287/293/291 290/296/294 289/295/293
f 228/228/228 284/290/288 292/298/296
f 293/299/297 228/228/228 292/298/296
f 228/228/228 293/299/297 236/236/236
f 294/300/298 287/293/291 286/292/290
f 283/289/287 228/228/228 295/301/299
f 295/301/299 228/228/228 285/291/289
f 286/292/290 296/302/300 294/300/298
f 296/302/300 297/303/301 294/300/298
f 294/300/298 297/303/301 282/288/286
f 297/303/301 298/304/302 282/288/286
f 282/288/286 298/304/302 238/238/238
f 299/305/303 300/306/304 301/307/305
f 299/305/303 301/307/305 290/296/294
f 290/296/294 301/307/305 291/297/295
f 399/308/306 264/309/268 302/310/307
f 257/311/260 264/309/268 399/308/306
f 303/312/308 304/313/262 258/314/261
f 303/312/308 273/315/277 304/313/262
f 305/316/309 273/315/277 303/312/308
f 305/316/309 274/317/278 273/315/277
f 400/318/310 303/312/308 258/314/261
f 401/319/311 303/312/308 400/318/310
f 401/319/311 305/316/309 303/312/308
f 238/238/238 240/240/240 281/287/285
f 306/320/312 307/321/313 231/231/231
f 307/321/313 233/233/233 231/231/231
f 308/322/314 307/321/313 309/323/315
f 307/321/313 310/324/316 309/323/315
f 231/231/231 230/230/230 306/320/312
f 230/230/230 311/325/317 306/320/312
f 307/321/313 308/322/314 233/233/233
f 308/322/314 234/234/234 233/233/233
f 306/320/312 312/326/318 307/321/313
f 312/326/318 310/324/316 307/321/313
f 418/327/319 310/324/316 416/328/320
f 310/324/316 312/326/318 416/328/320
f 313/329/321 314/330/322 312/326/318
f 314/330/322 416/328/320 312/326/318
f 315/331/323 316/332/324 317/333/325
f 316/332/324 318/334/326 317/333/325
f 319/335/327 320/336/328 321/337/329
f 320/336/328 322/338/330 321/337/329
f 323/339/331 309/323/315 418/327/319
f 309/323/315 310/324/316 418/327/319
f 311/325/317 313/329/321 306/320/312
f 313/329/321 312/326/318 306/320/312
f 324/340/332 315/341/323 325/342/333
f 315/341/323 317/333/325 325/342/333
f 235/235/235 326/343/334 232/232/232
f 326/343/334 327/344/335 232/232/232
f 328/345/336 329/346/337 404/347/338
f 329/346/337 330/348/339 404/347/338
f 329/346/337 340/349/340 330/348/339
f 340/349/340 331/350/341 330/348/339
f 256/259/259 253/256/256 328/345/336
f 253/256/256 329/346/337 328/345/336
f 392/351/342 393/249/249 407/352/343
f 393/249/249 248/248/248 407/352/343
f 390/353/344 392/351/342 406/354/345
f 392/351/342 407/352/343 406/354/345
f 391/355/346 390/353/344 405/356/347
f 390/353/344 406/354/345 405/356/347
f 253/256/256 254/257/257 329/346/337
f 254/257/257 340/349/340 329/346/337
f 271/277/275 259/263/263 332/357/348
f 259/263/263 263/267/267 332/357/348
f 332/357/348 263/267/267 333/358/349
f 263/267/267 304/262/262 333/358/349
f 333/358/349 304/262/262 272/278/276
f 304/262/262 273/279/277 272/278/276
f 275/281/279 334/359/350 265/269/269
f 334/359/350 335/360/351 265/269/269
f 334/359/350 336/361/352 335/360/351
f 336/361/352 337/362/253 335/360/351
f 336/361/352 270/274/274 337/362/253
f 270/274/274 252/276/255 337/362/253
f 338/363/353 339/364/354 331/365/341
f 339/364/354 431/366/355 331/365/341
f 422/367/356 338/363/353 340/368/340
f 338/363/353 331/365/341 340/368/340
f 341/369/357 342/370/358 422/367/356
f 342/370/358 338/363/353 422/367/356
f 410/371/359 343/372/360 341/369/357
f 343/372/360 342/370/358 341/369/357
f 342/370/358 343/372/360 344/373/361
f 343/372/360 451/374/362 344/373/361
f 338/363/353 342/370/358 339/364/354
f 342/370/358 344/373/361 339/364/354
f 321/337/329 345/375/363 319/335/327
f 345/375/363 346/376/364 319/335/327
f 346/376/364 345/375/363 299/305/303
f 345/375/363 300/306/304 299/305/303
f 404/347/338 330/348/339 347/377/365
f 330/348/339 348/378/366 347/377/365
f 330/348/339 331/350/341 348/378/366
f 331/350/341 431/379/355 348/378/366
f 347/377/365 348/378/366 401/319/311
f 348/378/366 305/316/309 401/319/311
f 402/380/367 302/310/307 349/381/368
f 302/310/307 264/309/268 349/381/368
f 403/382/369 402/380/367 389/383/370
f 402/380/367 349/381/368 389/383/370
f 405/356/347 403/382/369 391/355/346
f 403/382/369 389/383/370 391/355/346
f 348/378/366 431/379/355 305/316/309
f 431/379/355 274/317/278 305/316/309
f 350/384/371 323/339/331 420/385/372
f 350/384/371 309/323/315 323/339/331
f 351/386/373 309/323/315 350/384/371
f 351/386/373 308/322/314 309/323/315
f 322/338/330 308/322/314 351/386/373
f 322/338/330 234/234/234 308/322/314
f 320/336/328 234/234/234 322/338/330
f 320/336/328 235/235/235 234/234/234
f 246/246/246 235/235/235 320/336/328
f 246/246/246 326/343/334 235/235/235
f 228/228/228 326/343/334 246/246/246
f 228/228/228 327/344/335 326/343/334
f 227/227/227 327/344/335 228/228/228
f 227/227/227 232/232/232 327/344/335
f 229/229/229 232/232/232 227/227/227
f 229/229/229 230/230/230 232/232/232
f 245/245/245 230/230/230 229/229/229
f 245/245/245 311/325/317 230/230/230
f 325/342/333 311/325/317 245/245/245
f 325/342/333 313/329/321 311/325/317
f 317/333/325 313/329/321 325/342/333
f 317/333/325 314/330/322 313/329/321
f 318/334/326 314/330/322 317/333/325
f 352/387/374 315/341/323 324/340/332
f 352/387/374 353/388/375 315/341/323
f 354/389/376 353/388/375 352/387/374
f 354/389/376 355/390/377 353/388/375
f 356/391/378 355/390/377 354/389/376
f 356/391/378 357/392/379 355/390/377
f 358/393/380 357/392/379 356/391/378
f 358/393/380 359/394/381 357/392/379
f 360/395/382 359/394/381 358/393/380
f 360/395/382 361/396/383 359/394/381
f 362/397/384 361/396/383 360/395/382
f 362/397/384 363/398/385 361/396/383
f 364/399/386 363/398/385 362/397/384
f 364/399/386 365/400/387 363/398/385
f 366/401/388 365/400/387 364/399/386
f 366/401/388 367/402/389 365/400/387
f 368/403/390 367/402/389 366/401/388
f 368/403/390 369/404/391 367/402/389
f 370/405/392 369/404/391 368/403/390
f 370/405/392 371/406/393 369/404/391
f 372/407/394 371/406/393 370/405/392
f 372/407/394 373/408/395 371/406/393
f 374/409/396 373/408/395 372/407/394
f 374/409/396 375/410/397 373/408/395
f 376/411/398 375/410/397 374/409/396
f 376/411/398 377/412/399 375/410/397
f 378/413/400 377/412/399 376/411/398
f 378/413/400 379/414/401 377/412/399
f 380/415/402 379/414/401 378/413/400
f 380/415/402 381/416/403 379/414/401
f 351/386/373 381/416/403 380/415/402
f 351/386/373 350/384/371 381/416/403
f 242/242/242 241/241/241 243/243/243
f 242/242/242 240/240/240 241/241/241
f 237/237/237 240/240/240 242/242/242
f 237/237/237 281/287/285 240/240/240
f 236/236/236 281/287/285 237/237/237
f 236/236/236 282/288/286 281/287/285
f 293/299/297 282/288/286 236/236/236
f 293/299/297 294/300/298 282/288/286
f 292/298/296 294/300/298 293/299/297
f 292/298/296 287/293/291 294/300/298
f 284/290/288 287/293/291 292/298/296
f 284/290/288 290/296/294 287/293/291
f 283/289/287 290/296/294 284/290/288
f 283/289/287 299/305/303 290/296/294
f 295/301/299 299/305/303 283/289/287
f 295/301/299 346/376/364 299/305/303
f 285/291/289 346/376/364 295/301/299
f 285/291/289 319/335/327 346/376/364
f 247/247/247 319/335/327 285/291/289
f 247/247/247 320/336/328 319/335/327
f 246/246/246 320/336/328 247/247/247
f 353/388/375 316/417/324 315/341/323
f 353/388/375 382/418/404 316/417/324
f 355/390/377 382/418/404 353/388/375
f 355/390/377 383/419/405 382/418/404
f 357/392/379 383/419/405 355/390/377
f 357/392/379 410/420/359 383/419/405
f 359/394/381 410/420/359 357/392/379
f 359/394/381 343/421/360 410/420/359
f 361/396/383 343/421/360 359/394/381
f 361/396/383 451/422/362 343/421/360
f 363/398/385 451/422/362 361/396/383
f 363/398/385 450/423/406 451/422/362
f 365/400/387 450/423/406 363/398/385
f 365/400/387 448/424/407 450/423/406
f 367/402/389 448/424/407 365/400/387
f 367/402/389 446/425/408 448/424/407
f 244/244/244 325/342/333 245/245/245
f 244/244/244 324/340/332 325/342/333
f 243/243/243 324/340/332 244/244/244
f 243/243/243 352/387/374 324/340/332
f 241/241/241 352/387/374 243/243/243
f 241/241/241 354/389/376 352/387/374
f 239/239/239 354/389/376 241/241/241
f 239/239/239 356/391/378 354/389/376
f 238/238/238 356/391/378 239/239/239
f 238/238/238 358/393/380 356/391/378
f 298/304/302 358/393/380 238/238/238
f 298/304/302 360/395/382 358/393/380
f 297/303/301 360/395/382 298/304/302
f 297/303/301 362/397/384 360/395/382
f 296/302/300 362/397/384 297/303/301
f 296/302/300 364/399/386 362/397/384
f 286/292/290 364/399/386 296/302/300
f 286/292/290 366/401/388 364/399/386
f 288/294/292 366/401/388 286/292/290
f 288/294/292 368/403/390 366/401/388
f 289/295/293 368/403/390 288/294/292
f 289/295/293 370/405/392 368/403/390
f 291/297/295 370/405/392 289/295/293
f 291/297/295 372/407/394 370/405/392
f 301/307/305 372/407/394 291/297/295
f 301/307/305 374/409/396 372/407/394
f 300/306/304 374/409/396 301/307/305
f 300/306/304 376/411/398 374/409/396
f 345/375/363 376/411/398 300/306/304
f 345/375/363 378/413/400 376/411/398
f 321/337/329 378/413/400 345/375/363
f 321/337/329 380/415/402 378/413/400
f 322/338/330 380/415/402 321/337/329
f 322/338/330 351/386/373 380/415/402
f 384/426/409 350/384/371 420/385/372
f 384/426/409 381/416/403 350/384/371
f 398/427/410 381/416/403 384/426/409
f 398/427/410 379/414/401 381/416/403
f 440/428/411 379/414/401 398/427/410
f 440/428/411 377/412/399 379/414/401
f 385/429/412 377/412/399 440/428/411
f 385/429/412 375/410/397 377/412/399
f 386/430/413 375/410/397 385/429/412
f 386/430/413 373/408/395 375/410/397
f 387/431/414 373/408/395 386/430/413
f 387/431/414 371/406/393 373/408/395
f 388/432/415 371/406/393 387/431/414
f 388/432/415 369/404/391 371/406/393
f 446/433/408 369/404/391 388/432/415
f 446/433/408 367/434/389 369/404/391
f 389/435/370 390/436/344 391/437/346
f 389/435/370 392/438/342 390/436/344
f 349/439/368 392/438/342 389/435/370
f 349/439/368 393/440/249 392/438/342
f 264/268/268 393/440/249 349/439/368
f 264/268/268 335/360/351 393/440/249
f 263/267/267 335/360/351 264/268/268
f 263/267/267 265/269/269 335/360/351
f 259/263/263 265/269/269 263/267/267
f 259/263/263 266/270/270 265/269/269
f 261/265/265 266/270/270 259/263/263
f 261/265/265 279/285/283 266/270/270
f 268/272/272 279/285/283 261/265/265
f 268/272/272 277/283/281 279/285/283
f 276/282/280 277/283/281 268/272/272
f 276/282/280 394/441/416 277/283/281
f 395/442/417 394/441/416 276/282/280
f 395/442/417 396/443/418 394/441/416
f 397/444/419 396/443/418 395/442/417
f 397/444/419 384/445/409 396/443/418
f 398/446/410 384/445/409 397/444/419
f 399/447/306 258/261/261 257/260/260
f 399/447/306 400/448/310 258/261/261
f 302/449/307 400/448/310 399/447/306
f 302/449/307 401/450/311 400/448/310
f 402/451/367 401/450/311 302/449/307
f 402/451/367 347/452/365 401/450/311
f 403/453/369 347/452/365 402/451/367
f 403/453/369 404/454/338 347/452/365
f 405/455/347 404/454/338 403/453/369
f 405/455/347 328/456/336 404/454/338
f 406/457/345 328/456/336 405/455/347
f 406/457/345 256/458/259 328/456/336
f 407/459/343 256/458/259 406/457/345
f 407/459/343 255/460/258 256/458/259
f 248/461/248 255/460/258 407/459/343
f 248/461/248 250/462/252 255/460/258
f 249/463/250 250/462/252 248/461/248
f 249/463/250 337/362/253 250/462/252
f 408/464/251 337/362/253 249/463/250
f 408/464/251 335/360/351 337/362/253
f 393/440/249 335/360/351 408/464/251
f 409/465/420 410/466/359 341/467/357
f 409/465/420 383/468/405 410/466/359
f 411/469/421 383/468/405 409/465/420
f 411/469/421 382/470/404 383/468/405
f 412/471/422 382/470/404 411/469/421
f 412/471/422 316/472/324 382/470/404
f 413/473/423 316/472/324 412/471/422
f 413/473/423 318/474/326 316/472/324
f 414/475/424 318/474/326 413/473/423
f 414/475/424 314/476/322 318/474/326
f 415/477/425 314/476/322 414/475/424
f 415/477/425 416/478/320 314/476/322
f 417/479/426 416/478/320 415/477/425
f 417/479/426 418/480/319 416/478/320
f 419/481/427 418/480/319 417/479/426
f 419/481/427 323/482/331 418/480/319
f 396/443/418 323/482/331 419/481/427
f 396/443/418 420/483/372 323/482/331
f 384/445/409 420/483/372 396/443/418
f 421/484/428 341/467/357 422/485/356
f 421/484/428 409/465/420 341/467/357
f 423/486/429 409/465/420 421/484/428
f 423/486/429 411/469/421 409/465/420
f 424/487/430 411/469/421 423/486/429
f 424/487/430 412/471/422 411/469/421
f 425/488/431 412/471/422 424/487/430
f 425/488/431 413/473/423 412/471/422
f 426/489/432 413/473/423 425/488/431
f 426/489/432 414/475/424 413/473/423
f 427/490/433 414/475/424 426/489/432
f 427/490/433 415/477/425 414/475/424
f 428/491/434 415/477/425 427/490/433
f 428/491/434 417/479/426 415/477/425
f 429/492/435 417/479/426 428/491/434
f 429/492/435 419/481/427 417/479/426
f 394/441/416 419/481/427 429/492/435
f 394/441/416 396/443/418 419/481/427
f 430/493/436 431/494/355 339/495/354
f 430/493/436 274/280/278 431/494/355
f 432/496/437 274/280/278 430/493/436
f 432/496/437 272/278/276 274/280/278
f 433/497/438 272/278/276 432/496/437
f 433/497/438 333/358/349 272/278/276
f 434/498/439 333/358/349 433/497/438
f 434/498/439 332/357/348 333/358/349
f 435/499/440 332/357/348 434/498/439
f 435/499/440 271/277/275 332/357/348
f 436/500/441 271/277/275 435/499/440
f 436/500/441 260/264/264 271/277/275
f 437/501/442 260/264/264 436/500/441
f 437/501/442 262/266/266 260/264/264
f 438/502/443 262/266/266 437/501/442
f 438/502/443 269/273/273 262/266/266
f 395/442/417 269/273/273 438/502/443
f 395/442/417 276/282/280 269/273/273
f 254/275/257 422/485/356 340/503/340
f 254/275/257 421/484/428 422/485/356
f 270/274/274 421/484/428 254/275/257
f 270/274/274 423/486/429 421/484/428
f 336/361/352 423/486/429 270/274/274
f 336/361/352 424/487/430 423/486/429
f 334/359/350 424/487/430 336/361/352
f 334/359/350 425/488/431 424/487/430
f 275/281/279 425/488/431 334/359/350
f 275/281/279 426/489/432 425/488/431
f 267/271/271 426/489/432 275/281/279
f 267/271/271 427/490/433 426/489/432
f 280/286/284 427/490/433 267/271/271
f 280/286/284 428/491/434 427/490/433
f 278/284/282 428/491/434 280/286/284
f 278/284/282 429/492/435 428/491/434
f 277/283/281 429/492/435 278/284/282
f 277/283/281 394/441/416 429/492/435
f 439/504/444 398/446/410 397/444/419
f 439/504/444 440/505/411 398/446/410
f 441/506/445 440/505/411 439/504/444
f 441/506/445 385/507/412 440/505/411
f 442/508/446 385/507/412 441/506/445
f 442/508/446 386/509/413 385/507/412
f 443/510/447 386/509/413 442/508/446
f 443/510/447 387/511/414 386/509/413
f 444/512/448 387/511/414 443/510/447
f 444/512/448 388/513/415 387/511/414
f 445/514/449 388/513/415 444/512/448
f 445/514/449 446/515/408 388/513/415
f 447/516/450 446/515/408 445/514/449
f 447/516/450 448/517/407 446/515/408
f 449/518/451 448/517/407 447/516/450
f 449/518/451 450/519/406 448/517/407
f 344/520/361 450/519/406 449/518/451
f 344/520/361 451/521/362 450/519/406
f 449/518/451 339/495/354 344/520/361
f 449/518/451 430/493/436 339/495/354
f 447/516/450 430/493/436 449/518/451
f 447/516/450 432/496/437 430/493/436
f 445/514/449 432/496/437 447/516/450
f 445/514/449 433/497/438 432/496/437
f 444/512/448 433/497/438 445/514/449
f 444/512/448 434/498/439 433/497/438
f 443/510/447 434/498/439 444/512/448
f 443/510/447 435/499/440 434/498/439
f 442/508/446 435/499/440 443/510/447
f 442/508/446 436/500/441 435/499/440
f 441/506/445 436/500/441 442/508/446
f 441/506/445 437/501/442 436/500/441
f 439/504/444 437/501/442 441/506/445
f 439/504/444 438/502/443 437/501/442
f 397/444/419 438/502/443 439/504/444
f 397/444/419 395/442/417 438/502/443
o luigi_m0_8
v -1.653323 1.352141 0.252822
v -0.184541 2.478653 0.541430
v -0.148264 1.543479 0.573978
v -0.005715 1.295907 0.253221
v -0.135542 1.487798 0.711515
v -1.755624 0.946414 -0.139945
v -1.708390 1.238194 -0.138768
v -1.537829 0.937846 -0.864227
v -0.800749 0.983299 -1.144104
v -0.800807 0.480680 0.040739
v -0.022460 1.025369 0.294680
v -0.122817 1.292433 0.750725
v -0.838779 0.012256 1.930388
v -0.157563 0.194154 0.017643
v -0.090677 0.057774 0.284539
v -1.711515 0.057774 0.284457
v -0.479555 1.287589 0.119848
v -0.225731 1.339730 0.789354
v -0.149341 1.096728 -0.095309
v -0.660994 1.510542 1.422868
v -0.431123 1.465866 1.255102
v -0.538420 1.471459 0.798195
v -0.868843 1.514438 0.813500
v -0.637359 1.387214 0.384480
v -1.058290 1.510542 1.422856
v -1.455576 1.233474 1.632911
v -1.143142 1.256934 1.851969
v -1.295117 1.465872 1.255123
v -1.700604 1.141299 1.137885
v -1.620744 1.097170 -0.091239
v -1.749358 1.022817 0.601583
v -1.530694 1.339858 0.790097
v -0.436303 1.189514 -0.230153
v 0.637836 10.673914 1.420618
v 0.263813 10.694649 1.328470
v 0.323830 10.636509 1.431096
v 0.355898 9.936956 1.340334
v 0.000740 10.086753 1.391209
v 0.000740 10.289946 0.878278
v 0.267463 10.126767 0.955294
v 1.100748 10.758774 1.356434
v 0.947697 10.857351 1.136079
v 0.792533 10.798662 1.203729
v 1.251363 10.956684 0.905512
v 1.242012 11.044127 0.983246
v 1.297588 10.952003 0.950004
v 0.550873 10.728102 1.246217
v 0.000740 10.631361 1.465074
v 0.000740 10.687890 1.357810
v 0.376521 10.072784 1.586864
v 0.000740 10.184277 1.554253
v 0.000740 10.281963 1.601734
v 0.393198 10.366949 1.603604
v 0.766129 10.419590 1.591076
v 1.249810 10.990713 1.065064
v 1.298218 10.960851 1.007534
v 0.000740 10.456662 1.533404
v -0.322350 10.636509 1.431096
v -0.262333 10.694649 1.328470
v -0.636355 10.673914 1.420618
v -1.240532 11.044127 0.983246
v -1.192968 10.976286 0.908231
v -1.249883 10.956684 0.905512
v -0.354417 9.936956 1.340334
v -0.265983 10.126767 0.955294
v -0.791053 10.798662 1.203729
v -0.946216 10.857351 1.136079
v -1.099267 10.758774 1.356434
v -1.296107 10.952003 0.950004
v -0.549393 10.728102 1.246217
v -0.375041 10.072784 1.586864
v -0.764649 10.419590 1.591076
v -0.391718 10.366949 1.603604
v -1.296737 10.960851 1.007534
v -1.248329 10.990713 1.065064
v 1.655123 13.045179 0.331226
v 1.479021 12.618345 0.466603
v 1.653144 11.619291 -0.790645
v 1.746673 12.246259 -0.749650
v 1.304106 11.208963 -0.358245
v 1.639495 11.720856 -0.556994
v 1.546993 11.237691 -0.347678
v 1.541412 12.401617 0.353994
v 1.628693 11.761509 -0.300137
v 1.828425 12.631062 -0.751688
v 1.697797 12.246627 -0.232812
v 1.804992 13.045170 0.035673
v 1.442426 10.848999 -0.097381
v 1.512372 11.088678 0.133914
v 1.403377 10.792227 0.096404
v 1.322819 10.782012 -0.120375
v 1.364417 10.957746 0.363355
v 1.375215 10.840764 0.265296
v 1.365906 11.117109 0.394981
v 1.629368 12.167778 -0.065168
v 1.522162 12.252685 0.369716
v -1.545970 12.104725 0.018806
v -1.488422 11.869437 -0.031541
v -1.520682 12.252685 0.369716
v -1.259911 11.007030 0.397303
v -1.269526 11.236080 0.399961
v 1.256049 10.613936 -0.312109
v 1.305309 10.642620 -0.022796
v 1.261391 11.007030 0.397303
v 1.489903 11.869437 -0.031541
v 1.547450 12.104725 0.018806
v -1.348633 11.222967 0.070924
v -1.254569 10.613936 -0.312109
v -1.216355 10.470342 -0.331620
v 1.947070 11.707429 -0.693648
v 1.691035 11.473518 -0.489327
v 1.938421 11.534135 -0.621490
v 2.197486 11.585513 -0.927021
v -1.777698 10.268786 -0.810561
v -1.634999 10.236098 -0.914675
v -1.269152 10.206768 -0.624436
v -1.701883 11.629021 -0.519490
v -1.689555 11.473518 -0.489327
v -1.945590 11.707429 -0.693648
v 1.703364 11.629021 -0.519490
v 1.834697 11.704737 -0.808603
v 2.005103 11.603559 -1.051287
v -1.347185 10.229016 -0.493598
v -1.383701 10.438734 -0.427000
v -1.578531 10.404597 -0.559371
v 2.241382 11.209647 -0.860200
v 2.118036 11.470845 -0.751384
v 1.736844 11.164341 -0.675236
v -1.936941 11.534135 -0.621490
v -1.603646 10.594506 -0.706213
v -1.337272 10.634799 -0.381709
v -1.799873 10.474473 -0.690869
v -2.070687 10.628382 -0.824252
v 1.543112 10.203924 -0.637614
v 1.580011 10.404597 -0.559371
v 1.348665 10.229016 -0.493598
v 1.801353 10.474473 -0.690870
v -2.196005 11.585513 -0.927021
v 1.437847 11.156466 -0.392525
v -1.625330 11.646299 -0.585796
v -1.735363 11.164341 -0.675236
v -2.116556 11.470845 -0.751384
v -2.239902 11.209647 -0.860200
v 1.270632 10.206768 -0.624436
v 1.779178 10.268786 -0.810561
v -1.541632 10.203924 -0.637614
v 1.385181 10.438725 -0.427000
v 1.605126 10.594506 -0.706213
v 2.072168 10.628382 -0.824252
v 1.338752 10.634799 -0.381709
v 0.345329 12.435844 1.198656
v 0.000740 12.099181 1.227323
v 0.129660 12.098639 1.202751
v 0.000740 12.398952 1.231393
v -0.609184 13.045108 1.000104
v -2.003623 11.603550 -1.051287
v -1.833217 11.704737 -0.808603
v -2.071604 11.324955 -1.208638
v -1.345519 10.956891 -0.984672
v -1.920924 10.572744 -1.139796
v -0.785174 9.584193 -0.614724
v -0.879270 9.529275 -0.290768
v -1.050383 9.885306 -0.309629
v -0.959741 9.932096 -0.642198
v -0.841963 9.968267 -0.791193
v 0.601305 8.981451 -0.375558
v 0.729753 9.239817 -0.231249
v 0.539794 8.951985 -0.162540
v 0.699580 9.253091 -0.444695
v 0.564622 8.984433 -0.590128
v 0.674648 9.304301 -0.594102
v -1.255900 13.045145 0.672128
v -1.316560 12.326602 0.661591
v -0.985858 12.362267 0.927160
v 0.355060 8.980254 -0.867670
v 0.519642 9.521921 -0.976230
v 0.143269 9.368651 -1.070101
v 0.000740 8.968918 -0.949776
v -0.353579 8.980254 -0.867670
v -0.379943 9.430158 -1.026185
v -0.518162 9.521921 -0.976230
v 0.880751 9.529275 -0.290768
v 0.786654 9.584193 -0.614724
v -0.698099 9.253091 -0.444695
v -0.563142 8.984433 -0.590128
v -0.599825 8.981453 -0.375558
v -0.728272 9.239817 -0.231249
v -1.133875 10.326449 -0.473234
v -1.134340 10.101846 -0.328491
v 1.135820 10.101846 -0.328491
v 1.135355 10.326449 -0.473234
v 1.217834 10.470333 -0.331620
v 0.961222 9.932096 -0.642198
v 1.051864 9.885306 -0.309629
v 0.099886 11.685360 1.203306
v -0.673168 9.304301 -0.594102
v 1.249185 10.276356 -0.025533
v 1.626810 11.646299 -0.585796
v 0.843443 9.968267 -0.791193
v 1.189641 10.592022 -0.901465
v 1.636479 10.236098 -0.914675
v 2.034271 10.913494 -1.223226
v -0.538314 8.951984 -0.162540
v -0.136571 11.426196 1.236911
v -0.098406 11.685360 1.203306
v 1.347000 10.956891 -0.984672
v 0.346228 8.920744 0.162433
v 0.000740 8.749931 0.129977
v 0.321985 8.818866 0.055964
v -1.302625 11.208963 -0.358245
v 0.585951 9.055163 0.087699
v -1.247705 10.276356 -0.025533
v -1.303829 10.642629 -0.022796
v 0.483654 9.860186 1.184278
v 0.619990 9.877926 1.050076
v 0.531410 10.013043 1.204388
v 0.376183 9.631208 0.986998
v 0.167898 9.571115 1.091655
v 0.166612 9.537321 0.968509
v 0.552493 10.952464 1.084344
v 0.620082 10.602454 1.142236
v 0.000740 9.821036 1.142758
v 0.167391 9.830577 1.123214
v 0.164885 9.839514 0.942837
v 0.318013 9.839514 0.935465
v 0.172096 9.430878 0.921398
v 0.179931 9.774814 1.146358
v 0.000740 9.760548 1.182271
v 0.365021 9.799518 1.088204
v 0.431673 9.835553 1.149259
v 0.493850 9.846767 1.071186
v 0.707374 9.781013 0.948469
v 0.959635 9.938145 0.809940
v 0.787105 9.970130 1.013790
v 0.605580 9.294456 0.618628
v 0.571247 9.501473 0.826578
v 0.000740 11.089965 2.795286
v -0.247828 11.144794 2.757767
v -0.254281 10.938972 2.757767
v 0.433519 10.766901 1.186696
v 0.606268 10.754850 1.447130
v 0.386330 10.559180 1.237298
v -0.489339 10.880391 2.665444
v 0.706536 10.746615 1.639260
v 0.497592 10.447941 1.639259
v 0.161346 10.281414 1.639258
v -0.159866 10.281414 1.639258
v 0.255762 10.938972 2.757767
v 0.249309 11.144794 2.757767
v 0.062922 11.294094 2.757768
v -0.657271 11.011179 1.435701
v -0.549632 11.267545 1.439444
v -0.179945 11.542603 1.452440
v 0.181425 11.542603 1.452440
v 0.138051 11.426196 1.236911
v 0.551112 11.267534 1.439444
v 0.658751 11.011179 1.435701
v 0.398998 11.441100 1.443187
v 0.655717 11.135145 0.946833
v 0.977575 11.190315 0.763923
v 0.870229 11.332191 0.864073
v 0.000740 9.983541 -1.548807
v 0.183954 9.983541 -1.548807
v 0.000740 9.783813 -1.447203
v 0.149548 9.353559 -1.555193
v 1.048573 10.408854 -0.655484
v 1.056205 10.112466 -0.922486
v 1.032578 10.201332 -1.153640
v 0.556606 9.644043 -1.191990
v 0.381424 9.430158 -1.026185
v 0.584048 9.218999 -1.303430
v 0.636639 9.665489 -0.911583
v 1.544342 11.580815 -1.315582
v 0.875165 9.531274 -1.416907
v 1.081958 9.665256 -1.377009
v 1.082926 9.385869 -1.293951
v 1.200503 9.600257 -1.194586
v 1.084520 9.843933 -1.078418
v 1.114463 9.433245 -1.048679
v 0.351819 9.101793 -1.349550
v 0.164664 9.162254 -1.428263
v 0.425696 9.164279 -1.550534
v 0.397298 9.461027 -1.656693
v 0.338611 9.706656 -1.555903
v 0.611163 9.405389 -1.431983
v 0.489355 10.040169 -1.521540
v 0.583436 9.909101 -1.357958
v 0.857017 10.141518 -1.361059
v 0.945538 9.852060 -1.351632
v 0.983926 9.672726 -0.917957
v -0.141789 9.368651 -1.070101
v 1.522325 11.392842 -0.941895
v -0.529930 10.013043 1.204388
v -0.618509 9.877926 1.050076
v -0.482174 9.860186 1.184278
v -0.516195 9.769574 1.018803
v -0.490937 9.822935 1.046938
v -0.374703 9.631208 0.986998
v -0.705894 9.781013 0.948468
v -0.551013 10.952464 1.084344
v -0.618601 10.602454 1.142236
v -0.384850 10.559180 1.237298
v -0.349606 9.845237 1.011335
v -0.163405 9.839514 0.942837
v -0.165911 9.830577 1.123214
v -0.346059 9.834599 1.060377
v 0.044456 2.501068 -0.109234
v -0.760141 9.427026 0.581167
v -0.778553 9.695325 0.806359
v -0.569767 9.501473 0.826578
v -0.785625 9.970130 1.013790
v -0.178451 9.774814 1.146358
v -0.363541 9.799518 1.088204
v -0.329999 9.824484 0.817157
v -0.430193 9.835553 1.149259
v -0.958155 9.938145 0.809940
v -0.182473 9.983541 -1.548807
v -0.148067 9.353559 -1.555193
v -1.054725 10.112466 -0.922486
v -1.047093 10.408854 -0.655484
v -1.188161 10.592022 -0.901466
v -0.337130 9.706656 -1.555903
v -1.031098 10.201332 -1.153640
v -0.805108 9.364601 -1.256563
v -0.860958 9.339285 -1.085710
v -1.081446 9.385869 -1.293951
v -0.555125 9.644043 -1.191990
v -0.635159 9.665489 -0.911584
v -0.609682 9.405389 -1.431983
v -0.582568 9.218999 -1.303430
v -0.581956 9.909101 -1.357958
v -0.424215 9.164279 -1.550534
v -0.163184 9.162254 -1.428263
v -0.350338 9.101793 -1.349550
v -0.395818 9.461027 -1.656693
v -0.487874 10.040169 -1.521540
v -0.855537 10.141518 -1.361059
v -0.944058 9.852060 -1.351632
v -1.083039 9.843933 -1.078419
v -0.982446 9.672726 -0.917957
v -1.112982 9.433245 -1.048680
v -1.199022 9.600257 -1.194586
v 0.000740 9.526584 -1.207046
v -1.080476 9.665256 -1.377009
v -1.520845 11.392842 -0.941895
v -0.873684 9.531274 -1.416907
v -1.745192 12.246259 -0.749650
v -1.510892 11.088678 0.133914
v -1.364426 11.117109 0.394982
v -1.393765 11.255601 0.339432
v -1.638016 11.720856 -0.556994
v -1.651663 11.619291 -0.790645
v -1.627213 11.761509 -0.300137
v -1.803511 13.045170 0.035674
v -1.696317 12.246627 -0.232811
v -1.627887 12.167778 -0.065168
v -1.826945 12.631062 -0.751688
v -1.401895 10.792227 0.096405
v -1.440945 10.848999 -0.097381
v -1.348633 11.203635 0.070924
v -1.373734 10.840764 0.265297
v -1.362937 10.957746 0.363356
v -1.426531 11.311572 0.225207
v 1.296593 1.464900 1.255633
v 1.210512 1.470425 0.799608
v 1.059766 1.509513 1.423380
v 1.132205 1.386687 0.385987
v 0.870320 1.513347 0.814748
v 0.858276 1.517138 1.462784
v 1.457052 1.232374 1.633341
v 1.144617 1.255758 1.852406
v 0.638838 1.386615 0.385583
v 0.881799 1.431777 0.451298
v 0.539897 1.470385 0.799392
v 0.662469 1.509512 1.423392
v 0.150821 1.096678 -0.094542
v 0.227208 1.338666 0.790400
v 0.481035 1.287292 0.120836
v 0.646572 1.121566 -0.789138
v 1.088043 1.121579 -0.788351
v 0.846052 1.111814 -0.869547
v 0.432598 1.464892 1.255610
v 0.010258 1.140368 1.138380
v 0.244535 1.232372 1.633404
v 1.712993 0.057290 0.284041
v 0.498025 0.005461 1.874614
v 0.177129 -0.001674 1.637216
v 0.840258 0.011053 1.930402
v 0.331479 9.824484 0.817157
v 0.441725 9.839513 0.925684
v -0.189447 9.815105 1.068604
v 0.441725 9.824484 0.817157
v 0.351087 9.845237 1.011335
v -3.596473 8.679528 -0.217203
v -3.596473 8.476088 0.199378
v -3.596473 8.476070 -0.633778
v -3.596473 7.395875 -0.217185
v -3.596473 7.599317 -0.633766
v -3.596474 7.599335 0.199390
v -4.740707 8.890083 -0.642303
v -4.612074 8.777259 -0.688866
v -4.757607 8.795637 -0.714346
v -4.969266 8.902500 -0.475622
v -4.360392 8.738863 -0.793937
v -4.935742 8.757949 -0.934186
v -4.421595 8.835302 -0.217207
v -4.969541 8.902510 0.041204
v -4.422588 8.790077 0.328446
v -4.924672 8.757975 0.448378
v -4.841352 8.243345 0.790728
v -4.772725 8.043377 0.856018
v -4.320766 8.209882 0.630293
v -4.968494 8.059441 0.747540
v -4.736107 8.948961 -0.223274
v -4.950910 8.901818 -0.223274
v -4.890761 8.894093 -0.158419
v -5.416795 8.684496 -0.881352
v -5.244255 8.724677 -0.888000
v -5.312422 8.746543 0.469457
v -5.519688 8.708366 0.469748
v -5.329629 8.625156 0.667481
v -5.718010 8.679482 0.596539
v -5.798587 8.761498 -0.112049
v -5.798588 8.761498 0.150599
v -5.554063 8.790380 0.023807
v -5.364020 8.847749 0.028891
v -5.343588 8.776667 -0.217207
v -4.890761 8.894093 -0.288129
v -4.602499 8.833939 0.125316
v -4.747383 8.855034 0.098493
v -4.743626 8.901794 0.204660
v -4.544199 8.810756 0.188418
v -4.549126 8.783496 -0.626216
v -5.306958 8.847406 -0.456188
v -4.894038 8.861305 -0.561961
v -4.956984 8.855066 -0.624610
v -4.893983 8.861691 0.123659
v -5.329629 8.237544 0.680888
v -4.606639 8.799069 0.250834
v -5.519319 8.790381 -0.449247
v -4.878225 8.666565 0.669524
v -4.600338 8.856794 -0.158418
v -4.540188 8.849067 -0.223274
v -5.742085 8.761499 -0.585103
v -5.551815 8.659352 -0.999623
v -4.956423 8.850002 0.186075
v -4.898125 8.826822 0.249176
v -4.900475 8.827868 -0.687730
v -4.745549 8.875443 -0.131555
v -5.718011 8.679484 0.333891
v -4.753241 8.805726 0.276001
v -4.600337 8.856792 -0.288129
v -4.748505 8.853240 -0.536480
v -4.605638 8.810698 -0.563095
v -5.026856 7.987893 0.999453
v -4.745548 8.875443 -0.314993
v -5.551815 8.659352 -0.770971
v -5.644327 7.650177 1.327021
v -5.572849 7.415213 1.154103
v -5.517417 7.654151 1.357228
v -5.551807 7.923985 1.204121
v -5.343588 8.325491 -0.217200
v -5.773129 8.581290 -0.194076
v -5.773129 8.334197 -0.222869
v -6.145479 8.766641 -0.319260
v -6.213434 8.766129 -0.319823
v -6.179456 8.590931 -0.191807
v -6.179456 8.344047 -0.221073
v -5.362869 8.717956 0.251115
v -5.747053 8.499272 0.192645
v -5.747054 8.499275 0.724919
v -6.628578 8.597317 0.252443
v -6.628578 8.373615 0.226379
v -6.244199 8.344047 0.251981
v -5.314530 8.694738 -0.686871
v -5.773129 8.581290 -0.726350
v -5.244798 8.625124 -1.089124
v -5.575040 8.502469 -1.122587
v -6.517543 8.766592 -0.574609
v -6.517543 8.590180 -0.700559
v -6.657199 8.669305 -0.459280
v -5.820319 8.334196 0.250185
v -5.831812 8.581289 0.278978
v -5.362869 8.254337 0.247083
v -5.648796 7.463877 1.010558
v -5.760056 7.645593 1.154602
v -5.682032 7.673606 0.931555
v -5.657657 7.855210 0.989494
v -6.517544 8.597317 -0.220611
v -6.517543 8.373615 -0.246676
v -6.266714 8.590931 0.281247
v -5.244798 8.218652 -1.102985
v -5.309521 8.271650 -0.690093
v -5.773129 8.334197 -0.685588
v -5.831812 8.581289 -0.253295
v -5.392988 8.174555 0.018017
v -5.831812 8.334196 -0.212533
v -4.460479 7.404448 -0.217184
v -3.968340 7.345484 -0.217184
v -4.454332 7.278199 0.117413
v -4.833577 7.307584 0.649218
v -4.361885 7.279274 0.407993
v -5.004718 7.638802 -0.811718
v -4.857733 7.712451 -0.217190
v -5.358407 8.174548 -0.443627
v -4.775106 7.463534 -0.728692
v -4.273439 7.992218 0.772511
v -4.251589 7.836871 0.763297
v -5.084317 7.882768 0.514193
v -4.954438 7.596688 0.469735
v -5.286050 8.119007 -0.897142
v -5.004718 7.804639 -1.072145
v -4.351930 7.629919 -1.033448
v -4.294249 7.414298 0.633229
v -4.454331 7.375999 -0.645668
v -5.051569 7.388614 0.938981
v -5.116873 7.444812 0.739127
v -5.138544 7.947965 0.715647
v -4.903414 8.162516 -1.192818
v -3.968339 7.564900 -0.716609
v -3.968340 7.564918 0.282235
v 3.597954 8.476070 -0.633778
v 3.597954 8.476088 0.199379
v 3.597954 8.679528 -0.217203
v 3.597955 7.599335 0.199391
v 3.597954 7.599317 -0.633765
v 3.597954 7.395875 -0.217185
v 3.969821 8.037717 0.514010
v 4.274919 7.992218 0.772511
v 4.322247 8.209882 0.630294
v 4.759088 8.795637 -0.714345
v 4.613555 8.777258 -0.688865
v 4.742188 8.890082 -0.642303
v 4.892241 8.894093 -0.158418
v 4.952390 8.901817 -0.223273
v 4.737587 8.948961 -0.223273
v 5.245735 8.724676 -0.887999
v 5.418275 8.684496 -0.881351
v 5.521167 8.708365 0.469749
v 5.313902 8.746542 0.469458
v 5.555543 8.790380 0.023808
v 5.800069 8.761499 0.150599
v 4.971022 8.902509 0.041205
v 5.365501 8.847749 0.028891
v 3.969820 8.510489 -0.716623
v 4.361872 8.738862 -0.793936
v 4.304727 8.574554 -0.973219
v 4.970747 8.902499 -0.475621
v 4.937222 8.757948 -0.934186
v 4.892241 8.894093 -0.288128
v 4.745106 8.901793 0.204661
v 4.748864 8.855033 0.098493
v 4.603979 8.833938 0.125317
v 4.545680 8.810755 0.188419
v 4.926152 8.757975 0.448378
v 4.550605 8.783496 -0.626215
v 5.308437 8.847405 -0.456187
v 4.958465 8.855065 -0.624609
v 4.895519 8.861304 -0.561960
v 4.895464 8.861690 0.123660
v 4.842832 8.243344 0.790729
v 4.608119 8.799068 0.250835
v 5.520799 8.790380 -0.449246
v 4.879705 8.666564 0.669525
v 4.541668 8.849066 -0.223273
v 4.601818 8.856793 -0.158418
v 5.553294 8.659353 -0.999623
v 4.899605 8.826821 0.249177
v 4.957903 8.850001 0.186076
v 4.901956 8.827868 -0.687730
v 4.747029 8.875443 -0.131554
v 4.754721 8.805726 0.276001
v 4.601818 8.856791 -0.288128
v 4.607119 8.810698 -0.563094
v 4.749985 8.853240 -0.536479
v 5.028337 7.987894 0.999453
v 4.747029 8.875443 -0.314992
v 4.907829 8.614219 -1.102627
v 5.553295 8.659353 -0.770970
v 4.344794 8.574583 0.535161
v 4.424068 8.790076 0.328446
v 3.969820 8.484744 0.282221
v 5.518896 7.654150 1.357227
v 5.574328 7.415213 1.154104
v 5.645806 7.650177 1.327022
v 5.553286 7.923984 1.204122
v 5.576520 8.287356 -0.684273
v 5.576520 8.502466 -0.659206
v 5.311001 8.271649 -0.690092
v 5.880517 8.510862 -0.657231
v 5.905937 8.663384 -0.768676
v 5.855098 8.663827 -0.768187
v 5.345068 8.325490 -0.217199
v 5.774609 8.581289 -0.194075
v 5.345068 8.776666 -0.217206
v 5.287530 8.119008 -0.897141
v 5.576520 8.287359 -1.087100
v 6.133460 8.321672 -0.704998
v 6.133460 8.315459 -1.079894
v 6.201486 8.383898 -0.888011
v 5.774609 8.334196 -0.222868
v 5.359887 8.174547 -0.443626
v 6.640033 8.445088 -0.456897
v 5.821798 8.334197 0.250186
v 5.364350 8.254337 0.247084
v 5.394468 8.174556 0.018018
v 5.833292 8.581290 -0.253294
v 5.833293 8.334197 -0.212532
v 6.304562 8.766129 -0.115199
v 6.268197 8.590931 -0.256644
v 6.231829 8.766642 -0.115665
v 6.630059 8.766591 0.138420
v 6.630059 8.597318 0.252444
v 6.783008 8.669307 0.013776
v 6.445008 8.298841 0.241687
v 6.552027 8.377449 0.462098
v 6.445007 8.305973 0.672320
v 6.630059 8.373615 0.226380
v 6.630056 8.366479 -0.204253
v 6.765801 8.445089 0.016157
v 6.231829 8.766642 0.153795
v 6.268196 8.590931 0.281248
v 6.304562 8.766129 0.153233
v 5.800067 8.761499 -0.112048
v 5.866518 8.765222 -0.115400
v 5.855097 8.663827 -1.002771
v 5.905937 8.663384 -1.002365
v 5.880517 8.510862 -1.125503
v 6.630056 8.590180 -0.227504
v 6.630056 8.766589 -0.101553
v 5.576520 8.502469 -1.122586
v 5.246279 8.625124 -1.089124
v 5.599743 8.662594 -1.002540
v 6.225385 8.579093 -0.890084
v 6.133460 8.510208 -1.100135
v 6.133460 8.663784 -0.990486
v 5.683511 7.673605 0.931556
v 5.761536 7.645593 1.154602
v 5.650275 7.463877 1.010559
v 5.659136 7.855210 0.989495
v 5.866518 8.765222 0.154226
v 5.833293 8.581290 0.278979
v 6.133460 8.663784 -0.781572
v 6.133460 8.516419 -0.682307
v 5.599744 8.662594 -0.767813
v 5.364350 8.717956 0.251116
v 5.316010 8.694737 -0.686870
v 5.743564 8.761496 -0.322455
v 5.331110 8.625155 0.667482
v 5.748534 8.499275 0.724920
v 5.719490 8.679482 0.596540
v 5.774608 8.334196 -0.685586
v 5.748533 8.252179 0.696127
v 5.748533 8.252179 0.233408
v 4.455812 7.278198 0.117414
v 3.969820 7.345484 -0.217183
v 4.461960 7.404448 -0.217183
v 4.363365 7.279274 0.407994
v 4.835057 7.307584 0.649219
v 4.859214 7.712451 -0.217189
v 5.006198 7.638801 -0.811717
v 4.776587 7.463533 -0.728692
v 4.253070 7.836870 0.763298
v 4.955918 7.596687 0.469736
v 5.331110 8.086229 0.468305
v 5.331110 8.237543 0.680889
v 4.969975 8.059440 0.747541
v 5.006198 7.804638 -1.072144
v 4.353410 7.629919 -1.033448
v 4.716393 7.394398 0.880515
v 4.295730 7.414297 0.633229
v 4.455812 7.375998 -0.645667
v 5.053049 7.388614 0.938981
v 4.904894 8.162516 -1.192817
v 3.969819 7.564900 -0.716609
v 3.969820 7.564918 0.282236
v 4.675298 7.685737 0.991693
v 0.000740 8.748026 0.224654
v 0.446816 8.748028 -0.849286
v -0.321246 8.747993 -0.926268
v -0.652323 7.207524 1.494275
v -0.635645 7.601820 1.287517
v -0.918577 6.991730 1.495698
v -1.245480 7.534932 1.065734
v -1.256804 7.074154 1.166235
v -1.163602 7.967193 0.879052
v -1.038256 6.982748 1.450420
v -1.282633 7.128415 1.258238
v -0.635248 7.862144 -1.177891
v -0.585227 8.183143 -1.164447
v -0.373266 8.436266 -1.072259
v -0.576069 8.117341 0.883147
v -0.049887 3.756710 0.001573
v -0.190483 4.551650 -0.805239
v -0.190572 3.737207 -0.735224
v -1.361889 7.646957 -0.761369
v -1.509118 7.329925 -0.708853
v -1.500246 7.502083 -0.665475
v -1.572583 7.402503 -0.156593
v -1.544831 7.538389 -0.221584
v -1.522201 7.505774 0.277530
v -1.312152 7.938587 0.370853
v -1.295287 7.836524 0.543858
v -1.295450 7.653293 0.744175
v -1.281533 7.691429 0.616468
v -1.215498 8.012041 0.540178
v -1.061647 8.417105 -0.888328
v -1.019330 8.673392 0.015424
v -1.004381 8.698302 -0.335503
v -1.243344 7.645337 -0.911141
v -1.180028 7.913196 -0.892811
v -1.684385 6.987325 -0.047810
v -1.574267 7.205619 -0.108592
v -1.642870 7.004167 -0.435792
v -1.471303 7.191886 0.821047
v -1.612638 7.171547 0.507444
v -1.549720 7.020570 0.585181
v -1.435037 7.318160 -0.878090
v -1.533008 7.108840 -0.760070
v -1.174866 8.540009 0.198554
v -1.473248 8.529467 0.193923
v -1.244672 8.067534 -0.789021
v -1.280932 7.887620 -0.792972
v -1.382555 8.070551 -0.790057
v -1.465627 8.072881 -0.781475
v -1.662393 8.524361 0.163360
v -2.108241 7.640891 -0.620320
v -1.936521 7.498039 -0.221583
v -2.488569 7.443903 -0.220649
v -1.759875 8.128898 0.336245
v -1.471171 7.649355 0.139443
v -2.012880 8.656989 -0.222178
v -2.727915 7.629078 0.156639
v -2.760486 7.438947 -0.225925
v -2.785020 7.570705 -0.609556
v -2.779816 8.415489 -0.612583
v -3.143381 8.412430 -0.609411
v -3.080953 8.623797 -0.218919
v -2.714180 8.444038 0.157307
v -2.478968 8.453549 0.148865
v -2.478053 8.622292 -0.221230
v -3.020101 8.440521 0.170565
v -2.248867 8.492515 0.151302
v -2.485156 7.575797 -0.610583
v -2.246100 7.665288 0.157429
v -2.485537 7.636693 0.148740
v -0.527445 8.748026 -0.601065
v -0.445335 8.748028 -0.849286
v -0.535533 8.697824 -0.637848
v -0.384961 8.546706 -1.018205
v 0.000740 8.089219 -1.077790
v 0.000740 8.389968 -1.088635
v -0.553597 8.748025 -0.346856
v -0.561440 8.713191 0.029054
v -0.543578 8.753146 -0.037602
v -0.563509 8.728385 -0.338424
v -0.086268 4.335490 0.543850
v -0.315324 4.514975 0.917443
v -0.606355 7.561836 1.223969
v -0.393753 7.425388 1.300788
v -0.320541 7.625752 1.322687
v -0.614856 7.166314 1.411761
v -0.766723 6.829229 1.482806
v -1.050416 4.922698 -1.208023
v -1.132656 5.113142 -1.266362
v -0.286456 4.682472 -1.090049
v -1.367979 6.835277 1.127797
v -1.440253 6.976943 0.979356
v -1.630755 6.830464 0.717017
v -1.500574 7.194992 0.872479
v -1.216823 7.524922 0.973743
v -1.626853 5.806855 -0.884583
v -1.743356 5.860230 0.084979
v -1.760950 6.333667 0.067885
v -1.196791 6.871664 -1.011451
v -1.565862 6.642910 -0.760650
v -1.561026 6.941367 -0.809910
v -1.235104 7.332839 -1.018813
v -0.629917 7.257368 -1.138463
v -0.629729 6.852776 -1.181319
v -1.257137 5.372674 1.120188
v -1.078685 5.013298 1.083722
v -0.860505 5.017837 1.181122
v -1.449917 5.363787 0.928897
v -1.675006 5.793297 0.772448
v -1.721444 5.624544 0.083566
v -0.653679 4.701983 1.071914
v -0.811059 4.695630 1.046558
v -1.382174 5.770027 1.165723
v -1.620800 5.513188 -0.717251
v -1.604251 5.331006 -0.715385
v -1.296941 5.800622 -1.292897
v -1.228908 5.352829 -1.327420
v 0.920059 6.991730 1.495698
v 0.637126 7.601820 1.287517
v 0.653804 7.207524 1.494275
v 0.594563 8.394588 0.731170
v 0.610674 8.022087 1.041187
v 1.284114 7.128415 1.258237
v 1.246960 7.534932 1.065734
v 1.039738 6.982748 1.450420
v 0.586707 8.183144 -1.164447
v 0.374747 8.436266 -1.072260
v 0.051368 3.756687 0.002022
v 0.052067 4.312443 -0.014074
v 0.124297 1.292418 0.751470
v 0.023940 1.025361 0.295421
v 0.202014 4.429674 -0.741988
v 0.192052 3.736932 -0.734768
v 1.757105 0.946413 -0.139204
v 0.802288 0.480676 0.041472
v 1.539309 0.937856 -0.863486
v 0.802230 0.983313 -1.143364
v 1.654802 1.352133 0.253569
v 1.709871 1.238193 -0.138023
v 1.648002 2.501068 -0.110146
v 0.007195 1.295900 0.253967
v 0.137022 1.487784 0.712263
v 0.149744 1.543467 0.574727
v 1.460790 2.478641 0.543841
v 1.490391 1.645551 0.571213
v 0.186022 2.478641 0.542193
v 1.501726 7.502083 -0.665476
v 1.510598 7.329925 -0.708854
v 1.363369 7.646959 -0.761369
v 1.521106 7.649343 -0.582006
v 1.574064 7.402503 -0.156593
v 1.523682 7.505774 0.277530
v 1.296768 7.836524 0.543858
v 1.296932 7.653293 0.744175
v 1.283013 7.691429 0.616468
v 1.216979 8.012041 0.540178
v 1.063127 8.417105 -0.888328
v 1.062503 8.142508 -0.991233
v 1.020810 8.673392 0.015424
v 1.176347 8.540011 0.198553
v 1.177595 8.685009 -0.222172
v 1.181509 7.913196 -0.892811
v 1.644351 7.004167 -0.435793
v 1.575747 7.205619 -0.108593
v 1.685865 6.987325 -0.047810
v 1.551201 7.020570 0.585181
v 1.614119 7.171547 0.507443
v 1.534489 7.108840 -0.760071
v 1.436517 7.318160 -0.878091
v 1.474730 8.529467 0.193923
v 1.384036 8.070551 -0.790058
v 1.282411 7.887620 -0.792972
v 1.246153 8.067531 -0.789022
v 1.467106 8.072881 -0.781476
v 2.490050 7.443903 -0.220650
v 1.938001 7.498039 -0.221584
v 2.109721 7.640891 -0.620321
v 1.472651 7.649351 0.139443
v 2.323630 8.459760 -0.619429
v 2.014360 8.656989 -0.222179
v 3.082433 8.623797 -0.218920
v 2.781296 8.415490 -0.612584
v 2.715661 8.444038 0.157306
v 3.021580 8.440521 0.170563
v 2.479533 8.622292 -0.221231
v 2.486637 7.575797 -0.610584
v 2.786500 7.570705 -0.609558
v 2.487018 7.636693 0.148738
v 2.247581 7.665288 0.157428
v 0.537013 8.697825 -0.637848
v 0.528925 8.748026 -0.601065
v 0.468850 8.569854 -0.935440
v 0.386442 8.546706 -1.018205
v 0.564989 8.728385 -0.338424
v 0.555078 8.748025 -0.346856
v 0.562921 8.713191 0.029054
v 1.369459 6.835277 1.127796
v 1.010043 6.909327 1.389332
v 0.322022 7.625752 1.322687
v 0.395234 7.425388 1.300787
v 0.899521 6.923263 1.430456
v 0.768204 6.829229 1.482805
v 0.287936 4.682472 -1.090049
v 1.134135 5.113142 -1.266363
v 1.051897 4.922698 -1.208024
v 1.632236 6.830464 0.717017
v 1.441734 6.976943 0.979355
v 1.502054 7.194992 0.872478
v 1.218303 7.524922 0.973742
v 1.762431 6.333667 0.067884
v 1.744837 5.860230 0.084978
v 1.628334 5.806855 -0.884583
v 0.657259 5.023283 1.268206
v 0.861986 5.017837 1.181122
v 0.775325 5.374929 1.424754
v 1.258617 5.372674 1.120188
v 1.562506 6.941367 -0.809910
v 1.567342 6.642910 -0.760651
v 1.198271 6.871664 -1.011451
v 1.236583 7.332839 -1.018813
v 0.631397 7.257368 -1.138463
v 0.631209 6.852776 -1.181319
v 1.676486 5.793297 0.772447
v 1.383655 5.770027 1.165723
v 1.722925 5.624544 0.083565
v 1.605732 5.331006 -0.715386
v 1.622280 5.513188 -0.717252
v 1.230388 5.352829 -1.327420
v 1.298421 5.800622 -1.292898
v 1.080166 5.013298 1.083721
v 1.487062 5.189371 0.894812
v -0.440245 9.839513 0.925684
v -0.466387 9.842438 1.021046
v -0.492369 9.846767 1.071186
v 0.492417 9.822935 1.046938
v 0.467867 9.842438 1.021046
v 0.166110 9.824483 0.817157
v -0.164629 9.824483 0.817157
v -0.802587 0.556357 -1.329315
v -0.805793 0.782981 -1.271432
v -0.244810 0.560192 -1.133587
v -0.312006 0.789287 -1.094907
v -1.398897 0.560193 -1.133693
v -1.343885 0.789290 -1.095090
v -1.856956 0.610397 0.005784
v -1.781037 0.880835 -0.026084
v -1.715064 0.588469 -0.594807
v -1.635719 0.830033 -0.610042
v -0.043657 2.846265 -0.077463
v -0.049289 3.140789 -0.036715
v -0.195537 2.795247 0.555747
v -0.189309 3.140789 0.618506
v -0.042976 2.501070 -0.109997
v -0.802245 1.352100 -1.151024
v -1.651150 2.846452 -0.079008
v -1.639539 3.140789 -0.039172
v -0.010837 1.201923 -0.137606
v -0.183347 2.267076 -0.826726
v -0.147887 1.215714 -0.859364
v -1.502083 1.226795 -0.863892
v -1.460289 2.267056 -0.826982
v -0.805993 2.077744 -1.113722
v -1.646521 2.501070 -0.110910
v -0.012163 0.913316 -0.139860
v -0.122750 0.915836 -0.864162
v -1.595918 -0.000568 -0.437129
v -0.112148 0.170751 -0.437052
v -0.112148 -0.000568 -0.437052
v -0.337226 0.170596 -0.935718
v -0.803588 -0.003369 -1.108993
v -1.240494 0.456978 2.057486
v -1.225571 0.878256 2.050900
v -1.612374 0.424354 1.829921
v -1.589647 0.849783 1.839943
v -0.455211 0.878256 2.050934
v -0.098125 0.849784 1.840017
v -0.548937 1.256934 1.851997
v -0.243060 1.233475 1.632974
v -0.836576 0.473474 2.112751
v -0.837833 0.889611 2.100153
v -1.847063 0.791296 1.308951
v -0.438297 0.456978 2.057524
v -0.252943 1.016851 -0.597160
v -0.490093 1.140038 -0.561308
v -0.843051 1.259869 1.900135
v 0.013443 0.588464 -0.594949
v -0.077964 0.829993 -0.611128
v -0.457810 0.987349 -1.001889
v -0.645089 1.120821 -0.789936
v 0.151251 0.784296 1.247710
v -0.008782 1.141304 1.137981
v 0.028875 1.022713 0.600753
v -0.856801 1.518181 1.462257
v -1.865235 0.402039 1.292078
v -0.821425 0.978434 -1.143062
v -0.844568 1.110976 -0.870334
v 0.143608 0.713819 0.670045
v 0.097068 0.610367 0.005261
v 0.043077 0.880635 -0.028492
v 1.090296 10.944291 1.054588
v 1.186021 10.900632 1.185752
v 1.256532 10.677540 0.842207
v 1.344877 10.649693 0.942152
v 1.126856 10.819389 0.869543
v 1.194449 10.976286 0.908231
v 1.218778 11.006040 1.065759
v 1.169323 11.020935 1.002707
v 0.813790 10.062705 1.482222
v 0.739676 9.940331 1.250091
v 0.640949 10.099272 0.926046
v 1.155672 10.452270 0.848309
v 0.945936 10.184772 0.931497
v 0.978958 10.644312 0.843524
v 0.808294 10.531380 0.855747
v 1.297522 10.365851 1.014626
v 1.106027 10.096041 1.144387
v 1.340818 10.415434 1.231996
v 1.164120 10.207110 1.344823
v 1.018884 10.506306 1.490918
v 1.183602 10.653438 1.351135
v 1.351385 10.713683 1.105600
v 1.248015 10.828236 1.190520
v -1.184541 10.900632 1.185751
v -1.088817 10.944291 1.054588
v -1.343396 10.649693 0.942152
v -1.255051 10.677540 0.842206
v -1.125376 10.819389 0.869543
v -1.167843 11.020935 1.002707
v -1.217297 11.006040 1.065759
v -0.738196 9.940331 1.250091
v -0.812310 10.062705 1.482221
v -0.639469 10.099272 0.926046
v -0.977478 10.644312 0.843524
v -0.806814 10.531380 0.855747
v -1.154192 10.452270 0.848308
v -0.944456 10.184772 0.931497
v -1.296042 10.365851 1.014626
v -1.104546 10.096041 1.144387
v -1.339337 10.415434 1.231996
v -1.162640 10.207110 1.344823
v -1.182122 10.653438 1.351135
v -1.017403 10.506306 1.490918
v -1.349905 10.713683 1.105599
v -1.246535 10.828236 1.190519
v 1.578218 11.420588 -0.168706
v 1.280528 10.945146 0.401554
v 1.281460 11.116785 0.428945
v 1.518512 11.528131 -0.021125
v 1.569790 11.829900 -0.098408
v 1.349436 11.361234 0.231284
v 1.304906 11.293347 0.377161
v 1.428012 11.311572 0.225207
v 1.395245 11.255601 0.339432
v 1.506036 11.007885 -0.229207
v 1.324406 10.966170 -0.280191
v 1.300429 10.805277 0.294763
v 1.540000 11.213824 -0.062533
v 1.390128 11.454726 0.115968
v 1.479044 11.416044 0.084060
v 1.314075 10.730614 0.083490
v -1.648306 10.872211 -0.721678
v -2.183358 10.900335 -0.876468
v -1.350363 10.858611 -0.360342
v 2.243970 10.895115 -1.099850
v 2.302169 11.278893 -1.066205
v 2.073085 11.324955 -1.208638
v 2.108959 10.566544 -1.028749
v 1.922404 10.572744 -1.139796
v 1.351843 10.858611 -0.360342
v -1.436366 11.156475 -0.392525
v -2.300688 11.278884 -1.066204
v 1.649787 10.872211 -0.702743
v -2.107479 10.566544 -1.028749
v 2.184838 10.900335 -0.876468
v -2.242488 10.895115 -1.099849
v -2.032791 10.913494 -1.223226
v 0.000740 11.691004 1.229841
v 0.000740 13.045098 1.089520
v -1.314805 12.127468 0.631270
v 1.406453 13.045161 0.512330
v 1.257380 13.045145 0.672128
v 1.318040 12.326602 0.661591
v -1.365722 11.621721 0.371853
v 0.755372 9.265781 0.037341
v 0.000740 11.452889 1.245474
v -1.091681 11.660134 0.761473
v -1.240209 11.642007 0.598244
v -0.976094 11.190315 0.763922
v -1.137624 11.223814 0.614510
v 1.125705 9.878060 -0.029831
v -0.980397 10.976565 0.815383
v -1.144375 11.003439 0.627326
v 0.359170 8.994106 0.421148
v 0.608632 9.158321 0.390708
v -0.342688 9.129414 0.660195
v 0.000740 9.059430 0.669142
v -0.315044 9.354161 0.849420
v 0.000740 9.293331 0.873880
v -0.604100 9.294456 0.618628
v 0.933974 9.534557 -0.015937
v 0.915127 9.620300 0.555000
v 0.780034 9.695325 0.806359
v 0.344168 9.129414 0.660195
v -1.178147 10.687205 0.639307
v -1.034481 10.679420 0.849673
v -1.072664 9.909363 0.556618
v -0.913647 9.620300 0.555000
v 1.035961 10.679420 0.849673
v 0.981878 10.976565 0.815383
v 0.735645 10.958151 0.972438
v 0.958559 9.569531 0.317499
v 0.772283 9.330726 0.347540
v 1.251090 10.303500 0.293605
v 1.128983 9.894495 0.287168
v -0.826917 10.644484 1.022662
v 1.281818 10.671006 0.325751
v 1.367203 11.621721 0.371853
v 1.419095 11.558290 0.038900
v 1.567241 12.248293 0.178256
v 1.271007 11.236080 0.399961
v 1.350114 11.203635 0.070924
v 1.340889 10.982533 0.040148
v 0.828397 10.644484 1.022662
v 0.190927 9.815105 1.068605
v 0.234176 9.812568 1.234369
v 0.000740 9.800120 1.263834
v 0.257895 9.845922 1.279765
v 0.286228 10.035813 1.313511
v 0.000740 9.836814 1.316007
v 0.000740 10.036713 1.354400
v 0.464824 11.017065 1.184939
v 0.393800 11.178724 1.124381
v 1.313632 7.938584 0.370853
v 1.761355 8.128898 0.336244
v 1.663874 8.524361 0.163359
v 0.000740 9.516837 0.981386
v 0.000740 9.405084 0.939347
v -0.195524 10.362792 2.490821
v -0.219586 10.254503 2.233784
v 0.197004 10.362792 2.490821
v 0.221065 10.254503 2.233784
v -0.770121 10.737003 1.940136
v -0.771177 10.745805 2.238688
v -0.680734 10.787835 2.490821
v -0.705056 10.746615 1.639260
v -0.752536 11.032500 1.639259
v -0.200230 10.237467 1.935233
v 0.201710 10.237467 1.935233
v 0.771602 10.737003 1.940136
v 0.539787 10.415630 1.935233
v 0.772658 10.745805 2.238688
v 0.539667 10.429420 2.233784
v 0.682214 10.787835 2.490821
v 0.492589 10.517106 2.490821
v 0.490820 10.880391 2.665444
v 0.353703 10.685783 2.665444
v 0.140397 10.575714 2.665444
v -0.138916 10.575714 2.665444
v -0.185709 11.616844 1.639260
v 0.187189 11.616844 1.639260
v -0.641560 11.319438 1.639260
v 0.204622 11.669898 1.935233
v -0.203142 11.669898 1.935233
v 0.592848 11.311474 2.490821
v 0.399064 11.498854 2.490821
v 0.430994 11.244666 2.665445
v 0.288668 11.384130 2.665445
v 0.161943 11.587710 2.490821
v -0.160463 11.587710 2.490821
v 0.117601 11.449389 2.665445
v -0.116121 11.449389 2.665445
v 0.462382 11.515476 1.639260
v 0.469897 11.565777 2.233784
v 0.190414 11.668710 2.233784
v 0.492007 11.564085 1.935233
v -0.697084 11.346303 1.935233
v -0.814056 11.042293 1.935233
v -0.188934 11.668710 2.233784
v 0.680934 11.350452 2.233784
v -0.679454 11.350452 2.233784
v -0.798370 11.052570 2.233784
v -0.591368 11.311474 2.490821
v -0.696273 11.060067 2.490821
v 0.698565 11.346303 1.935233
v -0.429513 11.244666 2.665445
v -0.507814 11.064863 2.665445
v 0.643040 11.319438 1.639260
v 0.754017 11.032500 1.639259
v 0.697753 11.060067 2.490821
v 0.509294 11.064863 2.665445
v -0.244680 11.316495 1.230573
v -0.397518 11.441100 1.443187
v -0.654236 11.135145 0.946833
v -0.515084 11.157754 1.038256
v -0.392320 11.178724 1.124381
v 0.246160 11.316495 1.230573
v 0.737726 11.579807 -2.137799
v 0.777862 12.245665 -2.106711
v 1.245688 11.579988 -1.807751
v 1.314111 12.245709 -1.787553
v 1.702809 12.245934 -1.297679
v 1.293799 12.630999 -1.675176
v 0.730024 12.562942 -2.013220
v 1.670786 12.631026 -1.221869
v -0.734165 10.958151 0.972438
v -0.232695 9.812568 1.234369
v -0.179766 9.677316 1.148468
v 0.000740 9.661025 1.178779
v -0.381442 9.723440 1.063864
v -0.284748 10.035813 1.313511
v -0.256415 9.845922 1.279765
v -0.165131 9.537321 0.968509
v -0.170616 9.430878 0.921398
v -1.244206 11.579988 -1.807752
v -1.542861 11.580815 -1.315582
v -1.312630 12.245709 -1.787553
v -1.701329 12.245934 -1.297679
v -0.736245 11.579807 -2.137800
v -0.776381 12.245665 -2.106711
v -0.728543 12.562942 -2.013220
v -1.292318 12.630999 -1.675176
v -1.669305 12.631026 -1.221870
v -1.538521 11.213824 -0.062533
v -1.477565 11.416044 0.084061
v -1.576738 11.420588 -0.168706
v -1.517032 11.528131 -0.021125
v -1.568310 11.829900 -0.098408
v -1.545514 11.237691 -0.347678
v -1.504556 11.007885 -0.229207
v 1.591124 0.848613 1.840242
v 1.227048 0.877013 2.051208
v 0.844527 1.258677 1.900574
v 0.437784 1.189618 -0.229277
v 1.360422 1.189827 -0.227194
v 0.491575 1.140522 -0.560489
v 1.257586 1.140617 -0.558694
v 0.839310 0.888350 2.100466
v 0.075496 0.423183 1.830151
v -0.021911 0.173114 1.152609
v -0.168186 0.398596 1.231850
v 0.439775 0.455730 2.057689
v 0.840258 0.186747 1.930462
v 0.838054 0.472209 2.112922
v 1.190326 0.183306 1.874643
v 1.241971 0.455732 2.057652
v 1.520163 0.173132 1.637209
v 1.613852 0.423188 1.830075
v -0.119841 0.392661 0.668816
v 0.550412 1.255756 1.852434
v 0.456688 0.877011 2.051243
v 0.805072 -0.002257 -1.109482
v 0.338710 0.171509 -0.936009
v 0.338710 0.000346 -0.936205
v 1.316257 0.171509 -0.936056
v 0.159042 -0.000747 0.017153
v 1.597399 -0.000226 -0.437612
v 1.597399 0.171093 -0.437416
v 0.000740 9.839514 0.969227
v 0.000740 9.824483 0.817157
v 0.000740 9.800795 1.101695
v -3.596474 8.037716 0.392718
v -3.596473 8.037690 -0.827107
v -4.343314 8.574584 0.535161
v -4.906349 8.614220 -1.102628
v -4.303246 8.574554 -0.973219
v -4.292742 8.065544 -1.134723
v -3.838230 8.037688 -1.060014
v -3.696572 8.582655 -0.792859
v -3.838230 8.582655 -0.792859
v -3.968340 8.484745 0.282220
v -3.968340 8.037717 0.514009
v -3.838230 8.582676 0.358453
v -3.838230 8.835584 -0.217207
v -3.696572 8.582676 0.358454
v -3.968340 8.729918 -0.217205
v -3.968340 8.510489 -0.716624
v -5.268550 7.672616 1.269951
v -5.332279 7.373027 1.047106
v -4.993437 7.689836 1.154364
v -5.304078 7.983204 1.114139
v -5.446721 7.908222 0.822825
v -5.479388 7.668981 0.745179
v -5.167168 7.681459 0.645599
v -5.434847 7.426759 0.851054
v -6.303081 8.766128 -0.115200
v -6.303081 8.766128 0.153232
v -6.230348 8.766641 -0.115666
v -6.230348 8.766641 0.153794
v -5.904458 8.663384 -0.768677
v -5.904458 8.663384 -1.002366
v -6.131980 8.663784 -0.781573
v -6.131979 8.663784 -0.990487
v -6.179456 8.590930 -0.729699
v -6.179456 8.344047 -0.703714
v -6.517543 8.366478 -0.677309
v -6.638552 8.445088 -0.456898
v -6.628578 8.766590 0.138419
v -6.628576 8.766588 -0.101554
v -6.145478 8.766641 -0.588720
v -5.804172 8.765224 -0.588456
v -5.804171 8.765223 -0.318829
v -6.517543 8.766590 -0.334635
v -5.853617 8.663827 -1.002772
v -5.853618 8.663827 -0.768188
v -5.598263 8.662593 -1.002540
v -5.598265 8.662593 -0.767814
v -6.781527 8.669307 0.013775
v -6.764320 8.445088 0.016156
v -5.865038 8.765222 -0.115401
v -5.865038 8.765222 0.154225
v -5.879038 8.510862 -0.657232
v -5.575040 8.502466 -0.659207
v -6.095423 8.684624 0.330274
v -6.159001 8.684112 0.330741
v -6.095423 8.684624 0.599735
v -6.159003 8.684112 0.599172
v -5.776098 8.683207 0.600166
v -5.776095 8.683205 0.330539
v -6.443524 8.684572 0.584359
v -6.443527 8.684575 0.344386
v -6.213432 8.766128 -0.588254
v -4.714912 7.394399 0.880515
v -3.696572 8.037719 0.625625
v -3.838230 7.492749 0.358470
v -3.838230 8.037719 0.625625
v -3.968339 8.037690 -0.948398
v -3.838230 7.492729 -0.792842
v -3.838230 7.239820 -0.217182
v -3.696572 7.239820 -0.217182
v 3.597954 8.037690 -0.827106
v 3.597955 8.037716 0.392719
v 5.246279 8.218651 -1.102984
v 4.423075 8.835301 -0.217207
v 3.969820 8.729918 -0.217205
v 3.839710 8.582655 -0.792859
v 3.698052 8.037687 -1.060013
v 3.839710 8.037688 -1.060013
v 3.839711 8.582676 0.358454
v 3.698052 8.835584 -0.217206
v 3.839710 8.835584 -0.217206
v 3.698052 8.582676 0.358454
v 3.698052 8.037719 0.625625
v 3.969819 8.037690 -0.948398
v 4.294222 8.065543 -1.134723
v 4.994916 7.689836 1.154364
v 5.270030 7.672616 1.269952
v 5.333758 7.373026 1.047106
v 4.774205 8.043376 0.856019
v 5.448201 7.908222 0.822826
v 5.140025 7.947965 0.715647
v 5.305556 7.983203 1.114139
v 5.436327 7.426758 0.851055
v 5.118352 7.444812 0.739127
v 5.480868 7.668981 0.745180
v 5.168648 7.681459 0.645600
v 6.519023 8.766590 -0.334635
v 6.519024 8.766592 -0.574608
v 6.214914 8.766129 -0.319822
v 6.214913 8.766128 -0.588253
v 6.180936 8.344047 -0.703713
v 5.805651 8.765224 -0.588455
v 5.805650 8.765222 -0.318828
v 6.146958 8.766641 -0.588719
v 6.146959 8.766641 -0.319259
v 6.128694 8.262030 0.697923
v 6.128693 8.262030 0.215282
v 6.096904 8.684624 0.599736
v 6.160483 8.684111 0.599173
v 6.096903 8.684623 0.330275
v 6.160481 8.684111 0.330742
v 5.777578 8.683207 0.600166
v 5.777576 8.683205 0.330540
v 6.445007 8.684574 0.344387
v 6.445005 8.684571 0.584361
v 3.839711 7.492749 0.358471
v 3.839711 8.037719 0.625625
v 3.698053 7.492749 0.358471
v 3.839710 7.492729 -0.792842
v 3.839710 7.239820 -0.217181
v 0.545059 8.753146 -0.037602
v -1.043919 8.551238 0.330646
v -1.089565 8.368576 0.613078
v -1.095214 8.297810 0.583068
v -1.049852 8.197040 -1.051978
v -1.155670 7.941495 0.776589
v -1.200395 7.488974 0.899457
v -1.083259 7.739261 -1.070337
v -1.061022 8.142508 -0.991232
v -1.038251 8.625377 0.351909
v -1.013408 8.750895 0.025198
v -1.037792 8.700745 -0.718132
v -1.052426 8.625443 -0.694961
v -1.044231 8.487929 -0.941711
v -0.171831 2.774620 -0.814846
v -0.190261 3.781999 0.668977
v -1.455845 4.938933 -0.706416
v -0.189247 3.104514 -0.757019
v -0.805950 3.027812 -0.986905
v -0.807519 2.690573 -1.070183
v -0.200534 4.429813 -0.742097
v -0.949349 4.765197 -1.144672
v -0.880891 4.599321 -1.046174
v -1.643920 3.756470 -0.001678
v -1.485581 5.189371 0.894813
v -1.625481 5.086813 0.071374
v -1.692120 5.342103 0.078658
v -0.205969 4.397256 0.686765
v -1.456744 3.737170 -0.735813
v -0.807595 3.726214 -0.995319
v -1.479373 2.761853 -0.814054
v -1.453613 3.091324 -0.757459
v -1.216223 7.316372 -0.955125
v -1.492065 7.331084 0.388240
v -1.573517 6.854047 -0.434681
v -1.752250 8.662011 -0.216729
v -1.511528 8.500364 -0.631727
v -1.500983 8.683493 -0.222183
v -1.203967 8.511000 -0.635405
v -1.176115 8.685008 -0.222172
v -1.519625 7.649343 -0.582005
v -1.900080 8.069379 -0.755978
v -3.828225 8.639148 -0.222373
v -3.828225 8.449102 0.160911
v -3.144566 7.565175 -0.606778
v -3.160405 7.980116 -0.762629
v -2.791466 7.989600 -0.767837
v -3.036596 7.622613 0.170749
v -3.094486 7.432715 -0.218308
v -2.481102 8.069016 0.296338
v -2.709536 8.047978 0.309447
v -2.480903 8.008111 -0.821690
v -2.478968 8.423765 -0.629096
v -3.008347 8.037562 0.326154
v -3.828225 7.626060 0.160587
v -3.828225 7.435960 -0.221719
v -3.828225 8.417138 -0.605883
v -3.828226 7.972202 -0.756886
v -3.828225 7.560704 -0.603639
v -3.828224 8.037562 0.313380
v -1.725764 8.495256 -0.608205
v -2.028393 8.483439 -0.616585
v -2.229698 8.045636 -0.796861
v -2.322150 8.459760 -0.619427
v -1.891957 8.512547 0.171963
v -2.234365 8.098856 0.302086
v 0.000740 8.546701 -1.047082
v 0.000740 8.754962 -0.950906
v -0.369726 8.589534 0.440349
v -0.388214 8.341923 0.744217
v -0.321179 8.698387 0.224178
v 0.000740 8.371433 0.793423
v 0.000740 8.121378 0.976389
v -0.338601 8.115502 0.937748
v 0.000740 8.589728 0.511598
v 0.000740 8.688131 0.296414
v -0.316994 8.748026 0.153797
v -0.305290 7.822744 1.063463
v -1.668663 7.007591 0.639737
v -1.738171 6.815506 0.017604
v -1.617397 6.831007 -0.004746
v -1.692353 6.838322 -0.442941
v -1.696686 6.600471 0.045971
v -1.625084 6.570422 -0.539351
v -0.583222 7.763525 1.010882
v -0.322645 7.845469 1.139542
v -0.603415 7.782424 1.073446
v -1.661754 6.317851 -0.841466
v -0.642380 5.272251 -1.455615
v -1.701065 6.318521 0.795028
v -1.439565 6.289493 1.170004
v 0.000740 7.254656 -1.120919
v 0.000740 8.096848 -1.119436
v -1.103632 7.703206 -1.006922
v -1.471256 6.937601 -0.765098
v -0.693760 5.760724 -1.497721
v 0.000740 5.749090 -1.457945
v 0.000740 5.261040 -1.415167
v -0.050586 4.312443 -0.014074
v -0.082951 4.395355 -0.401668
v 0.000740 4.293075 0.098108
v 0.000740 4.358346 -0.287851
v 0.000740 4.464864 -0.646904
v 0.000740 6.847243 -1.137326
v 1.091046 8.368576 0.613078
v 1.096695 8.297810 0.583068
v 1.039732 8.625377 0.351909
v 1.045400 8.551238 0.330646
v 1.157150 7.941495 0.776589
v 1.165083 7.967193 0.879052
v 1.051333 8.197040 -1.051978
v 1.105112 7.703206 -1.006922
v 1.005862 8.698302 -0.335503
v 1.053906 8.625443 -0.694961
v 1.039273 8.700745 -0.718132
v 0.149367 1.215724 -0.858619
v 0.124230 0.915846 -0.863422
v 0.008454 1.201922 -0.136862
v 0.013643 0.913315 -0.139120
v 1.503564 1.226804 -0.863147
v 0.173311 2.774629 -0.814079
v 0.184828 2.267086 -0.825966
v 0.045138 2.846262 -0.076695
v 0.050769 3.140753 -0.036054
v 0.190790 3.140978 0.619167
v 0.191742 3.782206 0.669418
v 0.882371 4.599130 -1.046094
v 0.950830 4.765197 -1.144673
v 1.457325 4.938801 -0.706395
v 0.190726 3.104231 -0.756346
v 1.480853 2.761862 -0.813287
v 0.807429 3.027450 -0.986205
v 0.809000 2.690585 -1.069417
v 0.803725 1.352114 -1.150277
v 0.807473 2.077757 -1.112964
v 1.461769 2.267064 -0.826222
v 1.645400 3.756447 -0.001230
v 1.641020 3.140753 -0.038513
v 1.455235 3.140981 0.623785
v 1.652630 2.846451 -0.078239
v 1.451681 2.795352 0.559607
v 0.207450 4.397470 0.686994
v 1.626961 5.086814 0.071369
v 1.548370 5.130330 -0.720256
v 1.458224 3.736895 -0.735358
v 0.809075 3.725849 -0.994860
v 1.455093 3.091040 -0.756782
v 0.197018 2.795326 0.556521
v 1.472736 6.937601 -0.765098
v 1.217703 7.316372 -0.955125
v 1.244825 7.645337 -0.911141
v 1.493546 7.331084 0.388239
v 1.574998 6.854047 -0.434682
v 1.502463 8.683493 -0.222184
v 1.753731 8.662011 -0.216730
v 1.546310 7.538389 -0.221584
v 2.250347 8.492515 0.151301
v 1.893438 8.512547 0.171962
v 2.235846 8.098856 0.302085
v 1.901560 8.069379 -0.755979
v 2.231179 8.045636 -0.796862
v 3.829705 8.449102 0.160910
v 3.829705 8.639148 -0.222375
v 2.792947 7.989601 -0.767839
v 3.146046 7.565175 -0.606779
v 3.161885 7.980116 -0.762631
v 2.729395 7.629079 0.156637
v 2.761967 7.438947 -0.225927
v 3.038076 7.622614 0.170748
v 3.095966 7.432716 -0.218310
v 2.482383 8.008111 -0.821691
v 3.009828 8.037563 0.326153
v 2.711016 8.047979 0.309446
v 3.829705 7.626060 0.160585
v 3.829705 7.435960 -0.221721
v 3.829705 7.972202 -0.756887
v 3.829705 7.560704 -0.603641
v 3.829705 8.417138 -0.605885
v 3.829705 8.037562 0.313379
v 2.482582 8.069016 0.296337
v 2.480448 8.453549 0.148863
v 0.322727 8.747993 -0.926268
v 0.389695 8.341923 0.744217
v 0.572234 8.318830 0.715406
v 0.371207 8.589534 0.440349
v 0.565717 8.582214 0.339051
v 0.322660 8.698387 0.224178
v 0.340082 8.115502 0.937748
v 0.318475 8.748026 0.153797
v 0.577550 8.117341 0.883147
v 0.584703 7.763525 1.010882
v 0.306770 7.822744 1.063463
v 1.670143 7.007591 0.639736
v 1.441045 6.289493 1.170004
v 0.833437 6.292639 1.531136
v 0.827086 5.766849 1.517335
v 1.472785 7.191886 0.821046
v 1.739651 6.815506 0.017603
v 1.618877 6.831007 -0.004747
v 0.324126 7.845469 1.139542
v 0.604895 7.782424 1.073446
v 1.698166 6.600471 0.045970
v 1.702547 6.318521 0.795027
v 0.636728 7.862145 -1.177892
v 0.643860 5.272251 -1.455616
v 0.695240 5.760724 -1.497721
v 0.084431 4.395355 -0.401668
v 0.191963 4.551650 -0.805239
v 0.496093 4.709604 1.105466
v 0.655160 4.701983 1.071914
v -0.316532 9.839514 0.935465
v 0.347539 9.834599 1.060377
v 6.180937 8.344047 -0.221072
v 6.519024 8.373615 -0.246675
v 6.519023 8.366478 -0.677308
v -1.231210 0.987345 -1.001667
v -1.483618 1.031848 -0.594492
v -1.875708 0.713829 0.670132
v -1.855643 0.395192 0.021430
v -1.880722 0.393437 0.668579
v -1.764365 0.173117 0.628272
v -1.209035 1.471498 0.798407
v -1.086559 1.120834 -0.789151
v -1.256103 1.140135 -0.559516
v -1.358942 1.189726 -0.228074
v -1.305157 1.287777 0.121093
v -1.130726 1.387287 0.384883
v -0.880320 1.432452 0.450143
v -0.074018 0.424354 1.829998
v 0.169664 0.399565 1.231705
v 0.121319 0.393437 0.668673
v 0.040541 0.374750 0.021486
v 0.011160 0.326209 -0.530022
v -0.247033 0.333213 -1.098038
v -0.801828 0.316675 -1.284269
v -1.395529 0.333213 -1.098099
v -1.711609 0.346642 -0.530099
v -1.188846 0.184489 1.874570
v -0.496545 0.184489 1.874602
v -0.175650 0.174234 1.637208
v -0.023437 0.173117 0.628361
v -0.803588 0.170824 -1.108993
v -1.314773 0.170595 -0.935768
v -1.595918 0.170751 -0.437129
v -1.488912 1.645563 0.570463
v -1.459310 2.478653 0.543078
v -1.513413 1.545564 0.709646
v -1.706076 1.104417 0.294597
v -1.537910 1.329302 0.750627
v -0.800860 1.521594 0.999316
v -0.801732 1.728358 0.937866
v -0.802598 1.887347 0.824696
v -0.806177 2.412473 0.804192
v -0.807625 2.780741 0.815790
v -0.806139 3.140789 0.878451
v -0.807831 3.791632 0.928755
v -0.810034 4.587962 1.027364
v -1.450201 2.795273 0.558833
v -1.453754 3.140789 0.623125
v -1.457541 3.781968 0.675082
v -1.453331 4.991786 0.806790
v -0.337226 -0.000568 -0.935718
v -1.314773 -0.000568 -0.935768
v -1.658547 -0.000568 0.017565
v -0.157563 -0.000568 0.017643
v -1.658547 0.194154 0.017565
v -1.764365 -0.000568 0.628272
v -0.023437 -0.000568 0.628361
v -1.756828 -0.000569 1.152448
v -1.518684 -0.000569 1.637141
v -1.188846 0.006646 1.874570
v 0.023390 0.174055 1.152539
v 0.023390 -0.000569 1.152539
v -0.175650 -0.000569 1.637208
v -0.496545 0.006646 1.874602
v -0.838779 0.187950 1.930388
v -1.518684 0.174234 1.637140
v -1.756828 0.174055 1.152448
v 0.523135 10.479404 0.860784
v 0.240631 10.452964 0.850527
v 0.000740 10.470855 0.855431
v -0.239151 10.452964 0.850527
v -0.521654 10.479404 0.860784
v 0.610664 13.045108 1.000104
v 0.686842 12.455202 1.070189
v 0.987338 12.362267 0.927160
v 1.316285 12.127468 0.631270
v 1.241690 11.642007 0.598244
v 1.139104 11.223814 0.614510
v 1.145856 11.003439 0.627326
v 0.761621 9.427026 0.581167
v 0.000740 8.918957 0.446243
v -0.357690 8.994106 0.421148
v -0.607152 9.158321 0.390708
v -0.770803 9.330726 0.347540
v -0.957079 9.569531 0.317499
v -1.127502 9.894495 0.287168
v -1.249609 10.303500 0.293605
v -1.171329 10.309359 0.597904
v -1.280338 10.671006 0.325751
v -1.539932 12.401607 0.353994
v -1.477540 12.618345 0.466604
v -1.404972 13.045161 0.512330
v -0.404709 8.267835 -0.554213
v -0.278307 8.267835 -0.729314
v 0.000740 8.267835 -0.797982
v 0.279787 8.267835 -0.729314
v 0.406189 8.267835 -0.554213
v 0.445460 8.267835 -0.359318
v 0.403748 8.267835 -0.186886
v 0.272072 8.267835 -0.004668
v 0.000740 8.267832 0.061316
v -0.320504 8.818865 0.055964
v -0.270591 8.267835 -0.004668
v -0.402268 8.267832 -0.186886
v -0.443980 8.267835 -0.359318
v -1.124225 9.878060 -0.029831
v -0.932495 9.534557 -0.015937
v -0.753892 9.265773 0.037341
v -0.584471 9.055163 0.087699
v -0.344748 8.920743 0.162433
v 0.000740 8.841342 0.207736
v -1.339408 10.982533 0.040148
v 1.031477 10.290252 0.845735
v 1.074145 9.909363 0.556618
v 1.172809 10.309359 0.597904
v 0.837234 10.257420 1.036682
v 0.622838 10.201043 1.188406
v 0.394035 10.213914 1.310201
v 0.000740 10.223040 1.338764
v -0.392554 10.213914 1.310201
v -0.621358 10.201043 1.188406
v -0.835753 10.257420 1.036681
v -1.029996 10.290252 0.845734
v 1.179628 10.687205 0.639307
v 0.000740 10.349914 1.323310
v 0.181246 9.677316 1.148468
v 0.382922 9.723440 1.063864
v 0.517676 9.769574 1.018803
v 0.000740 9.555789 1.114292
v -0.166418 9.571115 1.091655
v 0.316525 9.354161 0.849420
v 0.815536 11.042293 1.935233
v 0.799851 11.052570 2.233784
v 0.092867 10.782345 2.757767
v -0.091387 10.782345 2.757767
v -0.352222 10.685775 2.665444
v -0.491108 10.517106 2.490821
v -0.538187 10.429420 2.233784
v -0.538307 10.415630 1.935233
v -0.496112 10.447941 1.639259
v -0.604787 10.754850 1.447130
v -0.432039 10.766901 1.186696
v -0.463343 11.017065 1.184939
v -0.460902 11.515476 1.639260
v -0.490527 11.564085 1.935233
v -0.468416 11.565777 2.233784
v -0.397583 11.498854 2.490821
v -0.287187 11.384130 2.665445
v -0.061442 11.294094 2.757768
v -0.337014 12.316171 1.142301
v -0.224720 12.042103 1.136636
v -0.176450 12.070372 1.169693
v -0.332913 12.244360 1.108489
v -0.624258 12.377532 1.058581
v -0.563155 12.299863 1.046973
v -0.835958 12.272556 0.960282
v -0.769135 12.205560 0.979042
v -0.944446 12.026641 0.880393
v -0.882981 11.998901 0.917404
v -0.965893 11.669655 0.851700
v -0.890420 11.675370 0.905837
v -0.868749 11.332191 0.864073
v -0.805328 11.376174 0.919721
v -0.688323 11.250688 0.966674
v -0.525776 11.206264 1.052033
v -0.368645 11.232606 1.104195
v -0.225414 11.371675 1.121711
v -0.286653 11.365446 1.124743
v -0.153090 11.680654 1.153726
v -0.211465 11.676927 1.142849
v -0.128180 12.098639 1.202751
v -0.343849 12.435844 1.198656
v -0.685361 12.455202 1.070189
v -1.118941 12.105399 0.775321
v 0.527256 11.206264 1.052033
v 0.689804 11.250688 0.966674
v 0.516564 11.157754 1.038256
v 0.370125 11.232606 1.104195
v 0.288133 11.365446 1.124743
v 0.226894 11.371675 1.121711
v 0.212945 11.676927 1.142849
v 0.154570 11.680654 1.153726
v 0.226201 12.042103 1.136636
v 0.177930 12.070372 1.169693
v 0.334393 12.244360 1.108489
v 0.338494 12.316171 1.142301
v 0.564635 12.299863 1.046973
v 0.625738 12.377532 1.058581
v 0.770615 12.205560 0.979042
v 0.837438 12.272556 0.960282
v 0.884462 11.998901 0.917404
v 0.945926 12.026641 0.880393
v 0.891900 11.675370 0.905837
v 0.967373 11.669655 0.851700
v 0.806808 11.376174 0.919722
v 1.093162 11.660134 0.761473
v 1.120421 12.105399 0.775321
v 0.000740 11.579799 -2.270045
v 0.000740 12.245665 -2.230467
v 0.000740 12.562942 -2.144634
v 0.862439 9.339285 -1.085710
v 0.806589 9.364601 -1.256563
v -1.653643 13.045179 0.331227
v -1.565760 12.248293 0.178256
v -1.417615 11.558290 0.038901
v -1.388647 11.454726 0.115969
v -1.347955 11.361234 0.231284
v -1.303424 11.293347 0.377161
v -1.279979 11.116785 0.428946
v -1.279048 10.945146 0.401555
v -1.298949 10.805277 0.294763
v -1.312595 10.730614 0.083491
v -1.321338 10.782012 -0.120374
v -1.322927 10.966170 -0.280191
v 1.306637 1.287479 0.122084
v 1.532170 1.338793 0.791148
v 1.702080 1.140368 1.138284
v 1.848540 0.790308 1.309231
v 1.866713 0.401056 1.292225
v 1.758308 0.173120 1.152518
v 0.099602 0.848609 1.840316
v -0.149774 0.783322 1.247987
v -0.027399 1.021960 0.601111
v -0.142130 0.713042 0.670298
v -0.041597 0.880508 -0.027972
v -0.095588 0.610203 0.005470
v 0.079447 0.830535 -0.610666
v -0.011960 0.588987 -0.594764
v 0.313491 0.790382 -1.094490
v 0.246295 0.561332 -1.133432
v 0.807279 0.784279 -1.271021
v 0.804073 0.557721 -1.329163
v 1.345370 0.790386 -1.094668
v 1.400382 0.561333 -1.133534
v 1.637201 0.830573 -0.609573
v 1.716546 0.588992 -0.594615
v 1.782517 0.880706 -0.025557
v 1.858435 0.610232 0.006001
v 1.750835 1.022069 0.601941
v 1.877184 0.713058 0.670385
v -0.039061 0.374567 0.021426
v -0.009678 0.326658 -0.530137
v 0.248517 0.334313 -1.098144
v 0.803314 0.317987 -1.284391
v 1.397013 0.334313 -1.098200
v 1.713091 0.347090 -0.530183
v 1.857123 0.395009 0.021401
v 1.882200 0.392667 0.668723
v 0.113629 0.171094 -0.437345
v 0.805072 0.171936 -1.109283
v 1.765844 0.172360 0.628341
v 0.254425 1.017376 -0.596483
v 0.459295 0.988338 -1.001245
v 0.822910 0.979585 -1.142427
v 1.232694 0.988334 -1.001020
v 1.485101 1.032371 -0.593793
v 1.622224 1.097115 -0.090465
v 1.765844 -0.001325 0.628282
v 1.758308 -0.001504 1.152458
v 1.520163 -0.001670 1.637151
v 1.190326 0.005463 1.874582
v 0.498024 0.183304 1.874674
v 0.177129 0.173128 1.637276
v -0.021911 -0.001509 1.152549
v 0.024916 0.172355 0.628430
v 0.024916 -0.001330 0.628371
v 0.092156 0.057290 0.284116
v 0.159042 0.193976 0.017376
v 1.660027 0.193975 0.017305
v 1.660026 -0.000747 0.017082
v 0.113629 -0.000226 -0.437542
v 1.316257 0.000346 -0.936252
v -3.696572 8.835584 -0.217207
v -3.696573 7.492749 0.358470
v -3.696572 7.492728 -0.792842
v -3.696572 8.037687 -1.060014
v -4.673818 7.685737 0.991692
v -6.628576 8.590180 -0.227505
v -6.266716 8.590931 -0.256645
v -5.747053 8.252179 0.233407
v -6.127212 8.508914 0.189295
v -6.127212 8.262030 0.215281
v -6.443526 8.508165 0.218436
v -6.443527 8.298841 0.241686
v -6.570730 8.587291 0.459716
v -6.550547 8.377450 0.462097
v -6.443526 8.515302 0.698383
v -6.443527 8.305973 0.672319
v -6.127212 8.508914 0.727188
v -6.127213 8.262031 0.697922
v -5.747053 8.252179 0.696126
v -5.329629 8.086229 0.468305
v -5.575040 8.287355 -0.684274
v -5.879038 8.295930 -0.682709
v -6.131980 8.516419 -0.682308
v -6.131980 8.321672 -0.704998
v -6.223904 8.579093 -0.890085
v -6.200006 8.383898 -0.888012
v -6.131980 8.510208 -1.100135
v -6.131980 8.315459 -1.079894
v -5.879037 8.510862 -1.125504
v -5.879038 8.295931 -1.102881
v -5.575040 8.287358 -1.087101
v -6.266713 8.344047 -0.230660
v -6.628576 8.366478 -0.204254
v -5.742085 8.761497 -0.322456
v 3.698052 8.582655 -0.792858
v 3.698052 7.492728 -0.792841
v 3.698052 7.239820 -0.217181
v 5.085798 7.882768 0.514194
v 6.268194 8.344048 -0.230659
v 6.245680 8.344048 0.251982
v 5.748533 8.499272 0.192646
v 5.719491 8.679484 0.333892
v 6.128693 8.508914 0.727189
v 6.445006 8.515302 0.698384
v 6.572210 8.587290 0.459717
v 6.445006 8.508164 0.218437
v 6.128693 8.508914 0.189296
v 5.774608 8.581289 -0.726349
v 5.743564 8.761498 -0.585102
v 6.180937 8.590931 -0.191806
v 6.519025 8.597317 -0.220610
v 6.658679 8.669305 -0.459279
v 6.519024 8.590180 -0.700558
v 6.180936 8.590930 -0.729699
v 5.880517 8.295931 -1.102881
v 5.880517 8.295930 -0.682708
v -1.008563 6.909327 1.389333
v -0.898040 6.923263 1.430457
v -0.609193 8.022087 1.041187
v -0.593082 8.394588 0.731170
v -0.570754 8.318830 0.715406
v -0.590855 8.661291 0.363235
v -0.564237 8.582214 0.339051
v -0.592427 8.792001 0.012634
v -0.586132 8.808152 -0.380882
v -0.554168 8.775729 -0.705485
v -0.487747 8.632742 -0.982384
v -0.467370 8.569854 -0.935440
v -0.365440 8.432453 -1.030717
v 0.366920 8.432453 -1.030717
v 0.489227 8.632742 -0.982384
v 0.555648 8.775730 -0.705485
v 0.587613 8.808152 -0.380883
v 0.593907 8.792001 0.012633
v 0.592335 8.661291 0.363235
v -1.001063 8.778058 -0.359681
v -0.831956 6.292639 1.531137
v -0.825605 5.766849 1.517335
v -0.773844 5.374929 1.424755
v -0.655778 5.023283 1.268206
v -0.494612 4.709604 1.105466
v -0.141759 4.504152 0.931384
v 0.000740 4.337675 0.528256
v 0.087749 4.335491 0.543850
v -1.327661 6.299581 -1.175180
v -0.700004 6.269754 -1.366520
v 0.000740 6.261179 -1.334887
v 0.701484 6.269754 -1.366521
v 1.329141 6.299581 -1.175180
v 1.663235 6.317851 -0.841466
v 1.626564 6.570422 -0.539351
v 1.693833 6.838322 -0.442941
v 0.000740 7.841766 1.076125
v 0.000740 7.861887 1.153965
v 0.000740 7.647690 1.334779
v 0.000740 7.436466 1.331831
v 0.000741 7.221399 1.491166
v 0.000741 6.851609 1.648909
v 0.000741 6.295911 1.721630
v 0.000741 5.770967 1.708485
v 0.000741 5.376060 1.579193
v 0.000741 5.022470 1.394932
v 0.000740 4.713061 1.168199
v 0.000740 4.503808 0.949206
v 0.143239 4.504152 0.931384
v 0.316805 4.514975 0.917443
v 0.000740 4.673436 -0.950665
v 1.451397 5.363787 0.928897
v -1.546890 5.130330 -0.720256
v 1.693601 5.342103 0.078657
v 1.014889 8.750895 0.025198
v 1.002543 8.778058 -0.359681
v 1.045711 8.487929 -0.941711
v 1.084740 7.739261 -1.070338
v 0.607836 7.561836 1.223969
v 0.616336 7.166314 1.411761
v 1.258284 7.074154 1.166234
v 1.201877 7.488974 0.899457
v 1.514894 1.545550 0.710396
v 1.707557 1.104409 0.295340
v 1.539390 1.329288 0.751373
v 0.802340 1.521575 1.000064
v 0.803212 1.728340 0.938618
v 0.804078 1.887331 0.825450
v 0.807657 2.412457 0.804954
v 0.809105 2.780863 0.816566
v 0.807621 3.141068 0.879111
v 0.809313 3.791929 0.929191
v 0.811516 4.588292 1.027527
v 0.812540 4.695630 1.046558
v 1.459022 3.782177 0.675521
v 1.454813 4.992041 0.806813
v 3.144861 8.412430 -0.609412
v 2.480448 8.423766 -0.629097
v 2.029872 8.483439 -0.616586
v 1.727244 8.495256 -0.608206
v 1.513008 8.500364 -0.631728
v 1.205448 8.511001 -0.635405
v 0.580482 9.969113 0.441869
v 0.559475 9.790131 -0.028435
v 0.559474 9.969105 0.022330
v 0.580482 9.778701 0.391103
v 0.515553 9.969113 0.861408
v 0.515553 9.767280 0.760424
v 0.270535 9.969113 1.094525
v 0.270535 9.759621 0.993541
v 0.000739 9.969105 1.164408
v 0.000739 9.759630 1.063424
v -0.269056 9.969113 1.094525
v -0.269056 9.759621 0.993541
v -0.514075 9.969113 0.861408
v -0.514075 9.767280 0.760424
v -0.579004 9.969113 0.441869
v -0.579004 9.778701 0.391103
v -0.557996 9.969113 0.022329
v -0.557996 9.790131 -0.028436
v 0.345394 9.808842 -0.015079
v 0.344422 9.797412 0.386417
v 0.318300 9.785991 0.643439
v 0.205551 9.778332 0.797609
v 0.000739 9.778341 0.861624
v -0.204073 9.778332 0.797609
v -0.316822 9.785991 0.643439
v -0.342943 9.797412 0.386417
v -0.343915 9.808842 -0.015079
vt 0.497362 0.040042
vt 0.343188 0.220598
vt 0.367091 0.361502
vt 0.804003 0.696165
vt 0.748920 0.696165
vt 0.782363 0.568654
vt 0.782363 0.694240
vt 0.782363 0.573700
vt 0.750887 0.566729
vt 0.782363 0.560754
vt 0.749524 0.506905
vt 0.782363 0.557631
vt 0.748920 0.557631
vt 0.748920 0.571407
vt 0.530555 0.555706
vt 0.593507 0.555706
vt 0.750887 0.504981
vt 0.684000 0.557631
vt 0.749576 0.506344
vt 0.750887 0.555706
vt 0.782363 0.555706
vt 0.190744 0.241955
vt 0.234303 0.218904
vt 0.213224 0.237569
vt 0.808036 0.339844
vt 0.808036 0.378906
vt 0.775112 0.357701
vt 0.756696 0.378906
vt 0.808036 0.339844
vt 0.775112 0.357701
vt 0.808036 0.378906
vt 0.400259 0.344320
vt 0.356632 0.348561
vt 0.414279 0.328797
vt 0.312625 0.362453
vt 0.326282 0.358819
vt 0.356056 0.362241
vt 0.355059 0.368109
vt 0.383015 0.352423
vt 0.312625 0.362453
vt 0.301663 0.339919
vt 0.284662 0.341827
vt 0.326282 0.358819
vt 0.333921 0.332422
vt 0.414014 0.328833
vt 0.368868 0.322785
vt 0.356584 0.348571
vt 0.423066 0.336343
vt 0.045899 0.315437
vt 0.020082 0.322747
vt 0.024384 0.313832
vt 0.028381 0.261545
vt 0.002180 0.276667
vt 0.002180 0.287568
vt 0.021567 0.276333
vt 0.084487 0.324301
vt 0.070130 0.334984
vt 0.056124 0.329317
vt 0.098356 0.345631
vt 0.097522 0.352097
vt 0.102712 0.344627
vt 0.039565 0.324808
vt 0.002180 0.313197
vt 0.002180 0.321662
vt 0.029586 0.266013
vt 0.002180 0.281805
vt 0.002180 0.297156
vt 0.029739 0.293626
vt 0.056408 0.294071
vt 0.098225 0.346509
vt 0.100469 0.345568
vt 0.002180 0.305176
vt 0.024384 0.313832
vt 0.020082 0.322747
vt 0.045899 0.315437
vt 0.097522 0.352097
vt 0.092979 0.347345
vt 0.098356 0.345631
vt 0.028381 0.261545
vt 0.021567 0.276333
vt 0.056124 0.329317
vt 0.070130 0.334984
vt 0.084487 0.324301
vt 0.102712 0.344627
vt 0.039565 0.324808
vt 0.029586 0.266013
vt 0.056408 0.294071
vt 0.029739 0.293626
vt 0.100469 0.345568
vt 0.098225 0.346509
vt 0.644428 0.492965
vt 0.627947 0.492964
vt 0.632109 0.449296
vt 0.725000 0.356250
vt 0.743750 0.346094
vt 0.739844 0.409375
vt 0.707170 0.305102
vt 0.746519 0.347082
vt 0.725256 0.357474
vt 0.707812 0.309375
vt 0.642356 0.427122
vt 0.701563 0.360156
vt 0.738281 0.472656
vt 0.695756 0.411266
vt 0.671323 0.492965
vt 0.684819 0.269427
vt 0.662383 0.292795
vt 0.663453 0.262465
vt 0.671030 0.340842
vt 0.668115 0.306534
vt 0.686911 0.262573
vt 0.639781 0.279399
vt 0.648052 0.269444
vt 0.636903 0.295704
vt 0.658348 0.411436
vt 0.672858 0.396747
vt 0.675691 0.403198
vt 0.846359 0.480956
vt 0.870048 0.480439
vt 0.848304 0.498466
vt 0.842617 0.361424
vt 0.887135 0.331612
vt 0.883327 0.359883
vt 0.870048 0.480439
vt 0.889776 0.463558
vt 0.896005 0.435894
vt 0.887290 0.399310
vt 0.846359 0.480956
vt 0.848304 0.498466
vt 0.842946 0.334493
vt 0.842617 0.361424
vt 0.887135 0.331612
vt 0.922863 0.329689
vt 0.926812 0.288273
vt 0.894923 0.291646
vt 0.929226 0.271389
vt 0.842946 0.334493
vt 0.887290 0.399310
vt 0.896005 0.435894
vt 0.889776 0.463558
vt 0.883327 0.359883
vt 0.922863 0.329689
vt 0.894923 0.291646
vt 0.926812 0.288273
vt 0.929226 0.271389
vt 0.184408 0.360764
vt 0.167335 0.342873
vt 0.183978 0.349684
vt 0.208897 0.359331
vt 0.217016 0.272803
vt 0.226751 0.273056
vt 0.209983 0.256905
vt 0.166487 0.352420
vt 0.167335 0.342873
vt 0.146504 0.320852
vt 0.184408 0.360764
vt 0.187475 0.361884
vt 0.209282 0.361014
vt 0.166487 0.352420
vt 0.166822 0.353481
vt 0.146504 0.320852
vt 0.187475 0.361884
vt 0.209282 0.361014
vt 0.170990 0.259477
vt 0.157580 0.266806
vt 0.166688 0.273272
vt 0.192774 0.270397
vt 0.212822 0.335825
vt 0.198900 0.349199
vt 0.185968 0.327080
vt 0.183978 0.349684
vt 0.191950 0.293148
vt 0.157002 0.292667
vt 0.207248 0.284020
vt 0.216803 0.299487
vt 0.195855 0.261020
vt 0.192774 0.270397
vt 0.170990 0.259477
vt 0.207248 0.284020
vt 0.208897 0.359331
vt 0.155655 0.323323
vt 0.166822 0.353481
vt 0.185968 0.327080
vt 0.198900 0.349199
vt 0.212822 0.335825
vt 0.209983 0.256905
vt 0.226751 0.273056
vt 0.217016 0.272803
vt 0.195855 0.261020
vt 0.166688 0.273272
vt 0.157580 0.266806
vt 0.191950 0.293148
vt 0.216803 0.299487
vt 0.157002 0.292667
vt 0.284559 0.526252
vt 0.283203 0.525338
vt 0.283710 0.525337
vt 0.283203 0.526151
vt 0.281847 0.526252
vt 0.282696 0.525337
vt 0.280803 0.527905
vt 0.280503 0.526304
vt 0.277216 0.523421
vt 0.275316 0.523993
vt 0.275986 0.524268
vt 0.275048 0.523237
vt 0.277905 0.522238
vt 0.275201 0.522120
vt 0.278525 0.521248
vt 0.275641 0.521196
vt 0.276766 0.520282
vt 0.280110 0.518513
vt 0.279740 0.518364
vt 0.279067 0.519330
vt 0.279424 0.519457
vt 0.280701 0.518734
vt 0.279887 0.519555
vt 0.285566 0.516877
vt 0.286072 0.517578
vt 0.285324 0.516797
vt 0.285953 0.517614
vt 0.285422 0.516885
vt 0.285855 0.517753
vt 0.278258 0.527905
vt 0.278019 0.525955
vt 0.279321 0.526052
vt 0.284597 0.516874
vt 0.284701 0.518095
vt 0.285245 0.518344
vt 0.283764 0.517928
vt 0.283203 0.516843
vt 0.282642 0.517928
vt 0.281809 0.516874
vt 0.281705 0.518095
vt 0.281161 0.518344
vt 0.286666 0.518364
vt 0.286296 0.518513
vt 0.285705 0.518734
vt 0.280453 0.517614
vt 0.280984 0.516885
vt 0.280840 0.516877
vt 0.280334 0.517578
vt 0.279080 0.520751
vt 0.278738 0.520527
vt 0.278737 0.519918
vt 0.287670 0.519918
vt 0.287668 0.520527
vt 0.287993 0.520918
vt 0.286983 0.519457
vt 0.287339 0.519330
vt 0.283593 0.524215
vt 0.283743 0.523512
vt 0.284169 0.523214
vt 0.280551 0.517753
vt 0.288337 0.521385
vt 0.288116 0.520391
vt 0.290420 0.524268
vt 0.289705 0.524036
vt 0.289602 0.524109
vt 0.289191 0.523421
vt 0.291090 0.523993
vt 0.291358 0.523237
vt 0.287326 0.520751
vt 0.286519 0.519555
vt 0.287882 0.521248
vt 0.289640 0.520282
vt 0.288200 0.520202
vt 0.290765 0.521196
vt 0.291205 0.522120
vt 0.281082 0.516797
vt 0.282237 0.523214
vt 0.282663 0.523512
vt 0.282813 0.524215
vt 0.276701 0.524036
vt 0.276804 0.524109
vt 0.278206 0.520202
vt 0.288501 0.522238
vt 0.284563 0.516713
vt 0.283203 0.516249
vt 0.284467 0.516436
vt 0.278074 0.522922
vt 0.288332 0.522922
vt 0.285506 0.517077
vt 0.278290 0.520391
vt 0.278070 0.521385
vt 0.278414 0.520918
vt 0.782349 0.125456
vt 0.796294 0.128262
vt 0.785104 0.136981
vt 0.797163 0.114580
vt 0.769883 0.083422
vt 0.775783 0.080747
vt 0.779635 0.220019
vt 0.789577 0.238182
vt 0.781506 0.245056
vt 0.791299 0.200939
vt 0.775691 0.196335
vt 0.788338 0.124027
vt 0.787053 0.122434
vt 0.778239 0.122526
vt 0.757143 0.117050
vt 0.766417 0.118806
vt 0.768153 0.116959
vt 0.781980 0.120910
vt 0.781820 0.120821
vt 0.834126 0.096431
vt 0.815109 0.101961
vt 0.826969 0.074380
vt 0.757143 0.114355
vt 0.779838 0.071168
vt 0.766579 0.108097
vt 0.757143 0.105797
vt 0.782905 0.111942
vt 0.787994 0.118567
vt 0.780327 0.120623
vt 0.788189 0.120765
vt 0.806270 0.111520
vt 0.820405 0.127006
vt 0.806378 0.137812
vt 0.819270 0.060274
vt 0.805746 0.080776
vt 0.937198 0.245476
vt 0.918058 0.242789
vt 0.917561 0.242789
vt 0.970521 0.130265
vt 0.983823 0.148918
vt 0.966888 0.133889
vt 0.899462 0.236176
vt 0.898040 0.236176
vt 0.904069 0.236176
vt 0.991543 0.162679
vt 0.975455 0.162679
vt 0.949564 0.162678
vt 0.937198 0.140050
vt 0.924831 0.162678
vt 0.907508 0.133889
vt 0.956834 0.242789
vt 0.956337 0.242789
vt 0.976356 0.236176
vt 0.970327 0.236176
vt 0.954314 0.004668
vt 0.941195 0.004668
vt 0.936315 0.001864
vt 0.984959 0.106654
vt 0.977577 0.106333
vt 0.976717 0.122489
vt 0.948742 0.119610
vt 0.949562 0.105215
vt 0.936315 0.117772
vt 0.949562 0.105215
vt 0.948742 0.119610
vt 0.961119 0.121202
vt 0.977577 0.106333
vt 0.976717 0.122489
vt 0.984959 0.106654
vt 0.967007 0.106011
vt 0.390172 0.516412
vt 0.450401 0.526025
vt 0.430314 0.550745
vt 0.005798 0.063967
vt 0.016317 0.063979
vt 0.005812 0.050316
vt 0.013311 0.031487
vt 0.079368 0.090165
vt 0.076405 0.071180
vt 0.076427 0.064058
vt 0.005688 0.162504
vt 0.080061 0.109630
vt 0.065035 0.070860
vt 0.046272 0.023792
vt 0.035938 0.005572
vt 0.039337 0.014037
vt 0.056978 0.006323
vt 0.035630 0.027067
vt 0.084521 0.149916
vt 0.056030 0.037582
vt 0.067256 0.042574
vt 0.065410 0.026877
vt 0.074710 0.035312
vt 0.071879 0.053941
vt 0.077462 0.030068
vt 0.020561 0.006348
vt 0.035955 0.007695
vt 0.015260 0.012580
vt 0.027897 0.019582
vt 0.026673 0.035352
vt 0.024145 0.052784
vt 0.039813 0.032678
vt 0.033848 0.066978
vt 0.044593 0.043300
vt 0.054954 0.070550
vt 0.060053 0.052968
vt 0.082353 0.025117
vt 0.080408 0.027883
vt 0.006115 0.006328
vt 0.005833 0.024960
vt 0.093088 0.130177
vt 0.100589 0.141418
vt 0.785104 0.136981
vt 0.796294 0.128262
vt 0.782349 0.125456
vt 0.790210 0.102723
vt 0.787994 0.118567
vt 0.788189 0.120765
vt 0.797163 0.114580
vt 0.806270 0.111520
vt 0.781506 0.245056
vt 0.789577 0.238182
vt 0.779635 0.220019
vt 0.791299 0.200939
vt 0.775691 0.196335
vt 0.778239 0.122526
vt 0.787053 0.122434
vt 0.788338 0.124027
vt 0.768153 0.116959
vt 0.766417 0.118806
vt 0.781980 0.120910
vt 0.781820 0.120821
vt 0.719401 0.569336
vt 0.750977 0.566732
vt 0.719401 0.694336
vt 0.826969 0.074380
vt 0.815109 0.101961
vt 0.834126 0.096431
vt 0.805746 0.080776
vt 0.783894 0.061588
vt 0.806378 0.137812
vt 0.766579 0.108097
vt 0.782905 0.111942
vt 0.519219 0.456618
vt 0.505148 0.456618
vt 0.505071 0.397645
vt 0.780327 0.120623
vt 0.820405 0.127006
vt 0.819270 0.060274
vt 0.016317 0.063979
vt 0.013311 0.031487
vt 0.076427 0.064058
vt 0.076405 0.071180
vt 0.079368 0.090165
vt 0.024145 0.052784
vt 0.065035 0.070860
vt 0.080061 0.109630
vt 0.052106 0.022077
vt 0.055532 0.014928
vt 0.065410 0.026877
vt 0.046272 0.023792
vt 0.035630 0.027067
vt 0.056978 0.006323
vt 0.035938 0.005572
vt 0.084521 0.149916
vt 0.039813 0.032678
vt 0.039337 0.014037
vt 0.044593 0.043300
vt 0.027897 0.019582
vt 0.015260 0.012580
vt 0.035955 0.007695
vt 0.026673 0.035352
vt 0.033848 0.066978
vt 0.054954 0.070550
vt 0.060053 0.052968
vt 0.071879 0.053941
vt 0.080408 0.027883
vt 0.082353 0.025117
vt 0.077462 0.030068
vt 0.074710 0.035312
vt 0.067256 0.042574
vt 0.093088 0.130177
vt 0.100589 0.141418
vt 0.056030 0.037582
vt 0.739844 0.409375
vt 0.743750 0.346094
vt 0.725000 0.356250
vt 0.663279 0.293816
vt 0.637418 0.296680
vt 0.640112 0.311144
vt 0.811889 0.429813
vt 0.986294 0.387134
vt 0.663535 0.214713
vt 0.701563 0.360156
vt 0.672352 0.490862
vt 0.697149 0.410438
vt 0.676785 0.402496
vt 0.738281 0.472656
vt 0.664364 0.263960
vt 0.686049 0.270813
vt 0.648734 0.270830
vt 0.640338 0.280629
vt 0.655788 0.322946
vt 0.326282 0.358819
vt 0.356042 0.362244
vt 0.312625 0.362453
vt 0.382988 0.352428
vt 0.355059 0.368109
vt 0.299704 0.368414
vt 0.301663 0.339919
vt 0.284662 0.341827
vt 0.383015 0.352423
vt 0.378736 0.360848
vt 0.356056 0.362241
vt 0.312625 0.362453
vt 0.414279 0.328797
vt 0.356632 0.348561
vt 0.400259 0.344320
vt 0.463358 0.330756
vt 0.463307 0.330757
vt 0.474047 0.329955
vt 0.326282 0.358819
vt 0.333914 0.332422
vt 0.301659 0.339919
vt 0.808036 0.378906
vt 0.775112 0.357701
vt 0.808036 0.339844
vt 0.213224 0.237569
vt 0.234303 0.218904
vt 0.190744 0.241955
vt 0.520937 0.397091
vt 0.603643 0.456618
vt 0.601924 0.397091
vt 0.617665 0.397640
vt 0.537157 0.485240
vt 0.516716 0.493178
vt 0.606145 0.493178
vt 0.585704 0.485240
vt 0.617713 0.456618
vt 0.620703 0.452734
vt 0.603906 0.456641
vt 0.606250 0.493750
vt 0.187501 0.486800
vt 0.153881 0.471222
vt 0.221120 0.471221
vt 0.187499 0.388509
vt 0.221119 0.404087
vt 0.153880 0.404088
vt 0.315805 0.467962
vt 0.308546 0.470384
vt 0.316759 0.471710
vt 0.328704 0.459291
vt 0.294342 0.475851
vt 0.326812 0.483147
vt 0.297796 0.445847
vt 0.328719 0.432403
vt 0.297852 0.417459
vt 0.326187 0.411220
vt 0.321485 0.393409
vt 0.317837 0.389534
vt 0.292105 0.401756
vt 0.328589 0.395658
vt 0.337469 0.398796
vt 0.334446 0.408104
vt 0.315545 0.446162
vt 0.327668 0.446162
vt 0.324273 0.442788
vt 0.344254 0.491208
vt 0.353960 0.480398
vt 0.344223 0.480744
vt 0.348070 0.410123
vt 0.359767 0.410108
vt 0.349041 0.399821
vt 0.372275 0.403512
vt 0.374906 0.440376
vt 0.374906 0.426712
vt 0.361707 0.433308
vt 0.350917 0.421482
vt 0.350982 0.433043
vt 0.349829 0.445847
vt 0.348189 0.470281
vt 0.324273 0.449536
vt 0.308005 0.428027
vt 0.316182 0.429423
vt 0.315970 0.423899
vt 0.304715 0.424744
vt 0.304993 0.467125
vt 0.347762 0.458279
vt 0.324458 0.463782
vt 0.328011 0.467041
vt 0.324455 0.428113
vt 0.349041 0.399124
vt 0.308239 0.421497
vt 0.359747 0.457918
vt 0.323566 0.399715
vt 0.307883 0.442788
vt 0.304488 0.446162
vt 0.372319 0.464986
vt 0.364959 0.486551
vt 0.327979 0.424866
vt 0.324689 0.421583
vt 0.324822 0.470325
vt 0.316078 0.441391
vt 0.372275 0.417176
vt 0.372319 0.451322
vt 0.316512 0.420188
vt 0.307883 0.449536
vt 0.316245 0.462457
vt 0.308182 0.463841
vt 0.334467 0.383268
vt 0.316078 0.450934
vt 0.364959 0.474656
vt 0.375514 0.385192
vt 0.375646 0.383885
vt 0.375749 0.385215
vt 0.375685 0.386716
vt 0.376071 0.388951
vt 0.375275 0.390375
vt 0.375275 0.389000
vt 0.374585 0.391407
vt 0.374459 0.391404
vt 0.374522 0.390429
vt 0.374522 0.389054
vt 0.376044 0.388111
vt 0.376036 0.391136
vt 0.375324 0.389918
vt 0.375377 0.390921
vt 0.376097 0.390619
vt 0.375324 0.389918
vt 0.376097 0.388462
vt 0.373690 0.390464
vt 0.373690 0.389219
vt 0.374402 0.389054
vt 0.376125 0.391006
vt 0.375275 0.390375
vt 0.375333 0.391378
vt 0.376254 0.390619
vt 0.375642 0.389936
vt 0.375685 0.390809
vt 0.373896 0.391406
vt 0.373896 0.390424
vt 0.373637 0.390865
vt 0.375188 0.389000
vt 0.375167 0.390375
vt 0.376036 0.388555
vt 0.375506 0.384156
vt 0.375300 0.385167
vt 0.375444 0.385323
vt 0.375489 0.386334
vt 0.373896 0.390464
vt 0.373896 0.389219
vt 0.374361 0.390429
vt 0.376254 0.388357
vt 0.376135 0.388652
vt 0.375275 0.389000
vt 0.376071 0.391462
vt 0.375167 0.390375
vt 0.375228 0.391378
vt 0.375377 0.390921
vt 0.375980 0.388111
vt 0.375167 0.389000
vt 0.435546 0.447400
vt 0.403278 0.447400
vt 0.435138 0.430814
vt 0.459908 0.404160
vt 0.428989 0.416410
vt 0.466418 0.476870
vt 0.461966 0.447400
vt 0.495264 0.458624
vt 0.450778 0.472754
vt 0.403278 0.414575
vt 0.423107 0.398342
vt 0.421654 0.398798
vt 0.497564 0.435741
vt 0.476150 0.411439
vt 0.459171 0.413184
vt 0.493350 0.413421
vt 0.493350 0.402883
vt 0.469248 0.399581
vt 0.490452 0.481104
vt 0.466418 0.489779
vt 0.428327 0.484874
vt 0.452810 0.392398
vt 0.424491 0.405246
vt 0.435138 0.468639
vt 0.476990 0.390937
vt 0.478608 0.401241
vt 0.480656 0.406232
vt 0.479713 0.402571
vt 0.487709 0.491307
vt 0.465004 0.495760
vt 0.403278 0.469819
vt 0.403278 0.424980
vt 0.451285 0.386132
vt 0.221120 0.471221
vt 0.153881 0.471222
vt 0.187501 0.486800
vt 0.153880 0.404088
vt 0.221119 0.404087
vt 0.187499 0.388509
vt 0.272608 0.411395
vt 0.289434 0.394357
vt 0.292105 0.401756
vt 0.317837 0.389534
vt 0.316759 0.471710
vt 0.308546 0.470384
vt 0.315805 0.467962
vt 0.324273 0.442788
vt 0.327668 0.446162
vt 0.315545 0.446162
vt 0.344223 0.480744
vt 0.353960 0.480398
vt 0.344254 0.491208
vt 0.349041 0.399821
vt 0.359767 0.410108
vt 0.348070 0.410123
vt 0.372275 0.403512
vt 0.361707 0.433308
vt 0.374906 0.426712
vt 0.374906 0.440376
vt 0.350917 0.421482
vt 0.349829 0.445847
vt 0.328719 0.432403
vt 0.350982 0.433043
vt 0.272608 0.469377
vt 0.294342 0.475851
vt 0.291116 0.485178
vt 0.328704 0.459291
vt 0.348189 0.470281
vt 0.326812 0.483147
vt 0.324273 0.449536
vt 0.315970 0.423899
vt 0.316182 0.429423
vt 0.308005 0.428027
vt 0.304715 0.424744
vt 0.326187 0.411220
vt 0.304993 0.467125
vt 0.347762 0.458279
vt 0.328011 0.467041
vt 0.324458 0.463782
vt 0.324455 0.428113
vt 0.349041 0.399124
vt 0.321485 0.393409
vt 0.328589 0.395658
vt 0.308239 0.421497
vt 0.359747 0.457918
vt 0.323566 0.399715
vt 0.304488 0.446162
vt 0.307883 0.442788
vt 0.372319 0.464986
vt 0.364959 0.486551
vt 0.324689 0.421583
vt 0.327979 0.424866
vt 0.324822 0.470325
vt 0.316078 0.441391
vt 0.372275 0.417176
vt 0.372319 0.451322
vt 0.316512 0.420188
vt 0.307883 0.449536
vt 0.308182 0.463841
vt 0.316245 0.462457
vt 0.334467 0.383268
vt 0.337469 0.398796
vt 0.316078 0.450934
vt 0.313350 0.380483
vt 0.325153 0.491910
vt 0.364959 0.474656
vt 0.293378 0.406705
vt 0.297852 0.417459
vt 0.272608 0.422316
vt 0.375749 0.385215
vt 0.375646 0.383885
vt 0.375514 0.385192
vt 0.375685 0.386716
vt 0.375642 0.388739
vt 0.375642 0.389936
vt 0.376135 0.388652
vt 0.375079 0.389983
vt 0.375032 0.390832
vt 0.375126 0.390834
vt 0.376071 0.388951
vt 0.375275 0.390375
vt 0.376071 0.391462
vt 0.376178 0.387802
vt 0.376254 0.388357
vt 0.375642 0.388739
vt 0.374610 0.388930
vt 0.374610 0.388895
vt 0.374484 0.389276
vt 0.375275 0.389000
vt 0.376044 0.388111
vt 0.373896 0.389219
vt 0.373896 0.389179
vt 0.373671 0.389617
vt 0.375188 0.389000
vt 0.376036 0.388555
vt 0.375980 0.388111
vt 0.375167 0.390375
vt 0.375167 0.389000
vt 0.374293 0.391404
vt 0.374361 0.390429
vt 0.374428 0.391407
vt 0.373690 0.391406
vt 0.373690 0.390464
vt 0.373406 0.390865
vt 0.374033 0.388803
vt 0.373834 0.389240
vt 0.374033 0.388843
vt 0.373690 0.389219
vt 0.373690 0.389179
vt 0.373438 0.389617
vt 0.374428 0.391407
vt 0.374361 0.390429
vt 0.374293 0.391404
vt 0.375228 0.391378
vt 0.375105 0.391399
vt 0.375126 0.390834
vt 0.375032 0.390832
vt 0.375079 0.389983
vt 0.373690 0.390424
vt 0.373690 0.391406
vt 0.375685 0.390809
vt 0.375642 0.389936
vt 0.376254 0.390619
vt 0.375599 0.390827
vt 0.374440 0.390363
vt 0.374610 0.389979
vt 0.374610 0.390834
vt 0.375444 0.385323
vt 0.375300 0.385167
vt 0.375506 0.384156
vt 0.375489 0.386334
vt 0.375105 0.391399
vt 0.375228 0.391378
vt 0.375167 0.390375
vt 0.374610 0.390834
vt 0.374610 0.390014
vt 0.375599 0.390827
vt 0.375685 0.390809
vt 0.376036 0.391136
vt 0.376125 0.391006
vt 0.375333 0.391378
vt 0.376097 0.390619
vt 0.375324 0.389918
vt 0.375377 0.390921
vt 0.375275 0.389000
vt 0.375324 0.388543
vt 0.376097 0.388462
vt 0.376097 0.387619
vt 0.375324 0.388543
vt 0.435138 0.430814
vt 0.403278 0.447400
vt 0.435546 0.447400
vt 0.428989 0.416410
vt 0.459908 0.404160
vt 0.495264 0.458624
vt 0.461966 0.447400
vt 0.466418 0.476870
vt 0.450778 0.472754
vt 0.421654 0.398798
vt 0.423107 0.398342
vt 0.403278 0.414575
vt 0.497564 0.435741
vt 0.476150 0.411439
vt 0.459171 0.413184
vt 0.493350 0.413421
vt 0.493350 0.402883
vt 0.469248 0.399581
vt 0.490452 0.481104
vt 0.466418 0.489779
vt 0.428327 0.484874
vt 0.452810 0.392398
vt 0.424491 0.405246
vt 0.435138 0.468639
vt 0.476990 0.390937
vt 0.478608 0.401241
vt 0.480656 0.406232
vt 0.479713 0.402571
vt 0.487709 0.491307
vt 0.465004 0.495760
vt 0.403278 0.469819
vt 0.403278 0.424980
vt 0.451285 0.386132
vt 0.030551 0.488884
vt 0.062511 0.495923
vt 0.094471 0.488884
vt 0.107381 0.389237
vt 0.094899 0.381590
vt 0.062511 0.379142
vt 0.030123 0.381590
vt 0.017641 0.389237
vt 0.990477 0.682918
vt 0.990481 0.644251
vt 0.973220 0.721804
vt 0.945750 0.643814
vt 0.942559 0.605116
vt 0.942551 0.682450
vt 0.945759 0.564546
vt 0.965552 0.721729
vt 0.945746 0.682482
vt 0.968157 0.255466
vt 0.968155 0.265054
vt 0.990522 0.255684
vt 0.990518 0.288472
vt 0.993685 0.565014
vt 0.993681 0.605615
vt 0.993680 0.611415
vt 0.687935 0.938936
vt 0.719411 0.921250
vt 0.719411 0.796002
vt 0.656459 0.942050
vt 0.656459 0.946557
vt 0.656459 0.796002
vt 0.216847 0.609207
vt 0.197861 0.563714
vt 0.193247 0.582518
vt 0.187768 0.600293
vt 0.139127 0.569513
vt 0.145944 0.580585
vt 0.088029 0.578002
vt 0.104049 0.600294
vt 0.212249 0.640635
vt 0.077196 0.639521
vt 0.050769 0.626192
vt 0.010628 0.588536
vt 0.030350 0.656542
vt 0.022800 0.591918
vt 0.039831 0.607244
vt 0.049278 0.649113
vt 0.240739 0.676247
vt 0.211332 0.687625
vt 0.220779 0.713826
vt 0.103208 0.705914
vt 0.087717 0.727368
vt 0.120207 0.740758
vt 0.188835 0.705965
vt 0.159259 0.744167
vt 0.199260 0.732844
vt 0.146012 0.720253
vt 0.228846 0.608995
vt 0.225830 0.643975
vt 0.244759 0.607984
vt 0.127558 0.530601
vt 0.134022 0.547481
vt 0.168820 0.532800
vt 0.020446 0.558748
vt 0.063578 0.542685
vt 0.051646 0.518055
vt 0.222476 0.564358
vt 0.207651 0.547454
vt 0.052711 0.695178
vt 0.685121 0.238405
vt 0.686107 0.214524
vt 0.649313 0.231005
vt 0.538933 0.240540
vt 0.551197 0.231575
vt 0.538933 0.224914
vt 0.538933 0.217455
vt 0.686106 0.200404
vt 0.569594 0.173498
vt 0.600255 0.175629
vt 0.600255 0.133005
vt 0.661578 0.196941
vt 0.624784 0.213366
vt 0.718994 0.175629
vt 0.744872 0.184154
vt 0.744872 0.150481
vt 0.630916 0.111693
vt 0.600255 0.111693
vt 0.569594 0.111693
vt 0.744872 0.111693
vt 0.744872 0.090381
vt 0.718994 0.090381
vt 0.686107 0.111693
vt 0.686107 0.133005
vt 0.718994 0.133005
vt 0.686107 0.090381
vt 0.686107 0.151120
vt 0.744872 0.133005
vt 0.569594 0.133005
vt 0.630916 0.153318
vt 0.630916 0.133005
vt 0.487131 0.239693
vt 0.470678 0.239693
vt 0.488752 0.222000
vt 0.475093 0.176897
vt 0.458579 0.168738
vt 0.454668 0.128469
vt 0.380846 0.007496
vt 0.380846 0.113495
vt 0.494358 0.232771
vt 0.492372 0.239693
vt 0.363999 0.240580
vt 0.365534 0.216454
vt 0.362038 0.231493
vt 0.365939 0.240580
vt 0.017906 0.756351
vt 0.038124 0.767400
vt 0.056482 0.760154
vt 0.079377 0.965733
vt 0.043631 0.962593
vt 0.044312 0.978676
vt 0.072045 0.945902
vt 0.108993 0.930082
vt 0.082684 0.913461
vt 0.097526 0.930940
vt 0.393634 0.794273
vt 0.391904 0.804223
vt 0.470182 0.777711
vt 0.148859 0.913833
vt 0.167030 0.925843
vt 0.196602 0.912133
vt 0.142289 0.940229
vt 0.173894 0.939266
vt 0.148007 0.963461
vt 0.329361 0.846928
vt 0.251447 0.850214
vt 0.252955 0.879358
vt 0.370845 0.912477
vt 0.325295 0.901554
vt 0.333012 0.922249
vt 0.368930 0.944475
vt 0.422893 0.936221
vt 0.433330 0.911314
vt 0.142779 0.820200
vt 0.133755 0.798077
vt 0.108676 0.798356
vt 0.168359 0.819653
vt 0.189985 0.846093
vt 0.251601 0.835705
vt 0.096136 0.778912
vt 0.114469 0.778521
vt 0.146657 0.844661
vt 0.324363 0.828850
vt 0.325589 0.821625
vt 0.384211 0.846544
vt 0.387268 0.818978
vt 0.172777 0.812426
vt 0.973220 0.721804
vt 0.990481 0.644251
vt 0.990477 0.682918
vt 0.990494 0.526316
vt 0.993685 0.565014
vt 0.990490 0.564983
vt 0.945746 0.682482
vt 0.945750 0.643814
vt 0.965552 0.721729
vt 0.968155 0.265054
vt 0.968157 0.255466
vt 0.990518 0.288472
vt 0.993680 0.611415
vt 0.993681 0.605615
vt 0.719411 0.796002
vt 0.719411 0.921250
vt 0.687935 0.938936
vt 0.782363 0.555706
vt 0.750887 0.555706
vt 0.750887 0.504981
vt 0.656459 0.946557
vt 0.656459 0.942050
vt 0.656459 0.796002
vt 0.748920 0.557631
vt 0.749576 0.506344
vt 0.684000 0.557631
vt 0.593507 0.555706
vt 0.530555 0.555706
vt 0.782363 0.568654
vt 0.748920 0.571407
vt 0.748920 0.696165
vt 0.782363 0.557631
vt 0.749524 0.506905
vt 0.750887 0.566729
vt 0.782363 0.560754
vt 0.782363 0.573700
vt 0.908267 0.694240
vt 0.908267 0.574304
vt 0.939743 0.566729
vt 0.782363 0.694240
vt 0.719411 0.694240
vt 0.804003 0.696165
vt 0.193247 0.582518
vt 0.197861 0.563714
vt 0.216847 0.609207
vt 0.187768 0.600293
vt 0.139127 0.569513
vt 0.145944 0.580585
vt 0.088029 0.578002
vt 0.104049 0.600294
vt 0.212249 0.640635
vt 0.077196 0.639521
vt 0.050769 0.626192
vt 0.022800 0.591918
vt 0.030350 0.656542
vt 0.010628 0.588536
vt 0.039831 0.607244
vt 0.049278 0.649113
vt 0.220779 0.713826
vt 0.211332 0.687625
vt 0.240739 0.676247
vt 0.120207 0.740758
vt 0.087717 0.727368
vt 0.103208 0.705914
vt 0.188835 0.705965
vt 0.199260 0.732844
vt 0.159259 0.744167
vt 0.146012 0.720253
vt 0.244759 0.607984
vt 0.225830 0.643975
vt 0.228846 0.608995
vt 0.168820 0.532800
vt 0.134022 0.547481
vt 0.127558 0.530601
vt 0.051646 0.518055
vt 0.063578 0.542685
vt 0.020446 0.558748
vt 0.207651 0.547454
vt 0.222476 0.564358
vt 0.052711 0.695178
vt 0.649313 0.231005
vt 0.686107 0.214524
vt 0.685121 0.238405
vt 0.538933 0.224914
vt 0.551197 0.231575
vt 0.538933 0.240540
vt 0.538933 0.217455
vt 0.686106 0.200404
vt 0.600255 0.133005
vt 0.600255 0.175629
vt 0.569594 0.173498
vt 0.624784 0.213366
vt 0.661578 0.196941
vt 0.744872 0.150481
vt 0.744872 0.184154
vt 0.718994 0.175629
vt 0.718994 0.090381
vt 0.744872 0.090381
vt 0.744872 0.111693
vt 0.686107 0.111693
vt 0.686107 0.090381
vt 0.718994 0.133005
vt 0.744872 0.133005
vt 0.569594 0.133005
vt 0.569594 0.111693
vt 0.630916 0.133005
vt 0.630916 0.153318
vt 0.488752 0.222000
vt 0.470678 0.239693
vt 0.487131 0.239693
vt 0.475093 0.176897
vt 0.454668 0.128469
vt 0.458579 0.168738
vt 0.494358 0.232771
vt 0.492372 0.239693
vt 0.362038 0.231493
vt 0.365534 0.216454
vt 0.363999 0.240580
vt 0.365939 0.240580
vt 0.148859 0.913833
vt 0.142289 0.940229
vt 0.108993 0.930082
vt 0.044312 0.978676
vt 0.043631 0.962593
vt 0.079377 0.965733
vt 0.072045 0.945902
vt 0.097526 0.930940
vt 0.082684 0.913461
vt 0.470182 0.777711
vt 0.391904 0.804223
vt 0.393634 0.794273
vt 0.196602 0.912133
vt 0.167030 0.925843
vt 0.173894 0.939266
vt 0.148007 0.963461
vt 0.252955 0.879358
vt 0.251447 0.850214
vt 0.329361 0.846928
vt 0.070753 0.798691
vt 0.108676 0.798356
vt 0.080509 0.820339
vt 0.142779 0.820200
vt 0.333012 0.922249
vt 0.325295 0.901554
vt 0.370845 0.912477
vt 0.368930 0.944475
vt 0.422893 0.936221
vt 0.433330 0.911314
vt 0.189985 0.846093
vt 0.146657 0.844661
vt 0.251601 0.835705
vt 0.325589 0.821625
vt 0.324363 0.828850
vt 0.387268 0.818978
vt 0.384211 0.846544
vt 0.133755 0.798077
vt 0.114469 0.778521
vt 0.172777 0.812426
vt 0.777344 0.121094
vt 0.777344 0.121094
vt 0.777344 0.121094
vt 0.777344 0.121094
vt 0.777344 0.121094
vt 0.777344 0.121094
vt 0.777344 0.121094
vt 0.777344 0.121094
vt 0.582537 0.456618
vt 0.540325 0.456618
vt 0.494691 0.284847
vt 0.490919 0.303279
vt 0.481937 0.285159
vt 0.479416 0.303792
vt 0.481944 0.285159
vt 0.479428 0.303792
vt 0.407692 0.289242
vt 0.409768 0.311238
vt 0.446828 0.287459
vt 0.447821 0.307106
vt 0.719411 0.728161
vt 0.719411 0.762081
vt 0.782363 0.728161
vt 0.782363 0.762081
vt 0.719411 0.694240
vt 0.530555 0.569482
vt 0.593507 0.571141
vt 0.748920 0.730086
vt 0.804003 0.730086
vt 0.748920 0.764006
vt 0.804003 0.764006
vt 0.719411 0.569399
vt 0.656459 0.687768
vt 0.656459 0.569399
vt 0.684000 0.571407
vt 0.530555 0.687768
vt 0.593507 0.677765
vt 0.684000 0.696165
vt 0.748920 0.695948
vt 0.719411 0.555706
vt 0.656459 0.555706
vt 0.755571 0.340064
vt 0.755580 0.310268
vt 0.808594 0.310268
vt 0.755580 0.278460
vt 0.808594 0.278460
vt 0.755571 0.340064
vt 0.808594 0.310268
vt 0.755580 0.310268
vt 0.808594 0.278460
vt 0.755580 0.278460
vt 0.809152 0.263393
vt 0.755877 0.263827
vt 0.271269 0.276765
vt 0.271698 0.311028
vt 0.288825 0.274111
vt 0.288172 0.308712
vt 0.271698 0.311028
vt 0.288167 0.308712
vt 0.284662 0.341827
vt 0.301659 0.339919
vt 0.257316 0.278106
vt 0.258137 0.311951
vt 0.322773 0.303955
vt 0.271269 0.276765
vt 0.446981 0.322300
vt 0.444645 0.332319
vt 0.271170 0.342065
vt 0.446837 0.287458
vt 0.447892 0.307103
vt 0.473355 0.319901
vt 0.463358 0.330756
vt 0.326764 0.303386
vt 0.333914 0.332422
vt 0.364407 0.297654
vt 0.368922 0.322777
vt 0.407726 0.289240
vt 0.409925 0.311221
vt 0.299704 0.368414
vt 0.323873 0.272296
vt 0.482554 0.319176
vt 0.474047 0.329955
vt 0.364397 0.297991
vt 0.407924 0.289062
vt 0.368862 0.323103
vt 0.410156 0.311384
vt 0.083177 0.342968
vt 0.092212 0.337682
vt 0.098633 0.322647
vt 0.106503 0.319347
vt 0.086809 0.334514
vt 0.092979 0.347345
vt 0.095287 0.347822
vt 0.090563 0.349964
vt 0.062271 0.265900
vt 0.056994 0.259682
vt 0.048632 0.277534
vt 0.089784 0.303973
vt 0.072446 0.287043
vt 0.073873 0.320186
vt 0.059358 0.310879
vt 0.101925 0.295749
vt 0.085992 0.272826
vt 0.105729 0.298285
vt 0.090674 0.277112
vt 0.077576 0.303375
vt 0.091963 0.315971
vt 0.107169 0.320707
vt 0.097892 0.331689
vt 0.092212 0.337682
vt 0.083177 0.342968
vt 0.106503 0.319347
vt 0.098633 0.322647
vt 0.086809 0.334514
vt 0.090563 0.349964
vt 0.095287 0.347822
vt 0.056994 0.259682
vt 0.062271 0.265900
vt 0.048632 0.277534
vt 0.073873 0.320186
vt 0.059358 0.310879
vt 0.089784 0.303973
vt 0.072446 0.287043
vt 0.101925 0.295749
vt 0.085992 0.272826
vt 0.105729 0.298285
vt 0.090674 0.277112
vt 0.091963 0.315971
vt 0.077576 0.303375
vt 0.107169 0.320707
vt 0.097892 0.331689
vt 0.689922 0.326753
vt 0.638028 0.278110
vt 0.635535 0.295670
vt 0.674389 0.340887
vt 0.677440 0.372675
vt 0.680106 0.372701
vt 0.653523 0.324310
vt 0.640817 0.313301
vt 0.655003 0.322386
vt 0.639557 0.310397
vt 0.695428 0.284529
vt 0.700067 0.280261
vt 0.647746 0.263800
vt 0.680260 0.305598
vt 0.666752 0.328011
vt 0.668290 0.326094
vt 0.666972 0.256161
vt 0.190680 0.310385
vt 0.218818 0.319055
vt 0.153942 0.305108
vt 0.234265 0.323297
vt 0.244706 0.324900
vt 0.225653 0.343958
vt 0.235764 0.347191
vt 0.232335 0.300182
vt 0.243134 0.301052
vt 0.153942 0.305108
vt 0.142647 0.303281
vt 0.147968 0.290604
vt 0.147968 0.290604
vt 0.155655 0.323323
vt 0.225653 0.343958
vt 0.235764 0.347191
vt 0.190680 0.310385
vt 0.232335 0.300182
vt 0.243134 0.301052
vt 0.218818 0.319055
vt 0.234265 0.323297
vt 0.244706 0.324900
vt 0.283203 0.524230
vt 0.283203 0.527905
vt 0.278026 0.525415
vt 0.278797 0.525355
vt 0.288735 0.527905
vt 0.288148 0.527905
vt 0.289020 0.526747
vt 0.288387 0.525955
vt 0.277622 0.523870
vt 0.277826 0.524042
vt 0.277039 0.525743
vt 0.277216 0.525755
vt 0.286173 0.517649
vt 0.283203 0.523584
vt 0.278904 0.524146
vt 0.278320 0.524097
vt 0.279359 0.522871
vt 0.278724 0.522962
vt 0.287630 0.519310
vt 0.279342 0.522291
vt 0.278697 0.522364
vt 0.278205 0.522996
vt 0.277893 0.522960
vt 0.284614 0.516912
vt 0.285595 0.517357
vt 0.281852 0.517279
vt 0.283203 0.517089
vt 0.281960 0.517889
vt 0.283203 0.517724
vt 0.280823 0.517727
vt 0.280958 0.518288
vt 0.286875 0.518378
vt 0.287427 0.519395
vt 0.286976 0.519473
vt 0.286801 0.518611
vt 0.286270 0.518815
vt 0.284446 0.517889
vt 0.284555 0.517279
vt 0.285448 0.518288
vt 0.285583 0.517727
vt 0.278564 0.521506
vt 0.279129 0.521485
vt 0.278979 0.519395
vt 0.279605 0.518611
vt 0.279430 0.519473
vt 0.280137 0.518815
vt 0.287277 0.521485
vt 0.287064 0.522291
vt 0.286460 0.521390
vt 0.286095 0.522242
vt 0.286972 0.518473
vt 0.286239 0.517825
vt 0.288123 0.520465
vt 0.287643 0.519355
vt 0.280311 0.522242
vt 0.279946 0.521390
vt 0.288244 0.521462
vt 0.288580 0.524042
vt 0.288784 0.523870
vt 0.289190 0.525755
vt 0.289367 0.525743
vt 0.288202 0.522996
vt 0.288513 0.522908
vt 0.288164 0.522374
vt 0.288477 0.522308
vt 0.805695 0.205411
vt 0.803633 0.238788
vt 0.765420 0.118421
vt 0.766890 0.118680
vt 0.757143 0.117519
vt 0.757143 0.117976
vt 0.767271 0.125369
vt 0.768472 0.140645
vt 0.757143 0.125021
vt 0.757143 0.140740
vt 0.460938 0.535156
vt 0.460938 0.535156
vt 0.460938 0.535156
vt 0.460938 0.535156
vt 0.649219 0.231250
vt 0.661719 0.197266
vt 0.685938 0.200391
vt 0.685938 0.186719
vt 0.757143 0.076753
vt 0.757143 0.065934
vt 0.922086 0.223669
vt 0.920233 0.205260
vt 0.952310 0.223669
vt 0.954163 0.205260
vt 0.874459 0.183877
vt 0.877842 0.184228
vt 0.875667 0.205260
vt 0.877761 0.205611
vt 0.883529 0.223669
vt 0.884725 0.223669
vt 0.882852 0.162679
vt 0.879196 0.162678
vt 0.972932 0.130139
vt 0.987864 0.148099
vt 0.921723 0.183877
vt 0.952672 0.183877
vt 0.996553 0.184228
vt 0.978704 0.183877
vt 0.996635 0.205611
vt 0.978694 0.205260
vt 0.989671 0.223669
vt 0.975069 0.223669
vt 0.974933 0.236176
vt 0.964375 0.236176
vt 0.947951 0.236176
vt 0.926444 0.236176
vt 0.950382 0.090820
vt 0.950382 0.090820
vt 0.986236 0.090820
vt 0.993201 0.090820
vt 0.951878 0.067944
vt 0.951878 0.067944
vt 0.982755 0.024614
vt 0.968424 0.024614
vt 0.970224 0.011566
vt 0.959745 0.011566
vt 0.948694 0.024614
vt 0.948694 0.024614
vt 0.945381 0.011566
vt 0.945381 0.011566
vt 0.972896 0.090820
vt 0.973934 0.043820
vt 0.950795 0.043820
vt 0.975708 0.067944
vt 0.991295 0.067944
vt 0.998537 0.067944
vt 0.950795 0.043820
vt 0.990677 0.043820
vt 0.990677 0.043820
vt 0.997386 0.043820
vt 0.982755 0.024614
vt 0.989613 0.024614
vt 0.991295 0.067944
vt 0.970224 0.011566
vt 0.975216 0.011566
vt 0.986236 0.090820
vt 0.993201 0.090820
vt 0.998537 0.067944
vt 0.997386 0.043820
vt 0.989613 0.024614
vt 0.975216 0.011566
vt 0.961119 0.121202
vt 0.967007 0.106011
vt 0.457076 0.516718
vt 0.457332 0.513003
vt 0.461192 0.518639
vt 0.459579 0.516255
vt 0.463151 0.518464
vt 0.462645 0.520049
vt 0.464879 0.518302
vt 0.463880 0.519550
vt 0.467229 0.516813
vt 0.466958 0.517239
vt 0.467229 0.516813
vt 0.466958 0.517239
vt 0.464879 0.518302
vt 0.463880 0.519550
vt 0.462645 0.520049
vt 0.459579 0.516255
vt 0.463151 0.518464
vt 0.461192 0.518639
vt 0.457076 0.516718
vt 0.457332 0.513003
vt 0.049154 0.159407
vt 0.051162 0.204177
vt 0.082873 0.156286
vt 0.088042 0.204180
vt 0.104887 0.155528
vt 0.114097 0.204195
vt 0.118890 0.151641
vt 0.120822 0.204219
vt 0.083354 0.246607
vt 0.046529 0.246606
vt 0.110386 0.246609
vt 0.118604 0.246612
vt 0.803633 0.238788
vt 0.805695 0.205411
vt 0.765420 0.118421
vt 0.766890 0.118680
vt 0.767914 0.094369
vt 0.757143 0.091853
vt 0.779062 0.098546
vt 0.768472 0.140645
vt 0.767271 0.125369
vt 0.775783 0.080747
vt 0.779838 0.071168
vt 0.082873 0.156286
vt 0.104887 0.155528
vt 0.088042 0.204180
vt 0.114097 0.204195
vt 0.049154 0.159407
vt 0.051162 0.204177
vt 0.118890 0.151641
vt 0.120822 0.204219
vt 0.046529 0.246606
vt 0.083354 0.246607
vt 0.110386 0.246609
vt 0.118604 0.246612
vt 0.681422 0.306420
vt 0.669274 0.326596
vt 0.691229 0.327245
vt 0.675463 0.341157
vt 0.681265 0.372475
vt 0.707812 0.309375
vt 0.696816 0.285679
vt 0.288172 0.308712
vt 0.271698 0.311028
vt 0.271170 0.342065
vt 0.423066 0.336343
vt 0.422930 0.336360
vt 0.444645 0.332319
vt 0.444528 0.332327
vt 0.258137 0.311951
vt 0.301560 0.252405
vt 0.288820 0.274111
vt 0.333559 0.252405
vt 0.327807 0.272095
vt 0.282737 0.252405
vt 0.271269 0.276765
vt 0.269561 0.252405
vt 0.257316 0.278106
vt 0.282737 0.252405
vt 0.271269 0.276765
vt 0.301560 0.252405
vt 0.288825 0.274111
vt 0.364496 0.271597
vt 0.367440 0.252405
vt 0.284662 0.341827
vt 0.271698 0.311028
vt 0.809152 0.263393
vt 0.755877 0.263827
vt 0.808594 0.278460
vt 0.755580 0.278460
vt 0.808594 0.278460
vt 0.755580 0.278460
vt 0.808594 0.310268
vt 0.755580 0.310268
vt 0.808036 0.339844
vt 0.755571 0.340064
vt 0.755580 0.310268
vt 0.808594 0.310268
vt 0.755571 0.340064
vt 0.540481 0.396310
vt 0.561431 0.393513
vt 0.561431 0.456618
vt 0.561431 0.481470
vt 0.582380 0.396310
vt 0.138277 0.437655
vt 0.236722 0.437654
vt 0.293378 0.406705
vt 0.325153 0.491910
vt 0.291116 0.485178
vt 0.324987 0.496602
vt 0.290524 0.490446
vt 0.256697 0.488673
vt 0.264991 0.488673
vt 0.256697 0.475098
vt 0.264991 0.475098
vt 0.272608 0.422316
vt 0.272608 0.411395
vt 0.264991 0.416595
vt 0.264991 0.403019
vt 0.264991 0.445847
vt 0.256697 0.445847
vt 0.256697 0.403019
vt 0.256697 0.416595
vt 0.272608 0.445846
vt 0.272608 0.469377
vt 0.272608 0.480297
vt 0.376210 0.385317
vt 0.376092 0.383650
vt 0.376720 0.385413
vt 0.376613 0.383737
vt 0.377313 0.385390
vt 0.377129 0.387381
vt 0.376658 0.387072
vt 0.376145 0.387046
vt 0.375880 0.386629
vt 0.376451 0.386850
vt 0.375820 0.385297
vt 0.376398 0.385367
vt 0.375902 0.383949
vt 0.376492 0.384049
vt 0.374293 0.391404
vt 0.374293 0.391404
vt 0.374428 0.391407
vt 0.374428 0.391407
vt 0.375032 0.390832
vt 0.375032 0.390832
vt 0.374610 0.390834
vt 0.374610 0.390834
vt 0.374522 0.390429
vt 0.374522 0.389054
vt 0.373896 0.389179
vt 0.373671 0.389617
vt 0.373690 0.391406
vt 0.373690 0.391406
vt 0.374585 0.391407
vt 0.375218 0.391399
vt 0.375218 0.391399
vt 0.373896 0.391406
vt 0.375126 0.390834
vt 0.375126 0.390834
vt 0.375599 0.390827
vt 0.375599 0.390827
vt 0.373406 0.390865
vt 0.373438 0.389617
vt 0.375105 0.391399
vt 0.375105 0.391399
vt 0.375079 0.389983
vt 0.375642 0.389936
vt 0.374678 0.390950
vt 0.374560 0.390947
vt 0.374678 0.390950
vt 0.374560 0.390947
vt 0.375270 0.390942
vt 0.375270 0.390942
vt 0.374033 0.390950
vt 0.374033 0.390950
vt 0.374459 0.391404
vt 0.377236 0.383769
vt 0.384529 0.419529
vt 0.384529 0.406595
vt 0.394302 0.419529
vt 0.394302 0.406595
vt 0.424391 0.489894
vt 0.403278 0.480224
vt 0.394302 0.488206
vt 0.394302 0.475270
vt 0.384529 0.488206
vt 0.384529 0.475270
vt 0.394302 0.447399
vt 0.384529 0.447399
vt 0.236722 0.437654
vt 0.138277 0.437655
vt 0.324987 0.496602
vt 0.344254 0.491929
vt 0.297796 0.445847
vt 0.272608 0.445846
vt 0.256697 0.475098
vt 0.264991 0.475098
vt 0.256697 0.488673
vt 0.264991 0.488673
vt 0.264991 0.416595
vt 0.264991 0.403019
vt 0.256697 0.445847
vt 0.264991 0.445847
vt 0.256697 0.416595
vt 0.256697 0.403019
vt 0.272608 0.480297
vt 0.290524 0.490446
vt 0.376720 0.385413
vt 0.376613 0.383737
vt 0.376210 0.385317
vt 0.376092 0.383650
vt 0.376658 0.387072
vt 0.377313 0.385390
vt 0.377129 0.387381
vt 0.375880 0.386629
vt 0.376451 0.386850
vt 0.376145 0.387046
vt 0.375902 0.383949
vt 0.376492 0.384049
vt 0.375820 0.385297
vt 0.376398 0.385367
vt 0.373896 0.391406
vt 0.373896 0.391406
vt 0.374459 0.391404
vt 0.374459 0.391404
vt 0.374522 0.389054
vt 0.374522 0.389054
vt 0.375218 0.391399
vt 0.375218 0.391399
vt 0.374585 0.391407
vt 0.374585 0.391407
vt 0.374619 0.388598
vt 0.374619 0.388598
vt 0.374678 0.390950
vt 0.374560 0.390947
vt 0.374678 0.390950
vt 0.374560 0.390947
vt 0.375270 0.390942
vt 0.375270 0.390942
vt 0.374033 0.390950
vt 0.374033 0.390950
vt 0.377236 0.383769
vt 0.394302 0.419529
vt 0.394302 0.406595
vt 0.384529 0.419529
vt 0.384529 0.406595
vt 0.424391 0.489894
vt 0.403278 0.480224
vt 0.394302 0.475270
vt 0.394302 0.488206
vt 0.384529 0.475270
vt 0.384529 0.488206
vt 0.384529 0.447399
vt 0.394302 0.447399
vt 0.115640 0.413896
vt 0.009382 0.413896
vt 0.006751 0.439149
vt 0.118271 0.439149
vt 0.117263 0.469871
vt 0.007759 0.469871
vt 0.945767 0.487212
vt 0.942572 0.487180
vt 0.945763 0.525879
vt 0.942568 0.525848
vt 0.945783 0.326703
vt 0.945787 0.288036
vt 0.942564 0.564515
vt 0.942559 0.610916
vt 0.945791 0.255248
vt 0.669083 0.701428
vt 0.654223 0.690057
vt 0.655998 0.711409
vt 0.654223 0.692254
vt 0.924195 0.607327
vt 0.870346 0.790951
vt 0.970083 0.323438
vt 0.923157 0.503438
vt 0.541720 0.690057
vt 0.541720 0.692254
vt 0.563998 0.690057
vt 0.563998 0.692254
vt 0.587389 0.692254
vt 0.609667 0.692254
vt 0.587389 0.690057
vt 0.609667 0.690057
vt 0.631945 0.692254
vt 0.631945 0.690057
vt 0.656459 0.728161
vt 0.782363 0.796002
vt 0.530555 0.969601
vt 0.634819 0.827800
vt 0.593507 0.959582
vt 0.773095 0.766474
vt 0.656459 0.762081
vt 0.593507 0.762081
vt 0.593507 0.728161
vt 0.530555 0.762081
vt 0.530555 0.728161
vt 0.656459 0.942074
vt 0.597441 0.958468
vt 0.595966 0.953807
vt 0.748920 0.797927
vt 0.804003 0.797927
vt 0.804003 0.976990
vt 0.804003 0.991209
vt 0.748920 0.983366
vt 0.749138 0.993133
vt 0.782363 0.940020
vt 0.684000 0.797927
vt 0.684000 0.983366
vt 0.748920 0.983562
vt 0.748920 0.798866
vt 0.684000 0.820081
vt 0.530555 0.796002
vt 0.593507 0.796002
vt 0.684000 0.730086
vt 0.684000 0.764006
vt 0.211610 0.520280
vt 0.239930 0.558402
vt 0.229211 0.608948
vt 0.240186 0.558486
vt 0.076255 0.558868
vt 0.122451 0.504660
vt 0.170296 0.507813
vt 0.744872 0.199286
vt 0.718994 0.190548
vt 0.744872 0.214417
vt 0.718994 0.205466
vt 0.744872 0.237873
vt 0.718994 0.223936
vt 0.575726 0.214618
vt 0.538933 0.194810
vt 0.718994 0.005133
vt 0.686107 0.005133
vt 0.569594 0.090381
vt 0.538933 0.090381
vt 0.538933 0.111693
vt 0.630916 0.090381
vt 0.600255 0.090381
vt 0.661578 0.133005
vt 0.661578 0.111693
vt 0.538933 0.133005
vt 0.506591 0.111693
vt 0.506591 0.133005
vt 0.661578 0.090381
vt 0.630916 0.005133
vt 0.600255 0.005133
vt 0.506591 0.090381
vt 0.506591 0.005133
vt 0.538933 0.005133
vt 0.569594 0.005133
vt 0.744872 0.005133
vt 0.661578 0.005133
vt 0.506591 0.237873
vt 0.506591 0.214417
vt 0.506591 0.199286
vt 0.506591 0.184154
vt 0.538933 0.161137
vt 0.506591 0.150481
vt 0.686106 0.186285
vt 0.661578 0.154783
vt 0.380846 0.168737
vt 0.380846 0.242139
vt 0.445812 0.239682
vt 0.328011 0.140989
vt 0.366082 0.160958
vt 0.331629 0.069266
vt 0.367357 0.072998
vt 0.318509 0.186840
vt 0.255068 0.066488
vt 0.255068 0.048582
vt 0.321919 0.046788
vt 0.255068 0.130966
vt 0.255068 0.175203
vt 0.317690 0.203771
vt 0.369119 0.004027
vt 0.310503 0.010630
vt 0.368397 0.040318
vt 0.255068 0.193775
vt 0.255068 0.013374
vt 0.217560 0.917340
vt 0.153564 0.961248
vt 0.177014 0.939074
vt 0.219222 0.918139
vt 0.257543 0.911246
vt 0.260304 0.912200
vt 0.301603 0.914703
vt 0.298884 0.913735
vt 0.255114 0.901263
vt 0.300025 0.899414
vt 0.054411 0.991868
vt 0.103707 0.985552
vt 0.052688 0.993070
vt 0.098939 0.986716
vt 0.324768 0.878385
vt 0.446872 0.814018
vt 0.189010 0.878426
vt 0.149422 0.876639
vt 0.424334 0.973451
vt 0.384715 0.965886
vt 0.496998 0.936054
vt 0.496998 0.987899
vt 0.365560 0.943461
vt 0.333629 0.922017
vt 0.442859 0.844088
vt 0.496998 0.843372
vt 0.496998 0.813328
vt 0.431050 0.754932
vt 0.470603 0.760036
vt 0.496998 0.753740
vt 0.496998 0.757758
vt 0.464054 0.769658
vt 0.496998 0.764315
vt 0.496998 0.910974
vt 0.945763 0.525879
vt 0.942568 0.525848
vt 0.945767 0.487212
vt 0.942572 0.487180
vt 0.942564 0.564515
vt 0.945759 0.564546
vt 0.655998 0.711409
vt 0.654223 0.692254
vt 0.669083 0.701428
vt 0.654223 0.690057
vt 0.970083 0.323438
vt 0.923157 0.503438
vt 0.924195 0.607327
vt 0.870346 0.790951
vt 0.563998 0.690057
vt 0.563998 0.692254
vt 0.541720 0.690057
vt 0.541720 0.692254
vt 0.587389 0.690057
vt 0.609667 0.690057
vt 0.587389 0.692254
vt 0.609667 0.692254
vt 0.631945 0.690057
vt 0.631945 0.692254
vt 0.656459 0.569399
vt 0.656459 0.555706
vt 0.719411 0.569399
vt 0.719411 0.555706
vt 0.748920 0.695948
vt 0.684000 0.696165
vt 0.684000 0.571407
vt 0.656459 0.728161
vt 0.656459 0.687768
vt 0.719411 0.728161
vt 0.719411 0.762081
vt 0.782363 0.762081
vt 0.782363 0.796002
vt 0.593507 0.959582
vt 0.773095 0.766474
vt 0.530555 0.969601
vt 0.634819 0.827800
vt 0.656459 0.762081
vt 0.530555 0.762081
vt 0.530555 0.728161
vt 0.593507 0.762081
vt 0.593507 0.728161
vt 0.593507 0.571141
vt 0.593507 0.677765
vt 0.530555 0.569482
vt 0.530555 0.687768
vt 0.597441 0.958468
vt 0.595966 0.953807
vt 0.656459 0.942074
vt 0.748920 0.797927
vt 0.804003 0.797927
vt 0.748920 0.764006
vt 0.804003 0.764006
vt 0.748920 0.730086
vt 0.804003 0.730086
vt 0.748920 0.983366
vt 0.749138 0.993133
vt 0.804003 0.976990
vt 0.804003 0.991209
vt 0.782363 0.940020
vt 0.684000 0.983366
vt 0.748920 0.983562
vt 0.684000 0.797927
vt 0.684000 0.820081
vt 0.748920 0.798866
vt 0.530555 0.796002
vt 0.593507 0.796002
vt 0.684000 0.730086
vt 0.684000 0.764006
vt 0.782363 0.728161
vt 0.211610 0.520280
vt 0.239930 0.558402
vt 0.240186 0.558486
vt 0.229211 0.608948
vt 0.076255 0.558868
vt 0.122451 0.504660
vt 0.170296 0.507813
vt 0.744872 0.214417
vt 0.718994 0.205466
vt 0.744872 0.199286
vt 0.718994 0.190548
vt 0.744872 0.237873
vt 0.718994 0.223936
vt 0.600255 0.207866
vt 0.686107 0.151120
vt 0.686106 0.186285
vt 0.661578 0.154783
vt 0.575726 0.214618
vt 0.538933 0.194810
vt 0.538933 0.161137
vt 0.686107 0.005133
vt 0.718994 0.005133
vt 0.538933 0.111693
vt 0.569594 0.090381
vt 0.538933 0.090381
vt 0.630916 0.111693
vt 0.600255 0.111693
vt 0.630916 0.090381
vt 0.600255 0.090381
vt 0.538933 0.133005
vt 0.661578 0.090381
vt 0.661578 0.111693
vt 0.630916 0.005133
vt 0.600255 0.005133
vt 0.538933 0.005133
vt 0.569594 0.005133
vt 0.744872 0.005133
vt 0.661578 0.005133
vt 0.661578 0.133005
vt 0.686107 0.133005
vt 0.445812 0.239682
vt 0.331629 0.069266
vt 0.367357 0.072998
vt 0.328011 0.140989
vt 0.366082 0.160958
vt 0.318509 0.186840
vt 0.321919 0.046788
vt 0.317690 0.203771
vt 0.368397 0.040318
vt 0.369119 0.004027
vt 0.310503 0.010630
vt 0.217560 0.917340
vt 0.149422 0.876639
vt 0.085558 0.876833
vt 0.085702 0.844465
vt 0.177014 0.939074
vt 0.153564 0.961248
vt 0.219222 0.918139
vt 0.257543 0.911246
vt 0.260304 0.912200
vt 0.052688 0.993070
vt 0.098939 0.986716
vt 0.054411 0.991868
vt 0.103707 0.985552
vt 0.255114 0.901263
vt 0.189010 0.878426
vt 0.384715 0.965886
vt 0.424334 0.973451
vt 0.365560 0.943461
vt 0.333629 0.922017
vt 0.446872 0.814018
vt 0.442859 0.844088
vt 0.431050 0.754932
vt 0.470603 0.760036
vt 0.464054 0.769658
vt 0.054809 0.779381
vt 0.096136 0.778912
vt 0.777344 0.121094
vt 0.777344 0.121094
vt 0.777344 0.121094
vt 0.777344 0.121094
vt 0.382813 0.421875
vt 0.382813 0.421875
vt 0.382813 0.421875
vt 0.382813 0.421875
vt 0.473340 0.319900
vt 0.446808 0.323520
vt 0.364401 0.297655
vt 0.406672 0.271739
vt 0.364502 0.271597
vt 0.406968 0.252405
vt 0.367440 0.252405
vt 0.356042 0.362244
vt 0.333559 0.252405
vt 0.463307 0.330757
vt 0.444528 0.332327
vt 0.422930 0.336360
vt 0.400178 0.344335
vt 0.382988 0.352428
vt 0.378736 0.360848
vt 0.288820 0.274111
vt 0.327807 0.272095
vt 0.364496 0.271597
vt 0.406669 0.270077
vt 0.442607 0.266129
vt 0.479620 0.266698
vt 0.491756 0.265353
vt 0.479624 0.266698
vt 0.442612 0.267791
vt 0.301560 0.252405
vt 0.282737 0.252405
vt 0.269561 0.252405
vt 0.282737 0.252405
vt 0.301560 0.252405
vt 0.333559 0.252405
vt 0.367440 0.252405
vt 0.406968 0.252405
vt 0.437085 0.252405
vt 0.469084 0.252405
vt 0.484142 0.252405
vt 0.469084 0.252405
vt 0.437085 0.252405
vt 0.939743 0.566729
vt 0.908267 0.574304
vt 0.908267 0.694240
vt 0.908267 0.562349
vt 0.939743 0.555706
vt 0.908267 0.555706
vt 0.845315 0.555706
vt 0.845315 0.559427
vt 0.845315 0.579411
vt 0.845315 0.694240
vt 0.845315 0.728161
vt 0.845315 0.762081
vt 0.845315 0.796002
vt 0.845315 0.947685
vt 0.845315 0.951716
vt 0.908267 0.728161
vt 0.908267 0.762081
vt 0.908267 0.796002
vt 0.908267 0.975065
vt 0.908267 0.986076
vt 0.223689 0.016612
vt 0.159478 0.016608
vt 0.193056 0.002989
vt 0.141011 0.055813
vt 0.238474 0.055819
vt 0.136897 0.091563
vt 0.235491 0.091569
vt 0.136897 0.091563
vt 0.235491 0.091569
vt 0.133418 0.112547
vt 0.239884 0.112553
vt 0.129946 0.139578
vt 0.244301 0.139585
vt 0.130441 0.180791
vt 0.247377 0.180798
vt 0.146084 0.218899
vt 0.167750 0.237566
vt 0.808036 0.415737
vt 0.756696 0.415737
vt 0.808036 0.450335
vt 0.756696 0.450335
vt 0.807478 0.470424
vt 0.756696 0.470424
vt 0.807478 0.482701
vt 0.756696 0.482701
vt 0.807478 0.470424
vt 0.756696 0.470424
vt 0.808036 0.450335
vt 0.756696 0.450335
vt 0.808036 0.415737
vt 0.756696 0.415737
vt 0.756696 0.378906
vt 0.038834 0.304802
vt 0.019100 0.300851
vt 0.002180 0.300596
vt 0.019100 0.300851
vt 0.038834 0.304802
vt 0.142647 0.303281
vt 0.172728 0.257153
vt 0.172728 0.257153
vt 0.285603 0.527905
vt 0.285903 0.526304
vt 0.287085 0.526052
vt 0.287609 0.525355
vt 0.288380 0.525415
vt 0.287502 0.524146
vt 0.288086 0.524097
vt 0.287047 0.522871
vt 0.287683 0.522962
vt 0.287709 0.522364
vt 0.287842 0.521506
vt 0.289266 0.526159
vt 0.287815 0.520481
vt 0.286197 0.518086
vt 0.283203 0.516708
vt 0.281793 0.516912
vt 0.280811 0.517357
vt 0.280167 0.517825
vt 0.280209 0.518086
vt 0.279434 0.518473
vt 0.278763 0.519355
vt 0.278283 0.520465
vt 0.278591 0.520481
vt 0.278162 0.521462
vt 0.278242 0.522374
vt 0.277140 0.526159
vt 0.277386 0.526747
vt 0.277672 0.527905
vt 0.281608 0.514941
vt 0.282105 0.514941
vt 0.283203 0.514941
vt 0.284301 0.514941
vt 0.284799 0.514941
vt 0.284953 0.514941
vt 0.284789 0.514941
vt 0.284271 0.514941
vt 0.283203 0.514941
vt 0.281939 0.516436
vt 0.282135 0.514941
vt 0.281617 0.514941
vt 0.281453 0.514941
vt 0.278776 0.519310
vt 0.279531 0.518378
vt 0.280234 0.517649
vt 0.280900 0.517077
vt 0.281844 0.516713
vt 0.283203 0.516497
vt 0.277930 0.522308
vt 0.820778 0.167718
vt 0.837884 0.127190
vt 0.844105 0.168413
vt 0.805615 0.164225
vt 0.792466 0.158226
vt 0.774665 0.159596
vt 0.757143 0.160567
vt 0.774665 0.159596
vt 0.792466 0.158226
vt 0.805615 0.164225
vt 0.820778 0.167718
vt 0.844105 0.168413
vt 0.837884 0.127190
vt 0.821229 0.209129
vt 0.851623 0.209248
vt 0.757143 0.174067
vt 0.821229 0.209129
vt 0.851623 0.209248
vt 0.767914 0.094369
vt 0.779062 0.098546
vt 0.790210 0.102723
vt 0.757143 0.080141
vt 0.769883 0.083422
vt 0.757143 0.055115
vt 0.783894 0.061588
vt 0.995199 0.162678
vt 0.997122 0.184416
vt 0.997533 0.206003
vt 0.990867 0.223669
vt 0.944291 0.242789
vt 0.930104 0.242789
vt 0.910020 0.236176
vt 0.899326 0.223669
vt 0.895701 0.205260
vt 0.895692 0.183877
vt 0.898941 0.162679
vt 0.890573 0.148918
vt 0.903874 0.130265
vt 0.886532 0.148099
vt 0.901464 0.130139
vt 0.972896 0.090820
vt 0.975708 0.067944
vt 0.973934 0.043820
vt 0.968424 0.024614
vt 0.959745 0.011566
vt 0.941195 0.004668
vt 0.954314 0.004668
vt 0.330810 0.722194
vt 0.311899 0.674428
vt 0.300764 0.679366
vt 0.333675 0.709672
vt 0.384562 0.732886
vt 0.373128 0.719353
vt 0.424177 0.714594
vt 0.410535 0.701120
vt 0.444479 0.671747
vt 0.429247 0.665317
vt 0.448492 0.609546
vt 0.432473 0.610973
vt 0.430314 0.550745
vt 0.416342 0.560784
vt 0.390172 0.516412
vt 0.394405 0.536489
vt 0.363758 0.516989
vt 0.365371 0.527538
vt 0.339562 0.522104
vt 0.342143 0.532973
vt 0.309927 0.557625
vt 0.321386 0.556539
vt 0.296393 0.611462
vt 0.307317 0.610813
vt 0.286160 0.612282
vt 0.300850 0.555989
vt 0.291732 0.684291
vt 0.332090 0.743046
vt 0.395997 0.746419
vt 0.452228 0.730226
vt 0.477132 0.685469
vt 0.472031 0.607886
vt 0.450401 0.526025
vt 0.365371 0.527538
vt 0.394405 0.536489
vt 0.363758 0.516989
vt 0.342143 0.532973
vt 0.339562 0.522104
vt 0.321386 0.556539
vt 0.309927 0.557625
vt 0.307317 0.610813
vt 0.296393 0.611462
vt 0.311899 0.674428
vt 0.300764 0.679366
vt 0.333675 0.709672
vt 0.330810 0.722194
vt 0.373128 0.719353
vt 0.384562 0.732886
vt 0.410535 0.701120
vt 0.424177 0.714594
vt 0.429247 0.665317
vt 0.444479 0.671747
vt 0.432473 0.610973
vt 0.448492 0.609546
vt 0.416342 0.560784
vt 0.472031 0.607886
vt 0.477132 0.685469
vt 0.452228 0.730226
vt 0.395997 0.746419
vt 0.332090 0.743046
vt 0.291732 0.684291
vt 0.286160 0.612282
vt 0.300850 0.555989
vt 0.006250 0.159053
vt 0.006531 0.204177
vt 0.006531 0.246606
vt 0.055532 0.014928
vt 0.052106 0.022077
vt 0.020561 0.006348
vt 0.645055 0.490862
vt 0.632551 0.447875
vt 0.628328 0.490860
vt 0.642952 0.426046
vt 0.659183 0.410605
vt 0.673910 0.396146
vt 0.678560 0.372450
vt 0.672054 0.341113
vt 0.667712 0.328483
vt 0.654285 0.324839
vt 0.641390 0.314003
vt 0.636029 0.296647
vt 0.638559 0.279361
vt 0.648423 0.265274
vt 0.667936 0.257754
vt 0.688173 0.264066
vt 0.701525 0.281478
vt 0.708734 0.305931
vt 0.400178 0.344335
vt 0.356584 0.348571
vt 0.333921 0.332422
vt 0.322773 0.303955
vt 0.323873 0.272296
vt 0.333559 0.252405
vt 0.288167 0.308712
vt 0.326764 0.303386
vt 0.368922 0.322777
vt 0.364407 0.297654
vt 0.409925 0.311221
vt 0.407726 0.289240
vt 0.447892 0.307103
vt 0.446837 0.287458
vt 0.479416 0.303792
vt 0.481937 0.285159
vt 0.490919 0.303279
vt 0.494691 0.284847
vt 0.479428 0.303792
vt 0.481944 0.285159
vt 0.447821 0.307106
vt 0.446828 0.287459
vt 0.409768 0.311238
vt 0.407692 0.289242
vt 0.368868 0.322785
vt 0.364401 0.297655
vt 0.406669 0.270077
vt 0.442607 0.266129
vt 0.479620 0.266698
vt 0.491756 0.265353
vt 0.479624 0.266698
vt 0.442612 0.267791
vt 0.406672 0.271739
vt 0.364502 0.271597
vt 0.406968 0.252405
vt 0.437085 0.252405
vt 0.469084 0.252405
vt 0.484142 0.252405
vt 0.469084 0.252405
vt 0.437085 0.252405
vt 0.406968 0.252405
vt 0.367440 0.252405
vt 0.446981 0.322300
vt 0.473355 0.319901
vt 0.482554 0.319176
vt 0.473340 0.319900
vt 0.446808 0.323520
vt 0.414014 0.328833
vt 0.756696 0.378906
vt 0.756696 0.415737
vt 0.808036 0.415737
vt 0.756696 0.450335
vt 0.808036 0.450335
vt 0.756696 0.470424
vt 0.807478 0.470424
vt 0.756696 0.482701
vt 0.807478 0.482701
vt 0.756696 0.470424
vt 0.807478 0.470424
vt 0.756696 0.450335
vt 0.808036 0.450335
vt 0.756696 0.415737
vt 0.808036 0.415737
vt 0.756696 0.378906
vt 0.808036 0.378906
vt 0.775112 0.357701
vt 0.167750 0.237566
vt 0.146084 0.218899
vt 0.247377 0.180798
vt 0.130441 0.180791
vt 0.244301 0.139585
vt 0.129946 0.139578
vt 0.239884 0.112553
vt 0.133418 0.112547
vt 0.235491 0.091569
vt 0.136897 0.091563
vt 0.235491 0.091569
vt 0.136897 0.091563
vt 0.238474 0.055819
vt 0.141011 0.055813
vt 0.223689 0.016612
vt 0.159478 0.016608
vt 0.193056 0.002989
vt 0.187500 0.498750
vt 0.229294 0.479382
vt 0.145707 0.479384
vt 0.126309 0.437654
vt 0.145705 0.395926
vt 0.187500 0.376559
vt 0.229293 0.395925
vt 0.248690 0.437654
vt 0.344254 0.491929
vt 0.289434 0.394357
vt 0.313350 0.380483
vt 0.373690 0.390424
vt 0.374361 0.390429
vt 0.375228 0.391378
vt 0.375324 0.388543
vt 0.374619 0.389972
vt 0.374619 0.388598
vt 0.374033 0.389968
vt 0.374033 0.388803
vt 0.373797 0.390408
vt 0.373834 0.389240
vt 0.374033 0.390008
vt 0.374033 0.388843
vt 0.374619 0.389972
vt 0.374619 0.388598
vt 0.375324 0.388543
vt 0.376097 0.387619
vt 0.375642 0.388739
vt 0.375079 0.388787
vt 0.374610 0.390014
vt 0.374610 0.388930
vt 0.374440 0.390363
vt 0.374484 0.389276
vt 0.374610 0.389979
vt 0.374610 0.388895
vt 0.375079 0.389983
vt 0.375079 0.388787
vt 0.375642 0.388739
vt 0.376178 0.387802
vt 0.375685 0.390809
vt 0.374361 0.389054
vt 0.373690 0.389179
vt 0.375333 0.391378
vt 0.229294 0.479382
vt 0.187500 0.498750
vt 0.248690 0.437654
vt 0.229293 0.395925
vt 0.187500 0.376559
vt 0.145705 0.395926
vt 0.126309 0.437654
vt 0.145707 0.479384
vt 0.334446 0.408104
vt 0.374361 0.389054
vt 0.374402 0.389054
vt 0.375324 0.389918
vt 0.375377 0.390921
vt 0.374619 0.389972
vt 0.374033 0.390008
vt 0.373797 0.390408
vt 0.374033 0.389968
vt 0.374619 0.389972
vt 0.375275 0.390375
vt 0.375333 0.391378
vt 0.374522 0.390429
vt 0.373896 0.390464
vt 0.373637 0.390865
vt 0.373896 0.390424
vt 0.374522 0.390429
vt 0.375079 0.388787
vt 0.375079 0.388787
vt 0.965549 0.746476
vt 0.973217 0.746551
vt 0.993672 0.682950
vt 0.993676 0.644282
vt 0.990490 0.564983
vt 0.990494 0.526316
vt 0.993689 0.526347
vt 0.990498 0.487648
vt 0.993693 0.487680
vt 0.990502 0.448981
vt 0.993697 0.449012
vt 0.990506 0.408381
vt 0.993701 0.408412
vt 0.990510 0.369713
vt 0.993705 0.369744
vt 0.990514 0.327140
vt 0.993709 0.327171
vt 0.993713 0.288504
vt 0.993717 0.255716
vt 0.993713 0.288504
vt 0.990514 0.327140
vt 0.993709 0.327171
vt 0.990510 0.369713
vt 0.993705 0.369744
vt 0.990506 0.408381
vt 0.993701 0.408412
vt 0.990502 0.448981
vt 0.993697 0.449012
vt 0.990498 0.487648
vt 0.993693 0.487680
vt 0.993689 0.526347
vt 0.945771 0.448544
vt 0.945775 0.407944
vt 0.945779 0.369277
vt 0.600255 0.207866
vt 0.085558 0.876833
vt 0.085702 0.844465
vt 0.080509 0.820339
vt 0.070753 0.798691
vt 0.054809 0.779381
vt 0.018832 0.766734
vt 0.002261 0.756486
vt 0.017906 0.756351
vt 0.056482 0.760154
vt 0.377589 0.877260
vt 0.437359 0.875424
vt 0.496998 0.874896
vt 0.437359 0.875424
vt 0.377589 0.877260
vt 0.324768 0.878385
vt 0.300025 0.899414
vt 0.298884 0.913735
vt 0.301603 0.914703
vt 0.002261 0.993648
vt 0.002284 0.994886
vt 0.002284 0.980832
vt 0.002284 0.963275
vt 0.002284 0.947245
vt 0.002284 0.914839
vt 0.002284 0.877034
vt 0.002284 0.844719
vt 0.002284 0.820408
vt 0.002284 0.798641
vt 0.002284 0.779594
vt 0.002284 0.766713
vt 0.018832 0.766734
vt 0.038124 0.767400
vt 0.496998 0.777155
vt 0.168359 0.819653
vt 0.252093 0.822431
vt 0.327018 0.811451
vt 0.398969 0.785464
vt 0.398969 0.785464
vt 0.327018 0.811451
vt 0.252093 0.822431
vt 0.945771 0.448544
vt 0.945775 0.407944
vt 0.945779 0.369277
vt 0.945783 0.326703
vt 0.945787 0.288036
vt 0.945791 0.255248
vt 0.993676 0.644282
vt 0.993672 0.682950
vt 0.973217 0.746551
vt 0.965549 0.746476
vt 0.942551 0.682450
vt 0.942559 0.605116
vt 0.942559 0.610916
vt 0.908267 0.562349
vt 0.939743 0.555706
vt 0.908267 0.555706
vt 0.845315 0.555706
vt 0.845315 0.559427
vt 0.845315 0.579411
vt 0.845315 0.694240
vt 0.845315 0.728161
vt 0.845315 0.762081
vt 0.845315 0.796002
vt 0.845315 0.947685
vt 0.845315 0.951716
vt 0.908267 0.728161
vt 0.908267 0.762081
vt 0.908267 0.796002
vt 0.908267 0.975065
vt 0.908267 0.986076
vt 0.506591 0.005133
vt 0.506591 0.090381
vt 0.506591 0.111693
vt 0.506591 0.133005
vt 0.506591 0.150481
vt 0.506591 0.184154
vt 0.506591 0.199286
vt 0.506591 0.214417
vt 0.506591 0.237873
vt 0.376953 0.410257
vt 0.376741 0.406920
vt 0.376741 0.410257
vt 0.376953 0.406707
vt 0.376297 0.410257
vt 0.376297 0.406494
vt 0.373820 0.410257
vt 0.373820 0.406351
vt 0.371094 0.410257
vt 0.371094 0.406351
vt 0.368367 0.410257
vt 0.368367 0.406351
vt 0.365891 0.410257
vt 0.365891 0.406494
vt 0.365234 0.410257
vt 0.365234 0.406707
vt 0.365447 0.410257
vt 0.365447 0.406920
vt 0.374577 0.407269
vt 0.374567 0.407056
vt 0.374303 0.406843
vt 0.373164 0.406700
vt 0.371094 0.406700
vt 0.369024 0.406700
vt 0.367884 0.406843
vt 0.367620 0.407056
vt 0.367610 0.407269
vn -0.9592 -0.1659 0.2288
vn -0.7406 0.0298 0.6712
vn -0.9995 0.0291 -0.0019
vn -0.9705 0.1647 0.1761
vn 0.7663 0.0324 0.6417
vn 0.8404 0.3664 0.3992
vn 0.9899 0.0178 0.1402
vn 0.7386 0.4221 0.5257
vn 0.0075 -0.9786 0.2053
vn -0.8614 -0.3610 0.3572
vn -0.8833 -0.4687 -0.0072
vn -0.9884 0.1144 -0.0993
vn -0.6494 -0.4677 -0.5995
vn 0.0072 -0.4839 -0.8751
vn 0.8114 -0.4926 0.3147
vn 0.6508 -0.2760 0.7073
vn 0.0043 -0.6507 0.7593
vn 0.5961 -0.6521 0.4683
vn 0.2845 -0.6561 0.6989
vn 0.7261 -0.6704 0.1527
vn 0.9516 -0.2683 -0.1497
vn 0.6591 -0.6621 -0.3566
vn 0.6901 -0.7080 -0.1501
vn -0.7649 -0.6430 0.0366
vn -0.6650 -0.6693 -0.3313
vn -0.9696 -0.2304 -0.0822
vn 0.2050 0.9460 -0.2512
vn 0.5613 0.8205 -0.1078
vn 0.6073 0.7673 -0.2059
vn 0.1921 0.9520 0.2381
vn 0.4128 0.9051 0.1019
vn 0.2529 0.9553 -0.1530
vn 0.0018 0.9924 -0.1225
vn 0.1476 0.9485 -0.2804
vn -0.1931 0.9497 0.2464
vn -0.6055 0.6697 0.4298
vn -0.2779 0.6910 0.6673
vn -0.4194 0.8992 0.1245
vn -0.8083 0.5766 0.1188
vn -0.6549 0.7283 -0.2016
vn -0.8751 0.4806 -0.0555
vn -0.5997 0.7970 -0.0710
vn 0.2146 0.9542 -0.2085
vn -0.0384 0.7539 0.6558
vn -0.0693 0.9965 0.0466
vn -0.0276 0.7054 0.7082
vn -0.1672 -0.9837 0.0659
vn 0.0000 -0.9909 0.1346
vn 0.0000 -0.9325 -0.3612
vn -0.3015 -0.8814 -0.3634
vn 0.1731 0.5247 0.8335
vn -0.4462 0.8949 -0.0092
vn -0.2854 0.9579 -0.0283
vn 0.3987 0.3895 -0.8303
vn 0.2758 0.9512 -0.1385
vn 0.8484 0.3477 -0.3991
vn -0.1958 0.9761 -0.0943
vn 0.0290 0.6697 0.7420
vn -0.0081 0.9982 0.0598
vn -0.0263 -0.5715 0.8202
vn 0.0000 -0.6555 0.7552
vn 0.0000 -0.0047 1.0000
vn -0.0105 0.2407 0.9705
vn 0.1946 0.1724 0.9656
vn 0.5999 0.6013 0.5277
vn 0.8930 0.4164 0.1706
vn 0.0351 0.3877 0.9211
vn 0.0075 0.7209 0.6930
vn 0.0697 0.9973 0.0213
vn 0.0384 0.7539 0.6558
vn -0.2758 0.9512 -0.1385
vn 0.3067 0.5614 -0.7685
vn -0.3915 0.3992 -0.8290
vn 0.1737 -0.9827 0.0636
vn 0.3031 -0.8805 -0.3644
vn 0.3047 0.9515 -0.0427
vn 0.4333 0.9012 -0.0096
vn -0.1731 0.5291 0.8307
vn -0.8547 0.3503 -0.3830
vn 0.2018 0.9707 -0.1301
vn 0.0002 -0.5513 0.8343
vn -0.1729 0.1468 0.9739
vn -0.0350 0.2040 0.9783
vn -0.8981 0.4073 0.1659
vn -0.5998 0.6014 0.5277
vn 0.7935 -0.1074 0.5990
vn 0.6713 0.0348 0.7403
vn 0.7475 -0.0314 0.6635
vn 0.9627 -0.2614 0.0692
vn 0.6179 0.5802 -0.5307
vn 0.9836 -0.1799 0.0096
vn 0.8813 -0.4723 -0.0132
vn 0.7141 -0.3739 -0.5918
vn 0.8955 -0.1058 0.4322
vn 0.9746 -0.1300 0.1820
vn 0.9901 -0.1397 -0.0134
vn 0.9632 -0.1880 0.1919
vn 0.9282 -0.1885 0.3207
vn 0.7597 -0.6091 -0.2273
vn 0.9631 -0.0928 0.2526
vn 0.7464 -0.6522 0.1322
vn 0.8505 0.0186 0.5256
vn 0.9713 -0.1339 0.1967
vn 0.5356 -0.7568 -0.3745
vn 0.6621 -0.2988 0.6873
vn 0.7066 -0.5529 0.4416
vn 0.6303 0.0080 0.7763
vn 0.9348 -0.2343 0.2668
vn 0.8692 -0.3259 0.3719
vn 0.8968 -0.2561 0.3607
vn 0.9018 -0.1431 0.4078
vn 0.9133 -0.1296 0.3860
vn 0.9958 -0.0688 0.0596
vn -0.9351 -0.2392 0.2616
vn -0.8692 -0.3259 0.3719
vn -0.8404 -0.1907 0.5072
vn -0.8447 0.0283 0.5345
vn -0.8993 -0.1298 0.4177
vn -0.8794 -0.1243 0.4595
vn -0.9504 -0.0176 0.3103
vn -0.9222 -0.1099 0.3708
vn -0.9922 -0.0837 0.0923
vn 0.9144 -0.2790 -0.2932
vn 0.9198 -0.2264 0.3203
vn 0.9911 -0.1180 -0.0616
vn 0.8796 -0.3376 0.3350
vn 0.9347 -0.0199 0.3549
vn 0.8404 -0.1907 0.5072
vn -0.9777 -0.1037 0.1826
vn -0.9178 -0.2559 -0.3036
vn -0.9909 -0.1332 -0.0194
vn -0.9142 -0.2527 0.3168
vn -0.8796 -0.3376 0.3350
vn 0.3905 0.8219 0.4147
vn 0.4367 -0.0414 0.8986
vn 0.5403 0.0329 0.8408
vn 0.7591 0.6494 -0.0447
vn -0.5885 -0.7953 0.1454
vn 0.0044 -0.8418 -0.5397
vn 0.3795 -0.9091 -0.1718
vn -0.1245 0.6286 0.7677
vn -0.4367 -0.0414 0.8986
vn -0.8813 -0.4723 -0.0132
vn -0.3905 0.8219 0.4147
vn 0.1835 0.9448 -0.2716
vn -0.0415 0.7309 -0.6811
vn 0.1245 0.6286 0.7677
vn -0.5156 0.8345 0.1943
vn -0.1835 0.9448 -0.2715
vn 0.0367 0.7331 -0.6792
vn -0.1046 -0.7666 0.6335
vn -0.5663 -0.1346 0.8131
vn -0.5593 0.0108 0.8289
vn 0.7765 -0.0858 0.6243
vn 0.6469 0.1276 0.7518
vn 0.5134 -0.2735 0.8133
vn -0.5403 0.0329 0.8408
vn -0.5073 0.2135 0.8348
vn -0.7009 -0.1172 0.7035
vn -0.5343 -0.0245 0.8449
vn -0.6420 -0.3225 0.6956
vn 0.3311 -0.9044 0.2691
vn 0.5593 0.0108 0.8289
vn 0.1046 -0.7666 0.6335
vn 0.5343 -0.0245 0.8449
vn -0.7600 0.6479 -0.0507
vn 0.4787 -0.0751 0.8747
vn 0.5156 0.8345 0.1943
vn -0.5300 -0.2873 0.7978
vn -0.6469 0.1276 0.7518
vn -0.7737 -0.0900 0.6271
vn -0.3795 -0.9091 -0.1718
vn -0.0231 -0.8451 -0.5340
vn 0.5756 -0.7973 0.1814
vn -0.3311 -0.9044 0.2690
vn 0.5663 -0.1346 0.8131
vn 0.5082 0.1940 0.8391
vn 0.6420 -0.3225 0.6956
vn 0.6878 -0.0985 0.7191
vn 0.2691 -0.0454 0.9620
vn -0.0028 -0.0313 0.9995
vn 0.3368 -0.1020 0.9360
vn -0.0075 0.1011 0.9948
vn -0.2594 -0.0226 0.9655
vn -0.3211 -0.1172 0.9398
vn -0.3152 0.1887 0.9301
vn -0.3778 -0.0895 0.9215
vn -0.5356 -0.0234 -0.8441
vn -0.1363 0.2866 -0.9483
vn -0.4962 -0.2799 -0.8218
vn -0.1142 -0.1204 -0.9861
vn -0.5268 -0.6099 -0.5920
vn -0.0904 -0.4553 -0.8857
vn -0.8216 -0.4006 -0.4054
vn -0.8627 -0.4487 -0.2333
vn -0.8829 -0.3907 -0.2602
vn -0.8255 -0.3063 -0.4741
vn -0.5689 -0.8203 0.0588
vn -0.9145 -0.3812 0.1353
vn 0.9416 -0.3367 -0.0053
vn 0.8645 -0.4976 -0.0708
vn 0.8529 -0.4552 0.2557
vn 0.8971 -0.3837 -0.2191
vn 0.8780 -0.2696 -0.3955
vn 0.8481 -0.3466 -0.4007
vn -0.6238 0.0869 0.7767
vn -0.7122 -0.0541 0.6998
vn -0.4855 -0.0886 0.8697
vn 0.5348 -0.2852 -0.7953
vn 0.6764 -0.6997 -0.2300
vn 0.7264 -0.5216 -0.4474
vn -0.1828 -0.8464 -0.5001
vn -0.0004 -0.2818 -0.9594
vn 0.1828 -0.8464 -0.5001
vn -0.5349 -0.2868 -0.7947
vn -0.6764 -0.6997 -0.2300
vn -0.7264 -0.5216 -0.4474
vn 0.8627 -0.4487 -0.2333
vn 0.8216 -0.4006 -0.4054
vn 0.5689 -0.8203 0.0588
vn -0.8971 -0.3837 -0.2191
vn -0.8774 -0.2691 -0.3971
vn -0.9423 -0.3346 -0.0047
vn -0.8645 -0.4976 -0.0708
vn -0.5244 -0.7721 -0.3590
vn -0.5414 -0.8383 -0.0636
vn -0.9202 -0.2983 -0.2534
vn 0.9202 -0.2983 -0.2534
vn 0.5414 -0.8383 -0.0636
vn 0.8255 -0.3063 -0.4741
vn 0.8829 -0.3907 -0.2602
vn 0.4372 0.0735 0.8963
vn 0.4239 0.7942 0.4353
vn 0.7745 0.5874 -0.2349
vn -0.8481 -0.3466 -0.4007
vn 0.9685 -0.2285 -0.0985
vn 0.5356 -0.0234 -0.8441
vn 0.1352 0.2801 -0.9504
vn 0.5244 -0.7721 -0.3590
vn 0.9145 -0.3812 0.1353
vn 0.5268 -0.6099 -0.5920
vn 0.0841 -0.4328 -0.8975
vn 0.1153 -0.1152 -0.9866
vn -0.8553 -0.4509 0.2553
vn -0.7696 0.5770 -0.2735
vn -0.4389 0.7841 0.4388
vn -0.4802 0.0727 0.8741
vn -0.5998 0.5899 -0.5405
vn 0.4962 -0.2799 -0.8218
vn 0.4234 -0.8014 0.4225
vn -0.0016 -0.4103 0.9119
vn 0.5467 -0.4809 0.6854
vn 0.6937 -0.6944 0.1912
vn -0.9711 -0.2206 -0.0909
vn 0.4578 -0.6561 0.6000
vn 0.4178 -0.5476 0.7249
vn 0.4945 -0.2549 0.8310
vn 0.3703 -0.5695 0.7338
vn 0.2867 -0.7588 0.5849
vn 0.1958 -0.7043 0.6823
vn 0.9525 -0.0461 0.3009
vn 0.5851 0.2191 0.7808
vn 0.9479 0.3104 -0.0720
vn 0.4316 0.1441 0.8905
vn 0.7852 -0.3325 0.5223
vn -0.0523 0.9782 0.2009
vn -0.3936 -0.9087 0.1388
vn 0.0972 -0.9952 -0.0060
vn 0.0000 0.8321 0.5546
vn 0.0753 0.8184 0.5697
vn -0.0066 0.9995 -0.0285
vn -0.0030 0.9991 -0.0406
vn 0.1043 0.9137 0.3927
vn 0.7759 -0.5071 0.3751
vn 0.6283 -0.5170 0.5813
vn 0.6893 -0.5717 0.4449
vn -0.0018 0.9999 0.0122
vn 0.1564 -0.4517 0.8783
vn 0.2314 0.2128 0.9493
vn -0.0064 0.2502 0.9682
vn 0.2889 0.2264 0.9302
vn -0.0625 -0.2980 0.9525
vn 0.1943 -0.9724 0.1294
vn 0.1422 -0.9449 0.2948
vn 0.4891 -0.5039 0.7119
vn 0.7664 -0.3456 0.5415
vn 0.6099 -0.3363 0.7176
vn 0.5661 -0.6281 0.5337
vn 0.4564 -0.5350 0.7110
vn 0.0000 0.0336 0.9994
vn -0.2499 0.1409 0.9579
vn -0.2371 -0.1010 0.9662
vn 0.8234 -0.3291 -0.4622
vn -0.4926 -0.1753 0.8524
vn -0.5452 0.0952 0.8329
vn -0.4816 0.3387 0.8083
vn 0.8785 -0.3517 -0.3232
vn 0.6289 -0.7281 -0.2725
vn 0.2365 -0.9420 -0.2380
vn -0.0354 -0.7021 0.7112
vn -0.2365 -0.9420 -0.2380
vn -0.7767 -0.3193 0.5429
vn 0.2371 -0.1010 0.9662
vn 0.2499 0.1409 0.9579
vn 0.5452 0.0952 0.8329
vn 0.4816 0.3387 0.8083
vn 0.0899 0.3369 0.9372
vn -0.8573 0.0681 -0.5103
vn -0.6906 0.4625 -0.5560
vn -0.9457 0.3167 -0.0730
vn -0.1930 0.8836 -0.4266
vn 0.0250 0.8670 0.4976
vn 0.2056 0.8852 -0.4173
vn 0.6906 0.4625 -0.5560
vn 0.8573 0.0681 -0.5103
vn 0.5048 0.6792 -0.5328
vn 0.5367 0.0601 0.8416
vn 0.6044 0.0280 0.7962
vn 0.5595 -0.1759 0.8099
vn 0.0000 -0.4327 -0.9015
vn -0.0125 -0.2416 -0.9703
vn 0.0000 -0.1931 -0.9812
vn -0.6341 -0.2471 -0.7327
vn 0.9258 -0.2189 0.3082
vn 0.0026 -0.1715 -0.9852
vn 0.9165 -0.1574 -0.3676
vn 0.5063 -0.8591 -0.0746
vn 0.7776 -0.5730 0.2586
vn 0.8935 -0.2724 -0.3570
vn -0.1481 -0.2973 -0.9432
vn 0.5920 0.1967 -0.7815
vn 0.5163 -0.7196 -0.4643
vn 0.9979 0.0517 -0.0398
vn 0.9864 0.1410 0.0836
vn 0.6278 -0.5406 0.5600
vn 0.0242 -0.9764 0.2145
vn -0.6331 -0.7459 -0.2071
vn 0.2826 -0.6836 -0.6729
vn 0.2140 0.1021 -0.9715
vn 0.1512 0.0813 -0.9851
vn 0.9433 -0.0600 -0.3264
vn 0.3863 -0.2812 -0.8784
vn 0.5411 -0.1685 -0.8239
vn 0.5549 -0.2163 -0.8032
vn 0.4586 0.2444 -0.8543
vn 0.4479 -0.2474 0.8592
vn 0.0000 -0.9068 -0.4216
vn -0.4932 -0.2322 0.8383
vn -0.4178 -0.5476 0.7249
vn -0.4660 -0.6549 0.5948
vn -0.3140 -0.4582 0.8315
vn 0.0724 -0.2983 0.9517
vn -0.1422 -0.9449 0.2948
vn -0.3586 -0.5628 0.7447
vn -0.4891 -0.5039 0.7119
vn -0.5965 0.2220 0.7713
vn -0.9525 -0.0461 0.3009
vn -0.4315 0.1729 0.8854
vn -0.0905 -0.9958 0.0103
vn 0.3936 -0.9087 0.1388
vn 0.2862 -0.0377 0.9574
vn 0.0090 0.9994 -0.0319
vn -0.0753 0.8184 0.5697
vn -0.0064 0.9994 -0.0343
vn -0.1152 0.9178 0.3799
vn -0.9964 0.0064 -0.0841
vn -0.9912 0.0248 0.1300
vn -0.9994 0.0329 -0.0049
vn -0.6841 -0.5845 0.4363
vn -0.6283 -0.5170 0.5813
vn -0.7813 -0.5039 0.3684
vn -0.4564 -0.5350 0.7110
vn -0.2642 -0.5478 0.7938
vn -0.6020 -0.3364 0.7241
vn -0.2050 0.2218 0.9533
vn -0.3077 0.2501 0.9180
vn -0.5586 -0.0515 -0.8278
vn -0.1899 -0.9762 0.1042
vn -0.7620 -0.3554 0.5414
vn -0.5795 -0.6285 0.5187
vn 0.0119 -0.2408 -0.9705
vn 0.6341 -0.2471 -0.7327
vn -0.9258 -0.2189 0.3082
vn -0.1512 0.0813 -0.9851
vn -0.9151 -0.1509 -0.3739
vn 0.4539 -0.8164 -0.3571
vn 0.2078 -0.8869 0.4125
vn -0.5163 -0.7196 -0.4643
vn -0.5063 -0.8591 -0.0746
vn -0.8988 -0.2648 -0.3494
vn -0.9433 -0.0600 -0.3264
vn -0.7776 -0.5730 0.2586
vn -0.5411 -0.1685 -0.8239
vn -0.2826 -0.6836 -0.6729
vn 0.6331 -0.7459 -0.2071
vn -0.0242 -0.9764 0.2145
vn -0.2140 0.1021 -0.9715
vn -0.3880 -0.2770 -0.8791
vn -0.5545 -0.2067 -0.8061
vn -0.4586 0.2444 -0.8543
vn -0.9864 0.1410 0.0836
vn -0.4479 -0.2474 0.8592
vn -0.6278 -0.5406 0.5600
vn -0.9979 0.0517 -0.0397
vn -0.5920 0.1967 -0.7815
vn 0.1481 -0.2973 -0.9432
vn -0.9866 -0.1586 -0.0374
vn -0.9616 -0.2643 0.0740
vn -0.9594 -0.0902 0.2671
vn -0.6261 0.0005 0.7797
vn -0.7033 0.3646 0.6102
vn -0.9741 -0.1400 0.1776
vn -0.9347 -0.1755 0.3089
vn -0.9632 -0.1880 0.1919
vn -0.8968 -0.2561 0.3607
vn -0.9778 -0.1965 -0.0728
vn -0.7464 -0.6522 0.1322
vn -0.7494 -0.6220 -0.2269
vn -0.7002 -0.5502 0.4548
vn -0.6511 -0.3096 0.6930
vn -0.7599 0.4337 0.4841
vn 0.4192 0.8993 0.1245
vn 0.2400 0.9624 -0.1270
vn 0.1958 0.9504 0.2416
vn 0.1018 0.9527 -0.2864
vn -0.0018 0.9925 -0.1220
vn -0.0048 0.9586 0.2847
vn 0.6028 0.6646 0.4415
vn 0.2901 0.6798 0.6736
vn -0.1476 0.9488 -0.2793
vn 0.0007 0.9304 -0.3666
vn -0.2529 0.9554 -0.1526
vn -0.1921 0.9520 0.2382
vn -0.6073 0.7675 -0.2050
vn -0.5612 0.8207 -0.1074
vn -0.2050 0.9462 -0.2501
vn -0.1524 0.9550 -0.2544
vn 0.1440 0.9518 -0.2706
vn -0.0063 0.9479 -0.3183
vn -0.4126 0.9051 0.1019
vn -0.7974 0.5956 0.0967
vn -0.6067 0.6739 0.4216
vn 0.9702 -0.2287 -0.0797
vn 0.6651 -0.6690 -0.3318
vn 0.7572 -0.6511 0.0519
vn -0.2845 -0.6564 0.6987
vn -0.5961 -0.6523 0.4681
vn -0.0043 -0.6510 0.7591
vn 0.1756 0.9063 -0.3843
vn -0.0943 -0.9950 -0.0322
vn 0.0901 -0.9952 -0.0363
vn 0.0000 0.9905 -0.1372
vn 0.9371 0.3490 -0.0083
vn 0.9566 0.2153 0.1963
vn 0.9546 0.2216 -0.1990
vn 0.9371 -0.3490 0.0083
vn 0.9566 -0.2153 -0.1963
vn 0.9546 -0.2216 0.1990
vn 0.1655 0.9472 -0.2745
vn 0.3868 0.6924 -0.6090
vn 0.1007 0.5919 -0.7996
vn -0.0748 0.9846 -0.1579
vn 0.3363 0.8695 -0.3616
vn -0.0096 0.8928 -0.4504
vn 0.2238 0.9731 -0.0547
vn -0.0710 0.9862 0.1495
vn 0.2930 0.8788 0.3767
vn -0.0490 0.9375 0.3444
vn -0.0027 0.2082 0.9781
vn 0.0785 0.5119 0.8554
vn 0.3570 0.3878 0.8498
vn -0.4716 0.1266 0.8726
vn -0.4906 0.7887 -0.3705
vn -0.9120 -0.3895 -0.1288
vn 0.1274 0.9919 0.0000
vn -0.2144 0.9767 0.0000
vn -0.1543 0.9046 0.3973
vn -0.0853 0.5754 -0.8134
vn -0.1414 0.9841 -0.1069
vn -0.1701 0.9716 -0.1641
vn -0.0881 0.9719 0.2183
vn -0.0886 0.9856 0.1440
vn -0.0392 0.5615 0.8265
vn 0.0081 0.8862 0.4632
vn -0.0485 0.9078 -0.4164
vn -0.0162 0.8928 0.4502
vn -0.1095 0.9904 0.0837
vn -0.1214 0.9687 0.2162
vn -0.2137 0.9706 0.1104
vn -0.1814 0.9833 -0.0126
vn -0.1763 0.9509 -0.2543
vn -0.1543 0.9046 -0.3973
vn 0.3608 0.9211 -0.1460
vn 0.0890 0.9103 -0.4041
vn 0.0902 0.9626 0.2555
vn 0.4186 0.8711 0.2567
vn 0.4868 0.8374 -0.2485
vn -0.2090 0.9664 -0.1497
vn -0.1159 0.9845 0.1314
vn -0.1745 0.9535 -0.2457
vn -0.1788 0.9724 -0.1495
vn -0.1847 -0.3851 0.9042
vn 0.3294 0.7159 0.6156
vn -0.0984 0.9897 -0.1044
vn 0.0760 0.6489 0.7570
vn 0.3779 0.8362 0.3973
vn 0.4542 0.8909 0.0000
vn 0.0022 0.8991 -0.4377
vn -0.0156 0.9021 -0.4312
vn -0.2496 0.9348 0.2527
vn -0.1953 0.7661 0.6123
vn -0.1326 0.7837 -0.6068
vn 0.0991 0.7714 0.6285
vn -0.0691 0.9087 -0.4117
vn -0.0574 0.9001 0.4319
vn 0.0517 0.5920 0.8042
vn 0.3779 0.8362 -0.3973
vn 0.1609 0.9283 0.3351
vn 0.4446 0.8862 0.1301
vn 0.1182 0.8735 0.4722
vn 0.0991 0.7714 -0.6285
vn -0.1077 0.9038 0.4141
vn -0.5748 -0.0878 0.8135
vn -0.3353 -0.8451 0.4165
vn 0.0731 -0.0967 0.9926
vn -0.3194 0.8100 0.4918
vn -0.6514 -0.7584 -0.0213
vn -0.0256 0.2156 0.9761
vn -0.0963 -0.7059 0.7017
vn -0.0033 0.8909 0.4541
vn -0.0208 0.8862 0.4627
vn -0.0353 0.2467 0.9684
vn -0.0612 -0.7420 0.6676
vn -0.6349 -0.7723 0.0175
vn 0.0009 0.2090 -0.9779
vn 0.0177 0.2294 0.9731
vn -0.4581 0.1951 0.8672
vn -0.4500 -0.6424 0.6203
vn -0.0555 -0.7436 0.6662
vn -0.0041 0.2351 -0.9720
vn -0.0101 0.2377 -0.9713
vn -0.3612 0.8221 -0.4400
vn -0.4813 0.2073 -0.8517
vn -0.9431 0.3324 -0.0041
vn -0.1072 -0.7026 0.7034
vn -0.0112 0.2288 0.9734
vn -0.5809 -0.8065 -0.1094
vn -0.7048 -0.6648 -0.2473
vn -0.9712 -0.0984 0.2170
vn -0.8190 -0.0137 -0.5736
vn -0.7249 0.6318 -0.2743
vn -0.4781 0.1939 0.8566
vn -0.4743 -0.6326 0.6123
vn -0.0316 0.2466 0.9686
vn -0.3310 -0.3553 -0.8742
vn -0.6291 -0.7756 0.0517
vn -0.1043 -0.7233 -0.6826
vn -0.0209 0.2205 -0.9752
vn -0.5748 -0.8164 -0.0558
vn -0.0847 -0.7269 -0.6815
vn -0.3605 -0.9277 -0.0968
vn -0.2647 -0.9630 -0.0510
vn -0.2557 -0.9479 -0.1901
vn -0.2958 -0.9498 -0.1018
vn 0.2863 -0.9375 0.1979
vn -0.6706 -0.7265 -0.1497
vn -0.6822 -0.7301 0.0389
vn -0.4109 -0.8903 -0.1961
vn -0.0009 0.0763 0.9971
vn 0.4422 0.3234 0.8366
vn 0.6165 -0.1471 0.7734
vn -0.7325 -0.5057 -0.4557
vn -0.5235 -0.8408 0.1373
vn -0.6987 -0.6958 -0.1662
vn -0.4235 -0.5339 -0.7319
vn 0.1860 -0.5727 -0.7983
vn 0.2620 -0.6895 0.6752
vn 0.5673 -0.5921 0.5723
vn -0.0310 -0.9633 -0.2665
vn 0.0746 -0.9161 0.3938
vn -0.3962 -0.7456 -0.5358
vn -0.5731 -0.1395 -0.8075
vn -0.0389 -0.0526 -0.9978
vn -0.1560 -0.7526 -0.6396
vn 0.0596 -0.7537 0.6545
vn 0.4187 -0.0703 0.9054
vn -0.9566 0.2152 -0.1963
vn -0.9546 0.2216 0.1990
vn -0.9371 0.3490 0.0083
vn -0.9566 -0.2152 0.1963
vn -0.9546 -0.2216 -0.1990
vn -0.9371 -0.3490 -0.0083
vn -0.0032 0.0824 0.9966
vn -0.4422 0.3234 0.8366
vn -0.3537 0.3908 0.8498
vn -0.0753 0.5062 0.8591
vn -0.1007 0.5919 -0.7996
vn -0.3868 0.6924 -0.6090
vn -0.1655 0.9472 -0.2745
vn 0.1543 0.9046 0.3973
vn 0.2144 0.9767 0.0000
vn -0.1274 0.9919 0.0000
vn 0.1701 0.9716 -0.1641
vn 0.1414 0.9841 -0.1069
vn 0.0853 0.5754 -0.8134
vn 0.0017 0.5367 0.8437
vn 0.0886 0.9856 0.1440
vn 0.0881 0.9719 0.2183
vn -0.0081 0.8862 0.4632
vn 0.1095 0.9904 0.0837
vn 0.0162 0.8928 0.4502
vn 0.0485 0.9078 -0.4164
vn 0.1214 0.9687 0.2162
vn 0.1814 0.9833 -0.0126
vn 0.0710 0.9862 0.1495
vn 0.2137 0.9706 0.1104
vn 0.0811 0.7571 -0.6482
vn -0.3363 0.8695 -0.3616
vn -0.4067 0.5224 -0.7494
vn 0.0748 0.9846 -0.1579
vn 0.1763 0.9509 -0.2543
vn 0.0096 0.8928 -0.4504
vn 0.1543 0.9046 -0.3973
vn -0.0902 0.9626 0.2555
vn -0.0890 0.9103 -0.4041
vn -0.3608 0.9211 -0.1460
vn -0.4186 0.8711 0.2567
vn 0.0032 0.9301 0.3674
vn -0.4868 0.8374 -0.2485
vn 0.2090 0.9664 -0.1497
vn 0.1745 0.9535 -0.2457
vn 0.1159 0.9845 0.1314
vn 0.1788 0.9724 -0.1495
vn 0.1576 -0.3605 0.9193
vn 0.0232 0.2326 0.9723
vn 0.4716 0.1266 0.8726
vn -0.3294 0.7159 0.6155
vn 0.0984 0.9897 -0.1044
vn -0.0894 0.6532 0.7518
vn -0.4542 0.8909 0.0000
vn -0.3779 0.8362 0.3973
vn -0.0022 0.8991 -0.4377
vn 0.0156 0.9021 -0.4312
vn 0.1953 0.7661 0.6123
vn 0.2496 0.9348 0.2527
vn 0.1326 0.7837 -0.6068
vn -0.0991 0.7714 0.6286
vn 0.0691 0.9087 -0.4117
vn 0.0574 0.9001 0.4319
vn -0.0517 0.5920 0.8042
vn -0.3779 0.8362 -0.3973
vn -0.4446 0.8862 0.1301
vn -0.1609 0.9283 0.3351
vn -0.1482 0.8642 0.4808
vn 0.4890 0.7815 -0.3874
vn -0.0991 0.7714 -0.6285
vn -0.4352 -0.0219 0.9001
vn -0.0854 0.5114 -0.8551
vn 0.1077 0.9038 0.4141
vn -0.3869 0.5282 0.7559
vn -0.3139 0.8728 0.3737
vn 0.1093 0.7460 0.6569
vn -0.0559 -0.0935 0.9940
vn 0.2991 -0.8702 0.3915
vn 0.5834 -0.0449 0.8109
vn 0.3696 0.7867 0.4943
vn 0.1104 -0.6833 0.7217
vn 0.0157 0.1972 0.9802
vn 0.6291 -0.7756 0.0517
vn 0.0409 0.2460 0.9684
vn 0.0238 0.8856 0.4638
vn 0.0039 0.8909 0.4541
vn 0.6514 -0.7584 -0.0213
vn 0.0281 0.2174 0.9757
vn 0.6987 -0.6958 -0.1662
vn 0.3310 -0.3553 -0.8742
vn 0.1594 -0.7019 -0.6942
vn 0.5343 -0.6114 0.5837
vn 0.5218 -0.6273 -0.5781
vn 0.9334 -0.3578 0.0276
vn 0.0963 -0.7059 0.7017
vn 0.6349 -0.7723 0.0175
vn 0.4706 -0.6367 0.6108
vn 0.4743 -0.6428 -0.6015
vn 0.9149 -0.4036 0.0083
vn 0.1072 -0.7026 0.7034
vn 0.5809 -0.8065 -0.1094
vn 0.5748 -0.8164 -0.0558
vn 0.0121 0.2235 -0.9746
vn 0.0777 -0.7306 -0.6783
vn 0.0138 0.8993 -0.4371
vn 0.0291 0.2745 -0.9611
vn 0.0023 0.9016 -0.4326
vn 0.3509 0.8187 0.4545
vn 0.4578 0.1953 0.8673
vn 0.9364 0.3508 -0.0027
vn 0.5087 -0.6228 -0.5944
vn 0.9193 -0.3934 0.0046
vn 0.5049 -0.6183 0.6023
vn 0.4514 -0.6402 0.6216
vn 0.4545 -0.6477 -0.6115
vn 0.9088 -0.4169 0.0153
vn -0.0004 0.8895 0.4568
vn 0.0316 0.2466 0.9686
vn 0.0196 0.8865 0.4623
vn -0.0395 0.8949 -0.4445
vn -0.0010 0.9000 -0.4359
vn 0.0171 0.8987 -0.4381
vn 0.0269 0.2699 -0.9625
vn 0.4634 0.2048 -0.8621
vn 0.3479 0.8289 -0.4379
vn 0.0173 0.2319 -0.9726
vn -0.0451 0.8930 -0.4478
vn 0.9609 0.2768 0.0025
vn 0.5294 0.2001 -0.8244
vn 0.4201 0.8044 -0.4199
vn 0.8153 -0.0228 -0.5786
vn 0.9749 0.0052 0.2225
vn 0.6808 -0.6706 -0.2946
vn 0.7456 0.6202 -0.2436
vn -0.0365 0.8825 0.4689
vn 0.0112 0.2288 0.9734
vn 0.4220 0.7943 0.4369
vn 0.5349 0.1854 0.8243
vn -0.0496 0.8832 0.4663
vn -0.0179 0.2296 0.9731
vn 0.0970 -0.7273 -0.6794
vn 0.0814 -0.7006 0.7088
vn 0.5235 -0.8408 0.1373
vn 0.0617 -0.7235 -0.6876
vn 0.1422 -0.9772 -0.1573
vn 0.2820 -0.9592 -0.0204
vn 0.3605 -0.9277 -0.0968
vn -0.3373 -0.9344 0.1144
vn 0.2958 -0.9498 -0.1018
vn 0.6822 -0.7301 0.0389
vn 0.6706 -0.7265 -0.1497
vn 0.4109 -0.8903 -0.1961
vn -0.6207 -0.1408 0.7713
vn 0.9120 -0.3895 -0.1288
vn 0.7325 -0.5057 -0.4557
vn 0.4346 -0.5366 -0.7233
vn -0.2180 -0.5664 -0.7948
vn -0.2805 -0.7198 0.6349
vn -0.5714 -0.5963 0.5637
vn 0.0310 -0.9633 -0.2665
vn -0.0426 -0.9266 0.3735
vn 0.3916 -0.7471 -0.5370
vn 0.5777 -0.1299 -0.8058
vn 0.0652 -0.0531 -0.9964
vn 0.1625 -0.7436 -0.6485
vn -0.0078 -0.7913 0.6113
vn -0.1748 0.9251 0.3370
vn -0.0065 0.9257 0.3782
vn 0.1627 0.9296 0.3306
vn 0.5242 0.7682 -0.3674
vn 0.1886 0.8036 -0.5645
vn 0.0022 0.8484 -0.5293
vn -0.1774 0.8098 -0.5591
vn -0.5270 0.7727 -0.3538
vn 0.4157 0.0478 0.9082
vn 0.4175 0.4288 0.8010
vn -0.0532 -0.2180 0.9745
vn -0.8928 0.2847 0.3489
vn -0.9577 0.2007 -0.2061
vn -0.8760 -0.0316 0.4813
vn -0.8023 0.3868 0.4546
vn -0.5114 -0.2167 0.8316
vn -0.8916 -0.0716 0.4471
vn -0.0776 -0.0030 -0.9969
vn -0.0874 0.2359 -0.9678
vn -0.0017 0.5296 -0.8482
vn 0.3894 0.6176 -0.6832
vn 0.5058 0.4525 0.7344
vn 0.7458 0.5517 0.3732
vn 0.3724 0.8049 0.4621
vn 0.6791 -0.6303 -0.3761
vn 0.7150 -0.6945 -0.0793
vn 0.9996 -0.0082 0.0256
vn 0.7279 -0.1851 -0.6602
vn 0.1241 -0.8010 -0.5856
vn 0.7705 -0.0067 -0.6373
vn -0.7431 0.2144 -0.6339
vn -0.9208 0.2224 -0.3203
vn -0.8803 0.1462 -0.4513
vn -0.5894 -0.3904 -0.7072
vn -0.9960 0.0888 -0.0017
vn -0.8197 -0.5704 0.0520
vn -0.9477 0.1950 0.2526
vn -0.8223 -0.1512 0.5485
vn -0.5226 0.0046 -0.8525
vn -0.7125 0.2122 0.6688
vn -0.8738 0.2886 0.3913
vn -0.8778 0.4651 0.1143
vn -0.9695 0.2085 0.1285
vn -0.8274 0.4034 0.3906
vn -0.9051 0.3240 0.2752
vn -0.8731 0.3473 0.3421
vn -0.9220 0.1203 -0.3680
vn -0.4449 0.2076 -0.8712
vn -0.9097 0.2141 -0.3556
vn -0.3567 0.7645 0.5370
vn -0.8872 0.4234 0.1829
vn -0.8198 0.5596 0.1212
vn -0.4112 0.7010 -0.5827
vn -0.8214 0.5630 -0.0905
vn -0.8924 0.4228 -0.1576
vn -0.1081 0.9937 -0.0279
vn -0.6917 0.2629 -0.6726
vn -0.7247 0.1398 -0.6747
vn -0.8528 0.2318 -0.4679
vn -0.9999 -0.0041 0.0103
vn -0.9675 0.2528 0.0006
vn -0.9807 -0.0562 -0.1871
vn -0.7543 0.6549 -0.0463
vn -0.9681 0.1773 0.1772
vn -0.8317 0.5495 -0.0785
vn -0.6674 0.1006 -0.7378
vn -0.8372 -0.0724 -0.5420
vn -0.9619 0.2381 0.1341
vn -0.0910 0.6593 0.7463
vn -0.0489 0.1611 -0.9857
vn -0.0708 0.1671 -0.9834
vn -0.0583 0.7045 0.7073
vn 0.0862 -0.6932 -0.7156
vn 0.0881 -0.9940 0.0646
vn 0.0663 -0.9955 0.0679
vn -0.0250 0.0457 0.9986
vn -0.0510 0.9984 -0.0243
vn -0.0246 0.6929 -0.7205
vn -0.0783 0.7047 -0.7052
vn 0.0451 -0.6646 0.7458
vn 0.0189 -0.9981 0.0588
vn -0.0061 -0.7282 -0.6853
vn -0.0421 0.6716 -0.7397
vn -0.0036 0.6482 -0.7614
vn 0.0102 0.9996 -0.0264
vn 0.0133 0.6806 0.7325
vn -0.0613 0.6774 0.7330
vn -0.0594 0.9981 -0.0166
vn 0.0134 0.6759 0.7368
vn -0.0964 0.7048 0.7028
vn -0.0753 0.6753 -0.7336
vn 0.0696 -0.7530 -0.6543
vn 0.0441 -0.6462 0.7619
vn 0.0493 -0.6604 0.7493
vn -0.6139 0.7814 -0.1121
vn 0.1043 0.9510 -0.2909
vn 0.3415 0.7901 -0.5090
vn -0.4266 0.2234 -0.8764
vn 0.4031 0.5772 -0.7101
vn 0.0067 0.8671 -0.4980
vn 0.0084 0.0920 -0.9957
vn 0.1133 0.9935 0.0065
vn -0.5490 0.8351 -0.0343
vn 0.3937 0.8537 0.3409
vn -0.5128 0.8512 0.1113
vn -0.1682 -0.9679 0.1865
vn -0.1473 -0.8494 0.5068
vn 0.4487 -0.6014 0.6611
vn 0.4636 0.3886 0.7962
vn -0.1272 0.2632 0.9563
vn -0.1925 0.3075 0.9318
vn 0.3142 0.1263 0.9409
vn -0.4765 -0.4970 0.7252
vn -0.2944 0.1603 0.9421
vn -0.1340 -0.2376 0.9620
vn -0.4023 -0.5077 -0.7618
vn -0.4265 -0.4012 -0.8106
vn 0.0124 -0.7636 -0.6455
vn -0.6991 0.1538 0.6983
vn -0.7949 0.1316 0.5922
vn -0.9296 0.0750 0.3609
vn -0.8206 0.5174 0.2427
vn -0.9126 -0.0989 -0.3966
vn -0.9978 -0.0654 -0.0121
vn -0.9959 0.0874 -0.0242
vn -0.4089 0.1260 -0.9038
vn -0.8530 0.1635 -0.4956
vn -0.7922 0.4993 -0.3508
vn -0.7773 0.2932 -0.5566
vn -0.0933 0.0192 -0.9954
vn -0.1082 0.2099 -0.9717
vn -0.5997 -0.3096 0.7379
vn -0.4744 -0.4032 0.7825
vn -0.3655 -0.4226 0.8293
vn -0.7931 -0.1381 0.5932
vn -0.9196 -0.1999 0.3381
vn -0.9907 -0.1329 0.0300
vn -0.1346 -0.6076 0.7827
vn -0.1891 -0.3769 0.9067
vn -0.6712 -0.1806 0.7190
vn -0.9391 -0.1622 -0.3028
vn -0.8960 -0.1773 -0.4071
vn -0.5591 0.0581 -0.8271
vn -0.5613 -0.2772 -0.7798
vn -0.7945 -0.1519 0.5879
vn 0.0532 -0.2180 0.9745
vn -0.4107 0.4404 0.7983
vn -0.4157 0.0478 0.9082
vn -0.4709 0.6331 0.6143
vn -0.5061 0.4444 0.7391
vn -0.4734 0.4570 0.7530
vn 0.8916 -0.0716 0.4471
vn 0.8884 0.2960 0.3509
vn 0.5114 -0.2167 0.8315
vn 0.0874 0.2359 -0.9678
vn 0.0913 0.0104 -0.9958
vn -0.3975 0.5944 -0.6990
vn -0.3751 0.8071 0.4559
vn -0.7384 0.5666 0.3656
vn -0.9996 -0.0104 0.0242
vn -0.6727 -0.7376 -0.0586
vn -0.6203 -0.7014 -0.3510
vn -0.6316 -0.2806 0.7227
vn -0.8084 -0.5001 0.3104
vn -0.0075 -0.9786 0.2053
vn -0.2344 -0.7489 -0.6198
vn -0.7291 -0.1868 -0.6584
vn -0.7709 -0.0075 -0.6369
vn 0.8845 -0.4665 0.0005
vn 0.6494 -0.4728 -0.5956
vn -0.0137 -0.4868 -0.8733
vn 0.9722 0.1589 0.1720
vn 0.9901 0.1100 -0.0865
vn 0.9998 0.0213 0.0012
vn 0.8667 -0.3576 0.3477
vn -0.7299 0.4320 0.5297
vn -0.8404 0.3664 0.3993
vn 0.7374 0.0236 0.6750
vn 0.7768 0.3392 0.5305
vn -0.7686 0.0363 0.6387
vn 0.8838 0.1394 -0.4465
vn 0.9297 0.2136 -0.2998
vn 0.7528 0.2442 -0.6112
vn 0.5948 -0.3629 -0.7173
vn 0.9971 0.0763 -0.0017
vn 0.8269 -0.5611 0.0368
vn 0.9526 0.1804 0.2449
vn 0.8224 -0.1512 0.5485
vn 0.5837 0.0303 -0.8114
vn 0.7116 0.2109 0.6701
vn 0.8738 0.2886 0.3914
vn 0.8207 0.4075 0.4004
vn 0.9697 0.2079 0.1284
vn 0.8764 0.4682 0.1124
vn 0.9000 0.3403 0.2723
vn 0.8731 0.3473 0.3421
vn 0.9070 0.2109 -0.3644
vn 0.4449 0.2076 -0.8712
vn 0.9243 0.1321 -0.3580
vn 0.8191 0.5613 0.1179
vn 0.8876 0.4232 0.1817
vn 0.3602 0.7655 0.5332
vn 0.4146 0.7023 -0.5787
vn 0.8945 0.4158 -0.1640
vn 0.8222 0.5637 -0.0783
vn 0.1147 0.9930 -0.0274
vn 0.8563 0.1791 -0.4844
vn 0.7200 0.1462 -0.6783
vn 0.6455 0.1830 -0.7415
vn 0.9781 -0.0622 -0.1987
vn 0.9626 0.2706 -0.0122
vn 0.9999 -0.0145 -0.0027
vn 0.8334 0.5491 -0.0629
vn 0.9658 0.1732 0.1931
vn 0.7870 0.6147 -0.0513
vn 0.8043 -0.0831 -0.5884
vn 0.6418 0.0345 -0.7661
vn 0.9622 0.2379 0.1328
vn 0.0880 0.6632 0.7432
vn 0.0489 0.1611 -0.9857
vn 0.1305 0.0134 -0.9913
vn 0.0490 0.7183 0.6940
vn -0.0663 -0.9955 0.0679
vn -0.1006 -0.9937 0.0500
vn -0.0914 -0.7089 -0.6993
vn 0.0414 0.0311 0.9987
vn 0.0668 0.6990 -0.7120
vn 0.0352 0.6811 -0.7313
vn 0.0486 0.9985 -0.0255
vn -0.0049 0.9996 -0.0260
vn 0.0068 0.6505 -0.7595
vn 0.0421 0.6716 -0.7397
vn -0.0136 0.6808 0.7323
vn -0.0097 0.6764 0.7364
vn 0.0594 0.9981 -0.0166
vn 0.0752 0.6753 -0.7336
vn -0.0483 -0.7496 -0.6601
vn -0.0083 -0.7180 -0.6960
vn -0.0537 -0.6625 0.7471
vn -0.0428 -0.6452 0.7628
vn -0.1017 0.9549 -0.2788
vn 0.6139 0.7814 -0.1121
vn -0.3612 0.8098 -0.4623
vn -0.4637 0.5480 -0.6962
vn 0.4201 0.2273 -0.8785
vn -0.1059 0.9941 0.0207
vn 0.5490 0.8351 -0.0343
vn 0.5147 0.8510 0.1044
vn -0.3888 0.8614 0.3267
vn 0.7042 0.1487 0.6942
vn 0.8760 -0.0316 0.4813
vn 0.4765 -0.4970 0.7252
vn 0.1933 0.3104 0.9307
vn 0.1524 0.2884 0.9453
vn -0.4548 0.3783 0.8062
vn -0.2940 0.1448 0.9447
vn 0.1340 -0.2376 0.9620
vn 0.3022 0.1575 0.9401
vn -0.1550 -0.6685 -0.7273
vn 0.4093 -0.3731 -0.8326
vn 0.3818 -0.4713 -0.7950
vn 0.9286 0.0657 0.3650
vn 0.7961 0.1321 0.5905
vn 0.8309 0.5082 0.2265
vn 0.9576 0.2019 -0.2053
vn 0.9950 0.0991 -0.0146
vn 0.9979 -0.0632 -0.0096
vn 0.9061 -0.0925 -0.4127
vn 0.2416 -0.5061 0.8279
vn 0.3558 -0.4292 0.8301
vn 0.3385 -0.3499 0.8734
vn 0.5997 -0.3096 0.7379
vn 0.7818 0.5129 -0.3545
vn 0.8554 0.1667 -0.4903
vn 0.4080 0.1272 -0.9040
vn 0.7881 0.3071 -0.5334
vn 0.0942 0.0015 -0.9955
vn 0.0983 0.2125 -0.9722
vn 0.9199 -0.1943 0.3406
vn 0.6741 -0.1773 0.7171
vn 0.9923 -0.1203 0.0285
vn 0.9109 -0.1713 -0.3754
vn 0.9395 -0.1479 -0.3089
vn 0.5684 -0.2717 -0.7766
vn 0.5532 0.0613 -0.8307
vn 0.4744 -0.4032 0.7825
vn 0.1571 -0.3660 0.9172
vn 0.7856 -0.1626 0.5970
vn 0.0672 -0.0323 -0.9972
vn 0.0327 -0.0386 -0.9987
vn 0.0128 0.0313 -0.9994
vn 0.0127 0.3928 -0.9195
vn 0.6610 0.0843 -0.7456
vn 0.5813 0.4572 -0.6730
vn -0.6243 0.0606 -0.7788
vn -0.5510 0.4133 -0.7249
vn -0.9839 0.1224 -0.1298
vn -0.9040 0.4028 -0.1429
vn -0.9200 0.0757 -0.3844
vn -0.8239 0.4186 -0.3820
vn 0.9997 0.0152 0.0191
vn 0.9998 0.0027 0.0182
vn 0.7721 -0.0598 0.6327
vn 0.7624 -0.0891 0.6409
vn 0.9997 0.0238 -0.0027
vn -0.7334 0.0674 -0.6764
vn 0.0138 0.0193 -0.9997
vn -0.9996 0.0083 0.0276
vn -0.7461 -0.0689 0.6622
vn -0.9996 0.0094 0.0249
vn -0.7332 -0.0945 0.6734
vn 0.9955 0.0062 -0.0944
vn 0.7816 0.0215 -0.6234
vn 0.7813 0.0489 -0.6222
vn -0.7537 0.0255 -0.6566
vn 0.0084 0.0499 -0.9987
vn 0.8554 -0.5178 -0.0067
vn 0.6784 -0.4762 -0.5594
vn -0.6191 -0.5705 0.5396
vn -0.7057 -0.6673 -0.2379
vn -0.9013 -0.3337 -0.2761
vn -0.4934 -0.6347 -0.5947
vn -0.5910 -0.4366 -0.6783
vn 0.5453 -0.5828 0.6025
vn 0.9138 -0.3822 -0.1372
vn 0.7472 -0.6532 -0.1223
vn 0.6264 -0.4465 -0.6390
vn 0.5306 -0.6297 -0.5674
vn 0.0133 -0.4638 -0.8858
vn 0.0112 -0.6453 -0.7638
vn -0.3136 -0.2680 0.9109
vn -0.3246 0.2587 0.9098
vn -0.7015 -0.2931 0.6495
vn -0.7156 0.2633 0.6470
vn 0.3294 0.2662 0.9059
vn 0.7334 0.2695 0.6241
vn 0.2784 0.6952 0.6626
vn 0.6105 0.6782 0.4091
vn 0.0040 -0.2580 0.9661
vn 0.0019 0.2601 0.9656
vn -0.9425 0.2411 0.2312
vn 0.3244 -0.2847 0.9021
vn 0.5684 0.7707 -0.2881
vn 0.2337 0.9470 -0.2203
vn 0.0040 0.6872 0.7264
vn 0.9476 0.1257 -0.2937
vn 0.8183 0.4863 -0.3064
vn 0.3918 0.7635 -0.5133
vn 0.1524 0.9547 -0.2555
vn 0.9583 0.2320 0.1669
vn 0.8023 0.5896 0.0933
vn 0.9891 0.1341 -0.0611
vn 0.8633 0.4977 -0.0831
vn 0.9964 -0.0005 -0.0842
vn 0.9021 0.4046 -0.1499
vn 0.0000 0.9573 0.2890
vn -0.9347 -0.2542 0.2484
vn 0.0024 0.7231 -0.6907
vn 0.0009 0.9464 -0.3229
vn -0.6089 0.7932 0.0052
vn 0.1487 0.7267 0.6707
vn 0.3895 0.0039 -0.9210
vn 0.9080 -0.0583 -0.4149
vn -0.3340 0.3799 -0.8626
vn -0.3186 0.5591 -0.7655
vn 0.0081 0.8241 0.5664
vn -0.5541 0.8314 -0.0403
vn 0.3366 -0.6352 0.6951
vn 0.1809 -0.9829 -0.0339
vn 0.0611 -0.7845 -0.6171
vn 0.2655 -0.3019 -0.9156
vn 0.2358 -0.5599 -0.7943
vn -0.2712 0.3037 -0.9134
vn -0.1620 0.3689 -0.9152
vn 0.7719 -0.4920 -0.4027
vn 0.5571 -0.8108 -0.1795
vn 0.8997 -0.2317 0.3700
vn 0.6749 -0.4959 0.5463
vn 0.3902 0.2147 0.8953
vn 0.5607 0.2380 0.7930
vn 0.9506 0.1769 0.2550
vn 0.6845 0.4003 0.6093
vn -0.1239 0.7281 0.6741
vn 0.6154 0.7878 0.0226
vn -0.9157 -0.0835 -0.3930
vn -0.4318 0.0005 -0.9020
vn 0.3400 0.4027 -0.8498
vn 0.5487 0.8356 -0.0269
vn 0.0063 0.8219 0.5696
vn -0.1858 -0.9818 -0.0384
vn -0.3249 -0.6227 0.7118
vn -0.0629 -0.7828 -0.6191
vn 0.2935 0.3367 -0.8947
vn 0.2268 0.3903 -0.8923
vn -0.2984 -0.3015 -0.9055
vn -0.2210 -0.5711 -0.7905
vn -0.7952 -0.4537 -0.4022
vn -0.5428 -0.8215 -0.1745
vn -0.9179 -0.1997 0.3429
vn -0.6560 -0.5070 0.5591
vn -0.5643 0.2565 0.7847
vn -0.3752 0.2168 0.9012
vn -0.9553 0.1528 0.2532
vn -0.6865 0.3945 0.6107
vn 0.9778 -0.0837 0.1922
vn 0.4215 -0.3366 0.8420
vn 0.3729 0.0236 0.9275
vn 0.8113 0.1034 0.5754
vn 0.8362 -0.1138 0.5364
vn 0.4691 0.6721 0.5729
vn 0.4823 0.4730 0.7373
vn 0.7609 0.4335 0.4828
vn 0.7039 0.3622 0.6110
vn 0.7831 -0.4683 -0.4092
vn 0.5087 -0.6703 0.5403
vn 0.9836 -0.0876 0.1578
vn 0.4937 0.5438 0.6786
vn 0.7777 0.2951 0.5551
vn 0.5450 -0.8355 0.0700
vn -0.5510 -0.1527 0.8204
vn -0.7273 -0.1826 0.6616
vn -0.8250 -0.0917 0.5576
vn 0.8801 -0.2524 -0.4021
vn 0.9263 0.1501 -0.3455
vn 0.7552 -0.6024 -0.2582
vn 0.7794 -0.1214 0.6147
vn -0.4638 -0.0527 0.8844
vn -0.9258 0.1563 -0.3440
vn 0.5446 -0.1458 0.8259
vn -0.7450 -0.6129 -0.2633
vn 0.7344 -0.1882 0.6521
vn -0.8791 -0.2582 -0.4007
vn 0.0099 0.0473 0.9988
vn -0.0119 0.2278 0.9736
vn -0.7186 -0.1342 0.6823
vn -0.5761 -0.1219 0.8082
vn 0.6238 0.0869 0.7767
vn 0.7090 -0.0513 0.7033
vn -0.9128 -0.2178 0.3454
vn 0.8081 -0.5875 0.0424
vn -0.6560 -0.1047 0.7474
vn -0.7830 -0.1622 0.6004
vn -0.5981 0.0208 0.8011
vn -0.7797 -0.0407 0.6248
vn 0.9171 -0.3828 -0.1107
vn -0.6159 0.1866 0.7654
vn -0.8176 0.0723 0.5712
vn 0.3880 -0.8516 0.3523
vn 0.6409 -0.7127 0.2852
vn -0.3318 -0.7185 0.6112
vn -0.0047 -0.7645 0.6445
vn 0.0003 -0.5896 0.8076
vn 0.8578 -0.5093 -0.0684
vn 0.8814 -0.3493 0.3179
vn 0.2640 -0.5478 0.7938
vn 0.3347 -0.7149 0.6139
vn -0.8849 0.0315 0.4646
vn -0.7250 0.1201 0.6782
vn -0.8773 -0.3647 0.3119
vn 0.7309 0.0744 0.6784
vn 0.6208 0.2025 0.7573
vn 0.5539 0.1347 0.8216
vn 0.4908 0.2858 0.8230
vn 0.8426 -0.5228 0.1292
vn 0.7608 -0.6224 0.1838
vn 0.9710 -0.1917 0.1423
vn 0.9232 -0.3695 0.1051
vn -0.4998 0.2896 0.8163
vn -0.5511 0.1722 0.8164
vn 0.9731 -0.0544 0.2237
vn 0.9141 -0.1990 0.3532
vn 0.1456 -0.9502 0.2755
vn -0.0083 -0.9993 -0.0370
vn -0.0009 -0.9491 0.3150
vn 0.2537 -0.5580 0.7901
vn 0.2320 -0.1403 0.9625
vn 0.0021 -0.5353 0.8447
vn 0.0132 -0.0628 0.9979
vn 0.6873 0.4776 0.5473
vn 0.5080 0.0220 0.8610
vn 0.0496 0.7087 0.7038
vn -0.0042 -0.7324 0.6808
vn -0.0040 -0.4384 0.8988
vn -0.1932 -0.7834 0.5907
vn -0.2458 -0.9457 0.2125
vn 0.1932 -0.7834 0.5907
vn 0.2458 -0.9457 0.2125
vn -0.9910 0.1081 -0.0790
vn -0.9270 -0.3641 -0.0900
vn -0.9708 0.1364 0.1970
vn -0.9200 -0.3427 0.1901
vn -0.8285 0.1401 0.5420
vn -0.7788 -0.2777 0.5624
vn -0.8785 -0.3517 -0.3232
vn -0.9427 0.0928 -0.3203
vn -0.2428 -0.9679 -0.0647
vn 0.2428 -0.9679 -0.0646
vn 0.9270 -0.3641 -0.0900
vn 0.6511 -0.7554 -0.0732
vn 0.9200 -0.3427 0.1901
vn 0.6440 -0.7402 0.1930
vn 0.7788 -0.2777 0.5624
vn 0.5485 -0.6108 0.5710
vn 0.4926 -0.1753 0.8524
vn 0.3453 -0.3883 0.8544
vn 0.1234 -0.5141 0.8488
vn -0.1234 -0.5141 0.8488
vn -0.1655 0.9472 -0.2746
vn 0.1727 0.9437 -0.2820
vn -0.8007 0.5017 -0.3274
vn 0.1788 0.9802 -0.0851
vn -0.1788 0.9802 -0.0851
vn 0.7071 0.4734 0.5253
vn 0.4605 0.7306 0.5041
vn 0.3313 0.5198 0.7874
vn 0.1575 0.8658 0.4749
vn -0.1575 0.8658 0.4749
vn 0.1174 0.6445 0.7555
vn -0.1174 0.6445 0.7555
vn 0.5291 0.7879 -0.3150
vn 0.5314 0.8265 0.1856
vn 0.1737 0.9713 0.1626
vn 0.5501 0.8315 -0.0776
vn -0.8459 0.5277 -0.0777
vn -0.1737 0.9713 0.1626
vn 0.8241 0.5322 0.1939
vn -0.8241 0.5322 0.1939
vn -0.7071 0.4734 0.5253
vn 0.8459 0.5277 -0.0777
vn 0.8007 0.5017 -0.3274
vn 0.9427 0.0928 -0.3203
vn 0.9910 0.1081 -0.0790
vn 0.9708 0.1364 0.1970
vn 0.8285 0.1401 0.5420
vn -0.5102 0.6691 -0.5403
vn -0.5319 0.0405 0.8458
vn -0.5637 -0.0275 0.8255
vn -0.5445 0.4263 0.7223
vn -0.6268 0.2478 0.7388
vn 0.6658 0.2567 0.7006
vn 0.3530 -0.1812 -0.9179
vn 0.3500 0.1585 -0.9232
vn 0.6915 -0.2058 -0.6924
vn 0.6618 0.0882 -0.7444
vn 0.9099 -0.0359 -0.4131
vn 0.6452 0.2383 -0.7258
vn 0.3307 0.3043 -0.8933
vn 0.8689 0.1642 -0.4669
vn -0.1393 -0.9552 0.2609
vn -0.3060 -0.2626 0.9151
vn -0.0008 -0.2862 0.9581
vn -0.4219 -0.4150 0.8060
vn -0.2552 -0.1574 0.9540
vn -0.2447 -0.5525 0.7968
vn -0.1925 -0.7094 0.6780
vn -0.1511 -0.4466 0.8819
vn -0.6934 -0.2165 -0.6872
vn -0.6664 0.0854 -0.7407
vn -0.9286 -0.0283 -0.3701
vn -0.3523 -0.1912 -0.9161
vn -0.3401 0.1643 -0.9259
vn -0.3131 0.3061 -0.8990
vn -0.6418 0.2519 -0.7243
vn -0.9166 0.0837 -0.3908
vn -0.9859 -0.0655 0.1537
vn -0.7826 0.2766 0.5576
vn -0.9807 -0.0801 0.1784
vn -0.8162 0.1062 0.5678
vn -0.8362 -0.1138 0.5364
vn -0.7174 -0.3689 -0.5909
vn -0.7729 -0.4622 -0.4347
vn 0.7114 0.2749 0.6467
vn 0.3280 0.2724 0.9045
vn -0.0034 0.6831 0.7303
vn -0.2146 0.9544 -0.2074
vn 0.2416 0.9445 -0.2226
vn -0.2337 0.9473 -0.2192
vn 0.2088 0.9524 -0.2222
vn -0.0025 0.2617 0.9651
vn -0.7481 -0.3316 0.5748
vn -0.7090 -0.3148 0.6310
vn -0.9417 -0.3089 0.1328
vn -0.9439 -0.2828 0.1703
vn -0.3618 -0.3118 0.8785
vn -0.3194 -0.2871 0.9030
vn -0.0072 -0.2952 0.9554
vn -0.0067 -0.2583 0.9660
vn 0.3426 -0.3278 0.8804
vn 0.3108 -0.2725 0.9106
vn 0.7301 -0.3360 0.5950
vn 0.7033 -0.2964 0.6461
vn -0.9444 -0.3186 -0.0811
vn -0.9482 -0.2923 -0.1245
vn -0.2898 0.6886 0.6646
vn -0.3321 0.2759 0.9019
vn -0.0117 -0.4620 -0.8868
vn -0.0112 -0.6444 -0.7645
vn -0.6296 -0.4434 -0.6379
vn -0.5306 -0.6290 -0.5681
vn 0.5959 -0.4312 -0.6775
vn 0.4934 -0.6341 -0.5954
vn -0.9279 -0.3548 -0.1145
vn -0.7472 -0.6531 -0.1230
vn -0.7269 -0.6766 0.1177
vn -0.5453 -0.5835 0.6018
vn 0.7057 -0.6670 -0.2387
vn 0.8899 -0.3477 -0.2951
vn 0.6191 -0.5711 0.5390
vn -0.0987 -0.0157 -0.9950
vn 0.9671 -0.0059 0.2541
vn 0.9671 0.0059 -0.2541
vn 0.4158 0.5091 0.7536
vn 0.0994 0.5006 -0.8600
vn 0.3789 0.5300 -0.7586
vn 0.2927 0.0055 -0.9561
vn 0.4871 0.0022 -0.8733
vn -0.3189 0.0000 -0.9478
vn 0.4736 0.6279 -0.6176
vn -0.3119 0.6842 -0.6592
vn -0.0860 0.7126 0.6962
vn -0.3389 0.6803 0.6498
vn -0.3189 0.0000 0.9478
vn -0.3102 0.9507 0.0000
vn 0.4369 0.8995 -0.0032
vn 0.4871 -0.0022 0.8733
vn 0.4690 0.6298 0.6191
vn -0.2083 0.9771 -0.0440
vn -0.0702 0.7696 -0.6346
vn -0.0679 -0.0110 -0.9976
vn 0.3446 -0.0888 0.9345
vn 0.0842 -0.9479 0.3072
vn 0.4121 -0.0729 0.9082
vn 0.0475 0.9054 0.4218
vn -0.4144 0.7245 -0.5507
vn -0.4965 -0.0576 -0.8661
vn -0.3261 -0.7610 -0.5608
vn -0.0207 0.8966 -0.4424
vn -0.0196 0.8865 0.4623
vn 0.0013 0.9002 -0.4354
vn 0.0004 0.8895 0.4568
vn -0.0238 0.8856 0.4638
vn -0.0248 0.8956 -0.4441
vn -0.4220 0.7943 0.4369
vn -0.4148 0.8034 -0.4272
vn -0.0270 0.2746 -0.9611
vn -0.0432 -0.7335 -0.6782
vn -0.4765 -0.6396 -0.6032
vn -0.9154 -0.4023 0.0108
vn -0.3509 0.8187 0.4545
vn -0.3428 0.8280 -0.4437
vn 0.0012 0.9001 -0.4355
vn 0.0386 0.8934 -0.4475
vn 0.0427 0.8836 0.4662
vn -0.3692 0.8129 0.4505
vn 0.0010 0.9000 -0.4359
vn -0.0039 0.8909 0.4541
vn 0.0451 0.8930 -0.4477
vn 0.0496 0.8832 0.4663
vn -0.9371 0.3490 -0.0040
vn -0.9098 -0.4148 0.0117
vn 0.0360 0.8936 -0.4473
vn 0.0365 0.8825 0.4689
vn -0.0409 0.2460 0.9684
vn -0.0157 0.1972 0.9802
vn 0.0011 0.9001 -0.4357
vn -0.0231 0.8960 -0.4434
vn 0.0001 0.8894 0.4571
vn -0.0221 0.8860 0.4632
vn 0.0420 0.8821 0.4692
vn 0.0414 0.8932 -0.4476
vn -0.3876 0.8067 0.4460
vn -0.3797 0.8160 -0.4358
vn -0.0219 0.8963 -0.4429
vn 0.4736 -0.6279 0.6176
vn -0.3119 -0.6842 0.6592
vn -0.3119 -0.6843 -0.6591
vn 0.4690 -0.6298 -0.6191
vn -0.3102 -0.9507 0.0000
vn 0.4369 -0.8995 0.0032
vn -0.9671 -0.0059 -0.2541
vn -0.9671 0.0059 0.2541
vn -0.2701 0.9628 -0.0092
vn 0.2559 0.9664 0.0234
vn -0.4690 0.6298 -0.6191
vn 0.3119 0.6842 -0.6592
vn -0.4871 -0.0022 -0.8733
vn 0.3189 0.0000 -0.9478
vn 0.3455 0.6805 0.6462
vn 0.3213 0.0026 0.9470
vn -0.4369 0.8995 0.0032
vn 0.3147 0.9492 0.0053
vn -0.4736 0.6279 0.6176
vn -0.4871 0.0022 0.8733
vn 0.1145 -0.0135 -0.9933
vn -0.3450 -0.0019 -0.9386
vn -0.3912 -0.0377 0.9195
vn -0.3602 -0.0832 0.9291
vn -0.0767 -0.9517 0.2972
vn 0.4156 0.7095 -0.5690
vn -0.0538 0.8992 0.4341
vn 0.3404 -0.7605 -0.5530
vn 0.4978 -0.0533 -0.8656
vn 0.3692 0.8129 0.4505
vn 0.3612 0.8221 -0.4400
vn 0.0208 0.8862 0.4627
vn 0.0219 0.8963 -0.4429
vn 0.0640 -0.7433 0.6659
vn 0.0541 -0.7381 -0.6724
vn -0.0386 0.8934 -0.4475
vn -0.0392 0.8823 0.4690
vn -0.0012 0.9001 -0.4355
vn -0.0002 0.8895 0.4570
vn 0.0802 -0.7448 0.6624
vn 0.0702 -0.7394 -0.6696
vn -0.0001 0.8894 0.4571
vn 0.0221 0.8860 0.4632
vn -0.0011 0.9001 -0.4357
vn 0.0231 0.8960 -0.4434
vn -0.0420 0.8821 0.4692
vn -0.0414 0.8932 -0.4476
vn 0.3797 0.8160 -0.4358
vn 0.3876 0.8067 0.4460
vn 0.3119 -0.6842 0.6592
vn -0.4690 -0.6298 0.6191
vn 0.3119 -0.6843 -0.6591
vn -0.4736 -0.6279 -0.6176
vn -0.4369 -0.8995 -0.0032
vn 0.3102 -0.9507 0.0000
vn -0.6811 0.6576 0.3218
vn -0.7526 0.5056 0.4219
vn -0.6569 0.4354 -0.6155
vn -0.6929 0.1829 -0.6974
vn -0.6670 0.0855 -0.7401
vn -0.8474 0.3934 -0.3565
vn -0.6794 0.7220 0.1306
vn -0.6744 0.7377 -0.0310
vn -0.6467 0.6940 -0.3164
vn 0.7651 0.0850 -0.6383
vn 0.7763 -0.0373 0.6292
vn -0.8293 -0.2160 -0.5153
vn -0.8486 -0.3137 -0.4260
vn -0.0962 -0.2716 -0.9576
vn -0.1786 -0.4602 -0.8696
vn 0.7684 0.0865 -0.6341
vn 0.0075 0.1368 -0.9905
vn 0.0064 0.1410 -0.9900
vn -0.7364 0.0995 -0.6691
vn -0.7459 0.0817 -0.6610
vn -0.9999 -0.0051 0.0104
vn -0.7449 -0.0660 0.6638
vn -0.7912 -0.2360 0.5642
vn -0.9906 -0.1361 0.0140
vn -0.9849 -0.1664 0.0468
vn -0.7590 -0.0058 -0.6511
vn 0.0215 -0.0312 -0.9993
vn -0.7982 0.5982 0.0707
vn -0.9181 0.3815 0.1073
vn -0.8118 0.5823 -0.0435
vn -0.8351 0.5447 -0.0760
vn -0.0398 0.7027 -0.7104
vn -0.0491 0.9985 -0.0214
vn -0.0688 0.6677 -0.7413
vn -0.0519 0.9981 -0.0331
vn 0.0166 -0.0120 -0.9998
vn 0.0099 0.9994 -0.0322
vn -0.0043 0.6731 0.7395
vn 0.0031 -0.7181 -0.6959
vn -0.0092 -0.0123 -0.9999
vn -0.0915 -0.0106 -0.9957
vn 0.0197 -0.6703 0.7418
vn 0.0098 -0.9977 0.0666
vn 0.0111 0.0132 0.9998
vn 0.0552 0.0001 0.9984
vn -0.0075 -0.0213 -0.9997
vn 0.0224 -0.0005 0.9997
vn -0.0124 -0.6695 0.7426
vn -0.0060 -0.9975 0.0707
vn -0.0026 0.6374 -0.7705
vn -0.0077 -0.0177 -0.9998
vn -0.0013 -0.7213 -0.6926
vn -0.0152 -0.0006 0.9999
vn 0.0825 0.0061 -0.9966
vn -0.0396 0.7060 0.7070
vn -0.0399 0.0174 0.9990
vn 0.0121 0.3317 -0.9433
vn -0.2059 0.8313 0.5163
vn 0.4933 0.7635 0.4167
vn -0.1752 0.7026 0.6896
vn 0.5192 0.6127 0.5958
vn -0.1953 0.8613 0.4689
vn -0.0041 0.6978 0.7162
vn -0.0129 0.4760 0.8793
vn -0.1445 0.5005 0.8536
vn 0.0048 0.8471 0.5313
vn -0.0001 0.8557 0.5175
vn -0.1607 0.9008 0.4032
vn -0.0061 0.8892 0.4574
vn -0.8679 0.4944 0.0484
vn -0.8679 0.4915 -0.0720
vn -0.8354 0.5419 -0.0916
vn -0.9988 0.0456 -0.0165
vn -0.9761 0.1129 -0.1857
vn -0.1847 0.9360 0.2995
vn -0.8918 0.1670 -0.4204
vn -0.1137 -0.3533 -0.9286
vn -0.9369 0.0549 0.3450
vn -0.6821 0.0336 0.7305
vn -0.0014 0.0190 -0.9998
vn -0.1139 0.0838 -0.9899
vn -0.0010 0.0754 -0.9971
vn 0.0238 -0.3502 -0.9363
vn -0.0098 -0.9999 -0.0049
vn -0.0224 -0.9783 -0.2059
vn -0.0154 -0.9306 -0.3657
vn 0.0097 0.1843 -0.9828
vn 0.7350 0.5217 0.4330
vn 0.6683 0.6554 0.3518
vn 0.7920 0.3907 0.4692
vn 0.6709 0.0751 -0.7377
vn 0.6961 0.1910 -0.6921
vn 0.8531 0.3969 -0.3386
vn 0.6778 0.7246 0.1243
vn 0.6740 0.7387 -0.0018
vn 0.6690 0.6816 -0.2963
vn 0.6708 0.4065 -0.6202
vn -0.7747 0.0531 -0.6301
vn -0.6698 -0.4809 -0.5657
vn -0.8496 -0.5274 0.0023
vn 0.7452 0.0330 -0.6660
vn 0.7362 0.0747 -0.6726
vn -0.7664 0.0797 -0.6374
vn -0.7810 0.0262 -0.6240
vn -0.9998 0.0023 0.0193
vn -0.9998 0.0101 0.0162
vn -0.7608 -0.0858 0.6433
vn -0.7755 -0.0389 0.6301
vn 0.1272 -0.3130 -0.9412
vn 0.2911 -0.5514 -0.7818
vn 0.8339 -0.2558 -0.4889
vn 0.8604 -0.3238 -0.3935
vn -0.7660 0.0902 -0.6364
vn 0.7421 0.0862 -0.6646
vn 0.7380 0.0855 -0.6693
vn -0.0069 0.1281 -0.9917
vn 0.0037 0.1382 -0.9904
vn -0.0179 0.0226 -0.9996
vn -0.0055 0.0552 -0.9984
vn 0.9999 0.0022 0.0095
vn 0.7466 -0.0571 0.6628
vn 0.9998 0.0130 0.0146
vn 0.7316 -0.0903 0.6757
vn 0.9997 0.0157 0.0164
vn 0.7406 -0.0708 0.6682
vn 0.9880 -0.1517 0.0291
vn 0.9834 -0.1738 0.0520
vn 0.8006 -0.2450 0.5468
vn -0.4473 -0.6006 0.6627
vn 0.7543 0.0208 -0.6562
vn -0.0114 -0.0081 -0.9999
vn -0.7719 -0.0673 0.6321
vn 0.7754 0.6293 0.0531
vn 0.9124 0.3985 0.0928
vn 0.8139 0.5795 -0.0420
vn 0.8286 0.5529 -0.0876
vn 0.0637 0.6690 -0.7405
vn 0.0443 0.9985 -0.0309
vn 0.0435 0.7018 -0.7110
vn 0.0526 0.9984 -0.0195
vn 0.0937 0.7038 0.7041
vn 0.0385 0.0178 0.9991
vn -0.0365 0.0168 -0.9992
vn -0.0934 0.0430 -0.9947
vn -0.0027 0.6742 0.7385
vn -0.0207 0.9992 -0.0334
vn 0.0757 -0.0260 -0.9968
vn -0.0016 -0.7194 -0.6945
vn 0.0091 -0.0117 -0.9999
vn -0.0446 -0.6676 0.7432
vn -0.0202 -0.9981 0.0573
vn -0.0166 -0.6706 0.7416
vn -0.0067 -0.9978 0.0653
vn 0.0336 -0.0215 -0.9992
vn -0.0194 0.0020 0.9998
vn -0.0528 0.0056 0.9986
vn 0.0115 -0.6706 0.7417
vn 0.0020 -0.9976 0.0696
vn 0.0084 -0.0172 -0.9998
vn -0.0009 -0.7232 -0.6906
vn -0.0033 0.6411 -0.7674
vn 0.0130 0.0017 0.9999
vn -0.0152 0.0153 0.9998
vn 0.0619 0.6778 0.7326
vn 0.1652 0.7028 0.6919
vn -0.5072 0.6099 0.6088
vn 0.1852 0.8396 0.5106
vn -0.4884 0.7663 0.4174
vn 0.1924 0.8578 0.4765
vn 0.1615 0.4896 0.8568
vn 0.1706 0.8978 0.4061
vn 0.8611 0.5054 0.0552
vn 0.6897 0.0346 0.7233
vn 0.3782 0.0455 0.9246
vn 0.3775 -0.1473 0.9142
vn 0.8664 0.4944 -0.0705
vn 0.1691 0.9416 0.2912
vn 0.9995 0.0312 -0.0049
vn 0.9358 0.0615 0.3471
vn 0.1121 -0.3526 -0.9290
vn 0.1364 0.0676 -0.9883
vn 0.1276 -0.6169 0.7766
vn 0.1232 -0.5804 0.8049
vn -0.3796 0.7284 -0.5704
vn -0.5770 0.7435 -0.3381
vn -0.9798 0.1988 -0.0214
vn -0.9233 -0.3677 -0.1105
vn -0.9692 -0.2446 -0.0289
vn -0.2400 0.9623 -0.1274
vn -0.9410 -0.2721 0.2012
vn -0.1470 0.9498 -0.2761
vn -0.2156 0.9502 -0.2248
vn -0.2516 0.9389 -0.2347
vn -0.2027 0.9471 -0.2487
vn -0.1018 0.9523 -0.2875
vn -0.0007 0.9300 -0.3677
vn 0.7092 -0.3107 0.6329
vn 0.9490 -0.2723 0.1587
vn 0.9453 -0.3113 -0.0974
vn 0.8722 -0.4885 -0.0216
vn 0.8897 -0.3995 -0.2209
vn 0.6085 -0.4281 -0.6681
vn 0.0126 -0.4819 -0.8761
vn -0.5787 -0.4288 -0.6937
vn -0.8679 -0.3835 -0.3157
vn -0.7285 -0.3375 0.5961
vn -0.3426 -0.3275 0.8805
vn 0.0072 -0.2949 0.9555
vn 0.3618 -0.3115 0.8786
vn 0.7481 -0.3315 0.5749
vn 0.9426 -0.3071 0.1310
vn -0.7909 0.3400 0.5088
vn -0.6985 0.4263 0.5747
vn -0.6229 -0.2555 0.7394
vn 0.0114 -0.1316 0.9912
vn 0.0263 0.4447 0.8953
vn 0.0227 0.3038 0.9525
vn 0.0095 0.0090 0.9999
vn 0.0095 -0.1029 0.9946
vn 0.0119 -0.1252 0.9920
vn 0.0127 -0.1015 0.9948
vn 0.0326 -0.1341 0.9904
vn -0.7037 -0.7031 -0.1019
vn -0.7297 -0.6609 0.1751
vn 0.7450 -0.6574 0.1128
vn -0.5741 -0.6569 0.4886
vn -0.2836 -0.6480 0.7068
vn -0.1291 0.8216 -0.5552
vn -0.0292 0.8779 -0.4779
vn -0.0195 0.9087 -0.4170
vn 0.0209 0.9028 -0.4294
vn 0.1408 0.8565 -0.4965
vn 0.3229 0.1945 0.9262
vn 0.3707 -0.0711 0.9260
vn 0.4953 -0.0507 0.8672
vn 0.5843 -0.1093 0.8041
vn 0.7303 -0.1337 0.6699
vn 0.6458 -0.1262 0.7530
vn 0.7930 -0.1681 0.5856
vn 0.7862 -0.0547 0.6154
vn 0.8411 0.0782 0.5352
vn 0.8987 0.0191 0.4382
vn 0.9173 -0.1507 0.3686
vn 0.0017 -0.9098 0.4150
vn -0.3893 -0.8479 0.3598
vn -0.6386 -0.7069 0.3041
vn -0.7592 -0.6172 0.2063
vn -0.8448 -0.5178 0.1349
vn -0.9199 -0.3777 0.1056
vn -0.9754 -0.1842 0.1212
vn -0.9164 -0.1587 0.3675
vn -0.9846 -0.0350 0.1714
vn -0.7475 -0.0314 0.6635
vn -0.6713 0.0348 0.7403
vn -0.8917 -0.2137 -0.3990
vn -0.5493 -0.2136 -0.8078
vn -0.0010 -0.2128 -0.9771
vn 0.5473 -0.2182 -0.8080
vn 0.8937 -0.2141 -0.3942
vn 0.9772 -0.2107 0.0241
vn 0.8859 -0.1754 0.4294
vn 0.5519 -0.1437 0.8214
vn -0.0029 -0.1377 0.9904
vn -0.5410 -0.4743 0.6945
vn -0.5371 -0.1566 0.8288
vn -0.8878 -0.1935 0.4175
vn -0.9761 -0.2158 0.0250
vn -0.9171 -0.3828 -0.1107
vn -0.8578 -0.5093 -0.0684
vn -0.8123 -0.5824 0.0318
vn -0.6882 -0.7014 0.1852
vn -0.4281 -0.8015 0.4174
vn 0.0058 -0.8319 0.5549
vn 0.7921 -0.1120 0.6000
vn 0.6449 -0.0582 0.7620
vn 0.5211 -0.0338 0.8528
vn 0.2993 0.0316 0.9536
vn -0.0002 0.1033 0.9946
vn -0.3007 0.0041 0.9537
vn -0.5284 -0.0740 0.8457
vn -0.6405 -0.0741 0.7644
vn -0.7918 -0.1196 0.5989
vn 0.3055 -0.2477 0.9194
vn 0.4188 -0.3930 0.8186
vn 0.3140 -0.4582 0.8315
vn 0.0064 -0.7862 0.6178
vn -0.3078 -0.7506 0.5847
vn 0.0891 -0.2614 0.9611
vn -0.0891 -0.2614 0.9611
vn -0.3453 -0.3883 0.8544
vn -0.5485 -0.6108 0.5710
vn -0.6440 -0.7402 0.1930
vn -0.6511 -0.7554 -0.0732
vn -0.6289 -0.7281 -0.2725
vn -0.8234 -0.3291 -0.4622
vn -0.5360 0.7858 -0.3085
vn -0.5501 0.8315 -0.0776
vn -0.5314 0.8265 0.1856
vn -0.4605 0.7306 0.5041
vn -0.3313 0.5198 0.7874
vn -0.0899 0.3369 0.9372
vn -0.5072 -0.3835 0.7718
vn -0.5382 -0.1035 0.8364
vn -0.5009 -0.1474 0.8529
vn -0.6122 -0.3633 0.7023
vn -0.3064 -0.3618 0.8804
vn -0.3035 -0.3426 0.8891
vn -0.3621 -0.1769 0.9152
vn -0.3508 -0.0664 0.9340
vn -0.5222 -0.0375 0.8520
vn -0.5225 -0.0063 0.8526
vn -0.5753 -0.0804 0.8139
vn -0.5795 -0.0768 0.8113
vn -0.5553 -0.1749 0.8130
vn -0.5753 -0.1952 0.7943
vn -0.5816 -0.3044 0.7544
vn -0.5048 -0.2608 0.8229
vn -0.4754 0.4564 0.7521
vn 0.0540 -0.1614 0.9854
vn -0.4570 -0.0062 0.8894
vn -0.1987 -0.0285 0.9796
vn 0.3814 -0.3199 0.8673
vn 0.5485 -0.2869 0.7853
vn 0.7708 0.4471 0.4538
vn -0.0210 -0.0273 0.9994
vn 0.1684 -0.0290 0.9853
vn 0.5064 0.0697 0.8594
vn 0.5059 -0.0997 0.8567
vn 0.5249 -0.1232 0.8422
vn 0.5328 -0.3688 0.7616
vn 0.4714 -0.3902 0.7909
vn 0.2784 -0.3553 0.8923
vn 0.2901 -0.3439 0.8930
vn 0.3406 -0.1198 0.9325
vn 0.3467 -0.1743 0.9216
vn 0.5095 -0.0339 0.8598
vn 0.5199 -0.0734 0.8510
vn 0.5736 -0.0783 0.8154
vn 0.5734 -0.0878 0.8145
vn 0.5736 -0.1787 0.7994
vn -0.0007 0.1598 -0.9871
vn -0.0076 0.2669 -0.9637
vn -0.2078 -0.8869 0.4125
vn -0.4539 -0.8164 -0.3571
vn -0.7872 -0.0853 0.6107
vn -0.4738 0.5362 0.6986
vn -0.4702 0.6698 0.5747
vn -0.4841 0.4734 0.7359
vn -0.3837 0.0113 0.9234
vn -0.4466 -0.3351 0.8296
vn -0.5252 -0.6491 0.5502
vn -0.5450 -0.8355 0.0700
vn -0.5356 -0.7568 -0.3745
vn 0.2026 0.9474 -0.2477
vn 0.5996 0.7971 -0.0706
vn 0.8089 0.5758 0.1183
vn 0.9435 0.2395 0.2287
vn 0.9354 -0.2547 0.2452
vn 0.9430 -0.2672 0.1984
vn -0.7278 0.2817 0.6252
vn -0.9549 0.2369 0.1787
vn -0.8552 0.5119 -0.0811
vn -0.9882 0.1404 -0.0606
vn -0.8955 0.4128 -0.1665
vn -0.9913 -0.0163 -0.1305
vn -0.8183 0.4866 -0.3058
vn -0.9522 0.1144 -0.2830
vn -0.5813 0.4580 -0.6725
vn -0.6648 0.0848 -0.7422
vn -0.0127 0.3938 -0.9191
vn -0.0092 0.0324 -0.9994
vn 0.5510 0.4141 -0.7244
vn 0.6197 0.0625 -0.7823
vn 0.8239 0.4190 -0.3815
vn 0.9227 0.0782 -0.3774
vn 0.9040 0.4029 -0.1426
vn 0.9838 0.1189 -0.1339
vn 0.8754 0.4804 -0.0542
vn 0.9803 0.1970 -0.0169
vn -0.8718 -0.4807 -0.0940
vn -0.8993 -0.3912 -0.1952
vn -0.6141 -0.4268 -0.6638
vn -0.0075 -0.4815 -0.8764
vn 0.5732 -0.4324 -0.6961
vn 0.8677 -0.3772 -0.3236
vn 0.9274 -0.3582 -0.1077
vn 0.9692 -0.2450 -0.0229
vn -0.5684 0.7710 -0.2872
vn -0.3918 0.7641 -0.5124
vn -0.0038 0.7227 -0.6911
vn 0.3816 0.7266 -0.5713
vn 0.5807 0.7391 -0.3413
vn 0.6563 0.7279 -0.1985
vn 0.7036 -0.7031 -0.1021
vn 0.7297 -0.6609 0.1749
vn 0.5741 -0.6571 0.4884
vn 0.2836 -0.6482 0.7066
vn -0.7450 -0.6575 0.1126
vn -0.6900 -0.7080 -0.1503
vn -0.6592 -0.6617 -0.3572
vn -0.4615 0.2092 -0.8621
vn -0.0251 0.2748 -0.9611
vn -0.0692 -0.7194 -0.6912
vn -0.0292 0.2742 -0.9612
vn -0.0610 -0.7364 -0.6738
vn -0.4946 0.2072 -0.8440
vn -0.5038 -0.6267 -0.5945
vn -0.9488 0.3158 -0.0007
vn -0.9184 -0.3950 0.0201
vn -0.4978 0.1888 0.8465
vn -0.5076 -0.6157 0.6027
vn -0.0354 0.2476 0.9682
vn -0.0807 -0.7443 0.6629
vn -0.0817 -0.7005 0.7089
vn -0.1104 -0.6833 0.7217
vn -0.0740 -0.7423 0.6660
vn -0.5242 0.1931 0.8294
vn -0.5227 -0.6214 0.5836
vn -0.9612 0.2756 -0.0091
vn -0.9341 -0.3568 -0.0072
vn -0.5380 0.1988 -0.8191
vn -0.5310 -0.6238 -0.5735
vn -0.0385 0.2794 -0.9594
vn -0.0616 -0.7369 -0.6731
vn -0.1517 -0.7068 -0.6909
vn -0.0433 -0.7359 -0.6757
vn -0.4551 -0.6487 -0.6099
vn 0.0488 -0.7378 -0.6732
vn 0.0535 -0.7427 0.6674
vn -0.0077 0.2144 -0.9767
vn 0.0349 0.2483 0.9680
vn 0.4945 0.1920 0.8477
vn 0.9493 0.3142 -0.0061
vn 0.5008 0.2022 -0.8416
vn 0.0362 0.2788 -0.9597
vn -0.0025 0.2401 -0.9707
vn 0.0327 0.2485 0.9681
vn 0.4765 0.1951 0.8573
vn 0.9427 0.3334 -0.0050
vn 0.4813 0.2073 -0.8517
vn 0.0331 0.2795 -0.9596
vn 0.0501 -0.7317 -0.6797
vn 0.0711 -0.7409 0.6678
vn 0.4882 0.4524 0.7463
vn 0.4909 0.6231 0.6089
vn 0.5317 0.7476 0.3979
vn 0.4946 0.8515 0.1739
vn 0.5274 0.8495 -0.0132
vn 0.4783 0.8520 -0.2128
vn 0.4252 0.7144 -0.5557
vn -0.4365 0.6993 -0.5660
vn -0.5019 0.8452 -0.1834
vn -0.5371 0.8434 0.0082
vn -0.4936 0.8548 0.1600
vn -0.5148 0.7455 0.4233
vn -0.3773 0.0469 0.9249
vn -0.3817 -0.1430 0.9131
vn -0.3439 -0.3538 0.8698
vn -0.2419 -0.4855 0.8401
vn -0.1242 -0.6362 0.7614
vn -0.0751 -0.8401 0.5372
vn 0.0000 -0.9709 0.2393
vn 0.1606 -0.9681 0.1922
vn -0.5078 0.2545 -0.8230
vn -0.1162 0.2770 -0.9538
vn 0.0009 0.2758 -0.9612
vn 0.1200 0.2771 -0.9533
vn 0.5212 0.2314 -0.8215
vn 0.8899 0.1534 -0.4296
vn 0.9789 0.0995 -0.1783
vn 0.8353 0.5419 -0.0933
vn 0.0018 0.9504 0.3110
vn -0.0080 0.3411 0.9399
vn -0.0222 0.2891 0.9570
vn -0.0216 0.4816 0.8761
vn -0.0101 0.2524 0.9675
vn -0.0016 0.0506 0.9987
vn 0.0041 -0.1625 0.9867
vn 0.0062 -0.3797 0.9250
vn 0.0080 -0.5172 0.8558
vn 0.0111 -0.6500 0.7598
vn 0.0000 -0.8355 0.5495
vn 0.0751 -0.8401 0.5372
vn 0.1474 -0.8495 0.5066
vn 0.0506 -0.7447 -0.6655
vn 0.7829 -0.1298 0.6084
vn 0.6872 0.4488 0.5713
vn 0.6244 -0.2578 0.7373
vn -0.0160 -0.1337 0.9909
vn -0.0106 0.4584 0.8886
vn -0.0056 0.2916 0.9565
vn -0.0083 0.0071 0.9999
vn -0.0114 -0.1037 0.9945
vn -0.0138 -0.1242 0.9922
vn -0.0107 -0.0976 0.9951
vn -0.0350 -0.1474 0.9884
vn 0.9975 -0.0182 0.0686
vn 0.6091 -0.7914 -0.0522
vn 0.9986 0.0142 -0.0500
vn 0.6995 -0.7146 0.0048
vn 0.8172 -0.2540 0.5173
vn 0.6295 -0.7361 0.2488
vn 0.4224 -0.3953 0.8156
vn 0.3099 -0.8144 0.4905
vn 0.0000 -0.4342 0.9008
vn -0.0005 -0.8311 0.5561
vn -0.4211 -0.3938 0.8170
vn -0.3067 -0.8156 0.4905
vn -0.8212 -0.2529 0.5116
vn -0.6356 -0.7324 0.2440
vn -0.9967 -0.0267 0.0761
vn -0.7018 -0.7123 0.0091
vn -0.9987 0.0139 -0.0497
vn -0.6105 -0.7900 -0.0552
vn -0.0852 -0.9960 -0.0246
vn -0.0760 -0.9964 -0.0377
vn -0.0557 -0.9963 -0.0646
vn -0.0354 -0.9958 -0.0844
vn -0.0018 -0.9958 -0.0911
vn 0.0375 -0.9958 -0.0832
vn 0.0600 -0.9962 -0.0627
vn 0.0797 -0.9961 -0.0387
vn 0.0888 -0.9956 -0.0285
usemtl material_8
s off
f 2230/522/452 811/523/452 2222/524/452
s 1
f 2052/525/453 1390/526/454 452/527/455
f 453/528/456 454/529/457 455/530/458
f 454/529/457 456/531/459 455/530/458
f 461/532/460 2054/533/461 457/534/462
f 1390/526/454 458/535/463 452/527/455
f 459/536/464 460/537/465 461/538/460
f 459/539/464 461/540/460 457/534/462
f 461/538/460 462/541/466 463/542/467
f 464/543/468 2080/544/469 2081/545/470
f 465/546/471 2047/547/472 466/548/473
f 466/548/473 2047/547/472 2074/549/474
f 2072/550/475 467/551/476 2027/552/477
f 468/553/478 469/554/479 470/555/480
f 471/556/481 472/557/482 473/558/483
f 474/559/484 471/556/481 473/558/483
f 474/559/484 473/558/483 475/560/485
f 475/560/485 473/558/483 469/554/479
f 473/558/483 472/557/482 469/554/479
f 476/561/486 477/562/487 478/563/488
f 479/564/489 477/562/487 476/561/486
f 479/564/489 480/565/490 477/562/487
f 481/566/491 482/567/492 483/568/493
f 470/555/480 484/569/494 468/553/478
f 468/553/478 475/560/485 469/554/479
f 485/570/495 486/571/496 487/572/497
f 488/573/498 489/574/499 490/575/500
f 491/576/501 488/573/498 490/575/500
f 492/577/502 493/578/503 494/579/504
f 495/580/505 496/581/506 497/582/507
f 486/571/496 485/570/495 498/583/508
f 498/583/508 485/570/495 494/579/504
f 487/572/497 486/571/496 499/584/509
f 499/584/509 486/571/496 500/585/510
f 501/586/511 502/587/512 488/573/498
f 488/573/498 502/587/512 489/574/499
f 503/588/513 502/587/512 501/586/511
f 494/579/504 485/570/495 492/577/502
f 487/572/497 504/589/514 505/590/515
f 496/581/506 506/591/516 507/592/517
f 504/589/514 508/593/518 503/588/513
f 504/589/514 503/588/513 501/586/511
f 485/570/495 487/572/497 505/590/515
f 507/592/517 497/582/507 496/581/506
f 509/594/519 510/595/520 511/596/521
f 512/597/522 513/598/523 514/599/524
f 490/575/500 489/574/499 515/600/525
f 490/575/500 515/600/525 516/601/526
f 517/602/527 518/603/528 519/604/529
f 520/605/530 512/597/522 514/599/524
f 521/606/531 511/596/521 510/595/520
f 517/602/527 511/596/521 521/606/531
f 499/584/509 510/595/520 509/594/519
f 500/585/510 510/595/520 499/584/509
f 515/600/525 502/587/512 522/607/532
f 489/574/499 502/587/512 515/600/525
f 522/607/532 502/587/512 503/588/513
f 519/604/529 511/596/521 517/602/527
f 523/608/533 524/609/534 509/594/519
f 525/610/535 526/611/536 512/597/522
f 503/588/513 508/593/518 524/609/534
f 522/607/532 503/588/513 524/609/534
f 523/608/533 509/594/519 511/596/521
f 512/597/522 520/605/530 525/610/535
f 527/612/537 1507/613/538 528/614/539
f 532/615/540 529/616/541 530/617/542
f 531/618/543 529/619/541 532/620/540
f 533/621/544 531/618/543 532/615/540
f 527/612/537 528/614/539 534/622/545
f 535/623/546 532/615/540 530/617/542
f 536/624/547 537/625/548 530/617/542
f 538/626/549 537/625/548 536/624/547
f 539/627/550 540/628/551 541/629/552
f 1545/630/553 1548/631/554 542/632/555
f 543/633/556 544/634/557 540/628/551
f 545/635/558 543/633/556 540/628/551
f 530/617/542 537/625/548 535/623/546
f 540/628/551 544/634/557 541/629/552
f 1546/636/559 557/637/560 546/638/561
f 547/639/562 1546/640/559 534/641/545
f 1547/642/563 1549/643/564 1548/644/554
f 2221/645/565 548/646/566 549/647/567
f 549/647/567 2222/648/568 2221/645/565
f 2221/645/565 550/649/569 2107/650/570
f 551/651/571 552/652/572 2129/653/573
f 1548/644/554 1549/643/564 1482/654/574
f 553/655/575 554/656/576 643/657/577
f 1547/642/563 555/658/578 1549/643/564
f 1545/659/553 556/660/579 1546/640/559
f 1546/640/559 556/660/579 557/661/560
f 552/652/572 558/662/580 2129/653/573
f 558/662/580 2231/663/581 2129/653/573
f 664/664/582 559/665/583 560/666/584
f 561/667/585 562/668/586 563/669/587
f 564/670/588 561/667/585 563/669/587
f 565/671/589 566/672/590 567/673/591
f 568/674/592 569/675/593 661/676/594
f 570/677/595 569/675/593 568/674/592
f 608/678/596 570/677/595 568/674/592
f 607/679/597 570/677/595 608/678/596
f 571/680/598 649/681/599 531/682/543
f 572/683/600 649/681/599 571/680/598
f 561/667/585 572/683/600 571/680/598
f 573/684/601 572/683/600 561/667/585
f 564/670/588 573/684/601 561/667/585
f 574/685/602 560/686/584 575/687/603
f 576/688/604 574/685/602 575/687/603
f 577/689/605 578/690/606 579/691/607
f 570/677/595 580/692/608 569/675/593
f 575/687/603 581/693/609 576/688/604
f 582/694/610 581/693/609 575/687/603
f 583/695/611 581/693/609 584/696/612
f 576/688/604 581/693/609 583/695/611
f 585/697/613 586/698/614 587/699/615
f 588/700/616 586/698/614 585/697/613
f 570/677/595 589/701/617 580/692/608
f 607/679/597 589/701/617 570/677/595
f 562/668/586 531/682/543 590/702/618
f 562/668/586 571/680/598 531/682/543
f 561/667/585 571/680/598 562/668/586
f 591/703/619 568/674/592 661/676/594
f 608/678/596 568/674/592 591/703/619
f 592/704/620 593/705/621 594/706/622
f 595/707/623 652/708/624 596/709/625
f 597/710/626 574/685/602 576/688/604
f 583/695/611 597/710/626 576/688/604
f 598/711/627 643/712/577 587/699/615
f 586/698/614 598/711/627 587/699/615
f 599/713/628 598/711/627 586/698/614
f 588/700/616 599/713/628 586/698/614
f 600/714/629 599/713/628 588/700/616
f 599/713/628 601/715/630 598/711/627
f 602/716/631 603/717/632 604/718/633
f 605/719/634 603/717/632 602/716/631
f 603/717/632 605/719/634 2189/720/635
f 2188/721/636 603/717/632 2189/720/635
f 606/722/637 2190/723/638 2189/720/635
f 796/724/639 607/725/597 608/726/596
f 609/727/640 607/725/597 796/724/639
f 610/728/641 609/727/640 796/724/639
f 1503/729/642 609/727/640 610/728/641
f 772/730/643 1503/729/642 610/728/641
f 611/731/644 1503/729/642 772/730/643
f 566/732/590 611/731/644 772/730/643
f 612/733/645 613/734/646 614/735/647
f 615/736/648 612/733/645 614/735/647
f 779/737/649 612/733/645 615/736/648
f 616/738/650 779/737/649 615/736/648
f 617/739/651 618/740/652 619/741/653
f 620/742/654 618/740/652 617/739/651
f 621/743/655 620/742/654 617/739/651
f 622/744/656 620/742/654 621/743/655
f 623/745/657 624/746/658 625/747/659
f 626/748/660 721/749/661 627/750/662
f 628/751/663 721/749/661 626/748/660
f 629/752/664 628/751/663 626/748/660
f 742/753/665 628/751/663 629/752/664
f 630/754/666 742/753/665 629/752/664
f 631/755/667 742/753/665 630/754/666
f 632/756/668 631/755/667 630/754/666
f 620/742/654 633/757/669 618/740/652
f 634/758/670 633/757/669 620/742/654
f 622/744/656 634/758/670 620/742/654
f 723/759/671 634/758/670 622/744/656
f 627/750/662 723/759/671 622/744/656
f 635/760/672 636/761/673 637/762/674
f 638/763/675 635/760/672 637/762/674
f 613/734/646 635/760/672 638/763/675
f 615/736/648 771/764/676 616/738/650
f 639/765/677 771/764/676 615/736/648
f 640/766/678 639/765/677 615/736/648
f 641/767/679 642/768/680 643/769/577
f 644/770/681 642/768/680 641/767/679
f 645/771/682 644/770/681 641/767/679
f 634/758/670 644/770/681 645/771/682
f 633/757/669 634/758/670 645/771/682
f 646/772/683 706/773/684 1623/774/685
f 612/733/645 635/760/672 613/734/646
f 647/775/686 635/760/672 612/733/645
f 779/737/649 647/775/686 612/733/645
f 632/756/668 647/775/686 779/737/649
f 643/769/577 554/776/576 648/777/687
f 572/778/600 529/779/541 649/780/599
f 743/781/688 529/779/541 572/778/600
f 573/782/601 743/781/688 572/778/600
f 1493/783/689 743/781/688 573/782/601
f 644/770/681 717/784/690 642/768/680
f 650/785/691 717/784/690 644/770/681
f 723/759/671 650/785/691 644/770/681
f 651/786/692 652/787/624 595/788/623
f 1495/789/693 652/787/624 651/786/692
f 653/790/694 1495/789/693 651/786/692
f 637/762/674 654/791/695 638/763/675
f 615/736/648 614/735/647 640/766/678
f 635/760/672 647/775/686 636/761/673
f 1618/792/696 655/793/697 656/794/698
f 803/795/699 608/726/596 591/796/619
f 796/724/639 608/726/596 803/795/699
f 772/730/643 567/797/591 566/732/590
f 771/764/676 567/797/591 772/730/643
f 1493/783/689 657/798/700 743/781/688
f 653/790/694 657/798/700 1493/783/689
f 717/784/690 595/788/623 642/768/680
f 651/786/692 595/788/623 717/784/690
f 658/799/701 659/800/702 660/801/703
f 723/759/671 644/770/681 634/758/670
f 651/786/692 657/798/700 653/790/694
f 639/765/677 567/797/591 771/764/676
f 591/796/619 661/802/594 803/795/699
f 649/780/599 529/779/541 531/803/543
f 658/799/701 660/801/703 662/804/704
f 663/805/705 664/806/582 560/807/584
f 662/804/704 660/801/703 619/741/653
f 648/777/687 641/767/679 643/769/577
f 665/808/706 666/809/707 667/810/708
f 668/811/709 669/812/710 670/813/711
f 691/814/712 671/815/713 1558/816/714
f 672/817/715 671/815/713 691/814/712
f 693/818/716 672/817/715 691/814/712
f 841/819/717 1363/820/718 844/821/719
f 673/822/720 674/823/721 675/824/722
f 675/824/722 674/823/721 676/825/723
f 674/823/721 2018/826/724 676/825/723
f 1528/827/725 1529/828/726 2097/829/727
f 675/824/722 1685/830/728 673/822/720
f 670/813/711 677/831/729 668/811/709
f 678/832/730 673/822/720 679/833/731
f 674/823/721 673/822/720 678/832/730
f 680/834/732 674/823/721 678/832/730
f 2018/826/724 674/823/721 680/834/732
f 1362/835/733 2018/826/724 680/834/732
f 681/836/734 1363/820/718 682/837/735
f 844/821/719 1363/820/718 681/836/734
f 683/838/736 684/839/737 685/840/738
f 686/841/739 2097/829/727 687/842/740
f 2097/829/727 1529/828/726 687/842/740
f 688/843/741 689/844/742 690/845/743
f 691/846/712 692/847/744 693/848/716
f 694/849/745 690/845/743 1613/850/746
f 690/845/743 689/844/742 1613/850/746
f 1613/850/746 689/844/742 1612/851/747
f 695/852/748 696/853/749 692/847/744
f 692/847/744 696/853/749 693/848/716
f 696/853/749 697/854/750 693/848/716
f 693/848/716 697/854/750 2142/855/751
f 697/854/750 698/856/752 2142/855/751
f 2142/855/751 698/856/752 753/857/753
f 688/843/741 699/858/754 700/859/755
f 699/858/754 1617/860/756 700/859/755
f 700/859/755 1617/860/756 1593/861/757
f 700/862/755 701/863/758 688/864/741
f 702/865/759 703/866/760 2160/867/761
f 655/868/697 704/869/762 1512/870/763
f 704/869/762 705/871/764 1512/870/763
f 1512/870/763 705/871/764 706/872/684
f 1623/873/685 707/874/765 1558/875/714
f 1558/875/714 707/874/765 708/876/766
f 1623/873/685 709/877/767 707/874/765
f 710/878/768 711/879/769 712/880/770
f 713/881/771 714/882/772 715/883/773
f 715/883/773 714/882/772 716/884/774
f 651/885/692 717/886/690 718/887/775
f 2215/888/776 714/882/772 713/881/771
f 657/889/700 651/885/692 719/890/777
f 720/891/778 721/892/661 722/893/779
f 723/894/671 627/895/662 720/891/778
f 627/895/662 721/892/661 720/891/778
f 724/896/780 657/889/700 719/890/777
f 725/897/781 726/898/782 727/899/783
f 727/899/783 726/898/782 728/900/784
f 726/898/782 729/901/785 728/900/784
f 728/900/784 729/901/785 730/902/786
f 721/892/661 628/903/663 731/904/787
f 628/903/663 732/905/788 731/904/787
f 731/904/787 732/905/788 733/906/789
f 732/905/788 716/884/774 733/906/789
f 734/907/790 735/908/791 736/909/792
f 735/908/791 737/910/793 736/909/792
f 736/909/792 737/910/793 738/911/794
f 737/910/793 739/912/795 738/911/794
f 740/913/796 719/890/777 729/901/785
f 718/887/775 650/914/691 741/915/797
f 741/915/797 650/914/691 723/894/671
f 728/900/784 730/902/786 727/899/783
f 721/892/661 731/904/787 722/893/779
f 722/893/779 731/904/787 733/906/789
f 742/916/665 794/917/798 628/903/663
f 729/901/785 726/898/782 740/913/796
f 657/889/700 724/896/780 743/918/688
f 743/918/688 724/896/780 529/919/541
f 726/898/782 725/897/781 740/913/796
f 718/887/775 717/886/690 650/914/691
f 732/905/788 715/883/773 716/884/774
f 744/920/799 745/921/800 746/922/801
f 747/923/802 748/924/803 745/921/800
f 745/921/800 748/924/803 1361/925/804
f 745/921/800 1361/925/804 746/922/801
f 749/926/805 747/923/802 750/927/806
f 2160/928/761 751/929/807 2159/930/808
f 2159/930/808 751/929/807 752/931/809
f 2159/930/808 752/931/809 753/932/753
f 754/933/810 1360/934/811 1359/935/812
f 755/936/813 756/937/814 673/822/720
f 2017/938/815 756/937/814 755/936/813
f 2017/938/815 757/939/816 756/937/814
f 1924/940/817 1268/941/818 758/942/819
f 759/943/820 760/944/821 1534/945/822
f 673/822/720 1685/830/728 755/936/813
f 761/946/823 1524/947/824 749/926/805
f 762/948/825 745/921/800 744/920/799
f 750/927/806 745/921/800 762/948/825
f 750/927/806 747/923/802 745/921/800
f 679/833/731 673/822/720 763/949/826
f 763/949/826 673/822/720 756/937/814
f 763/949/826 756/937/814 764/950/827
f 764/950/827 756/937/814 757/939/816
f 765/951/828 754/952/810 1359/953/812
f 766/954/829 1360/934/811 754/933/810
f 762/948/825 767/955/830 750/927/806
f 750/927/806 767/955/830 760/944/821
f 761/946/823 759/943/820 1526/956/831
f 761/946/823 760/944/821 759/943/820
f 750/927/806 760/944/821 761/946/823
f 715/883/773 768/957/832 713/881/771
f 769/958/833 768/957/832 715/883/773
f 770/959/834 771/960/676 772/961/643
f 713/881/771 768/957/832 2215/888/776
f 773/962/835 768/957/832 769/958/833
f 774/963/836 772/961/643 610/964/641
f 770/959/834 772/961/643 774/963/836
f 775/965/837 776/966/838 777/967/839
f 778/968/840 632/969/668 779/970/649
f 778/968/840 631/971/667 632/969/668
f 774/963/836 610/964/641 1642/972/841
f 780/973/842 781/974/843 782/975/844
f 780/973/842 783/976/845 781/974/843
f 783/976/845 784/977/846 785/978/847
f 786/979/848 773/962/835 769/958/833
f 782/975/844 787/980/849 780/973/842
f 782/975/844 788/981/850 787/980/849
f 789/982/851 788/981/850 782/975/844
f 789/982/851 774/963/836 788/981/850
f 790/983/852 774/963/836 789/982/851
f 790/983/852 770/959/834 774/963/836
f 791/984/853 770/959/834 790/983/852
f 791/984/853 616/985/650 770/959/834
f 779/970/649 616/985/650 791/984/853
f 777/967/839 792/986/854 793/987/855
f 777/967/839 776/966/838 792/986/854
f 783/976/845 785/978/847 781/974/843
f 789/982/851 795/988/856 790/983/852
f 796/989/639 1642/972/841 610/964/641
f 803/990/699 1642/972/841 796/989/639
f 789/982/851 797/991/857 795/988/856
f 616/985/650 771/960/676 770/959/834
f 782/975/844 797/991/857 789/982/851
f 798/992/858 803/993/699 802/994/859
f 799/995/860 800/996/861 801/997/862
f 802/998/859 803/999/699 661/1000/594
f 798/992/858 802/994/859 804/1001/863
f 805/1002/864 806/1003/865 807/1004/866
f 798/992/858 806/1003/865 808/1005/867
f 808/1005/867 806/1003/865 805/1002/864
f 809/1006/868 799/995/860 810/1007/869
f 799/995/860 812/1008/870 813/1009/871
f 799/995/860 813/1009/871 800/996/861
f 801/997/862 814/1010/872 799/995/860
f 804/1001/863 806/1003/865 798/992/858
f 809/1006/868 812/1008/870 799/995/860
f 815/1011/873 816/1012/874 817/1013/875
f 818/1014/876 819/1015/877 816/1012/874
f 819/1015/877 820/1016/878 817/1013/875
f 816/1012/874 819/1015/877 817/1013/875
f 817/1013/875 821/1017/879 815/1011/873
f 822/1018/880 821/1017/879 817/1013/875
f 823/1019/881 819/1015/877 824/1020/882
f 819/1015/877 818/1014/876 824/1020/882
f 824/1020/882 818/1014/876 823/1019/881
f 823/1019/881 825/1021/883 819/1015/877
f 825/1021/883 826/1022/884 819/1015/877
f 819/1015/877 826/1022/884 820/1016/878
f 827/1023/885 828/1024/886 829/1025/887
f 830/1026/888 831/1027/889 832/1028/890
f 833/1029/891 834/1030/892 835/1031/893
f 2268/1032/894 836/1033/895 2286/1034/896
f 837/1035/897 838/1036/898 839/1037/899
f 1359/953/812 2017/1038/815 765/951/828
f 840/1039/900 676/1040/723 841/1041/717
f 842/1042/901 754/1043/810 765/951/828
f 840/1039/900 844/1044/719 1551/1045/902
f 841/1041/717 843/1046/903 840/1039/900
f 840/1047/900 841/1048/717 844/1049/719
f 845/1050/904 846/1051/905 847/1052/906
f 848/1053/907 849/1054/908 850/1055/909
f 851/1056/910 852/1057/911 853/1058/912
f 854/1059/913 855/1060/914 856/1061/915
f 854/1059/913 857/1062/916 855/1060/914
f 858/1063/917 857/1062/916 854/1059/913
f 858/1063/917 859/1064/918 857/1062/916
f 860/1065/919 859/1064/918 858/1063/917
f 861/1066/920 862/1067/921 863/1068/922
f 864/1069/923 862/1067/921 861/1066/920
f 864/1069/923 969/1070/924 862/1067/921
f 960/1071/925 969/1070/924 864/1069/923
f 865/1072/926 866/1073/927 867/1074/928
f 928/1075/929 868/1076/930 869/1077/931
f 870/1078/932 871/1079/933 872/1080/934
f 872/1080/934 871/1079/933 873/1081/935
f 874/1082/936 875/1083/937 876/1084/938
f 876/1084/938 875/1083/937 920/1085/939
f 877/1086/940 858/1063/917 878/1087/941
f 878/1087/941 858/1063/917 854/1059/913
f 856/1061/915 926/1088/942 854/1059/913
f 865/1072/926 879/1089/943 866/1073/927
f 880/1090/944 881/1091/945 882/1092/946
f 882/1092/946 883/1093/947 880/1090/944
f 860/1065/919 858/1063/917 920/1085/939
f 851/1056/910 884/1094/948 852/1057/911
f 854/1059/913 926/1088/942 885/1095/949
f 854/1059/913 885/1095/949 878/1087/941
f 886/1096/950 851/1056/910 887/1097/951
f 881/1091/945 888/1098/952 882/1092/946
f 920/1085/939 858/1063/917 877/1086/940
f 864/1069/923 861/1066/920 889/1099/953
f 882/1092/946 890/1100/954 883/1093/947
f 878/1087/941 885/1095/949 891/1101/955
f 872/1080/934 892/1102/956 860/1065/919
f 865/1072/926 893/1103/957 894/1104/958
f 872/1080/934 860/1065/919 870/1078/932
f 870/1078/932 860/1065/919 920/1085/939
f 895/1105/959 891/1101/955 926/1088/942
f 926/1088/942 891/1101/955 885/1095/949
f 896/1106/960 868/1076/930 928/1075/929
f 882/1092/946 897/1107/961 898/1108/962
f 899/1109/963 887/1097/951 851/1056/910
f 865/1072/926 867/1074/928 900/1110/964
f 870/1078/932 920/1085/939 871/1079/933
f 871/1079/933 920/1085/939 901/1111/965
f 878/1087/941 891/1101/955 2323/1112/966
f 882/1092/946 888/1098/952 897/1107/961
f 2323/1112/966 891/1101/955 895/1105/959
f 871/1079/933 901/1111/965 873/1081/935
f 902/1113/967 890/1100/954 882/1092/946
f 894/1104/958 903/1114/968 865/1072/926
f 851/1056/910 904/1115/969 905/1116/970
f 969/1070/924 906/1117/971 862/1067/921
f 926/1088/942 869/1077/931 868/1076/930
f 920/1085/939 877/1086/940 876/1084/938
f 876/1084/938 877/1086/940 878/1087/941
f 876/1084/938 878/1087/941 874/1082/936
f 900/1110/964 893/1103/957 865/1072/926
f 903/1114/968 907/1118/972 865/1072/926
f 851/1056/910 905/1116/970 884/1094/948
f 926/1088/942 868/1076/930 908/1119/973
f 856/1061/915 928/1075/929 869/1077/931
f 856/1061/915 869/1077/931 926/1088/942
f 908/1119/973 868/1076/930 896/1106/960
f 865/1072/926 907/1118/972 879/1089/943
f 851/1056/910 853/1058/912 899/1109/963
f 882/1092/946 898/1108/962 902/1113/967
f 904/1115/969 851/1056/910 886/1096/950
f 909/1120/974 910/1121/975 911/1122/976
f 911/1122/976 912/1123/977 909/1120/974
f 913/1124/978 914/1125/979 915/1126/980
f 916/1127/981 917/1128/982 918/1129/983
f 914/1125/979 918/1129/983 915/1126/980
f 915/1126/980 918/1129/983 919/1130/984
f 956/1131/985 913/1124/978 915/1126/980
f 920/1132/939 921/1133/986 901/1134/965
f 872/1135/934 922/1136/987 889/1137/953
f 923/1138/988 924/1139/989 925/1140/990
f 926/1141/942 927/1142/991 895/1143/959
f 928/1144/929 929/1145/992 896/1146/960
f 930/1147/993 931/1148/994 932/1149/995
f 925/1140/990 933/1150/996 934/1151/997
f 934/1151/997 933/1150/996 935/1152/998
f 936/1153/999 937/1154/1000 938/1155/1001
f 938/1155/1001 937/1154/1000 939/1156/1002
f 940/1157/1003 941/1158/1004 919/1130/984
f 934/1151/997 942/1159/1005 925/1140/990
f 925/1140/990 942/1159/1005 923/1138/988
f 928/1144/929 943/1160/1006 929/1145/992
f 926/1141/942 944/1161/1007 927/1142/991
f 927/1142/991 944/1161/1007 945/1162/1008
f 878/1163/941 946/1164/1009 874/1165/936
f 873/1166/935 922/1136/987 872/1135/934
f 956/1131/985 947/1167/1010 913/1124/978
f 919/1130/984 918/1129/983 940/1157/1003
f 948/1168/1011 913/1124/978 947/1167/1010
f 949/1169/1012 950/1170/1013 951/1171/1014
f 952/1172/1015 951/1171/1014 953/1173/1016
f 954/1174/1017 955/1175/1018 956/1176/985
f 957/1177/1019 955/1175/1018 954/1174/1017
f 1698/1178/1020 958/1179/1021 959/1180/1022
f 955/1175/1018 947/1181/1010 956/1176/985
f 955/1175/1018 960/1182/925 947/1181/1010
f 961/1183/1023 960/1182/925 955/1175/1018
f 960/1182/925 2309/1184/1024 947/1181/1010
f 960/1182/925 889/1185/953 2309/1184/1024
f 864/1186/923 889/1185/953 960/1182/925
f 962/1187/1025 954/1174/1017 956/1176/985
f 963/1188/1026 954/1174/1017 962/1187/1025
f 963/1188/1026 957/1177/1019 954/1174/1017
f 964/1189/1027 957/1177/1019 963/1188/1026
f 953/1173/1016 1749/1190/1028 952/1172/1015
f 953/1173/1016 965/1191/1029 1749/1190/1028
f 966/1192/1030 950/1170/1013 949/1169/1012
f 967/1193/1031 952/1172/1015 1749/1190/1028
f 968/1194/1032 952/1172/1015 967/1193/1031
f 968/1194/1032 961/1183/1023 952/1172/1015
f 1710/1195/1033 961/1183/1023 968/1194/1032
f 1710/1195/1033 960/1182/925 961/1183/1023
f 969/1196/924 960/1182/925 1710/1195/1033
f 943/1197/1006 963/1188/1026 962/1187/1025
f 970/1198/1034 963/1188/1026 943/1197/1006
f 961/1183/1023 951/1171/1014 952/1172/1015
f 955/1175/1018 951/1171/1014 961/1183/1023
f 955/1175/1018 949/1169/1012 951/1171/1014
f 957/1177/1019 949/1169/1012 955/1175/1018
f 957/1177/1019 966/1192/1030 949/1169/1012
f 964/1189/1027 966/1192/1030 957/1177/1019
f 971/1199/1035 950/1170/1013 966/1192/1030
f 966/1192/1030 964/1189/1027 971/1199/1035
f 972/1200/1036 965/1191/1029 953/1173/1016
f 972/1200/1036 1698/1178/1020 959/1180/1022
f 2294/1201/1037 959/1180/1022 958/1179/1021
f 959/1180/1022 965/1191/1029 972/1200/1036
f 973/1202/1038 974/1203/1039 975/1204/1040
f 976/1205/1041 977/1206/1042 978/1207/1043
f 979/1208/1044 980/1209/1045 981/1210/1046
f 981/1210/1046 980/1209/1045 1775/1211/1047
f 982/1212/1048 983/1213/1049 984/1214/1050
f 985/1215/1051 986/1216/1052 987/1217/1053
f 988/1218/1054 989/1219/1055 1083/1220/1056
f 1100/1221/1057 990/1222/1058 991/1223/1059
f 1102/1224/1060 990/1222/1058 1100/1221/1057
f 992/1225/1061 993/1226/1062 1075/1227/1063
f 1097/1228/1064 993/1226/1062 992/1225/1061
f 1046/1229/1065 994/1230/1066 995/1231/1067
f 996/1232/1068 997/1233/1069 998/1234/1070
f 999/1235/1071 994/1230/1066 1046/1229/1065
f 999/1235/1071 1098/1236/1072 1000/1237/1073
f 986/1216/1052 1001/1238/1074 987/1217/1053
f 1002/1239/1075 1003/1240/1076 1004/1241/1077
f 1004/1241/1077 1005/1242/1078 1002/1239/1075
f 1097/1228/1064 994/1230/1066 1006/1243/1079
f 983/1213/1049 1007/1244/1080 984/1214/1050
f 1008/1245/1081 1098/1236/1072 999/1235/1071
f 1046/1229/1065 1008/1245/1081 999/1235/1071
f 1009/1246/1082 984/1214/1050 1010/1247/1083
f 1002/1239/1075 1011/1248/1084 1003/1240/1076
f 995/1231/1067 994/1230/1066 1097/1228/1064
f 1117/1249/1085 1012/1250/1086 1118/1251/1087
f 1005/1242/1078 1013/1252/1088 1002/1239/1075
f 1014/1253/1089 1008/1245/1081 1046/1229/1065
f 1006/1243/1079 1015/1254/1090 1100/1221/1057
f 1016/1255/1091 1017/1256/1092 987/1217/1053
f 991/1223/1059 1006/1243/1079 1100/1221/1057
f 1097/1228/1064 1006/1243/1079 991/1223/1059
f 1098/1236/1072 1014/1253/1089 2338/1257/1093
f 1008/1245/1081 1014/1253/1089 1098/1236/1072
f 1083/1220/1056 989/1219/1055 1018/1258/1094
f 1019/1259/1095 1020/1260/1096 1002/1239/1075
f 984/1214/1050 1009/1246/1082 1021/1261/1097
f 1022/1262/1098 985/1215/1051 987/1217/1053
f 990/1222/1058 1097/1228/1064 991/1223/1059
f 2331/1263/1099 1097/1228/1064 990/1222/1058
f 1099/1264/1100 1014/1253/1089 1046/1229/1065
f 1020/1260/1096 1011/1248/1084 1002/1239/1075
f 2338/1257/1093 1014/1253/1089 1099/1264/1100
f 1102/1224/1060 2331/1263/1099 990/1222/1058
f 1002/1239/1075 1013/1252/1088 1023/1265/1101
f 987/1217/1053 1024/1266/1102 1016/1255/1091
f 1025/1267/1103 1026/1268/1104 984/1214/1050
f 1775/1211/1047 1027/1269/1105 1777/1270/1106
f 989/1219/1055 988/1218/1054 1098/1236/1072
f 992/1225/1061 995/1231/1067 1097/1228/1064
f 1046/1229/1065 995/1231/1067 992/1225/1061
f 1075/1227/1063 1046/1229/1065 992/1225/1061
f 987/1217/1053 1017/1256/1092 1022/1262/1098
f 987/1217/1053 1028/1271/1107 1024/1266/1102
f 980/1209/1045 1128/1272/1108 1775/1211/1047
f 1007/1244/1080 1025/1267/1103 984/1214/1050
f 1000/1237/1073 1083/1220/1056 1029/1273/1109
f 1030/1274/1110 989/1219/1055 1098/1236/1072
f 988/1218/1054 1083/1220/1056 1000/1237/1073
f 1098/1236/1072 988/1218/1054 1000/1237/1073
f 1018/1258/1094 989/1219/1055 1030/1274/1110
f 1031/1275/1111 1032/1276/1112 1033/1277/1113
f 1001/1238/1074 1028/1271/1107 987/1217/1053
f 1021/1261/1097 982/1212/1048 984/1214/1050
f 1023/1265/1101 1019/1259/1095 1002/1239/1075
f 1010/1247/1083 984/1214/1050 1026/1268/1104
f 1034/1278/1114 1035/1279/1115 1036/1280/1116
f 1036/1280/1116 1037/1281/1117 1034/1278/1114
f 1038/1282/1118 1039/1283/1119 1040/1284/1120
f 1041/1285/1121 1042/1286/1122 1043/1287/1123
f 1044/1288/1124 1045/1289/1125 1046/1290/1065
f 1047/1291/1126 1759/1292/1127 1048/1293/1128
f 1049/1294/1129 1050/1295/1130 1051/1296/1131
f 1052/1297/1132 1044/1288/1124 1053/1298/1133
f 2020/1299/1134 2021/1300/1135 1054/1301/1136
f 1055/1302/1137 1056/1303/1138 1057/1304/1139
f 1058/1305/1140 1059/1306/1141 1044/1288/1124
f 1060/1307/1142 1061/1308/1143 1062/1309/1144
f 1063/1310/1145 1064/1311/1146 1065/1312/1147
f 1066/1313/1148 1067/1314/1149 1068/1315/1150
f 1069/1316/1151 1070/1317/1152 1071/1318/1153
f 1072/1319/1154 1073/1320/1155 1074/1321/1156
f 1075/1322/1063 1076/1323/1157 1058/1305/1140
f 1077/1324/1158 1078/1325/1159 1079/1326/1160
f 1065/1312/1147 1080/1327/1161 1081/1328/1162
f 1018/1329/1094 1082/1330/1163 1083/1331/1056
f 1084/1332/1164 1082/1330/1163 1018/1329/1094
f 1085/1333/1165 1086/1334/1166 1087/1335/1167
f 750/927/806 761/946/823 749/926/805
f 1088/1336/1168 1089/1337/1169 1090/1338/1170
f 1091/1339/1171 1089/1337/1169 1088/1336/1168
f 1092/1340/1172 993/1341/1062 1093/1342/1173
f 1094/1343/1174 1095/1344/1175 1085/1333/1165
f 1039/1283/1119 1096/1345/1176 1030/1346/1110
f 1082/1330/1163 1759/1292/1127 1083/1331/1056
f 1048/1293/1128 1759/1292/1127 1082/1330/1163
f 1046/1290/1065 1058/1305/1140 1044/1288/1124
f 1075/1322/1063 1058/1305/1140 1046/1290/1065
f 1097/1347/1064 1093/1342/1173 993/1341/1062
f 1098/1348/1072 1039/1283/1119 1030/1346/1110
f 1046/1290/1065 1045/1289/1125 1099/1349/1100
f 1100/1350/1057 1101/1351/1177 1102/1352/1060
f 1044/1288/1124 1057/1304/1139 1053/1298/1133
f 1057/1304/1139 1044/1288/1124 1059/1306/1141
f 1057/1304/1139 1059/1306/1141 1055/1302/1137
f 1103/1353/1178 1052/1297/1132 1053/1298/1133
f 1038/1282/1118 1040/1284/1120 1047/1291/1126
f 1047/1291/1126 1048/1293/1128 1038/1282/1118
f 1104/1354/1179 1117/1355/1085 1116/1356/1180
f 1105/1357/1181 1104/1354/1179 1116/1356/1180
f 1081/1328/1162 1063/1310/1145 1065/1312/1147
f 1087/1335/1167 1094/1343/1174 1085/1333/1165
f 1106/1358/1182 1107/1359/1183 1108/1360/1184
f 1109/1361/1185 1106/1358/1182 1110/1362/1186
f 1053/1363/1133 1111/1364/1187 1112/1365/1188
f 1112/1365/1188 1111/1364/1187 1113/1366/1189
f 1114/1367/1190 980/1368/1045 979/1369/1044
f 1053/1363/1133 1057/1370/1139 1111/1364/1187
f 1057/1370/1139 2327/1371/1191 1111/1364/1187
f 1111/1364/1187 2327/1371/1191 1115/1372/1192
f 1057/1370/1139 1116/1373/1180 2327/1371/1191
f 1116/1373/1180 1117/1374/1085 2327/1371/1191
f 2327/1371/1191 1117/1374/1085 1118/1375/1087
f 1053/1363/1133 1112/1365/1188 1047/1376/1126
f 1047/1376/1126 1112/1365/1188 1119/1377/1193
f 1112/1365/1188 1113/1366/1189 1119/1377/1193
f 1119/1377/1193 1113/1366/1189 1120/1378/1194
f 1110/1362/1186 1121/1379/1195 1109/1361/1185
f 1121/1379/1195 1122/1380/1196 1109/1361/1185
f 1108/1360/1184 1107/1359/1183 1123/1381/1197
f 1121/1379/1195 1110/1362/1186 1124/1382/1198
f 1124/1382/1198 1110/1362/1186 1780/1383/1199
f 1110/1362/1186 1115/1372/1192 1780/1383/1199
f 1780/1383/1199 1115/1372/1192 1782/1384/1200
f 1115/1372/1192 2327/1371/1191 1782/1384/1200
f 1782/1384/1200 2327/1371/1191 1777/1385/1106
f 1047/1376/1126 1119/1377/1193 1759/1386/1127
f 1759/1386/1127 1119/1377/1193 1125/1387/1201
f 1110/1362/1186 1106/1358/1182 1115/1372/1192
f 1115/1372/1192 1106/1358/1182 1111/1364/1187
f 1106/1358/1182 1108/1360/1184 1111/1364/1187
f 1111/1364/1187 1108/1360/1184 1113/1366/1189
f 1108/1360/1184 1123/1381/1197 1113/1366/1189
f 1113/1366/1189 1123/1381/1197 1120/1378/1194
f 1123/1381/1197 1107/1359/1183 1126/1388/1202
f 1126/1388/1202 1120/1378/1194 1123/1381/1197
f 1109/1361/1185 1122/1380/1196 1127/1389/1203
f 1114/1367/1190 979/1369/1044 1127/1389/1203
f 980/1368/1045 1114/1367/1190 1128/1390/1108
f 1127/1389/1203 1122/1380/1196 1114/1367/1190
f 1883/1391/1204 1129/1392/1205 1995/1393/1206
f 1130/1394/1207 1988/1395/1208 1874/1396/1209
f 1874/1396/1209 1131/1397/1210 1199/1398/1211
f 1199/1398/1211 1130/1394/1207 1874/1396/1209
f 1132/1399/1212 1133/1400/1213 1134/1401/1214
f 1135/1402/1215 1222/1403/1216 1136/1404/1217
f 1137/1405/1218 1222/1403/1216 1135/1402/1215
f 1138/1406/1219 1135/1402/1215 1139/1407/1220
f 1135/1402/1215 1136/1404/1217 1139/1407/1220
f 1134/1401/1214 1135/1402/1215 1138/1406/1219
f 1140/1408/1221 1141/1409/1222 1899/1410/1223
f 1899/1410/1223 1141/1409/1222 1142/1411/1224
f 1143/1412/1225 1893/1413/1226 1891/1414/1227
f 1906/1415/1228 1905/1416/1229 1144/1417/1230
f 1906/1415/1228 1827/1418/1231 1145/1419/1232
f 1906/1415/1228 1146/1420/1233 1827/1418/1231
f 1144/1417/1230 1146/1420/1233 1906/1415/1228
f 1147/1421/1234 1148/1422/1235 1149/1423/1236
f 1147/1421/1234 1149/1423/1236 1847/1424/1237
f 1847/1424/1237 1149/1423/1236 1150/1425/1238
f 1847/1424/1237 1150/1425/1238 1151/1426/1239
f 1151/1426/1239 1150/1425/1238 1152/1427/1240
f 1151/1426/1239 1152/1427/1240 1182/1428/1241
f 1847/1424/1237 1174/1429/1242 1147/1421/1234
f 1182/1428/1241 1152/1427/1240 1153/1430/1243
f 1153/1430/1243 1152/1427/1240 1154/1431/1244
f 1813/1432/1245 1812/1433/1246 1155/1434/1247
f 1155/1434/1247 1812/1433/1246 1156/1435/1248
f 1154/1431/1244 1156/1435/1248 1812/1433/1246
f 1154/1431/1244 1157/1436/1249 1153/1430/1243
f 1812/1433/1246 1157/1436/1249 1154/1431/1244
f 1815/1437/1250 1173/1438/1251 1158/1439/1252
f 1171/1440/1253 1808/1441/1254 1159/1442/1255
f 1171/1440/1253 1153/1430/1243 1157/1436/1249
f 1158/1439/1252 1173/1438/1251 1845/1443/1256
f 1845/1443/1256 1160/1444/1257 1819/1445/1258
f 1846/1446/1259 1160/1444/1257 1845/1443/1256
f 1846/1446/1259 1159/1442/1255 1160/1444/1257
f 1171/1440/1253 1159/1442/1255 1846/1446/1259
f 1161/1447/1260 1162/1448/1261 1900/1449/1262
f 1163/1450/1263 1164/1451/1264 1165/1452/1265
f 1164/1451/1264 1148/1422/1235 1165/1452/1265
f 1162/1448/1261 1815/1437/1250 1900/1449/1262
f 1162/1448/1261 1173/1438/1251 1815/1437/1250
f 1174/1429/1242 1173/1438/1251 1162/1448/1261
f 1166/1453/1266 1167/1454/1267 1168/1455/1268
f 1166/1453/1266 1155/1434/1247 1167/1454/1267
f 1813/1432/1245 1155/1434/1247 1166/1453/1266
f 1148/1422/1235 1169/1456/1269 1170/1457/1270
f 1165/1452/1265 1148/1422/1235 1170/1457/1270
f 1810/1458/1271 1808/1441/1254 1171/1440/1253
f 1157/1436/1249 1812/1433/1246 1810/1458/1271
f 1810/1458/1271 1171/1440/1253 1157/1436/1249
f 1845/1443/1256 1819/1445/1258 1158/1439/1252
f 1171/1459/1253 1172/1460/1272 1153/1461/1243
f 1173/1462/1251 1174/1463/1242 1175/1464/1273
f 1175/1464/1273 1174/1463/1242 1176/1465/1274
f 1172/1460/1272 1177/1466/1275 1153/1461/1243
f 1178/1467/1276 1179/1468/1277 1180/1469/1278
f 1153/1461/1243 1181/1470/1279 1182/1471/1241
f 1183/1472/1280 1868/1473/1281 1870/1474/1282
f 1184/1475/1283 1185/1476/1284 1180/1469/1278
f 1180/1469/1278 1185/1476/1284 1186/1477/1285
f 1187/1478/1286 1188/1479/1287 1189/1480/1288
f 1190/1481/1289 1191/1482/1290 1192/1483/1291
f 1189/1480/1288 1193/1484/1292 1190/1481/1289
f 1192/1483/1291 1191/1482/1290 1194/1485/1293
f 1870/1474/1282 1859/1486/1294 1192/1483/1291
f 1192/1483/1291 1859/1486/1294 1187/1478/1286
f 1186/1477/1285 1195/1487/1295 1180/1469/1278
f 1180/1469/1278 1195/1487/1295 1178/1467/1276
f 1196/1488/1296 1197/1489/1297 1180/1469/1278
f 1196/1488/1296 1180/1469/1278 1179/1468/1277
f 1183/1472/1280 1192/1483/1291 1194/1485/1293
f 1190/1481/1289 1192/1483/1291 1189/1480/1288
f 1189/1480/1288 1192/1483/1291 1187/1478/1286
f 1870/1474/1282 1192/1483/1291 1183/1472/1280
f 1180/1469/1278 1197/1489/1297 1184/1475/1283
f 1198/1490/1298 1199/1491/1211 1200/1492/1299
f 2357/1493/1300 1200/1492/1299 1199/1491/1211
f 2357/1493/1300 1201/1494/1301 2358/1495/1302
f 1202/1496/1303 2358/1495/1302 1203/1497/1304
f 1207/1498/1305 1198/1490/1298 1200/1492/1299
f 1204/1499/1306 1198/1490/1298 1207/1498/1305
f 1204/1500/1306 1205/1501/1307 1206/1502/1308
f 1207/1503/1305 1205/1501/1307 1204/1500/1306
f 1208/1504/1309 1209/1505/1310 1834/1506/1311
f 1210/1507/1312 1211/1508/1313 1212/1509/1314
f 1213/1510/1315 1211/1508/1313 1210/1507/1312
f 2346/1511/1316 1214/1512/1317 2347/1513/1318
f 1215/1514/1319 1216/1515/1320 1217/1516/1321
f 1218/1517/1322 1219/1518/1323 1220/1519/1324
f 1136/1520/1217 1219/1518/1323 1218/1517/1322
f 1136/1520/1217 1221/1521/1325 1219/1518/1323
f 1222/1522/1216 1221/1521/1325 1136/1520/1217
f 2347/1513/1318 1214/1512/1317 1213/1510/1315
f 1223/1523/1326 1224/1524/1327 1225/1525/1328
f 1226/1526/1329 1227/1527/1330 1228/1528/1331
f 1229/1529/1332 1226/1526/1329 1228/1528/1331
f 1230/1530/1333 1226/1526/1329 1229/1529/1332
f 1230/1530/1333 1231/1531/1334 1226/1526/1329
f 1232/1532/1335 1233/1533/1336 1234/1534/1337
f 1232/1532/1335 1235/1535/1338 1233/1533/1336
f 1236/1536/1339 1235/1535/1338 1232/1532/1335
f 1236/1536/1339 1224/1524/1327 1237/1537/1340
f 1238/1538/1341 1239/1539/1342 1209/1505/1310
f 1232/1532/1335 1240/1540/1343 1236/1536/1339
f 1241/1541/1344 1242/1542/1345 1237/1537/1340
f 1243/1543/1346 1244/1544/1347 1223/1523/1326
f 1239/1539/1342 1834/1506/1311 1209/1505/1310
f 1831/1545/1348 1239/1539/1342 1233/1533/1336
f 1237/1537/1340 1235/1535/1338 1236/1536/1339
f 1245/1546/1349 1246/1547/1350 1247/1548/1351
f 1248/1549/1352 1996/1550/1353 1249/1551/1354
f 1250/1552/1355 1251/1553/1356 1252/1554/1357
f 1252/1554/1357 1251/1553/1356 1245/1546/1349
f 1899/1410/1223 1253/1555/1358 2010/1556/1359
f 1254/1557/1360 1253/1555/1358 1899/1410/1223
f 1997/1558/1361 2007/1559/1362 1996/1550/1353
f 1255/1560/1363 1256/1561/1364 2013/1562/1365
f 1257/1563/1366 1258/1564/1367 1262/1565/1368
f 2014/1566/1369 1259/1567/1370 2013/1562/1365
f 1259/1567/1370 1260/1568/1371 2013/1562/1365
f 1261/1569/1372 1262/1570/1368 1263/1571/1373
f 1262/1565/1368 1264/1572/1374 1263/1573/1373
f 1265/1574/1375 1266/1575/1376 1267/1576/1377
f 1261/1569/1372 2409/1577/1378 1262/1578/1368
f 1268/1579/818 1269/1580/1379 1270/1581/1380
f 1271/1582/1381 1272/1583/1382 1265/1584/1375
f 1268/1579/818 1270/1581/1380 1273/1585/1383
f 1273/1585/1383 758/1586/819 1268/1579/818
f 1265/1574/1375 1267/1576/1377 1271/1587/1381
f 2013/1562/1365 1260/1568/1371 1255/1560/1363
f 1274/1588/1384 1275/1589/1385 1276/1590/1386
f 1277/1591/1387 1274/1588/1384 1276/1590/1386
f 1278/1592/1388 1274/1588/1384 1277/1591/1387
f 1962/1593/1389 1278/1592/1388 1277/1591/1387
f 1279/1594/1390 1278/1592/1388 1962/1593/1389
f 1305/1595/1391 1279/1594/1390 1962/1593/1389
f 1276/1590/1386 1299/1596/1392 1277/1591/1387
f 1560/1597/1393 1279/1594/1390 1305/1595/1391
f 1280/1598/1394 1279/1594/1390 1560/1597/1393
f 1281/1599/1395 1915/1600/1396 2407/1601/1397
f 1282/1602/1398 1915/1600/1396 1281/1599/1395
f 1915/1600/1396 1282/1602/1398 1280/1598/1394
f 1560/1597/1393 1283/1603/1399 1280/1598/1394
f 1280/1598/1394 1283/1603/1399 1915/1600/1396
f 1284/1604/1400 1300/1605/1401 1285/1606/1402
f 1286/1607/1403 1914/1608/1404 1287/1609/1405
f 1283/1603/1399 1560/1597/1393 1287/1609/1405
f 2427/1610/1406 1300/1605/1401 1284/1604/1400
f 1920/1611/1407 1919/1612/1408 2427/1610/1406
f 2427/1610/1406 1919/1612/1408 1288/1613/1409
f 1919/1612/1408 1286/1607/1403 1288/1613/1409
f 1288/1613/1409 1286/1607/1403 1287/1609/1405
f 1918/1614/1410 1289/1615/1411 1957/1616/1412
f 1290/1617/1413 1291/1618/1414 1292/1619/1415
f 1290/1617/1413 1275/1589/1385 1291/1618/1414
f 1918/1614/1410 1285/1606/1402 1289/1615/1411
f 1285/1606/1402 1300/1605/1401 1289/1615/1411
f 1289/1615/1411 1300/1605/1401 1299/1596/1392
f 1293/1620/1416 1294/1621/1417 2003/1622/1418
f 1294/1621/1417 1281/1599/1395 2003/1622/1418
f 2003/1622/1418 1281/1599/1395 2407/1601/1397
f 1295/1623/1419 1296/1624/1420 1275/1589/1385
f 1295/1623/1419 1275/1589/1385 1290/1617/1413
f 1287/1609/1405 1914/1608/1404 1912/1625/1421
f 1912/1625/1421 1915/1600/1396 1283/1603/1399
f 1283/1603/1399 1287/1609/1405 1912/1625/1421
f 1284/1604/1400 1920/1611/1407 2427/1610/1406
f 1560/1626/1393 1297/1627/1422 1287/1628/1405
f 1298/1629/1423 1299/1630/1392 1300/1631/1401
f 1301/1632/1424 1299/1630/1392 1298/1629/1423
f 1560/1626/1393 1562/1633/1425 1297/1627/1422
f 1302/1634/1426 1303/1635/1427 1304/1636/1428
f 1305/1637/1391 1561/1638/1429 1560/1626/1393
f 1306/1639/1430 2424/1640/1431 1307/1641/1432
f 1308/1642/1433 2422/1643/1434 1309/1644/1435
f 1310/1645/1436 1311/1646/1437 1308/1642/1433
f 1312/1647/1438 2423/1648/1439 1306/1639/1430
f 1309/1644/1435 2423/1648/1439 1312/1647/1438
f 1302/1634/1426 1313/1649/1440 1314/1650/1441
f 1304/1636/1428 1313/1649/1440 1302/1634/1426
f 1302/1634/1426 1315/1651/1442 1316/1652/1443
f 1303/1635/1427 1302/1634/1426 1316/1652/1443
f 1308/1642/1433 1312/1647/1438 1310/1645/1436
f 1309/1644/1435 1312/1647/1438 1308/1642/1433
f 1307/1641/1432 1312/1647/1438 1306/1639/1430
f 1317/1653/1444 1130/1654/1207 1318/1655/1445
f 1130/1654/1207 1317/1653/1444 1319/1656/1446
f 2359/1657/1447 1320/1658/1448 1319/1656/1446
f 1203/1497/1304 2359/1657/1447 1202/1496/1303
f 1317/1653/1444 1318/1655/1445 1321/1659/1449
f 1321/1659/1449 1318/1655/1445 1322/1660/1450
f 1807/1661/1451 1323/1662/1452 1322/1663/1450
f 1322/1663/1450 1323/1662/1452 1321/1664/1449
f 1324/1665/1453 2406/1666/1454 1325/1667/1455
f 1326/1668/1456 1327/1669/1457 2404/1670/1458
f 2404/1670/1458 1327/1669/1457 2405/1671/1459
f 1328/1672/1460 1329/1673/1461 1325/1667/1455
f 1325/1667/1455 1329/1673/1461 1324/1665/1453
f 1330/1674/1462 1331/1675/1463 1332/1676/1464
f 1333/1677/1465 1334/1678/1466 1324/1665/1453
f 1324/1665/1453 1334/1678/1466 2406/1666/1454
f 1334/1678/1466 1335/1679/1467 2406/1666/1454
f 2406/1666/1454 1335/1679/1467 1336/1680/1468
f 2405/1671/1459 1329/1673/1461 1328/1672/1460
f 1337/1681/1469 1338/1682/1470 1339/1683/1471
f 1340/1684/1472 1341/1685/1473 1342/1686/1474
f 1342/1686/1474 1341/1685/1473 1343/1687/1475
f 1344/1688/1476 1345/1689/1477 1346/1690/1478
f 1344/1688/1476 1346/1690/1478 1347/1691/1479
f 1347/1691/1479 1346/1690/1478 1348/1692/1480
f 1346/1690/1478 1349/1693/1481 1348/1692/1480
f 1350/1694/1482 1351/1695/1483 1343/1687/1475
f 1352/1696/1484 1353/1697/1485 1354/1698/1486
f 1339/1683/1471 1355/1699/1487 1356/1700/1488
f 1357/1701/1489 2419/1702/1490 1358/1703/1491
f 748/1704/803 1359/1705/812 1360/1706/811
f 748/1704/803 1360/1706/811 1361/1707/804
f 841/1708/717 1362/1709/733 1363/1710/718
f 1363/1710/718 1362/1709/733 682/1711/735
f 1551/1045/902 1364/1712/1492 840/1039/900
f 765/951/828 1365/1713/1493 842/1042/901
f 1366/1714/1494 1367/1715/1495 1368/1716/1496
f 1367/1715/1495 1369/1717/1497 1368/1716/1496
f 1370/1718/1498 1371/1719/1499 1366/1714/1494
f 1371/1719/1499 1367/1715/1495 1366/1714/1494
f 1372/1720/1500 1373/1721/1501 1374/1722/1502
f 1373/1721/1501 1375/1723/1503 1374/1722/1502
f 1376/1724/1504 1377/1725/1505 1378/1726/1506
f 1377/1725/1505 1379/1727/1507 1378/1726/1506
f 1378/1726/1506 453/528/456 1376/1724/1504
f 453/528/456 1380/1728/1508 1376/1724/1504
f 459/536/464 1387/1729/1509 460/537/465
f 1387/1729/1509 1381/1730/1510 460/537/465
f 1382/1731/1511 2064/1732/1512 1383/1733/1513
f 2064/1732/1512 2065/1734/1514 1383/1733/1513
f 1380/1728/1508 1384/1735/1515 1385/1736/1516
f 1384/1735/1515 1386/1737/1517 1385/1736/1516
f 452/527/455 458/535/463 2054/533/461
f 458/535/463 457/534/462 2054/533/461
f 1387/1738/1509 459/539/464 458/535/463
f 459/539/464 457/534/462 458/535/463
f 463/542/467 462/541/466 456/531/459
f 462/541/466 455/530/458 456/531/459
f 2052/525/453 2064/1732/1512 1390/526/454
f 2064/1732/1512 1382/1731/1511 1390/526/454
f 1387/1729/1509 1388/1739/1518 1381/1730/1510
f 1388/1739/1518 1389/1740/1519 1381/1730/1510
f 1388/1741/1518 1387/1738/1509 1390/1742/454
f 1387/1738/1509 458/535/463 1390/1742/454
f 1384/1735/1515 1391/1743/1520 1386/1737/1517
f 1391/1743/1520 1392/1744/1521 1386/1737/1517
f 2070/1745/1522 2072/550/475 1393/1746/1523
f 2072/550/475 2050/1747/1524 1393/1746/1523
f 1393/1746/1523 2050/1747/1524 2069/1748/1525
f 2050/1747/1524 2049/1749/1526 2069/1748/1525
f 465/546/471 2071/1750/1527 1394/1751/1528
f 2071/1750/1527 1395/1752/1529 1394/1751/1528
f 1394/1751/1528 1395/1752/1529 1396/1753/1530
f 1395/1752/1529 2068/1754/1531 1396/1753/1530
f 2048/1755/1532 1397/1756/1533 2049/1749/1526
f 1397/1756/1533 2069/1748/1525 2049/1749/1526
f 1396/1753/1530 2068/1754/1531 2048/1755/1532
f 2068/1754/1531 1397/1756/1533 2048/1755/1532
f 1398/1757/1534 1399/1758/1535 1400/1759/1536
f 1399/1758/1535 1401/1760/1537 1400/1759/1536
f 1402/1761/1538 1403/1762/1539 1404/1763/1540
f 1403/1762/1539 1405/1764/1541 1404/1763/1540
f 1406/1765/1542 1407/1766/1543 1398/1757/1534
f 1407/1766/1543 1399/1758/1535 1398/1757/1534
f 1401/1760/1537 477/562/487 1408/1767/1544
f 477/562/487 480/565/490 1408/1767/1544
f 1407/1766/1543 1406/1765/1542 1402/1761/1538
f 1406/1765/1542 1409/1768/1545 1402/1761/1538
f 1410/1769/1546 1411/1770/1547 470/555/480
f 1411/1770/1547 484/569/494 470/555/480
f 1407/1766/1543 1412/1771/1548 1399/1758/1535
f 1412/1771/1548 478/563/488 1399/1758/1535
f 1368/1716/1496 1369/1717/1497 1413/1772/1549
f 1369/1717/1497 1414/1773/1550 1413/1772/1549
f 1415/1774/1551 1416/1775/1552 1410/1769/1546
f 1416/1775/1552 1411/1770/1547 1410/1769/1546
f 1403/1762/1539 1417/1776/1553 1405/1764/1541
f 1417/1776/1553 1418/1777/1554 1405/1764/1541
f 1417/1776/1553 1424/1778/1555 1418/1777/1554
f 1424/1778/1555 1419/1779/1556 1418/1777/1554
f 1413/1772/1549 1414/1773/1550 1425/1780/1557
f 1414/1773/1550 1426/1781/1558 1425/1780/1557
f 478/563/488 1412/1771/1548 476/561/486
f 1412/1771/1548 1420/1782/1559 476/561/486
f 1400/1759/1536 1401/1760/1537 1421/1783/1560
f 1401/1760/1537 1408/1767/1544 1421/1783/1560
f 1399/1758/1535 478/563/488 1401/1760/1537
f 478/563/488 477/562/487 1401/1760/1537
f 1422/1784/1561 1423/1785/1562 1415/1774/1551
f 1423/1785/1562 1416/1775/1552 1415/1774/1551
f 1374/1722/1502 1375/1723/1503 1370/1718/1498
f 1375/1723/1503 1371/1719/1499 1370/1718/1498
f 1424/1786/1555 1425/1787/1557 1419/1788/1556
f 1425/1787/1557 1426/1789/1558 1419/1788/1556
f 1427/1790/1563 493/578/503 1428/1791/1564
f 493/578/503 492/577/502 1428/1791/1564
f 1429/1792/1565 495/580/505 1430/1793/1566
f 495/580/505 497/582/507 1430/1793/1566
f 1431/1794/1567 1432/1795/1568 1429/1792/1565
f 1432/1795/1568 495/580/505 1429/1792/1565
f 1428/1791/1564 1433/1796/1569 1427/1790/1563
f 1433/1796/1569 1434/1797/1570 1427/1790/1563
f 1435/1798/1571 501/586/511 1436/1799/1572
f 501/586/511 488/573/498 1436/1799/1572
f 504/589/514 487/572/497 508/593/518
f 487/572/497 499/584/509 508/593/518
f 504/589/514 501/586/511 505/590/515
f 501/586/511 1435/1798/1571 505/590/515
f 488/573/498 491/576/501 1436/1799/1572
f 491/576/501 1437/1800/1573 1436/1799/1572
f 1438/1801/1574 1439/1802/1575 1440/1803/1576
f 1439/1802/1575 1441/1804/1577 1440/1803/1576
f 1442/1805/1578 1443/1806/1579 1438/1801/1574
f 1443/1806/1579 1439/1802/1575 1438/1801/1574
f 1444/1807/1580 1445/1808/1581 1442/1805/1578
f 1445/1808/1581 1443/1806/1579 1442/1805/1578
f 1446/1809/1582 1445/1808/1581 1447/1810/1583
f 1445/1808/1581 1444/1807/1580 1447/1810/1583
f 1429/1792/1565 1438/1801/1574 1431/1794/1567
f 1438/1801/1574 1440/1803/1576 1431/1794/1567
f 1430/1793/1566 1442/1805/1578 1429/1792/1565
f 1442/1805/1578 1438/1801/1574 1429/1792/1565
f 1448/1811/1584 1444/1807/1580 1430/1793/1566
f 1444/1807/1580 1442/1805/1578 1430/1793/1566
f 1444/1807/1580 1448/1811/1584 1447/1810/1583
f 1448/1811/1584 1449/1812/1585 1447/1810/1583
f 507/592/517 506/591/516 1448/1811/1584
f 506/591/516 1449/1812/1585 1448/1811/1584
f 1430/1793/1566 497/582/507 1448/1811/1584
f 497/582/507 507/592/517 1448/1811/1584
f 1450/1813/1586 519/604/529 1451/1814/1587
f 519/604/529 518/603/528 1451/1814/1587
f 1452/1815/1588 520/605/530 1453/1816/1589
f 520/605/530 514/599/524 1453/1816/1589
f 1453/1816/1589 514/599/524 1454/1817/1590
f 514/599/524 513/598/523 1454/1817/1590
f 1451/1814/1587 1455/1818/1591 1450/1813/1586
f 1455/1818/1591 1456/1819/1592 1450/1813/1586
f 1457/1820/1593 515/600/525 1458/1821/1594
f 515/600/525 522/607/532 1458/1821/1594
f 508/593/518 499/584/509 524/609/534
f 499/584/509 509/594/519 524/609/534
f 523/608/533 1458/1821/1594 524/609/534
f 1458/1821/1594 522/607/532 524/609/534
f 1457/1820/1593 1459/1822/1595 515/600/525
f 1459/1822/1595 516/601/526 515/600/525
f 1460/1823/1596 1461/1824/1597 1462/1825/1598
f 1461/1824/1597 1463/1826/1599 1462/1825/1598
f 1462/1825/1598 1463/1826/1599 1464/1827/1600
f 1463/1826/1599 1465/1828/1601 1464/1827/1600
f 1464/1827/1600 1465/1828/1601 1466/1829/1602
f 1465/1828/1601 1467/1830/1603 1466/1829/1602
f 1468/1831/1604 1466/1829/1602 1469/1832/1605
f 1466/1829/1602 1467/1830/1603 1469/1832/1605
f 1454/1817/1590 1460/1823/1596 1453/1816/1589
f 1460/1823/1596 1462/1825/1598 1453/1816/1589
f 1453/1816/1589 1462/1825/1598 1452/1815/1588
f 1462/1825/1598 1464/1827/1600 1452/1815/1588
f 1452/1815/1588 1464/1827/1600 1470/1833/1606
f 1464/1827/1600 1466/1829/1602 1470/1833/1606
f 1468/1831/1604 1471/1834/1607 1466/1829/1602
f 1471/1834/1607 1470/1833/1606 1466/1829/1602
f 1470/1833/1606 1471/1834/1607 525/610/535
f 1471/1834/1607 526/611/536 525/610/535
f 1470/1833/1606 525/610/535 1452/1815/1588
f 525/610/535 520/605/530 1452/1815/1588
f 533/621/544 532/615/540 1472/1835/1608
f 532/615/540 535/623/546 1472/1835/1608
f 543/633/556 545/635/558 1473/1836/1609
f 545/635/558 1474/1837/1610 1473/1836/1609
f 1545/630/553 1475/1838/1611 556/1839/579
f 1475/1838/1611 1476/1840/1612 556/1839/579
f 1477/1841/1613 1478/1842/1614 1479/1843/1615
f 1478/1842/1614 1480/1844/1616 1479/1843/1615
f 1481/1845/1617 1482/1846/574 533/621/544
f 1482/1846/574 531/618/543 533/621/544
f 544/634/557 543/633/556 1483/1847/1618
f 543/633/556 1473/1836/1609 1483/1847/1618
f 540/628/551 539/627/550 1484/1848/1619
f 539/627/550 1481/1845/1617 1484/1848/1619
f 539/627/550 542/632/555 1481/1845/1617
f 542/632/555 1482/1846/574 1481/1845/1617
f 1484/1848/1619 1481/1845/1617 1472/1835/1608
f 1481/1845/1617 533/621/544 1472/1835/1608
f 1477/1841/1613 1479/1843/1615 1485/1849/1620
f 1479/1843/1615 1486/1850/1621 1485/1849/1620
f 556/1839/579 1476/1840/1612 557/637/560
f 1476/1840/1612 546/638/561 557/637/560
f 1486/1850/1621 1475/1838/1611 1485/1849/1620
f 1475/1838/1611 1545/630/553 1485/1849/1620
f 1487/1851/1622 541/629/552 1483/1847/1618
f 541/629/552 544/634/557 1483/1847/1618
f 542/632/555 539/627/550 1487/1851/1622
f 539/627/550 541/629/552 1487/1851/1622
f 2129/653/573 2231/663/581 664/664/582
f 2231/663/581 559/665/583 664/664/582
f 1482/654/574 1549/643/564 553/655/575
f 1549/643/564 554/656/576 553/655/575
f 1488/1852/1623 1489/1853/1624 581/693/609
f 1489/1853/1624 584/696/612 581/693/609
f 581/693/609 582/694/610 1488/1852/1623
f 582/694/610 1490/1854/1625 1488/1852/1623
f 1491/1855/1626 653/1856/694 1492/1857/1627
f 653/1856/694 1493/1858/689 1492/1857/1627
f 1494/1859/1628 1495/1860/693 1491/1855/1626
f 1495/1860/693 653/1856/694 1491/1855/1626
f 590/702/618 531/682/543 1496/1861/1629
f 531/682/543 1482/1862/574 1496/1861/1629
f 1482/1862/574 553/1863/575 1496/1861/1629
f 553/1863/575 601/715/630 1496/1861/1629
f 553/1863/575 643/712/577 601/715/630
f 643/712/577 598/711/627 601/715/630
f 575/687/603 560/686/584 582/694/610
f 560/686/584 559/1864/583 582/694/610
f 1492/1857/1627 1493/1858/689 564/670/588
f 1493/1858/689 573/684/601 564/670/588
f 1497/1865/1630 592/704/620 1490/1854/1625
f 592/704/620 1488/1852/1623 1490/1854/1625
f 589/701/617 607/679/597 1498/1866/1631
f 607/679/597 609/1867/640 1498/1866/1631
f 1499/1868/1632 1496/1861/1629 599/713/628
f 1496/1861/1629 601/715/630 599/713/628
f 1500/1869/1633 611/1870/644 565/671/589
f 611/1870/644 566/672/590 565/671/589
f 600/714/629 1501/1871/1634 599/713/628
f 1501/1871/1634 1499/1868/1632 599/713/628
f 1501/1871/1634 577/689/605 1499/1868/1632
f 577/689/605 579/691/607 1499/1868/1632
f 579/691/607 590/702/618 1499/1868/1632
f 590/702/618 1496/1861/1629 1499/1868/1632
f 1498/1866/1631 609/1867/640 1502/1872/1635
f 609/1867/640 1503/1873/642 1502/1872/1635
f 1495/1860/693 1494/1859/1628 652/708/624
f 1494/1859/1628 596/709/625 652/708/624
f 592/704/620 594/706/622 1488/1852/1623
f 594/706/622 1489/1853/1624 1488/1852/1623
f 1502/1872/1635 1503/1873/642 1500/1869/1633
f 1503/1873/642 611/1870/644 1500/1869/1633
f 603/717/632 1504/1874/1636 604/718/633
f 1504/1874/1636 646/772/683 604/718/633
f 2189/720/635 605/719/634 606/722/637
f 605/719/634 1505/1875/1637 606/722/637
f 2188/721/636 656/794/698 603/717/632
f 656/794/698 1504/1874/1636 603/717/632
f 625/747/659 2190/723/638 623/745/657
f 2190/723/638 606/722/637 623/745/657
f 1506/1876/1638 2191/1877/1639 624/746/658
f 2191/1877/1639 625/747/659 624/746/658
f 621/743/655 626/748/660 622/744/656
f 626/748/660 627/750/662 622/744/656
f 1507/1878/538 1508/1879/1640 528/1880/539
f 1508/1879/1640 1509/1881/1641 528/1880/539
f 2222/1882/568 1510/1883/1642 2221/1884/565
f 1510/1883/1642 550/1885/569 2221/1884/565
f 636/761/673 647/775/686 630/754/666
f 647/775/686 632/756/668 630/754/666
f 618/740/652 1511/1886/1643 619/741/653
f 1511/1886/1643 662/804/704 619/741/653
f 1504/1874/1636 1512/1887/763 646/772/683
f 1512/1887/763 706/773/684 646/772/683
f 656/794/698 655/793/697 1504/1874/1636
f 655/793/697 1512/1887/763 1504/1874/1636
f 1513/1888/1644 1514/1889/1645 1515/1890/1646
f 1514/1889/1645 1516/1891/1647 1515/1890/1646
f 641/767/679 648/777/687 645/771/682
f 648/777/687 1517/1892/1648 645/771/682
f 1515/1890/1646 1516/1891/1647 1518/1893/1649
f 1516/1891/1647 1519/1894/1650 1518/1893/1649
f 1510/1883/1642 2222/1882/568 552/1895/572
f 2222/1882/568 558/1896/580 552/1895/572
f 1506/1876/1638 1514/1889/1645 2191/1877/1639
f 1514/1889/1645 1513/1888/1644 2191/1877/1639
f 1520/1897/1651 658/799/701 1521/1898/1652
f 658/799/701 662/804/704 1521/1898/1652
f 1522/1899/1653 1523/1900/1654 1524/1901/824
f 1523/1900/1654 1525/1902/1655 1524/1901/824
f 1526/1903/831 1522/1899/1653 761/1904/823
f 1522/1899/1653 1524/1901/824 761/1904/823
f 633/757/669 1527/1905/1656 618/740/652
f 1527/1905/1656 1511/1886/1643 618/740/652
f 2131/1906/1657 684/1907/737 1528/1908/725
f 684/1907/737 1529/1909/726 1528/1908/725
f 2148/1910/1658 1530/1911/1659 687/1912/740
f 1530/1911/1659 686/1913/739 687/1912/740
f 1519/1894/1650 1531/1914/1660 1518/1893/1649
f 1531/1914/1660 1532/1915/1661 1518/1893/1649
f 1533/1916/1662 1534/1917/822 767/1918/830
f 1534/1917/822 760/1919/821 767/1918/830
f 1535/1920/1663 1536/1921/1664 1550/1922/1665
f 1536/1921/1664 1537/1923/1666 1550/1922/1665
f 1527/1905/1656 1538/1924/1667 1511/1886/1643
f 1538/1924/1667 1539/1925/1668 1511/1886/1643
f 1539/1925/1668 1521/1898/1652 1511/1886/1643
f 1521/1898/1652 662/804/704 1511/1886/1643
f 1525/1902/1655 1523/1900/1654 2148/1910/1658
f 1523/1900/1654 1530/1911/1659 2148/1910/1658
f 648/777/687 1540/1926/1669 1517/1892/1648
f 1540/1926/1669 1541/1927/1670 1517/1892/1648
f 1518/1893/1649 1532/1915/1661 1632/1928/1671
f 1532/1915/1661 1542/1929/1672 1632/1928/1671
f 1538/1924/1667 1527/1905/1656 1541/1927/1670
f 1527/1905/1656 1517/1892/1648 1541/1927/1670
f 1527/1905/1656 633/757/669 1517/1892/1648
f 633/757/669 645/771/682 1517/1892/1648
f 1543/1930/1673 1540/1926/1669 554/776/576
f 1540/1926/1669 648/777/687 554/776/576
f 1544/1931/1674 1545/1932/553 547/1933/562
f 1545/1932/553 1546/1934/559 547/1933/562
f 1547/1935/563 1548/1936/554 1544/1931/1674
f 1548/1936/554 1545/1932/553 1544/1931/1674
f 555/1937/578 1543/1930/1673 1549/1938/564
f 1543/1930/1673 554/776/576 1549/1938/564
f 672/817/715 1550/1939/1665 671/815/713
f 1550/1939/1665 1537/1940/1666 671/815/713
f 1551/1941/902 1552/1942/1675 1687/1943/1676
f 1552/1942/1675 1553/1944/1677 1687/1943/1676
f 844/821/719 681/836/734 1551/1941/902
f 681/836/734 1552/1942/1675 1551/1941/902
f 1554/1945/1678 665/808/706 1555/1946/1679
f 665/808/706 667/810/708 1555/1946/1679
f 1556/1947/1680 1554/1945/1678 1557/1948/1681
f 1554/1945/1678 1555/1946/1679 1557/1948/1681
f 1558/1949/714 671/1950/713 1559/1951/1682
f 671/1950/713 2194/1952/1683 1559/1951/1682
f 1560/1953/1393 1561/1954/1429 1562/1955/1425
f 1561/1954/1429 1964/1956/1684 1562/1955/1425
f 1563/1957/1685 1564/1958/1686 670/813/711
f 1564/1958/1686 677/831/729 670/813/711
f 1565/1959/1687 1566/1960/1688 1567/1961/1689
f 1566/1960/1688 1568/1962/1690 1567/1961/1689
f 1604/1963/1691 1569/1964/1692 1608/1965/1693
f 1569/1964/1692 1570/1966/1694 1608/1965/1693
f 1608/1965/1693 1570/1966/1694 1610/1967/1695
f 1570/1966/1694 1571/1968/1696 1610/1967/1695
f 1569/1964/1692 1604/1963/1691 1572/1969/1697
f 1604/1963/1691 1573/1970/1698 1572/1969/1697
f 1610/1967/1695 1571/1968/1696 1613/850/746
f 1571/1968/1696 694/849/745 1613/850/746
f 1558/1971/714 708/1972/766 691/846/712
f 708/1972/766 692/847/744 691/846/712
f 1566/1960/1688 1574/1973/1699 1568/1962/1690
f 1574/1973/1699 1575/1974/1700 1568/1962/1690
f 1574/1973/1699 698/856/752 1575/1974/1700
f 698/856/752 697/854/750 1575/1974/1700
f 695/852/748 1576/1975/1701 696/853/749
f 1576/1975/1701 1577/1976/1702 696/853/749
f 1576/1975/1701 1578/1977/1703 1577/1976/1702
f 1578/1977/1703 1579/1978/1704 1577/1976/1702
f 1578/1977/1703 1580/1979/1705 1579/1978/1704
f 1580/1979/1705 1581/1980/1706 1579/1978/1704
f 1580/1979/1705 1582/1981/1707 1581/1980/1706
f 1582/1981/1707 1583/1982/1708 1581/1980/1706
f 1584/1983/1709 1567/1961/1689 1583/1982/1708
f 1567/1961/1689 1581/1980/1706 1583/1982/1708
f 1567/1961/1689 1568/1962/1690 1581/1980/1706
f 1568/1962/1690 1579/1978/1704 1581/1980/1706
f 1568/1962/1690 1575/1974/1700 1579/1978/1704
f 1575/1974/1700 1577/1976/1702 1579/1978/1704
f 1575/1974/1700 697/854/750 1577/1976/1702
f 697/854/750 696/853/749 1577/1976/1702
f 1585/1984/1710 1565/1959/1687 1584/1983/1709
f 1565/1959/1687 1567/1961/1689 1584/1983/1709
f 704/869/762 1586/1985/1711 705/871/764
f 1586/1985/1711 1587/1986/1712 705/871/764
f 703/866/760 702/865/759 1588/1987/1713
f 702/865/759 1573/1988/1698 1588/1987/1713
f 1587/1986/1712 1586/1985/1711 1589/1989/1714
f 1586/1985/1711 1590/1990/1715 1589/1989/1714
f 1591/1991/1716 1592/1992/1717 1593/1993/757
f 1592/1992/1717 1594/1994/1718 1593/1993/757
f 1595/1995/1719 1596/1996/1720 1597/1997/1721
f 1596/1996/1720 1598/1998/1722 1597/1997/1721
f 705/871/764 1587/1986/1712 709/877/767
f 1587/1986/1712 1599/1999/1723 709/877/767
f 1600/2000/1724 1601/2001/1725 1592/1992/1717
f 1601/2001/1725 1595/1995/1719 1592/1992/1717
f 1601/2001/1725 1600/2000/1724 1589/1989/1714
f 1600/2000/1724 1602/2002/1726 1589/1989/1714
f 1588/1987/1713 1573/1988/1698 1603/2003/1727
f 1573/1988/1698 1604/2004/1691 1603/2003/1727
f 1601/2001/1725 1605/2005/1728 1595/1995/1719
f 1605/2005/1728 1596/1996/1720 1595/1995/1719
f 705/871/764 709/877/767 706/872/684
f 709/877/767 1623/873/685 706/872/684
f 1599/1999/1723 1587/1986/1712 1602/2002/1726
f 1587/1986/1712 1589/1989/1714 1602/2002/1726
f 1592/1992/1717 1591/1991/1716 1600/2000/1724
f 1591/1991/1716 1606/2006/1729 1600/2000/1724
f 1589/1989/1714 1590/1990/1715 1601/2001/1725
f 1590/1990/1715 1605/2005/1728 1601/2001/1725
f 1597/1997/1721 1594/1994/1718 1595/1995/1719
f 1594/1994/1718 1592/1992/1717 1595/1995/1719
f 1607/2007/1730 1608/2008/1693 1609/2009/1731
f 1608/2008/1693 1610/2010/1695 1609/2009/1731
f 1611/2011/1732 1602/2002/1726 1606/2006/1729
f 1602/2002/1726 1600/2000/1724 1606/2006/1729
f 1609/2009/1731 1610/2010/1695 1612/2012/747
f 1610/2010/1695 1613/2013/746 1612/2012/747
f 707/874/765 1614/2014/1733 708/876/766
f 1614/2014/1733 1615/2015/1734 708/876/766
f 1614/2014/1733 1611/2011/1732 1615/2015/1734
f 1611/2011/1732 2149/2016/1735 1615/2015/1734
f 1611/2011/1732 1606/2006/1729 2149/2016/1735
f 1606/2006/1729 2150/2017/1736 2149/2016/1735
f 1606/2006/1729 1591/1991/1716 2150/2017/1736
f 1591/1991/1716 1616/2018/1737 2150/2017/1736
f 1591/1991/1716 1593/1993/757 1616/2018/1737
f 1593/1993/757 1617/2019/756 1616/2018/1737
f 707/874/765 709/877/767 1614/2014/1733
f 709/877/767 1599/1999/1723 1614/2014/1733
f 1602/2002/1726 1611/2011/1732 1599/1999/1723
f 1611/2011/1732 1614/2014/1733 1599/1999/1723
f 1603/2003/1727 1604/2004/1691 1607/2007/1730
f 1604/2004/1691 1608/2008/1693 1607/2007/1730
f 1618/2020/696 1619/2021/1738 655/868/697
f 1619/2021/1738 704/869/762 655/868/697
f 1515/2022/1646 1518/2023/1649 1620/2024/1739
f 1518/2023/1649 1632/2025/1671 1620/2024/1739
f 1621/2026/1740 1620/2024/1739 751/2027/807
f 1620/2024/1739 1632/2025/1671 751/2027/807
f 1622/2028/1741 2160/2029/761 2184/2030/1742
f 2160/2029/761 1618/2031/696 2184/2030/1742
f 1621/2026/1740 751/2027/807 1622/2028/1741
f 751/2027/807 2160/2029/761 1622/2028/1741
f 2197/2032/1743 1623/2033/685 1559/2034/1682
f 1623/2033/685 1558/2035/714 1559/2034/1682
f 671/2036/713 1537/2037/1666 2194/2038/1683
f 1537/2037/1666 710/2039/768 2194/2038/1683
f 710/2039/768 1537/2037/1666 711/2040/769
f 1537/2037/1666 1536/2041/1664 711/2040/769
f 1624/2042/1744 1625/2043/1745 1626/2044/1746
f 1625/2043/1745 1627/2045/1747 1626/2044/1746
f 724/2046/780 1628/2047/1748 529/2048/541
f 1628/2047/1748 530/2049/542 529/2048/541
f 1629/2050/1749 1627/2045/1747 1630/2051/1750
f 1627/2045/1747 1625/2043/1745 1630/2051/1750
f 737/910/793 1624/2042/1744 739/912/795
f 1624/2042/1744 1626/2044/1746 739/912/795
f 1631/2052/1751 536/2053/547 1628/2047/1748
f 536/2053/547 530/2049/542 1628/2047/1748
f 751/929/807 1632/2054/1671 752/931/809
f 1632/2054/1671 1542/2055/1672 752/931/809
f 1687/1943/1676 1553/1944/1677 842/2056/901
f 1553/1944/1677 1633/2057/1752 842/2056/901
f 1634/2058/1753 1635/2059/1754 763/949/826
f 1635/2059/1754 679/833/731 763/949/826
f 1636/2060/1755 1634/2058/1753 764/950/827
f 1634/2058/1753 763/949/826 764/950/827
f 842/2056/901 1633/2057/1752 754/933/810
f 1633/2057/1752 766/954/829 754/933/810
f 1637/2061/1756 744/920/799 1638/2062/1757
f 744/920/799 746/922/801 1638/2062/1757
f 1557/1948/1681 1637/2061/1756 1556/1947/1680
f 1637/2061/1756 1638/2062/1757 1556/1947/1680
f 1639/2063/1758 1640/2064/1759 1563/1957/1685
f 1640/2064/1759 1564/1958/1686 1563/1957/1685
f 1641/2065/1760 1642/2066/841 1643/2067/1761
f 1642/2066/841 1644/2068/1762 1643/2067/1761
f 1641/2065/1760 1643/2067/1761 1645/2069/1763
f 1643/2067/1761 1646/2070/1764 1645/2069/1763
f 774/963/836 1642/2066/841 788/981/850
f 1642/2066/841 1641/2065/1760 788/981/850
f 803/2071/699 798/2072/858 1642/2066/841
f 798/2072/858 1644/2068/1762 1642/2066/841
f 1647/2073/1765 1646/2070/1764 1648/2074/1766
f 1646/2070/1764 1643/2067/1761 1648/2074/1766
f 1648/2074/1766 1643/2067/1761 1649/2075/1767
f 1643/2067/1761 1644/2068/1762 1649/2075/1767
f 788/981/850 1641/2065/1760 787/980/849
f 1641/2065/1760 1645/2069/1763 787/980/849
f 1644/2068/1762 798/2072/858 1649/2075/1767
f 798/2072/858 808/2076/867 1649/2075/1767
f 799/995/860 814/1010/872 1650/2077/1768
f 814/1010/872 1651/2078/1769 1650/2077/1768
f 1652/2079/1770 1653/2080/1771 804/1001/863
f 1653/2080/1771 1654/2081/1772 804/1001/863
f 1652/2079/1770 804/1001/863 1655/2082/1773
f 804/1001/863 802/994/859 1655/2082/1773
f 1650/2077/1768 1651/2078/1769 1652/2079/1770
f 1651/2078/1769 1653/2080/1771 1652/2079/1770
f 804/1001/863 1654/2081/1772 806/1003/865
f 1654/2081/1772 807/1004/866 806/1003/865
f 1650/2077/1768 1656/2083/1774 799/995/860
f 1656/2083/1774 810/1007/869 799/995/860
f 1652/2079/1770 1655/2082/1773 1650/2077/1768
f 1655/2082/1773 1656/2083/1774 1650/2077/1768
f 1657/2084/1775 821/1017/879 1658/2085/1776
f 821/1017/879 822/1018/880 1658/2085/1776
f 817/1013/875 820/1016/878 822/1018/880
f 820/1016/878 1659/2086/1777 822/1018/880
f 1660/2087/1778 1661/2088/1779 1662/2089/1780
f 1661/2088/1779 1663/2090/1781 1662/2089/1780
f 1658/2085/1776 822/1018/880 1664/2091/1782
f 822/1018/880 1659/2086/1777 1664/2091/1782
f 2280/2092/1783 1665/2093/1784 1666/2094/1785
f 1665/2093/1784 1667/2095/1786 1666/2094/1785
f 2279/2096/1787 1668/2097/1788 2280/2092/1783
f 1668/2097/1788 1665/2093/1784 2280/2092/1783
f 1669/2098/1789 1670/2099/1790 2279/2096/1787
f 1670/2099/1790 1668/2097/1788 2279/2096/1787
f 1671/2100/1791 1672/2101/1792 1669/2098/1789
f 1672/2101/1792 1670/2099/1790 1669/2098/1789
f 1673/2102/1793 1674/2103/1794 1671/2100/1791
f 1674/2103/1794 1672/2101/1792 1671/2100/1791
f 1667/2095/1786 1675/2104/1795 1666/2094/1785
f 1675/2104/1795 2282/2105/1796 1666/2094/1785
f 820/1016/878 826/1022/884 1659/2086/1777
f 826/1022/884 1676/2106/1797 1659/2086/1777
f 1677/2107/1798 1668/2097/1788 1664/2091/1782
f 1668/2097/1788 1670/2099/1790 1664/2091/1782
f 1672/2101/1792 1658/2085/1776 1670/2099/1790
f 1658/2085/1776 1664/2091/1782 1670/2099/1790
f 1674/2103/1794 1657/2084/1775 1672/2101/1792
f 1657/2084/1775 1658/2085/1776 1672/2101/1792
f 1662/2089/1780 1663/2090/1781 830/1026/888
f 1663/2090/1781 831/1027/889 830/1026/888
f 2267/2108/1799 1678/2109/1800 1679/2110/1801
f 1678/2109/1800 1680/2111/1802 1679/2110/1801
f 1681/2112/1803 2289/2113/1804 2267/2108/1799
f 2289/2113/1804 1678/2109/1800 2267/2108/1799
f 1679/2110/1801 1680/2111/1802 2266/2114/1805
f 1680/2111/1802 2288/2115/1806 2266/2114/1805
f 2266/2114/1805 2288/2115/1806 2285/2116/1807
f 2288/2115/1806 1682/2117/1808 2285/2116/1807
f 2289/2113/1804 1681/2112/1803 1683/2118/1809
f 1681/2112/1803 1684/2119/1810 1683/2118/1809
f 1683/2118/1809 1684/2119/1810 2287/2120/1811
f 1684/2119/1810 2286/1034/896 2287/2120/1811
f 755/2121/813 1685/2122/728 1365/1713/1493
f 1685/2122/728 1686/2123/1812 1365/1713/1493
f 1365/1713/1493 1686/2123/1812 842/1042/901
f 1686/2123/1812 1687/2124/1676 842/1042/901
f 1686/2123/1812 1364/1712/1492 1687/2124/1676
f 1364/1712/1492 1551/1045/902 1687/2124/1676
f 1685/2122/728 675/2125/722 1686/2123/1812
f 675/2125/722 1364/1712/1492 1686/2123/1812
f 1365/1713/1493 765/951/828 755/2121/813
f 765/951/828 2017/1038/815 755/2121/813
f 675/2125/722 676/1040/723 1364/1712/1492
f 676/1040/723 840/1039/900 1364/1712/1492
f 846/1051/905 1688/2126/1813 847/1052/906
f 1688/2126/1813 1689/2127/1814 847/1052/906
f 849/1054/908 1689/2127/1814 850/1055/909
f 1689/2127/1814 1688/2126/1813 850/1055/909
f 892/1102/956 861/1066/920 1690/2128/1815
f 861/1066/920 863/1068/922 1690/2128/1815
f 1691/2129/1816 1692/2130/1817 970/2131/1034
f 1692/2130/1817 1693/2132/1818 970/2131/1034
f 892/1102/956 872/1080/934 861/1066/920
f 872/1080/934 889/1099/953 861/1066/920
f 2293/2133/1819 1694/2134/1820 1695/2135/1821
f 1694/2134/1820 1696/2136/1822 1695/2135/1821
f 1697/2137/1823 1698/2138/1020 1699/2139/1824
f 1698/2138/1020 1752/2140/1825 1699/2139/1824
f 1696/2136/1822 1700/2141/1826 1695/2135/1821
f 1700/2141/1826 2290/2142/1827 1695/2135/1821
f 1752/2140/1825 1750/2143/1828 1699/2139/1824
f 1750/2143/1828 1701/2144/1829 1699/2139/1824
f 1702/2145/1830 1700/2141/1826 1703/2146/1831
f 1700/2141/1826 1696/2136/1822 1703/2146/1831
f 1701/2144/1829 2290/2142/1827 1699/2139/1824
f 2290/2142/1827 1700/2141/1826 1699/2139/1824
f 1696/2136/1822 1694/2134/1820 1703/2146/1831
f 1694/2134/1820 1753/2147/1832 1703/2146/1831
f 860/1065/919 892/1102/956 859/1064/918
f 892/1102/956 1690/2128/1815 859/1064/918
f 1697/2137/1823 1699/2139/1824 1702/2145/1830
f 1699/2139/1824 1700/2141/1826 1702/2145/1830
f 1703/2146/1831 1753/2147/1832 1692/2130/1817
f 1753/2147/1832 1693/2132/1818 1692/2130/1817
f 1704/2148/1833 1705/2149/1834 1706/2150/1835
f 1705/2149/1834 967/2151/1031 1706/2150/1835
f 2294/2152/1037 862/2153/921 1706/2150/1835
f 862/2153/921 906/2154/971 1706/2150/1835
f 1707/2155/1836 906/2154/971 1708/2156/1837
f 906/2154/971 969/2157/924 1708/2156/1837
f 1709/2158/1838 1710/2159/1033 1711/2160/1839
f 1710/2159/1033 968/2161/1032 1711/2160/1839
f 939/1156/1002 1708/2156/1837 938/1155/1001
f 1708/2156/1837 1709/2158/1838 938/1155/1001
f 911/1122/976 910/1121/975 1704/2148/1833
f 910/1121/975 1705/2149/1834 1704/2148/1833
f 1708/2156/1837 969/2157/924 1709/2158/1838
f 969/2157/924 1710/2159/1033 1709/2158/1838
f 912/1123/977 1707/2155/1836 939/1156/1002
f 1707/2155/1836 1708/2156/1837 939/1156/1002
f 938/1155/1001 1709/2158/1838 936/1153/999
f 1709/2158/1838 1711/2160/1839 936/1153/999
f 1711/2160/1839 968/2161/1032 1705/2149/1834
f 968/2161/1032 967/2151/1031 1705/2149/1834
f 936/1153/999 1711/2160/1839 910/1121/975
f 1711/2160/1839 1705/2149/1834 910/1121/975
f 909/1120/974 912/1123/977 937/1154/1000
f 912/1123/977 939/1156/1002 937/1154/1000
f 1712/2162/1840 1713/2163/1841 1714/2164/1842
f 1713/2163/1841 1715/2165/1843 1714/2164/1842
f 1716/2166/1844 1717/2167/1845 1718/2168/1846
f 1717/2167/1845 1719/2169/1847 1718/2168/1846
f 927/1142/991 945/1162/1008 1720/2170/1848
f 945/1162/1008 1721/2171/1849 1720/2170/1848
f 1722/2172/1850 1723/2173/1851 931/1148/994
f 1723/2173/1851 932/1149/995 931/1148/994
f 1713/2163/1841 1712/2162/1840 1724/2174/1852
f 1712/2162/1840 1725/2175/1853 1724/2174/1852
f 1726/2176/1854 916/1127/981 1727/2177/1855
f 916/1127/981 1728/2178/1856 1727/2177/1855
f 918/1129/983 917/1128/982 940/1157/1003
f 917/1128/982 1729/2179/1857 940/1157/1003
f 931/1148/994 1720/2170/1848 1722/2172/1850
f 1720/2170/1848 1721/2171/1849 1722/2172/1850
f 1730/2180/1858 1731/2181/1859 1732/2182/1860
f 1731/2181/1859 1733/2183/1861 1732/2182/1860
f 923/1138/988 1734/2184/1862 924/1139/989
f 1734/2184/1862 1735/2185/1863 924/1139/989
f 1714/2164/1842 1715/2165/1843 1736/2186/1864
f 1715/2165/1843 1737/2187/1865 1736/2186/1864
f 1731/2181/1859 1738/2188/1866 1733/2183/1861
f 1738/2188/1866 1739/2189/1867 1733/2183/1861
f 1740/2190/1868 1741/2191/1869 1742/2192/1870
f 1741/2191/1869 1743/2193/1871 1742/2192/1870
f 1744/2194/1872 1745/2195/1873 1742/2192/1870
f 1745/2195/1873 1740/2190/1868 1742/2192/1870
f 937/1154/1000 936/1153/999 909/1120/974
f 936/1153/999 910/1121/975 909/1120/974
f 1746/2196/1874 1743/2193/1871 1747/2197/1875
f 1743/2193/1871 1741/2191/1869 1747/2197/1875
f 1731/2181/1859 1730/2180/1858 1716/2166/1844
f 1730/2180/1858 1717/2167/1845 1716/2166/1844
f 916/1127/981 918/1129/983 1728/2178/1856
f 918/1129/983 914/1125/979 1728/2178/1856
f 916/1127/981 1726/2176/1854 917/1128/982
f 1726/2176/1854 1748/2198/1876 917/1128/982
f 911/1122/976 1704/2148/1833 912/1123/977
f 1704/2148/1833 1707/2155/1836 912/1123/977
f 1704/2148/1833 1706/2150/1835 1707/2155/1836
f 1706/2150/1835 906/2154/971 1707/2155/1836
f 1749/2199/1028 2294/2152/1037 967/2151/1031
f 2294/2152/1037 1706/2150/1835 967/2151/1031
f 2291/2200/1877 1750/2201/1828 1751/2202/1878
f 1750/2201/1828 1752/2203/1825 1751/2202/1878
f 1751/2202/1878 1752/2203/1825 972/1200/1036
f 1752/2203/1825 1698/1178/1020 972/1200/1036
f 972/1200/1036 953/1173/1016 950/1170/1013
f 953/1173/1016 951/1171/1014 950/1170/1013
f 2294/1201/1037 1749/1190/1028 959/1180/1022
f 1749/1190/1028 965/1191/1029 959/1180/1022
f 1693/2204/1818 1753/2205/1832 964/1189/1027
f 1753/2205/1832 971/1199/1035 964/1189/1027
f 1753/2205/1832 1694/2206/1820 971/1199/1035
f 1694/2206/1820 1754/2207/1879 971/1199/1035
f 1694/2206/1820 2293/2208/1819 1754/2207/1879
f 2293/2208/1819 2292/2209/1880 1754/2207/1879
f 1751/2202/1878 1755/2210/1881 2291/2200/1877
f 1755/2210/1881 1756/2211/1882 2291/2200/1877
f 970/1198/1034 1693/2204/1818 963/1188/1026
f 1693/2204/1818 964/1189/1027 963/1188/1026
f 1754/2207/1879 2292/2209/1880 1755/2210/1881
f 2292/2209/1880 1756/2211/1882 1755/2210/1881
f 971/1199/1035 1754/2207/1879 950/1170/1013
f 1754/2207/1879 1755/2210/1881 950/1170/1013
f 1751/2202/1878 972/1200/1036 1755/2210/1881
f 972/1200/1036 950/1170/1013 1755/2210/1881
f 973/1202/1038 1757/2212/1883 974/1203/1039
f 1757/2212/1883 1758/2213/1884 974/1203/1039
f 976/1205/1041 1758/2213/1884 977/1206/1042
f 1758/2213/1884 1757/2212/1883 977/1206/1042
f 1029/1273/1109 1083/1220/1056 1125/2214/1201
f 1083/1220/1056 1759/2215/1127 1125/2214/1201
f 1032/1276/1112 1760/2216/1885 1033/1277/1113
f 1760/2216/1885 1761/2217/1886 1033/1277/1113
f 1012/1250/1086 1117/1249/1085 1015/1254/1090
f 1117/1249/1085 1100/1221/1057 1015/1254/1090
f 997/1233/1069 996/1232/1068 1760/2216/1885
f 996/1232/1068 1761/2217/1886 1760/2216/1885
f 2324/2218/1887 1762/2219/1888 1763/2220/1889
f 1762/2219/1888 1764/2221/1890 1763/2220/1889
f 1765/2222/1891 1803/2223/1892 1033/1277/1113
f 1803/2223/1892 979/1208/1044 1033/1277/1113
f 2324/2218/1887 1766/2224/1893 1762/2219/1888
f 1766/2224/1893 1767/2225/1894 1762/2219/1888
f 1765/2222/1891 1768/2226/1895 1803/2223/1892
f 1768/2226/1895 1769/2227/1896 1803/2223/1892
f 996/1232/1068 1762/2219/1888 1761/2217/1886
f 1762/2219/1888 1767/2225/1894 1761/2217/1886
f 1765/2222/1891 1767/2225/1894 1768/2226/1895
f 1767/2225/1894 1766/2224/1893 1768/2226/1895
f 996/1232/1068 1770/2228/1897 1762/2219/1888
f 1770/2228/1897 1764/2221/1890 1762/2219/1888
f 1033/1277/1113 979/1208/1044 1031/1275/1111
f 979/1208/1044 981/1210/1046 1031/1275/1111
f 1761/2217/1886 1767/2225/1894 1033/1277/1113
f 1767/2225/1894 1765/2222/1891 1033/1277/1113
f 998/1234/1070 1771/2229/1898 996/1232/1068
f 1771/2229/1898 1770/2228/1897 996/1232/1068
f 1772/2230/1899 1124/2231/1198 1773/2232/1900
f 1124/2231/1198 1774/2233/1901 1773/2232/1900
f 1772/2230/1899 1027/2234/1105 1128/2235/1108
f 1027/2234/1105 1775/2236/1047 1128/2235/1108
f 1776/2237/1902 1777/2238/1106 1778/2239/1903
f 1777/2238/1106 1027/2234/1105 1778/2239/1903
f 1779/2240/1904 1780/2241/1199 1781/2242/1905
f 1780/2241/1199 1782/2243/1200 1781/2242/1905
f 1088/1336/1168 1781/2242/1905 1091/1339/1171
f 1781/2242/1905 1776/2237/1902 1091/1339/1171
f 1773/2232/1900 1774/2233/1901 1034/1278/1114
f 1774/2233/1901 1035/1279/1115 1034/1278/1114
f 1781/2242/1905 1782/2243/1200 1776/2237/1902
f 1782/2243/1200 1777/2238/1106 1776/2237/1902
f 1091/1339/1171 1776/2237/1902 1037/1281/1117
f 1776/2237/1902 1778/2239/1903 1037/1281/1117
f 1090/1338/1170 1779/2240/1904 1088/1336/1168
f 1779/2240/1904 1781/2242/1905 1088/1336/1168
f 1774/2233/1901 1124/2231/1198 1779/2240/1904
f 1124/2231/1198 1780/2241/1199 1779/2240/1904
f 1035/1279/1115 1774/2233/1901 1090/1338/1170
f 1774/2233/1901 1779/2240/1904 1090/1338/1170
f 1089/1337/1169 1091/1339/1171 1036/1280/1116
f 1091/1339/1171 1037/1281/1117 1036/1280/1116
f 1062/1309/1144 1072/1319/1154 1060/1307/1142
f 1072/1319/1154 1074/1321/1156 1060/1307/1142
f 1783/2244/1906 1784/2245/1907 1785/2246/1908
f 1784/2245/1907 1786/2247/1909 1785/2246/1908
f 2019/2248/1910 1052/1297/1132 1787/2249/1911
f 1052/1297/1132 1103/1353/1178 1787/2249/1911
f 1030/1346/1110 1096/1345/1176 1018/1329/1094
f 1096/1345/1176 1084/1332/1164 1018/1329/1094
f 1788/2250/1912 1789/2251/1913 1790/2252/1914
f 1789/2251/1913 1791/2253/1915 1790/2252/1914
f 1068/1315/1150 1792/2254/1916 1066/1313/1148
f 1792/2254/1916 1793/2255/1917 1066/1313/1148
f 1792/2254/1916 1104/1354/1179 1793/2255/1917
f 1104/1354/1179 1105/1357/1181 1793/2255/1917
f 1794/2256/1918 1795/2257/1919 1796/2258/1920
f 1795/2257/1919 1797/2259/1921 1796/2258/1920
f 1794/2256/1918 1796/2258/1920 1798/2260/1922
f 1796/2258/1920 1799/2261/1923 1798/2260/1922
f 1036/1280/1116 1035/1279/1115 1089/1337/1169
f 1035/1279/1115 1090/1338/1170 1089/1337/1169
f 1800/2262/1924 1797/2259/1921 1801/2263/1925
f 1797/2259/1921 1795/2257/1919 1801/2263/1925
f 1042/1286/1122 1078/1325/1159 1043/1287/1123
f 1078/1325/1159 1077/1324/1158 1043/1287/1123
f 1785/2246/1908 1786/2247/1909 1791/2253/1915
f 1786/2247/1909 1790/2252/1914 1791/2253/1915
f 1076/1323/1157 1075/1322/1063 1092/1340/1172
f 1075/1322/1063 993/1341/1062 1092/1340/1172
f 1037/1281/1117 1778/2239/1903 1034/1278/1114
f 1778/2239/1903 1773/2232/1900 1034/1278/1114
f 1778/2239/1903 1027/2234/1105 1773/2232/1900
f 1027/2234/1105 1772/2230/1899 1773/2232/1900
f 1124/2231/1198 1772/2230/1899 1121/2264/1195
f 1772/2230/1899 1128/2235/1108 1121/2264/1195
f 1802/2265/1926 1803/2266/1892 1804/2267/1927
f 1803/2266/1892 1769/2268/1896 1804/2267/1927
f 1127/1389/1203 979/1369/1044 1802/2265/1926
f 979/1369/1044 1803/2266/1892 1802/2265/1926
f 1107/1359/1183 1106/1358/1182 1127/1389/1203
f 1106/1358/1182 1109/1361/1185 1127/1389/1203
f 1114/1367/1190 1122/1380/1196 1128/1390/1108
f 1122/1380/1196 1121/1379/1195 1128/1390/1108
f 1120/1378/1194 1126/1388/1202 1771/2269/1898
f 1126/1388/1202 1770/2270/1897 1771/2269/1898
f 1126/1388/1202 1805/2271/1928 1770/2270/1897
f 1805/2271/1928 1764/2272/1890 1770/2270/1897
f 1805/2271/1928 2325/2273/1929 1764/2272/1890
f 2325/2273/1929 1763/2274/1889 1764/2272/1890
f 1804/2267/1927 2326/2275/1930 1802/2265/1926
f 2326/2275/1930 1806/2276/1931 1802/2265/1926
f 1119/1377/1193 1120/1378/1194 1125/1387/1201
f 1120/1378/1194 1771/2269/1898 1125/1387/1201
f 1806/2276/1931 2326/2275/1930 1805/2271/1928
f 2326/2275/1930 2325/2273/1929 1805/2271/1928
f 1107/1359/1183 1806/2276/1931 1126/1388/1202
f 1806/2276/1931 1805/2271/1928 1126/1388/1202
f 1806/2276/1931 1107/1359/1183 1802/2265/1926
f 1107/1359/1183 1127/1389/1203 1802/2265/1926
f 1318/2277/1445 1130/1394/1207 1198/2278/1298
f 1130/1394/1207 1199/1398/1211 1198/2278/1298
f 1198/2278/1298 1204/2279/1306 1318/2277/1445
f 1204/2279/1306 1322/2280/1450 1318/2277/1445
f 1807/2281/1451 1322/2280/1450 1206/2282/1308
f 1322/2280/1450 1204/2279/1306 1206/2282/1308
f 1995/1393/1206 1807/2281/1451 1883/1391/1204
f 1807/2281/1451 1206/2282/1308 1883/1391/1204
f 1816/2283/1932 1808/2284/1254 1809/2285/1933
f 1808/2284/1254 1810/2286/1271 1809/2285/1933
f 1820/2287/1934 1142/1411/1224 1811/2288/1935
f 1142/1411/1224 1141/1409/1222 1811/2288/1935
f 1137/1405/1218 1809/2285/1933 1812/2289/1246
f 1809/2285/1933 1810/2286/1271 1812/2289/1246
f 1812/2289/1246 1813/2290/1245 1137/1405/1218
f 1813/2290/1245 1222/1403/1216 1137/1405/1218
f 1140/1408/1221 1814/2291/1936 1141/1409/1222
f 1814/2291/1936 1811/2288/1935 1141/1409/1222
f 1900/2292/1262 1815/2293/1250 1814/2294/1936
f 1815/2293/1250 1811/2295/1935 1814/2294/1936
f 1814/2296/1936 1229/2297/1332 1900/2298/1262
f 1229/2297/1332 1839/2299/1937 1900/2298/1262
f 1808/2300/1254 1816/2301/1932 1159/2302/1255
f 1816/2301/1932 1817/2303/1938 1159/2302/1255
f 2365/2304/1939 1818/2305/1940 1160/2306/1257
f 1818/2305/1940 1819/2307/1258 1160/2306/1257
f 1160/2306/1257 1159/2302/1255 2365/2304/1939
f 1159/2302/1255 1817/2303/1938 2365/2304/1939
f 1820/2308/1934 1811/2295/1935 1158/2309/1252
f 1811/2295/1935 1815/2293/1250 1158/2309/1252
f 1818/2305/1940 1820/2308/1934 1819/2307/1258
f 1820/2308/1934 1158/2309/1252 1819/2307/1258
f 1376/1724/1504 1380/1728/1508 1821/2310/1941
f 1380/1728/1508 1385/1736/1516 1821/2310/1941
f 1144/1417/1230 1822/2311/1942 1377/1725/1505
f 1822/2311/1942 1379/1727/1507 1377/1725/1505
f 1823/2312/1943 2398/2313/1944 1829/2314/1945
f 2398/2313/1944 1828/2315/1946 1829/2314/1945
f 1824/2316/1947 1146/1420/1233 1377/1725/1505
f 1146/1420/1233 1144/1417/1230 1377/1725/1505
f 1825/2317/1948 1826/2318/1949 1838/2319/1950
f 1826/2318/1949 1837/2320/1951 1838/2319/1950
f 1145/1419/1232 1827/2321/1231 1828/2322/1946
f 1827/2321/1231 1829/2323/1945 1828/2322/1946
f 1821/2310/1941 1824/2316/1947 1376/1724/1504
f 1824/2316/1947 1377/1725/1505 1376/1724/1504
f 1383/1733/1513 2065/1734/1514 1830/2324/1952
f 2065/1734/1514 2066/2325/1953 1830/2324/1952
f 2067/2326/1954 1831/2327/1348 1832/2328/1955
f 1831/2327/1348 1833/2329/1956 1832/2328/1955
f 1905/1416/1229 1834/2330/1311 1144/1417/1230
f 1834/2330/1311 1822/2311/1942 1144/1417/1230
f 1835/2331/1957 1830/2324/1952 1823/2332/1943
f 1830/2324/1952 1832/2333/1955 1823/2332/1943
f 1832/2333/1955 1833/2334/1956 1823/2332/1943
f 1833/2334/1956 2398/2335/1944 1823/2332/1943
f 1823/2312/1943 1829/2314/1945 1835/2336/1957
f 1829/2314/1945 1836/2337/1958 1835/2336/1957
f 1826/2318/1949 1389/1740/1519 1837/2320/1951
f 1389/1740/1519 1388/1739/1518 1837/2320/1951
f 1390/1742/454 1382/1731/1511 1388/1741/1518
f 1382/1731/1511 1837/2338/1951 1388/1741/1518
f 1382/1731/1511 1383/1733/1513 1837/2338/1951
f 1383/1733/1513 1838/2339/1950 1837/2338/1951
f 2066/2325/1953 2067/2326/1954 1830/2324/1952
f 2067/2326/1954 1832/2328/1955 1830/2324/1952
f 1836/2337/1958 1825/2317/1948 1835/2336/1957
f 1825/2317/1948 1838/2319/1950 1835/2336/1957
f 1830/2324/1952 1835/2331/1957 1383/1733/1513
f 1835/2331/1957 1838/2339/1950 1383/1733/1513
f 1170/1457/1270 1169/1456/1269 1901/2340/1959
f 1169/1456/1269 1839/2341/1937 1901/2340/1959
f 1161/1447/1260 1147/1421/1234 1162/1448/1261
f 1147/1421/1234 1174/1429/1242 1162/1448/1261
f 1161/2342/1260 1900/1449/1262 1169/1456/1269
f 1900/1449/1262 1839/2343/1937 1169/1456/1269
f 1169/1456/1269 1148/1422/1235 1161/1447/1260
f 1148/1422/1235 1147/1421/1234 1161/1447/1260
f 1840/2344/1960 1152/1427/1240 1164/1451/1264
f 1152/1427/1240 1150/1425/1238 1164/1451/1264
f 1149/1423/1236 1148/1422/1235 1150/1425/1238
f 1148/1422/1235 1164/1451/1264 1150/1425/1238
f 1840/2344/1960 1156/1435/1248 1152/1427/1240
f 1156/1435/1248 1154/1431/1244 1152/1427/1240
f 1167/1454/1267 1840/2344/1960 1163/1450/1263
f 1840/2344/1960 1164/1451/1264 1163/1450/1263
f 1168/1455/1268 1167/1454/1267 1887/2345/1961
f 1167/1454/1267 1163/1450/1263 1887/2345/1961
f 1167/1454/1267 1155/1434/1247 1840/2344/1960
f 1155/1434/1247 1156/1435/1248 1840/2344/1960
f 1841/2346/1962 1165/1452/1265 1901/2340/1959
f 1165/1452/1265 1170/1457/1270 1901/2340/1959
f 1887/2345/1961 1163/1450/1263 1841/2346/1962
f 1163/1450/1263 1165/1452/1265 1841/2346/1962
f 1867/2347/1963 1842/2348/1964 1843/2349/1965
f 1842/2348/1964 1844/2350/1966 1843/2349/1965
f 1843/2349/1965 1844/2350/1966 1845/2351/1256
f 1844/2350/1966 1846/2352/1259 1845/2351/1256
f 1842/2348/1964 1867/2347/1963 1183/1472/1280
f 1867/2347/1963 1868/1473/1281 1183/1472/1280
f 1847/2353/1237 1848/2354/1967 1174/1463/1242
f 1848/2354/1967 1176/1465/1274 1174/1463/1242
f 1189/1480/1288 1849/2355/1968 1193/1484/1292
f 1849/2355/1968 1850/2356/1969 1193/1484/1292
f 1851/2357/1970 1852/2358/1971 1186/1477/1285
f 1852/2358/1971 1853/2359/1972 1186/1477/1285
f 1854/2360/1973 1855/2361/1974 1184/1475/1283
f 1855/2361/1974 1185/1476/1284 1184/1475/1283
f 1197/1489/1297 1856/2362/1975 1184/1475/1283
f 1856/2362/1975 1857/2363/1976 1184/1475/1283
f 1195/1487/1295 1186/1477/1285 1858/2364/1977
f 1186/1477/1285 1853/2359/1972 1858/2364/1977
f 1853/2359/1972 1187/2365/1286 1858/2364/1977
f 1187/2365/1286 1859/2366/1294 1858/2364/1977
f 1184/1475/1283 1857/2363/1976 1854/2360/1973
f 1857/2363/1976 1860/2367/1978 1854/2360/1973
f 1861/2368/1979 1862/2369/1980 1854/2360/1973
f 1862/2369/1980 1855/2361/1974 1854/2360/1973
f 1188/2370/1287 1852/2358/1971 1863/2371/1981
f 1852/2358/1971 1864/2372/1982 1863/2371/1981
f 1852/2358/1971 1851/2357/1970 1864/2372/1982
f 1851/2357/1970 1865/2373/1983 1864/2372/1982
f 1851/2357/1970 1855/2361/1974 1865/2373/1983
f 1855/2361/1974 1862/2369/1980 1865/2373/1983
f 1863/2374/1981 1849/2355/1968 1188/1479/1287
f 1849/2355/1968 1189/1480/1288 1188/1479/1287
f 1866/2375/1984 1860/2367/1978 1850/2356/1969
f 1860/2367/1978 1193/1484/1292 1850/2356/1969
f 1845/2376/1256 1173/1462/1251 1843/2377/1965
f 1173/1462/1251 1175/1464/1273 1843/2377/1965
f 1843/2377/1965 1175/1464/1273 1867/2378/1963
f 1175/1464/1273 1176/1465/1274 1867/2378/1963
f 1867/2378/1963 1176/1465/1274 1868/2379/1281
f 1176/1465/1274 1848/2354/1967 1868/2379/1281
f 1178/1467/1276 1195/1487/1295 1869/2380/1985
f 1195/1487/1295 1858/2364/1977 1869/2380/1985
f 1187/2365/1286 1853/2359/1972 1188/2370/1287
f 1853/2359/1972 1852/2358/1971 1188/2370/1287
f 1858/2364/1977 1859/2366/1294 1869/2380/1985
f 1859/2366/1294 1870/2381/1282 1869/2380/1985
f 1851/2357/1970 1186/1477/1285 1855/2361/1974
f 1186/1477/1285 1185/1476/1284 1855/2361/1974
f 1190/1481/1289 1193/1484/1292 1857/2363/1976
f 1193/1484/1292 1860/2367/1978 1857/2363/1976
f 1191/1482/1290 1190/1481/1289 1856/2362/1975
f 1190/1481/1289 1857/2363/1976 1856/2362/1975
f 1181/1470/1279 1153/1461/1243 1871/2382/1986
f 1153/1461/1243 1177/1466/1275 1871/2382/1986
f 1861/2368/1979 1854/2360/1973 1866/2375/1984
f 1854/2360/1973 1860/2367/1978 1866/2375/1984
f 1872/2383/1987 1856/2362/1975 1196/1488/1296
f 1856/2362/1975 1197/1489/1297 1196/1488/1296
f 1194/1485/1293 1191/1482/1290 1872/2383/1987
f 1191/1482/1290 1856/2362/1975 1872/2383/1987
f 2358/1495/1302 1201/1494/1301 1203/1497/1304
f 1201/1494/1301 1873/2384/1988 1203/1497/1304
f 1873/2384/1988 1201/1494/1301 1874/2385/1209
f 1201/1494/1301 1131/2386/1210 1874/2385/1209
f 2357/1493/1300 1199/1491/1211 1201/1494/1301
f 1199/1491/1211 1131/2386/1210 1201/1494/1301
f 1875/2387/1989 2352/2388/1990 1876/2389/1991
f 2352/2388/1990 2350/2390/1992 1876/2389/1991
f 1877/2391/1993 1205/1501/1307 1875/2387/1989
f 1205/1501/1307 2352/2388/1990 1875/2387/1989
f 1878/2392/1994 1876/2389/1991 1879/2393/1995
f 1876/2389/1991 1880/2394/1996 1879/2393/1995
f 1875/2387/1989 1881/2395/1997 1877/2391/1993
f 1881/2395/1997 1882/2396/1998 1877/2391/1993
f 1205/1501/1307 1877/2391/1993 1206/1502/1308
f 1877/2391/1993 1883/2397/1204 1206/1502/1308
f 1891/2398/1227 1884/2399/1999 1143/2400/1225
f 1884/2399/1999 1880/2394/1996 1143/2400/1225
f 1129/2401/1205 1883/2397/1204 1882/2396/1998
f 1883/2397/1204 1877/2391/1993 1882/2396/1998
f 1881/2395/1997 1875/2387/1989 1878/2392/1994
f 1875/2387/1989 1876/2389/1991 1878/2392/1994
f 1879/2393/1995 1880/2394/1996 2382/2402/2000
f 1880/2394/1996 1884/2399/1999 2382/2402/2000
f 1876/2389/1991 2350/2390/1992 1880/2394/1996
f 2350/2390/1992 1143/2400/1225 1880/2394/1996
f 1219/1518/1323 1221/1521/1325 1220/1519/1324
f 1221/1521/1325 1885/2403/2001 1220/1519/1324
f 1222/1522/1216 1813/2404/1245 1221/1521/1325
f 1813/2404/1245 1166/2405/1266 1221/1521/1325
f 1221/1521/1325 1166/2405/1266 1885/2403/2001
f 1166/2405/1266 1168/2406/1268 1885/2403/2001
f 1885/2403/2001 1168/2406/1268 1886/2407/2002
f 1168/2406/1268 1887/2408/1961 1886/2407/2002
f 1841/2409/1962 1888/2410/2003 1887/2408/1961
f 1888/2410/2003 1886/2407/2002 1887/2408/1961
f 1889/2411/2004 1886/2407/2002 1890/2412/2005
f 1886/2407/2002 1888/2410/2003 1890/2412/2005
f 1884/2413/1999 1891/2414/1227 1892/2415/2006
f 1891/2414/1227 1893/2416/1226 1892/2415/2006
f 1225/1525/1328 1889/2411/2004 1894/2417/2007
f 1889/2411/2004 1890/2412/2005 1894/2417/2007
f 1220/1519/1324 1885/2403/2001 1889/2411/2004
f 1885/2403/2001 1886/2407/2002 1889/2411/2004
f 1216/1515/1320 1244/1544/1347 1217/1516/1321
f 1244/1544/1347 1895/2418/2008 1217/1516/1321
f 1893/2416/1226 1210/1507/1312 1892/2415/2006
f 1210/1507/1312 1212/1509/1314 1892/2415/2006
f 1896/2419/2009 1220/1519/1324 1225/1525/1328
f 1220/1519/1324 1889/2411/2004 1225/1525/1328
f 1220/1519/1324 1896/2419/2009 1218/1517/1322
f 1896/2419/2009 1897/2420/2010 1218/1517/1322
f 1225/1525/1328 1224/1524/1327 1896/2419/2009
f 1224/1524/1327 1236/1536/1339 1896/2419/2009
f 1223/1523/1326 1241/1541/1344 1224/1524/1327
f 1241/1541/1344 1237/1537/1340 1224/1524/1327
f 1140/2421/1221 1230/1530/1333 1814/2422/1936
f 1230/1530/1333 1229/1529/1332 1814/2422/1936
f 1227/1527/1330 1890/2412/2005 1228/1528/1331
f 1890/2412/2005 1888/2410/2003 1228/1528/1331
f 1898/2423/2011 1230/1530/1333 1899/2424/1223
f 1230/1530/1333 1140/2421/1221 1899/2424/1223
f 1229/1529/1332 1228/1528/1331 1839/2425/1937
f 1228/1528/1331 1901/2426/1959 1839/2425/1937
f 1228/1528/1331 1888/2410/2003 1901/2426/1959
f 1888/2410/2003 1841/2409/1962 1901/2426/1959
f 1902/2427/2012 1903/2428/2013 1895/2418/2008
f 1903/2428/2013 1904/2429/2014 1895/2418/2008
f 1905/2430/1229 1906/2431/1228 1907/2432/2015
f 1906/2431/1228 1908/2433/2016 1907/2432/2015
f 1906/2431/1228 1145/2434/1232 1908/2433/2016
f 1145/2434/1232 1909/2435/2017 1908/2433/2016
f 1910/2436/2018 1231/1531/1334 1898/2423/2011
f 1231/1531/1334 1230/1530/1333 1898/2423/2011
f 1238/1538/1341 1234/1534/1337 1239/1539/1342
f 1234/1534/1337 1233/1533/1336 1239/1539/1342
f 1896/2419/2009 1236/1536/1339 1897/2420/2010
f 1236/1536/1339 1240/1540/1343 1897/2420/2010
f 1242/1542/1345 1241/1541/1344 1215/1514/1319
f 1241/1541/1344 1216/1515/1320 1215/1514/1319
f 1223/1523/1326 1244/1544/1347 1241/1541/1344
f 1244/1544/1347 1216/1515/1320 1241/1541/1344
f 1243/1543/1346 1902/2427/2012 1244/1544/1347
f 1902/2427/2012 1895/2418/2008 1244/1544/1347
f 1208/1504/1309 1834/1506/1311 1907/2432/2015
f 1834/1506/1311 1905/2430/1229 1907/2432/2015
f 1911/2437/2019 1912/2438/1421 1913/2439/2020
f 1912/2438/1421 1914/2440/1404 1913/2439/2020
f 1915/2441/1396 1912/2438/1421 1916/2442/2021
f 1912/2438/1421 1911/2437/2019 1916/2442/2021
f 2403/2443/2022 1917/2444/2023 1918/2445/1410
f 1917/2444/2023 1285/2446/1402 1918/2445/1410
f 1918/2447/1410 1956/2448/2024 2403/2449/2022
f 1956/2448/2024 1347/2450/1479 2403/2449/2022
f 1286/2451/1403 2400/2452/2025 1914/2453/1404
f 2400/2452/2025 1913/2454/2020 1914/2453/1404
f 1919/2455/1408 1920/2456/1407 2401/2457/2026
f 1920/2456/1407 1921/2458/2027 2401/2457/2026
f 2401/2457/2026 2400/2452/2025 1919/2455/1408
f 2400/2452/2025 1286/2451/1403 1919/2455/1408
f 1284/2459/1400 1285/2446/1402 2402/2460/2028
f 1285/2446/1402 1917/2444/2023 2402/2460/2028
f 1920/2456/1407 1284/2459/1400 1921/2458/2027
f 1284/2459/1400 2402/2460/2028 1921/2458/2027
f 1922/2461/2029 1923/2462/2030 1924/2463/817
f 1923/2462/2030 1925/2464/2031 1924/2463/817
f 1267/2465/1377 1266/1575/1376 1942/2466/2032
f 1266/1575/1376 1926/2467/2033 1942/2466/2032
f 1927/2468/2034 1928/2469/2035 1929/2470/2036
f 1928/2469/2035 758/1586/819 1929/2470/2036
f 1930/2471/2037 1931/2472/2038 1255/1560/1363
f 1931/2472/2038 1932/2473/2039 1255/1560/1363
f 1933/2474/2040 1934/2475/2041 1935/2476/2042
f 1934/2475/2041 1950/2477/2043 1935/2476/2042
f 1930/2471/2037 1255/1560/1363 1936/2478/2044
f 1255/1560/1363 1260/1568/1371 1936/2478/2044
f 1953/2479/2045 1937/2480/2046 1938/2481/2047
f 1937/2480/2046 1939/2482/2048 1938/2481/2047
f 1940/2483/2049 1941/2484/2050 1926/2485/2033
f 1941/2484/2050 1942/2486/2032 1926/2485/2033
f 1934/2487/2041 1933/2488/2040 2014/1566/1369
f 1933/2488/2040 1259/2489/1370 2014/1566/1369
f 1929/2470/2036 1930/2471/2037 1927/2468/2034
f 1930/2471/2037 1936/2478/2044 1927/2468/2034
f 1943/2490/2051 2420/2491/2052 1944/2492/2053
f 2420/2491/2052 1945/2493/2054 1944/2492/2053
f 1267/1576/1377 1946/2494/2055 1271/1587/1381
f 1946/2494/2055 1947/2495/2056 1271/1587/1381
f 1949/2496/2057 2399/2497/2058 2421/2498/2059
f 2399/2497/2058 1358/2499/1491 2421/2498/2059
f 1255/1560/1363 1932/2473/2039 1256/1561/1364
f 1932/2473/2039 1948/2500/2060 1256/1561/1364
f 1269/1580/1379 1268/1579/818 1257/1563/1366
f 1268/1579/818 1258/1564/1367 1257/1563/1366
f 1266/1575/1376 1261/1569/1372 1926/2467/2033
f 1261/1569/1372 1263/1571/1373 1926/2467/2033
f 2409/1577/1378 1261/1569/1372 1265/1574/1375
f 1261/1569/1372 1266/1575/1376 1265/1574/1375
f 1935/2501/2042 1949/2502/2057 1951/2503/2061
f 1949/2502/2057 1943/2490/2051 1951/2503/2061
f 1928/2469/2035 1922/2461/2029 758/1586/819
f 1922/2461/2029 1924/2463/817 758/1586/819
f 1935/2501/2042 1950/2504/2043 1949/2502/2057
f 1950/2504/2043 2399/2505/2058 1949/2502/2057
f 1944/2492/2053 1945/2493/2054 1946/2494/2055
f 1945/2493/2054 1947/2495/2056 1946/2494/2055
f 1264/1572/1374 1940/2483/2049 1263/1573/1373
f 1940/2483/2049 1926/2485/2033 1263/1573/1373
f 1951/2506/2061 1952/2507/2062 1935/2476/2042
f 1952/2507/2062 1933/2474/2040 1935/2476/2042
f 1937/2480/2046 1942/2486/2032 1939/2482/2048
f 1942/2486/2032 1941/2484/2050 1939/2482/2048
f 1942/2466/2032 1937/2508/2046 1267/2465/1377
f 1937/2508/2046 1946/2494/2055 1267/2465/1377
f 1937/2508/2046 1953/2509/2045 1946/2494/2055
f 1953/2509/2045 1944/2492/2053 1946/2494/2055
f 1929/2470/2036 758/1586/819 1954/2510/2063
f 758/1586/819 1273/1585/1383 1954/2510/2063
f 1943/2490/2051 1949/2496/2057 2420/2491/2052
f 1949/2496/2057 2421/2498/2059 2420/2491/2052
f 1954/2510/2063 1931/2472/2038 1929/2470/2036
f 1931/2472/2038 1930/2471/2037 1929/2470/2036
f 1951/2506/2061 1953/2479/2045 1952/2507/2062
f 1953/2479/2045 1938/2481/2047 1952/2507/2062
f 1944/2492/2053 1953/2509/2045 1943/2490/2051
f 1953/2509/2045 1951/2503/2061 1943/2490/2051
f 1955/2511/2064 1956/2512/2024 1295/1623/1419
f 1956/2512/2024 1296/1624/1420 1295/1623/1419
f 1289/1615/1411 1299/1596/1392 1957/1616/1412
f 1299/1596/1392 1276/1590/1386 1957/1616/1412
f 1296/1624/1420 1956/2513/2024 1957/2514/1412
f 1956/2513/2024 1918/1614/1410 1957/2514/1412
f 1957/1616/1412 1276/1590/1386 1296/1624/1420
f 1276/1590/1386 1275/1589/1385 1296/1624/1420
f 1291/1618/1414 1278/1592/1388 1958/2515/2065
f 1278/1592/1388 1279/1594/1390 1958/2515/2065
f 1278/1592/1388 1291/1618/1414 1274/1588/1384
f 1291/1618/1414 1275/1589/1385 1274/1588/1384
f 1279/1594/1390 1280/1598/1394 1958/2515/2065
f 1280/1598/1394 1282/1602/1398 1958/2515/2065
f 1292/1619/1415 1291/1618/1414 1294/1621/1417
f 1291/1618/1414 1958/2515/2065 1294/1621/1417
f 2005/2516/2066 1292/1619/1415 1293/1620/1416
f 1292/1619/1415 1294/1621/1417 1293/1620/1416
f 1958/2515/2065 1282/1602/1398 1294/1621/1417
f 1282/1602/1398 1281/1599/1395 1294/1621/1417
f 1955/2511/2064 1295/1623/1419 1959/2517/2067
f 1295/1623/1419 1290/1617/1413 1959/2517/2067
f 1959/2517/2067 1290/1617/1413 2005/2516/2066
f 1290/1617/1413 1292/1619/1415 2005/2516/2066
f 2426/2518/2068 1960/2519/2069 2425/2520/2070
f 1960/2519/2069 1961/2521/2071 2425/2520/2070
f 2427/2522/1406 1288/2523/1409 2426/2518/2068
f 1288/2523/1409 1960/2519/2069 2426/2518/2068
f 1305/1637/1391 1962/2524/1389 1316/1652/1443
f 1962/2524/1389 1303/1635/1427 1316/1652/1443
f 1307/1641/1432 2424/1640/1431 1961/2521/2071
f 2424/1640/1431 2425/2520/2070 1961/2521/2071
f 1963/2525/2072 1964/2526/1684 1965/2527/2073
f 1964/2526/1684 1561/1638/1429 1965/2527/2073
f 1277/2528/1387 1304/1636/1428 1962/2524/1389
f 1304/1636/1428 1303/1635/1427 1962/2524/1389
f 1966/2529/2074 1967/2530/2075 1277/2528/1387
f 1967/2530/2075 1304/1636/1428 1277/2528/1387
f 1299/1630/1392 1301/1632/1424 1277/2528/1387
f 1301/1632/1424 1966/2529/2074 1277/2528/1387
f 1311/1646/1437 1968/2531/2076 1308/1642/1433
f 1968/2531/2076 1969/2532/2077 1308/1642/1433
f 1314/1650/1441 1970/2533/2078 1971/2534/2079
f 1970/2533/2078 1972/2535/2080 1971/2534/2079
f 1973/2536/2081 1974/2537/2082 1975/2538/2083
f 1974/2537/2082 1976/2539/2084 1975/2538/2083
f 1977/2540/2085 1970/2533/2078 1313/1649/1440
f 1970/2533/2078 1314/1650/1441 1313/1649/1440
f 1975/2538/2083 1978/2541/2086 1973/2536/2081
f 1978/2541/2086 1979/2542/2087 1973/2536/2081
f 1975/2538/2083 1976/2539/2084 1980/2543/2088
f 1976/2539/2084 1981/2544/2089 1980/2543/2088
f 1982/2545/2090 1983/2546/2091 1972/2535/2080
f 1983/2546/2091 1971/2534/2079 1972/2535/2080
f 2422/1643/1434 1308/1642/1433 1984/2547/2092
f 1308/1642/1433 1969/2532/2077 1984/2547/2092
f 1316/1652/1443 1965/2527/2073 1305/1637/1391
f 1965/2527/2073 1561/1638/1429 1305/1637/1391
f 1968/2531/2076 1311/1646/1437 1985/2548/2093
f 1311/1646/1437 1978/2541/2086 1985/2548/2093
f 1967/2530/2075 1977/2540/2085 1304/1636/1428
f 1977/2540/2085 1313/1649/1440 1304/1636/1428
f 1979/2542/2087 1978/2541/2086 1310/1645/1436
f 1978/2541/2086 1311/1646/1437 1310/1645/1436
f 1985/2548/2093 1978/2541/2086 1980/2543/2088
f 1978/2541/2086 1975/2538/2083 1980/2543/2088
f 1316/1652/1443 1315/1651/1442 1965/2527/2073
f 1315/1651/1442 1986/2549/2094 1965/2527/2073
f 1965/2527/2073 1986/2549/2094 1963/2525/2072
f 1986/2549/2094 1987/2550/2095 1963/2525/2072
f 1203/1497/1304 1873/2384/1988 2359/1657/1447
f 1873/2384/1988 1320/1658/1448 2359/1657/1447
f 1874/2385/1209 1988/2551/1208 1873/2384/1988
f 1988/2551/1208 1320/1658/1448 1873/2384/1988
f 1320/1658/1448 1988/2551/1208 1319/1656/1446
f 1988/2551/1208 1130/1654/1207 1319/1656/1446
f 1989/2552/2096 1990/2553/2097 1991/2554/2098
f 1990/2553/2097 1992/2555/2099 1991/2554/2098
f 1991/2554/2098 1992/2555/2099 1993/2556/2100
f 1992/2555/2099 1323/1662/1452 1993/2556/2100
f 1879/2393/1995 1994/2557/2101 1878/2392/1994
f 1994/2557/2101 1989/2552/2096 1878/2392/1994
f 1993/2556/2100 1882/2396/1998 1991/2554/2098
f 1882/2396/1998 1881/2395/1997 1991/2554/2098
f 1807/1661/1451 1995/2558/1206 1323/1662/1452
f 1995/2558/1206 1993/2556/2100 1323/1662/1452
f 1996/2559/1353 1994/2557/2101 1997/2560/1361
f 1994/2557/2101 1998/2561/2102 1997/2560/1361
f 1882/2396/1998 1993/2556/2100 1129/2401/1205
f 1993/2556/2100 1995/2558/1206 1129/2401/1205
f 1878/2392/1994 1989/2552/2096 1881/2395/1997
f 1989/2552/2096 1991/2554/2098 1881/2395/1997
f 2382/2402/2000 1998/2561/2102 1879/2393/1995
f 1998/2561/2102 1994/2557/2101 1879/2393/1995
f 1994/2557/2101 1996/2559/1353 1989/2552/2096
f 1996/2559/1353 1990/2553/2097 1989/2552/2096
f 1333/1677/1465 1999/2562/2103 1334/1678/1466
f 1999/2562/2103 1335/1679/1467 1334/1678/1466
f 2000/2563/2104 2001/2564/2105 1351/1695/1483
f 2001/2564/2105 2002/2565/2106 1351/1695/1483
f 1335/1679/1467 2003/2566/1418 1336/1680/1468
f 2003/2566/1418 2407/2567/1397 1336/1680/1468
f 1999/2562/2103 1293/2568/1416 1335/1679/1467
f 1293/2568/1416 2003/2566/1418 1335/1679/1467
f 2004/2569/2107 2005/2570/2066 1999/2562/2103
f 2005/2570/2066 1293/2568/1416 1999/2562/2103
f 2006/2571/2108 2007/2572/1362 1998/2573/2102
f 2007/2572/1362 1997/2574/1361 1998/2573/2102
f 2008/2575/2109 2004/2569/2107 1333/1677/1465
f 2004/2569/2107 1999/2562/2103 1333/1677/1465
f 2006/2571/2108 1326/1668/1456 2007/2572/1362
f 1326/1668/1456 2404/1670/1458 2007/2572/1362
f 1329/1673/1461 2001/2564/2105 1324/1665/1453
f 2001/2564/2105 2000/2563/2104 1324/1665/1453
f 1337/1681/1469 2008/2575/2109 2009/2576/2110
f 2008/2575/2109 1333/1677/1465 2009/2576/2110
f 1324/1665/1453 2000/2563/2104 1333/1677/1465
f 2000/2563/2104 2009/2576/2110 1333/1677/1465
f 2009/2576/2110 1350/1694/1482 1337/1681/1469
f 1350/1694/1482 1338/1682/1470 1337/1681/1469
f 2403/2577/2022 1347/1691/1479 2010/2578/1359
f 1347/1691/1479 1348/1692/1480 2010/2578/1359
f 1899/2424/1223 2010/2578/1359 1898/2423/2011
f 2010/2578/1359 1348/1692/1480 1898/2423/2011
f 1956/2579/2024 1955/2580/2064 1347/1691/1479
f 1955/2580/2064 1344/1688/1476 1347/1691/1479
f 2011/2581/2111 1904/2429/2014 2012/2582/2112
f 1904/2429/2014 1903/2428/2013 2012/2582/2112
f 1907/2432/2015 1908/2433/2016 1256/2583/1364
f 1908/2433/2016 2013/2584/1365 1256/2583/1364
f 1908/2433/2016 1909/2435/2017 2013/2584/1365
f 1909/2435/2017 2014/2585/1369 2013/2584/1365
f 1898/2423/2011 1348/1692/1480 1910/2436/2018
f 1348/1692/1480 1349/1693/1481 1910/2436/2018
f 1340/1684/1472 2015/2586/2113 1341/1685/1473
f 2015/2586/2113 2016/2587/2114 1341/1685/1473
f 1351/1695/1483 2002/2565/2106 1343/1687/1475
f 2002/2565/2106 1342/1686/1474 1343/1687/1475
f 2000/2563/2104 1351/1695/1483 2009/2576/2110
f 1351/1695/1483 1350/1694/1482 2009/2576/2110
f 1332/1676/1464 1331/1675/1463 1353/1697/1485
f 1331/1675/1463 1354/1698/1486 1353/1697/1485
f 1355/1699/1487 2011/2581/2111 1356/1700/1488
f 2011/2581/2111 2012/2582/2112 1356/1700/1488
f 757/2588/816 2017/2589/815 748/1704/803
f 2017/2589/815 1359/1705/812 748/1704/803
f 676/2590/723 2018/2591/724 841/1708/717
f 2018/2591/724 1362/1709/733 841/1708/717
f 2019/2592/1910 1787/2593/1911 2020/2594/1134
f 1787/2593/1911 2021/2595/1135 2020/2594/1134
f 1405/1764/1541 471/556/481 1404/1763/1540
f 1405/1764/1541 472/557/482 471/556/481
f 1418/1777/1554 472/557/482 1405/1764/1541
f 1418/1777/1554 469/554/479 472/557/482
f 1419/1779/1556 469/554/479 1418/1777/1554
f 1419/1779/1556 470/555/480 469/554/479
f 1426/1781/1558 470/555/480 1419/1779/1556
f 1426/1781/1558 1410/1769/1546 470/555/480
f 1414/1773/1550 1410/1769/1546 1426/1781/1558
f 1414/1773/1550 1415/1774/1551 1410/1769/1546
f 1369/1717/1497 1415/1774/1551 1414/1773/1550
f 1369/1717/1497 1422/1784/1561 1415/1774/1551
f 1367/1715/1495 1422/1784/1561 1369/1717/1497
f 1367/1715/1495 2022/2596/2115 1422/1784/1561
f 1371/1719/1499 2022/2596/2115 1367/1715/1495
f 1371/1719/1499 2023/2597/2116 2022/2596/2115
f 1375/1723/1503 2023/2597/2116 1371/1719/1499
f 1375/1723/1503 481/566/491 2023/2597/2116
f 1373/1721/1501 481/566/491 1375/1723/1503
f 1373/1721/1501 482/567/492 481/566/491
f 1372/1720/1500 482/567/492 1373/1721/1501
f 1372/1720/1500 2024/2598/2117 482/567/492
f 2025/2599/2118 2024/2598/2117 1372/1720/1500
f 2025/2599/2118 2026/2600/2119 2024/2598/2117
f 2072/2601/475 2026/2600/2119 2025/2599/2118
f 2072/2601/475 2027/2602/477 2026/2600/2119
f 1404/1763/1540 1407/1766/1543 1402/1761/1538
f 1404/1763/1540 1412/1771/1548 1407/1766/1543
f 471/556/481 1412/1771/1548 1404/1763/1540
f 471/556/481 1420/1782/1559 1412/1771/1548
f 474/559/484 1420/1782/1559 471/556/481
f 474/559/484 476/561/486 1420/1782/1559
f 2028/2603/2120 476/561/486 474/559/484
f 2028/2603/2120 479/564/489 476/561/486
f 483/568/493 479/564/489 2028/2603/2120
f 483/568/493 480/565/490 479/564/489
f 482/567/492 480/565/490 483/568/493
f 482/567/492 1408/1767/1544 480/565/490
f 2024/2598/2117 1408/1767/1544 482/567/492
f 2024/2598/2117 1421/1783/1560 1408/1767/1544
f 2026/2600/2119 1421/1783/1560 2024/2598/2117
f 2026/2600/2119 2084/2604/2121 1421/1783/1560
f 2027/2602/477 2084/2604/2121 2026/2600/2119
f 2022/2596/2115 1423/1785/1562 1422/1784/1561
f 2022/2596/2115 2029/2605/2122 1423/1785/1562
f 2023/2597/2116 2029/2605/2122 2022/2596/2115
f 2023/2597/2116 2030/2606/2123 2029/2605/2122
f 481/566/491 2030/2606/2123 2023/2597/2116
f 481/566/491 2031/2607/2124 2030/2606/2123
f 483/568/493 2031/2607/2124 481/566/491
f 483/568/493 2032/2608/2125 2031/2607/2124
f 2028/2603/2120 2032/2608/2125 483/568/493
f 2028/2603/2120 2033/2609/2126 2032/2608/2125
f 474/559/484 2033/2609/2126 2028/2603/2120
f 474/559/484 2034/2610/2127 2033/2609/2126
f 475/560/485 2034/2610/2127 474/559/484
f 475/560/485 2033/2609/2126 2034/2610/2127
f 468/553/478 2033/2609/2126 475/560/485
f 468/553/478 2032/2608/2125 2033/2609/2126
f 484/569/494 2032/2608/2125 468/553/478
f 484/569/494 2031/2607/2124 2032/2608/2125
f 1411/1770/1547 2031/2607/2124 484/569/494
f 1411/1770/1547 2030/2606/2123 2031/2607/2124
f 1416/1775/1552 2030/2606/2123 1411/1770/1547
f 1416/1775/1552 2029/2605/2122 2030/2606/2123
f 1423/1785/1562 2029/2605/2122 1416/1775/1552
f 2035/2611/2128 1402/1761/1538 1409/1768/1545
f 2035/2611/2128 1403/1762/1539 1402/1761/1538
f 2036/2612/2129 1403/1762/1539 2035/2611/2128
f 2036/2612/2129 1417/1776/1553 1403/1762/1539
f 2037/2613/2130 1417/1776/1553 2036/2612/2129
f 2037/2613/2130 1424/1778/1555 1417/1776/1553
f 2038/2614/2131 1424/1778/1555 2037/2613/2130
f 2038/2614/2131 1425/1780/1557 1424/1778/1555
f 2039/2615/2132 1425/1780/1557 2038/2614/2131
f 2039/2615/2132 1413/1772/1549 1425/1780/1557
f 2040/2616/2133 1413/1772/1549 2039/2615/2132
f 2040/2616/2133 1368/1716/1496 1413/1772/1549
f 2041/2617/2134 1368/1716/1496 2040/2616/2133
f 2041/2617/2134 1366/1714/1494 1368/1716/1496
f 2042/2618/2135 1366/1714/1494 2041/2617/2134
f 2042/2618/2135 1370/1718/1498 1366/1714/1494
f 2043/2619/2136 1370/1718/1498 2042/2618/2135
f 2043/2619/2136 1374/1722/1502 1370/1718/1498
f 2025/2599/2118 1374/1722/1502 2043/2619/2136
f 2025/2599/2118 1372/1720/1500 1374/1722/1502
f 2083/2620/2137 1421/1783/1560 2084/2604/2121
f 2083/2620/2137 1400/1759/1536 1421/1783/1560
f 2044/2621/2138 1400/1759/1536 2083/2620/2137
f 2044/2621/2138 1398/1757/1534 1400/1759/1536
f 2082/2622/2139 1398/1757/1534 2044/2621/2138
f 2082/2622/2139 1406/1765/1542 1398/1757/1534
f 2045/2623/2140 1406/1765/1542 2082/2622/2139
f 2045/2623/2140 1409/1768/1545 1406/1765/1542
f 2046/2624/2141 1409/1768/1545 2045/2623/2140
f 2046/2624/2141 2035/2611/2128 1409/1768/1545
f 2078/2625/2142 2035/2611/2128 2046/2624/2141
f 2078/2625/2142 2036/2612/2129 2035/2611/2128
f 2047/2626/472 2036/2612/2129 2078/2625/2142
f 2047/2626/472 2037/2613/2130 2036/2612/2129
f 465/2627/471 2037/2613/2130 2047/2626/472
f 465/2627/471 2038/2614/2131 2037/2613/2130
f 1394/2628/1528 2038/2614/2131 465/2627/471
f 1394/2628/1528 2039/2615/2132 2038/2614/2131
f 1396/2629/1530 2039/2615/2132 1394/2628/1528
f 1396/2629/1530 2040/2616/2133 2039/2615/2132
f 2048/2630/1532 2040/2616/2133 1396/2629/1530
f 2048/2630/1532 2041/2617/2134 2040/2616/2133
f 2049/2631/1526 2041/2617/2134 2048/2630/1532
f 2049/2631/1526 2042/2618/2135 2041/2617/2134
f 2050/2632/1524 2042/2618/2135 2049/2631/1526
f 2050/2632/1524 2043/2619/2136 2042/2618/2135
f 2072/2601/475 2043/2619/2136 2050/2632/1524
f 2072/2601/475 2025/2599/2118 2043/2619/2136
f 455/530/458 1380/1728/1508 453/528/456
f 455/530/458 1384/1735/1515 1380/1728/1508
f 462/541/466 1384/1735/1515 455/530/458
f 462/541/466 1391/1743/1520 1384/1735/1515
f 461/538/460 1391/1743/1520 462/541/466
f 461/538/460 1392/1744/1521 1391/1743/1520
f 460/537/465 1392/1744/1521 461/538/460
f 460/537/465 1386/1737/1517 1392/1744/1521
f 1381/1730/1510 1386/1737/1517 460/537/465
f 1381/1730/1510 1385/1736/1516 1386/1737/1517
f 1389/1740/1519 1385/1736/1516 1381/1730/1510
f 1389/1740/1519 1821/2310/1941 1385/1736/1516
f 1826/2318/1949 1821/2310/1941 1389/1740/1519
f 1826/2318/1949 1824/2316/1947 1821/2310/1941
f 1825/2317/1948 1824/2316/1947 1826/2318/1949
f 1825/2317/1948 1146/1420/1233 1824/2316/1947
f 1836/2337/1958 1146/1420/1233 1825/2317/1948
f 1836/2337/1958 1827/1418/1231 1146/1420/1233
f 1829/2314/1945 1827/1418/1231 1836/2337/1958
f 452/2633/455 2051/2634/2143 2052/2635/453
f 452/2633/455 2053/2636/2144 2051/2634/2143
f 2054/2637/461 2053/2636/2144 452/2633/455
f 2054/2637/461 2055/2638/2145 2053/2636/2144
f 461/538/460 2055/2638/2145 2054/2637/461
f 461/538/460 2056/2639/2146 2055/2638/2145
f 463/542/467 2056/2639/2146 461/538/460
f 463/542/467 2057/2640/2147 2056/2639/2146
f 456/531/459 2057/2640/2147 463/542/467
f 456/531/459 2058/2641/2148 2057/2640/2147
f 454/529/457 2058/2641/2148 456/531/459
f 454/529/457 2059/2642/2149 2058/2641/2148
f 453/528/456 2059/2642/2149 454/529/457
f 453/528/456 2060/2643/2150 2059/2642/2149
f 1378/1726/1506 2060/2643/2150 453/528/456
f 1378/1726/1506 2061/2644/2151 2060/2643/2150
f 1379/1727/1507 2061/2644/2151 1378/1726/1506
f 1379/1727/1507 2062/2645/2152 2061/2644/2151
f 1822/2311/1942 2062/2645/2152 1379/1727/1507
f 1822/2311/1942 2063/2646/2153 2062/2645/2152
f 1834/2330/1311 2063/2646/2153 1822/2311/1942
f 1834/2330/1311 1239/2647/1342 2063/2646/2153
f 2057/2640/2147 2055/2638/2145 2056/2639/2146
f 2057/2640/2147 2053/2636/2144 2055/2638/2145
f 2058/2641/2148 2053/2636/2144 2057/2640/2147
f 2058/2641/2148 2051/2634/2143 2053/2636/2144
f 2059/2642/2149 2051/2634/2143 2058/2641/2148
f 2059/2642/2149 2052/2635/453 2051/2634/2143
f 2060/2643/2150 2052/2635/453 2059/2642/2149
f 2060/2643/2150 2064/2648/1512 2052/2635/453
f 2061/2644/2151 2064/2648/1512 2060/2643/2150
f 2061/2644/2151 2065/2649/1514 2064/2648/1512
f 2062/2645/2152 2065/2649/1514 2061/2644/2151
f 2062/2645/2152 2066/2650/1953 2065/2649/1514
f 2063/2646/2153 2066/2650/1953 2062/2645/2152
f 2063/2646/2153 2067/2651/1954 2066/2650/1953
f 1239/2647/1342 2067/2651/1954 2063/2646/2153
f 1239/2647/1342 1831/2652/1348 2067/2651/1954
f 2068/2653/1531 2069/2654/1525 1397/2655/1533
f 2068/2653/1531 1393/2656/1523 2069/2654/1525
f 1395/2657/1529 1393/2656/1523 2068/2653/1531
f 1395/2657/1529 2070/2658/1522 1393/2656/1523
f 2071/2659/1527 2070/2658/1522 1395/2657/1529
f 2071/2659/1527 2072/2660/475 2070/2658/1522
f 465/2661/471 2072/2660/475 2071/2659/1527
f 465/2661/471 467/2662/476 2072/2660/475
f 466/2663/473 467/2662/476 465/2661/471
f 466/2663/473 2073/2664/2154 467/2662/476
f 2074/2665/474 2073/2664/2154 466/2663/473
f 2074/2665/474 2075/2666/2155 2073/2664/2154
f 2079/2667/2156 2075/2666/2155 2074/2665/474
f 2079/2667/2156 2076/2668/2157 2075/2666/2155
f 2080/544/469 2076/2668/2157 2079/2667/2156
f 2080/544/469 2077/2669/2158 2076/2668/2157
f 464/543/468 2077/2669/2158 2080/544/469
f 2078/2670/2142 2074/549/474 2047/547/472
f 2078/2670/2142 2079/2671/2156 2074/549/474
f 2046/2672/2141 2079/2671/2156 2078/2670/2142
f 2046/2672/2141 2080/2673/469 2079/2671/2156
f 2045/2674/2140 2080/2673/469 2046/2672/2141
f 2045/2674/2140 2081/2675/470 2080/2673/469
f 2082/2676/2139 2081/2675/470 2045/2674/2140
f 2082/2676/2139 464/2677/468 2081/2675/470
f 2044/2678/2138 464/2677/468 2082/2676/2139
f 2044/2678/2138 2077/2679/2158 464/2677/468
f 2083/2680/2137 2077/2679/2158 2044/2678/2138
f 2083/2680/2137 2076/2681/2157 2077/2679/2158
f 2084/2682/2121 2076/2681/2157 2083/2680/2137
f 2084/2682/2121 2075/2683/2155 2076/2681/2157
f 2027/552/477 2075/2683/2155 2084/2682/2121
f 2027/552/477 2073/2684/2154 2075/2683/2155
f 467/551/476 2073/2684/2154 2027/552/477
f 1432/1795/1568 496/581/506 495/580/505
f 1432/1795/1568 1434/1797/1570 496/581/506
f 1431/1794/1567 1434/1797/1570 1432/1795/1568
f 1431/1794/1567 1427/1790/1563 1434/1797/1570
f 1440/1803/1576 1427/1790/1563 1431/1794/1567
f 1440/1803/1576 493/578/503 1427/1790/1563
f 1441/1804/1577 493/578/503 1440/1803/1576
f 1441/1804/1577 494/579/504 493/578/503
f 2085/2685/2159 494/579/504 1441/1804/1577
f 2085/2685/2159 498/583/508 494/579/504
f 2086/2686/2160 498/583/508 2085/2685/2159
f 2086/2686/2160 486/571/496 498/583/508
f 2087/2687/2161 486/571/496 2086/2686/2160
f 2087/2687/2161 500/585/510 486/571/496
f 2088/2688/2162 500/585/510 2087/2687/2161
f 2088/2688/2162 510/595/520 500/585/510
f 2089/2689/2163 510/595/520 2088/2688/2162
f 2089/2689/2163 521/606/531 510/595/520
f 1461/1824/1597 521/606/531 2089/2689/2163
f 1461/1824/1597 517/602/527 521/606/531
f 1460/1823/1596 517/602/527 1461/1824/1597
f 1460/1823/1596 518/603/528 517/602/527
f 1454/1817/1590 518/603/528 1460/1823/1596
f 1454/1817/1590 1451/1814/1587 518/603/528
f 513/598/523 1451/1814/1587 1454/1817/1590
f 513/598/523 1455/1818/1591 1451/1814/1587
f 512/597/522 1455/1818/1591 513/598/523
f 512/597/522 1456/1819/1592 1455/1818/1591
f 526/611/536 1456/1819/1592 512/597/522
f 526/611/536 1450/1813/1586 1456/1819/1592
f 1471/1834/1607 1450/1813/1586 526/611/536
f 1471/1834/1607 519/604/529 1450/1813/1586
f 1468/1831/1604 519/604/529 1471/1834/1607
f 1468/1831/1604 511/596/521 519/604/529
f 1469/1832/1605 511/596/521 1468/1831/1604
f 1469/1832/1605 523/608/533 511/596/521
f 1467/1830/1603 523/608/533 1469/1832/1605
f 1467/1830/1603 1458/1821/1594 523/608/533
f 1465/1828/1601 1458/1821/1594 1467/1830/1603
f 1465/1828/1601 1457/1820/1593 1458/1821/1594
f 1463/1826/1599 1457/1820/1593 1465/1828/1601
f 1463/1826/1599 1459/1822/1595 1457/1820/1593
f 1461/1824/1597 1459/1822/1595 1463/1826/1599
f 1439/1802/1575 1437/1800/1573 1441/1804/1577
f 1439/1802/1575 1436/1799/1572 1437/1800/1573
f 1443/1806/1579 1436/1799/1572 1439/1802/1575
f 1443/1806/1579 1435/1798/1571 1436/1799/1572
f 1445/1808/1581 1435/1798/1571 1443/1806/1579
f 1445/1808/1581 505/590/515 1435/1798/1571
f 1446/1809/1582 505/590/515 1445/1808/1581
f 1446/1809/1582 485/570/495 505/590/515
f 1447/1810/1583 485/570/495 1446/1809/1582
f 1447/1810/1583 492/577/502 485/570/495
f 1449/1812/1585 492/577/502 1447/1810/1583
f 1449/1812/1585 1428/1791/1564 492/577/502
f 506/591/516 1428/1791/1564 1449/1812/1585
f 506/591/516 1433/1796/1569 1428/1791/1564
f 496/581/506 1433/1796/1569 506/591/516
f 496/581/506 1434/1797/1570 1433/1796/1569
f 1546/636/559 527/612/537 534/622/545
f 1546/636/559 538/626/549 527/612/537
f 546/638/561 538/626/549 1546/636/559
f 546/638/561 537/625/548 538/626/549
f 1476/1840/1612 537/625/548 546/638/561
f 1476/1840/1612 535/623/546 537/625/548
f 1475/1838/1611 535/623/546 1476/1840/1612
f 1475/1838/1611 1472/1835/1608 535/623/546
f 1486/1850/1621 1472/1835/1608 1475/1838/1611
f 1486/1850/1621 1484/1848/1619 1472/1835/1608
f 1479/1843/1615 1484/1848/1619 1486/1850/1621
f 1479/1843/1615 540/628/551 1484/1848/1619
f 1480/1844/1616 540/628/551 1479/1843/1615
f 1480/1844/1616 545/635/558 540/628/551
f 1478/1842/1614 545/635/558 1480/1844/1616
f 1478/1842/1614 1474/1837/1610 545/635/558
f 2231/2690/581 582/694/610 559/1864/583
f 2231/2690/581 1490/1854/1625 582/694/610
f 661/676/594 1490/1854/1625 2231/2690/581
f 661/676/594 1497/1865/1630 1490/1854/1625
f 569/675/593 1497/1865/1630 661/676/594
f 569/675/593 592/704/620 1497/1865/1630
f 580/692/608 592/704/620 569/675/593
f 580/692/608 593/705/621 592/704/620
f 589/701/617 593/705/621 580/692/608
f 589/701/617 594/706/622 593/705/621
f 1498/1866/1631 594/706/622 589/701/617
f 1498/1866/1631 1489/1853/1624 594/706/622
f 1502/1872/1635 1489/1853/1624 1498/1866/1631
f 1502/1872/1635 584/696/612 1489/1853/1624
f 1500/1869/1633 584/696/612 1502/1872/1635
f 1500/1869/1633 583/695/611 584/696/612
f 565/671/589 583/695/611 1500/1869/1633
f 565/671/589 597/710/626 583/695/611
f 567/673/591 597/710/626 565/671/589
f 567/673/591 574/685/602 597/710/626
f 639/2691/677 574/685/602 567/673/591
f 639/2691/677 560/686/584 574/685/602
f 579/691/607 562/668/586 590/702/618
f 579/691/607 563/669/587 562/668/586
f 578/690/606 563/669/587 579/691/607
f 578/690/606 564/670/588 563/669/587
f 577/689/605 564/670/588 578/690/606
f 577/689/605 1492/1857/1627 564/670/588
f 1501/1871/1634 1492/1857/1627 577/689/605
f 1501/1871/1634 1491/1855/1626 1492/1857/1627
f 600/714/629 1491/1855/1626 1501/1871/1634
f 600/714/629 1494/1859/1628 1491/1855/1626
f 588/700/616 1494/1859/1628 600/714/629
f 588/700/616 596/709/625 1494/1859/1628
f 585/697/613 596/709/625 588/700/616
f 585/697/613 595/707/623 596/709/625
f 587/699/615 595/707/623 585/697/613
f 587/699/615 642/2692/680 595/707/623
f 643/712/577 642/2692/680 587/699/615
f 602/716/631 1505/1875/1637 605/719/634
f 602/716/631 2090/2693/2164 1505/1875/1637
f 2091/2694/2165 2090/2693/2164 602/716/631
f 2091/2694/2165 1508/1879/1640 2090/2693/2164
f 2092/2695/2166 1508/1879/1640 2091/2694/2165
f 2092/2695/2166 1509/1881/1641 1508/1879/1640
f 2214/2696/2167 1509/1881/1641 2092/2695/2166
f 2214/2696/2167 2093/2697/2168 1509/1881/1641
f 2213/2698/2169 2093/2697/2168 2214/2696/2167
f 2213/2698/2169 2094/2699/2170 2093/2697/2168
f 711/2700/769 2094/2699/2170 2213/2698/2169
f 711/2700/769 2095/2701/2171 2094/2699/2170
f 1536/1921/1664 2095/2701/2171 711/2700/769
f 1536/1921/1664 2096/2702/2172 2095/2701/2171
f 1535/1920/1663 2096/2702/2172 1536/1921/1664
f 1535/1920/1663 2141/2703/2173 2096/2702/2172
f 1509/1881/1641 534/2704/545 528/1880/539
f 1509/1881/1641 547/1933/562 534/2704/545
f 2093/2697/2168 547/1933/562 1509/1881/1641
f 2093/2697/2168 1544/1931/1674 547/1933/562
f 2094/2699/2170 1544/1931/1674 2093/2697/2168
f 2094/2699/2170 1547/1935/563 1544/1931/1674
f 2095/2701/2171 1547/1935/563 2094/2699/2170
f 2095/2701/2171 555/1937/578 1547/1935/563
f 2096/2702/2172 555/1937/578 2095/2701/2171
f 2096/2702/2172 1543/1930/1673 555/1937/578
f 2141/2703/2173 1543/1930/1673 2096/2702/2172
f 2141/2703/2173 1540/1926/1669 1543/1930/1673
f 2132/2705/2174 1540/1926/1669 2141/2703/2173
f 2132/2705/2174 1541/1927/1670 1540/1926/1669
f 2131/1906/1657 1541/1927/1670 2132/2705/2174
f 2131/1906/1657 1538/1924/1667 1541/1927/1670
f 1528/1908/725 1538/1924/1667 2131/1906/1657
f 1528/1908/725 1539/1925/1668 1538/1924/1667
f 2097/2706/727 1539/1925/1668 1528/1908/725
f 2097/2706/727 1521/1898/1652 1539/1925/1668
f 686/1913/739 1521/1898/1652 2097/2706/727
f 686/1913/739 1520/1897/1651 1521/1898/1652
f 1530/1911/1659 1520/1897/1651 686/1913/739
f 1530/1911/1659 2098/2707/2175 1520/1897/1651
f 1523/1900/1654 2098/2707/2175 1530/1911/1659
f 1523/1900/1654 2099/2708/2176 2098/2707/2175
f 1522/1899/1653 2099/2708/2176 1523/1900/1654
f 1522/1899/1653 2100/2709/2177 2099/2708/2176
f 1526/1903/831 2100/2709/2177 1522/1899/1653
f 1526/1903/831 2101/2710/2178 2100/2709/2177
f 759/2711/820 2101/2710/2178 1526/1903/831
f 759/2711/820 2102/2712/2179 2101/2710/2178
f 1534/1917/822 2102/2712/2179 759/2711/820
f 1534/1917/822 2103/2713/2180 2102/2712/2179
f 1533/1916/1662 2103/2713/2180 1534/1917/822
f 1533/1916/1662 2104/2714/2181 2103/2713/2180
f 2105/2715/2182 2104/2714/2181 1533/1916/1662
f 2105/2715/2182 2106/2716/2183 2104/2714/2181
f 1531/1914/1660 2106/2716/2183 2105/2715/2182
f 1531/1914/1660 551/2717/571 2106/2716/2183
f 1519/1894/1650 551/2717/571 1531/1914/1660
f 1519/1894/1650 552/1895/572 551/2717/571
f 1516/1891/1647 552/1895/572 1519/1894/1650
f 1516/1891/1647 1510/1883/1642 552/1895/572
f 1514/1889/1645 1510/1883/1642 1516/1891/1647
f 1514/1889/1645 550/1885/569 1510/1883/1642
f 1506/1876/1638 550/1885/569 1514/1889/1645
f 1506/1876/1638 2107/2718/570 550/1885/569
f 624/746/658 2107/2718/570 1506/1876/1638
f 624/746/658 2108/2719/2184 2107/2718/570
f 623/745/657 2108/2719/2184 624/746/658
f 623/745/657 2109/2720/2185 2108/2719/2184
f 630/754/666 2110/2721/2186 636/761/673
f 630/754/666 2111/2722/2187 2110/2721/2186
f 629/752/664 2111/2722/2187 630/754/666
f 629/752/664 2112/2723/2188 2111/2722/2187
f 626/748/660 2112/2723/2188 629/752/664
f 626/748/660 2113/2724/2189 2112/2723/2188
f 621/743/655 2113/2724/2189 626/748/660
f 621/743/655 2114/2725/2190 2113/2724/2189
f 617/739/651 2114/2725/2190 621/743/655
f 617/739/651 2115/2726/2191 2114/2725/2190
f 619/741/653 2115/2726/2191 617/739/651
f 619/741/653 2116/2727/2192 2115/2726/2191
f 660/801/703 2116/2727/2192 619/741/653
f 660/801/703 2117/2728/2193 2116/2727/2192
f 659/800/702 2117/2728/2193 660/801/703
f 659/800/702 2118/2729/2194 2117/2728/2193
f 2119/2730/2195 2118/2729/2194 659/800/702
f 2119/2730/2195 2120/2731/2196 2118/2729/2194
f 654/791/695 2120/2731/2196 2119/2730/2195
f 654/791/695 2121/2732/2197 2120/2731/2196
f 637/762/674 2121/2732/2197 654/791/695
f 637/762/674 2122/2733/2198 2121/2732/2197
f 636/761/673 2122/2733/2198 637/762/674
f 636/761/673 2110/2721/2186 2122/2733/2198
f 640/766/678 560/807/584 639/765/677
f 640/766/678 663/805/705 560/807/584
f 614/735/647 663/805/705 640/766/678
f 614/735/647 2123/2734/2199 663/805/705
f 613/734/646 2123/2734/2199 614/735/647
f 613/734/646 2124/2735/2200 2123/2734/2199
f 638/763/675 2124/2735/2200 613/734/646
f 638/763/675 2125/2736/2201 2124/2735/2200
f 654/791/695 2125/2736/2201 638/763/675
f 654/791/695 2126/2737/2202 2125/2736/2201
f 2119/2730/2195 2126/2737/2202 654/791/695
f 2119/2730/2195 2127/2738/2203 2126/2737/2202
f 659/800/702 2127/2738/2203 2119/2730/2195
f 659/800/702 2128/2739/2204 2127/2738/2203
f 658/799/701 2128/2739/2204 659/800/702
f 658/799/701 2098/2707/2175 2128/2739/2204
f 1520/1897/1651 2098/2707/2175 658/799/701
f 2099/2708/2176 2128/2739/2204 2098/2707/2175
f 2099/2708/2176 2127/2738/2203 2128/2739/2204
f 2100/2709/2177 2127/2738/2203 2099/2708/2176
f 2100/2709/2177 2126/2737/2202 2127/2738/2203
f 2101/2710/2178 2126/2737/2202 2100/2709/2177
f 2101/2710/2178 2125/2736/2201 2126/2737/2202
f 2102/2712/2179 2125/2736/2201 2101/2710/2178
f 2102/2712/2179 2124/2735/2200 2125/2736/2201
f 2103/2713/2180 2124/2735/2200 2102/2712/2179
f 2103/2713/2180 2123/2734/2199 2124/2735/2200
f 2104/2714/2181 2123/2734/2199 2103/2713/2180
f 2104/2714/2181 663/805/705 2123/2734/2199
f 2106/2716/2183 663/805/705 2104/2714/2181
f 2106/2716/2183 664/806/582 663/805/705
f 551/2717/571 664/806/582 2106/2716/2183
f 551/2717/571 2129/2740/573 664/806/582
f 2130/2741/2205 2131/2742/1657 2132/2743/2174
f 2130/2741/2205 684/839/737 2131/2742/1657
f 2133/2744/2206 684/839/737 2130/2741/2205
f 2133/2744/2206 685/840/738 684/839/737
f 2134/2745/2207 685/840/738 2133/2744/2206
f 2134/2745/2207 667/810/708 685/840/738
f 2135/2746/2208 667/810/708 2134/2745/2207
f 2135/2746/2208 1555/1946/1679 667/810/708
f 2136/2747/2209 1555/1946/1679 2135/2746/2208
f 2136/2747/2209 1557/1948/1681 1555/1946/1679
f 2137/2748/2210 1557/1948/1681 2136/2747/2209
f 2137/2748/2210 1637/2061/1756 1557/1948/1681
f 2138/2749/2211 1637/2061/1756 2137/2748/2210
f 2138/2749/2211 744/920/799 1637/2061/1756
f 2139/2750/2212 744/920/799 2138/2749/2211
f 2139/2750/2212 762/948/825 744/920/799
f 2140/2751/2213 762/948/825 2139/2750/2212
f 2140/2751/2213 767/955/830 762/948/825
f 2105/2752/2182 767/955/830 2140/2751/2213
f 2105/2752/2182 1533/2753/1662 767/955/830
f 1535/2754/1663 2132/2743/2174 2141/2755/2173
f 1535/2754/1663 2130/2741/2205 2132/2743/2174
f 1550/1939/1665 2130/2741/2205 1535/2754/1663
f 1550/1939/1665 2133/2744/2206 2130/2741/2205
f 672/817/715 2133/2744/2206 1550/1939/1665
f 672/817/715 2134/2745/2207 2133/2744/2206
f 693/818/716 2134/2745/2207 672/817/715
f 693/818/716 2135/2746/2208 2134/2745/2207
f 2142/2756/751 2135/2746/2208 693/818/716
f 2142/2756/751 2136/2747/2209 2135/2746/2208
f 753/932/753 2136/2747/2209 2142/2756/751
f 753/932/753 2137/2748/2210 2136/2747/2209
f 752/931/809 2137/2748/2210 753/932/753
f 752/931/809 2138/2749/2211 2137/2748/2210
f 1542/2055/1672 2138/2749/2211 752/931/809
f 1542/2055/1672 2139/2750/2212 2138/2749/2211
f 1532/2757/1661 2139/2750/2212 1542/2055/1672
f 1532/2757/1661 2140/2751/2213 2139/2750/2212
f 1531/2758/1660 2140/2751/2213 1532/2757/1661
f 1531/2758/1660 2105/2752/2182 2140/2751/2213
f 2143/2759/2214 679/833/731 1635/2059/1754
f 2143/2759/2214 678/832/730 679/833/731
f 2144/2760/2215 678/832/730 2143/2759/2214
f 2144/2760/2215 680/834/732 678/832/730
f 2145/2761/2216 680/834/732 2144/2760/2215
f 2145/2761/2216 1362/835/733 680/834/732
f 666/809/707 1362/835/733 2145/2761/2216
f 666/809/707 682/837/735 1362/835/733
f 665/808/706 682/837/735 666/809/707
f 665/808/706 681/836/734 682/837/735
f 1554/1945/1678 681/836/734 665/808/706
f 1554/1945/1678 1552/1942/1675 681/836/734
f 1556/1947/1680 1552/1942/1675 1554/1945/1678
f 1556/1947/1680 1553/1944/1677 1552/1942/1675
f 1638/2062/1757 1553/1944/1677 1556/1947/1680
f 1638/2062/1757 1633/2057/1752 1553/1944/1677
f 746/922/801 1633/2057/1752 1638/2062/1757
f 746/922/801 766/954/829 1633/2057/1752
f 1361/925/804 766/954/829 746/922/801
f 1361/925/804 1360/934/811 766/954/829
f 2146/2762/2217 670/813/711 669/812/710
f 2146/2762/2217 1563/1957/1685 670/813/711
f 2147/2763/2218 1563/1957/1685 2146/2762/2217
f 2147/2763/2218 1639/2063/1758 1563/1957/1685
f 749/926/805 1639/2063/1758 2147/2763/2218
f 749/926/805 1640/2064/1759 1639/2063/1758
f 1524/947/824 1640/2064/1759 749/926/805
f 1524/947/824 1564/1958/1686 1640/2064/1759
f 1525/2764/1655 1564/1958/1686 1524/947/824
f 1525/2764/1655 677/831/729 1564/1958/1686
f 2148/2765/1658 677/831/729 1525/2764/1655
f 2148/2765/1658 668/811/709 677/831/729
f 687/842/740 668/811/709 2148/2765/1658
f 687/842/740 683/838/736 668/811/709
f 1529/828/726 683/838/736 687/842/740
f 1529/828/726 684/839/737 683/838/736
f 666/809/707 685/840/738 667/810/708
f 666/809/707 683/838/736 685/840/738
f 2145/2761/2216 683/838/736 666/809/707
f 2145/2761/2216 668/811/709 683/838/736
f 2144/2760/2215 668/811/709 2145/2761/2216
f 2144/2760/2215 669/812/710 668/811/709
f 2143/2759/2214 669/812/710 2144/2760/2215
f 2143/2759/2214 2146/2762/2217 669/812/710
f 1635/2059/1754 2146/2762/2217 2143/2759/2214
f 1635/2059/1754 2147/2763/2218 2146/2762/2217
f 1634/2058/1753 2147/2763/2218 1635/2059/1754
f 1634/2058/1753 749/926/805 2147/2763/2218
f 1636/2060/1755 749/926/805 1634/2058/1753
f 1636/2060/1755 747/923/802 749/926/805
f 764/950/827 747/923/802 1636/2060/1755
f 764/950/827 748/924/803 747/923/802
f 757/939/816 748/924/803 764/950/827
f 1615/2766/1734 692/847/744 708/1972/766
f 1615/2766/1734 695/852/748 692/847/744
f 2149/2767/1735 695/852/748 1615/2766/1734
f 2149/2767/1735 1576/1975/1701 695/852/748
f 2150/2768/1736 1576/1975/1701 2149/2767/1735
f 2150/2768/1736 1578/1977/1703 1576/1975/1701
f 1616/2769/1737 1578/1977/1703 2150/2768/1736
f 1616/2769/1737 1580/1979/1705 1578/1977/1703
f 1617/860/756 1580/1979/1705 1616/2769/1737
f 1617/860/756 1582/1981/1707 1580/1979/1705
f 699/858/754 1582/1981/1707 1617/860/756
f 699/858/754 1583/1982/1708 1582/1981/1707
f 2151/2770/2219 1583/1982/1708 699/858/754
f 2151/2770/2219 1584/1983/1709 1583/1982/1708
f 2152/2771/2220 1584/1983/1709 2151/2770/2219
f 2152/2771/2220 1585/1984/1710 1584/1983/1709
f 2153/2772/2221 1585/1984/1710 2152/2771/2220
f 2153/2772/2221 1565/1959/1687 1585/1984/1710
f 2154/2773/2222 1565/1959/1687 2153/2772/2221
f 2154/2773/2222 1566/1960/1688 1565/1959/1687
f 2155/2774/2223 1566/1960/1688 2154/2773/2222
f 2155/2774/2223 1574/1973/1699 1566/1960/1688
f 2156/2775/2224 1574/1973/1699 2155/2774/2223
f 2156/2775/2224 698/856/752 1574/1973/1699
f 2157/2776/2225 698/856/752 2156/2775/2224
f 2157/2776/2225 753/857/753 698/856/752
f 2158/2777/2226 753/857/753 2157/2776/2225
f 2158/2777/2226 2159/2778/808 753/857/753
f 702/2779/759 2159/2778/808 2158/2777/2226
f 702/2779/759 2160/2780/761 2159/2778/808
f 2158/2777/2226 1573/1970/1698 702/2779/759
f 2158/2777/2226 1572/1969/1697 1573/1970/1698
f 2157/2776/2225 1572/1969/1697 2158/2777/2226
f 2157/2776/2225 1569/1964/1692 1572/1969/1697
f 2156/2775/2224 1569/1964/1692 2157/2776/2225
f 2156/2775/2224 1570/1966/1694 1569/1964/1692
f 2155/2774/2223 1570/1966/1694 2156/2775/2224
f 2155/2774/2223 1571/1968/1696 1570/1966/1694
f 2154/2773/2222 1571/1968/1696 2155/2774/2223
f 2154/2773/2222 694/849/745 1571/1968/1696
f 2153/2772/2221 694/849/745 2154/2773/2222
f 2153/2772/2221 690/845/743 694/849/745
f 2152/2771/2220 690/845/743 2153/2772/2221
f 2152/2771/2220 688/843/741 690/845/743
f 2151/2770/2219 688/843/741 2152/2771/2220
f 2151/2770/2219 699/858/754 688/843/741
f 2161/2781/2227 704/869/762 1619/2021/1738
f 2161/2781/2227 1586/1985/1711 704/869/762
f 2162/2782/2228 1586/1985/1711 2161/2781/2227
f 2162/2782/2228 1590/1990/1715 1586/1985/1711
f 2163/2783/2229 1590/1990/1715 2162/2782/2228
f 2163/2783/2229 1605/2005/1728 1590/1990/1715
f 2164/2784/2230 1605/2005/1728 2163/2783/2229
f 2164/2784/2230 1596/1996/1720 1605/2005/1728
f 2165/2785/2231 1596/1996/1720 2164/2784/2230
f 2165/2785/2231 1598/1998/1722 1596/1996/1720
f 2166/2786/2232 1598/1998/1722 2165/2785/2231
f 2166/2786/2232 1597/1997/1721 1598/1998/1722
f 701/863/758 1597/1997/1721 2166/2786/2232
f 701/863/758 1594/1994/1718 1597/1997/1721
f 700/862/755 1594/1994/1718 701/863/758
f 700/862/755 1593/1993/757 1594/1994/1718
f 2166/2786/2232 688/864/741 701/863/758
f 2166/2786/2232 689/2787/742 688/864/741
f 2165/2785/2231 689/2787/742 2166/2786/2232
f 2165/2785/2231 1612/2012/747 689/2787/742
f 2164/2784/2230 1612/2012/747 2165/2785/2231
f 2164/2784/2230 1609/2009/1731 1612/2012/747
f 2163/2783/2229 1609/2009/1731 2164/2784/2230
f 2163/2783/2229 1607/2007/1730 1609/2009/1731
f 2162/2782/2228 1607/2007/1730 2163/2783/2229
f 2162/2782/2228 1603/2003/1727 1607/2007/1730
f 2161/2781/2227 1603/2003/1727 2162/2782/2228
f 2161/2781/2227 1588/1987/1713 1603/2003/1727
f 1619/2021/1738 1588/1987/1713 2161/2781/2227
f 1619/2021/1738 703/866/760 1588/1987/1713
f 1618/2020/696 703/866/760 1619/2021/1738
f 1618/2020/696 2160/867/761 703/866/760
f 2167/2788/2233 2168/2789/2234 2169/2790/2235
f 2167/2788/2233 2170/2791/2236 2168/2789/2234
f 2171/2792/2237 2170/2791/2236 2167/2788/2233
f 2171/2792/2237 2172/2793/2238 2170/2791/2236
f 2173/2794/2239 2172/2793/2238 2171/2792/2237
f 2173/2794/2239 2174/2795/2240 2172/2793/2238
f 2175/2796/2241 2174/2795/2240 2173/2794/2239
f 2175/2796/2241 2176/2797/2242 2174/2795/2240
f 2177/2798/2243 2176/2797/2242 2175/2796/2241
f 2177/2798/2243 2178/2799/2244 2176/2797/2242
f 2179/2800/2245 2178/2799/2244 2177/2798/2243
f 2179/2800/2245 2180/2801/2246 2178/2799/2244
f 1620/2802/1739 2180/2801/2246 2179/2800/2245
f 1620/2802/1739 2181/2803/2247 2180/2801/2246
f 1621/2804/1740 2181/2803/2247 1620/2802/1739
f 1621/2804/1740 2182/2805/2248 2181/2803/2247
f 1622/2806/1741 2182/2805/2248 1621/2804/1740
f 1622/2806/1741 2183/2807/2249 2182/2805/2248
f 2184/2808/1742 2183/2807/2249 1622/2806/1741
f 2184/2808/1742 2185/2809/2250 2183/2807/2249
f 2186/2810/2251 2185/2809/2250 2184/2808/1742
f 2186/2810/2251 2187/2811/2252 2185/2809/2250
f 2169/2790/2235 2187/2811/2252 2186/2810/2251
f 2169/2790/2235 2168/2789/2234 2187/2811/2252
f 656/2812/698 2184/2808/1742 1618/2813/696
f 656/2812/698 2186/2810/2251 2184/2808/1742
f 2188/2814/636 2186/2810/2251 656/2812/698
f 2188/2814/636 2169/2790/2235 2186/2810/2251
f 2189/2815/635 2169/2790/2235 2188/2814/636
f 2189/2815/635 2167/2788/2233 2169/2790/2235
f 2190/2816/638 2167/2788/2233 2189/2815/635
f 2190/2816/638 2171/2792/2237 2167/2788/2233
f 625/2817/659 2171/2792/2237 2190/2816/638
f 625/2817/659 2173/2794/2239 2171/2792/2237
f 2191/2818/1639 2173/2794/2239 625/2817/659
f 2191/2818/1639 2175/2796/2241 2173/2794/2239
f 1513/2819/1644 2175/2796/2241 2191/2818/1639
f 1513/2819/1644 2177/2798/2243 2175/2796/2241
f 1515/2820/1646 2177/2798/2243 1513/2819/1644
f 1515/2820/1646 2179/2800/2245 2177/2798/2243
f 1620/2802/1739 2179/2800/2245 1515/2820/1646
f 2192/2821/2253 710/878/768 2193/2822/2254
f 2192/2821/2253 2194/2823/1683 710/878/768
f 2195/2824/2255 2194/2823/1683 2192/2821/2253
f 2195/2824/2255 1559/2825/1682 2194/2823/1683
f 2196/2826/2256 1559/2825/1682 2195/2824/2255
f 2196/2826/2256 2197/2827/1743 1559/2825/1682
f 2198/2828/2257 2197/2827/1743 2196/2826/2256
f 2198/2828/2257 2199/2829/2258 2197/2827/1743
f 2200/2830/2259 2199/2829/2258 2198/2828/2257
f 2200/2830/2259 2201/2831/2260 2199/2829/2258
f 2202/2832/2261 2201/2831/2260 2200/2830/2259
f 2202/2832/2261 2203/2833/2262 2201/2831/2260
f 2204/2834/2263 2203/2833/2262 2202/2832/2261
f 2204/2834/2263 2205/2835/2264 2203/2833/2262
f 2206/2836/2265 2205/2835/2264 2204/2834/2263
f 2206/2836/2265 2207/2837/2266 2205/2835/2264
f 2208/2838/2267 2207/2837/2266 2206/2836/2265
f 2208/2838/2267 2209/2839/2268 2207/2837/2266
f 2210/2840/2269 2209/2839/2268 2208/2838/2267
f 2210/2840/2269 2211/2841/2270 2209/2839/2268
f 2212/2842/2271 2211/2841/2270 2210/2840/2269
f 2212/2842/2271 712/880/770 2211/2841/2270
f 2193/2822/2254 712/880/770 2212/2842/2271
f 2193/2822/2254 710/878/768 712/880/770
f 2213/2843/2169 712/880/770 711/879/769
f 2213/2843/2169 2211/2841/2270 712/880/770
f 2214/2844/2167 2211/2841/2270 2213/2843/2169
f 2214/2844/2167 2209/2839/2268 2211/2841/2270
f 2092/2845/2166 2209/2839/2268 2214/2844/2167
f 2092/2845/2166 2207/2837/2266 2209/2839/2268
f 2091/2846/2165 2207/2837/2266 2092/2845/2166
f 2091/2846/2165 2205/2835/2264 2207/2837/2266
f 602/2847/631 2205/2835/2264 2091/2846/2165
f 602/2847/631 2203/2833/2262 2205/2835/2264
f 604/2848/633 2203/2833/2262 602/2847/631
f 604/2848/633 2201/2831/2260 2203/2833/2262
f 646/2849/683 2201/2831/2260 604/2848/633
f 646/2849/683 2199/2829/2258 2201/2831/2260
f 1623/2850/685 2199/2829/2258 646/2849/683
f 1623/2850/685 2197/2827/1743 2199/2829/2258
f 794/917/798 732/905/788 628/903/663
f 794/917/798 715/883/773 732/905/788
f 784/977/846 715/883/773 794/917/798
f 784/977/846 769/958/833 715/883/773
f 783/976/845 769/958/833 784/977/846
f 783/976/845 786/979/848 769/958/833
f 780/973/842 786/979/848 783/976/845
f 780/973/842 773/962/835 786/979/848
f 787/980/849 773/962/835 780/973/842
f 787/980/849 768/957/832 773/962/835
f 1645/2069/1763 768/957/832 787/980/849
f 1645/2069/1763 2215/2851/776 768/957/832
f 1646/2070/1764 2215/2851/776 1645/2069/1763
f 1646/2070/1764 2216/2852/2272 2215/2851/776
f 1647/2073/1765 2216/2852/2272 1646/2070/1764
f 1647/2073/1765 2217/2853/2273 2216/2852/2272
f 718/887/775 719/890/777 651/885/692
f 718/887/775 729/901/785 719/890/777
f 741/915/797 729/901/785 718/887/775
f 741/915/797 730/902/786 729/901/785
f 2218/2854/2274 730/902/786 741/915/797
f 2218/2854/2274 727/899/783 730/902/786
f 2219/2855/2275 727/899/783 2218/2854/2274
f 2219/2855/2275 725/897/781 727/899/783
f 738/911/794 725/897/781 2219/2855/2275
f 738/911/794 740/913/796 725/897/781
f 739/912/795 740/913/796 738/911/794
f 739/912/795 719/890/777 740/913/796
f 1626/2044/1746 719/890/777 739/912/795
f 1626/2044/1746 724/2046/780 719/890/777
f 1627/2045/1747 724/2046/780 1626/2044/1746
f 1627/2045/1747 1628/2047/1748 724/2046/780
f 1629/2050/1749 1628/2047/1748 1627/2045/1747
f 1629/2050/1749 1631/2052/1751 1628/2047/1748
f 723/894/671 2218/2854/2274 741/915/797
f 723/894/671 2219/2855/2275 2218/2854/2274
f 720/891/778 2219/2855/2275 723/894/671
f 720/891/778 738/911/794 2219/2855/2275
f 722/893/779 738/911/794 720/891/778
f 722/893/779 736/909/792 738/911/794
f 733/906/789 736/909/792 722/893/779
f 733/906/789 734/907/790 736/909/792
f 716/884/774 734/907/790 733/906/789
f 716/884/774 735/908/791 734/907/790
f 714/882/772 735/908/791 716/884/774
f 714/882/772 737/910/793 735/908/791
f 2215/2851/776 737/910/793 714/882/772
f 2215/2851/776 1624/2042/1744 737/910/793
f 2216/2852/2272 1624/2042/1744 2215/2851/776
f 2216/2852/2272 1625/2043/1745 1624/2042/1744
f 2217/2853/2273 1625/2043/1745 2216/2852/2272
f 2217/2853/2273 1630/2051/1750 1625/2043/1745
f 742/2856/665 784/977/846 794/917/798
f 742/2856/665 785/978/847 784/977/846
f 631/971/667 785/978/847 742/2856/665
f 631/971/667 781/974/843 785/978/847
f 778/968/840 781/974/843 631/971/667
f 778/968/840 782/975/844 781/974/843
f 775/965/837 782/975/844 778/968/840
f 775/965/837 797/991/857 782/975/844
f 777/967/839 797/991/857 775/965/837
f 777/967/839 795/988/856 797/991/857
f 793/987/855 795/988/856 777/967/839
f 793/987/855 790/983/852 795/988/856
f 792/986/854 790/983/852 793/987/855
f 792/986/854 791/984/853 790/983/852
f 776/966/838 791/984/853 792/986/854
f 776/966/838 779/970/649 791/984/853
f 775/965/837 779/970/649 776/966/838
f 775/965/837 778/968/840 779/970/649
f 2220/2857/2276 2108/2858/2184 2109/2859/2185
f 2220/2857/2276 2107/2860/570 2108/2858/2184
f 805/1002/864 2107/2860/570 2220/2857/2276
f 805/1002/864 2221/2861/565 2107/2860/570
f 807/1004/866 2221/2861/565 805/1002/864
f 807/1004/866 548/2862/566 2221/2861/565
f 1654/2081/1772 548/2862/566 807/1004/866
f 1654/2081/1772 549/2863/567 548/2862/566
f 1653/2080/1771 549/2863/567 1654/2081/1772
f 1653/2080/1771 2222/2864/568 549/2863/567
f 1651/2078/1769 2222/2864/568 1653/2080/1771
f 1651/2078/1769 2223/2865/2277 2222/2864/568
f 814/1010/872 2223/2865/2277 1651/2078/1769
f 814/1010/872 2224/2866/2278 2223/2865/2277
f 801/997/862 2224/2866/2278 814/1010/872
f 801/997/862 2225/2867/2279 2224/2866/2278
f 800/996/861 2225/2867/2279 801/997/862
f 800/996/861 2226/2868/2280 2225/2867/2279
f 813/1009/871 2226/2868/2280 800/996/861
f 813/1009/871 2227/2869/2281 2226/2868/2280
f 812/1008/870 2227/2869/2281 813/1009/871
f 812/1008/870 2228/2870/2282 2227/2869/2281
f 809/1006/868 2228/2870/2282 812/1008/870
f 809/1006/868 2229/2871/2283 2228/2870/2282
f 810/1007/869 2229/2871/2283 809/1006/868
f 810/1007/869 2230/2872/2284 2229/2871/2283
f 1656/2083/1774 2230/2872/2284 810/1007/869
f 1656/2083/1774 2231/2873/581 2230/2872/2284
f 1655/2082/1773 2231/2873/581 1656/2083/1774
f 1655/2082/1773 661/2874/594 2231/2873/581
f 802/994/859 661/2874/594 1655/2082/1773
f 826/1022/884 835/1031/893 1676/2106/1797
f 826/1022/884 833/1029/891 835/1031/893
f 825/1021/883 833/1029/891 826/1022/884
f 825/1021/883 828/1024/886 833/1029/891
f 823/1019/881 828/1024/886 825/1021/883
f 823/1019/881 829/1025/887 828/1024/886
f 818/1014/876 829/1025/887 823/1019/881
f 818/1014/876 2232/2875/2285 829/1025/887
f 816/1012/874 2232/2875/2285 818/1014/876
f 816/1012/874 2233/2876/2286 2232/2875/2285
f 815/1011/873 2233/2876/2286 816/1012/874
f 815/1011/873 2234/2877/2287 2233/2876/2286
f 821/1017/879 2234/2877/2287 815/1011/873
f 821/1017/879 2235/2878/2288 2234/2877/2287
f 1657/2084/1775 2235/2878/2288 821/1017/879
f 1657/2084/1775 2236/2879/2289 2235/2878/2288
f 1674/2103/1794 2236/2879/2289 1657/2084/1775
f 1674/2103/1794 2237/2880/2290 2236/2879/2289
f 1673/2102/1793 2237/2880/2290 1674/2103/1794
f 1676/2106/1797 1664/2091/1782 1659/2086/1777
f 1676/2106/1797 1677/2107/1798 1664/2091/1782
f 835/1031/893 1677/2107/1798 1676/2106/1797
f 835/1031/893 2238/2881/2291 1677/2107/1798
f 834/1030/892 2238/2881/2291 835/1031/893
f 834/1030/892 2239/2882/2292 2238/2881/2291
f 2240/2883/2293 2239/2882/2292 834/1030/892
f 2240/2883/2293 2241/2884/2294 2239/2882/2292
f 2242/2885/2295 2241/2884/2294 2240/2883/2293
f 2242/2885/2295 2243/2886/2296 2241/2884/2294
f 2244/2887/2297 2243/2886/2296 2242/2885/2295
f 2244/2887/2297 2245/2888/2298 2243/2886/2296
f 2246/2889/2299 2245/2888/2298 2244/2887/2297
f 2246/2889/2299 2247/2890/2300 2245/2888/2298
f 2248/2891/2301 2247/2890/2300 2246/2889/2299
f 2248/2891/2301 2249/2892/2302 2247/2890/2300
f 2250/2893/2303 2249/2892/2302 2248/2891/2301
f 2250/2893/2303 2251/2894/2304 2249/2892/2302
f 2252/2895/2305 2251/2894/2304 2250/2893/2303
f 2252/2895/2305 2253/2896/2306 2251/2894/2304
f 2254/2897/2307 2253/2896/2306 2252/2895/2305
f 2254/2897/2307 2255/2898/2308 2253/2896/2306
f 2256/2899/2309 2255/2898/2308 2254/2897/2307
f 2256/2899/2309 2257/2900/2310 2255/2898/2308
f 2234/2877/2287 2257/2900/2310 2256/2899/2309
f 2234/2877/2287 2235/2878/2288 2257/2900/2310
f 2238/2881/2291 1668/2097/1788 1677/2107/1798
f 2238/2881/2291 1665/2093/1784 1668/2097/1788
f 2239/2882/2292 1665/2093/1784 2238/2881/2291
f 2239/2882/2292 1667/2095/1786 1665/2093/1784
f 2241/2884/2294 1667/2095/1786 2239/2882/2292
f 2241/2884/2294 1675/2104/1795 1667/2095/1786
f 2243/2886/2296 1675/2104/1795 2241/2884/2294
f 2243/2886/2296 2258/2901/2311 1675/2104/1795
f 2245/2888/2298 2258/2901/2311 2243/2886/2296
f 2245/2888/2298 2259/2902/2312 2258/2901/2311
f 2247/2890/2300 2259/2902/2312 2245/2888/2298
f 2247/2890/2300 2260/2903/2313 2259/2902/2312
f 2249/2892/2302 2260/2903/2313 2247/2890/2300
f 2249/2892/2302 2261/2904/2314 2260/2903/2313
f 2251/2894/2304 2261/2904/2314 2249/2892/2302
f 2251/2894/2304 2262/2905/2315 2261/2904/2314
f 2253/2896/2306 2262/2905/2315 2251/2894/2304
f 2253/2896/2306 2263/2906/2316 2262/2905/2315
f 2255/2898/2308 2263/2906/2316 2253/2896/2306
f 2255/2898/2308 2264/2907/2317 2263/2906/2316
f 2257/2900/2310 2264/2907/2317 2255/2898/2308
f 2257/2900/2310 2265/2908/2318 2264/2907/2317
f 2235/2878/2288 2265/2908/2318 2257/2900/2310
f 2235/2878/2288 2236/2879/2289 2265/2908/2318
f 2258/2901/2311 2282/2105/1796 1675/2104/1795
f 2258/2901/2311 2285/2909/1807 2282/2105/1796
f 2259/2902/2312 2285/2909/1807 2258/2901/2311
f 2259/2902/2312 2266/2910/1805 2285/2909/1807
f 2260/2903/2313 2266/2910/1805 2259/2902/2312
f 2260/2903/2313 1679/2911/1801 2266/2910/1805
f 2261/2904/2314 1679/2911/1801 2260/2903/2313
f 2261/2904/2314 2267/2912/1799 1679/2911/1801
f 2262/2905/2315 2267/2912/1799 2261/2904/2314
f 2262/2905/2315 1681/2913/1803 2267/2912/1799
f 2263/2906/2316 1681/2913/1803 2262/2905/2315
f 2263/2906/2316 1684/2914/1810 1681/2913/1803
f 2264/2907/2317 1684/2914/1810 2263/2906/2316
f 2264/2907/2317 2286/2915/896 1684/2914/1810
f 2265/2908/2318 2286/2915/896 2264/2907/2317
f 2265/2908/2318 2268/2916/894 2286/2915/896
f 2236/2879/2289 2268/2916/894 2265/2908/2318
f 2236/2879/2289 2237/2880/2290 2268/2916/894
f 1661/2088/1779 2232/2875/2285 2233/2876/2286
f 1661/2088/1779 829/1025/887 2232/2875/2285
f 1660/2087/1778 829/1025/887 1661/2088/1779
f 1660/2087/1778 827/1023/885 829/1025/887
f 1662/2089/1780 827/1023/885 1660/2087/1778
f 1662/2089/1780 2269/2917/2319 827/1023/885
f 830/1026/888 2269/2917/2319 1662/2089/1780
f 830/1026/888 2270/2918/2320 2269/2917/2319
f 832/1028/890 2270/2918/2320 830/1026/888
f 832/1028/890 2271/2919/2321 2270/2918/2320
f 831/1027/889 2271/2919/2321 832/1028/890
f 831/1027/889 2272/2920/2322 2271/2919/2321
f 1663/2090/1781 2272/2920/2322 831/1027/889
f 1663/2090/1781 2273/2921/2323 2272/2920/2322
f 1661/2088/1779 2273/2921/2323 1663/2090/1781
f 1661/2088/1779 2274/2922/2324 2273/2921/2323
f 2233/2876/2286 2274/2922/2324 1661/2088/1779
f 2233/2876/2286 2256/2899/2309 2274/2922/2324
f 2234/2877/2287 2256/2899/2309 2233/2876/2286
f 828/1024/886 834/1030/892 833/1029/891
f 828/1024/886 2240/2883/2293 834/1030/892
f 827/1023/885 2240/2883/2293 828/1024/886
f 827/1023/885 2242/2885/2295 2240/2883/2293
f 2269/2917/2319 2242/2885/2295 827/1023/885
f 2269/2917/2319 2244/2887/2297 2242/2885/2295
f 2270/2918/2320 2244/2887/2297 2269/2917/2319
f 2270/2918/2320 2246/2889/2299 2244/2887/2297
f 2271/2919/2321 2246/2889/2299 2270/2918/2320
f 2271/2919/2321 2248/2891/2301 2246/2889/2299
f 2272/2920/2322 2248/2891/2301 2271/2919/2321
f 2272/2920/2322 2250/2893/2303 2248/2891/2301
f 2273/2921/2323 2250/2893/2303 2272/2920/2322
f 2273/2921/2323 2252/2895/2305 2250/2893/2303
f 2274/2922/2324 2252/2895/2305 2273/2921/2323
f 2274/2922/2324 2254/2897/2307 2252/2895/2305
f 2256/2899/2309 2254/2897/2307 2274/2922/2324
f 2268/1032/894 2275/2923/2325 836/1033/895
f 2268/1032/894 2276/2924/2326 2275/2923/2325
f 2237/2925/2290 2276/2924/2326 2268/1032/894
f 2237/2925/2290 2277/2926/2327 2276/2924/2326
f 1673/2927/1793 2277/2926/2327 2237/2925/2290
f 1673/2927/1793 2278/2928/2328 2277/2926/2327
f 1671/2929/1791 2278/2928/2328 1673/2927/1793
f 1671/2929/1791 839/2930/899 2278/2928/2328
f 1669/2931/1789 839/2930/899 1671/2929/1791
f 1669/2931/1789 837/2932/897 839/2930/899
f 2279/2933/1787 837/2932/897 1669/2931/1789
f 2279/2933/1787 838/2934/898 837/2932/897
f 2280/2935/1783 838/2934/898 2279/2933/1787
f 2280/2935/1783 2281/2936/2329 838/2934/898
f 1666/2937/1785 2281/2936/2329 2280/2935/1783
f 1666/2937/1785 2283/2938/2330 2281/2936/2329
f 2282/2939/1796 2283/2938/2330 1666/2937/1785
f 2282/2939/1796 2284/2940/2331 2283/2938/2330
f 2285/2116/1807 2284/2940/2331 2282/2939/1796
f 838/1036/898 2278/2941/2328 839/1037/899
f 838/1036/898 2277/2942/2327 2278/2941/2328
f 2281/2943/2329 2277/2942/2327 838/1036/898
f 2281/2943/2329 2276/2944/2326 2277/2942/2327
f 2283/2945/2330 2276/2944/2326 2281/2943/2329
f 2283/2945/2330 2275/2946/2325 2276/2944/2326
f 2284/2947/2331 2275/2946/2325 2283/2945/2330
f 2284/2947/2331 836/2948/895 2275/2946/2325
f 2285/2949/1807 836/2948/895 2284/2947/2331
f 2285/2949/1807 2286/2950/896 836/2948/895
f 1682/2951/1808 2286/2950/896 2285/2949/1807
f 1682/2951/1808 2287/2952/1811 2286/2950/896
f 2288/2953/1806 2287/2952/1811 1682/2951/1808
f 2288/2953/1806 1683/2954/1809 2287/2952/1811
f 1680/2955/1802 1683/2954/1809 2288/2953/1806
f 1680/2955/1802 2289/2956/1804 1683/2954/1809
f 1678/2957/1800 2289/2956/1804 1680/2955/1802
f 2290/2958/1827 847/1052/906 1695/2959/1821
f 2290/2958/1827 845/1050/904 847/1052/906
f 1701/2960/1829 845/1050/904 2290/2958/1827
f 1701/2960/1829 846/1051/905 845/1050/904
f 1750/2961/1828 846/1051/905 1701/2960/1829
f 1750/2961/1828 1688/2126/1813 846/1051/905
f 2291/2962/1877 1688/2126/1813 1750/2961/1828
f 2291/2962/1877 850/1055/909 1688/2126/1813
f 1756/2963/1882 850/1055/909 2291/2962/1877
f 1756/2963/1882 848/1053/907 850/1055/909
f 2292/2964/1880 848/1053/907 1756/2963/1882
f 2292/2964/1880 849/1054/908 848/1053/907
f 2293/2965/1819 849/1054/908 2292/2964/1880
f 2293/2965/1819 1689/2127/1814 849/1054/908
f 1695/2959/1821 1689/2127/1814 2293/2965/1819
f 1695/2959/1821 847/1052/906 1689/2127/1814
f 928/1075/929 970/2131/1034 943/2966/1006
f 928/1075/929 1691/2129/1816 970/2131/1034
f 856/1061/915 1691/2129/1816 928/1075/929
f 856/1061/915 1692/2130/1817 1691/2129/1816
f 855/1060/914 1692/2130/1817 856/1061/915
f 855/1060/914 1703/2146/1831 1692/2130/1817
f 857/1062/916 1703/2146/1831 855/1060/914
f 857/1062/916 1702/2145/1830 1703/2146/1831
f 859/1064/918 1702/2145/1830 857/1062/916
f 859/1064/918 1697/2137/1823 1702/2145/1830
f 1690/2128/1815 1697/2137/1823 859/1064/918
f 1690/2128/1815 1698/2138/1020 1697/2137/1823
f 863/1068/922 1698/2138/1020 1690/2128/1815
f 863/1068/922 958/2967/1021 1698/2138/1020
f 862/1067/921 958/2967/1021 863/1068/922
f 862/1067/921 2294/2968/1037 958/2967/1021
f 1715/2165/1843 934/1151/997 1737/2187/1865
f 1715/2165/1843 942/1159/1005 934/1151/997
f 1713/2163/1841 942/1159/1005 1715/2165/1843
f 1713/2163/1841 923/1138/988 942/1159/1005
f 1724/2174/1852 923/1138/988 1713/2163/1841
f 1724/2174/1852 1734/2184/1862 923/1138/988
f 1725/2175/1853 1734/2184/1862 1724/2174/1852
f 1725/2175/1853 2295/2969/2332 1734/2184/1862
f 1712/2162/1840 2295/2969/2332 1725/2175/1853
f 1712/2162/1840 2296/2970/2333 2295/2969/2332
f 1714/2164/1842 2296/2970/2333 1712/2162/1840
f 1714/2164/1842 946/1164/1009 2296/2970/2333
f 1736/2186/1864 946/1164/1009 1714/2164/1842
f 1736/2186/1864 874/1165/936 946/1164/1009
f 1737/2187/1865 874/1165/936 1736/2186/1864
f 1737/2187/1865 875/2971/937 874/1165/936
f 934/1151/997 875/2971/937 1737/2187/1865
f 934/1151/997 920/1132/939 875/2971/937
f 935/1152/998 920/1132/939 934/1151/997
f 935/1152/998 921/1133/986 920/1132/939
f 2297/2972/2334 921/1133/986 935/1152/998
f 2297/2972/2334 2298/2973/2335 921/1133/986
f 2299/2974/2336 2298/2973/2335 2297/2972/2334
f 2299/2974/2336 2300/2975/2337 2298/2973/2335
f 2301/2976/2338 2300/2975/2337 2299/2974/2336
f 2301/2976/2338 2302/2977/2339 2300/2975/2337
f 2303/2978/2340 2302/2977/2339 2301/2976/2338
f 2303/2978/2340 2304/2979/2341 2302/2977/2339
f 2305/2980/2342 2304/2979/2341 2303/2978/2340
f 2305/2980/2342 2306/2981/2343 2304/2979/2341
f 2307/2982/2344 2306/2981/2343 2305/2980/2342
f 2307/2982/2344 922/1136/987 2306/2981/2343
f 2308/2983/2345 922/1136/987 2307/2982/2344
f 2308/2983/2345 889/1137/953 922/1136/987
f 2309/2984/1024 889/1137/953 2308/2983/2345
f 1739/2189/1867 944/1161/1007 926/1141/942
f 1739/2189/1867 2310/2985/2346 944/1161/1007
f 1738/2188/1866 2310/2985/2346 1739/2189/1867
f 1738/2188/1866 2311/2986/2347 2310/2985/2346
f 2312/2987/2348 2311/2986/2347 1738/2188/1866
f 2312/2987/2348 2313/2988/2349 2311/2986/2347
f 2314/2989/2350 2313/2988/2349 2312/2987/2348
f 2314/2989/2350 2315/2990/2351 2313/2988/2349
f 2316/2991/2352 2315/2990/2351 2314/2989/2350
f 2316/2991/2352 2317/2992/2353 2315/2990/2351
f 2318/2993/2354 2317/2992/2353 2316/2991/2352
f 2318/2993/2354 2319/2994/2355 2317/2992/2353
f 929/1145/992 2319/2994/2355 2318/2993/2354
f 929/1145/992 2320/2995/2356 2319/2994/2355
f 943/1160/1006 2320/2995/2356 929/1145/992
f 943/1160/1006 962/2996/1025 2320/2995/2356
f 930/1147/993 917/1128/982 1748/2198/1876
f 930/1147/993 1729/2179/1857 917/1128/982
f 932/1149/995 1729/2179/1857 930/1147/993
f 932/1149/995 940/1157/1003 1729/2179/1857
f 1723/2173/1851 940/1157/1003 932/1149/995
f 1723/2173/1851 941/1158/1004 940/1157/1003
f 1722/2172/1850 941/1158/1004 1723/2173/1851
f 1722/2172/1850 919/1130/984 941/1158/1004
f 1721/2171/1849 919/1130/984 1722/2172/1850
f 1721/2171/1849 915/1126/980 919/1130/984
f 945/1162/1008 915/1126/980 1721/2171/1849
f 945/1162/1008 956/1131/985 915/1126/980
f 944/1161/1007 956/1131/985 945/1162/1008
f 944/1161/1007 962/2996/1025 956/1131/985
f 2310/2985/2346 962/2996/1025 944/1161/1007
f 2310/2985/2346 2320/2995/2356 962/2996/1025
f 2311/2986/2347 2320/2995/2356 2310/2985/2346
f 2311/2986/2347 2319/2994/2355 2320/2995/2356
f 2313/2988/2349 2319/2994/2355 2311/2986/2347
f 2313/2988/2349 2317/2992/2353 2319/2994/2355
f 2315/2990/2351 2317/2992/2353 2313/2988/2349
f 1716/2166/1844 1738/2188/1866 1731/2181/1859
f 1716/2166/1844 2312/2987/2348 1738/2188/1866
f 1718/2168/1846 2312/2987/2348 1716/2166/1844
f 1718/2168/1846 2314/2989/2350 2312/2987/2348
f 1719/2169/1847 2314/2989/2350 1718/2168/1846
f 1719/2169/1847 2316/2991/2352 2314/2989/2350
f 1717/2167/1845 2316/2991/2352 1719/2169/1847
f 1717/2167/1845 2318/2993/2354 2316/2991/2352
f 1730/2180/1858 2318/2993/2354 1717/2167/1845
f 1730/2180/1858 929/1145/992 2318/2993/2354
f 1732/2182/1860 929/1145/992 1730/2180/1858
f 1732/2182/1860 896/1146/960 929/1145/992
f 1733/2183/1861 896/1146/960 1732/2182/1860
f 1733/2183/1861 908/2997/973 896/1146/960
f 1739/2189/1867 908/2997/973 1733/2183/1861
f 1739/2189/1867 926/1141/942 908/2997/973
f 901/1134/965 1744/2194/1872 873/1166/935
f 901/1134/965 1745/2195/1873 1744/2194/1872
f 921/1133/986 1745/2195/1873 901/1134/965
f 921/1133/986 1740/2190/1868 1745/2195/1873
f 2298/2973/2335 1740/2190/1868 921/1133/986
f 2298/2973/2335 1741/2191/1869 1740/2190/1868
f 2300/2975/2337 1741/2191/1869 2298/2973/2335
f 2300/2975/2337 1747/2197/1875 1741/2191/1869
f 2302/2977/2339 1747/2197/1875 2300/2975/2337
f 2302/2977/2339 1746/2196/1874 1747/2197/1875
f 2304/2979/2341 1746/2196/1874 2302/2977/2339
f 2304/2979/2341 1743/2193/1871 1746/2196/1874
f 2306/2981/2343 1743/2193/1871 2304/2979/2341
f 2306/2981/2343 1742/2192/1870 1743/2193/1871
f 922/1136/987 1742/2192/1870 2306/2981/2343
f 922/1136/987 1744/2194/1872 1742/2192/1870
f 873/1166/935 1744/2194/1872 922/1136/987
f 2301/2976/2338 2305/2980/2342 2303/2978/2340
f 2301/2976/2338 2307/2982/2344 2305/2980/2342
f 2299/2974/2336 2307/2982/2344 2301/2976/2338
f 2299/2974/2336 2308/2983/2345 2307/2982/2344
f 2297/2972/2334 2308/2983/2345 2299/2974/2336
f 2297/2972/2334 2309/2984/1024 2308/2983/2345
f 935/1152/998 2309/2984/1024 2297/2972/2334
f 935/1152/998 947/1167/1010 2309/2984/1024
f 933/1150/996 947/1167/1010 935/1152/998
f 933/1150/996 948/1168/1011 947/1167/1010
f 925/1140/990 948/1168/1011 933/1150/996
f 925/1140/990 2321/2998/2357 948/1168/1011
f 924/1139/989 2321/2998/2357 925/1140/990
f 924/1139/989 2322/2999/2358 2321/2998/2357
f 1735/2185/1863 2322/2999/2358 924/1139/989
f 1735/2185/1863 2295/2969/2332 2322/2999/2358
f 1734/2184/1862 2295/2969/2332 1735/2185/1863
f 1748/2198/1876 931/1148/994 930/1147/993
f 1748/2198/1876 1720/2170/1848 931/1148/994
f 1726/2176/1854 1720/2170/1848 1748/2198/1876
f 1726/2176/1854 927/1142/991 1720/2170/1848
f 1727/2177/1855 927/1142/991 1726/2176/1854
f 1727/2177/1855 895/1143/959 927/1142/991
f 1728/2178/1856 895/1143/959 1727/2177/1855
f 1728/2178/1856 2323/3000/966 895/1143/959
f 914/1125/979 2323/3000/966 1728/2178/1856
f 914/1125/979 878/1163/941 2323/3000/966
f 913/1124/978 878/1163/941 914/1125/979
f 913/1124/978 946/1164/1009 878/1163/941
f 948/1168/1011 946/1164/1009 913/1124/978
f 948/1168/1011 2296/2970/2333 946/1164/1009
f 2321/2998/2357 2296/2970/2333 948/1168/1011
f 2321/2998/2357 2295/2969/2332 2296/2970/2333
f 2322/2999/2358 2295/2969/2332 2321/2998/2357
f 2324/3001/1887 975/1204/1040 1766/3002/1893
f 2324/3001/1887 973/1202/1038 975/1204/1040
f 1763/3003/1889 973/1202/1038 2324/3001/1887
f 1763/3003/1889 1757/2212/1883 973/1202/1038
f 2325/3004/1929 1757/2212/1883 1763/3003/1889
f 2325/3004/1929 977/1206/1042 1757/2212/1883
f 2326/3005/1930 977/1206/1042 2325/3004/1929
f 2326/3005/1930 978/1207/1043 977/1206/1042
f 1804/3006/1927 978/1207/1043 2326/3005/1930
f 1804/3006/1927 976/1205/1041 978/1207/1043
f 1769/3007/1896 976/1205/1041 1804/3006/1927
f 1769/3007/1896 1758/2213/1884 976/1205/1041
f 1768/3008/1895 1758/2213/1884 1769/3007/1896
f 1768/3008/1895 974/1203/1039 1758/2213/1884
f 1766/3002/1893 974/1203/1039 1768/3008/1895
f 1766/3002/1893 975/1204/1040 974/1203/1039
f 1118/1251/1087 1777/1270/1106 2327/3009/1191
f 1118/1251/1087 1775/1211/1047 1777/1270/1106
f 1012/1250/1086 1775/1211/1047 1118/1251/1087
f 1012/1250/1086 981/1210/1046 1775/1211/1047
f 1015/1254/1090 981/1210/1046 1012/1250/1086
f 1015/1254/1090 1031/1275/1111 981/1210/1046
f 1006/1243/1079 1031/1275/1111 1015/1254/1090
f 1006/1243/1079 1032/1276/1112 1031/1275/1111
f 994/1230/1066 1032/1276/1112 1006/1243/1079
f 994/1230/1066 1760/2216/1885 1032/1276/1112
f 999/1235/1071 1760/2216/1885 994/1230/1066
f 999/1235/1071 997/1233/1069 1760/2216/1885
f 1000/1237/1073 997/1233/1069 999/1235/1071
f 1000/1237/1073 998/1234/1070 997/1233/1069
f 1029/1273/1109 998/1234/1070 1000/1237/1073
f 1029/1273/1109 1771/2229/1898 998/1234/1070
f 1125/2214/1201 1771/2229/1898 1029/1273/1109
f 1072/1319/1154 1093/1342/1173 1073/1320/1155
f 1072/1319/1154 1092/1340/1172 1093/1342/1173
f 1062/1309/1144 1092/1340/1172 1072/1319/1154
f 1062/1309/1144 1076/1323/1157 1092/1340/1172
f 1061/1308/1143 1076/1323/1157 1062/1309/1144
f 1061/1308/1143 1058/1305/1140 1076/1323/1157
f 2328/3010/2359 1058/1305/1140 1061/1308/1143
f 2328/3010/2359 1059/1306/1141 1058/1305/1140
f 2329/3011/2360 1059/1306/1141 2328/3010/2359
f 2329/3011/2360 1055/1302/1137 1059/1306/1141
f 1093/1342/1173 1055/1302/1137 2329/3011/2360
f 1093/1342/1173 1056/1303/1138 1055/1302/1137
f 1097/1347/1064 1056/1303/1138 1093/1342/1173
f 1097/1347/1064 2330/3012/2361 1056/1303/1138
f 2331/3013/1099 2330/3012/2361 1097/1347/1064
f 2331/3013/1099 1799/2261/1923 2330/3012/2361
f 1102/1352/1060 1799/2261/1923 2331/3013/1099
f 1102/1352/1060 1798/2260/1922 1799/2261/1923
f 1101/1351/1177 1798/2260/1922 1102/1352/1060
f 1101/1351/1177 1794/2256/1918 1798/2260/1922
f 2332/3014/2362 1794/2256/1918 1101/1351/1177
f 2332/3014/2362 1795/2257/1919 1794/2256/1918
f 2333/3015/2363 1795/2257/1919 2332/3014/2362
f 2333/3015/2363 1801/2263/1925 1795/2257/1919
f 2334/3016/2364 1801/2263/1925 2333/3015/2363
f 2334/3016/2364 1800/2262/1924 1801/2263/1925
f 2335/3017/2365 1800/2262/1924 2334/3016/2364
f 2335/3017/2365 1797/2259/1921 1800/2262/1924
f 2336/3018/2366 1797/2259/1921 2335/3017/2365
f 2336/3018/2366 1796/2258/1920 1797/2259/1921
f 2330/3012/2361 1796/2258/1920 2336/3018/2366
f 2330/3012/2361 1799/2261/1923 1796/2258/1920
f 1098/1348/1072 1040/1284/1120 1039/1283/1119
f 1098/1348/1072 2337/3019/2367 1040/1284/1120
f 2338/3020/1093 2337/3019/2367 1098/1348/1072
f 2338/3020/1093 1788/2250/1912 2337/3019/2367
f 1099/1349/1100 1788/2250/1912 2338/3020/1093
f 1099/1349/1100 1789/2251/1913 1788/2250/1912
f 1045/1289/1125 1789/2251/1913 1099/1349/1100
f 1045/1289/1125 1791/2253/1915 1789/2251/1913
f 2339/3021/2368 1791/2253/1915 1045/1289/1125
f 2339/3021/2368 1785/2246/1908 1791/2253/1915
f 2340/3022/2369 1785/2246/1908 2339/3021/2368
f 2340/3022/2369 1783/2244/1906 1785/2246/1908
f 2341/3023/2370 1783/2244/1906 2340/3022/2369
f 2341/3023/2370 1784/2245/1907 1783/2244/1906
f 2342/3024/2371 1784/2245/1907 2341/3023/2370
f 2342/3024/2371 1786/2247/1909 1784/2245/1907
f 2343/3025/2372 1786/2247/1909 2342/3024/2371
f 2343/3025/2372 1790/2252/1914 1786/2247/1909
f 2337/3019/2367 1790/2252/1914 2343/3025/2372
f 2337/3019/2367 1788/2250/1912 1790/2252/1914
f 1052/1297/1132 1045/1289/1125 1044/1288/1124
f 1052/1297/1132 2339/3021/2368 1045/1289/1125
f 2019/2248/1910 2339/3021/2368 1052/1297/1132
f 2019/2248/1910 2340/3022/2369 2339/3021/2368
f 2020/1299/1134 2340/3022/2369 2019/2248/1910
f 2020/1299/1134 2341/3023/2370 2340/3022/2369
f 1054/1301/1136 2341/3023/2370 2020/1299/1134
f 1054/1301/1136 2342/3024/2371 2341/3023/2370
f 2021/1300/1135 2342/3024/2371 1054/1301/1136
f 2021/1300/1135 2343/3025/2372 2342/3024/2371
f 1787/2249/1911 2343/3025/2372 2021/1300/1135
f 1787/2249/1911 2337/3019/2367 2343/3025/2372
f 1103/1353/1178 2337/3019/2367 1787/2249/1911
f 1103/1353/1178 1040/1284/1120 2337/3019/2367
f 1053/1298/1133 1040/1284/1120 1103/1353/1178
f 1053/1298/1133 1047/1291/1126 1040/1284/1120
f 1041/1285/1121 1039/1283/1119 1038/1282/1118
f 1041/1285/1121 1096/1345/1176 1039/1283/1119
f 1043/1287/1123 1096/1345/1176 1041/1285/1121
f 1043/1287/1123 1084/1332/1164 1096/1345/1176
f 1077/1324/1158 1084/1332/1164 1043/1287/1123
f 1077/1324/1158 1082/1330/1163 1084/1332/1164
f 1079/1326/1160 1082/1330/1163 1077/1324/1158
f 1079/1326/1160 1048/1293/1128 1082/1330/1163
f 2344/3026/2373 1048/1293/1128 1079/1326/1160
f 2344/3026/2373 1038/1282/1118 1048/1293/1128
f 2345/3027/2374 1038/1282/1118 2344/3026/2373
f 2345/3027/2374 1041/1285/1121 1038/1282/1118
f 1095/1344/1175 1041/1285/1121 2345/3027/2374
f 1095/1344/1175 1042/1286/1122 1041/1285/1121
f 1094/1343/1174 1042/1286/1122 1095/1344/1175
f 1094/1343/1174 1078/1325/1159 1042/1286/1122
f 1087/1335/1167 1078/1325/1159 1094/1343/1174
f 1087/1335/1167 1079/1326/1160 1078/1325/1159
f 1086/1334/1166 1079/1326/1160 1087/1335/1167
f 1086/1334/1166 2344/3026/2373 1079/1326/1160
f 1050/1295/1130 2344/3026/2373 1086/1334/1166
f 1050/1295/1130 2345/3027/2374 2344/3026/2373
f 1049/1294/1129 2345/3027/2374 1050/1295/1130
f 1049/1294/1129 1095/1344/1175 2345/3027/2374
f 1051/1296/1131 1095/1344/1175 1049/1294/1129
f 1051/1296/1131 1085/1333/1165 1095/1344/1175
f 1050/1295/1130 1085/1333/1165 1051/1296/1131
f 1050/1295/1130 1086/1334/1166 1085/1333/1165
f 1056/1303/1138 1116/1356/1180 1057/1304/1139
f 1056/1303/1138 1105/1357/1181 1116/1356/1180
f 2330/3012/2361 1105/1357/1181 1056/1303/1138
f 2330/3012/2361 1793/2255/1917 1105/1357/1181
f 2336/3018/2366 1793/2255/1917 2330/3012/2361
f 2336/3018/2366 1066/1313/1148 1793/2255/1917
f 2335/3017/2365 1066/1313/1148 2336/3018/2366
f 2335/3017/2365 1067/1314/1149 1066/1313/1148
f 2334/3016/2364 1067/1314/1149 2335/3017/2365
f 2334/3016/2364 1068/1315/1150 1067/1314/1149
f 2333/3015/2363 1068/1315/1150 2334/3016/2364
f 2333/3015/2363 1792/2254/1916 1068/1315/1150
f 2332/3014/2362 1792/2254/1916 2333/3015/2363
f 2332/3014/2362 1104/1354/1179 1792/2254/1916
f 1101/1351/1177 1104/1354/1179 2332/3014/2362
f 1101/1351/1177 1117/1355/1085 1104/1354/1179
f 1100/1350/1057 1117/1355/1085 1101/1351/1177
f 1065/1312/1147 1070/1317/1152 1080/1327/1161
f 1065/1312/1147 1071/1318/1153 1070/1317/1152
f 1064/1311/1146 1071/1318/1153 1065/1312/1147
f 1064/1311/1146 1069/1316/1151 1071/1318/1153
f 2329/3011/2360 1069/1316/1151 1064/1311/1146
f 2329/3011/2360 1070/1317/1152 1069/1316/1151
f 2328/3010/2359 1070/1317/1152 2329/3011/2360
f 2328/3010/2359 1080/1327/1161 1070/1317/1152
f 1061/1308/1143 1080/1327/1161 2328/3010/2359
f 1061/1308/1143 1081/1328/1162 1080/1327/1161
f 1060/1307/1142 1081/1328/1162 1061/1308/1143
f 1060/1307/1142 1063/1310/1145 1081/1328/1162
f 1074/1321/1156 1063/1310/1145 1060/1307/1142
f 1074/1321/1156 1064/1311/1146 1063/1310/1145
f 1073/1320/1155 1064/1311/1146 1074/1321/1156
f 1073/1320/1155 2329/3011/2360 1064/1311/1146
f 1093/1342/1173 2329/3011/2360 1073/1320/1155
f 2346/3028/1316 1139/1407/1220 1136/1404/1217
f 2346/3028/1316 1138/1406/1219 1139/1407/1220
f 2347/3029/1318 1138/1406/1219 2346/3028/1316
f 2347/3029/1318 1134/1401/1214 1138/1406/1219
f 1213/3030/1315 1134/1401/1214 2347/3029/1318
f 1213/3030/1315 1132/1399/1212 1134/1401/1214
f 1210/3031/1312 1132/1399/1212 1213/3030/1315
f 1210/3031/1312 1133/1400/1213 1132/1399/1212
f 1893/1413/1226 1133/1400/1213 1210/3031/1312
f 1893/1413/1226 2348/3032/2375 1133/1400/1213
f 1143/1412/1225 2348/3032/2375 1893/1413/1226
f 1143/1412/1225 2349/3033/2376 2348/3032/2375
f 2350/3034/1992 2349/3033/2376 1143/1412/1225
f 2350/3034/1992 2351/3035/2377 2349/3033/2376
f 2352/3036/1990 2351/3035/2377 2350/3034/1992
f 2352/3036/1990 2353/3037/2378 2351/3035/2377
f 1205/3038/1307 2353/3037/2378 2352/3036/1990
f 1205/3038/1307 2354/3039/2379 2353/3037/2378
f 1207/3040/1305 2354/3039/2379 1205/3038/1307
f 1207/3040/1305 2355/3041/2380 2354/3039/2379
f 1200/3042/1299 2355/3041/2380 1207/3040/1305
f 1200/3042/1299 2356/3043/2381 2355/3041/2380
f 2357/3044/1300 2356/3043/2381 1200/3042/1299
f 2357/3044/1300 1142/1411/1224 2356/3043/2381
f 2358/3045/1302 1142/1411/1224 2357/3044/1300
f 2358/3045/1302 1899/1410/1223 1142/1411/1224
f 1202/3046/1303 1899/1410/1223 2358/3045/1302
f 1202/3046/1303 1254/1557/1360 1899/1410/1223
f 2359/3047/1447 1254/1557/1360 1202/3046/1303
f 2359/3047/1447 2360/3048/2382 1254/1557/1360
f 1319/3049/1446 2360/3048/2382 2359/3047/1447
f 1319/3049/1446 2361/3050/2383 2360/3048/2382
f 1317/3051/1444 2361/3050/2383 1319/3049/1446
f 1317/3051/1444 2362/3052/2384 2361/3050/2383
f 1321/3053/1449 2362/3052/2384 1317/3051/1444
f 1321/3053/1449 2363/3054/2385 2362/3052/2384
f 1323/3055/1452 2363/3054/2385 1321/3053/1449
f 1323/3055/1452 2364/3056/2386 2363/3054/2385
f 1992/3057/2099 2364/3056/2386 1323/3055/1452
f 1992/3057/2099 1248/1549/1352 2364/3056/2386
f 1990/3058/2097 1248/1549/1352 1992/3057/2099
f 1990/3058/2097 1996/1550/1353 1248/1549/1352
f 1133/1400/1213 1135/1402/1215 1134/1401/1214
f 1133/1400/1213 1137/1405/1218 1135/1402/1215
f 2348/3032/2375 1137/1405/1218 1133/1400/1213
f 2348/3032/2375 1809/2285/1933 1137/1405/1218
f 2349/3033/2376 1809/2285/1933 2348/3032/2375
f 2349/3033/2376 1816/2283/1932 1809/2285/1933
f 2351/3035/2377 1816/2283/1932 2349/3033/2376
f 2351/3035/2377 1817/3059/1938 1816/2283/1932
f 2353/3037/2378 1817/3059/1938 2351/3035/2377
f 2353/3037/2378 2365/3060/1939 1817/3059/1938
f 2354/3039/2379 2365/3060/1939 2353/3037/2378
f 2354/3039/2379 1818/3061/1940 2365/3060/1939
f 2355/3041/2380 1818/3061/1940 2354/3039/2379
f 2355/3041/2380 1820/2287/1934 1818/3061/1940
f 2356/3043/2381 1820/2287/1934 2355/3041/2380
f 2356/3043/2381 1142/1411/1224 1820/2287/1934
f 1844/2350/1966 1171/1459/1253 1846/2352/1259
f 1844/2350/1966 1172/1460/1272 1171/1459/1253
f 1842/2348/1964 1172/1460/1272 1844/2350/1966
f 1842/2348/1964 1177/1466/1275 1172/1460/1272
f 1183/1472/1280 1177/1466/1275 1842/2348/1964
f 1183/1472/1280 1871/2382/1986 1177/1466/1275
f 1194/1485/1293 1871/2382/1986 1183/1472/1280
f 1194/1485/1293 1181/1470/1279 1871/2382/1986
f 1872/2383/1987 1181/1470/1279 1194/1485/1293
f 1872/2383/1987 1182/1471/1241 1181/1470/1279
f 1196/1488/1296 1182/1471/1241 1872/2383/1987
f 1196/1488/1296 1151/3062/1239 1182/1471/1241
f 1179/1468/1277 1151/3062/1239 1196/1488/1296
f 1179/1468/1277 1847/2353/1237 1151/3062/1239
f 1178/1467/1276 1847/2353/1237 1179/1468/1277
f 1178/1467/1276 1848/2354/1967 1847/2353/1237
f 1869/2380/1985 1848/2354/1967 1178/1467/1276
f 1869/2380/1985 1868/2379/1281 1848/2354/1967
f 1870/2381/1282 1868/2379/1281 1869/2380/1985
f 1218/1517/1322 2346/1511/1316 1136/1520/1217
f 1218/1517/1322 1214/1512/1317 2346/1511/1316
f 1897/2420/2010 1214/1512/1317 1218/1517/1322
f 1897/2420/2010 2366/3063/2387 1214/1512/1317
f 1240/1540/1343 2366/3063/2387 1897/2420/2010
f 1240/1540/1343 2367/3064/2388 2366/3063/2387
f 1232/1532/1335 2367/3064/2388 1240/1540/1343
f 1232/1532/1335 2368/3065/2389 2367/3064/2388
f 1234/1534/1337 2368/3065/2389 1232/1532/1335
f 1234/1534/1337 2369/3066/2390 2368/3065/2389
f 1238/1538/1341 2369/3066/2390 1234/1534/1337
f 1238/1538/1341 2370/3067/2391 2369/3066/2390
f 1209/1505/1310 2370/3067/2391 1238/1538/1341
f 1209/1505/1310 2371/3068/2392 2370/3067/2391
f 1208/1504/1309 2371/3068/2392 1209/1505/1310
f 1208/1504/1309 2372/3069/2393 2371/3068/2392
f 1907/2432/2015 2372/3069/2393 1208/1504/1309
f 1907/2432/2015 2373/3070/2394 2372/3069/2393
f 1256/2583/1364 2373/3070/2394 1907/2432/2015
f 1256/2583/1364 1948/3071/2060 2373/3070/2394
f 1227/1527/1330 1894/2417/2007 1890/2412/2005
f 1227/1527/1330 2374/3072/2395 1894/2417/2007
f 1226/1526/1329 2374/3072/2395 1227/1527/1330
f 1226/1526/1329 2375/3073/2396 2374/3072/2395
f 1231/1531/1334 2375/3073/2396 1226/1526/1329
f 1231/1531/1334 2376/3074/2397 2375/3073/2396
f 1910/2436/2018 2376/3074/2397 1231/1531/1334
f 1910/2436/2018 2377/3075/2398 2376/3074/2397
f 1349/1693/1481 2377/3075/2398 1910/2436/2018
f 1349/1693/1481 2378/3076/2399 2377/3075/2398
f 1346/1690/1478 2378/3076/2399 1349/1693/1481
f 1346/1690/1478 2379/3077/2400 2378/3076/2399
f 1345/1689/1477 2379/3077/2400 1346/1690/1478
f 1345/1689/1477 2380/3078/2401 2379/3077/2400
f 1344/1688/1476 2380/3078/2401 1345/1689/1477
f 1344/1688/1476 2381/3079/2402 2380/3078/2401
f 1955/2580/2064 2381/3079/2402 1344/1688/1476
f 1955/2580/2064 1959/3080/2067 2381/3079/2402
f 1892/2415/2006 2382/3081/2000 1884/2413/1999
f 1892/2415/2006 2383/3082/2403 2382/3081/2000
f 1212/1509/1314 2383/3082/2403 1892/2415/2006
f 1212/1509/1314 2384/3083/2404 2383/3082/2403
f 1211/1508/1313 2384/3083/2404 1212/1509/1314
f 1211/1508/1313 2385/3084/2405 2384/3083/2404
f 1213/1510/1315 2385/3084/2405 1211/1508/1313
f 1213/1510/1315 2386/3085/2406 2385/3084/2405
f 1214/1512/1317 2386/3085/2406 1213/1510/1315
f 1214/1512/1317 2387/3086/2407 2386/3085/2406
f 2366/3063/2387 2387/3086/2407 1214/1512/1317
f 2366/3063/2387 2388/3087/2408 2387/3086/2407
f 2367/3064/2388 2388/3087/2408 2366/3063/2387
f 2367/3064/2388 2389/3088/2409 2388/3087/2408
f 2368/3065/2389 2389/3088/2409 2367/3064/2388
f 2368/3065/2389 2390/3089/2410 2389/3088/2409
f 2369/3066/2390 2390/3089/2410 2368/3065/2389
f 2369/3066/2390 2391/3090/2411 2390/3089/2410
f 2370/3067/2391 2391/3090/2411 2369/3066/2390
f 2370/3067/2391 2392/3091/2412 2391/3090/2411
f 2371/3068/2392 2392/3091/2412 2370/3067/2391
f 2371/3068/2392 2393/3092/2413 2392/3091/2412
f 2372/3069/2393 2393/3092/2413 2371/3068/2392
f 2372/3069/2393 2394/3093/2414 2393/3092/2413
f 2373/3070/2394 2394/3093/2414 2372/3069/2393
f 2373/3070/2394 2395/3094/2415 2394/3093/2414
f 1948/3071/2060 2395/3094/2415 2373/3070/2394
f 1948/3071/2060 2419/1702/1490 2395/3094/2415
f 1904/2429/2014 1217/1516/1321 1895/2418/2008
f 1904/2429/2014 2396/3095/2416 1217/1516/1321
f 2011/2581/2111 2396/3095/2416 1904/2429/2014
f 2011/2581/2111 1330/1674/1462 2396/3095/2416
f 1355/1699/1487 1330/1674/1462 2011/2581/2111
f 1355/1699/1487 1331/1675/1463 1330/1674/1462
f 1339/1683/1471 1331/1675/1463 1355/1699/1487
f 1339/1683/1471 1354/1698/1486 1331/1675/1463
f 1338/1682/1470 1354/1698/1486 1339/1683/1471
f 1338/1682/1470 1352/1696/1484 1354/1698/1486
f 1350/1694/1482 1352/1696/1484 1338/1682/1470
f 1350/1694/1482 2397/3096/2417 1352/1696/1484
f 1343/1687/1475 2397/3096/2417 1350/1694/1482
f 1343/1687/1475 1357/1701/1489 2397/3096/2417
f 1341/1685/1473 1357/1701/1489 1343/1687/1475
f 1341/1685/1473 2419/1702/1490 1357/1701/1489
f 2016/2587/2114 2419/1702/1490 1341/1685/1473
f 2016/2587/2114 2395/3094/2415 2419/1702/1490
f 2015/2586/2113 2395/3094/2415 2016/2587/2114
f 2015/2586/2113 2394/3093/2414 2395/3094/2415
f 2392/3091/2412 2394/3093/2414 2015/2586/2113
f 2392/3091/2412 2393/3092/2413 2394/3093/2414
f 1894/2417/2007 1223/1523/1326 1225/1525/1328
f 1894/2417/2007 1243/1543/1346 1223/1523/1326
f 2374/3072/2395 1243/1543/1346 1894/2417/2007
f 2374/3072/2395 1902/2427/2012 1243/1543/1346
f 2375/3073/2396 1902/2427/2012 2374/3072/2395
f 2375/3073/2396 1903/2428/2013 1902/2427/2012
f 2376/3074/2397 1903/2428/2013 2375/3073/2396
f 2376/3074/2397 2012/2582/2112 1903/2428/2013
f 2377/3075/2398 2012/2582/2112 2376/3074/2397
f 2377/3075/2398 1356/1700/1488 2012/2582/2112
f 2378/3076/2399 1356/1700/1488 2377/3075/2398
f 2378/3076/2399 1339/1683/1471 1356/1700/1488
f 2379/3077/2400 1339/1683/1471 2378/3076/2399
f 2379/3077/2400 1337/1681/1469 1339/1683/1471
f 2380/3078/2401 1337/1681/1469 2379/3077/2400
f 2380/3078/2401 2008/2575/2109 1337/1681/1469
f 2381/3079/2402 2008/2575/2109 2380/3078/2401
f 2381/3079/2402 2004/2569/2107 2008/2575/2109
f 1959/3080/2067 2004/2569/2107 2381/3079/2402
f 1959/3080/2067 2005/2570/2066 2004/2569/2107
f 1235/1535/1338 1831/1545/1348 1233/1533/1336
f 1235/1535/1338 1833/3097/1956 1831/1545/1348
f 1237/1537/1340 1833/3097/1956 1235/1535/1338
f 1237/1537/1340 2398/3098/1944 1833/3097/1956
f 1242/1542/1345 2398/3098/1944 1237/1537/1340
f 1242/1542/1345 1828/3099/1946 2398/3098/1944
f 1215/1514/1319 1828/3099/1946 1242/1542/1345
f 1215/1514/1319 1145/2434/1232 1828/3099/1946
f 1217/1516/1321 1145/2434/1232 1215/1514/1319
f 1217/1516/1321 1909/2435/2017 1145/2434/1232
f 2396/3095/2416 1909/2435/2017 1217/1516/1321
f 2396/3095/2416 2014/2585/1369 1909/2435/2017
f 1330/1674/1462 2014/2585/1369 2396/3095/2416
f 1330/1674/1462 1934/3100/2041 2014/2585/1369
f 1332/1676/1464 1934/3100/2041 1330/1674/1462
f 1332/1676/1464 1950/3101/2043 1934/3100/2041
f 1353/1697/1485 1950/3101/2043 1332/1676/1464
f 1353/1697/1485 2399/3102/2058 1950/3101/2043
f 1352/1696/1484 2399/3102/2058 1353/1697/1485
f 1352/1696/1484 1358/1703/1491 2399/3102/2058
f 2397/3096/2417 1358/1703/1491 1352/1696/1484
f 2397/3096/2417 1357/1701/1489 1358/1703/1491
f 1251/1553/1356 1246/1547/1350 1245/1546/1349
f 1251/1553/1356 1249/1551/1354 1246/1547/1350
f 1916/2442/2021 1249/1551/1354 1251/1553/1356
f 1916/2442/2021 1248/1549/1352 1249/1551/1354
f 1911/2437/2019 1248/1549/1352 1916/2442/2021
f 1911/2437/2019 2364/3056/2386 1248/1549/1352
f 1913/2439/2020 2364/3056/2386 1911/2437/2019
f 1913/2439/2020 2363/3054/2385 2364/3056/2386
f 2400/3103/2025 2363/3054/2385 1913/2439/2020
f 2400/3103/2025 2362/3052/2384 2363/3054/2385
f 2401/3104/2026 2362/3052/2384 2400/3103/2025
f 2401/3104/2026 2361/3050/2383 2362/3052/2384
f 1921/3105/2027 2361/3050/2383 2401/3104/2026
f 1921/3105/2027 2360/3048/2382 2361/3050/2383
f 2402/3106/2028 2360/3048/2382 1921/3105/2027
f 2402/3106/2028 1254/1557/1360 2360/3048/2382
f 1917/3107/2023 1254/1557/1360 2402/3106/2028
f 1917/3107/2023 1253/1555/1358 1254/1557/1360
f 2403/3108/2022 1253/1555/1358 1917/3107/2023
f 2403/3108/2022 2010/1556/1359 1253/1555/1358
f 2007/1559/1362 1249/1551/1354 1996/1550/1353
f 2007/1559/1362 1246/1547/1350 1249/1551/1354
f 2404/3109/1458 1246/1547/1350 2007/1559/1362
f 2404/3109/1458 1247/1548/1351 1246/1547/1350
f 2405/3110/1459 1247/1548/1351 2404/3109/1458
f 2405/3110/1459 1245/1546/1349 1247/1548/1351
f 1328/3111/1460 1245/1546/1349 2405/3110/1459
f 1328/3111/1460 1252/1554/1357 1245/1546/1349
f 1325/3112/1455 1252/1554/1357 1328/3111/1460
f 1325/3112/1455 1250/1552/1355 1252/1554/1357
f 2406/3113/1454 1250/1552/1355 1325/3112/1455
f 2406/3113/1454 1251/1553/1356 1250/1552/1355
f 1336/3114/1468 1251/1553/1356 2406/3113/1454
f 1336/3114/1468 1916/2442/2021 1251/1553/1356
f 2407/3115/1397 1916/2442/2021 1336/3114/1468
f 2407/3115/1397 1915/2441/1396 1916/2442/2021
f 2408/3116/2418 1265/1584/1375 1272/1583/1382
f 2408/3116/2418 2409/3117/1378 1265/1584/1375
f 2410/3118/2419 2409/3117/1378 2408/3116/2418
f 2410/3118/2419 1262/1565/1368 2409/3117/1378
f 2411/3119/2420 1262/1565/1368 2410/3118/2419
f 2411/3119/2420 1257/1563/1366 1262/1565/1368
f 2412/3120/2421 1257/1563/1366 2411/3119/2420
f 2412/3120/2421 1269/1580/1379 1257/1563/1366
f 2413/3121/2422 1269/1580/1379 2412/3120/2421
f 2413/3121/2422 1270/1581/1380 1269/1580/1379
f 2414/3122/2423 1270/1581/1380 2413/3121/2422
f 2414/3122/2423 1273/1585/1383 1270/1581/1380
f 2415/3123/2424 1273/1585/1383 2414/3122/2423
f 2415/3123/2424 1954/2510/2063 1273/1585/1383
f 2416/3124/2425 1954/2510/2063 2415/3123/2424
f 2416/3124/2425 1931/2472/2038 1954/2510/2063
f 2417/3125/2426 1931/2472/2038 2416/3124/2425
f 2417/3125/2426 1932/2473/2039 1931/2472/2038
f 2418/3126/2427 1932/2473/2039 2417/3125/2426
f 2418/3126/2427 1948/2500/2060 1932/2473/2039
f 2419/3127/1490 1948/2500/2060 2418/3126/2427
f 1952/2507/2062 1259/1567/1370 1933/2474/2040
f 1952/2507/2062 1260/1568/1371 1259/1567/1370
f 1938/2481/2047 1260/1568/1371 1952/2507/2062
f 1938/2481/2047 1936/2478/2044 1260/1568/1371
f 1939/2482/2048 1936/2478/2044 1938/2481/2047
f 1939/2482/2048 1927/2468/2034 1936/2478/2044
f 1941/2484/2050 1927/2468/2034 1939/2482/2048
f 1941/2484/2050 1928/2469/2035 1927/2468/2034
f 1940/2483/2049 1928/2469/2035 1941/2484/2050
f 1940/2483/2049 1922/2461/2029 1928/2469/2035
f 1264/1572/1374 1922/2461/2029 1940/2483/2049
f 1264/1572/1374 1923/2462/2030 1922/2461/2029
f 1262/1565/1368 1923/2462/2030 1264/1572/1374
f 1262/1565/1368 1925/2464/2031 1923/2462/2030
f 1258/1564/1367 1925/2464/2031 1262/1565/1368
f 1258/1564/1367 1924/2463/817 1925/2464/2031
f 1268/1579/818 1924/2463/817 1258/1564/1367
f 2408/3116/2418 2411/3119/2420 2410/3118/2419
f 2408/3116/2418 2412/3120/2421 2411/3119/2420
f 1272/1583/1382 2412/3120/2421 2408/3116/2418
f 1272/1583/1382 2413/3121/2422 2412/3120/2421
f 1271/1582/1381 2413/3121/2422 1272/1583/1382
f 1271/1582/1381 2414/3122/2423 2413/3121/2422
f 1947/3128/2056 2414/3122/2423 1271/1582/1381
f 1947/3128/2056 2415/3123/2424 2414/3122/2423
f 1945/3129/2054 2415/3123/2424 1947/3128/2056
f 1945/3129/2054 2416/3124/2425 2415/3123/2424
f 2420/3130/2052 2416/3124/2425 1945/3129/2054
f 2420/3130/2052 2417/3125/2426 2416/3124/2425
f 2421/3131/2059 2417/3125/2426 2420/3130/2052
f 2421/3131/2059 2418/3126/2427 2417/3125/2426
f 1358/3132/1491 2418/3126/2427 2421/3131/2059
f 1358/3132/1491 2419/3127/1490 2418/3126/2427
f 1297/1627/1422 1288/2523/1409 1287/1628/1405
f 1297/1627/1422 1960/2519/2069 1288/2523/1409
f 1562/1633/1425 1960/2519/2069 1297/1627/1422
f 1562/1633/1425 1961/2521/2071 1960/2519/2069
f 1964/2526/1684 1961/2521/2071 1562/1633/1425
f 1964/2526/1684 1307/1641/1432 1961/2521/2071
f 1963/2525/2072 1307/1641/1432 1964/2526/1684
f 1963/2525/2072 1312/1647/1438 1307/1641/1432
f 1987/2550/2095 1312/1647/1438 1963/2525/2072
f 1987/2550/2095 1310/1645/1436 1312/1647/1438
f 1986/2549/2094 1310/1645/1436 1987/2550/2095
f 1986/2549/2094 1979/2542/2087 1310/1645/1436
f 1315/1651/1442 1979/2542/2087 1986/2549/2094
f 1315/1651/1442 1973/2536/2081 1979/2542/2087
f 1302/1634/1426 1973/2536/2081 1315/1651/1442
f 1302/1634/1426 1974/2537/2082 1973/2536/2081
f 1314/1650/1441 1974/2537/2082 1302/1634/1426
f 1314/1650/1441 1976/2539/2084 1974/2537/2082
f 1971/2534/2079 1976/2539/2084 1314/1650/1441
f 1971/2534/2079 1981/2544/2089 1976/2539/2084
f 1983/2546/2091 1981/2544/2089 1971/2534/2079
f 1972/2535/2080 1984/3133/2092 1982/2545/2090
f 1972/2535/2080 2422/3134/1434 1984/3133/2092
f 1970/2533/2078 2422/3134/1434 1972/2535/2080
f 1970/2533/2078 1309/3135/1435 2422/3134/1434
f 1977/2540/2085 1309/3135/1435 1970/2533/2078
f 1977/2540/2085 2423/3136/1439 1309/3135/1435
f 1967/2530/2075 2423/3136/1439 1977/2540/2085
f 1967/2530/2075 1306/3137/1430 2423/3136/1439
f 1966/2529/2074 1306/3137/1430 1967/2530/2075
f 1966/2529/2074 2424/3138/1431 1306/3137/1430
f 1301/1632/1424 2424/3138/1431 1966/2529/2074
f 1301/1632/1424 2425/3139/2070 2424/3138/1431
f 1298/1629/1423 2425/3139/2070 1301/1632/1424
f 1298/1629/1423 2426/3140/2068 2425/3139/2070
f 1300/1631/1401 2426/3140/2068 1298/1629/1423
f 1300/1631/1401 2427/3141/1406 2426/3140/2068
f 2383/3082/2403 1998/2573/2102 2382/3081/2000
f 2383/3082/2403 2006/2571/2108 1998/2573/2102
f 2384/3083/2404 2006/2571/2108 2383/3082/2403
f 2384/3083/2404 1326/1668/1456 2006/2571/2108
f 2385/3084/2405 1326/1668/1456 2384/3083/2404
f 2385/3084/2405 1327/1669/1457 1326/1668/1456
f 2386/3085/2406 1327/1669/1457 2385/3084/2405
f 2386/3085/2406 2405/1671/1459 1327/1669/1457
f 2387/3086/2407 2405/1671/1459 2386/3085/2406
f 2387/3086/2407 1329/1673/1461 2405/1671/1459
f 2388/3087/2408 1329/1673/1461 2387/3086/2407
f 2388/3087/2408 2001/2564/2105 1329/1673/1461
f 2389/3088/2409 2001/2564/2105 2388/3087/2408
f 2389/3088/2409 2002/2565/2106 2001/2564/2105
f 2390/3089/2410 2002/2565/2106 2389/3088/2409
f 2390/3089/2410 1342/1686/1474 2002/2565/2106
f 2391/3090/2411 1342/1686/1474 2390/3089/2410
f 2391/3090/2411 1340/1684/1472 1342/1686/1474
f 2392/3091/2412 1340/1684/1472 2391/3090/2411
f 2392/3091/2412 2015/2586/2113 1340/1684/1472
f 2428/3142/2428 2429/3143/2429 2430/3144/2430
f 2428/3142/2428 2431/3145/2431 2429/3143/2429
f 2432/3146/2432 2431/3145/2431 2428/3142/2428
f 2432/3146/2432 2433/3147/2433 2431/3145/2431
f 2434/3148/2434 2433/3147/2433 2432/3146/2432
f 2434/3148/2434 2435/3149/2435 2433/3147/2433
f 2436/3150/2436 2435/3149/2435 2434/3148/2434
f 2436/3150/2436 2437/3151/2437 2435/3149/2435
f 2438/3152/2438 2437/3151/2437 2436/3150/2436
f 2438/3152/2438 2439/3153/2439 2437/3151/2437
f 2440/3154/2440 2439/3153/2439 2438/3152/2438
f 2440/3154/2440 2441/3155/2441 2439/3153/2439
f 2442/3156/2442 2441/3155/2441 2440/3154/2440
f 2442/3156/2442 2443/3157/2443 2441/3155/2441
f 2444/3158/2444 2443/3157/2443 2442/3156/2442
f 2444/3158/2444 2445/3159/2445 2443/3157/2443
f 2431/3145/2431 2446/3160/2446 2429/3143/2429
f 2431/3145/2431 2447/3161/2447 2446/3160/2446
f 2433/3147/2433 2447/3161/2447 2431/3145/2431
f 2433/3147/2433 2448/3162/2448 2447/3161/2447
f 2435/3149/2435 2448/3162/2448 2433/3147/2433
f 2435/3149/2435 2449/3163/2449 2448/3162/2448
f 2437/3151/2437 2449/3163/2449 2435/3149/2435
f 2437/3151/2437 2450/3164/2450 2449/3163/2449
f 2439/3153/2439 2450/3164/2450 2437/3151/2437
f 2439/3153/2439 2451/3165/2451 2450/3164/2450
f 2441/3155/2441 2451/3165/2451 2439/3153/2439
f 2441/3155/2441 2452/3166/2452 2451/3165/2451
f 2443/3157/2443 2452/3166/2452 2441/3155/2441
f 2443/3157/2443 2453/3167/2453 2452/3166/2452
f 2445/3159/2445 2453/3167/2453 2443/3157/2443
f 2445/3159/2445 2454/3168/2454 2453/3167/2453
o itemhook-r
v -4.853869 8.324633 -0.369469
v -4.853937 8.457515 -0.369573
v -4.854029 8.457700 -0.131988
v -4.735134 8.457930 -0.369528
v -4.972719 8.457726 -0.369619
v -4.854018 8.458014 -0.131989
vt 0.000000 1.000000
vt 0.000000 1.000000
vt 0.000000 1.000000
vt 0.000000 1.000000
vt 0.000000 1.000000
vt 0.000000 1.000000
vn 1.0000 0.0005 0.0004
vn -0.0009 1.0000 -0.0008
usemtl material_7
s off
f 2455/3169/2455 2456/3170/2455 2457/3171/2455
f 2458/3172/2456 2459/3173/2456 2460/3174/2456
o itemhook-l
v 4.854085 8.455117 -0.120629
v 4.854085 8.455117 -0.358214
v 4.854131 8.322234 -0.358214
v 4.854074 8.455430 -0.120629
v 4.972867 8.455430 -0.358214
v 4.735282 8.455430 -0.358214
vt 0.000000 1.000000
vt 0.000000 1.000000
vt 0.000000 1.000000
vt 0.000000 1.000000
vt 0.000000 1.000000
vt 0.000000 1.000000
vn -1.0000 -0.0003 0.0000
vn 0.0000 1.0000 0.0000
usemtl material_6
s off
f 2461/3175/2457 2462/3176/2457 2463/3177/2457
f 2464/3178/2458 2465/3179/2458 2466/3180/2458
o itemhook-fr
v -0.818928 0.026166 0.225976
v -0.818928 0.026171 -0.011608
v -0.818883 -0.106711 -0.011611
v -0.818939 0.026480 0.225976
v -0.700146 0.026484 -0.011608
v -0.937731 0.026485 -0.011608
vt 0.000000 1.000000
vt 0.000000 1.000000
vt 0.000000 1.000000
vt 0.000000 1.000000
vt 0.000000 1.000000
vt 0.000000 1.000000
vn -1.0000 -0.0003 -0.0000
vn 0.0000 1.0000 0.0000
usemtl material_5
s off
f 2467/3181/2459 2468/3182/2459 2469/3183/2459
f 2470/3184/2460 2471/3185/2460 2472/3186/2460
o itemhook-fl
v 0.818950 0.026167 0.225977
v 0.818950 0.026171 -0.011608
v 0.818996 -0.106711 -0.011611
v 0.818940 0.026480 0.225977
v 0.937732 0.026484 -0.011608
v 0.700147 0.026484 -0.011608
vt 0.000000 1.000000
vt 0.000000 1.000000
vt 0.000000 1.000000
vt 0.000000 1.000000
vt 0.000000 1.000000
vt 0.000000 1.000000
vn -1.0000 -0.0003 -0.0000
vn 0.0000 1.0000 0.0000
usemtl material_4
s off
f 2473/3187/2461 2474/3188/2461 2475/3189/2461
f 2476/3190/2462 2477/3191/2462 2478/3192/2462
o itemhook-body
v 0.000055 5.296255 0.093156
v 0.000010 5.429137 0.093154
v 0.000010 5.429134 -0.144431
v -0.118793 5.429451 0.093154
v 0.118792 5.429451 0.093154
v -0.000001 5.429448 -0.144431
vt 0.000000 1.000000
vt 0.000000 1.000000
vt 0.000000 1.000000
vt 0.000000 1.000000
vt 0.000000 1.000000
vt 0.000000 1.000000
vn -1.0000 -0.0003 0.0000
vn -0.0000 1.0000 -0.0000
usemtl material_3
s off
f 2479/3193/2463 2480/3194/2463 2481/3195/2463
f 2482/3196/2464 2483/3197/2464 2484/3198/2464
o eyelid3
v -0.785781 12.234729 0.974295
v -0.885842 12.047016 0.918850
v -0.794276 12.079587 1.032151
v -0.317279 12.276400 1.113319
v -0.316916 12.123930 1.178449
v -0.214330 12.109998 1.140079
v 0.794278 12.079587 1.032151
v 0.885845 12.047007 0.918851
v 0.785783 12.234729 0.974295
v 0.214332 12.109998 1.140080
v 0.316918 12.123930 1.178449
v 0.317281 12.276400 1.113319
v -0.582446 11.978779 1.136505
v -0.583491 12.111402 1.130739
v -0.794153 11.882955 1.036799
v -0.317387 12.032616 1.184548
v -0.209279 12.037800 1.143770
v -0.564558 12.336006 1.047250
v -0.893281 11.811577 0.913310
v 0.794155 11.882955 1.036800
v 0.582448 11.978779 1.136505
v 0.583494 12.111402 1.130739
v 0.317389 12.032616 1.184548
v 0.209281 12.037800 1.143770
v 0.564561 12.336006 1.047250
v 0.893284 11.811577 0.913311
v -0.893512 11.670762 0.907769
v -0.789270 11.763741 1.041445
v -0.581401 11.850448 1.142271
v -0.317859 11.941301 1.190646
v -0.204228 11.963235 1.150250
v 0.204230 11.963235 1.150250
v 0.317861 11.941301 1.190646
v 0.581403 11.850448 1.142271
v 0.789272 11.763741 1.041445
v 0.893514 11.670762 0.907770
vt 0.646828 0.843648
vt 0.737944 0.704847
vt 0.654754 0.726245
vt 0.318350 0.852585
vt 0.316862 0.754897
vt 0.236720 0.740244
vt 0.654754 0.726245
vt 0.737944 0.704847
vt 0.646828 0.843648
vt 0.236720 0.740244
vt 0.316862 0.754897
vt 0.318350 0.852585
vt 0.511132 0.649038
vt 0.509990 0.746799
vt 0.652733 0.626202
vt 0.310936 0.655048
vt 0.220604 0.650240
vt 0.492247 0.891972
vt 0.743065 0.594952
vt 0.652733 0.626202
vt 0.511132 0.649038
vt 0.509990 0.746799
vt 0.310936 0.655048
vt 0.220604 0.650240
vt 0.492247 0.891972
vt 0.743065 0.594952
vt 0.737955 0.508859
vt 0.643631 0.536177
vt 0.510208 0.555640
vt 0.317254 0.562839
vt 0.213316 0.560088
vt 0.213316 0.560088
vt 0.317254 0.562839
vt 0.510208 0.555640
vt 0.643631 0.536177
vt 0.737955 0.508859
vn -0.5470 0.3223 0.7726
vn -0.7869 0.0879 0.6107
vn -0.6216 0.1617 0.7664
vn -0.0259 0.3926 0.9193
vn 0.0964 0.2283 0.9688
vn 0.3625 0.1777 0.9149
vn 0.6214 0.1652 0.7659
vn 0.7880 0.0897 0.6090
vn 0.5426 0.3194 0.7769
vn -0.3660 0.1811 0.9128
vn -0.0935 0.2351 0.9675
vn 0.0431 0.3813 0.9234
vn -0.3153 0.0394 0.9482
vn -0.3132 0.1982 0.9287
vn -0.6253 0.0122 0.7803
vn 0.0820 0.0655 0.9945
vn 0.3393 0.0790 0.9373
vn -0.2980 0.3605 0.8838
vn -0.7761 -0.0110 0.6305
vn 0.6266 0.0133 0.7792
vn 0.3128 0.0375 0.9491
vn 0.3117 0.2050 0.9278
vn -0.0789 0.0666 0.9946
vn -0.3505 0.0858 0.9326
vn 0.2947 0.3528 0.8881
vn 0.7807 -0.0079 0.6249
vn -0.7781 -0.0174 0.6279
vn -0.6676 0.0042 0.7445
vn -0.3485 0.0413 0.9364
vn 0.0248 0.0732 0.9970
vn 0.3154 0.1033 0.9433
vn -0.3372 0.0866 0.9374
vn -0.0189 0.0665 0.9976
vn 0.3433 0.0383 0.9384
vn 0.6638 -0.0019 0.7479
vn 0.7804 -0.0233 0.6248
usemtl material_2
s 1
f 2485/3199/2465 2486/3200/2466 2487/3201/2467
f 2488/3202/2468 2489/3203/2469 2490/3204/2470
f 2491/3205/2471 2492/3206/2472 2493/3207/2473
f 2494/3208/2474 2495/3209/2475 2496/3210/2476
f 2497/3211/2477 2498/3212/2478 2499/3213/2479
f 2498/3212/2478 2487/3201/2467 2499/3213/2479
f 2500/3214/2480 2489/3203/2469 2497/3211/2477
f 2489/3203/2469 2498/3212/2478 2497/3211/2477
f 2501/3215/2481 2490/3204/2470 2500/3214/2480
f 2490/3204/2470 2489/3203/2469 2500/3214/2480
f 2488/3202/2468 2502/3216/2482 2489/3203/2469
f 2502/3216/2482 2498/3212/2478 2489/3203/2469
f 2499/3213/2479 2487/3201/2467 2503/3217/2483
f 2487/3201/2467 2486/3200/2466 2503/3217/2483
f 2487/3201/2467 2498/3212/2478 2485/3199/2465
f 2498/3212/2478 2502/3216/2482 2485/3199/2465
f 2504/3218/2484 2491/3205/2471 2505/3219/2485
f 2491/3205/2471 2506/3220/2486 2505/3219/2485
f 2505/3219/2485 2506/3220/2486 2507/3221/2487
f 2506/3220/2486 2495/3209/2475 2507/3221/2487
f 2507/3221/2487 2495/3209/2475 2508/3222/2488
f 2495/3209/2475 2494/3208/2474 2508/3222/2488
f 2495/3209/2475 2506/3220/2486 2496/3210/2476
f 2506/3220/2486 2509/3223/2489 2496/3210/2476
f 2510/3224/2490 2492/3206/2472 2504/3218/2484
f 2492/3206/2472 2491/3205/2471 2504/3218/2484
f 2493/3207/2473 2509/3223/2489 2491/3205/2471
f 2509/3223/2489 2506/3220/2486 2491/3205/2471
f 2503/3217/2483 2511/3225/2491 2499/3213/2479
f 2511/3225/2491 2512/3226/2492 2499/3213/2479
f 2499/3213/2479 2512/3226/2492 2497/3211/2477
f 2512/3226/2492 2513/3227/2493 2497/3211/2477
f 2497/3211/2477 2513/3227/2493 2500/3214/2480
f 2513/3227/2493 2514/3228/2494 2500/3214/2480
f 2500/3214/2480 2514/3228/2494 2501/3215/2481
f 2514/3228/2494 2515/3229/2495 2501/3215/2481
f 2508/3222/2488 2516/3230/2496 2507/3221/2487
f 2516/3230/2496 2517/3231/2497 2507/3221/2487
f 2505/3219/2485 2507/3221/2487 2518/3232/2498
f 2507/3221/2487 2517/3231/2497 2518/3232/2498
f 2505/3219/2485 2518/3232/2498 2504/3218/2484
f 2518/3232/2498 2519/3233/2499 2504/3218/2484
f 2504/3218/2484 2519/3233/2499 2510/3224/2490
f 2519/3233/2499 2520/3234/2500 2510/3224/2490
o eyelid2
v 0.794413 12.043524 1.031082
v 0.883724 11.998919 0.928011
v 0.769877 12.205578 0.989645
v 0.225462 12.042121 1.147241
v 0.317400 12.087247 1.175324
v 0.333655 12.244386 1.119091
v 0.369387 11.232634 1.114815
v 0.335560 11.336934 1.173113
v 0.287394 11.365464 1.135361
v 0.806070 11.376184 0.930339
v 0.734797 11.336224 1.025168
v 0.689065 11.250705 0.977294
v -0.769875 12.205578 0.989645
v -0.883721 11.998919 0.928010
v -0.794411 12.043524 1.031082
v -0.333652 12.244386 1.119091
v -0.317397 12.087247 1.175324
v -0.225459 12.042121 1.147241
v -0.689063 11.250705 0.977294
v -0.734795 11.336224 1.025167
v -0.806067 11.376192 0.930339
v -0.287392 11.365464 1.135361
v -0.335558 11.336934 1.173113
v -0.369384 11.232634 1.114815
v -0.526515 11.206290 1.062654
v -0.689063 11.250705 0.977294
v -0.654976 11.135164 0.948861
v -0.404897 11.151804 1.136502
v -0.369384 11.232634 1.114815
v 0.654978 11.135164 0.948862
v 0.689065 11.250705 0.977294
v 0.526517 11.206281 1.062654
v 0.369387 11.232634 1.114815
v 0.404898 11.151804 1.136502
v 0.526517 11.206281 1.062654
v 0.559376 11.329014 1.116896
v -0.526515 11.206290 1.062654
v -0.559374 11.329014 1.116896
v 0.769874 11.671581 1.045386
v 0.891162 11.675388 0.916449
v 0.590045 12.074888 1.128285
v 0.563896 12.299880 1.057575
v 0.318517 11.668737 1.196126
v 0.590610 11.669997 1.147434
v 0.212206 11.676954 1.153462
v -0.891159 11.675388 0.916449
v -0.769872 11.671581 1.045385
v -0.563894 12.299880 1.057574
v -0.590043 12.074888 1.128285
v -0.318515 11.668737 1.196126
v -0.590608 11.669997 1.147434
v -0.212204 11.676954 1.153462
v -0.806067 11.376192 0.930339
v -0.976835 11.190333 0.765949
v -0.245420 11.316522 1.232598
v -0.287392 11.365464 1.135361
v 0.806070 11.376184 0.930339
v 0.976837 11.190333 0.765950
v 0.245422 11.316522 1.232598
v 0.287394 11.365464 1.135361
v -0.891159 11.675388 0.916449
v -1.092422 11.660151 0.763492
v -0.883721 11.998919 0.928010
v -1.119680 12.105417 0.777332
v -0.986598 12.362287 0.929167
v -0.563894 12.299880 1.057574
v -0.686101 12.455220 1.072194
v -0.333652 12.244386 1.119091
v -0.344588 12.435861 1.200661
v -0.225459 12.042121 1.147241
v -0.128919 12.098658 1.204763
v -0.099145 11.685388 1.205325
v -0.245420 11.316522 1.232598
v 1.092424 11.660151 0.763492
v 0.891162 11.675388 0.916449
v 1.119683 12.105417 0.777333
v 0.883724 11.998919 0.928011
v 0.986600 12.362287 0.929167
v 0.686103 12.455220 1.072195
v 0.563896 12.299880 1.057575
v 0.344590 12.435861 1.200661
v 0.333655 12.244386 1.119091
v 0.128921 12.098658 1.204763
v 0.225462 12.042121 1.147241
v 0.099147 11.685388 1.205325
v 0.245422 11.316522 1.232598
vt 0.654770 0.694814
vt 0.733807 0.678377
vt 0.647569 0.842014
vt 0.236634 0.709036
vt 0.316796 0.723921
vt 0.318350 0.852585
vt 0.337500 0.179457
vt 0.329663 0.224384
vt 0.237158 0.233224
vt 0.678977 0.234375
vt 0.612531 0.229367
vt 0.593222 0.167863
vt 0.647569 0.842014
vt 0.733807 0.678377
vt 0.654770 0.694814
vt 0.318350 0.852585
vt 0.316796 0.723921
vt 0.236634 0.709036
vt 0.593222 0.167863
vt 0.612531 0.229367
vt 0.678977 0.234375
vt 0.237158 0.233224
vt 0.329663 0.224384
vt 0.337500 0.179457
vt 0.473011 0.150568
vt 0.593750 0.167614
vt 0.563189 0.042159
vt 0.230390 0.084043
vt 0.338068 0.178977
vt 0.563189 0.042159
vt 0.593750 0.167614
vt 0.473011 0.150568
vt 0.338068 0.178977
vt 0.230390 0.084043
vt 0.472091 0.150260
vt 0.488241 0.219113
vt 0.472091 0.150260
vt 0.488241 0.219113
vt 0.637383 0.447186
vt 0.739425 0.448765
vt 0.509971 0.715695
vt 0.492247 0.891972
vt 0.317588 0.445292
vt 0.510371 0.446128
vt 0.197443 0.451705
vt 0.739425 0.448765
vt 0.637383 0.447186
vt 0.492247 0.891972
vt 0.509971 0.715695
vt 0.317588 0.445292
vt 0.510371 0.446128
vt 0.197443 0.451705
vt 0.678543 0.235150
vt 0.828670 0.083972
vt 0.167257 0.216184
vt 0.237216 0.232955
vt 0.678543 0.235150
vt 0.828670 0.083972
vt 0.167257 0.216184
vt 0.237216 0.232955
vt 0.739583 0.449219
vt 0.924009 0.440011
vt 0.734375 0.677083
vt 0.946494 0.777444
vt 0.836722 0.972104
vt 0.493056 0.892361
vt 0.588863 1.042535
vt 0.317708 0.852431
vt 0.307172 1.027864
vt 0.236111 0.708333
vt 0.129280 0.772320
vt 0.104721 0.459131
vt 0.169471 0.214295
vt 0.924009 0.440011
vt 0.739583 0.449219
vt 0.946494 0.777444
vt 0.734375 0.677083
vt 0.836722 0.972104
vt 0.588863 1.042535
vt 0.493056 0.892361
vt 0.307172 1.027864
vt 0.317708 0.852431
vt 0.129280 0.772320
vt 0.236111 0.708333
vt 0.104721 0.459131
vt 0.169471 0.214295
vn 0.6223 0.1495 0.7683
vn 0.7686 0.0693 0.6360
vn 0.4118 0.0244 0.9109
vn -0.3522 0.1242 0.9276
vn -0.1167 0.2185 0.9688
vn 0.0678 0.3291 0.9418
vn 0.0634 -0.4769 0.8766
vn -0.2824 -0.3299 0.9007
vn -0.6485 -0.2195 0.7288
vn 0.8188 -0.3016 0.4884
vn 0.6531 -0.3794 0.6554
vn 0.5751 -0.6117 0.5432
vn -0.4505 0.0749 0.8896
vn -0.7623 0.0594 0.6444
vn -0.6312 0.1491 0.7611
vn -0.0666 0.3301 0.9416
vn 0.1188 0.2159 0.9691
vn 0.3402 0.1121 0.9336
vn -0.5387 -0.5737 0.6170
vn -0.6490 -0.3869 0.6550
vn -0.8028 -0.2454 0.5434
vn 0.6915 -0.2951 0.6593
vn 0.2766 -0.3567 0.8923
vn -0.0749 -0.4679 0.8806
vn -0.5448 -0.1523 0.8245
vn -0.5202 -0.3092 0.7961
vn -0.5168 -0.3295 0.7901
vn -0.5366 0.3148 0.7829
vn -0.7213 0.4566 0.5208
vn 0.5389 -0.3049 0.7852
vn 0.6067 -0.3541 0.7117
vn 0.5448 -0.1523 0.8245
vn 0.6596 0.4385 0.6105
vn 0.5310 0.3235 0.7832
vn 0.3274 -0.4781 0.8150
vn 0.3406 -0.2772 0.8984
vn -0.3530 -0.4523 0.8190
vn -0.3562 -0.3038 0.8836
vn 0.6100 -0.0558 0.7904
vn 0.7421 -0.0731 0.6662
vn 0.3188 0.1796 0.9306
vn 0.2962 0.3117 0.9028
vn -0.1082 -0.0396 0.9933
vn 0.3420 -0.0345 0.9391
vn 0.0884 0.0514 0.9948
vn -0.7270 -0.0845 0.6814
vn -0.6250 -0.0704 0.7775
vn -0.2917 0.3179 0.9021
vn -0.3109 0.1820 0.9328
vn 0.1063 -0.0146 0.9942
vn -0.3399 -0.0318 0.9399
vn -0.0571 -0.0010 0.9984
vn -0.5813 -0.1697 0.7958
vn -0.5726 -0.1937 0.7966
vn -0.7430 0.4115 0.5278
vn -0.7485 0.3566 0.5590
vn 0.5717 -0.2015 0.7953
vn 0.5628 -0.1936 0.8036
vn 0.7588 0.4055 0.5098
vn 0.8238 0.2765 0.4948
vn -0.6016 -0.0789 0.7949
vn -0.5883 -0.0865 0.8040
vn -0.5508 -0.0057 0.8346
vn -0.5199 -0.0993 0.8484
vn -0.3934 -0.2444 0.8863
vn -0.3164 -0.2926 0.9023
vn -0.3234 -0.3437 0.8816
vn -0.6013 -0.3374 0.7243
vn -0.4191 -0.3565 0.8350
vn -0.4935 -0.1166 0.8619
vn -0.4353 -0.1408 0.8892
vn -0.4649 0.0379 0.8845
vn -0.7837 0.3488 0.5138
vn 0.5994 -0.0981 0.7944
vn 0.5880 -0.0901 0.8038
vn 0.5781 -0.1058 0.8091
vn 0.5117 -0.0755 0.8558
vn 0.4412 -0.1509 0.8846
vn 0.3070 -0.2610 0.9152
vn 0.2902 -0.3234 0.9006
vn 0.4037 -0.3701 0.8366
vn 0.4683 -0.3385 0.8161
vn 0.4966 -0.1264 0.8587
vn 0.4715 -0.0696 0.8791
vn 0.4302 0.0969 0.8975
vn 0.7844 0.2011 0.5867
usemtl material_1
s 1
f 2521/3235/2501 2522/3236/2502 2523/3237/2503
f 2524/3238/2504 2525/3239/2505 2526/3240/2506
f 2527/3241/2507 2528/3242/2508 2529/3243/2509
f 2530/3244/2510 2531/3245/2511 2532/3246/2512
f 2533/3247/2513 2534/3248/2514 2535/3249/2515
f 2536/3250/2516 2537/3251/2517 2538/3252/2518
f 2539/3253/2519 2540/3254/2520 2541/3255/2521
f 2542/3256/2522 2543/3257/2523 2544/3258/2524
f 2545/3259/2525 2546/3260/2526 2547/3261/2527
f 2548/3262/2528 2549/3263/2529 2545/3259/2525
f 2545/3259/2525 2547/3261/2527 2548/3262/2528
f 2550/3264/2530 2551/3265/2531 2552/3266/2532
f 2552/3266/2532 2553/3267/2533 2554/3268/2534
f 2554/3268/2534 2550/3264/2530 2552/3266/2532
f 2555/3269/2535 2556/3270/2536 2527/3241/2507
f 2556/3270/2536 2528/3242/2508 2527/3241/2507
f 2544/3258/2524 2543/3257/2523 2557/3271/2537
f 2543/3257/2523 2558/3272/2538 2557/3271/2537
f 2559/3273/2539 2531/3245/2511 2560/3274/2540
f 2531/3245/2511 2530/3244/2510 2560/3274/2540
f 2525/3239/2505 2561/3275/2541 2526/3240/2506
f 2561/3275/2541 2562/3276/2542 2526/3240/2506
f 2528/3242/2508 2556/3270/2536 2563/3277/2543
f 2556/3270/2536 2564/3278/2544 2563/3277/2543
f 2528/3242/2508 2563/3277/2543 2529/3243/2509
f 2563/3277/2543 2565/3279/2545 2529/3243/2509
f 2523/3237/2503 2562/3276/2542 2521/3235/2501
f 2562/3276/2542 2561/3275/2541 2521/3235/2501
f 2564/3278/2544 2556/3270/2536 2559/3273/2539
f 2556/3270/2536 2531/3245/2511 2559/3273/2539
f 2559/3273/2539 2560/3274/2540 2521/3235/2501
f 2560/3274/2540 2522/3236/2502 2521/3235/2501
f 2565/3279/2545 2563/3277/2543 2524/3238/2504
f 2563/3277/2543 2525/3239/2505 2524/3238/2504
f 2532/3246/2512 2531/3245/2511 2555/3269/2535
f 2531/3245/2511 2556/3270/2536 2555/3269/2535
f 2563/3277/2543 2564/3278/2544 2525/3239/2505
f 2564/3278/2544 2561/3275/2541 2525/3239/2505
f 2521/3235/2501 2561/3275/2541 2559/3273/2539
f 2561/3275/2541 2564/3278/2544 2559/3273/2539
f 2557/3271/2537 2558/3272/2538 2539/3253/2519
f 2558/3272/2538 2540/3254/2520 2539/3253/2519
f 2566/3280/2546 2541/3255/2521 2567/3281/2547
f 2541/3255/2521 2540/3254/2520 2567/3281/2547
f 2536/3250/2516 2568/3282/2548 2537/3251/2517
f 2568/3282/2548 2569/3283/2549 2537/3251/2517
f 2570/3284/2550 2571/3285/2551 2543/3257/2523
f 2571/3285/2551 2558/3272/2538 2543/3257/2523
f 2542/3256/2522 2572/3286/2552 2543/3257/2523
f 2572/3286/2552 2570/3284/2550 2543/3257/2523
f 2535/3249/2515 2569/3283/2549 2533/3247/2513
f 2569/3283/2549 2568/3282/2548 2533/3247/2513
f 2567/3281/2547 2540/3254/2520 2571/3285/2551
f 2540/3254/2520 2558/3272/2538 2571/3285/2551
f 2535/3249/2515 2534/3248/2514 2567/3281/2547
f 2534/3248/2514 2566/3280/2546 2567/3281/2547
f 2538/3252/2518 2537/3251/2517 2572/3286/2552
f 2537/3251/2517 2570/3284/2550 2572/3286/2552
f 2537/3251/2517 2569/3283/2549 2570/3284/2550
f 2569/3283/2549 2571/3285/2551 2570/3284/2550
f 2567/3281/2547 2571/3285/2551 2535/3249/2515
f 2571/3285/2551 2569/3283/2549 2535/3249/2515
f 2573/3287/2553 2574/3288/2554 2546/3260/2526
f 2574/3288/2554 2547/3261/2527 2546/3260/2526
f 2575/3289/2555 2576/3290/2556 2548/3262/2528
f 2576/3290/2556 2549/3263/2529 2548/3262/2528
f 2551/3265/2531 2550/3264/2530 2577/3291/2557
f 2550/3264/2530 2578/3292/2558 2577/3291/2557
f 2554/3268/2534 2553/3267/2533 2579/3293/2559
f 2553/3267/2533 2580/3294/2560 2579/3293/2559
f 2581/3295/2561 2574/3288/2554 2573/3287/2553
f 2581/3295/2561 2582/3296/2562 2574/3288/2554
f 2583/3297/2563 2582/3296/2562 2581/3295/2561
f 2583/3297/2563 2584/3298/2564 2582/3296/2562
f 2533/3247/2513 2584/3298/2564 2583/3297/2563
f 2533/3247/2513 2585/3299/2565 2584/3298/2564
f 2586/3300/2566 2585/3299/2565 2533/3247/2513
f 2586/3300/2566 2587/3301/2567 2585/3299/2565
f 2588/3302/2568 2587/3301/2567 2586/3300/2566
f 2588/3302/2568 2589/3303/2569 2587/3301/2567
f 2590/3304/2570 2589/3303/2569 2588/3302/2568
f 2590/3304/2570 2591/3305/2571 2589/3303/2569
f 2572/3286/2552 2591/3305/2571 2590/3304/2570
f 2572/3286/2552 2592/3306/2572 2591/3305/2571
f 2576/3290/2556 2592/3306/2572 2572/3286/2552
f 2576/3290/2556 2593/3307/2573 2592/3306/2572
f 2594/3308/2574 2577/3291/2557 2578/3292/2558
f 2594/3308/2574 2595/3309/2575 2577/3291/2557
f 2596/3310/2576 2595/3309/2575 2594/3308/2574
f 2596/3310/2576 2597/3311/2577 2595/3309/2575
f 2598/3312/2578 2597/3311/2577 2596/3310/2576
f 2598/3312/2578 2523/3237/2503 2597/3311/2577
f 2599/3313/2579 2523/3237/2503 2598/3312/2578
f 2599/3313/2579 2600/3314/2580 2523/3237/2503
f 2601/3315/2581 2600/3314/2580 2599/3313/2579
f 2601/3315/2581 2602/3316/2582 2600/3314/2580
f 2603/3317/2583 2602/3316/2582 2601/3315/2581
f 2603/3317/2583 2604/3318/2584 2602/3316/2582
f 2605/3319/2585 2604/3318/2584 2603/3317/2583
f 2605/3319/2585 2565/3279/2545 2604/3318/2584
f 2606/3320/2586 2565/3279/2545 2605/3319/2585
f 2606/3320/2586 2580/3294/2560 2565/3279/2545
o eyelid1
v -0.785781 12.234729 0.974295
v -0.908053 12.012780 0.908099
v -0.812562 12.045352 1.032151
v -0.317279 12.276400 1.113319
v -0.328750 12.089694 1.178449
v -0.201080 12.059175 1.151036
v 0.812564 12.045352 1.032151
v 0.908054 12.012771 0.908099
v 0.785783 12.234729 0.974295
v 0.201082 12.059175 1.151036
v 0.328753 12.089694 1.178450
v 0.317281 12.276400 1.113319
v -0.605622 11.833329 1.142271
v -0.605281 12.077166 1.130739
v -0.796617 11.803684 1.041445
v -0.329406 11.844300 1.190646
v -0.196634 11.840107 1.174851
v -0.564558 12.336006 1.047250
v -0.931642 11.762058 0.897017
v 0.796619 11.803684 1.041445
v 0.605624 11.833329 1.142271
v 0.605284 12.077166 1.130739
v 0.329408 11.844300 1.190646
v 0.196637 11.840107 1.174851
v 0.564561 12.336006 1.047250
v 0.931644 11.762058 0.897017
vt 0.646828 0.843648
vt 0.733807 0.678377
vt 0.654770 0.694814
vt 0.318350 0.852585
vt 0.316796 0.723921
vt 0.236634 0.709036
vt 0.654770 0.694814
vt 0.733807 0.678377
vt 0.646828 0.843648
vt 0.236634 0.709036
vt 0.316796 0.723921
vt 0.318350 0.852585
vt 0.510208 0.555640
vt 0.509971 0.715695
vt 0.643631 0.536177
vt 0.317254 0.562839
vt 0.213316 0.560088
vt 0.492247 0.891972
vt 0.737955 0.508859
vt 0.643631 0.536177
vt 0.510208 0.555640
vt 0.509971 0.715695
vt 0.317254 0.562839
vt 0.213316 0.560088
vt 0.492247 0.891972
vt 0.737955 0.508859
vn -0.5375 0.3226 0.7791
vn -0.8017 0.1217 0.5852
vn -0.6330 0.1599 0.7575
vn -0.0649 0.3322 0.9409
vn 0.0342 0.1969 0.9798
vn 0.2181 0.1474 0.9647
vn 0.6423 0.1567 0.7503
vn 0.7836 0.0887 0.6149
vn 0.5284 0.3155 0.7881
vn -0.2466 0.1755 0.9531
vn -0.0271 0.2068 0.9780
vn 0.0688 0.3296 0.9416
vn -0.3332 0.0456 0.9417
vn -0.3176 0.1877 0.9294
vn -0.6070 0.0002 0.7947
vn -0.0102 0.0700 0.9975
vn 0.1208 0.1097 0.9866
vn -0.2899 0.3364 0.8959
vn -0.7549 0.0045 0.6558
vn 0.6311 0.0094 0.7757
vn 0.3227 0.0344 0.9459
vn 0.3158 0.1957 0.9284
vn 0.0275 0.0491 0.9984
vn -0.1556 0.0681 0.9854
vn 0.2917 0.3312 0.8973
vn 0.7355 0.0393 0.6763
usemtl material_0
s 1
f 2607/3321/2587 2608/3322/2588 2609/3323/2589
f 2610/3324/2590 2611/3325/2591 2612/3326/2592
f 2613/3327/2593 2614/3328/2594 2615/3329/2595
f 2616/3330/2596 2617/3331/2597 2618/3332/2598
f 2619/3333/2599 2620/3334/2600 2621/3335/2601
f 2620/3334/2600 2609/3323/2589 2621/3335/2601
f 2622/3336/2602 2611/3325/2591 2619/3333/2599
f 2611/3325/2591 2620/3334/2600 2619/3333/2599
f 2623/3337/2603 2612/3326/2592 2622/3336/2602
f 2612/3326/2592 2611/3325/2591 2622/3336/2602
f 2610/3324/2590 2624/3338/2604 2611/3325/2591
f 2624/3338/2604 2620/3334/2600 2611/3325/2591
f 2621/3335/2601 2609/3323/2589 2625/3339/2605
f 2609/3323/2589 2608/3322/2588 2625/3339/2605
f 2609/3323/2589 2620/3334/2600 2607/3321/2587
f 2620/3334/2600 2624/3338/2604 2607/3321/2587
f 2626/3340/2606 2613/3327/2593 2627/3341/2607
f 2613/3327/2593 2628/3342/2608 2627/3341/2607
f 2627/3341/2607 2628/3342/2608 2629/3343/2609
f 2628/3342/2608 2617/3331/2597 2629/3343/2609
f 2629/3343/2609 2617/3331/2597 2630/3344/2610
f 2617/3331/2597 2616/3330/2596 2630/3344/2610
f 2617/3331/2597 2628/3342/2608 2618/3332/2598
f 2628/3342/2608 2631/3345/2611 2618/3332/2598
f 2632/3346/2612 2614/3328/2594 2626/3340/2606
f 2614/3328/2594 2613/3327/2593 2626/3340/2606
f 2615/3329/2595 2631/3345/2611 2613/3327/2593
f 2631/3345/2611 2628/3342/2608 2613/3327/2593
