<?xml version="1.0" encoding="utf-8"?>
<COLLADA xmlns="http://www.collada.org/2005/11/COLLADASchema" version="1.4.1" xmlns:xsi="http://www.w3.org/2001/XMLSchema-instance">
  <asset>
    <contributor>
      <author>Blender User</author>
      <authoring_tool>Blender 2.79.0 commit date:2018-03-22, commit time:14:10, hash:f4dc9f9d68b</authoring_tool>
    </contributor>
    <created>2019-06-18T06:53:56</created>
    <modified>2019-06-18T06:53:56</modified>
    <unit name="meter" meter="1"/>
    <up_axis>Z_UP</up_axis>
  </asset>
  <library_images>
    <image id="s3c002m0_eye_png" name="s3c002m0_eye_png">
      <init_from>s3c002m0_eye.png</init_from>
    </image>
    <image id="s3c002m0_eye___png" name="s3c002m0_eye___png">
      <init_from>s3c002m0_eye_+.png</init_from>
    </image>
    <image id="c002m1_Skirt_png" name="c002m1_Skirt_png">
      <init_from>c002m1_Skirt.png</init_from>
    </image>
    <image id="c002m0_Alfa_png" name="c002m0_Alfa_png">
      <init_from>c002m0_Alfa.png</init_from>
    </image>
    <image id="s3c002m0_r_eye_png" name="s3c002m0_r_eye_png">
      <init_from>s3c002m0_r_eye.png</init_from>
    </image>
    <image id="s3c002m0_l_eye_png" name="s3c002m0_l_eye_png">
      <init_from>s3c002m0_l_eye.png</init_from>
    </image>
    <image id="s3c002m0_png" name="s3c002m0_png">
      <init_from>s3c002m0.png</init_from>
    </image>
  </library_images>
  <library_effects>
    <effect id="s3c002m0_eye_png-effect">
      <profile_COMMON>
        <newparam sid="s3c002m0_eye_png-surface">
          <surface type="2D">
            <init_from>s3c002m0_eye_png</init_from>
          </surface>
        </newparam>
        <newparam sid="s3c002m0_eye_png-sampler">
          <sampler2D>
            <source>s3c002m0_eye_png-surface</source>
          </sampler2D>
        </newparam>
        <technique sid="common">
          <lambert>
            <emission>
              <color sid="emission">0 0 0 1</color>
            </emission>
            <ambient>
              <color sid="ambient">0 0 0 1</color>
            </ambient>
            <diffuse>
              <texture texture="s3c002m0_eye_png-sampler"/>
            </diffuse>
            <index_of_refraction>
              <float sid="index_of_refraction">1</float>
            </index_of_refraction>
          </lambert>
        </technique>
      </profile_COMMON>
    </effect>
    <effect id="s3c002m0_eye___png-effect">
      <profile_COMMON>
        <newparam sid="s3c002m0_eye___png-surface">
          <surface type="2D">
            <init_from>s3c002m0_eye___png</init_from>
          </surface>
        </newparam>
        <newparam sid="s3c002m0_eye___png-sampler">
          <sampler2D>
            <source>s3c002m0_eye___png-surface</source>
          </sampler2D>
        </newparam>
        <technique sid="common">
          <lambert>
            <emission>
              <color sid="emission">0 0 0 1</color>
            </emission>
            <ambient>
              <color sid="ambient">0 0 0 1</color>
            </ambient>
            <diffuse>
              <texture texture="s3c002m0_eye___png-sampler"/>
            </diffuse>
            <index_of_refraction>
              <float sid="index_of_refraction">1</float>
            </index_of_refraction>
          </lambert>
        </technique>
      </profile_COMMON>
    </effect>
    <effect id="c002m1_Skirt_png-effect">
      <profile_COMMON>
        <newparam sid="c002m1_Skirt_png-surface">
          <surface type="2D">
            <init_from>c002m1_Skirt_png</init_from>
          </surface>
        </newparam>
        <newparam sid="c002m1_Skirt_png-sampler">
          <sampler2D>
            <source>c002m1_Skirt_png-surface</source>
          </sampler2D>
        </newparam>
        <technique sid="common">
          <lambert>
            <emission>
              <color sid="emission">0 0 0 1</color>
            </emission>
            <ambient>
              <color sid="ambient">0 0 0 1</color>
            </ambient>
            <diffuse>
              <texture texture="c002m1_Skirt_png-sampler"/>
            </diffuse>
            <index_of_refraction>
              <float sid="index_of_refraction">1</float>
            </index_of_refraction>
          </lambert>
        </technique>
      </profile_COMMON>
    </effect>
    <effect id="c002m0_Alfa_png-effect">
      <profile_COMMON>
        <newparam sid="c002m0_Alfa_png-surface">
          <surface type="2D">
            <init_from>c002m0_Alfa_png</init_from>
          </surface>
        </newparam>
        <newparam sid="c002m0_Alfa_png-sampler">
          <sampler2D>
            <source>c002m0_Alfa_png-surface</source>
          </sampler2D>
        </newparam>
        <technique sid="common">
          <lambert>
            <emission>
              <color sid="emission">0 0 0 1</color>
            </emission>
            <ambient>
              <color sid="ambient">0 0 0 1</color>
            </ambient>
            <diffuse>
              <texture texture="c002m0_Alfa_png-sampler"/>
            </diffuse>
            <index_of_refraction>
              <float sid="index_of_refraction">1</float>
            </index_of_refraction>
          </lambert>
        </technique>
      </profile_COMMON>
    </effect>
    <effect id="s3c002m0_r_eye_png-effect">
      <profile_COMMON>
        <newparam sid="s3c002m0_r_eye_png-surface">
          <surface type="2D">
            <init_from>s3c002m0_r_eye_png</init_from>
          </surface>
        </newparam>
        <newparam sid="s3c002m0_r_eye_png-sampler">
          <sampler2D>
            <source>s3c002m0_r_eye_png-surface</source>
          </sampler2D>
        </newparam>
        <technique sid="common">
          <lambert>
            <emission>
              <color sid="emission">0 0 0 1</color>
            </emission>
            <ambient>
              <color sid="ambient">0 0 0 1</color>
            </ambient>
            <diffuse>
              <texture texture="s3c002m0_r_eye_png-sampler"/>
            </diffuse>
            <index_of_refraction>
              <float sid="index_of_refraction">1</float>
            </index_of_refraction>
          </lambert>
        </technique>
      </profile_COMMON>
    </effect>
    <effect id="s3c002m0_l_eye_png-effect">
      <profile_COMMON>
        <newparam sid="s3c002m0_l_eye_png-surface">
          <surface type="2D">
            <init_from>s3c002m0_l_eye_png</init_from>
          </surface>
        </newparam>
        <newparam sid="s3c002m0_l_eye_png-sampler">
          <sampler2D>
            <source>s3c002m0_l_eye_png-surface</source>
          </sampler2D>
        </newparam>
        <technique sid="common">
          <lambert>
            <emission>
              <color sid="emission">0 0 0 1</color>
            </emission>
            <ambient>
              <color sid="ambient">0 0 0 1</color>
            </ambient>
            <diffuse>
              <texture texture="s3c002m0_l_eye_png-sampler"/>
            </diffuse>
            <index_of_refraction>
              <float sid="index_of_refraction">1</float>
            </index_of_refraction>
          </lambert>
        </technique>
      </profile_COMMON>
    </effect>
    <effect id="s3c002m0_png-effect">
      <profile_COMMON>
        <newparam sid="s3c002m0_png-surface">
          <surface type="2D">
            <init_from>s3c002m0_png</init_from>
          </surface>
        </newparam>
        <newparam sid="s3c002m0_png-sampler">
          <sampler2D>
            <source>s3c002m0_png-surface</source>
          </sampler2D>
        </newparam>
        <technique sid="common">
          <lambert>
            <emission>
              <color sid="emission">0 0 0 1</color>
            </emission>
            <ambient>
              <color sid="ambient">0 0 0 1</color>
            </ambient>
            <diffuse>
              <texture texture="s3c002m0_png-sampler"/>
            </diffuse>
            <index_of_refraction>
              <float sid="index_of_refraction">1</float>
            </index_of_refraction>
          </lambert>
        </technique>
      </profile_COMMON>
    </effect>
  </library_effects>
  <library_materials>
    <material id="s3c002m0_eye_png-material" name="s3c002m0_eye_png">
      <instance_effect url="#s3c002m0_eye_png-effect"/>
    </material>
    <material id="s3c002m0_eye___png-material" name="s3c002m0_eye___png">
      <instance_effect url="#s3c002m0_eye___png-effect"/>
    </material>
    <material id="c002m1_Skirt_png-material" name="c002m1_Skirt_png">
      <instance_effect url="#c002m1_Skirt_png-effect"/>
    </material>
    <material id="c002m0_Alfa_png-material" name="c002m0_Alfa_png">
      <instance_effect url="#c002m0_Alfa_png-effect"/>
    </material>
    <material id="s3c002m0_r_eye_png-material" name="s3c002m0_r_eye_png">
      <instance_effect url="#s3c002m0_r_eye_png-effect"/>
    </material>
    <material id="s3c002m0_l_eye_png-material" name="s3c002m0_l_eye_png">
      <instance_effect url="#s3c002m0_l_eye_png-effect"/>
    </material>
    <material id="s3c002m0_png-material" name="s3c002m0_png">
      <instance_effect url="#s3c002m0_png-effect"/>
    </material>
  </library_materials>
  <library_geometries>
    <geometry id="peach-mesh" name="peach">
      <mesh>
        <source id="peach-mesh-positions">
          <float_array id="peach-mesh-positions-array" count="8739">-6.915077 157.6515 15.13909 -6.987067 157.0603 14.78196 -6.872857 156.9586 14.82735 -13.53047 152.3685 9.476037 -12.59233 151.9988 9.693308 -12.60294 152.3038 9.736307 -12.89134 156.1698 12.08541 -12.01729 155.3161 11.54228 -11.75936 155.4625 11.7335 -13.6086 154.27 10.95968 -12.25383 153.5919 10.61349 -12.16855 153.8916 10.77823 -9.073327 158.1381 14.64464 -8.986898 157.3361 14.24255 -8.827007 157.2866 14.31522 -11.29821 157.6161 14.32574 -10.9203 156.7329 13.86289 -10.69298 156.7734 13.93253 6.872901 156.9587 14.82735 6.987112 157.0603 14.78196 6.915122 157.6515 15.13909 12.60298 152.3038 9.736309 12.59237 151.9988 9.69331 13.53051 152.3685 9.476038 11.7594 155.4625 11.7335 12.01733 155.3161 11.54228 12.89138 156.1698 12.08541 12.16859 153.8916 10.77824 12.25387 153.5919 10.6135 13.60864 154.27 10.95969 8.827053 157.2866 14.31522 8.986941 157.3361 14.24255 9.073372 158.1381 14.64464 10.69302 156.7734 13.93253 10.92034 156.7329 13.86289 11.29825 157.6161 14.32574 -6.894727 156.4654 13.90656 -6.720217 156.3277 13.97156 -6.662837 156.0514 12.55866 -6.390707 156.0096 12.62675 -11.62472 151.8689 9.572378 -11.64012 152.3117 9.634807 -10.60425 151.8027 9.451968 -10.6231 152.345 9.528427 -11.25921 154.864 10.99138 -10.94657 155.0812 11.16956 -10.42556 154.7255 9.951573 -10.15518 154.9096 10.26636 -11.30848 153.392 10.12003 -11.18415 153.7903 10.3498 -10.13384 153.3885 9.068856 -9.981007 153.8358 9.339914 -8.611987 156.5741 13.2758 -8.375008 156.5196 13.38086 -8.009326 156.126 11.78435 -7.710717 156.1301 11.91095 -10.54799 156.1929 13.28437 -10.25959 156.3047 13.3909 -9.857027 155.8109 11.75864 -9.456116 155.8164 11.87644 6.720262 156.3277 13.97156 6.894772 156.4654 13.90656 6.390751 156.0096 12.62675 6.662881 156.0514 12.55866 11.64016 152.3117 9.634809 11.62476 151.8689 9.57238 10.62314 152.345 9.528429 10.60429 151.8027 9.45197 10.94661 155.0812 11.16956 11.25925 154.864 10.99138 10.15522 154.9096 10.26636 10.4256 154.7255 9.951575 11.18419 153.7903 10.34981 11.30852 153.392 10.12004 9.981053 153.8358 9.339916 10.13388 153.3885 9.068857 8.375053 156.5196 13.38086 8.612032 156.5741 13.2758 7.710762 156.1301 11.91095 8.009372 156.126 11.78435 10.25963 156.3047 13.3909 10.54803 156.1929 13.28437 9.456161 155.8164 11.87644 9.857072 155.8109 11.75864 1.856094 149.922 13.69569 1.864314 148.616 13.97222 3.765084 148.8597 12.82495 9.917084 155.2068 10.97051 9.957362 154.0696 10.87484 10.3503 153.5473 10.57498 7.359804 146.6987 12.37728 7.007344 148.8474 11.97388 4.872765 146.8315 13.48445 3.347764 148.0182 13.55728 12.27023 150.4363 7.329301 10.86128 150.353 9.321613 10.51133 146.794 9.423289 9.489974 149.5587 10.34561 8.159765 149.4003 11.2898 11.08949 153.5749 10.07142 10.62783 152.8416 10.34301 10.77308 152 9.926036 2.026654 151.7575 13.84402 6.993305 149.136 12.046 8.613372 154.7964 11.89021 8.013444 156.0199 12.39604 7.688361 154.8685 12.49369 4.605487 153.0471 13.11013 4.598534 154.3985 13.23515 3.864054 151.6188 13.06573 9.541001 149.778 10.37811 10.70213 150.5455 9.546353 10.68987 150.2537 9.449613 4.144698 151.6476 13.0355 5.163299 153.7804 13.11217 4.999179 149.1694 12.57557 4.42043 149.5095 12.80763 6.249018 149.0764 12.22656 9.280332 154.5752 11.39449 10.91834 151.1584 9.509064 -3.765037 148.8597 12.82494 -1.864267 148.616 13.97221 -1.856047 149.922 13.69569 -10.35026 153.5473 10.57498 -9.957314 154.0696 10.87484 -9.917037 155.2068 10.97051 -4.872716 146.8315 13.48445 -7.007297 148.8474 11.97387 -7.359756 146.6987 12.37728 -3.347717 148.0182 13.55728 -10.51128 146.794 9.423287 -10.86124 150.353 9.321612 -12.27019 150.4363 7.329299 -9.489928 149.5587 10.34561 -8.159717 149.4003 11.2898 -10.77304 152 9.926035 -10.62778 152.8416 10.34301 -11.08945 153.5749 10.07141 -2.026607 151.7575 13.84402 -6.993258 149.136 12.046 -7.688314 154.8685 12.49369 -8.013398 156.0199 12.39604 -8.613326 154.7964 11.89021 -3.864007 151.6188 13.06573 -4.598487 154.3985 13.23514 -4.60544 153.0471 13.11013 -3.930634 150.1725 12.92563 -4.420382 149.5095 12.80763 -9.540953 149.778 10.37811 -10.68982 150.2537 9.449612 -10.70208 150.5455 9.54635 -4.144651 151.6476 13.0355 -3.817615 150.3255 12.95286 -5.163252 153.7804 13.11217 -4.999132 149.1694 12.57557 -6.248971 149.0764 12.22656 -9.280285 154.5752 11.39449 -10.91829 151.1584 9.509064 -7.105871 156.238 14.9406 -7.185821 155.7511 14.5287 -7.062908 155.6441 14.55909 -13.48875 152.032 9.569283 -12.56251 151.7003 9.666315 -12.56674 151.9383 9.746465 -12.70031 155.1314 12.06388 -11.82303 154.4151 11.44932 -11.56278 154.5104 11.64531 -13.44171 153.5917 11.01247 -12.12689 153.0052 10.5493 -12.03533 153.2294 10.73104 -9.133977 156.6996 14.48153 -9.044761 156.0128 14.00097 -8.875432 155.9484 14.0685 -11.16738 156.282 14.11724 -10.8027 155.5442 13.56623 -10.57533 155.5477 13.62888 7.062954 155.6441 14.55909 7.185867 155.7512 14.5287 7.105916 156.2381 14.9406 12.56679 151.9383 9.746467 12.56255 151.7003 9.666316 13.48879 152.032 9.569286 11.56282 154.5104 11.64531 11.82308 154.4151 11.44932 12.70035 155.1314 12.06389 12.03538 153.2294 10.73104 12.12693 153.0052 10.5493 13.44176 153.5917 11.01247 8.875477 155.9484 14.0685 9.044808 156.0128 14.00097 9.134023 156.6996 14.48153 10.57537 155.5477 13.62889 10.80274 155.5442 13.56623 11.16743 156.282 14.11724 6.290159 154.5322 12.91181 6.101013 155.4009 12.968 3.930681 150.1725 12.92563 3.817662 150.3255 12.95286 -6.290112 154.5322 12.91181 -6.100967 155.4009 12.968 -7.080331 155.3232 13.64295 -6.892293 155.1764 13.68782 -6.815132 155.1187 12.3504 -6.519779 155.0531 12.41358 -11.59845 151.6115 9.526942 -11.60459 151.9572 9.643307 -10.58022 151.5737 9.396219 -10.58774 151.997 9.538724 -11.05794 154.0662 10.88529 -10.74149 154.2258 11.07982 -10.20811 154.0719 9.921964 -9.936026 154.1822 10.23586 -11.18392 152.8639 10.05005 -11.05193 153.1597 10.30034 -9.979621 152.9599 9.089488 -9.833018 153.3212 9.405877 -8.64978 155.4296 13.00961 -8.398759 155.3518 13.10976 -8.012607 155.2001 11.57938 -7.696092 155.17 11.71 -10.42351 155.124 12.963 -10.13333 155.1785 13.06757 -9.671937 154.9538 11.53251 -9.273523 154.9032 11.62882 6.892339 155.1764 13.68782 7.080377 155.3232 13.64295 6.519824 155.0531 12.41358 6.815176 155.1187 12.3504 11.60464 151.9572 9.643309 11.5985 151.6115 9.526944 10.58779 151.997 9.538727 10.58027 151.5737 9.39622 10.74153 154.2258 11.07982 11.05798 154.0662 10.88529 9.936071 154.1822 10.23586 10.20815 154.0719 9.921965 11.05198 153.1597 10.30034 11.18397 152.8639 10.05005 9.833065 153.3212 9.405879 9.979667 152.9599 9.089489 8.398805 155.3518 13.10976 8.649826 155.4296 13.00961 7.696136 155.17 11.71 8.012655 155.2001 11.57938 10.13338 155.1785 13.06757 10.42356 155.124 12.963 9.273569 154.9032 11.62882 9.671983 154.9538 11.53251 11.44013 155.1437 9.253623 9.765393 157.2006 11.82598 6.126253 157.1806 13.72824 3.612684 156.5285 14.93977 2.634484 154.2629 14.26888 -2.634437 154.2629 14.26888 -3.612637 156.5285 14.93977 -6.126208 157.1806 13.72824 -9.765349 157.2006 11.82598 -11.44009 155.1437 9.253621 6.857594 151.9261 12.76725 8.013444 156.0199 12.42004 6.101013 155.4009 12.992 10.03425 151.8987 10.7162 11.08949 153.5749 10.09541 9.917084 155.2068 10.99451 7.007344 148.8474 11.99787 9.489974 149.5587 10.36961 10.86128 150.353 9.34561 3.765084 148.8597 12.84894 3.864054 151.6188 13.08973 4.598534 154.3985 13.25914 3.347764 148.0182 13.55728 1.864314 148.616 13.97222 -6.100967 155.4009 12.992 -8.013398 156.0199 12.42004 -6.857547 151.9261 12.76725 -9.917037 155.2068 10.99451 -11.08945 153.5749 10.09541 -10.03421 151.8987 10.71619 -9.489928 149.5587 10.36961 -7.007297 148.8474 11.99787 -10.86124 150.353 9.345608 -3.864007 151.6188 13.08973 -3.765037 148.8597 12.84894 -4.598487 154.3985 13.25914 -3.347717 148.0182 13.55728 -1.864267 148.616 13.97221 -8.136156 148.6053 13.86874 -8.259096 148.6814 13.16107 -8.089185 148.5454 13.11047 -13.26347 150.2148 10.07281 -12.40148 150.0883 9.520543 -12.37129 149.9647 9.801313 -11.66876 149.5239 11.94763 -10.77407 149.5496 10.94731 -10.50124 149.3691 11.16905 -12.54053 149.9288 11.29749 -11.44141 149.8373 10.20266 -11.31599 149.6536 10.47616 -9.461495 148.9317 13.60077 -9.357236 148.8674 12.69641 -9.136926 148.7218 12.73619 -10.46095 149.078 12.99133 -10.16768 149.125 11.96424 -9.940027 148.9289 11.98919 8.089233 148.5454 13.11048 8.259143 148.6814 13.16108 8.136203 148.6053 13.86875 12.37133 149.9647 9.801315 12.40152 150.0883 9.520545 13.26351 150.2148 10.07281 10.50128 149.3691 11.16905 10.77411 149.5496 10.94732 11.6688 149.5239 11.94763 11.31603 149.6536 10.47616 11.44145 149.8373 10.20266 12.54057 149.9288 11.29749 9.136972 148.7218 12.7362 9.357282 148.8674 12.69641 9.461543 148.9317 13.60077 9.940073 148.9289 11.9892 10.16772 149.125 11.96425 10.46099 149.078 12.99134 -8.082596 149.1552 12.21946 -7.821507 148.9595 12.15561 -7.637526 150.0819 11.2258 -7.216766 149.8876 11.26243 -11.45661 150.222 9.281581 -11.41278 150.0426 9.689203 -10.45051 150.337 9.095162 -10.39683 150.1173 9.594323 -9.971088 149.7581 10.31238 -9.634067 149.6061 10.59522 -9.033877 150.542 9.762072 -8.752607 150.2541 10.07116 -10.51132 150.0122 9.672142 -10.33798 149.7544 10.03324 -9.146857 150.6454 9.200901 -8.853866 149.2496 11.57218 -8.527027 149.0456 11.64582 -8.030326 150.2004 10.47254 -7.617116 149.9857 10.62485 -9.751357 149.3521 11.22757 -9.451546 149.0973 11.32156 -8.672456 150.3258 10.31136 -8.287517 149.9721 10.29164 7.821553 148.9595 12.15561 8.082642 149.1552 12.21947 7.216812 149.8876 11.26243 7.637572 150.0819 11.2258 11.41282 150.0426 9.689205 11.45665 150.222 9.281583 10.39687 150.1173 9.594325 10.45055 150.337 9.095164 9.634114 149.6061 10.59522 9.971133 149.7581 10.31238 8.752654 150.2541 10.07116 9.033924 150.542 9.762075 10.33802 149.7544 10.03324 10.51136 150.0122 9.672144 9.146903 150.6454 9.200902 8.527072 149.0456 11.64582 8.853912 149.2496 11.57218 7.617162 149.9857 10.62485 8.030372 150.2004 10.47254 9.451593 149.0973 11.32156 9.751402 149.3521 11.22757 8.287563 149.9721 10.29164 8.672504 150.3258 10.31136 1.856094 149.922 13.69569 2.026654 151.7575 13.84402 2.634484 154.2629 14.26888 3.612684 156.5285 14.93977 6.126253 157.1806 13.72824 9.765393 157.2006 11.82598 11.44013 155.1437 9.253623 12.27023 150.4363 7.329301 10.51133 146.794 9.423289 7.359804 146.6987 12.37728 4.872765 146.8315 13.48445 -4.872716 146.8315 13.48445 -7.359756 146.6987 12.37728 -10.51128 146.794 9.423287 -12.27019 150.4363 7.329299 -11.44009 155.1437 9.253621 -9.765349 157.2006 11.82598 -6.126208 157.1806 13.72824 -3.612637 156.5285 14.93977 -2.634437 154.2629 14.26888 -2.026607 151.7575 13.84402 -1.856047 149.922 13.69569 16.97766 20.26291 28.99605 5.5e-5 20.26291 34.51877 6.8e-5 34.22335 1.27996e-4 34.18448 20.26293 9.69962e-5 28.71523 20.26294 -17.1435 43.82138 10.11795 -18.18513 -26.23554 20.26293 17.06149 -43.82136 10.11795 18.1853 -49.01395 10.11797 2.72996e-4 18.15143 10.11791 43.90311 -18.15141 10.11799 -43.90294 -16.97756 20.26297 -28.99585 -34.65928 10.11799 -34.85621 5.5e-5 20.26296 -34.51858 -43.82136 10.11798 -18.18513 -28.71513 20.26296 -17.1435 16.97766 20.26295 -28.99585 28.71523 20.26291 17.1437 -16.97755 20.26292 28.99605 -31.70479 20.26295 -0.082111 34.65126 10.11791 34.85676 43.82138 10.11792 18.1853 34.65125 10.11796 -34.85621 18.15142 10.11798 -43.90294 -34.65928 10.11794 34.85676 -18.15141 10.11792 43.90311 -0.004012942 10.11791 49.2948 49.00593 10.11793 2.70996e-4 -0.004014968 10.11799 -49.29425 -44.71107 10.11798 -18.55437 -55.18116 0.442935 2.69996e-4 -50.00909 10.11796 2.74996e-4 -48.64214 0.442949 -20.34517 -35.36296 10.11799 -35.56393 -39.02017 0.442961 -39.55241 -18.51991 10.11799 -44.79435 -20.14821 0.442962 -49.11772 -0.004055976 10.11799 -50.29513 -0.00405699 0.442959 -55.93567 18.52001 10.11797 -44.79435 20.1483 0.442946 -49.11773 35.35486 10.11796 -35.56394 39.01207 0.442931 -39.55241 44.71118 10.11794 -18.55437 48.64223 0.442912 -20.34517 50.00099 10.11793 2.72996e-4 55.17304 0.442893 2.67996e-4 44.71118 10.11791 18.55453 48.64223 0.442879 20.34534 35.35486 10.1179 35.56449 39.01207 0.442867 39.55296 18.52002 10.1179 44.79451 20.1483 0.442867 49.11787 -0.004052996 10.1179 50.29568 -0.004054963 0.442869 55.93621 -18.51991 10.11792 44.79452 -20.14821 0.442882 49.11788 -35.36296 10.11793 35.5645 -39.02017 0.442897 39.55296 -44.71107 10.11795 18.55453 -48.64214 0.442917 20.34534 -24.11349 72.02912 -24.76062 -8.309762 98.71888 -19.16381 -12.90355 72.2467 -31.72066 -15.3545 98.34369 -14.77959 -31.1672 71.70439 -13.44292 -20.06164 97.7947 -7.979315 -34.00458 71.3394 -0.239684 -21.71457 97.14432 0.190234 -31.15557 71.00029 12.13869 -20.06164 96.71553 7.479984 -24.08921 70.72204 22.79834 -15.3545 96.352 13.20487 -12.80157 70.53824 29.09468 -8.309762 96.11198 16.62425 -0.00407797 70.47116 31.9592 7.9e-5 96.02666 18.07427 12.80171 70.53824 29.09468 8.309929 96.11197 16.62425 24.08105 70.72203 22.79833 15.35467 96.35199 13.20487 31.15571 71.00027 12.13869 20.06182 96.7155 7.479983 33.99641 71.33938 -0.2396849 21.71474 97.1443 0.190233 31.16735 71.70438 -13.44293 20.06182 97.7947 -7.979316 24.10533 72.0291 -24.76062 15.35467 98.34368 -14.77959 12.90369 72.24668 -31.72066 8.309929 98.71887 -19.16381 -0.004078984 72.3245 -34.97633 7.9e-5 98.85076 -20.89474 34.15937 16.82576 34.20657 43.27659 16.82577 17.82774 17.91602 16.82575 43.16149 -0.00405097 16.82576 48.40516 -17.91592 16.82577 43.16149 -34.16747 16.82578 34.20657 -43.27648 16.8258 17.82774 -48.41402 16.82582 -0.04571896 -43.31465 16.82583 -18.0554 -34.23508 16.82584 -34.56021 -17.94149 16.82584 -43.54491 -0.004052996 16.82584 -48.84783 17.94159 16.82582 -43.54491 34.22699 16.82581 -34.56021 43.31476 16.82579 -18.0554 48.40593 16.82578 -0.04571998 -16.10393 36.94932 38.26242 -0.004043996 36.94931 42.73357 16.10405 36.94931 38.26242 30.5729 36.94931 30.1328 38.97283 36.94932 15.64736 43.62074 36.94933 -0.183701 39.12551 36.94934 -16.55853 30.84334 36.94936 -31.54902 16.20633 36.94937 -39.79659 -0.00404495 36.94938 -44.50591 -16.20622 36.94938 -39.79659 -30.85143 36.94938 -31.54902 -39.12539 36.94937 -16.55852 -43.62882 36.94936 -0.183699 -38.9727 36.94935 15.64737 -30.58099 36.94933 30.1328 8.3e-5 107.289 -7.088808 -3.534518 107.1912 -6.401328 3.534683 107.1912 -6.401328 6.531173 106.9129 -4.443549 8.533352 106.4968 -1.513519 9.236433 106.0548 1.768491 8.533352 105.6908 5.34275 6.531173 105.3821 7.734631 3.534683 105.1759 9.33283 8.2e-5 105.1035 9.89404 -3.534518 105.1759 9.33283 -6.530998 105.3821 7.734631 -8.533179 105.6908 5.342751 -9.236258 106.0548 1.768491 -8.533179 106.4968 -1.513519 -6.530998 106.9129 -4.443548 5.357284 136.7474 -6.809054 9.3e-5 134.6348 -7.481737 9.4e-5 137.061 -8.498134 4.474864 134.3837 -6.103906 7.579014 135.9648 -3.171136 6.313923 133.7227 -2.927187 7.845584 135.0784 0.561094 6.532693 132.9526 0.436292 5.353783 133.8442 4.478943 4.471932 131.9915 3.588851 9.3e-5 132.9609 6.708223 9.2e-5 131.3035 5.430852 -5.353596 133.8442 4.478943 -4.471747 131.9915 3.588852 -7.845396 135.0784 0.561094 -6.532507 132.9526 0.436293 -7.578826 135.9648 -3.171135 -6.313737 133.7227 -2.927187 -5.357095 136.7475 -6.809054 -4.474677 134.3837 -6.103906 9.3e-5 133.2207 -7.639158 4.688906 132.8166 -5.942818 -4.68872 132.8166 -5.942818 -6.402577 132.3134 -2.904276 -6.699368 131.5422 0.421171 -4.262258 130.3044 3.904644 9.2e-5 129.6248 5.730981 4.262442 130.3043 3.904644 6.699553 131.5422 0.421171 6.402762 132.3134 -2.904275 -10.03413 151.8979 10.58861 -10.62366 150.5774 9.414935 -10.11806 150.0732 9.838071 -6.857471 151.9252 12.63966 -7.007222 148.9537 11.87028 -5.994016 148.9397 12.13624 -5.367728 154.8655 12.98118 -6.099702 155.434 12.86304 -10.82556 153.155 10.12302 -5.280091 149.0029 12.34645 -4.344807 149.4338 12.70603 -4.810196 154.1659 13.08544 -4.33155 152.9756 13.01743 -7.99526 155.9551 12.29788 -6.992145 155.8583 12.56997 -10.55939 154.3756 10.42311 -9.91696 155.2059 10.86693 -8.983102 155.7471 11.57514 -4.04518 151.6366 12.94261 -9.523869 149.7041 10.26368 -3.995357 150.0852 12.80654 10.11826 150.0732 9.838072 10.62386 150.5774 9.414937 10.03433 151.8978 10.58861 5.994213 148.9397 12.13624 7.007419 148.9537 11.87028 6.85767 151.9252 12.63966 6.099905 155.434 12.86304 5.367929 154.8655 12.98118 10.82576 153.155 10.12302 4.345006 149.4338 12.70603 5.280289 149.0028 12.34645 4.331751 152.9756 13.01743 4.810399 154.1658 13.08544 6.992348 155.8583 12.56997 7.995462 155.9551 12.29789 10.55959 154.3756 10.42311 9.917161 155.2059 10.86693 8.983304 155.7471 11.57514 4.04538 151.6366 12.94261 9.524067 149.7041 10.26368 3.995555 150.0852 12.80654 67.13208 129.5741 -1.824873 67.53045 128.9034 -1.792487 67.28608 128.2377 -1.799079 67.92958 129.7419 0.214942 67.50288 129.0576 0.259523 67.71324 128.3642 0.287558 67.25563 128.3447 0.309486 67.1081 129.7874 0.241823 67.09648 129.5365 0.799471 67.50785 128.7349 0.850928 67.26142 127.976 0.862638 67.94831 129.4735 2.774295 67.46912 128.8065 2.841908 67.71524 128.1133 2.860113 -67.50767 128.7349 0.850952 -67.51097 129.5096 0.818103 -67.0963 129.5366 0.799496 -67.9953 129.4764 0.851868 -67.71504 128.1133 2.860126 -67.23915 128.0946 2.891431 -67.46894 128.8066 2.841932 -67.5027 129.0576 0.259548 -67.50719 129.7617 0.225324 -67.9294 129.7419 0.214967 -67.95512 129.5443 -1.787975 -67.53461 129.5511 -1.805637 -67.53028 128.9035 -1.792462 -67.52285 128.688 -2.332087 -67.10517 129.4002 -2.355175 -67.50637 129.389 -2.372609 -67.75703 127.089 -4.889067 -66.8694 127.0831 -4.878793 -67.52214 127.6438 -4.914488 -67.94168 128.0052 -6.57535 -67.48018 128.016 -6.603012 -67.49314 127.3513 -6.565963 67.5223 127.6438 -4.914502 67.53012 128.2015 -4.945061 67.07363 128.2313 -4.924008 67.75008 126.6939 -6.519969 66.86039 126.6793 -6.537884 67.4933 127.3513 -6.565976 67.98899 128.1717 -4.966113 67.7852 127.9983 -2.302912 67.52304 128.688 -2.332113 67.29864 127.9858 -2.279352 67.77211 127.7103 -4.304621 67.27743 127.6518 -4.346365 67.5046 128.328 -4.351713 67.74093 128.2637 -1.771484 67.53479 129.551 -1.805662 67.95531 129.5442 -1.788001 67.50738 129.7616 0.225298 67.23931 128.0946 2.891418 -12.70238 143.8085 1.33116 -14.06794 144.326 -0.03440999 -14.06794 143.8085 1.896799 -15.43352 143.8085 -1.399981 -14.06794 143.8085 -1.965621 -12.13674 137.1186 -0.03441596 -14.06795 136.6012 -0.03441596 -12.70238 137.1186 -1.399986 -15.99915 137.1186 -0.03441596 -15.43353 137.1186 1.331154 -4.872643 146.8306 13.48484 -3.347642 148.0174 13.55767 -5.386092 148.9063 12.29581 67.10535 129.4001 -2.355188 67.83834 129.3744 -2.385013 67.80688 128.9674 -4.361972 67.07658 128.9584 -4.40174 -6.138748 158.0696 14.16078 -9.689419 158.1967 12.30614 -11.08937 153.574 9.967829 -10.74021 153.816 10.26438 66.86957 127.0831 -4.878806 67.94184 128.0051 -6.575363 67.7572 127.0889 -4.88908 -11.44001 155.1429 9.254039 -67.94813 129.4735 2.774308 -67.74256 127.9633 0.895517 -67.26126 127.9761 0.862651 -3.612559 156.5277 14.94019 -5.313445 154.9726 12.99363 -2.63436 154.2621 14.2693 -4.59841 154.3977 13.13156 -4.163156 153.0457 13.04261 -67.10791 129.7874 0.241848 -67.25545 128.3448 0.309499 -3.764962 148.8588 12.72134 -1.855972 149.9211 13.6961 -2.026531 151.7566 13.84443 -12.27011 150.4354 7.329706 -3.863931 151.618 12.96214 -10.86116 150.3521 9.218016 -67.71306 128.3642 0.287572 -67.74076 128.2638 -1.771471 -1.864192 148.6151 13.97262 -9.489851 149.5578 10.24202 -10.5112 146.7931 9.423683 -67.28591 128.2377 -1.799066 -67.1319 129.5741 -1.824848 -4.402437 103.0725 -16.36526 -10.86169 101.1355 -16.96189 -9.933851 103.0359 -15.18658 -14.93194 100.2398 11.88432 -19.59671 95.01861 11.68396 -12.51973 99.05619 13.2288 8e-5 102.6449 12.16725 -3.52251 103.3857 12.35627 -1.482931 101.6595 13.14085 -21.10892 91.67124 -17.96519 -20.26085 95.26517 -17.89489 -15.18353 94.46189 -21.26306 -12.67393 99.02399 -19.55602 -7.643718 98.14353 -21.31973 -2.395249 105.1065 10.46443 -24.0584 94.23487 7.328718 -25.00226 92.15036 7.009377 11.15378 119.2177 -6.530117 11.64108 123.9596 -6.601755 13.04563 121.476 -1.864047 9.548582 128.258 4.184388 12.41349 123.2591 2.147284 12.46272 120.9959 4.123083 8.108043 131.7443 -2.267839 8.708601 130.6808 1.31803 10.73675 126.7462 3.126497 8.758882 131.1604 -5.506699 7.100722 131.7866 -5.672929 12.01069 124.0064 4.853105 7.847551 130.2278 -7.51899 9.906821 127.7754 -7.327092 9.028161 126.9307 -8.484384 3.137553 108.001 -6.506398 4.568674 108.467 -4.697708 5.824964 108.4258 -4.892727 8.2e-5 106.0316 9.36604 2.395412 105.1065 10.46443 8.4e-5 108.1757 -5.846647 8.137333 108.5808 -2.647008 4.837273 106.6962 8.058501 8.3e-5 106.9643 -8.884539 27.91105 92.2219 -0.001710951 24.85558 94.07054 0.002670943 24.05856 94.23485 7.328721 15.18369 94.46187 -21.26306 12.67409 99.02397 -19.55602 20.26101 95.26515 -17.89489 12.51989 99.05616 13.2288 3.522672 103.3857 12.35627 4.402601 103.0725 -16.36526 2.31408 101.0839 -18.32792 7.643879 98.14352 -21.31974 11.7167 91.80078 -24.41239 10.86185 101.1355 -16.96189 1.483091 101.6595 13.14085 19.59687 95.0186 11.68396 14.9321 100.2397 11.88432 17.00976 89.31411 -23.03266 9.934014 103.0359 -15.18657 11.5711 98.35515 15.45943 2.81886 125.2472 10.84412 2.293889 123.6779 12.19898 3.254919 123.4275 11.57931 2.818859 121.6078 12.3145 -2.81868 125.2472 10.84412 -3.25474 123.4275 11.57931 -2.29371 123.6779 12.19898 -2.818681 121.6078 12.3145 9e-5 126.2426 11.16275 -0.74451 124.6791 12.28002 0.74469 124.6791 12.28002 0.744689 123.0139 12.95277 -0.744511 123.0139 12.95277 8.9e-5 121.1131 13.23521 -11.1536 119.2177 -6.530118 -10.38444 114.3739 -4.800534 -12.85469 117.6164 -0.956692 -9.5484 128.258 4.184387 -12.46254 120.996 4.123081 -12.41331 123.2592 2.147286 -13.04545 121.4761 -1.864045 -11.73423 114.3098 -0.06506401 -8.708418 130.6808 1.318032 -8.107859 131.7443 -2.267838 -10.73657 126.7462 3.126499 -12.01051 124.0064 4.853104 -7.100537 131.7866 -5.67293 -5.824796 108.4258 -4.892728 -4.568506 108.467 -4.697708 -3.137386 108.001 -6.506399 -8.137166 108.5808 -2.647008 -4.837108 106.6962 8.058501 -24.85542 94.07055 0.002667963 -27.91089 92.22192 -0.001713991 3.011394 5.12888 -1.837011 2.282504 5.831164 -1.03105 3.381444 6.51024 -4.230739 7.753192 2.032691 6.919297 7.894022 -6.57e-4 5.185145 8.267475 4.691032 3.397549 5.049594 6.510239 -4.230739 6.148524 5.831162 -1.03105 5.419643 5.128879 -1.837011 7.444103 4.868547 5.145039 0.497543 4.691035 3.397549 1.234604 4.868549 5.145039 0.748624 6.933714 2.984821 3.972982 -6.62e-4 14.05682 2.034912 -6.59e-4 10.38369 6.396122 -6.6e-4 10.38369 0.668285 9.181313 9.29962e-5 7.040679 8.830046 -3.084633 8.208684 6.71744 8.99962e-5 8.126525 9.18131 9.19962e-5 2.126272 1.266423 10.10218 3.972983 2.925786 10.17922 2.097183 4.488556 6.728428 3.972982 1.19083 13.67747 3.972984 4.567214 8.071499 4.215511 -6.49e-4 -2.480525 3.830472 -6.48e-4 -3.161865 4.600562 -6.49e-4 -3.161865 0.996392 2.032693 6.795017 7.894714 6.933711 2.98482 0.626614 6.717443 9.09962e-5 7.812803 4.177346 1.940658 6.304752 1.266421 10.10218 4.610243 5.128881 -3.846621 3.820794 5.128881 -3.846621 5.30992 9.126537 -5.234687 3.12111 9.126538 -5.234687 4.215516 11.5485 -4.359445 0.390052 53.17179 1.27996e-4 0.776431 50.77643 5.95996e-4 2.481521 50.50278 3.318586 0.390243 55.40701 1.29996e-4 1.083693 55.40701 -2.1877 -3.381358 6.510242 -4.230738 -2.282417 5.831166 -1.031049 -3.011307 5.128882 -1.837009 -8.267387 4.691038 3.397552 -7.893937 -6.51e-4 5.185148 -7.753105 2.032696 6.9193 -0.748535 6.933714 2.984821 -1.445734 7.796303 4.432812 -1.234515 4.86855 5.14504 -5.419557 5.128882 -1.837009 -6.148437 5.831167 -1.031048 -5.049507 6.510243 -4.230738 -7.444015 4.868553 5.145042 -0.497456 4.691035 3.397549 -3.972893 1.190833 13.67748 -3.972894 -6.59e-4 14.05683 -2.126184 1.266424 10.10218 -6.304664 1.266426 10.10218 -0.668195 9.181313 9.29962e-5 -1.818995 10.90685 -2.814185 -0.884794 12.41572 9.59962e-5 -6.396035 -6.55e-4 10.38369 -2.034825 -6.57e-4 10.38369 -1.390271 8.830049 -3.084632 -0.626526 6.717443 9.09962e-5 -8.208597 6.717446 9.29962e-5 -7.040591 8.830052 -3.08463 -3.972894 2.925789 10.17922 -6.333874 4.48856 6.728431 -2.097094 4.488558 6.728429 -3.972894 4.567216 8.0715 -4.60048 -6.45e-4 -3.161863 -3.83039 -6.46e-4 -3.161864 -4.215429 -6.46e-4 -2.480523 -1.032986 4.177349 1.940659 -7.812716 4.177352 1.940661 -2.246448 11.03926 3.622224 -0.996305 2.032694 6.795017 -4.610157 5.128884 -3.846619 -1.800504 13.15126 -2.299184 -3.820708 5.128884 -3.846619 -4.215425 11.5485 -4.359444 -3.121022 9.12654 -5.234686 -5.309832 9.126541 -5.234685 -0.389928 53.17179 1.27996e-4 -0.390117 55.40701 1.29996e-4 -1.819886 55.407 4.369705 -0.776309 50.77644 5.95996e-4 -1.30848 50.91478 -2.224293 16.6777 123.404 8.463673 21.0931 126.8578 8.456537 16.6777 130.3115 8.463678 20.57727 123.6108 7.827042 23.94843 127.163 5.751954 20.57727 130.1047 7.827047 23.94843 129.4604 5.745606 21.0931 133.1015 6.427829 25.2926 128.6684 3.308066 23.94843 124.8876 3.996193 23.94843 131.3228 4.400337 16.6777 135.8999 4.403531 21.0931 136.9603 1.116592 16.6777 138.0344 -2.165927 20.57727 135.3583 4.010071 23.94843 132.1316 1.642468 23.94843 134.5045 0.02102994 20.57727 137.365 -2.165928 23.94843 135.2085 -2.165929 21.0931 136.9604 -5.448449 25.2926 132.6455 -2.165931 23.94843 134.5045 -4.352889 16.6777 135.8999 -8.735388 21.0931 133.1015 -10.75969 16.6777 130.3116 -12.79554 20.57727 135.3583 -8.341938 23.94843 131.3228 -8.732202 20.57727 130.1047 -12.15891 23.94843 129.4604 -10.07747 21.0931 126.8578 -12.78841 25.2926 128.6684 -7.639935 23.94843 132.1316 -5.974342 23.94843 127.163 -10.08382 23.19344 128.4124 -5.575285 16.6777 123.404 -12.79555 21.09309 120.614 -10.7597 16.67769 117.8157 -8.735403 20.57727 123.6108 -12.15892 23.94843 122.0148 -8.411081 23.94842 120.1598 -7.055541 23.94842 119.4438 -4.872502 21.09309 116.7552 -5.448465 25.2926 122.2333 -5.549061 23.94843 124.8876 -8.328068 20.57726 118.3572 -8.341953 23.19344 124.5271 -5.575289 16.67769 115.6811 -2.165945 21.09309 116.7552 1.116575 16.67769 117.8157 4.403516 20.57726 116.3505 -2.165944 23.94842 119.4438 0.540618 23.94842 120.1598 2.723659 23.94843 122.0148 4.0792 21.0931 120.614 6.427819 25.2926 122.2333 1.21718 23.94842 120.4105 -2.165941 20.57726 118.3572 4.010057 23.19344 122.5844 -2.21049 23.19344 124.5271 1.154312 23.19344 130.3551 -2.210483 23.19344 126.4698 -2.210487 23.19344 128.4124 1.154315 31.81228 126.5862 2.280007 33.5479 126.5853 2.174536 31.81228 129.4846 0.860109 31.70669 129.6058 -4.609921 33.5479 127.1599 -5.982463 31.81228 127.1887 -6.248283 31.81228 124.1546 0.865805 31.81228 124.0813 -5.251845 61.22283 124.7423 4.106965 60.38203 125.0932 5.672775 59.62116 124.9414 5.118525 61.28527 126.5854 6.622716 61.55885 126.5826 6.854846 62.02181 126.8406 5.212022 67.4775 128.9669 -4.380662 40.42607 123.7819 0.878234 50.47948 124.6226 0.414925 50.47948 126.8516 1.388636 67.51115 129.5096 0.818078 67.50656 129.3889 -2.372622 61.33662 125.0648 6.544835 62.03145 124.7624 5.240281 61.58391 125.0702 6.796825 68.90267 127.9849 -6.460823 69.7238 127.1759 -6.290023 68.86927 126.888 -6.383634 64.1938 129.7252 0.669218 63.61453 128.2134 0.545557 63.69263 130.0218 0.513959 64.31314 129.9674 0.357499 63.6857 127.9661 -2.095573 63.85343 129.7109 -2.083372 64.31314 129.7351 -1.959352 64.29701 129.4785 -2.233152 58.31964 124.3783 -5.196836 58.10958 125.1289 -6.622385 63.06842 126.3014 -6.855605 57.40552 124.2816 -2.111366 55.60501 124.3811 -4.554826 52.99447 124.9793 -3.837115 56.02666 125.0427 -6.146385 70.12321 127.2018 -5.736184 70.24012 128.0153 -6.113823 70.23926 128.0747 -5.353153 68.9151 128.0822 -5.087843 69.77558 127.2658 -5.218233 72.78284 128.4049 -2.731703 71.77124 129.2141 -2.571832 71.70822 128.2444 -2.534023 72.76491 128.33 -3.918343 71.7071 128.9622 -4.156203 73.24778 128.9707 -3.798222 73.68408 128.6875 -1.317863 72.68095 129.4426 -1.521942 74.08213 129.4599 -1.190122 73.66677 128.733 -0.141223 72.68093 129.4932 0.04452794 72.55606 128.5624 0.04573696 72.19464 128.4839 1.283207 71.46323 129.2134 1.084728 72.63153 129.1171 1.439288 71.42466 129.2212 2.508628 71.45272 128.2913 2.472957 72.17024 128.5105 2.333467 28.33209 130.7197 1.69959 27.48907 132.3928 -2.076019 31.30927 130.354 -2.076021 63.46374 127.0935 -4.700394 63.39544 128.7189 -4.742422 64.27011 128.8985 -4.549292 60.96559 127.7185 3.798597 61.4229 126.9837 4.154206 61.46519 126.616 3.297526 52.98095 124.4318 -1.894886 57.2355 123.9618 0.006793975 56.00403 123.8898 1.463814 57.99052 129.698 2.411668 59.95083 128.579 3.741258 62.54512 129.6449 3.253548 52.84327 127.2556 -5.256204 57.86429 127.3864 -6.659433 52.93645 125.6683 1.562505 52.95135 124.8194 0.532735 55.51315 124.3085 2.796504 56.30454 127.8133 3.081907 58.49031 127.9071 3.952347 57.5555 126.0797 4.439456 68.90736 127.1554 -5.015213 28.24846 131.1861 -5.54807 28.25259 122.3785 -5.553367 29.92302 125.0201 -7.006164 32.75686 126.7402 -6.738713 29.84322 125.0109 2.983815 32.40017 126.6566 2.690287 63.38144 126.295 7.976785 63.3667 125.428 7.962785 63.73792 125.787 7.323565 53.0085 127.505 1.408837 63.42233 126.6193 6.722817 63.43104 124.9783 6.915065 59.76799 127.7585 4.413967 62.72426 126.3715 7.929216 29.88856 128.1561 3.002328 29.88496 128.2748 -7.020892 28.33548 122.3442 1.685493 73.27005 129.0143 -2.889512 71.69543 128.0557 -4.030823 62.62736 127.8593 3.329777 64.12268 128.5392 -4.768523 62.74442 125.2998 7.951655 72.63314 129.1196 2.187997 71.42624 128.2187 1.140007 74.08266 129.4673 -0.299102 72.59412 128.4821 -1.526683 55.282 126.7923 2.924145 55.39758 125.5504 3.638034 57.3768 124.4665 4.029074 33.5479 127.6682 -6.536773 33.5479 125.6309 -6.540424 33.5479 125.3506 2.322145 33.5479 127.9735 2.600788 35.79369 127.0839 -6.430423 31.06071 130.3304 -4.98571 31.09347 123.1801 1.338884 33.5479 129.5256 1.081849 35.79369 126.9259 2.508047 35.79369 129.4046 0.993969 33.5479 129.6316 -4.778591 35.79369 129.6666 -4.666361 33.5479 123.7146 1.182814 31.02668 129.9659 1.400499 35.79369 123.7905 -4.729026 -16.67751 135.8999 4.403538 -21.09291 133.1015 6.427837 -16.67752 130.3116 8.463685 -23.94825 129.4604 5.745616 -20.57709 130.1047 7.827056 -23.94824 131.3228 4.400347 -25.29242 128.6684 3.308076 -20.57708 135.3583 4.01008 -23.94825 132.1316 1.642478 -21.09292 126.8578 8.456545 -23.94825 127.163 5.751964 -23.19326 128.4124 1.154325 -16.67752 135.8999 -8.735381 -21.09292 136.9604 -5.448439 -16.67752 138.0344 -2.165919 -23.94825 135.2085 -2.165919 -20.57709 137.3651 -2.165919 -23.94825 134.5046 -4.352879 -25.29242 132.6455 -2.165921 -20.57709 135.3584 -8.34193 -21.09291 136.9604 1.116601 -23.94825 134.5046 0.02103996 -23.94825 132.1316 -5.974332 -16.67752 123.404 -12.79554 -21.09292 126.8578 -12.7884 -16.67752 130.3116 -12.79553 -23.94825 129.4604 -10.07746 -20.57709 130.1047 -12.1589 -23.94825 127.163 -10.08381 -25.29242 128.6684 -7.639924 -23.19326 124.5271 -5.575279 -23.94825 124.8876 -8.328058 -20.5771 123.6109 -12.15891 -23.94825 131.3228 -8.732192 -21.09292 133.1015 -10.75968 -16.67752 115.6811 -2.165938 -21.09292 116.7552 -5.448456 -16.67752 117.8157 -8.735394 -23.94826 119.4439 -4.872492 -23.94826 120.1599 -7.055532 -25.29242 122.2333 -5.54905 -20.57709 116.3505 -2.165936 -23.94825 122.0148 -8.411069 -21.09292 120.6141 -10.75969 -20.5771 118.3573 -8.341944 -23.94825 120.4105 -2.165931 -23.19326 122.5844 -2.21048 -16.67752 123.404 8.463681 -21.09292 120.614 6.427827 -16.67752 117.8157 4.403524 -23.94825 122.0148 4.079209 -23.94825 120.1598 2.723669 -25.29242 122.2333 1.217191 -20.57709 123.6108 7.82705 -20.57709 118.3573 4.010066 -21.09292 116.7552 1.116584 -23.94825 119.4439 0.540627 -23.94825 124.8876 3.996202 -23.19326 124.5271 1.154322 -23.19326 130.3551 -2.210474 -23.19326 128.4124 -5.575275 -23.19326 126.4698 -2.210477 -31.8121 129.4846 0.860121 -33.54772 126.5853 2.174549 -31.8121 126.5862 2.280018 -31.8121 127.1887 -6.248271 -33.54772 127.1599 -5.982451 -31.70651 129.6058 -4.609909 -31.8121 124.1546 0.865816 -31.8121 124.0814 -5.251834 -59.62098 124.9414 5.118548 -60.38185 125.0932 5.672797 -61.22265 124.7423 4.106987 -67.07347 128.2314 -4.923995 -67.52996 128.2016 -4.945047 -62.02162 126.8407 5.212044 -61.55867 126.5827 6.854869 -61.28509 126.5855 6.622739 -67.27726 127.6518 -4.346352 -67.77194 127.7104 -4.304608 -67.50442 128.328 -4.351688 -67.02106 128.0268 -6.630674 -67.8067 128.9674 -4.361959 -61.58373 125.0702 6.796848 -62.03126 124.7625 5.240304 -61.33644 125.0649 6.544858 -67.98883 128.1717 -4.9661 -63.69245 130.0218 0.513982 -63.61435 128.2134 0.545581 -64.19362 129.7253 0.669242 -64.31295 129.9674 0.357522 -64.31295 129.7352 -1.959328 -63.85325 129.7109 -2.083348 -63.68552 127.9661 -2.09555 -64.29683 129.4786 -2.233128 -58.31946 124.3784 -5.196814 -55.60483 124.3812 -4.554805 -57.40534 124.2816 -2.111345 -56.02648 125.0427 -6.146364 -52.99429 124.9793 -3.837096 -57.99034 129.698 2.41169 -56.30436 127.8134 3.081928 -53.00832 127.505 1.408857 -70.23995 128.0154 -6.113798 -69.72364 127.176 -6.289998 -70.12304 127.2018 -5.736158 -69.77542 127.2659 -5.218208 -68.91492 128.0823 -5.087818 -70.23909 128.0747 -5.353127 -61.99968 128.3981 -6.749299 -57.86411 127.3865 -6.659411 -58.1094 125.1289 -6.622363 -71.70806 128.2444 -2.533997 -71.77105 129.2142 -2.571806 -72.78267 128.4049 -2.731676 -73.2476 128.9707 -3.798195 -71.70692 128.9623 -4.156176 -72.76474 128.33 -3.918316 -74.08195 129.46 -1.190095 -72.68077 129.4427 -1.521915 -73.6839 128.6875 -1.317835 -72.55588 128.5624 0.04576396 -72.68074 129.4933 0.04455494 -73.66659 128.7331 -0.1411949 -72.63135 129.1172 1.439315 -71.46305 129.2134 1.084754 -72.19445 128.4839 1.283234 -72.17006 128.5106 2.333494 -71.45254 128.2914 2.472983 -71.42448 129.2212 2.508654 -28.33191 130.7197 1.6996 -31.30909 130.354 -2.076009 -27.48889 132.3928 -2.076008 -61.46501 126.6161 3.297548 -61.42272 126.9837 4.154229 -60.96541 127.7186 3.798619 -57.54061 124.0034 2.754775 -55.51297 124.3085 2.796525 -57.37662 124.4665 4.029096 -58.96329 124.7433 -2.477614 -57.96811 130.0338 -3.63848 -62.58771 129.2312 -4.682349 -62.70618 129.9874 -2.096028 -62.54494 129.645 3.253571 -59.95065 128.579 3.74128 -57.23532 123.9618 0.006814956 -58.90558 124.1524 1.424626 -59.51793 124.9715 -0.211763 -52.84309 127.2556 -5.256184 -52.98077 124.4318 -1.894866 -52.93627 125.6683 1.562525 -50.47929 124.6226 0.414943 -50.47929 126.8517 1.388655 -52.92065 129.0226 -3.920892 -57.88691 129.227 -5.24916 -56.00385 123.8898 1.463835 -52.95117 124.8194 0.532754 -58.49013 127.9072 3.952368 -57.55532 126.0797 4.439477 -68.90721 127.1554 -5.015188 -28.24828 131.1861 -5.548059 -29.92284 125.0201 -7.006154 -28.25241 122.3786 -5.553357 -32.75668 126.7402 -6.738701 -32.39999 126.6567 2.690298 -29.84304 125.0109 2.983826 -63.73772 125.7871 7.323589 -63.36651 125.4281 7.962809 -63.38125 126.2951 7.976809 -63.43085 124.9783 6.915089 -63.42214 126.6193 6.72284 -59.76781 127.7585 4.413989 -62.72408 126.3716 7.929239 -29.88838 128.1562 3.002339 -29.88478 128.2749 -7.020881 -28.3353 122.3442 1.685504 -73.26986 129.0143 -2.889485 -71.69526 128.0557 -4.030796 -62.62717 127.8594 3.3298 -62.50862 130.2935 0.469362 -57.9081 129.9499 0.4804 -57.96811 130.2649 -1.47941 -62.74424 125.2999 7.951678 -72.63295 129.1196 2.188024 -71.42607 128.2187 1.140033 -74.08248 129.4674 -0.299075 -72.59394 128.4822 -1.526656 -55.28181 126.7924 2.924165 -55.39739 125.5505 3.638055 -63.47168 126.7893 -2.891107 -63.46356 127.0935 -4.70037 -63.06824 126.3014 -6.855581 -33.54772 125.631 -6.540412 -33.54772 127.6682 -6.53676 -31.06918 123.2112 -4.995265 -35.79351 127.0839 -6.430409 -35.79351 129.4046 0.993982 -35.79351 126.9259 2.50806 -33.54772 129.5256 1.081861 -35.79351 129.6667 -4.666347 -33.54772 129.6317 -4.778579 -33.54772 123.7882 -4.863603 -35.79351 123.7905 -4.729012 -31.09329 123.1801 1.338895 -33.54772 125.3507 2.322158 -33.54772 123.7146 1.182827 6.533021 181.0262 3.401391 9.239041 181.0262 -3.131519 10.90395 187.6745 -3.131514 1.12e-4 181.0262 6.107412 1.14e-4 187.6745 7.772327 7.773489 174.9759 -3.131524 5.496718 174.9759 -8.628134 6.533021 181.0262 -9.66443 1.09e-4 174.9759 4.641857 5.496719 174.9759 2.365086 -6.532798 181.0262 3.401391 -7.773261 174.9759 -3.131523 -5.496501 174.9759 2.365086 -6.532799 181.0262 -9.66443 -9.23881 181.0262 -3.131519 1.09e-4 174.9759 -10.90489 -5.496501 174.9759 -8.628134 1.11e-4 181.0262 -12.37044 1.14e-4 187.6745 -14.03534 -10.90373 187.6745 -3.131513 -5.995219 181.4885 2.863822 -5.995219 181.4886 -9.12685 -10.21939 187.6367 -3.131513 1.14e-4 187.6367 -13.35101 5.995451 181.4886 -9.12685 10.21961 187.6367 -3.131514 5.995451 181.4886 2.863822 1.14e-4 187.6367 7.087997 -10.00653 181.3345 -1.559428 -9.916489 182.6685 -3.131517 -10.75744 181.1472 -3.131518 -8.01583 177.7312 -1.256851 -8.20196 180.0298 -0.480329 -9.183851 178.0349 -1.559431 -9.934771 177.8477 -3.131521 -8.477091 176.8953 -3.131522 -9.116749 182.1467 -5.006188 -8.20196 180.0298 -5.7827 -10.00653 181.3345 -4.703608 -9.183851 178.0349 -4.703611 9.116972 182.1467 -5.006188 9.916712 182.6685 -3.131518 10.00675 181.3345 -4.703609 10.00675 181.3345 -1.559429 8.202181 180.0298 -0.48033 9.929302 179.6014 -1.55943 8.016051 177.7312 -1.256852 8.477311 176.8953 -3.131522 9.18407 178.0349 -1.559431 9.929302 179.6014 -4.70361 8.202181 180.0298 -5.7827 -8.01583 177.7312 -5.006191 -9.92908 179.6014 -4.70361 8.01605 177.7312 -5.006192 9.18407 178.0349 -4.703612 9.93499 177.8477 -3.131522 -1.571979 181.3345 -13.13815 1.12e-4 182.6685 -13.04812 1.11e-4 181.1472 -13.88907 -1.87456 177.7312 -11.14746 -2.651079 180.0298 -11.33358 -1.57198 178.0349 -12.31548 1.1e-4 177.8477 -13.0664 1.1e-4 176.8953 -11.60872 1.874781 182.1467 -12.24838 2.651301 180.0298 -11.33358 1.572201 181.3345 -13.13815 1.5722 178.0349 -12.31548 1.874782 182.1467 5.985352 1.12e-4 182.6685 6.785092 1.572201 181.3344 6.875121 -1.571978 181.3345 6.875121 -2.651079 180.0298 5.07055 -1.571979 179.6014 6.79767 -1.87456 177.7311 4.884419 1.1e-4 176.8953 5.345678 -1.57198 178.0349 6.052449 1.572201 179.6014 6.79767 2.651301 180.0298 5.07055 1.87478 177.7312 -11.14746 1.5722 179.6014 -13.0607 1.87478 177.7312 4.884419 1.5722 178.0349 6.052449 1.1e-4 177.8477 6.803359 15.76054 153.6142 5.857179 18.77292 154.5865 5.325557 16.82129 156.1759 8.834328 13.00844 137.0427 -3.210167 16.8793 133.5666 -5.058959 17.57 144.5855 -3.642881 18.82267 151.9596 1.778505 16.45998 152.8868 4.454108 16.76219 152.4236 3.043339 16.7037 151.9532 0.965178 19.75574 144.5615 -6.144461 19.40728 148.3758 -3.024888 1.09e-4 175.8238 2.090155 1.33431 176.1897 -1.530775 1.09e-4 175.8496 -1.365755 16.47981 170.6326 -2.61107 18.55594 167.2775 -2.670052 16.16061 170.7315 -5.622419 19.73544 164.699 -0.967595 20.26295 163.5328 -3.046536 18.41516 165.917 -6.368614 23.89206 137.6636 -18.38128 22.68641 136.3516 -18.44961 20.45226 137.6432 -17.22915 24.19571 138.9741 -16.59539 26.02779 140.0543 -17.6993 21.39974 130.6229 -11.825 20.10759 134.2244 -8.775975 14.80757 154.5151 7.32396 20.8971 161.3943 -4.461867 21.63961 158.6376 -4.70379 20.30013 161.5316 -6.913597 20.611 151.1111 -1.597615 16.92636 152.4002 -2.162264 21.8863 138.8579 -15.01027 18.02123 140.8317 -16.64867 15.10055 151.859 -0.385545 15.62431 151.4143 1.023727 15.40358 150.4706 -1.838626 21.08842 148.0091 -5.311928 3.218658 97.76591 -29.06215 5.438468 97.65258 -27.58194 3.660917 94.07499 -24.24874 13.1294 137.7361 -19.22671 14.14993 143.5867 -18.21512 15.23265 136.7693 -18.28389 5.544951 130.0285 -27.20196 7.383651 128.5118 -26.09785 8.235096 115.3513 -28.8037 10.1291 96.17395 -22.36012 8.462387 93.36753 -23.76509 11.27908 98.57878 -23.78209 -2.340845 87.9854 -29.62973 1.021856 91.82808 -24.35386 -0.822794 91.85897 -23.08824 2.134316 91.75952 -25.77086 8.572865 137.438 -4.300416 9.562896 142.093 -1.973873 1.372107 93.16378 -28.99905 9.600269 97.21308 -19.16796 5.991967 92.15211 -21.89689 6.792285 90.21472 -26.64392 4.550557 92.50225 -24.30912 5.609987 93.60107 -26.14967 7.611487 93.76422 -26.147 9.5e-5 138.6319 -6.538615 8.9e-5 124.7697 -9.305808 2.176495 138.8637 -6.028675 5.188985 139.8437 -4.097924 3.283598 95.86581 -20.76731 -8.572686 137.438 -4.300416 -9.562709 142.093 -1.973873 -13.00826 137.0427 -3.210168 -13.12922 137.7361 -19.22671 -15.23247 136.7693 -18.28389 -14.14973 143.5867 -18.21512 9.1e-5 129.9982 -27.8775 8.5e-5 115.4105 -31.54084 -7.628125 115.3517 -29.10079 -6.426555 111.8555 -6.713031 -6.014449 104.0463 -8.940074 -3.168509 104.318 -10.50514 -2.538333 92.43585 -24.13538 -3.694483 92.51935 -25.56646 -11.14202 94.86552 -23.06489 -11.67824 96.51284 -24.23556 -8.429434 91.83131 -23.6307 -3.484273 93.22422 -27.20089 -9.669653 95.15628 -17.40228 -5.185454 89.81661 -26.95787 -5.499723 92.20093 -21.69993 -4.215103 92.97483 -23.9242 -5.233953 93.75112 -26.74212 -7.297313 93.39062 -26.56591 8.2e-5 104.4677 -9.726414 8.4e-5 111.9428 -8.713203 -3.283441 97.17448 -20.34718 -4.128313 94.075 -24.24874 -5.188805 139.8437 -4.097924 -2.176315 138.8637 -6.028674 3.168662 104.318 -10.50514 6.014601 104.0463 -8.940074 6.426719 111.8555 -6.713031 7.313181 104.964 -28.84567 8.2e-5 105.6942 -31.45355 7.9e-5 98.22628 -29.68893 -2.790701 98.41951 -28.73251 -6.292968 104.9777 -29.14592 17.21307 132.4618 -18.07885 15.42845 133.077 -18.89099 11.75746 94.87194 -24.07742 14.57597 91.24913 -24.91356 14.39044 95.18081 -23.70809 14.92139 93.59357 -22.22894 10.93386 93.72113 -23.06945 12.69318 93.17008 -21.40834 15.39517 128.0199 -20.42205 28.82278 163.4371 -2.460876 25.94284 160.2038 -4.511629 25.05473 162.0908 -4.436371 12.17383 176.1679 11.15126 8.76394 177.9716 10.15588 7.165073 177.7478 13.05529 26.53297 158.7906 -2.492124 16.28123 161.2328 12.30049 18.1477 158.5413 9.45727 19.90686 161.2393 9.699013 19.87854 156.8303 5.443949 21.12647 155.9463 2.896648 24.92986 157.229 1.625339 12.46034 172.6335 14.74086 11.78495 170.5169 15.58882 14.5016 170.4419 14.14094 11.88078 167.9733 15.49717 3.948553 178.2459 9.016725 10.72821 174.5698 14.63814 26.26342 158.6186 0.614286 26.21604 161.0055 1.424362 24.17941 163.3947 -2.965985 21.93853 165.2604 3.531406 19.92982 167.87 6.431579 22.99673 164.501 3.598065 23.81847 160.1251 5.831262 25.40979 157.5909 -2.16422 21.95694 155.7313 -1.047002 22.08211 156.5504 -3.531131 25.05466 163.4969 0.705584 21.75815 164.5803 0.864465 22.42825 159.008 7.028921 20.9001 162.8654 9.058533 17.34376 166.5394 12.39957 13.53326 164.6533 14.30755 16.82855 173.3994 2.579282 19.8838 171.0811 1.579081 23.09175 168.2126 -3.029272 24.00021 166.5998 -1.115263 25.46031 169.8506 -2.124871 22.10607 170.0807 -2.65474 22.67354 169.9128 0.13635 24.4895 168.3935 1.166148 3.89695 176.7575 3.492935 1.09e-4 175.9738 4.606625 5.03083 177.7943 5.769186 6.30319 177.3815 3.512206 8.58651 177.1847 3.637236 8.21104 175.4962 -0.01833599 -3.790607 158.2053 16.03608 -6.720116 160.6538 14.6787 -2.852897 158.0809 15.76265 -9.102698 163.0656 13.19969 -6.399685 164.1255 14.82975 -10.72799 174.5698 14.63814 -7.907381 175.8443 16.98435 -7.16485 177.7479 13.05529 -3.386779 177.8161 14.09511 1.06e-4 158.0809 15.96796 1.06e-4 156.4955 16.35323 -10.56836 164.6331 15.03557 -9.710638 163.237 13.90825 -7.286736 160.7327 15.30172 -3.371157 158.2053 16.81124 11.10583 129.9293 -31.51742 10.83879 129.1081 -24.54575 8.77684 128.4823 -28.17638 11.26244 132.8155 -25.44599 12.44562 133.7372 -21.06796 1.472999 175.6282 -13.16666 3.554749 175.3875 -14.12737 1.792308 174.0797 -16.88478 1.09e-4 174.9109 -12.3797 1.09e-4 173.3323 -16.65577 12.76443 143.2001 2.155143 11.62436 140.6868 3.119872 11.23633 141.1955 3.808462 11.14912 143.0788 6.992243 10.85518 141.8539 7.268822 10.85926 142.7247 8.540703 14.05072 154.5983 6.199165 13.28115 144.471 7.49569 11.63175 141.9357 8.737643 12.08747 142.1647 6.267463 9.517475 137.3639 7.659069 10.45868 140.116 6.138781 10.68754 139.0712 4.52983 13.46513 143.4707 5.603284 12.95605 140.7363 4.976252 14.05181 142.9793 4.430313 11.25481 141.3108 7.489632 9.893646 140.6156 9.849202 11.61265 144.1354 4.533374 11.40452 142.4379 6.193013 11.96942 145.3941 7.099215 11.17322 141.9455 5.518362 14.71305 148.6892 6.045472 15.51069 148.5363 4.579628 -8.776658 128.4823 -28.17639 -10.83861 129.1081 -24.54575 -11.10565 129.9293 -31.51742 -11.26225 132.8155 -25.44599 -8.217729 133.8538 -27.15267 -5.544767 130.0285 -27.20196 -12.44544 133.7372 -21.06796 -7.383468 128.5118 -26.09785 -1.79209 174.0797 -16.88478 -3.55453 175.3875 -14.12737 -1.47278 175.6282 -13.16666 -6.182139 174.2373 -15.04024 -7.608848 138.3887 -23.81211 -15.42827 133.077 -18.89099 -17.21289 132.4618 -18.07885 -11.7573 94.87195 -24.07742 -14.92124 93.59358 -22.22894 -14.39028 95.18082 -23.70809 -14.57581 91.24914 -24.91356 -11.43257 93.72114 -23.06945 -12.69302 93.1701 -21.40834 -15.50417 128.0199 -20.42205 -11.23613 141.1955 3.80846 -11.62417 140.6868 3.11987 -12.76423 143.2001 2.155142 -10.85907 142.7247 8.540702 -10.85499 141.8539 7.26882 -11.14893 143.0789 6.992242 -14.05052 154.5987 6.199162 -14.80737 154.5151 7.323959 -15.76034 153.6142 5.857177 -12.08728 142.1647 6.267462 -11.63156 141.9357 8.737642 -13.28096 144.471 7.495689 -10.68736 139.0712 4.529829 -10.4585 140.1161 6.13878 -9.517288 137.3639 7.659068 -13.46494 143.4707 5.603282 -14.05162 142.9793 4.430312 -12.95586 140.7364 4.97625 -11.25462 141.3109 7.48963 -9.893458 140.6156 9.8492 -11.40432 142.4379 6.193012 -11.61245 144.1354 4.533373 -11.96922 145.3941 7.099214 -11.17302 141.9455 5.518361 -14.71286 148.6892 6.04547 -15.51049 148.5363 4.579626 -25.05452 162.0908 -4.436374 -25.94263 160.2038 -4.511631 -28.82258 163.4371 -2.460879 -24.17921 163.3947 -2.965989 -19.90666 161.2393 9.699011 -18.1475 158.5413 9.457268 -16.28103 161.2328 12.30049 -24.92966 157.229 1.625337 -21.12627 155.9463 2.896646 -19.87834 156.8303 5.443947 -14.50139 170.4419 14.14094 -11.78473 170.5169 15.58882 -12.46012 172.6335 14.74086 -25.05446 163.4969 0.705582 -26.21583 161.0055 1.424359 1.1e-4 176.314 6.443595 -3.94833 178.2459 9.016726 -11.88057 167.9734 15.49717 -18.85188 167.3919 10.34391 -16.79246 170.7505 11.07822 -18.02047 170.7862 7.106229 -20.26275 163.5328 -3.046538 -19.73524 164.699 -0.967597 -24.43042 161.2422 4.6336 -22.99653 164.501 3.598062 -19.92961 167.87 6.431576 -21.93833 165.2604 3.531403 -5.030612 177.7943 5.769186 -22.08191 156.5504 -3.531134 -21.95674 155.7313 -1.047004 -25.40959 157.5909 -2.164223 -21.75795 164.5803 0.864463 -21.11507 164.4915 8.418053 -22.42805 159.008 7.028918 -17.34355 166.5394 12.39956 -20.8999 162.8654 9.058531 -13.53306 164.6533 14.30755 -22.10586 170.0807 -2.654743 -16.47959 170.6326 -2.611072 -18.55573 167.2775 -2.670055 -23.09154 168.2126 -3.029274 -22.83267 168.5119 3.721976 -24.48929 168.3935 1.166145 -24 166.5998 -1.115265 -25.4601 169.8506 -2.124874 -3.748502 175.811 1.192434 -3.896731 176.7575 3.492935 -8.586292 177.1846 3.637235 -9.201393 177.5153 6.939935 -18.51992 162.1869 -11.46022 -18.41496 165.917 -6.368616 -14.56625 170.7502 -9.875331 -16.76199 152.4237 3.043664 -16.45978 152.8868 4.454107 -18.82247 151.9596 1.778503 -17.56981 144.5855 -3.642883 -19.40708 148.3758 -3.02489 -19.75554 144.5615 -6.144462 -1.334091 176.1897 -1.530775 -4.483671 176.7354 -2.411815 -16.16039 170.7315 -5.622421 -18.02105 140.8317 -16.64868 -20.59482 140.8396 -10.00429 -20.69798 144.7426 -8.911503 -20.45207 137.6432 -17.22916 -22.68623 136.3516 -18.44961 -23.89187 137.6636 -18.38128 -26.02761 140.0543 -17.69931 -26.1038 135.9061 -17.9014 -25.47285 137.5158 -14.96288 -20.1074 134.2244 -8.775977 -21.39956 130.6229 -11.825 -16.87912 133.5666 -5.058961 -8.534341 176.1458 -8.104837 -4.72228 177.0779 -6.913415 -5.278359 176.27 -11.45623 -17.53859 144.2105 -16.31311 -16.82109 156.1759 8.834327 -20.29993 161.5316 -6.913599 -20.8969 161.3943 -4.461869 -1.37963 176.4156 -5.549315 -1.4262 176.2567 -10.06866 -15.62411 151.4143 1.023726 -16.7035 151.9532 0.965176 -15.10035 151.859 -0.385546 -16.92616 152.4002 -2.162266 -15.40338 150.469 -1.839601 -21.08822 148.0091 -5.31193 -20.0006 130.4095 -17.02622 2.85311 158.0809 15.76265 6.72033 160.6538 14.6787 3.79082 158.2052 16.03608 6.399899 164.1255 14.82975 9.102907 163.0661 13.20001 7.907607 175.8443 16.98434 3.387007 177.8161 14.09511 1.98407 158.2052 17.81267 3.37137 158.2052 16.81124 7.286951 160.7327 15.30172 9.710847 163.237 13.90825 10.56857 164.6331 15.03557 -1.559504 141.4181 9.531493 -1.564084 141.0024 14.01772 -2.635604 141.2635 13.57097 -1.479625 141.0292 13.88608 1.559696 141.4181 9.531493 2.635797 141.2635 13.57097 1.564276 141.0024 14.01772 1.479816 141.0292 13.88608 13.99229 143.6001 0.592882 13.37406 144.8739 -0.200227 15.59763 144.267 -0.661288 3.230924 135.0193 6.590465 9.4e-5 135.9707 2.878586 3.891345 137.4064 0.799837 15.40358 150.4673 -1.840572 15.05336 152.4307 1.066129 15.70426 152.6544 -0.515431 5.483824 136.1532 5.123247 18.37624 151.6411 -2.333932 17.72606 152.0493 -0.193312 18.51336 150.7922 -1.747362 8.309175 137.975 6.888418 8.089575 138.1813 2.937507 17.50259 152.7605 -1.395971 16.1381 152.8192 -0.01458096 15.41266 146.4661 -2.556946 13.90947 146.6064 -2.224126 17.06901 152.397 -2.472491 16.50605 148.9899 -2.920854 3.886614 135.3398 9.788516 1.896724 134.6025 10.53068 9.3e-5 134.2374 10.95002 9.3e-5 134.1625 8.937054 9.4e-5 134.8235 6.533586 10.43786 141.2973 0.3894 11.15028 140.9267 4.42664 5.959965 136.4189 8.271037 10.5114 146.7931 9.423686 7.917747 143.555 11.69434 10.68473 143.6169 8.858382 7.674966 140.8098 11.1274 13.04925 143.6011 1.596262 12.34354 143.6827 5.219122 13.3764 145.2073 1.599053 13.80228 147.0827 1.782965 12.44537 146.924 6.528875 9.631726 140.5134 8.156479 4.711596 141.1171 12.83271 5.028737 143.6539 13.31805 3.386167 142.5208 13.8338 3.211187 143.699 14.25189 3.145198 145.2581 14.36783 2.143468 145.2923 14.80142 2.096937 144.4359 14.80931 3.435775 137.4416 11.68957 2.923585 138.864 12.66491 5.618956 139.2341 11.57063 2.094387 143.059 14.73798 4.872838 146.8306 13.48484 3.347839 148.0174 13.55767 3.338259 147.0463 14.05519 6.462495 137.8862 10.11917 5.342005 138.8472 -2.882412 11.44021 155.1429 9.254041 12.97966 156.0943 8.344615 9.689622 158.1967 12.30614 10.91183 159.6309 11.25063 13.83969 150.5166 4.486948 14.92019 152.8769 3.018969 14.63355 150.4059 2.243157 12.27031 150.4354 7.329706 -2.143273 145.2923 14.80142 9.7e-5 144.6634 15.27147 -1.146293 145.6665 16.59541 9.7e-5 145.7907 17.00179 1.146488 145.6665 16.5954 1.687146 139.5777 13.75645 0.858346 139.4089 14.11156 0.787715 138.7475 13.56952 9.4e-5 138.1122 12.91428 9.5e-5 138.5967 13.82784 2.552426 140.037 13.26354 1.286695 138.4643 12.72627 3.375117 141.4803 13.47761 1.593976 140.5499 14.09509 9.6e-5 143.224 15.08735 0.983067 142.7926 15.05982 2.069297 142.3691 14.548 2.691497 141.4559 13.72396 1.984336 141.4408 14.33681 9.6e-5 142.7973 15.3447 9.6e-5 142.0594 15.41337 0.952347 142.1496 15.14308 2.807786 141.9532 13.93353 0.915706 141.311 14.78345 2.130656 140.2501 13.66452 6.138953 158.0696 14.16078 14.61865 144.3348 0.754452 16.08984 145.2387 -0.01018697 17.05618 146.4573 -1.393446 15.81729 147.4405 -1.315705 16.59069 151.7735 0.696388 16.87959 150.869 -1.193802 18.29595 149.0352 -1.975524 15.03759 150.2759 1.463207 14.06813 137.1186 -1.965626 14.06813 136.6011 -0.03441697 12.70256 137.1186 -1.399987 14.06813 137.1186 1.896794 15.43371 137.1186 1.331153 15.43371 143.8085 -1.399981 14.06814 144.326 -0.03441095 15.99935 143.8085 -0.03441095 12.70258 143.8085 1.331159 12.13693 143.8085 -0.03441095 -12.97946 156.0943 8.344614 -10.91163 159.631 11.25063 -14.91999 152.8769 3.018968 -13.83949 150.5166 4.486946 -15.05316 152.4307 1.066127 -14.63335 150.4059 2.243155 -3.891155 137.4064 0.799837 -3.230737 135.0193 6.590465 -15.70406 152.6544 -0.515432 -5.483635 136.1532 5.123245 -18.51316 150.7922 -1.747365 -17.72586 152.0493 -0.193313 -18.37604 151.6411 -2.333934 -16.1379 152.8192 -0.01458299 -17.50239 152.7604 -1.395973 -14.61845 144.3348 0.754451 -15.59743 144.267 -0.661289 -13.99209 143.6001 0.59288 -13.90927 146.6064 -2.224128 -13.37386 144.874 -0.200229 -15.41246 146.4661 -2.556948 -16.50585 148.9899 -2.920856 -17.06881 152.397 -2.472493 -1.896537 134.6025 10.53068 -3.886427 135.3398 9.788515 -11.15009 140.9267 4.426639 -12.34334 143.6827 5.219121 -13.04905 143.6011 1.59626 -10.68453 143.617 8.858381 -7.917554 143.555 11.69434 -7.674775 140.8098 11.1274 -9.631536 140.5135 8.156478 -10.43766 141.2973 0.389399 -13.80208 147.0827 1.782963 -13.3762 145.2074 1.599052 -12.44517 146.924 6.528873 -3.385974 142.5208 13.8338 -5.028544 143.6539 13.31805 -4.711405 141.1171 12.83271 -3.210994 143.699 14.25189 -2.096744 144.4359 14.80931 -3.145003 145.2581 14.36783 -2.094194 143.059 14.73798 -5.959776 136.4189 8.271035 -16.08964 145.2387 -0.01018899 -2.691305 141.4559 13.72396 -1.984145 141.4408 14.33681 -2.069105 142.3691 14.548 -0.982875 142.7926 15.05982 -0.952155 142.1496 15.14308 -0.787526 138.7475 13.56952 -0.858156 139.4089 14.11156 -1.686956 139.5777 13.75645 -1.286506 138.4643 12.72627 -2.552235 140.037 13.26354 -1.593785 140.5499 14.09509 -2.130465 140.2501 13.66452 -2.923396 138.864 12.66491 -3.374925 141.4803 13.47761 -0.915515 141.311 14.78345 -2.807595 141.9532 13.93353 -15.81709 147.4405 -1.315707 -17.05598 146.4574 -1.393448 -16.87939 150.869 -1.193804 -16.59049 151.7734 0.696387 -18.29575 149.0352 -1.975526 -15.03739 150.2759 1.463206 9.4e-5 135.2511 -6.454417 -2.173804 138.519 -6.049052 9.6e-5 138.6287 -6.566981 -3.814245 135.2098 -4.73125 1.864389 148.6151 13.97262 3.765159 148.8588 12.72134 7.359879 146.6979 12.37768 10.86136 150.3521 9.218018 9.49005 149.5578 10.24202 2.02673 151.7566 13.84443 3.86413 151.618 12.96214 2.634561 154.2621 14.2693 1.85617 149.9211 13.6961 3.612762 156.5277 14.94019 5.386289 148.9063 12.29581 27.40623 84.73283 7.450363 19.50828 90.00364 14.95484 23.95919 83.7783 -18.37243 4.598611 154.3977 13.13156 5.313647 154.9726 12.99363 11.08957 153.5741 9.96783 4.163356 153.0457 13.04261 16.34422 86.59465 -23.15984 10.74041 153.816 10.26438 -67.29847 127.9858 -2.279339 5.327949 95.77426 -22.51837 -5.327788 95.77426 -22.51837 -2.313917 101.0839 -18.32792 40.42607 126.9212 2.155846 -70.04483 127.9924 1.008893 -70.09405 129.3324 0.998244 -70.05603 129.3327 2.633344 -70.02407 128.1726 2.697023 -70.96324 128.3829 -1.654027 -70.89875 129.4966 -1.664346 -70.88478 129.6034 0.1424739 -70.93597 128.5241 0.194754 -67.47732 128.967 -4.380649 -67.0764 128.9585 -4.401728 -64.26992 128.8986 -4.549269 -64.1225 128.5393 -4.768499 -63.85217 128.1316 -6.825979 -67.88541 126.6939 -6.519956 -66.86022 126.6794 -6.537871 70.11256 128.9701 -4.231142 70.09634 127.9167 -4.129243 70.16037 128.1072 -2.412233 70.16086 129.2724 -2.471752 70.93615 128.524 0.194727 70.88496 129.6034 0.142448 70.89892 129.4966 -1.664372 70.96342 128.3829 -1.654053 70.0562 129.3326 2.633318 67.99549 129.4763 0.851854 70.09423 129.3324 0.998218 67.03643 129.5185 2.831754 64.05831 129.6065 3.006241 70.02425 128.1725 2.696997 67.74271 127.9632 0.895504 70.04499 127.9923 1.008867 -16.7991 140.4636 -2.765554 -16.43318 142.3948 -2.399652 -14.06794 140.4636 -3.896833 -14.06794 142.3948 -3.379362 -16.7991 140.4636 2.696726 -16.43319 142.3948 2.330828 -17.93037 140.4636 -0.03441399 -17.4129 142.3948 -0.03441196 -11.33681 140.4636 2.696727 -11.7027 142.3948 2.330829 -14.06794 140.4636 3.828007 -14.06794 142.3948 3.310538 -11.3368 140.4636 -2.765553 -11.7027 142.3948 -2.399652 -10.20551 140.4636 -0.03441298 -10.72299 142.3948 -0.03441095 -15.43352 143.8085 1.331159 -15.99915 143.8085 -0.03441095 -12.70237 143.8085 -1.39998 -12.13673 143.8085 -0.03440999 -15.43353 137.1186 -1.399986 -16.43319 138.5324 -2.399655 -14.06794 137.1186 -1.965626 -14.06794 138.5324 -3.379365 -16.43319 138.5324 2.330825 -17.4129 138.5324 -0.03441494 -12.70239 137.1186 1.331154 -11.70271 138.5324 2.330825 -14.06794 137.1186 1.896794 -14.06795 138.5324 3.310535 -11.70271 138.5324 -2.399655 -10.723 138.5324 -0.03441399 -10.21304 149.9033 9.729367 -3.814446 150.2384 12.84174 -25.44355 92.42234 -10.6166 -28.12317 89.50451 -0.01045596 -26.34082 88.7686 -10.7799 -17.95989 102.819 0.356561 -17.27434 102.0339 7.030153 -17.22911 102.7772 -6.94426 -22.26648 95.29416 -9.947652 -14.62027 102.5635 -12.49272 -17.50296 97.78638 -15.49975 6.635877 119.2389 -9.397899 6.362716 127.142 -9.876139 9.1e-5 127.2601 -10.65364 9.3e-5 131.5466 -9.166709 5.257992 131.4699 -8.244669 9.3e-5 133.2205 -7.639152 8.8e-5 119.2361 -10.11413 6.840898 118.9569 10.80682 5.93715 124.0043 9.407646 8.7e-5 118.7913 11.32368 8.9e-5 123.5956 10.0862 10.87045 119.3588 8.382496 9.878911 124.5729 7.654616 29.71561 86.93857 -0.02793496 27.51902 88.70891 7.774756 29.86108 82.77959 -0.1965489 20.80489 93.05371 13.99401 17.22927 102.7772 -6.944259 17.96005 102.819 0.356563 9.618204 108.0725 0.916652 17.2745 102.0339 7.030154 7.831063 107.4577 4.952212 22.26664 95.29415 -9.947649 25.44371 92.42231 -10.6166 17.50312 97.78638 -15.49975 14.62043 102.5635 -12.49272 10.33156 90.17758 -24.75661 25.00241 92.15033 7.009379 28.12332 89.5045 -0.01045298 24.27086 86.56662 -18.1985 28.39315 85.07656 -11.21685 28.49365 81.91317 -11.29586 21.10907 91.67123 -17.96519 26.34097 88.7686 -10.77989 9.910809 95.85173 16.10465 4.49958 125.7257 8.884286 3.37471 124.813 8.715846 2.597871 127.8521 8.025187 1.94843 126.4077 8.071527 -3.78119 125.7494 10.27788 -2.183029 127.5364 9.555898 -4.4994 125.7257 8.884286 -2.597689 127.8521 8.025187 -4.36615 123.3084 11.2641 -5.195471 122.821 10.05784 -3.781192 120.8674 12.25034 -4.499402 119.9164 11.23141 -2.183032 119.0804 12.97231 -2.597693 117.79 12.09051 -3.37864 125.348 10.053 -1.950619 126.9447 9.407888 -1.62733 126.5793 10.30592 -1.950622 119.389 12.4606 -1.627332 120.2757 12.8527 -3.378642 120.9857 11.81548 -3.901341 123.1669 10.93424 3.37882 125.348 10.053 1.950801 126.9447 9.407888 1.627511 126.5793 10.30592 1.950798 119.389 12.4606 3.378819 120.9857 11.81548 1.627508 120.2757 12.8527 3.90152 123.1669 10.93424 3.78137 125.7494 10.27788 4.36633 123.3084 11.2641 2.183211 127.5364 9.555898 -3.37453 124.813 8.715846 -1.948249 126.4077 8.071527 3.781368 120.8674 12.25034 2.183208 119.0804 12.97231 8.8e-5 118.8046 12.69673 8.7e-5 118.4264 13.23658 5.195649 122.821 10.05784 3.896759 122.6344 9.596014 4.499578 119.9164 11.23141 3.374708 120.4559 10.47619 2.597867 117.79 12.09051 1.854128 119.0527 11.08935 -1.853952 119.0527 11.08935 8.7e-5 117.0117 12.40497 8.7e-5 118.2775 11.35636 -3.896581 122.6345 9.596014 -3.374532 120.4559 10.47619 -9.027979 126.9307 -8.484385 -6.362533 127.142 -9.876141 -6.635702 119.2389 -9.397901 -5.843024 114.4854 -7.296193 8.6e-5 114.4256 -7.847902 -5.257806 131.4699 -8.24467 -6.840724 118.9569 10.80682 -5.936972 124.0043 9.407645 -7.847368 130.2278 -7.518991 -9.878732 124.5729 7.654615 -10.87027 119.3589 8.382494 -10.22072 114.0058 4.681036 -12.14961 117.796 4.910779 1.39036 8.830048 -3.084633 6.611956 10.90684 -2.814186 1.033073 4.177348 1.940659 1.819086 10.90685 -2.814186 0.538662 -6.54e-4 5.060866 4.105704 7.940734 6.032262 1.445824 7.796302 4.432812 2.24654 11.03926 3.622224 4.162906 10.76521 4.432164 5.807469 19.21457 2.0734 5.770698 14.47824 2.358351 6.048448 19.21457 -1.519472 5.957272 15.65332 -1.483481 5.051495 39.81071 4.078832 2.398639 39.81071 3.4034 4.311144 19.21457 2.565816 2.776069 19.21457 2.107816 4.272959 19.21457 -2.78805 2.392449 19.21457 -2.083419 5.090362 39.60933 -5.461058 1.202567 39.60933 -3.578003 5.119626 51.0063 -3.769209 1.308601 50.91478 -2.224294 6.131886 11.03926 3.622224 6.44446 12.9991 -1.801178 9.340857 50.8477 -1.065764 8.182706 50.49878 3.590656 9.277019 39.67226 -3.1306 7.912607 39.8107 3.427862 1.400565 60.76973 -2.639026 0.772175 60.76972 -0.005786001 2.065248 15.737 -1.990372 4.215518 15.93657 -2.719842 2.511673 14.43225 2.445447 1.222727 15.31446 9.79962e-5 0.884886 12.41572 9.49962e-5 4.215517 13.48164 -3.475284 1.800596 13.15125 -2.299184 4.144758 14.13175 2.950571 1.487149 19.21457 1.00996e-4 0.433392 39.81071 1.16996e-4 5.298853 55.40701 -3.58063 5.758695 60.76973 -4.192796 11.11249 60.76972 -1.359801 9.808588 55.407 -1.08121 8.947958 55.407 3.978755 10.04078 60.76972 4.567904 5.271981 50.37749 4.349716 5.490933 55.407 5.87197 5.886796 60.76972 6.526534 1.820013 55.407 4.369705 2.034715 60.76972 4.471089 -6.985124 7.796306 4.432814 -4.105613 7.940737 6.032263 -6.131793 11.03927 3.622226 -4.162813 10.76522 4.432166 -6.611865 10.90685 -2.814184 -4.215425 13.48164 -3.475283 -6.444367 12.9991 -1.801176 -0.538577 -6.53e-4 5.060866 -8.126436 9.181316 9.49962e-5 -7.894625 6.933717 2.984824 -6.048351 19.21457 -1.51947 -5.957177 15.65332 -1.483479 -5.80737 19.21458 2.073403 -5.770603 14.47824 2.358353 -4.311045 19.21458 2.565817 -2.775971 19.21457 2.107817 -5.051379 39.81071 4.078834 -2.398525 39.81071 3.403401 -1.487051 19.21457 1.00996e-4 -2.392352 19.21457 -2.083418 -0.433278 39.81071 1.16996e-4 -1.202455 39.60933 -3.578002 -5.090251 39.60933 -5.461056 -4.272862 19.21457 -2.788048 -5.119505 51.0063 -3.769207 -2.065153 15.737 -1.990371 -1.222633 15.31446 9.79962e-5 -9.276907 39.67227 -3.130597 -7.912493 39.81071 3.427865 -9.340734 50.84771 -1.06576 -8.182583 50.49879 3.590659 -2.034583 60.76972 4.47109 -0.772045 60.76973 -0.005786001 -5.298728 55.40701 -3.580629 -1.083568 55.40701 -2.1877 -5.122719 53.17179 -3.36402 -1.001429 53.17179 -2.109212 -4.215423 15.93657 -2.71984 -2.511578 14.43225 2.445448 -4.144662 14.13175 2.950573 -9.808464 55.40701 -1.081207 -9.571482 53.17179 -0.735365 -5.758566 60.76973 -4.192794 -1.400436 60.76973 -2.639025 -11.11236 60.76973 -1.359797 -10.04065 60.76973 4.567907 -8.947831 55.40701 3.978758 -5.271858 50.3775 4.349718 -5.490805 55.407 5.871972 -5.886662 60.76972 6.526536 -2.481398 50.50278 3.318587 6.203791 130.5629 0.525997 8.996442 133.704 2.80812 6.203791 131.4376 -2.165932 8.996443 135.3201 -2.165929 6.203789 125.4425 2.189703 8.996439 124.2427 5.882241 6.20379 128.273 2.189706 8.996441 129.4728 5.882245 6.203788 122.278 -2.165939 8.996437 118.3954 -2.165943 6.198652 122.9192 0.913694 8.996438 120.0116 2.808109 6.203789 125.4425 -6.521577 8.996438 124.2428 -10.21412 6.203788 123.1527 -4.857869 8.996437 120.0116 -7.139992 6.203791 130.5629 -4.857873 8.996442 133.704 -7.139981 6.20379 128.273 -6.521575 8.99644 129.4728 -10.21411 12.26736 135.1603 3.86622 12.26736 137.1203 -2.165928 12.26736 123.6865 7.594292 12.26736 130.029 7.594297 12.26735 116.5953 -2.165944 12.26736 118.5552 3.866207 12.26736 123.6865 -11.92617 12.26736 118.5552 -8.198093 12.26736 135.1603 -8.198079 12.26736 130.0291 -11.92616 25.67933 130.0279 0.77343 25.70205 126.6453 2.404717 25.68768 123.655 1.277144 25.64612 122.4185 -2.074917 25.43908 123.9482 -5.668355 25.58052 127.2531 -6.523702 25.60401 129.9587 -4.813351 25.64612 130.8293 -2.07491 60.29689 126.631 5.782696 59.57283 126.677 5.282086 40.42607 130.4089 -2.081261 40.42607 129.3005 0.859599 50.47948 129.6239 -1.945801 50.47948 128.7891 0.330518 40.42607 123.0788 -2.081267 50.47948 124.1652 -1.945806 40.42607 123.9662 -4.504326 40.42607 127.166 -6.085293 50.47948 124.7255 -3.914155 50.47948 127.2116 -5.177813 40.42607 129.7167 -4.530241 50.47948 129.1831 -4.015241 60.34578 124.6516 3.227544 35.79369 130.5628 -2.07493 27.52064 120.7102 -1.953818 31.33063 123.0441 -2.076026 35.79369 123.7226 1.041184 35.79369 122.7513 -2.074937 52.97886 129.4356 -1.809412 53.02136 128.7354 0.278508 63.61048 129.6209 3.034728 52.92083 129.0225 -3.920912 62.5088 130.2934 0.469339 67.46189 129.506 2.806828 57.90828 129.9499 0.480379 63.51266 127.3749 -0.83713 63.27772 127.6064 0.260679 33.5479 130.5796 -2.07332 30.68604 121.8533 -2.076027 31.06936 123.2112 -4.995276 33.5479 122.5742 -2.073327 33.5479 123.7882 -4.863616 30.67026 131.3328 -2.07602 -6.203608 130.5629 -4.857869 -8.996259 133.704 -7.139976 -6.203607 131.4376 1.94996e-4 -8.996256 135.3201 -2.165924 -6.203607 130.5629 0.526001 -8.996255 133.704 2.808125 -6.203607 128.273 2.189709 -8.996255 129.4728 5.882249 -6.203608 125.4425 2.189707 -8.996257 124.2427 5.882245 -6.274805 122.9192 0.913698 -8.99626 120.0116 2.808114 -6.20361 122.278 -2.165936 -8.996263 118.3954 -2.165938 -6.20361 123.1527 -4.857865 -8.996265 120.0116 -7.139987 -6.20361 125.4425 -6.521573 -8.996265 124.2428 -10.21411 -6.203609 128.273 -6.521571 -8.996262 129.4728 -10.21411 -12.26718 135.1603 -8.198073 -12.26717 137.1203 -2.165922 -12.26717 135.1603 3.866226 -12.26717 130.0291 7.594303 -12.26718 123.6865 7.594298 -12.26718 118.5552 3.866212 -12.26718 116.5953 -2.165938 -12.26718 118.5552 -8.198086 -12.26718 123.6865 -11.92616 -12.26718 130.0291 -11.92616 -25.70187 126.6453 2.404726 -25.67915 130.0279 0.773439 -25.6875 123.6551 1.277154 -25.64594 122.4185 -2.074907 -25.43891 123.9483 -5.668346 -11.6409 123.9596 -6.601754 -25.58034 127.2531 -6.523693 -9.906641 127.7754 -7.327091 -25.60383 129.9587 -4.813341 -8.7587 131.1604 -5.506697 -25.64594 130.8293 -2.074901 -60.29671 126.631 5.782719 -59.57265 126.677 5.282109 -68.86909 126.8881 -6.383609 -50.47929 129.6239 -1.945783 -50.47929 128.7891 0.330536 -40.42589 130.4089 -2.081246 -40.42589 129.3005 0.859614 -40.42589 126.9212 2.155861 -40.42589 123.7819 0.878249 -50.47929 124.1652 -1.945787 -40.42589 123.0789 -2.081252 -50.47929 124.7256 -3.914137 -50.47929 127.2117 -5.177795 -40.42589 123.9662 -4.50431 -40.42589 127.166 -6.085278 -50.47929 129.1831 -4.015223 -40.42589 129.7167 -4.530226 -60.3456 124.6516 3.227567 -35.79351 130.5628 -2.074917 -27.52046 120.7102 -1.953808 -31.33045 123.0442 -2.076015 -35.79351 123.7227 1.041197 -35.79351 122.7514 -2.074924 -68.9025 127.985 -6.460797 -67.83815 129.3744 -2.385 -70.16069 129.2724 -2.471726 -67.78503 127.9984 -2.302899 -70.1602 128.1073 -2.412207 -70.11238 128.9702 -4.231116 -70.09617 127.9168 -4.129217 -52.97868 129.4356 -1.809392 -53.02118 128.7354 0.278527 -63.39526 128.7189 -4.742399 -63.02645 128.2355 -6.80811 -33.54772 130.5797 -2.073308 -33.54772 122.5742 -2.073315 -30.68586 121.8533 -2.076016 7.41802 177.4223 -0.888972 8.07061 176.3972 -3.131523 8.05498 177.4165 -1.011272 8.522549 176.4845 -3.131523 -9.92908 179.6014 -1.55943 -10.71415 179.4057 -3.13152 10.71437 179.4057 -3.13152 10.75766 181.1472 -3.131519 -7.69704 180.1579 0.03993099 -8.734769 182.7044 -0.888967 -8.298089 180.0081 -0.1330389 -9.2999 182.4105 -1.011268 -7.4178 177.4223 -0.888972 -8.05476 177.4165 -1.011272 -8.070391 176.3972 -3.131522 -8.522332 176.4845 -3.131522 -7.4178 177.4223 -5.374071 -8.05476 177.4165 -5.251761 -8.734769 182.7044 -5.374067 -7.69704 180.1579 -6.302959 -9.2999 182.4105 -5.251757 -8.298089 180.0081 -6.13 -9.792259 183.3032 -3.131517 -10.15029 183.0139 -3.131517 8.298311 180.0081 -0.13304 8.05498 177.4165 -5.251762 8.298311 180.0081 -6.13 -9.116749 182.1467 -1.256848 9.300123 182.4105 -5.251757 10.15051 183.0139 -3.131518 7.41802 177.4224 -5.374072 7.697261 180.1579 -6.30296 8.734992 182.7044 -5.374068 9.792482 183.3032 -3.131517 7.697261 180.1579 0.03992998 8.734992 182.7044 -0.888968 9.300123 182.4105 -1.011268 9.116972 182.1467 -1.256848 -2.24244 177.4223 4.286389 1.1e-4 176.3972 4.938988 -2.12014 177.4165 4.923349 1.1e-4 176.4845 5.390917 -1.571979 179.6014 -13.0607 1.1e-4 179.4057 -13.84577 1.11e-4 179.4057 7.58274 1.12e-4 181.1472 7.626041 -3.171339 180.1579 -10.82867 -2.242438 182.7044 -11.86639 -2.998369 180.0081 -11.42972 -2.120138 182.4105 -12.43153 -2.24244 177.4223 -10.54942 -2.12014 177.4165 -11.18639 1.09e-4 176.3972 -11.20202 1.09e-4 176.4845 -11.65396 2.24266 177.4223 -10.54942 2.12036 177.4165 -11.18639 2.242662 182.7044 -11.86639 3.171561 180.1579 -10.82867 2.120362 182.4105 -12.43153 2.998591 180.0081 -11.42972 1.12e-4 183.3032 -12.92389 1.12e-4 183.0139 -13.28192 -2.998369 180.0081 5.16668 2.12036 177.4165 4.923349 2.998591 180.0081 5.16668 -1.874558 182.1467 -12.24838 2.120362 182.4105 6.168492 1.12e-4 183.0139 7.018883 2.24266 177.4223 4.286389 3.171561 180.1579 4.565641 2.242662 182.7044 5.603363 1.12e-4 183.3032 6.660853 -3.171339 180.1579 4.565641 -2.242438 182.7044 5.603363 -2.120138 182.4105 6.168492 -1.874558 182.1467 5.985352 23.66507 136.0652 -12.79062 24.79258 132.2317 -16.68152 25.47304 137.5158 -14.96288 26.10398 135.9061 -17.9014 13.12506 156.6546 10.05013 3.748719 175.811 1.192435 4.48389 176.7354 -2.411815 12.34435 174.0018 -4.570607 12.3492 173.9933 -1.324437 11.44112 160.1716 12.61491 20.02785 153.7496 2.393507 12.28027 162.0069 13.84369 14.65727 158.647 11.8256 8.55797 176.2249 -3.563715 12.8456 145.352 -1.28483 21.77376 150.6006 -4.614016 21.81163 153.5687 -7.692164 21.66641 153.4212 -1.322309 22.31038 153.5755 -4.072574 -4.620541 98.3254 -27.65836 -5.725732 95.81558 -16.90148 7.8e-5 96.03685 -18.28895 -7.46251 124.8372 -8.692626 -12.65589 125.2294 -7.126916 -10.90709 112.1741 -6.761387 5.505158 95.16276 -17.10854 -12.27386 115.0871 -27.61626 -11.23145 105.1258 -27.51072 -14.14671 104.7119 -22.98164 -15.55355 114.7842 -23.0279 10.90726 112.1741 -6.761387 7.462689 124.8372 -8.692627 12.65606 125.2294 -7.126916 14.16664 105.0721 -23.94825 11.54863 105.0894 -26.71309 9.428998 98.26728 -26.15306 12.27402 115.0857 -26.54025 15.70864 114.2833 -22.96632 -9.013972 98.03704 -26.82759 9.545581 103.8706 -8.929325 -2.992435 137.0049 -25.01718 9.4e-5 136.7772 -25.55762 9.8e-5 144.3373 -24.76186 -2.619597 144.4474 -24.33404 -9.545419 103.8706 -8.929325 -0.788423 93.55545 -28.87154 -2.452963 93.51916 -28.3224 19.69248 102.8645 -13.86353 17.7578 103.9445 -21.3244 22.07685 112.5422 -11.9699 20.04706 113.9643 -20.01974 15.11376 98.113 -23.56851 16.26137 96.67775 -18.97733 16.20067 112.1936 -6.922727 14.55606 103.9714 -9.506625 12.76278 95.87873 -17.19649 17.08831 125.9354 -6.470886 22.62589 125.5672 -12.38487 20.01833 126.8077 -18.30393 20.00078 130.4095 -17.02622 12.77435 176.1817 3.579485 22.83288 168.5119 3.721979 -3.004601 175.5526 19.05792 -1.42996 176.8604 14.5796 -9.581204 168.5385 18.54063 -9.528983 171.5752 18.28215 -5.034804 164.4365 20.55255 -8.721586 164.4365 18.18357 -3.762396 160.7363 19.33869 -6.272916 160.7363 17.42461 1.06e-4 164.1524 16.10223 -3.101875 164.3057 15.54251 -5.245092 168.6284 20.81992 -4.836882 171.7038 20.4641 2.619787 144.4474 -24.33404 2.991999 148.9081 -24.91269 10e-5 148.7087 -25.13999 3.105811 154.6944 -25.25336 1.02e-4 154.6996 -25.52953 3.100864 163.1456 -24.63376 1.05e-4 163.0371 -24.7772 1.08e-4 170.5055 -21.03492 2.177927 170.5405 -20.88729 13.76739 148.6677 3.998547 14.621 148.4125 1.601347 13.82021 142.9687 2.749183 15.75446 148.4511 3.474668 15.66639 148.365 2.237747 13.02248 148.9385 6.290088 11.55928 138.9383 6.101481 12.40021 140.3545 3.773291 11.31478 138.7081 5.02498 -8.367074 154.7324 -23.80194 -7.907148 163.2002 -22.88745 -3.105607 154.6944 -25.25336 -3.100653 163.1456 -24.63376 -7.728508 144.4972 -23.36032 -5.928116 170.6354 -19.78789 -2.177711 170.5405 -20.88729 -2.991799 148.9081 -24.91269 -8.147825 149.0137 -23.8684 -14.2947 148.7526 -18.67146 -14.59824 154.6371 -19.17078 -12.91771 162.9259 -18.54738 -9.802232 170.7514 -17.36316 -22.07668 112.5422 -11.9699 -20.04689 113.9644 -20.01974 -19.69232 102.8646 -13.86353 -17.75764 103.9445 -21.32441 -16.26121 96.67776 -18.97733 -15.1136 98.11301 -23.56851 -16.2005 112.1936 -6.922729 -14.5559 103.9714 -9.506626 -12.76262 95.87874 -17.19649 -17.08813 125.9354 -6.470888 -22.62571 125.5673 -12.38487 -20.01815 126.8077 -18.30394 -14.6208 148.4124 1.601346 -13.76719 148.6677 3.998546 -15.75426 148.4511 3.474666 -15.66619 148.365 2.237746 -13.82002 142.9687 2.749181 -13.02228 148.9385 6.290087 -12.40002 140.3546 3.77329 -11.3146 138.7081 5.024979 -11.5591 138.9383 6.101479 -15.76667 173.7382 7.409772 -14.69122 173.8418 11.11474 -13.17861 176.0221 7.454414 -12.17361 176.1679 11.15126 -8.763723 177.9716 10.15587 -26.26322 158.6186 0.614283 -26.53277 158.7906 -2.492127 -23.81827 160.1251 5.831259 -21.63941 158.6376 -4.703791 -8.210823 175.4962 -0.01833599 -6.302971 177.3815 3.512205 -19.88358 171.0811 1.579079 -16.82833 173.3994 2.57928 -12.77413 176.1817 3.579483 -22.67333 169.9128 0.1363469 -23.66488 136.0652 -12.79063 -24.7924 132.2317 -16.68152 1.09e-4 175.7249 -9.606527 1.09e-4 176.0455 -5.207085 -21.67804 148.2219 -8.37838 -13.12486 156.6546 10.05013 -12.34898 173.9933 -1.324438 -12.34413 174.0018 -4.570608 -11.44092 160.1716 12.61491 -14.65707 158.647 11.8256 -12.28007 162.0069 13.84369 -12.4088 170.7066 -14.19762 -16.01104 162.6852 -15.60272 -11.34364 174.3329 -8.904319 -9.126892 174.3524 -12.84519 -20.11876 144.8355 -12.20117 -20.09226 141.3812 -12.9573 -8.557752 176.2249 -3.563716 -17.44142 148.6334 -16.26768 -20.00833 154.0659 -11.83249 -17.24126 154.4266 -16.13659 -20.43538 148.357 -12.12464 -12.8454 145.352 -1.284831 -24.19552 138.9741 -16.59539 -21.88611 138.8579 -15.01027 -21.81143 153.5687 -7.692166 3.762612 160.7363 19.33868 6.273131 160.7363 17.42461 3.004827 175.5526 19.05792 1.430186 176.8604 14.5796 9.581425 168.5385 18.54063 9.529206 171.5752 18.28215 5.035024 164.4365 20.55254 8.721803 164.4365 18.18356 3.102089 164.3056 15.54251 5.245316 168.6284 20.81992 4.837107 171.7038 20.4641 -0.709954 141.4067 9.531493 -0.744294 140.9248 14.20191 9.6e-5 141.3914 9.531493 9.5e-5 140.8745 14.26512 -0.645154 141.0378 13.92268 9.5e-5 140.9153 14.06451 0.710146 141.4067 9.531493 0.744486 140.9248 14.20191 0.645346 141.0378 13.92268 5.184705 139.499 -4.099872 9.067026 141.7217 -2.63445 0.89101 151.7341 14.44313 10e-5 151.8595 14.5716 0.68789 150.5317 14.53058 9.9e-5 150.6796 14.6605 9.9e-5 149.1824 14.9803 0.790189 149.1068 14.72521 0.954789 147.6599 15.40393 9.8e-5 147.6603 15.82549 1.892228 147.2765 14.52319 1.325351 154.1568 14.78721 1.01e-4 154.1796 14.99742 1.472165 137.147 12.18347 17.34635 146.1185 -2.398086 18.46897 148.8533 -3.063314 9.7e-5 143.9867 15.11715 2.462473 158.604 15.86033 1.936272 156.8173 15.37008 1.02e-4 158.5753 15.87624 1.02e-4 156.894 15.56663 9.2e-5 130.5655 3.016152 5.853992 131.052 1.602962 9.5e-5 139.3238 14.32947 9.6e-5 141.2367 14.97568 9.5e-5 140.2001 14.4106 0.845216 140.3222 14.21646 11.70289 138.5323 2.330824 11.337 140.4635 2.696726 10.72318 138.5323 -0.03441494 10.20571 140.4635 -0.03441399 16.43337 138.5323 2.330824 16.79929 140.4635 2.696726 14.06813 138.5323 3.310535 14.06814 140.4635 3.828006 16.43337 138.5323 -2.399656 16.79928 140.4635 -2.765554 17.41308 138.5323 -0.03441596 17.93055 140.4635 -0.03441399 11.70289 138.5323 -2.399655 11.337 140.4635 -2.765554 14.06813 138.5323 -3.379366 14.06814 140.4635 -3.896834 12.70257 137.1186 1.331154 12.13692 137.1186 -0.03441697 15.43371 137.1186 -1.399987 15.99934 137.1186 -0.03441697 11.7029 142.3948 2.330828 10.72319 142.3948 -0.03441196 16.43337 142.3948 2.330827 15.43371 143.8085 1.331159 14.06814 142.3948 3.310538 14.06814 143.8085 1.896799 16.43337 142.3948 -2.399653 17.41308 142.3948 -0.03441196 11.7029 142.3948 -2.399652 12.70257 143.8085 -1.399981 14.06814 142.3948 -3.379362 14.06814 143.8085 -1.965621 -2.462268 158.604 15.86033 -1.936069 156.8174 15.37008 -1.32515 154.1568 14.78721 -17.34615 146.1185 -2.398088 -1.471977 137.147 12.18347 -1.800617 135.6247 11.69233 9.4e-5 136.9892 12.43317 9.3e-5 135.3264 11.8568 -0.687691 150.5317 14.53058 -0.890811 151.7341 14.44313 -0.789992 149.1068 14.72521 -0.954593 147.6599 15.40393 -1.892033 147.2765 14.52319 -3.734887 136.2959 10.93953 -3.435586 137.4416 11.68957 -5.618766 139.2341 11.57063 -6.462306 137.8862 10.11917 -18.46877 148.8533 -3.063316 -9.066835 141.7217 -2.634451 -3.338063 147.0463 14.05519 -0.845025 140.3222 14.21646 -5.853807 131.052 -0.563162 -23.95905 83.77832 -18.37243 -16.34407 86.59466 -23.15984 -27.40609 84.73286 7.45036 -19.50813 90.00365 14.95484 -10.3314 90.17759 -24.75661 -9.910655 95.85173 16.10465 3.814645 150.2384 12.84174 10.21324 149.9033 9.729368 -29.86094 82.77961 -0.196552 -28.49351 81.9132 -11.29586 -67.4617 129.506 2.806853 -67.03625 129.5186 2.831779 -64.05813 129.6066 3.006265 -63.6103 129.6209 3.034752 -63.51248 127.3749 -0.837107 -63.27754 127.6064 0.260703 67.02122 128.0268 -6.630687 67.48035 128.016 -6.603025 63.85235 128.1315 -6.826003 63.02663 128.2355 -6.808133 61.99986 128.3981 -6.749323 62.58789 129.2312 -4.682372 57.88709 129.2269 -5.249181 57.96829 130.0337 -3.638501 57.96829 130.2648 -1.479431 63.47186 126.7893 -2.89113 58.96347 124.7432 -2.477636 59.51811 124.9714 -0.211785 58.90576 124.1524 1.424604 57.54079 124.0034 2.754754 63.68361 127.9061 3.107887 -7.359683 146.6979 12.37767 -11.57094 98.35517 15.45943 -20.80474 93.05373 13.99401 -27.51888 88.70893 7.774753 -29.71547 86.93859 -0.02793896 -28.39301 85.07658 -11.21685 -24.27071 86.56665 -18.1985 -17.00961 89.31414 -23.03266 -11.71654 91.80079 -24.41239 -7.830898 107.4577 4.952211 -9.618038 108.0725 0.916651 5.843195 114.4854 -7.296193 10.38461 114.3739 -4.800533 12.85487 117.6164 -0.95669 11.7344 114.3098 -0.06506299 12.14979 117.796 4.91078 10.22088 114.0058 4.681037 6.186226 113.65 7.957557 8.5e-5 113.2132 9.331377 -6.186056 113.65 7.957555 8.884755 110.4008 -3.282916 10.13987 109.9725 0.637554 4.868364 110.7966 -5.431275 8.5e-5 110.7895 -6.036915 -4.868195 110.7966 -5.431276 -8.884586 110.4008 -3.282917 -10.13971 109.9725 0.637553 -8.669488 109.3327 4.571862 -5.179447 108.9709 7.324612 8.3e-5 108.6325 8.797533 5.179614 108.9709 7.324613 8.669653 109.3327 4.571863 9.1e-5 128.6304 7.710729 9.1e-5 126.9914 7.835678 9.1e-5 128.1904 9.291638 9.1e-5 127.5292 9.171758 9.1e-5 127.0668 10.10893 8.8e-5 119.7882 13.04969 6.985215 7.7963 4.432812 6.333963 4.488555 6.728428 5.454412 53.17178 5.650038 1.863627 53.17178 4.115288 8.639537 53.17178 3.913523 9.022821 53.17178 1.444918 9.571606 53.17178 -0.735369 5.122842 53.17179 -3.364022 1.001552 53.17179 -2.109212 -5.454287 53.17178 5.65004 -1.863501 53.17178 4.115289 -8.639412 53.17179 3.913526 -9.022695 53.17179 1.444921 5.22315 126.8578 -2.165936 28.65455 127.2486 -6.406933 28.63872 129.9354 -4.74516 28.61828 130.6226 -2.07602 28.61827 129.8628 0.722199 28.61828 126.6099 2.377196 28.67452 123.7508 1.114164 28.64163 122.6752 -2.076027 28.64834 124.0213 -5.508026 62.70636 129.9874 -2.096052 -5.222969 126.8578 -2.165933 -28.63854 129.9355 -4.74515 -28.65437 127.2487 -6.406922 -28.6181 130.6226 -2.076009 -28.61809 129.8628 0.72221 -28.6181 126.6099 2.377207 -28.67434 123.7508 1.114175 -28.64145 122.6752 -2.076016 -28.64816 124.0213 -5.508015 -63.68343 127.9061 3.107911 -33.54772 127.9736 2.6008 -31.0265 129.966 1.400511 -30.67008 131.3328 -2.076008 -31.06053 130.3305 -4.985699 14.56647 170.7502 -9.87533 18.52012 162.1869 -11.46022 11.34386 174.3329 -8.904317 8.534559 176.1458 -8.104837 4.722499 177.0779 -6.913414 1.37985 176.4156 -5.549315 20.595 140.8396 -10.00428 20.09246 141.3812 -12.95729 20.69817 144.7426 -8.911501 20.11895 144.8355 -12.20117 21.67824 148.2219 -8.378378 20.43558 148.357 -12.12464 22.02188 151.0311 -7.823225 20.00853 154.066 -11.83248 1.426419 176.2567 -10.06866 5.278579 176.27 -11.45622 9.127108 174.3524 -12.84519 12.40902 170.7066 -14.19762 16.01124 162.6852 -15.60272 17.24146 154.4266 -16.13658 17.44162 148.6334 -16.26768 17.53879 144.2105 -16.31311 6.182359 174.2373 -15.04024 9.802448 170.7514 -17.36316 12.91792 162.9259 -18.54737 14.59844 154.6371 -19.17078 14.2949 148.7526 -18.67146 2.992624 137.0049 -25.01718 14.69144 173.8419 11.11474 16.79267 170.7505 11.07822 18.85209 167.3919 10.34392 21.11527 164.4915 8.418055 24.43062 161.2422 4.633603 9.20161 177.5153 6.939935 13.17883 176.0221 7.454415 15.76689 173.7382 7.409773 18.02068 170.7861 7.106231 -1.983857 158.2052 17.81267 1.07e-4 158.2052 18.53515 1.08e-4 160.7363 20.73776 1.1e-4 164.4365 22.40546 1.12e-4 168.5953 22.74564 1.13e-4 171.654 21.99936 1.13e-4 174.1649 19.5026 1.13e-4 175.6476 14.62903 8.217918 133.8538 -27.15267 7.60904 138.3887 -23.81211 7.728704 144.4972 -23.36032 8.148024 149.0137 -23.86839 8.367279 154.7324 -23.80194 7.907359 163.2002 -22.88744 5.928332 170.6353 -19.78789 -18.77272 154.5865 5.325555 -20.02765 153.7496 2.393505 -21.66621 153.4212 -1.322311 -20.6108 151.1111 -1.597618 -22.31018 153.5755 -4.072576 -21.77356 150.6006 -4.614018 -22.02168 151.0311 -7.823228 3.735074 136.2959 10.93953 1.800804 135.6247 11.69232 -8.308986 137.975 6.888416 -8.089385 138.1813 2.937506 -5.341814 138.8472 -2.882413 4.921368 145.2632 13.60677 -4.921174 145.2632 13.60677 3.183568 146.0696 14.29237 2.045878 146.0903 14.73556 1.098578 146.2267 16.52542 9.7e-5 146.3671 17.22495 -1.098383 146.2267 16.52542 -2.045683 146.0903 14.73556 -3.183373 146.0696 14.29237 -5.184513 139.499 -4.099872 4.648583 132.9207 -2.980527 3.578723 133.1163 -5.084846 9.4e-5 133.2748 -6.494176 -3.578536 133.1163 -5.084846 -4.648396 132.9207 -2.980527 -3.754157 132.2905 0.548663 9.3e-5 131.6129 2.753092 3.754343 132.2905 0.548663 3.814434 135.2098 -4.731249 4.549133 135.0074 -3.10327 3.596094 134.2617 0.492917 9.3e-5 133.5594 2.794141 -3.595906 134.2617 0.492917 -4.548945 135.0074 -3.10327 2.173995 138.519 -6.049052</float_array>
          <technique_common>
            <accessor source="#peach-mesh-positions-array" count="2913" stride="3">
              <param name="X" type="float"/>
              <param name="Y" type="float"/>
              <param name="Z" type="float"/>
            </accessor>
          </technique_common>
        </source>
        <source id="peach-mesh-normals">
          <float_array id="peach-mesh-normals-array" count="9138">-0.6022331 -0.3577789 0.7136594 -0.6552036 -0.5152968 0.5524288 -0.6551991 -0.5152786 0.5524509 -0.2766706 -0.1435884 0.9501767 -0.08744215 -0.142035 0.985992 -0.08743357 -0.1420328 0.9859929 -0.1774761 -0.6511734 0.7378858 -0.0589261 -0.7105726 0.7011522 -0.05891305 -0.7105628 0.7011631 -0.0150634 -0.4783456 0.8780425 0.1416286 -0.5138806 0.8460899 0.141622 -0.5138721 0.8460962 -0.4803776 -0.4338621 0.7622344 -0.4588063 -0.6295638 0.6270138 -0.4588162 -0.6295627 0.6270076 -0.1666496 -0.5126651 0.8422603 -0.08818709 -0.638089 0.7648957 -0.08821505 -0.6381019 0.7648817 0.6552015 -0.5152792 0.5524477 0.6552071 -0.515262 0.5524572 0.6023029 -0.357782 0.7135989 0.08747589 -0.1420333 0.9859891 0.08743447 -0.1420331 0.9859929 0.2766626 -0.1435847 0.9501796 0.05891865 -0.710563 0.7011625 0.05892276 -0.7105743 0.7011508 0.1774758 -0.6511638 0.7378945 -0.1416214 -0.5138746 0.8460948 -0.1416524 -0.5138806 0.846086 0.01506608 -0.4783454 0.8780425 0.4588121 -0.6295564 0.627017 0.4588243 -0.6295453 0.6270192 0.4806733 -0.4338648 0.7620463 0.08820748 -0.6380788 0.7649021 0.08821362 -0.6380875 0.7648939 0.1666513 -0.5126663 0.8422592 -0.5530844 -0.7894279 0.266273 -0.5530629 -0.7894423 0.2662752 -0.4085695 -0.8987445 0.159152 -0.4085487 -0.8987533 0.1591562 0.1063408 -0.1351887 0.9850968 0.1061966 -0.1351981 0.9851111 0.1074569 -0.1351376 0.9849827 0.107454 -0.1351383 0.984983 0.1761507 -0.833069 0.5243728 0.1761381 -0.8330752 0.5243674 0.2853506 -0.8802455 0.3791344 0.2853507 -0.8802465 0.379132 0.4282522 -0.5500562 0.7169646 0.4282922 -0.550047 0.7169477 0.5519463 -0.5514104 0.6255413 0.5519534 -0.5513998 0.6255444 -0.2992875 -0.8940993 0.3331868 -0.2993294 -0.8940914 0.3331703 -0.1761459 -0.9643703 0.1973897 -0.1761146 -0.9643745 0.1973969 0.02853566 -0.8678874 0.4959409 0.02855116 -0.8678853 0.4959437 0.06313562 -0.9508203 0.3032407 0.063111 -0.9508271 0.3032243 0.5530689 -0.7894361 0.2662811 0.5530924 -0.7894273 0.2662578 0.408541 -0.8987591 0.1591432 0.4085319 -0.8987628 0.1591455 -0.1061924 -0.135192 0.9851124 -0.1063366 -0.1351892 0.9850972 -0.1074591 -0.1351402 0.9849821 -0.1074618 -0.1351443 0.9849813 -0.1761175 -0.8330903 0.5243504 -0.1761373 -0.8330647 0.5243845 -0.2853549 -0.8802427 0.3791378 -0.2853668 -0.8802324 0.3791529 -0.4282752 -0.5500428 0.7169612 -0.4282561 -0.5500469 0.7169694 -0.5519497 -0.5514047 0.6255432 -0.5519514 -0.5513967 0.6255489 0.2992982 -0.8940926 0.3331955 0.2993044 -0.8940941 0.3331858 0.1761285 -0.964373 0.1973921 0.1761391 -0.9643706 0.1973938 -0.02853631 -0.8678891 0.4959378 -0.02854967 -0.8678824 0.4959489 -0.06310528 -0.9508277 0.3032231 -0.06310296 -0.9508287 0.3032207 0.4321244 0.03799384 0.9010133 0.4555196 0.3332796 0.8254857 0.3020026 0.04792183 0.9521018 0.6165837 -0.08132112 0.7830782 0.574698 -0.04837566 0.8169345 0.5635807 -0.04940938 0.824582 0.5324606 0.1621133 0.8307859 0.4040001 0.0690456 0.9121496 0.3575788 0.2872345 0.8886135 0.3113836 0.4699705 0.8259347 0.8533974 -0.08434486 0.5143918 0.7300261 -0.1530287 0.6660663 0.7096619 -0.03101491 0.7038595 0.6139181 -0.09343832 0.78382 0.5748831 -0.2248452 0.7867365 0.7365846 -0.07676219 0.6719752 0.6467043 -0.1286981 0.7518048 0.7149897 -0.2067993 0.6678501 0.3699637 -0.1480544 0.9171733 0.4111627 -0.2021257 0.8888703 0.563212 -0.06441825 0.8237977 0.4598619 -0.1804786 0.8694565 0.4177539 -0.04097098 0.9076361 0.1158921 -0.09090524 0.9890932 0.3030883 -0.2130702 0.9288372 0.2638539 -0.1323956 0.9554332 0.626027 -0.2547725 0.7370082 0.6831697 -0.2424152 0.6888499 0.6548682 -0.1863771 0.732401 0.1158579 -0.0907315 0.9891131 0.15275 -0.05673784 0.9866349 0.2466722 -0.223641 0.9429409 0.1821038 -0.1577998 0.9705346 0.246671 -0.2236198 0.9429463 0.5856823 -0.04732167 0.8091581 0.7458974 -0.2013298 0.6349042 -0.3020268 0.04788225 0.9520962 -0.455519 0.3332777 0.8254868 -0.4321234 0.03799259 0.9010139 -0.5635862 -0.04940879 0.8245784 -0.5746983 -0.04837566 0.8169344 -0.6165602 -0.0812987 0.7830991 -0.3575779 0.2872357 0.8886134 -0.403974 0.06905871 0.9121601 -0.5324575 0.1621145 0.8307875 -0.3113848 0.469969 0.825935 -0.7096552 -0.0310049 0.7038667 -0.7300066 -0.1530395 0.6660851 -0.8533986 -0.0843451 0.5143898 -0.6139099 -0.0934242 0.7838281 -0.5748766 -0.2248114 0.7867508 -0.7149576 -0.2068105 0.6678811 -0.6467314 -0.1287248 0.7517768 -0.7365846 -0.07675999 0.6719755 -0.3699634 -0.1480559 0.9171731 -0.4111118 -0.2021356 0.8888916 -0.4177658 -0.04097378 0.9076305 -0.4598553 -0.1804902 0.8694576 -0.5631999 -0.06442761 0.8238052 -0.2638402 -0.1324093 0.955435 -0.3030772 -0.2130695 0.9288411 -0.115876 -0.09089803 0.9890957 -0.1158385 -0.09047812 0.9891387 -0.1821017 -0.1577976 0.9705355 -0.6260101 -0.2547693 0.7370237 -0.6548985 -0.1862843 0.7323976 -0.6831625 -0.242428 0.6888525 -0.1158519 -0.09072947 0.9891141 -0.2064012 -0.09241169 0.9740937 -0.1527405 -0.05672997 0.9866368 -0.2466641 -0.2236562 0.9429395 -0.2466905 -0.2236653 0.9429304 -0.5857095 -0.04732668 0.8091381 -0.7458951 -0.2013284 0.6349075 -0.633171 -0.4440662 0.6339555 -0.6821883 -0.5750738 0.4515631 -0.6821845 -0.575088 0.4515509 -0.3422218 -0.3056463 0.8885183 -0.1210834 -0.3188509 0.9400389 -0.121062 -0.318847 0.9400429 -0.2192462 -0.7498505 0.6242238 -0.09141904 -0.8091976 0.5803808 -0.09142011 -0.8092159 0.5803552 -0.09131228 -0.6118169 0.7857112 0.08632904 -0.6575161 0.7484784 0.08631265 -0.657517 0.7484796 -0.5179284 -0.5230793 0.6768591 -0.4907251 -0.6993095 0.5197646 -0.4907115 -0.6993259 0.5197552 -0.2632952 -0.6080797 0.7489424 -0.1818013 -0.7312475 0.6574385 -0.1817848 -0.731257 0.6574325 0.6821961 -0.5750611 0.4515676 0.6822062 -0.575066 0.4515461 0.6331657 -0.4440674 0.6339601 0.1210749 -0.3188466 0.9400414 0.1210941 -0.3188461 0.9400392 0.3422431 -0.3056392 0.8885124 0.09142541 -0.8091909 0.5803892 0.09142726 -0.8092108 0.5803611 0.2192398 -0.7498506 0.624226 -0.08627939 -0.6575149 0.7484852 -0.08632028 -0.6575161 0.7484794 0.09132033 -0.6118242 0.7857047 0.4907131 -0.6993162 0.519767 0.4907341 -0.6993076 0.5197587 0.5179231 -0.5230817 0.6768615 0.1817858 -0.7312621 0.6574266 0.1817875 -0.7312585 0.6574301 0.2632771 -0.6080899 0.7489405 0.2382078 -0.01093465 0.9711527 0.3611417 -0.2413261 0.9007433 0.1158347 -0.0904724 0.9891396 0.2064243 -0.09241795 0.9740883 -0.238202 -0.01095324 0.9711539 -0.3611428 -0.2413359 0.9007402 -0.5752518 -0.8064852 0.1366274 -0.575255 -0.8064843 0.1366196 -0.4269879 -0.9040678 0.01851493 -0.426979 -0.9040719 0.01852452 0.1153376 -0.3150908 0.9420272 0.1153402 -0.3150904 0.942027 0.1168662 -0.3150147 0.9418641 0.116858 -0.3150155 0.941865 0.1673726 -0.9079586 0.3841844 0.1673865 -0.9079532 0.3841913 0.2881053 -0.9292438 0.2313039 0.2881217 -0.9292339 0.2313234 0.4259276 -0.678727 0.5982604 0.4258853 -0.6787363 0.5982798 0.565643 -0.6528332 0.503842 0.5656343 -0.6528347 0.5038501 -0.3170793 -0.9272708 0.1990723 -0.3170728 -0.9272723 0.1990749 -0.1850297 -0.9810912 0.05678093 -0.185024 -0.9810921 0.05678343 -0.04643505 -0.9345676 0.3527425 -0.04643869 -0.9345638 0.3527522 0.002470314 -0.9895469 0.1441907 0.002502262 -0.9895468 0.1441905 0.5752577 -0.806484 0.1366095 0.5752511 -0.8064866 0.1366226 0.4269845 -0.9040696 0.0185126 0.4269868 -0.9040683 0.01851731 -0.1153116 -0.315142 0.9420132 -0.115309 -0.3150925 0.9420301 -0.1168755 -0.3150143 0.9418631 -0.1168784 -0.3150144 0.9418628 -0.1673741 -0.9079546 0.3841931 -0.1673769 -0.9079567 0.3841872 -0.288094 -0.9292463 0.2313077 -0.2881038 -0.9292439 0.2313055 -0.4258948 -0.6787346 0.598275 -0.4258882 -0.6787377 0.5982763 -0.5656306 -0.6528411 0.5038457 -0.5656183 -0.6528465 0.5038526 0.3170813 -0.9272733 0.1990571 0.3170903 -0.9272692 0.1990623 0.1850475 -0.9810889 0.05676388 0.185028 -0.9810918 0.05677747 0.04641944 -0.9345655 0.3527503 0.04643368 -0.9345691 0.352739 -0.00250101 -0.989545 0.1442033 -0.002478957 -0.9895478 0.1441839 0.8146203 -0.01721239 0.5797392 0.5579867 -0.267432 0.7855769 0.4351208 -0.3249369 0.839694 0.4516171 -0.4037383 0.7956367 0.4284245 -0.2829983 0.8581169 -0.4284256 -0.2829996 0.8581159 -0.4515983 -0.4038294 0.7956009 -0.4351209 -0.3249372 0.8396938 -0.5579877 -0.2674326 0.785576 -0.8146207 -0.01721364 0.5797386 0.2951022 -0.1003418 0.9501823 0.4603993 -0.1742684 0.8704383 0.3599026 -0.2363215 0.9025643 0.6031979 -0.154523 0.78248 0.7719964 -0.05334776 0.6333842 0.6360169 -0.08943569 0.766475 0.4186883 0.1057952 0.9019466 0.619466 -0.06537413 0.7822967 0.7333686 -0.1541417 0.6621261 0.3295786 0.1049197 0.9382803 0.2870761 -0.1396049 0.9476802 0.3356309 -0.2349073 0.9122339 0.3099722 0.45855 0.832856 0.4494446 0.3267059 0.8314222 -0.3599044 -0.2363208 0.9025638 -0.4603992 -0.1742684 0.8704386 -0.2951026 -0.1003431 0.950182 -0.6360179 -0.08943396 0.7664742 -0.7719938 -0.05334782 0.6333874 -0.6031961 -0.1545264 0.7824808 -0.6194641 -0.06537485 0.7822982 -0.4186923 0.1057956 0.9019447 -0.7333686 -0.1541439 0.6621255 -0.2870756 -0.1396051 0.9476804 -0.32959 0.1049249 0.9382757 -0.335631 -0.2349084 0.9122335 -0.3099715 0.4585513 0.8328557 -0.4494434 0.3267029 0.8314241 -0.6207116 -0.7836856 0.02354151 -0.638282 -0.7380785 -0.2187154 -0.6382987 -0.738063 -0.2187185 -0.349404 -0.8709362 -0.3455243 -0.1642624 -0.9092286 -0.3825196 -0.164292 -0.9092251 -0.3825155 -0.329824 -0.8889415 -0.3178038 -0.2163057 -0.893618 -0.393267 -0.2163106 -0.8936166 -0.3932673 -0.4279985 -0.8287938 -0.3604418 -0.2893437 -0.8471483 -0.4456682 -0.2893589 -0.8471353 -0.445683 -0.55083 -0.8346071 -0.00416392 -0.4946139 -0.8359749 -0.2377036 -0.4945967 -0.8359856 -0.2377021 -0.6242538 -0.7517285 -0.2126303 -0.5639961 -0.7392007 -0.3680907 -0.5640073 -0.7391977 -0.3680797 0.6382912 -0.7380782 -0.2186893 0.6383094 -0.7380623 -0.2186896 0.620454 -0.7838914 0.02348053 0.1642785 -0.9092265 -0.3825177 0.1642956 -0.9092246 -0.382515 0.3493404 -0.8708529 -0.3457985 0.2163093 -0.8936245 -0.3932501 0.2163031 -0.8936225 -0.3932581 0.3298291 -0.8889418 -0.3177976 0.289371 -0.8471528 -0.4456419 0.2893729 -0.8471418 -0.4456615 0.4279959 -0.8287896 -0.3604544 0.4945983 -0.8359859 -0.2376978 0.4946033 -0.8359799 -0.2377083 0.5508286 -0.8346081 -0.004156053 0.5640088 -0.7391969 -0.3680788 0.564033 -0.7391788 -0.3680779 0.6242569 -0.7517189 -0.2126549 -0.4947602 -0.6179795 -0.6109941 -0.4947645 -0.6179804 -0.6109896 -0.3514938 -0.56239 -0.7484447 -0.3515143 -0.562387 -0.7484375 0.02790445 -0.9137808 -0.4052482 0.02809208 -0.9138072 -0.4051756 0.02932846 -0.9137042 -0.4053202 0.02932077 -0.9136948 -0.4053421 0.02760547 -0.8105384 -0.5850347 0.02757865 -0.8105302 -0.5850473 0.15297 -0.7100023 -0.6873841 0.1529779 -0.7100051 -0.6873795 0.09513545 -0.8669427 -0.489244 0.0951243 -0.866939 -0.4892528 0.3277094 -0.8407207 -0.4310399 0.3277203 -0.8407239 -0.4310254 -0.2889329 -0.7435472 -0.6030386 -0.288916 -0.7435551 -0.6030368 -0.1573242 -0.6696997 -0.7257764 -0.1573141 -0.6697019 -0.7257767 -0.4167094 -0.60049 -0.6824699 -0.416689 -0.6005023 -0.6824716 -0.3267686 -0.4679758 -0.8211097 -0.3268026 -0.4679554 -0.8211078 0.4947795 -0.6179767 -0.6109814 0.4947798 -0.6179751 -0.6109827 0.3515038 -0.562389 -0.7484408 0.3515056 -0.5623918 -0.748438 -0.02807343 -0.9138095 -0.4051719 -0.02821564 -0.9137982 -0.4051874 -0.02933615 -0.9137035 -0.4053213 -0.02933979 -0.9136936 -0.4053435 -0.02757042 -0.8105201 -0.5850617 -0.02758574 -0.8105243 -0.5850551 -0.1529617 -0.7099972 -0.6873913 -0.152976 -0.7100136 -0.6873711 -0.09514319 -0.8669399 -0.4892475 -0.09514266 -0.8669403 -0.4892469 -0.327716 -0.8407161 -0.4310438 -0.3277009 -0.8407194 -0.4310489 0.2889245 -0.743548 -0.6030415 0.2889323 -0.7435415 -0.6030458 0.1573102 -0.6697123 -0.7257679 0.1573252 -0.6696987 -0.7257772 0.41668 -0.600514 -0.6824667 0.4166908 -0.6004958 -0.6824761 0.3267872 -0.4679623 -0.82111 0.3267949 -0.4679508 -0.8211134 0.4230967 0.03874433 0.9052559 0.3600057 -0.147271 0.9212532 0.4199469 -0.2812759 0.8628607 0.4483093 -0.3986597 0.8000558 0.4351659 -0.3132619 0.8440957 0.5626814 -0.2553175 0.7862586 0.8185393 -0.01086944 0.5743478 0.8563087 -0.0846427 0.5094813 0.7114894 -0.03641062 0.7017529 0.5335721 0.1538342 0.8316466 0.3561275 0.2802634 0.8914178 -0.3561611 0.2802273 0.8914158 -0.533572 0.1538363 0.8316462 -0.7115119 -0.03644686 0.7017282 -0.8563092 -0.08464401 0.5094801 -0.818539 -0.01086884 0.5743482 -0.5626807 -0.2553174 0.7862593 -0.435167 -0.3132624 0.844095 -0.4483098 -0.3986612 0.8000548 -0.4199468 -0.2812759 0.8628607 -0.3600059 -0.147271 0.9212531 -0.4231137 0.03878194 0.9052463 -0.2495459 -0.8720672 -0.420982 8.98307e-6 -0.8659828 -0.500074 0.008440256 -0.999961 -0.002613842 -0.499414 -0.8663636 -2.95695e-7 -0.4214818 -0.8725905 0.2468579 -0.5406522 -0.8155523 0.2063243 0.4311627 -0.878001 -0.2078776 0.4800845 -0.8542811 -0.1993054 0.5135915 -0.8579216 -0.01394152 -0.2102794 -0.8131045 -0.5428109 0.2102453 -0.8131213 0.5427989 0.2495083 -0.8720835 0.4209703 0.2868551 -0.8023285 0.5234341 7.58655e-6 -0.8659819 0.5000755 0.5331648 -0.8166039 0.2211185 0.4416158 -0.8723744 0.2096151 -0.2495463 -0.8720675 0.4209812 -0.4214874 -0.872584 -0.2468718 0.2640058 -0.8755592 -0.404595 0.4547116 -0.8900548 -0.03224515 -0.2869703 -0.8023023 -0.5234111 -0.5493111 -0.8190037 -0.1658025 -0.5204985 -0.8044316 0.286306 -0.1713978 -0.8165622 0.551225 -0.2495368 -0.8720808 0.4209592 -0.2869811 -0.8023011 0.5234071 -0.3295068 -0.831926 0.4464577 0.4702752 -0.8438282 -0.2584481 -0.446626 -0.832722 -0.3272606 -0.5205 -0.8044326 -0.286301 -0.4466182 -0.8327265 -0.3272596 -0.4215095 -0.8725696 -0.2468851 -0.3295202 -0.831939 0.4464237 0.4465942 -0.8327993 0.3271071 0.4466114 -0.8327913 0.327104 0.2640061 -0.875557 -0.4045996 0.2868444 -0.8023298 -0.523438 0.3437395 -0.8407521 -0.418305 0.3437387 -0.8407518 -0.4183062 0.1714245 -0.8165792 -0.5511916 4.89273e-5 -0.8243941 -0.5660165 0.1714348 -0.8165853 -0.5511794 -0.5648357 -0.8252034 -2.83859e-6 -0.5493413 -0.8189884 -0.1657776 4.88869e-5 -0.8243883 0.5660248 -0.1714007 -0.8165643 0.551221 -0.873738 0.3286815 -0.3585395 -0.8949166 0.4462335 1.10844e-5 -0.9400861 0.3409368 3.40331e-4 -0.8330683 0.4353765 -0.3412398 -0.6649857 0.3423361 -0.6637771 -0.6287617 0.4614402 -0.6258848 -0.3635977 0.3334208 -0.8698434 -0.3436033 0.45695 -0.8204472 -6.54589e-5 0.3464197 -0.9380797 -4.55666e-5 0.4763168 -0.8792738 0.3636423 0.3334434 -0.8698161 0.3436383 0.4569621 -0.8204258 0.6649417 0.3422902 -0.6638449 0.6287021 0.4614434 -0.6259423 0.8737255 0.3287391 -0.3585171 0.8330628 0.4353925 -0.3412327 0.9401007 0.3408969 3.44406e-4 0.8949424 0.4461817 6.16163e-6 0.8706622 0.3370701 0.3582335 0.8330655 0.4353854 0.3412354 0.6599531 0.3604817 0.6591774 0.6287091 0.4614399 0.6259378 0.3598373 0.3582753 0.8614848 0.3436398 0.4569866 0.8204116 -5.04423e-5 0.3736366 0.9275753 -5.91876e-5 0.476319 0.8792726 -0.359799 0.3582558 0.8615089 -0.3436124 0.456952 0.8204423 -0.6600103 0.3604854 0.6591182 -0.6287548 0.4614515 0.6258834 -0.8706569 0.3370603 0.3582558 -0.8330864 0.4353382 0.3412443 -0.6770822 0.3063247 -0.6691226 -0.2921143 0.6956353 -0.6563237 -0.374496 0.3117895 -0.8732355 -0.5339174 0.6865344 -0.4935613 -0.8884637 0.2952639 -0.3513566 -0.7021419 0.6707476 -0.2389443 -0.9548039 0.2968702 0.01475465 -0.7562396 0.6521822 0.05253612 -0.8737171 0.2995899 0.3832289 -0.6811834 0.6354693 0.3635492 -0.6388595 0.3251723 0.6972243 -0.4791086 0.6087439 0.6323653 -0.3311445 0.3487851 0.876751 -0.2448405 0.5865783 0.7719968 -5.7606e-5 0.3641669 0.9313337 -1.43864e-5 0.5833147 0.8122462 0.3312232 0.3487809 0.876723 0.2448723 0.5865576 0.7720024 0.6387874 0.325137 0.6973068 0.4791305 0.6086588 0.6324306 0.8737248 0.2996345 0.3831765 0.6812211 0.6354263 0.3635537 0.9548073 0.2968598 0.01474046 0.75633 0.6520785 0.05252373 0.888464 0.2953133 -0.3513143 0.7021843 0.6707015 -0.2389494 0.6770176 0.3063042 -0.6691972 0.5339537 0.6864506 -0.4936386 0.3745748 0.3118042 -0.8731964 0.2921603 0.6955986 -0.6563422 -7.22213e-5 0.3199031 -0.9474503 -1.86856e-5 0.701646 -0.7125257 0.6821214 0.2548439 0.6853941 0.8970292 0.2347986 0.374444 0.3710207 0.2552723 0.8928492 -5.6616e-5 0.2657988 0.9640285 -0.3710105 0.2552419 0.8928622 -0.6821955 0.254857 0.6853154 -0.897022 0.2347869 0.3744688 -0.972953 0.2309885 0.002620339 -0.903158 0.2174661 -0.3701545 -0.6908124 0.2172023 -0.6896386 -0.3776565 0.2036478 -0.9032736 -5.54877e-5 0.2089914 -0.9779175 0.3777189 0.2036202 -0.9032538 0.690747 0.217094 -0.6897382 0.9031169 0.2175672 -0.3701953 0.9729316 0.2310783 0.002665996 -0.3658468 0.2666506 0.8916578 -7.95169e-5 0.2775452 0.9607126 0.3658706 0.266699 0.8916336 0.677203 0.2641487 0.6867472 0.8916131 0.2476766 0.3790547 0.9687166 0.2480528 0.007615685 0.9004763 0.2356178 -0.3655501 0.6895639 0.2358045 -0.6847612 0.3787084 0.2232723 -0.8981813 -9.64826e-5 0.2284439 -0.9735571 -0.3786705 0.2232729 -0.898197 -0.6896151 0.2358098 -0.6847078 -0.900466 0.2356361 -0.3655637 -0.9687148 0.2480601 0.007613241 -0.8915997 0.2476518 0.3791023 -0.6772265 0.264141 0.6867269 5.01896e-4 0.8535183 -0.5210627 -0.2254313 0.8499107 -0.4762696 0.225448 0.8499057 -0.4762704 0.4124025 0.842774 -0.3459136 0.5410242 0.8273718 -0.1508268 0.5869233 0.8064725 0.07157814 0.540534 0.7752248 0.3268784 0.3954758 0.7232226 0.5661697 0.2089404 0.6793662 0.7034241 -4.93014e-6 0.6666671 0.7453557 -0.208922 0.6793669 0.7034289 -0.395478 0.7232257 0.5661641 -0.5405443 0.7752276 0.3268549 -0.5869174 0.8064774 0.07157129 -0.5410161 0.8273741 -0.1508442 -0.4124057 0.842767 -0.345927 0.5144216 -0.426859 -0.7437486 5.83194e-6 -0.1851179 -0.9827163 -3.52785e-6 -0.3813267 -0.9244404 0.593378 -0.2005635 -0.7795363 0.7991408 -0.4835753 -0.357112 0.9183902 -0.2142063 -0.3326788 0.8435478 -0.5300117 0.08668804 0.9509088 -0.2455645 0.1883366 0.6118212 -0.5577722 0.5608611 0.6558681 -0.2451767 0.7139506 -4.24229e-6 -0.6009356 0.7992975 8.46048e-7 -0.2386984 0.9710937 -0.6118078 -0.5577688 0.560879 -0.6558759 -0.2451978 0.7139362 -0.8435539 -0.5300078 0.08665215 -0.95091 -0.2455559 0.1883413 -0.7991543 -0.4835737 -0.3570839 -0.918386 -0.2142227 -0.3326799 -0.5144243 -0.4268177 -0.7437704 -0.5933804 -0.2005566 -0.7795363 0 0.02295756 -0.9997364 0.6381149 0.04303801 -0.7687373 -0.6380862 0.04304724 -0.7687608 -0.9573684 0.07622277 -0.2786322 -0.9596348 0.07092869 0.2721586 -0.618812 0.09923142 0.7792464 3.65381e-6 0.1564571 0.9876847 0.6188465 0.09923678 0.7792183 0.9596321 0.0709334 0.2721669 0.9573701 0.07622736 -0.2786253 -0.6291801 -0.1603847 0.7605323 -0.6931632 -0.1839077 0.6969238 -0.6775775 -0.1783785 0.7134913 -0.2914959 -0.106139 0.9506654 -0.458145 0.02349454 0.888567 -0.2561706 -0.06034761 0.9647461 -0.1884983 -0.01856756 0.9818981 -0.3481982 -0.2298915 0.9087948 -0.6424247 -0.1578096 0.7499245 -0.2554607 -0.2242128 0.9404618 -0.1860639 -0.1618296 0.9691189 -0.1532834 -0.05623239 0.9865811 -0.110713 -0.08964067 0.9898017 -0.4209231 -0.265559 0.8673536 -0.3342926 -0.2262007 0.9149218 -0.5865612 -0.07045525 0.8068346 -0.6290607 0.07303673 0.7739175 -0.5973584 -0.1145565 0.7937506 -0.5157541 -0.2282257 0.8257789 -0.1153628 -0.08518391 0.9896643 -0.6060461 -0.2264621 0.762511 -0.115835 -0.09047991 0.9891389 0.6775498 -0.1783829 0.7135165 0.6931626 -0.1838922 0.6969285 0.6291809 -0.160418 0.7605245 0.2561729 -0.06035608 0.9647449 0.4581592 0.02350187 0.8885595 0.2915205 -0.10615 0.9506567 0.3481556 -0.2298847 0.9088128 0.188512 -0.01856833 0.9818954 0.6811798 -0.2338563 0.6937618 0.1860554 -0.1618213 0.9691219 0.2553833 -0.2241485 0.9404982 0.1107148 -0.08964639 0.9898009 0.153274 -0.05623304 0.9865825 0.3342946 -0.2262041 0.9149202 0.4209214 -0.2655597 0.8673542 0.6501573 0.04735088 0.7583228 0.5865662 -0.07045358 0.8068312 0.5973491 -0.1145374 0.7937602 0.5157546 -0.2282435 0.8257737 0.1153649 -0.08518481 0.9896638 0.6060314 -0.226456 0.7625245 0.115826 -0.09047424 0.9891404 0.07818382 0.524643 -0.8477246 0.05006945 -0.01697576 -0.9986014 0.08344936 -0.5686565 -0.8183313 0.04080343 0.6039639 0.7959665 0.0387963 0.05016207 0.9979873 0.0528025 -0.5094552 0.8588757 0.07082897 -0.5023236 0.8617739 0.07700973 0.6099015 0.7887268 0.07438576 0.5456864 -0.8346815 0.05900186 -0.03908669 -0.9974924 0.05359143 -0.5692282 -0.8204311 0.09301114 0.5805209 0.8089157 0.06446582 0.05038863 0.996647 0.06268548 -0.5041761 0.8613229 -0.05897486 -0.03912484 -0.9974926 -0.08074909 0.6913447 -0.7179986 -0.0743708 0.5456852 -0.8346836 -0.09050428 0.5322887 -0.8417113 -0.0626986 -0.5041854 0.8613165 -0.05126041 -0.5220046 0.851401 -0.06447821 0.0503807 0.9966466 -0.03879874 0.05015748 0.9979875 -0.05961263 0.7564867 0.6512866 -0.04081106 0.6039479 0.7959783 -0.04974269 0.5199649 -0.8527381 -0.06152421 0.6613482 -0.7475516 -0.05000662 -0.01709169 -0.9986026 -0.04415804 0.05897134 0.9972826 -0.04454803 0.640823 0.7663952 -0.04289358 0.7943118 0.6059944 -0.07641381 -0.4556856 0.886855 -0.03576928 -0.4572994 0.8885933 -0.03481775 0.05117267 0.9980827 -0.09137088 0.4964278 -0.863256 -0.07102966 0.6441921 -0.7615585 -0.04230213 -0.0568856 -0.9974842 0.03486603 0.05117523 0.9980809 0.06856 0.7617821 0.6441953 0.06995457 0.6089832 0.7900923 0.09581506 -0.638339 -0.7637688 0.05620074 -0.648634 -0.7590227 0.044555 -0.05853939 -0.9972904 0.087489 0.6107061 0.7870094 0.07026314 -0.4819434 0.8733806 0.04415637 0.05897253 0.9972826 0.07313257 -0.4613704 0.8841883 0.1029722 -0.6147277 -0.7819889 0.1124376 -0.6079061 -0.7860078 0.06694626 -0.04043489 -0.996937 0.06579363 -0.5764074 -0.8145096 0.06151366 0.6613398 -0.7475598 0.04976439 0.51995 -0.8527458 0.05956757 0.7564907 0.6512862 0.05127 -0.5219809 0.851415 0.3506411 0.8683907 0.3506401 6.44125e-7 1 2.99653e-7 -6.7614e-7 0.8683806 0.4958985 -0.3506412 0.8683893 -0.3506435 3.00817e-6 0.8683816 -0.4958966 0.4958825 -0.8683897 1.1848e-6 0 -1 1.25492e-7 0.3506501 -0.8683801 -0.3506574 -0.4958825 -0.8683897 -6.7324e-7 -0.3506535 -0.8683796 0.3506554 -0.3633441 0.268397 0.8921571 -0.3387497 0.4812608 0.808478 -0.2700791 0.2290103 0.9352068 0.04455155 0.6408292 0.7663897 0.04999929 0.6330457 0.772498 0.06191664 0.4692357 -0.8808997 0.05251961 0.4828355 -0.8741348 -0.401437 -0.292598 0.867891 -0.5700109 -0.2362705 0.7869333 -0.7501505 -0.08480215 0.6558071 -0.6805709 0.01175808 0.732588 0.03596216 -0.4573521 0.8885583 0.09161072 0.4938584 -0.8647031 0.07496023 -0.456685 0.8864647 -0.7361461 -0.09037125 0.6707623 -0.09305661 0.5804966 0.8089278 -0.06021308 -0.5931856 -0.802811 -0.05360996 -0.5692215 -0.8204346 -0.41405 -0.38464 0.8249937 -0.334048 -0.2491671 0.9090257 -0.4371532 -0.2687214 0.8583041 -0.3659305 -0.244885 0.8978453 -0.3232455 -0.1423968 0.9355403 -0.07700383 0.6099008 0.7887278 -0.07079863 -0.5023348 0.86177 -0.3439311 0.0819925 0.9354083 -0.5218054 0.0370177 0.8522611 -0.4330717 -0.1519842 0.8884536 -0.8192657 -0.1163778 0.5614803 -0.3257559 -0.1367915 0.9355059 -0.7011607 -0.1075546 0.7048445 -0.05281841 -0.5094978 0.8588495 -0.06580448 -0.5763862 -0.8145236 -0.5314087 0.3234956 0.7829147 -0.614418 -0.08461791 0.7844301 -0.7342555 -0.02927243 0.6782419 -0.08345031 -0.568628 -0.818351 -0.07818496 0.5246444 -0.8477237 -0.0360729 0.7837373 -0.6200442 -0.324824 0.7741135 -0.5433579 -0.2296388 0.813345 -0.5345427 -0.3955507 0.6071668 0.6891213 -0.6081402 0.520899 0.5990241 -0.3622139 0.6961706 0.6197963 1.85799e-7 0.6304479 0.7762316 -0.05613583 0.6901322 0.7215028 0.8218201 -0.3908306 0.4145636 -0.7115038 0.3306522 -0.6200253 -0.6283912 0.5366551 -0.5631393 -0.4181494 0.4260147 -0.802286 -0.2968332 0.695972 -0.6538449 -0.1015008 0.566163 -0.8180203 -0.05444478 0.7323168 0.6787841 -0.760865 0.5300079 0.3744009 -0.8132662 0.4277644 0.3944818 0.7613311 -0.1791944 -0.6231087 0.5512112 -0.2609695 -0.7925031 0.8896629 -0.4427266 -0.1117724 0.5367143 0.688485 0.4877769 0.2908806 0.819028 0.4945521 0.1610871 0.7924563 0.588272 0.8740954 -0.1613935 0.4581589 0.9697639 0.06800132 0.2343798 0.2325481 0.9713801 0.04839515 0.2011196 0.9092371 0.3644708 0.2861943 0.8153455 0.5032939 0.2427966 0.9495443 0.1985337 0.693781 0.4161143 0.5878069 0.3280609 0.8082679 -0.4889572 0.387149 0.8891651 -0.2439287 0.8967994 0.355681 0.2631387 0.5054954 0.6002557 -0.6198125 0.4528659 0.3146463 -0.8342124 0.5644502 0.1822593 -0.8050948 0.372222 0.9245098 -0.08205187 0.2986437 0.920078 -0.2535122 0.05490618 0.9391378 -0.3391249 0.1871102 0.6946582 -0.6945789 0.1591091 0.9540224 -0.254019 0 0.5913119 0.806443 0.0544368 0.7323189 0.6787825 -1.63428e-5 0.7325883 -0.6806721 0.6561272 0.5830447 -0.4791202 0.3240587 0.5560194 0.7653942 0.0254876 0.9190026 -0.3934267 0.8276219 0.5601672 0.0354225 0.6782721 0.7346763 -0.01406317 0.7608624 0.5300302 0.3743749 0.4181488 0.4259991 -0.8022946 0.2968201 0.6959709 -0.6538519 0.6283912 0.5366579 -0.5631366 0.3622376 0.6961735 0.6197794 0.05613696 0.6901324 0.7215025 0.0360766 0.7837372 -0.620044 -0.820501 0.2343155 -0.5214158 -0.2378287 0.7972974 -0.5547563 0.1015086 0.5661619 -0.81802 0.2353803 0.3532542 -0.9054324 0.3247959 0.7741078 -0.543383 -0.4410293 0.09231799 0.8927322 0.6081445 0.5208848 0.5990321 0.3955471 0.6071768 0.6891145 0.4653031 0.2050516 -0.8610731 0.2296245 0.813346 -0.5345475 0.2814693 0.593255 0.754204 0.4807555 0.5549008 0.6789399 0.4435164 0.3357447 0.8310047 0.6552864 0.2829689 0.7003773 0.4807711 0.07245016 0.873848 -0.4807518 0.5549101 0.6789348 -0.655288 0.2829682 0.7003761 -0.443943 0.3356655 0.830809 -0.4807713 0.07244807 0.873848 -1.58744e-6 0.6765881 0.7363618 -0.1980063 0.5096962 0.8372594 0.1979942 0.5096945 0.8372634 0.1980102 0.2149626 0.9563384 -0.197997 0.2149618 0.9563413 2.06614e-6 0.02482193 0.999692 -0.7613259 -0.1791983 -0.6231139 -0.7481155 -0.4052268 -0.525466 -0.9604575 -0.2448258 -0.132596 -0.1672106 0.8043312 0.5701684 -0.2247847 0.8889768 0.3989887 -0.5366866 0.6885041 0.4877802 -0.9697661 0.06799691 0.2343716 -0.8740878 -0.1614037 0.4581696 -0.8896561 -0.4427369 -0.1117861 -0.9271957 -0.3740393 -0.02007156 -0.2861615 0.8153552 0.5032968 -0.2325428 0.9713811 0.04840326 -0.6937704 0.4161221 0.5878139 -0.8968017 0.3556843 0.2631264 -0.3871422 0.889169 -0.2439254 -0.3602402 0.9296411 0.07742351 -0.2986402 0.920085 -0.2534909 -0.1591094 0.9540223 -0.2540191 -0.1871218 0.6946309 -0.6946031 -0.05490213 0.9391386 -0.339123 -0.6561455 0.5830278 -0.4791154 -0.3240549 0.5560104 0.7654024 -0.6782984 0.7346521 -0.01405853 -0.8276183 0.560173 0.0354126 -0.8393774 -0.482305 0.2506543 -0.5829551 -0.7263514 -0.3641113 -0.5623849 -0.4226326 -0.7107074 0.8895831 0.237229 0.390339 0.8265289 -0.5370998 -0.1684458 0.9936212 0.04389721 0.1038754 0.5623946 -0.4226252 -0.7107042 0.5504235 -0.7380946 -0.3901926 0.8393868 -0.4822948 0.2506421 0.8250097 0.3016987 0.4778462 -0.9969056 0.03317815 0.07126367 -0.8774168 0.2311981 0.420342 -0.939253 0.1891583 0.2863967 -0.05195081 -0.1663926 0.9846902 -0.6827406 -0.674256 0.2815032 0.64585 -0.6944829 0.31713 -0.9936044 0.106918 -0.03631627 0.8076757 -0.1344873 -0.5740846 0.8780276 -0.2806853 -0.3876639 0.9712294 0.2312314 0.05696964 -0.8277128 0.351809 0.437175 -0.04937165 0.8048923 0.5913636 -0.6831805 0.4639502 0.5639281 -0.05845856 0.7154261 0.6962385 -0.03588724 0.6625578 0.7481506 1.2219e-6 -0.6446928 0.7644417 -0.7221547 -0.5887368 -0.3631553 0.7221567 -0.5887446 -0.3631387 -0.9081472 0.2279363 0.3511606 0.9062675 0.2479622 0.3423362 -0.8974301 -0.2758951 -0.3442398 0.5830309 -0.594015 -0.5542755 0.7749114 0.3789579 0.505869 0.5384321 -0.2476175 -0.8054666 -0.5384307 -0.2476215 -0.8054663 0.4304996 -0.01548171 -0.902458 -0.4305047 -0.01548266 -0.9024556 0.01814025 0.4220262 -0.9064022 -0.9941923 -0.09913736 0.04187703 -0.9900414 -0.06571 0.1245 -0.7233741 -0.1726825 0.6685138 -0.9995994 0.02673208 0.00929743 -0.7876362 -0.008627951 -0.6160802 0.5623908 -0.4226408 -0.710698 0.582921 -0.7263733 -0.3641222 0.8393857 -0.482297 0.250642 -0.993621 0.04389727 0.1038765 -0.8265416 -0.5370849 -0.1684307 -0.8895819 0.2372287 0.3903417 0.9392532 0.1891575 0.2863962 0.7630465 0.3081704 0.5681471 0.8774172 0.2311974 0.4203413 -0.8393793 -0.4823009 0.2506558 -0.5504475 -0.738087 -0.3901733 -0.562382 -0.4226163 -0.7107194 -0.8249818 0.3017209 0.4778804 0.9969057 0.03317731 0.07126307 0.05846917 0.7154259 0.6962379 0.05195128 -0.166392 0.9846903 0.8277187 0.3518161 0.4371582 -0.7749112 0.3789583 0.505869 0.9936053 0.1068936 -0.03636378 0.8436261 0.1907021 -0.5019242 0.9893287 0.1320399 -0.06159782 -0.6458253 -0.6945168 0.3171058 0.6827336 -0.674258 0.2815155 0.8395129 -0.1318898 -0.5270894 0.8974295 -0.2759039 -0.3442344 -0.8780275 -0.2806829 -0.3876658 -0.8076733 -0.1344842 -0.5740888 0.04937261 0.8048922 0.5913637 -0.5959071 0.5142768 0.6167774 0.6831777 0.4639511 0.5639306 0.03588932 0.6625617 0.7481471 -0.7221565 -0.5887373 -0.3631508 0.7221544 -0.5887433 -0.3631451 -7.52509e-7 -0.644693 0.7644416 0.5900197 -0.5793464 -0.5623474 -0.5830727 -0.5939949 -0.554253 0.7441928 0.3041447 0.5947043 0.9081345 0.227961 0.3511773 -0.5384307 -0.2476218 -0.8054662 0.7435078 0.1804648 -0.6439166 0.5384321 -0.2476177 -0.8054666 -0.01816678 0.4220178 -0.9064055 0.4305215 -0.0154649 -0.9024479 -0.43049 -0.01551002 -0.9024621 0.9941921 -0.09913831 0.04187601 0.9995999 0.02672004 0.009282112 0.7978197 -0.03136605 0.6020796 0.9900375 -0.06568717 0.1245434 0.8147646 -0.005798876 -0.5797631 -0.008166491 -0.3090062 0.951025 0.4005234 3.71043e-4 0.9162865 -0.008166491 0.3090072 0.9510247 0.5640663 -0.2550716 0.7853456 0.8017526 -0.1858731 0.5680177 0.3637803 0.2879948 0.8858458 0.7264128 0.2125001 0.653581 0.3988988 0.5387338 0.7420551 0.9990479 0.002981662 -0.04352384 0.9554358 -0.06736928 0.287409 0.799744 0.486369 0.3519302 -0.008128762 0.8089923 0.587763 0.3978545 0.8726354 0.2832306 -0.008126556 0.999967 3.27243e-7 0.5609735 0.6701447 0.4860194 0.9864442 0.1307266 0.09918808 0.7996844 0.4851591 0.3537311 0.3616276 0.9323226 1.45236e-5 0.7244582 0.6893188 1.13249e-6 0.3978529 0.8726363 -0.2832297 0.9999108 0.01336008 -3.15808e-4 0.7996881 0.4851568 -0.3537259 -0.008131265 0.808991 -0.587765 0.3988965 0.5387364 -0.7420545 -0.008125662 0.309007 -0.9510251 0.5609758 0.6697759 -0.4865251 0.7997446 0.4863693 -0.3519285 0.3637849 0.2879957 -0.8858438 0.7264129 0.2125042 -0.6535797 0.4005234 3.72169e-4 -0.9162866 0.9987704 8.31868e-4 0.04956901 0.9868518 0.1291899 -0.09712678 0.8017528 -0.1858725 -0.5680176 0.9428178 -0.05457752 0.3288102 -0.008165836 -0.3090072 -0.9510247 0.4022079 -0.5384391 -0.740481 -0.00816673 -0.8089922 -0.5877628 0.5640665 -0.2550565 -0.7853504 0.8018026 -0.1831994 -0.5688153 0.7295796 -0.5532349 -0.4020507 0.8030511 -0.5959082 0.001575767 0.4031966 -0.8701978 -0.2831758 0.9956586 0.07660049 0.05287969 0.9560534 -0.06678408 -0.2854852 0.3672754 -0.7524729 -0.5467115 0.9403479 0.1729966 0.2929475 -0.008133053 -0.9999669 1.49198e-6 0.4031975 -0.8701971 0.2831764 -0.008128404 -0.8089883 0.5877686 0.5659863 -0.8244148 -8.90344e-6 0.8030225 -0.5959467 -0.001598894 0.7295795 -0.5532364 0.402049 0.8018034 -0.1832002 0.5688139 0.402207 -0.53844 0.7404808 0.9961871 0.07161551 -0.0498259 0.9586468 -0.2845966 0.001046359 0.3672752 -0.7524738 0.5467103 0.9397904 0.3417472 0.00173372 0.9429761 0.1704438 -0.2859107 0.9537909 -0.3004712 -4.4147e-5 1 1.60605e-7 0 0.945649 -0.05126738 -0.3211226 0.05771142 -0.01841056 0.9981635 0.06059944 -0.03555852 0.9975286 0.06373918 0.6668711 0.7424421 0.1108933 0.7292112 -0.6752435 0.1521524 0.1431251 -0.9779391 0.1134966 0.1423134 -0.9832932 0.09427249 -0.6699312 0.7364135 0.1049945 -0.5617911 -0.8205894 0.4553384 -0.8850038 -0.09713578 -0.4309471 -0.6668328 0.6079627 -0.270403 -0.6887365 0.6726993 -0.5084859 0.6232408 0.5941491 -0.4960079 0.6382282 0.5887624 0.4291167 0.8744727 -0.2261775 0.04490816 0.6130256 -0.7887857 0.07525962 -0.6911283 0.7188031 0.008705735 -0.7793233 0.6265617 -0.02354758 -0.006132125 0.999704 0.08072632 0.6913601 -0.7179865 0.04283934 0.7942945 0.6060208 -0.5139737 -0.6535506 0.5556103 0.3712304 -0.9042481 -0.2110058 -0.4995173 -0.6448849 0.5784514 0.1516324 0.5158326 -0.8431633 0.3761088 -0.6649801 -0.6452472 0.2215537 -0.7662254 -0.6031689 0.2530671 0.7055498 -0.6619339 0.5476872 -0.8350929 0.05156266 0.3008778 0.9532809 0.02698493 0.1407317 0.7539941 0.6416289 0.7445804 -0.6573919 0.1159142 0.3016806 0.9292688 -0.213186 0.1387057 0.669682 -0.7295798 0.1647826 0.7988205 0.5785609 0.12387 -0.9673385 -0.221162 -0.04144144 -0.4141937 -0.9092449 0.3376095 -0.6499255 -0.680894 0.1520678 -0.9876328 -0.03817021 -0.1511981 -0.9599508 -0.2358677 -0.2152591 -0.8039882 -0.5543165 -0.2839491 -0.5996912 -0.74816 0.801271 -0.5971238 0.03752416 0.7697494 0.2123246 -0.6020001 0.776241 0.22714 0.5880965 0.1633278 0.608003 0.7769535 0.3612177 -0.5822154 0.7283867 0.4779797 -0.5113745 0.714165 0.1578879 0.6151233 0.7724602 0.1817749 -0.6435357 0.7435184 0.4746186 -0.5994341 -0.6445277 0.1367589 0.4689528 -0.8725711 0.6869702 0.2481271 -0.6830117 0.527043 -0.5133069 -0.6773047 0.1491135 0.5504152 -0.8214671 0.7017658 0.3577842 -0.6160481 0.5086835 -0.4920927 0.7064601 0.1476315 0.5776776 0.8028036 0.1549502 -0.6782108 0.7183458 0.5518607 -0.5346072 -0.640035 0.2069706 0.5384982 -0.8168128 0.752151 0.2813844 -0.5958957 0.2063312 0.5528229 0.8073502 0.2555352 -0.6603052 0.7061862 0.5302157 -0.51551 0.6731425 -0.402373 -0.6978764 -0.592507 -0.4251136 -0.8001474 -0.4231343 -0.4249059 -0.2986679 -0.8545481 -0.4517088 -0.8918485 -0.02378189 -0.459181 -0.8119347 0.360437 -0.470829 -0.8822197 0.002912163 0.7093179 -0.6891415 0.1481633 0.2793581 0.9131027 -0.2969894 0.1085447 0.6055636 -0.7883597 0.4628873 0.3062471 0.8318342 0.775654 0.6240855 0.09422451 0.914671 -0.3977863 0.07171666 -0.0821312 -0.9940817 -0.07110583 0.1517987 -0.9790112 -0.1359931 -0.1583677 -0.9827855 0.09514421 -0.2480261 0.743285 0.6212975 0.003334224 0.5519801 0.8338506 0.1078553 0.5797901 0.8075957 -0.2302736 0.04329389 -0.9721624 -0.1912072 0.2408528 -0.9515408 -0.3725216 -0.3760448 0.8484209 -0.2400946 -0.9057988 0.3491176 -0.389052 -0.7943494 0.4665271 -0.4017973 0.4490176 0.7980867 -0.2850704 0.5564904 0.7804188 -0.4066087 0.2171431 0.8874223 0.2258124 -0.5989701 0.7682731 -0.4511002 -0.7723569 0.447184 -0.4259771 0.7553582 0.4979736 -0.5053321 0.6561787 0.5604186 -0.3785667 0.5824202 0.7193567 -0.6053276 0.1962461 0.7714053 -0.4594739 0.5886166 -0.6651423 -0.4416739 0.2798663 -0.8524077 -0.4411466 0.6717493 -0.5950988 0.610866 0.468378 0.6383299 0.5916569 -0.4351454 0.6786683 0.9944337 -0.02596336 0.102116 -0.3328973 0.4737722 0.8153033 0.73462 0.6551204 -0.176496 0.7256941 -0.681626 -0.09356367 0.1289991 0.6656814 0.7350018 -0.2200611 0.6525861 0.7250549 -0.3996562 -0.5410919 -0.7399287 -0.6105437 -0.2762126 0.7422554 -0.400254 -0.6019997 0.6909364 -0.4974271 0.7288867 -0.4704151 0.735903 0.3139603 0.5998963 0.1690608 -0.7713379 -0.6135604 0.4504945 -0.4735562 0.7568351 0.1288467 0.7739713 0.6199733 -0.2027276 -0.6179894 0.7595991 0.730251 0.2813822 0.6225413 0.2525104 -0.7151663 -0.6517484 0.7030884 0.3747629 0.604334 0.1728984 -0.7199699 -0.6721231 -0.4709138 0.3245404 0.8203131 -0.4983014 -0.1289795 0.8573564 -0.1951319 -0.7371084 0.6469891 0.1927574 0.3582142 -0.9135247 0.1815866 -0.3803855 -0.906826 0.1774644 0.005256533 -0.9841132 0.2333262 -0.4715307 -0.850422 0.22026 -0.4214024 0.8797191 0.1481126 -0.3596078 0.9212735 0.1626161 -0.08098804 0.9833601 0.1740055 0.3145093 0.93317 0.2329793 0.4449666 -0.8647111 0.1638148 0.400767 0.9014158 0.1353396 0.1670589 -0.9766138 0.3358092 0.7759507 -0.5339782 0.2799969 0.764068 -0.5812072 0.2472143 -0.7301923 0.6369493 0.1800748 0.7778957 0.6020393 0.1331484 0.145525 0.980354 0.04766494 0.7687268 0.6377987 0.1553807 0.7788669 -0.6076376 0.02316623 0.794619 -0.6066663 0.1325788 -0.790679 0.5977036 0.2248358 0.7618674 0.6074596 0.3075741 -0.7495549 0.5861447 0.2807399 0.7584305 0.5881909 0.114925 -0.724009 -0.6801494 0.00816816 0.8089905 0.587765 -0.3989006 0.538735 0.7420532 0.008163452 0.3090051 0.9510254 -0.7264133 0.2124975 0.6535814 -0.363785 0.2878577 0.8858885 -0.7997434 0.4863705 0.3519296 -0.9990481 0.002988219 -0.04352271 -0.5609732 0.6701368 0.4860308 -0.9864444 0.1307263 0.09918695 -0.4005231 3.70003e-4 0.9162867 -0.8017525 -0.1858736 0.5680176 -0.9456492 -0.05126112 -0.3211228 0.008170783 0.808991 -0.5877643 -0.3978524 0.8726372 -0.2832276 0.008171439 0.9999667 4.94858e-6 -0.7244228 0.689356 0 -0.3616232 0.9323243 1.29454e-6 -0.7996896 0.4851563 -0.3537228 -0.9999106 0.0133596 6.48099e-4 -0.5609673 0.6697694 -0.4865437 -0.3978526 0.8726353 0.2832332 -0.799688 0.4851568 0.353726 -0.9868528 0.1291846 -0.0971235 0.008163452 -0.3090068 -0.9510249 -0.4005245 3.70162e-4 -0.9162861 0.008163392 0.3090032 -0.951026 -0.726413 0.2124966 -0.6535819 -0.3637856 0.2878572 -0.8858885 -0.801752 -0.1858732 -0.5680184 -0.9987704 8.26569e-4 0.04956984 -0.9403502 0.1729941 0.292941 -0.9560534 -0.0667839 -0.2854855 -0.564069 -0.2550468 -0.7853518 -0.7997457 0.4863663 -0.3519299 -0.3988951 0.5387297 -0.7420601 0.008168578 -0.9999667 8.53092e-7 -0.4032033 -0.8702105 -0.2831271 0.008158564 -0.8089916 -0.5877637 -0.8030256 -0.5959426 0.001596868 -0.7295794 -0.5532346 -0.4020514 -0.9956535 0.07665777 0.05289423 -0.5659899 -0.8244124 1.01998e-5 -0.8018021 -0.1831973 -0.5688166 -0.4022064 -0.5384387 -0.7404822 -0.367238 -0.7524849 -0.54672 -0.9586455 -0.2846012 0.001048803 -0.9397901 0.3417478 0.001734673 0.008165955 -0.3090084 0.9510244 -0.4022044 -0.5384451 0.7404786 0.00816214 -0.8089926 0.5877622 -0.8018023 -0.1831984 0.5688158 -0.7295796 -0.5532383 0.402046 -0.9961873 0.07161438 -0.04982125 -0.5640661 -0.2550577 0.7853503 -0.367231 -0.7524355 0.5467928 -0.4031971 -0.8701962 0.2831797 -0.8030514 -0.5959079 -0.001574337 -0.955437 -0.06736952 0.2874052 -0.9429767 0.1704434 -0.2859095 -0.953791 -0.3004708 -4.5279e-5 -0.9428178 -0.05457919 0.32881 -1 1.40997e-7 0 -0.06373208 0.6669014 0.7424156 -0.06059837 -0.0355587 0.9975287 -0.05770784 -0.01840466 0.9981639 -0.1134628 0.1423186 -0.9832964 -0.1521507 0.1431231 -0.9779397 -0.1108859 0.729235 -0.6752189 -0.0942772 -0.6699424 0.7364027 -0.1049938 -0.561783 -0.820595 0.2703995 -0.68873 0.6727074 0.4309616 -0.6668201 0.6079664 -0.4553515 -0.8849987 -0.09712105 -0.06996625 0.6089857 0.7900894 -0.06856501 0.7618184 0.644152 -0.4290789 0.874491 -0.2261787 0.4959918 0.6382362 0.5887671 0.5084931 0.6232366 0.5941473 -0.1124569 -0.6079046 -0.7860061 -0.1029649 -0.6147522 -0.7819706 -0.06699258 -0.04041647 -0.9969346 -0.0744239 0.4820805 -0.8729603 -0.06192201 0.4692488 -0.8808923 0.4995033 -0.6449004 0.5784462 -0.3712056 -0.9042639 -0.2109817 0.5139693 -0.6535388 0.5556282 -0.08750462 0.6107043 0.7870091 -0.3008612 0.9532863 0.02697873 -0.5476946 -0.8350886 0.05155378 -0.2530651 0.7055498 -0.6619348 -0.1407261 0.7539794 0.6416473 -0.1387263 0.6696544 -0.7296013 -0.3016788 0.9292603 -0.2132261 -0.7445682 -0.6574026 0.1159314 -0.1647994 0.7988224 0.5785534 -0.1238488 -0.9673399 -0.2211673 0.1512073 -0.9599415 -0.2358996 -0.1520751 -0.9876317 -0.03816699 0.2839434 -0.5996682 -0.7481807 0.2152687 -0.8039867 -0.5543146 0.2480461 0.743286 0.6212882 0.4017894 0.4489876 0.7981074 0.3328953 0.473775 0.8153024 -0.7697373 0.2123388 -0.6020106 -0.3761065 -0.6649717 -0.645257 -0.8012782 -0.5971138 0.03752994 -0.3612094 -0.5822122 0.7283933 -0.1633409 0.6080401 0.7769215 -0.7762318 0.2271279 0.5881131 -0.02681106 0.5657471 -0.8241428 0.1911998 0.2408531 -0.9515421 0.04143339 -0.4142391 -0.9092246 -0.1817418 -0.6435202 0.74354 -0.1578859 0.6151056 0.7724748 -0.4779874 -0.5113329 0.7141896 -0.6869863 0.2481816 -0.6829758 -0.1367498 0.4689401 -0.8725795 -0.474616 -0.5994267 -0.6445366 -0.7017732 0.3578197 -0.6160191 -0.1491056 0.5504301 -0.8214586 -0.5270249 -0.5132881 -0.6773331 -0.1549349 -0.6781978 0.7183614 -0.1476193 0.5776634 0.802816 -0.5086789 -0.4920691 0.70648 -0.7521598 0.2813976 -0.5958785 -0.2069774 0.5385094 -0.8168036 -0.5518482 -0.5345895 -0.6400607 -0.530221 -0.5155107 0.6731379 -0.2555407 -0.6603165 0.7061736 -0.2063136 0.5528228 0.8073547 0.4249306 -0.2986555 -0.8545402 0.4250968 -0.8001537 -0.4231393 0.4023646 -0.6978831 -0.5925048 0.4708289 -0.8822201 0.002821385 0.4591854 -0.8119333 0.3604346 0.4516307 -0.891888 -0.02378302 -0.9146597 -0.3978142 0.07170492 -0.7756372 0.6241027 0.0942496 -0.4629025 0.3062553 0.8318228 -1.014e-4 -0.9790043 0.2038401 0.3890522 -0.7943425 0.4665388 0.1945953 -0.7371571 0.6470951 -0.3890874 -0.9168342 0.08958977 0.02520829 0.9569479 -0.2891634 -0.1717305 0.9155229 -0.3637672 -0.1551008 0.9695522 -0.1895054 -0.1078572 0.5797489 0.807625 -0.003331124 0.5519786 0.8338517 -0.1518075 -0.9790087 -0.1360018 -0.3738346 -0.9235894 -0.08503246 -0.5048369 -0.8596944 -0.07788074 0.2302696 0.04328656 -0.9721637 0.08211517 -0.9940829 -0.07110738 0.3725343 -0.3760423 0.8484164 -0.007743537 -0.7774995 0.628836 0.04421526 0.07883495 0.9959067 0.09843051 0.8540504 -0.5107929 0.09298241 0.8061281 -0.5843901 0.1583833 -0.9827824 0.09515023 0.2400898 -0.9057998 0.3491187 0.2850626 0.5565015 0.7804136 0.4066191 0.2171291 0.8874209 -0.2277867 -0.597539 0.7688046 0.4510986 -0.7723675 0.4471672 0.3785594 0.5824293 0.7193531 0.5053443 0.6561723 0.5604152 0.4259815 0.7553487 0.4979841 0.6053407 0.1962599 0.7713913 0.4411447 0.6717491 -0.5951005 0.4416546 0.2798847 -0.8524118 0.459481 0.5886095 -0.6651437 -0.9944329 -0.02597737 0.1021193 -0.5916267 -0.4351408 0.6786976 -0.6108994 0.4683462 0.6383211 -0.725675 -0.6816473 -0.09355688 -0.7345974 0.6551406 -0.1765148 -0.1290026 0.6656742 0.7350077 0.2200886 0.6525675 0.7250633 0.3996554 -0.5410877 -0.7399322 0.610554 -0.276192 0.7422546 0.4002653 -0.6020136 0.6909178 0.4974259 0.7288788 -0.470429 -0.7359411 0.313965 0.5998472 -0.1690555 -0.7713116 -0.613595 -0.4504759 -0.4735771 0.7568331 -0.05988913 0.9960405 0.06570255 0.1703983 0.9523958 0.2527975 0.07432943 0.9972186 0.005504369 0.2027475 -0.6179808 0.7596008 -0.7302462 0.2813447 0.6225638 -0.2524948 -0.7151863 -0.6517323 -0.7030673 0.3747531 0.6043646 -0.1728936 -0.7199822 -0.6721112 0.470889 0.3245435 0.8203263 0.4983091 -0.1289679 0.8573536 -0.767966 -0.6370517 0.06628227 -0.7093166 -0.6891394 0.1481789 -0.3375974 -0.6499177 -0.6809076 -0.1774463 0.005209803 -0.9841167 -0.1815865 -0.3803736 -0.9068309 -0.192763 0.3582044 -0.9135273 -0.2333296 -0.4715374 -0.8504175 -0.2588784 -0.7594729 -0.5968106 -0.1353369 0.1670582 -0.9766143 -0.04767072 0.7687382 0.6377846 -0.1331554 0.1455311 0.9803521 -0.1800775 0.7778991 0.6020342 -0.02314406 0.7945955 -0.606698 -0.1553879 0.7788814 -0.6076171 -0.1315352 -0.8085424 -0.5735483 -0.1149094 -0.7240241 -0.680136 -0.2472157 -0.730186 0.6369559 -0.1481345 -0.3595539 0.9212911 -0.1325783 -0.7906783 0.5977049 -0.3286968 -0.763132 -0.5564062 0.7069997 0.01752549 0.7069967 0.9709997 -0.2390806 -3.06229e-7 0.8638977 0.5036674 -1.42604e-5 -1.83879e-7 -0.2393949 0.9709224 -0.001018345 0.5036625 0.8639 0.9718938 -0.2354201 0 0.6872321 -0.2354198 -0.6872333 0.7070038 0.01752579 -0.7069926 -4.93211e-7 -0.235421 0.9718936 0.6872326 -0.2354204 0.6872327 -0.7069976 0.01755374 0.7069981 -0.971894 -0.2354195 0 -0.6872335 -0.2354201 0.6872318 -0.7069938 0.01752656 -0.7070026 -0.9709225 -0.2393941 2.96249e-7 0 -0.2354198 -0.9718939 -0.687233 -0.2354192 -0.6872327 -2.34956e-7 -0.2393932 -0.9709227 2.40877e-5 0.5036649 -0.8638992 -0.863901 0.5036617 2.28547e-5 0.9889616 0.1481724 0 0.579583 0.574907 -0.5775514 0.7029963 0.1076692 -0.7029961 0.5785833 0.5749195 0.5785405 0.7254652 0.6882558 -0.002057313 1.38283e-5 0.6882697 0.7254549 0 0.1481711 0.9889618 -0.5785472 0.5749186 0.5785774 -0.7254642 0.68826 2.21133e-5 -0.9889851 0.1480154 0 -0.5785606 0.5749159 -0.5785667 -0.7029972 0.1076692 -0.7029953 -1.93417e-5 0.6882696 -0.7254551 0 0.1480957 -0.9889732 0.7029958 0.1076655 0.7029972 -0.702996 0.1076672 0.7029968 -0.726354 0.2419765 0.6433174 -0.9825881 0.1857973 -2.99799e-5 -0.9709267 0.239377 -3.02214e-6 -0.8491738 -0.326663 0.4149643 -0.7502493 -0.1868855 0.6341922 -0.5285967 -0.5540522 0.6431266 -0.7454905 -0.6665164 -4.98118e-6 -0.7821419 -0.6231003 1.60784e-5 -0.9028078 -0.1081076 -0.416234 -0.7502458 -0.1868355 -0.6342111 -0.7263533 0.2419775 -0.6433179 -0.5285565 -0.5540722 -0.6431424 0.9028025 -0.1081144 -0.4162442 0.9825876 0.1857997 1.95652e-5 0.7263442 0.241991 -0.6433229 0.7263538 0.2419777 0.6433172 0.7502796 -0.1867867 0.6341856 0.711391 -0.1773817 0.6800431 0.8491804 -0.3266414 0.4149674 0.7821222 -0.6231252 9.40263e-6 0.5285481 -0.5540779 0.6431444 0.711419 -0.1773923 -0.6800111 0.7502535 -0.1868445 -0.6341995 -0.849174 -0.3266425 -0.4149798 -0.7114202 -0.1773852 -0.6800116 0.8491761 -0.3266475 -0.4149717 0.5285554 -0.5540719 -0.6431435 0.7454904 -0.6665164 1.24238e-6 -0.6433176 0.2419756 -0.7263541 -8.66383e-5 0.1857839 -0.9825907 2.30083e-6 0.2393748 -0.9709273 -0.41496 -0.3266229 -0.8491913 -0.634204 -0.1868779 -0.7502413 -0.6431273 -0.5540533 -0.5285947 1.38767e-7 -0.6665124 -0.745494 -1.94907e-5 -0.6231037 -0.7821393 0.4162566 -0.1081187 -0.9027962 0.6341866 -0.1868503 -0.750263 0.6433165 0.2419759 -0.726355 0.6431409 -0.5540714 -0.5285591 0.4162338 -0.1081098 0.9028077 2.98023e-7 0.185792 0.9825891 0.6433171 0.2419698 0.7263566 -0.6433169 0.2419745 0.7263552 -0.6342087 -0.1868582 0.7502423 -0.6800438 -0.1773834 0.7113899 -0.4149668 -0.3266433 0.8491801 -6.31809e-6 -0.6231291 0.782119 -0.6431366 -0.5540703 0.5285655 0.6800091 -0.1773924 0.7114209 0.6341895 -0.1868292 0.7502657 0.41496 -0.3266614 -0.8491765 0.6800097 -0.1773846 -0.7114223 0.4149733 -0.3266473 0.8491754 0.6431387 -0.5540731 0.52856 3.43984e-6 -0.6665161 0.7454907 0.2899587 -0.6680213 0.6853259 0.5378661 -0.6424187 0.5458922 0.3845564 -0.6618741 0.6434587 0.02639371 -0.2702373 0.9624319 0.5677161 -0.1692864 0.8056307 0.4875605 -0.225021 0.8435937 0.2003448 -0.9208033 0.3346391 0.593659 -0.6375434 0.491027 0.5828791 -0.772414 0.252247 0.3232191 -0.9124887 -0.2507866 0.8577943 -0.252366 0.4477729 0.4536904 -0.3435949 0.8222576 0 0.9999721 0.007468879 -0.172362 0.9824313 0.07155483 -1.18552e-5 0.9995531 0.02989387 0.5058354 0.7574421 -0.4128102 0.6938521 0.2860273 -0.6608765 0.788872 0.5940409 -0.157469 0.5793809 0.3087052 -0.7543334 0.6432816 0.6561521 -0.3945289 0.8723617 0.4248468 -0.2418479 -0.1955407 0.4011815 -0.8948839 -0.03362715 -0.04750674 -0.9983048 -0.02551919 0.49641 -0.8677131 -0.1979993 0.9693235 0.1456307 0.348679 0.892499 -0.2861266 0.8898925 -0.3008547 0.3428961 0.8231041 -0.1180212 0.5554915 -0.1761942 -0.8542283 0.4891316 0.6708843 0.4442021 -0.5938004 0.7139256 -0.01548874 -0.7000503 0.9201739 0.2939299 -0.258622 0.4954465 -0.6750023 0.5467218 0.1738753 -0.7611551 0.6248281 0.5600494 0.8073824 -0.1856837 0.5377401 0.3200924 -0.779985 0.4835857 -0.875178 0.01443159 0.3777023 -0.6235467 -0.6844929 0.5078361 -0.2631778 0.8202683 0.8591319 -0.367222 0.3564276 0.5078306 -0.2631554 0.8202788 0.4179807 -0.3358104 -0.8441111 0.1926861 -0.3993049 -0.8963413 0.08635658 -0.9284401 -0.3613054 0.5723881 0.1414592 -0.8076889 0.5264737 0.03187155 -0.8495939 0.4137119 0.1397556 -0.8996171 -0.150052 0.001863181 -0.9886764 0.286282 -0.5820274 -0.7611089 0.3874651 0.1191624 -0.9141505 0.8278642 -0.549078 0.1146927 0.8375882 -0.5445985 0.04311293 0.4721666 -0.2565649 -0.8433465 -0.464455 -0.8114455 -0.3547363 0.416643 -0.786897 0.4551942 -0.1218001 -0.792245 0.5979234 0.7380841 -0.6745969 0.01228851 -0.2516343 -0.3752002 0.8921352 -0.07521826 -0.3438562 0.936005 0.5069759 -0.2485422 -0.8253499 -0.01858615 -0.8427889 0.5379233 -0.02034008 -0.8942196 0.4471664 0.07874596 -0.7870848 -0.6117981 -0.8307202 -0.5442458 -0.1170498 -0.3649697 -0.1601973 -0.9171336 0.5713843 -0.1781446 -0.8011146 -2.57131e-7 -0.1957589 0.9806522 0 -0.115924 0.9932581 -0.2045063 -0.1916214 0.9599263 -0.2801491 -0.4647565 0.8399512 -0.2613457 -0.3959085 0.8803152 -0.2058839 -0.8010549 0.5620701 0.251634 -0.3751999 0.8921354 0.0752179 -0.3438557 0.9360051 -0.02638524 -0.2702387 0.9624318 -0.5723881 0.1414602 -0.8076887 -0.4137107 0.1397556 -0.8996177 -0.5264905 0.03183215 -0.8495849 -0.02264994 0.2421967 -0.9699628 0.003487408 0.1125916 -0.9936352 -0.3070864 0.1119827 -0.9450703 0.2289022 -0.1239089 0.9655312 0.314363 -0.4743757 0.8222795 0.1874976 -0.4483199 0.8739873 -0.5901942 -0.6036396 0.5359945 -0.886752 -0.4203197 0.1923604 0.4663216 -0.6754742 -0.5712082 -0.36591 -0.2449591 -0.8978335 -0.6228457 -0.7763743 -0.09646993 -0.8751981 -0.09465557 -0.4744139 0.04799395 -0.8690704 0.4923548 0.3339676 -0.7864816 -0.5195309 0.4078055 -0.7914845 0.455244 0.9614998 -0.2718108 -0.04046058 0.5141509 -0.08042931 -0.8539205 -0.4479155 -0.242569 -0.8605417 -0.02359396 -0.4683537 0.883226 -1.64732e-5 -0.1241987 0.9922574 0.2236657 -0.7489934 0.6236847 0.9551075 -0.155574 -0.2521238 0.2801475 -0.4647542 0.8399529 0.3292374 -0.5289461 0.7821885 0.1948897 -0.2210428 0.9555931 -0.2036581 -0.437021 0.8760915 -0.2241888 -0.4981843 0.8375869 -0.2288902 -0.1239055 0.9655345 0.4118713 -0.1415279 -0.9001845 -0.02926611 -0.1513926 -0.9880404 -0.1087045 -0.1707993 -0.9792911 -0.4086435 -0.2033855 -0.8897444 -0.3353745 -0.1636285 -0.9277659 0.2527459 0.1567038 -0.9547584 0.5384373 0.225395 -0.8119621 -0.418503 -7.61598e-4 -0.9082152 -0.859227 -0.1368941 -0.4929392 0.2004167 -0.7666625 -0.6099686 0.6391958 0.1025023 -0.7621824 0.8554626 -0.486263 0.1781354 -0.8203365 -0.5317544 -0.2104408 -0.08642762 -0.8621982 0.4991439 0.567329 0.2179296 -0.7941314 0.9024279 0.3741639 -0.2136012 0.4574499 -0.2911167 -0.8402326 0.1140925 0.4518448 -0.8847707 0.5125538 0.8000403 0.3118083 0.2350684 0.9696326 0.06749421 0.2762599 0.9168862 0.2880977 0.7768124 -0.5698819 -0.26795 0.4834387 -0.2918269 0.8253024 0.5460882 -0.4943672 0.6763053 0.5889942 -0.2808257 0.757775 0.557271 -0.6362978 0.5334549 0.6642882 -0.6582169 0.3542199 0.5773832 -0.7536634 0.3140385 0.5209323 0.4023702 0.7528132 0.5678036 0.186702 0.8017117 0.587932 0.182942 0.7879519 0.5777434 -0.1183153 0.8075978 -0.1569089 0.9862292 -0.05226439 0.548062 0.5891032 0.5937892 0.8690319 -0.3810092 0.3156198 0.8375903 0.1470444 0.5261372 0.0656653 0.901906 -0.4269121 0.9706587 -0.02861416 0.2387526 0.8128466 0.4869151 0.3196783 0.702875 0.7077242 0.07136732 0.8230652 -0.09581178 0.559807 0.5135456 -0.7921153 -0.3298857 0.7777833 -0.6249352 0.06715089 0.9030013 -0.2970613 -0.310392 0.4871314 0.8582562 0.1615529 0.8363345 0.4257323 -0.3453936 0.6052706 -0.5133613 0.6083649 0.7275539 0.02982503 0.685402 0.6277388 0.01125091 0.7783429 0.3772528 -0.1859035 0.9072598 0.5868136 0.7924417 -0.1663906 0.5308225 0.84423 0.07418382 0.2164251 -0.283021 -0.9343764 0.6972137 -0.669296 -0.2567802 0.8033975 0.4606838 -0.3772572 0.07507413 0.6210756 -0.7801468 0.2973839 0.93836 0.1761912 0.898725 0.1198008 0.4218307 -0.1868374 0.9353417 -0.3003793 -1.13063e-6 0.9810864 -0.1935704 -0.08619278 0.9759756 -0.2001058 -0.04177379 0.9407413 -0.3365427 0.1596569 0.958761 -0.2351319 0.1691511 0.9646263 -0.2021982 -0.4591738 -0.8538029 -0.2453162 -0.1469993 -0.5734074 -0.8059747 -0.02743589 -0.3712323 -0.9281347 -0.3251657 -0.806532 0.4937342 0.3844009 -0.009844362 -0.9231139 -0.5480494 0.5891082 0.5937958 -0.3901144 0.7439802 0.5424982 -0.2762593 0.91689 0.2880861 0.1529633 0.9675019 0.2013512 -2.9807e-5 -0.1214156 -0.9926018 -2.08318e-5 -0.9965319 -0.08321249 -0.5306648 -0.5171313 0.6715433 -0.1775842 -0.8823443 0.4358124 -0.6685695 -0.7428488 0.03450673 -0.459384 -0.789772 0.4064807 0.4254298 -0.2206761 -0.8776739 0.827727 -0.2985827 -0.4750963 -0.1188062 -0.957515 -0.2627742 0.8998241 0.3152058 -0.3015993 0.7437345 0.2384429 -0.624503 -0.2699154 0.9136741 -0.3038839 0.08762848 0.9065272 -0.4129525 -3.2492e-5 0.842178 -0.5391997 -9.06177e-7 0.9559613 -0.293493 1.46292e-5 0.8836746 -0.4681017 -0.4669694 -0.01702088 -0.8841097 -0.3632997 -0.3377692 -0.8682888 -0.9168545 0.1787849 -0.3569507 -0.9660201 0.1839324 -0.1815876 -0.8802845 -0.1627379 -0.4456631 -0.7600243 0.510288 0.4024541 -0.3347115 -0.6952999 0.6360239 0.709289 -0.170243 0.6840516 0.7403563 -0.2871796 0.6077833 0.4537472 -0.8223266 -0.3433547 -0.02970993 -0.9936366 0.1086452 -0.7866752 0.4595341 0.4122751 -0.7277545 -0.3189716 -0.6071495 0.7597607 -0.3579055 0.5428329 0.7547908 -0.3645266 0.5453544 0.9210387 -0.350221 0.1703909 0.1780366 -0.9323245 -0.3147601 -0.6621838 -0.669094 0.3373808 -0.9380308 0.06527477 -0.340349 -0.7118567 -0.393831 -0.581513 -0.756907 0.4810887 0.4423184 -0.5611972 0.2815293 0.7783311 0.6693205 -0.09295898 0.7371355 0.8878453 -0.2159623 0.406314 0.1188017 -0.9575169 -0.2627695 -0.8266319 -0.2910206 -0.4816502 -0.4254338 -0.2206748 -0.8776723 -0.8998267 0.3152064 -0.3015908 -0.1421572 0.6504731 -0.7461073 0.274812 -0.03362858 -0.9609098 -0.7426649 0.2404552 -0.6250042 -0.09349685 -0.5604231 -0.8229121 8.11741e-5 0.8421735 -0.5392066 -0.08763045 0.9065331 -0.4129393 0.2699151 0.913674 -0.3038842 -0.3033358 0.8026862 -0.5135001 -0.4451697 0.2917609 -0.8465811 -0.5373082 0.229988 -0.8114219 -0.254348 0.1589645 -0.9539589 0.4977084 -0.09736531 -0.8618621 -0.8554769 -0.4862394 0.1781307 -0.657428 0.0739063 -0.7498843 -0.1050927 -0.80888 -0.5785056 0.7559852 -0.6200377 -0.209856 -0.02077978 -0.8935038 0.4485748 -0.5778819 0.2259508 -0.7842187 0.9168522 0.1787841 -0.3569571 0.3632789 -0.33778 -0.8682933 0.4670152 -0.01704138 -0.8840851 0.7600387 0.5102839 0.4024321 0.880287 -0.1627268 -0.4456622 0.9660193 0.1839411 -0.1815831 0.1840313 -0.5688914 0.801558 0.1762842 -0.8542455 0.4890692 -0.2899305 -0.6680331 0.6853263 -0.4537463 -0.8223284 -0.3433515 -0.7403406 -0.2871912 0.6077969 -0.7092869 -0.1702378 0.684055 0.7277466 -0.3189825 -0.6071532 0.7866801 0.4595142 0.4122879 0.02970951 -0.9936367 0.1086434 -0.7597699 -0.3579195 0.5428107 -0.9210425 -0.3502255 0.1703618 -0.7547708 -0.3645113 0.5453922 -0.1780465 -0.9323228 -0.3147599 0.6621981 -0.6690928 0.3373552 0.7118562 -0.3938301 -0.5815141 0.9380312 0.06532335 -0.3403385 0.7569196 0.4810884 0.4422971 0.5611936 0.2815117 0.7783399 -0.6693291 -0.0929647 0.737127 -0.8878331 -0.2159625 0.4063407 -0.1140877 0.4518474 -0.88477 -0.457444 -0.2911232 -0.8402335 -0.9024279 0.3741641 -0.2136007 -0.06566637 0.9019067 -0.42691 -0.5889781 -0.2808142 0.7577918 -0.5460879 -0.4943643 0.6763076 -0.4834907 -0.2916198 0.8253452 -0.5773624 -0.7536758 0.3140471 -0.6642818 -0.6582185 0.3542289 -0.5572787 -0.6363065 0.5334365 -0.5879299 0.1829365 0.7879547 -0.5678225 0.1866897 0.8017011 -0.5209611 0.4023717 0.7527925 -0.487142 0.8582509 0.1615499 -0.8375911 0.1470463 0.5261357 9.23989e-6 0.999811 -0.01944249 0.1569304 0.986226 -0.05226135 -0.5777298 -0.1182988 0.80761 -0.820801 0.3793247 0.4270813 -0.7814989 0.4534573 0.4285277 -0.7686733 0.5719407 0.2864004 -0.6432815 0.6561517 -0.3945301 -0.5793821 0.3087069 -0.7543319 -0.8320341 0.3285481 0.4469625 -0.7028771 0.7077223 0.07136559 -0.8128353 0.4869261 0.3196901 -0.9706556 -0.02860838 0.2387663 0.08615398 0.9759764 -0.2001191 -0.9029914 -0.2970733 -0.3104096 -0.7777884 -0.6249273 0.06716465 -0.513548 -0.792106 -0.3299038 -0.8363344 0.4257357 -0.3453898 -0.8266247 0.3514257 0.4395358 -0.6052585 -0.5133716 0.6083681 -0.627743 0.01125812 0.7783393 -0.7275569 0.02984189 0.685398 -0.3772531 -0.1859109 0.9072581 -0.07507658 0.6210755 -0.7801467 -0.5058342 0.7574424 -0.4128109 -0.6938557 0.2860254 -0.6608735 -0.2164298 -0.2830235 -0.9343747 -0.7673442 0.2907647 0.5715231 -0.8987239 0.1197999 0.4218333 -0.6972095 -0.6693003 -0.25678 -0.803398 0.4606844 -0.3772556 -0.00686115 0.9894861 -0.1444649 0.1032857 0.9020492 -0.4190936 0.1868378 0.9353414 -0.3003798 -0.1596587 0.958765 -0.2351144 -0.2253854 0.9714291 -0.07434421 -0.8631027 0.335063 -0.3778712 -0.8723611 0.4248479 -0.241848 -0.7683336 0.557245 -0.3148676 -0.5828751 -0.772412 0.2522627 -0.5936642 -0.6375374 0.4910284 -0.2003587 -0.9208008 0.3346378 -0.4875621 -0.225013 0.8435949 -0.4535729 -0.343663 0.8222941 -0.8578073 -0.2523604 0.4477512 0.1465206 0.9849122 0.09208655 -0.02112269 0.9893674 0.1438959 -0.02895331 0.9801446 0.1961588 -0.7888755 0.5940364 -0.1574689 -0.537737 0.3200575 -0.7800015 -0.9615693 0.1988041 0.1893712 -0.987731 -0.153549 0.02846515 0.02553039 0.4964074 -0.8677142 0.03363859 -0.04750859 -0.9983043 0.195564 0.4012025 -0.8948695 -0.3486802 0.8924986 -0.286127 -0.8500714 -0.179928 -0.4949795 -0.6764664 0.4003051 0.6181821 -0.8230972 -0.1180255 0.5555007 -0.8898984 -0.3008272 0.342905 -0.5677138 -0.1693024 0.8056288 -0.3290567 0.9378746 -0.1100593 0.012286 0.998347 -0.05614781 -0.1150902 0.9582279 -0.2618276 -0.6922001 0.06176471 -0.7190579 -0.3845434 -0.6618981 0.6434417 -0.9201855 0.2939054 -0.2586089 -0.6708697 0.4442189 -0.5938042 0.2342243 0.9721673 0.005459368 0.2305845 0.9630178 -0.1393828 -0.3777087 -0.6235323 -0.6845026 -0.3232228 -0.9124893 -0.2507794 -0.3905173 -0.8262907 -0.4058818 -0.1737961 -0.7611617 0.6248422 -0.4964662 -0.8289218 0.257701 -0.4964901 -0.8289178 0.2576685 -0.4464217 -0.2309509 0.8645052 -0.8591321 -0.3672037 0.3564458 -0.5406162 -0.2725503 -0.7958961 0.02746027 -0.3712593 -0.9281231 0.1469804 -0.5733416 -0.806025 0.4591695 -0.8538108 -0.2452967 -0.3843616 -0.009842872 -0.9231302 0.3251106 -0.8066349 0.4936024 0.3901355 0.7439596 0.5425111 -0.1529718 0.9674969 0.2013694 0.3232491 -0.7255516 0.6075237 0.4593871 -0.7897725 0.4064761 0.6685668 -0.7428535 0.03445714 0.1775463 -0.8823861 0.4357433 0.5306578 -0.5171323 0.6715478 -0.1214446 -0.9880955 -0.09443742 -0.2437908 -0.9411753 0.2339984 -0.4317503 -0.359471 0.8272681 -0.00520426 0.8164111 0.5774478 0.08814316 0.9924154 0.08568871 0.1214439 -0.9880967 -0.0944271 0.4317499 -0.3594688 0.8272692 0.2438015 -0.9411816 0.2339618 0.005188107 0.8164339 0.5774157 -0.08814316 0.9924154 0.08568871 0.1314805 -0.9912661 -0.01021397 0.01442581 -0.7520776 -0.6589167 0.4639851 -0.8822798 -0.07937496 0.2577809 -0.9523331 -0.1631277 -2.14651e-5 -0.995476 0.09501421 0.5414897 -0.8393299 -0.04810851 -0.6805835 0.3160778 -0.6609849 0.2942343 0.7949565 0.5305377 -0.5094501 0.8079388 -0.2961342 0.4409261 -0.8822656 -0.1648986 0.8283357 0.5053331 -0.2418647 0.7631993 0.04918521 0.6442886 0.7817109 -0.1921471 0.5933024 0.6828357 -0.7157955 0.1461923 0.544427 -0.80809 -0.2249221 0.232052 0.9575878 -0.1708141 0.1692852 0.9597557 0.2240792 -0.1736845 -0.4219143 -0.8898438 -0.07364648 -0.3640064 -0.9284802 -0.2212657 0.6204603 -0.7523766 -0.251124 0.08706527 -0.9640314 0.4911437 -0.8231689 0.284905 0.3192269 -0.9029273 0.2877788 3.83705e-6 -0.9136132 0.4065845 6.0536e-7 -0.9963734 -0.08508867 0 -0.9593098 -0.2823558 0.6612689 -0.6849887 -0.3058004 0.792922 -0.6072919 0.04971247 0.5573258 -0.813442 0.1664341 0.734252 -0.02927523 0.6782455 0.5809878 -0.1428535 0.8012778 0.8053939 -0.2176849 0.5513204 0.6126765 -0.354164 0.7065376 0.7489827 -0.6620771 0.02605831 0.9165288 -0.2916753 0.2736799 0.7883515 -0.1029924 0.6065431 0.9003506 -0.2369114 0.3650232 0.8967608 -0.1262466 0.4241248 0.7863811 -0.4698226 0.4010879 0.4124283 -0.3055532 0.8582193 0.4500719 -0.1805081 0.8745583 0.4443908 -0.2698205 0.8542329 0.4463515 -0.1524463 0.8817768 0.4038752 0.001559197 0.9148129 0.5088579 -0.1729075 0.8433069 0.2971824 -0.05237239 0.9533833 0.368914 -0.4026342 0.8377279 0.2968665 -0.3848668 0.8739267 0.4465456 -0.4149643 0.7927179 0.3559238 -0.08230239 0.9308838 0.363345 0.2683976 0.8921564 0.3387542 0.4812548 0.8084796 0.3624037 0.2932562 0.8846832 0.6210665 -0.5610548 0.5472604 0.7475411 -0.6182005 -0.2429208 0.7361588 -0.09034824 0.6707514 0.4551651 -0.4958705 0.7395521 0.5700056 -0.236279 0.7869344 0.05524516 -0.5220195 0.8511426 0.8901616 -0.2071685 0.4058244 0.9134868 -0.1966452 0.3561918 0.8476685 -0.2418857 0.4721753 0.8848953 -0.1598883 0.4374884 0.9588062 -0.1801737 0.2196094 0.9588074 -0.1801654 0.2196109 0.8901609 -0.2071691 0.4058262 0.8192653 -0.1163777 0.5614807 0.8476577 -0.2419036 0.4721854 -0.5088595 -0.1728646 0.8433149 2.48477e-6 -0.690847 0.7230011 -0.5277465 -0.5030522 0.6844137 -3.46638e-6 -0.5450848 0.838381 0.5277149 -0.5030908 0.6844097 0.5153709 -0.457493 0.724633 0.3342197 -0.3839207 0.8607568 0.3732266 -0.7207304 0.5841659 -2.41399e-6 -0.7487059 0.6629024 1.21351e-5 -0.7644193 0.6447196 0.4321472 -0.3759185 0.819716 0.348178 -0.5925432 0.7264054 0.3276051 -0.3752558 0.8670975 0.3423001 0.0413407 0.9386808 -3.39374e-6 0.2833099 0.9590285 0.3084437 0.165822 0.9366779 0.4786379 -0.2409296 0.8443096 0.4471018 -0.4825962 0.7531275 0.4742421 -0.523872 0.7075681 -2.24242e-6 0.2472766 0.9689449 1.33752e-5 -0.1794295 0.9837709 0.3679919 -0.1279464 0.9209842 0.4147965 -0.3776773 0.8278307 0.2763544 -0.6417961 0.7153503 0.5655642 -0.2361201 0.79018 0.4244929 -0.09065997 0.900881 0.4014465 -0.2925772 0.8678936 0.6041576 -0.4300443 0.6708618 0.678694 -0.04894119 0.7327887 0.7181196 -0.05126982 0.6940286 0.6160322 0.03508096 0.7869395 0.6816189 -0.1630787 0.7133029 0.5306833 -0.470978 0.7046666 0.6495447 -0.1249648 0.7499837 0.7851569 -0.2572904 0.5633209 -5.35403e-7 -0.8683909 -0.4958804 -7.68339e-7 -1 -6.46685e-7 -0.3506537 -0.8683816 -0.3506501 -1.21924e-6 -0.8683918 0.4958788 0.3506548 -0.8683813 0.3506498 0.3506432 0.8683894 -0.3506414 -1.99769e-7 1 0 0.4958992 0.8683801 6.91041e-7 -0.3506412 0.8683906 0.3506402 -0.4958976 0.868381 -4.28408e-7 -0.455183 -0.4959123 0.739513 -0.05524927 -0.521997 0.8511561 -0.5455305 -0.6023263 0.5827518 -0.9458338 -0.1861175 0.2660053 -0.890167 -0.2071626 0.4058157 -0.2942473 0.7949446 0.5305485 -0.8848956 -0.1598885 0.4374875 -0.4245201 -0.09065735 0.9008685 -0.5414847 -0.8393332 -0.04810601 -0.2577809 -0.9523328 -0.1631294 0.5094504 0.807936 -0.2961418 0.6806623 0.3161527 -0.6608679 -0.4409273 -0.8822649 -0.1648994 -0.7817133 -0.1921257 0.5933061 -0.7632109 0.04914087 0.6442782 -0.8283312 0.5053482 -0.2418481 -0.1692988 0.9597554 0.2240707 -0.2320758 0.9575834 -0.170806 -0.6041631 -0.4300293 0.6708665 -0.4639979 -0.8822742 -0.07936203 -0.1314965 -0.9912642 -0.01020395 0.2335019 -0.4078024 -0.8827084 -0.01444655 -0.7520889 -0.6589034 0.173699 -0.4219058 -0.889845 0.2512005 0.08710044 -0.9640083 0.2212685 0.620503 -0.7523405 -0.3192341 -0.9029175 0.2878013 -0.4911496 -0.8231673 0.2848992 -0.7929237 -0.6072897 0.04971444 -0.9165276 -0.2916767 0.2736821 -0.7489787 -0.6620807 0.02607822 -0.805413 -0.2177101 0.5512824 -0.5809887 -0.1428528 0.8012773 -0.6126769 -0.354162 0.7065383 -0.7863793 -0.469823 0.401091 -0.6612634 -0.6850271 -0.3057265 -0.9003505 -0.2369102 0.3650241 -0.7883388 -0.1029791 0.6065618 -0.8967456 -0.1262199 0.4241648 -0.4443903 -0.2698209 0.854233 -0.4500634 -0.1805017 0.8745641 -0.4124284 -0.3055528 0.8582194 -0.4463428 -0.1524518 0.8817803 -0.2971845 -0.05236023 0.9533834 -0.4038711 0.001579701 0.9148147 -0.3559301 -0.08227539 0.9308838 -0.557327 -0.8134405 0.1664369 -0.6786947 -0.04894387 0.7327878 0.4696311 0.2654842 -0.8420006 -0.4471029 -0.4826009 0.7531238 -0.474242 -0.5238673 0.7075717 -0.4786347 -0.2409274 0.844312 -0.3084454 0.1658166 0.9366784 -0.368003 -0.1279371 0.9209809 -0.3732183 -0.7207189 0.5841853 -0.3342484 -0.3838861 0.860761 -0.515362 -0.4574915 0.7246404 -0.3481656 -0.592538 0.7264155 -0.4321471 -0.3759167 0.8197168 -0.3423037 0.04134339 0.9386794 -0.5655348 -0.2360819 0.7902125 -0.2968579 -0.3848769 0.8739252 -0.3276051 -0.3752563 0.8670972 -0.2763472 -0.6417914 0.7153573 -0.4147961 -0.3776739 0.8278326 -0.6160306 0.03508627 0.7869404 -0.7181144 -0.05130195 0.6940317 -0.5306877 -0.4709796 0.7046623 -0.6816161 -0.1631255 0.7132949 -0.6495398 -0.1249244 0.7499946 -0.7851747 -0.2572458 0.5633165 1.56839e-5 -0.04441529 -0.9990132 -0.2300893 -0.03241378 -0.9726296 9.4053e-7 -0.03330773 -0.9994451 -0.6759036 -0.07662725 -0.7329957 -0.4824877 -0.1070192 -0.8693404 0.5314192 0.3234654 0.7829201 0.3439273 0.08200013 0.935409 0.5305345 0.06659114 0.8450437 0.7011416 -0.1075589 0.7048628 0.6144172 -0.08463865 0.7844283 0.4330828 -0.1519919 0.8884469 0.3257527 -0.1367923 0.9355068 0.4371407 -0.2687191 0.8583112 0.5217863 0.03700464 0.8522733 0.4140627 -0.3846158 0.8249987 0.2700746 0.2290397 0.9352008 0.2865046 -0.7919081 0.5392557 -0.1591399 -0.7690182 0.6191006 0.005521297 -0.9315612 -0.3635426 0.3659301 -0.2448833 0.8978459 0.334047 -0.2491641 0.9090269 0.7501537 -0.08479392 0.6558045 0.3232293 -0.1424003 0.9355453 -0.06010746 -0.7517917 -0.6566555 0.6805742 0.01174807 0.732585 0.6076467 -0.09029471 0.789058 -0.07313549 -0.4613489 0.8841993 -0.03008449 0.9933146 0.1114494 -0.7997581 -0.5957133 -0.07424724 0.102612 -0.4614309 -0.8812221 -0.7677995 0.121993 -0.6289688 0.7060163 -0.09489822 -0.7018087 0.820508 0.2343054 -0.5214093 0 -0.9795927 -0.2009932 0.06752198 0.05705034 0.9960854 -0.1027408 -0.7421271 -0.6623381 -0.1036829 0.6934623 -0.7129937 -0.1195059 0.7138473 0.6900293 -0.1159473 -0.6595976 0.7426218 -0.0739538 -0.7306368 -0.6787494 -0.0675798 0.6801348 -0.7299656 -0.06358933 0.7400872 0.6694979 -0.06436204 -0.6695895 0.7399374 -0.04493999 0.613009 -0.7887969 -0.05251842 0.4828222 -0.8741422 -0.1085455 0.6055665 -0.7883573 -0.128857 0.7739624 0.6199823 -0.09472024 0.6234415 -0.7761114 -0.09715509 -0.6359222 -0.7656134 -0.05514788 -0.6482259 -0.7594484 0.05754351 0.605334 -0.793889 0.1000963 -0.7745511 -0.6245408 0.08961099 -0.6414105 0.7619466 0.05761635 0.7813774 0.6213933 0.06435984 -0.6695877 0.7399393 0.06357508 0.740085 0.6695017 0.06760668 0.6801677 -0.7299324 0.07397693 -0.7306384 -0.6787452 0.119203 0.7137116 0.690222 0.09050989 0.5322903 -0.8417096 0.1036731 0.6934999 -0.7129585 0.07310831 0.5763589 0.8139199 0.1557478 0.6812952 0.7152479 0.1159697 -0.6595781 0.7426357 0.06021612 -0.5931814 -0.8028138 0.1027498 -0.7421155 -0.6623498 -0.7071083 9.87969e-7 -0.7071053 -0.6108004 0.5038355 -0.6107968 1.81786e-6 -5.02452e-7 -1 -1.49403e-5 0.5038138 -0.8638123 -0.7071075 -1.02466e-6 0.7071062 -0.610809 0.5038129 0.6108069 -1 1.80657e-7 -5.87135e-7 -0.8637963 0.5038412 8.18398e-6 0.7071053 -5.32935e-6 0.7071084 0.6107977 0.5038343 0.6108005 1.82915e-6 -2.6534e-6 1 -2.9889e-6 0.5038123 0.8638132 0.7071052 -2.1086e-6 -0.7071084 0.6108087 0.5038128 -0.6108072 1 -5.43103e-6 1.18557e-6 0.8637948 0.5038439 1.55107e-5 -0.3506532 0.8683809 0.3506522 -0.4958806 0.8683907 -5.45425e-6 0.350654 0.8683815 -0.35065 0.4958837 0.8683891 5.60578e-6 -0.3506646 -0.8683866 -0.3506268 -0.6108027 -0.50383 -0.610799 4.00469e-6 -0.8683782 -0.4959027 1.48711e-6 -0.503853 -0.8637894 -0.6107897 -0.503853 0.610793 -0.863806 -0.5038248 -4.68932e-7 0.3506594 -0.8683905 0.3506224 0.6107995 -0.5038296 0.6108027 -4.76837e-7 -0.8683809 0.4958978 0 -0.5038526 0.8637897 0.6107899 -0.5038523 -0.6107935 0.8638054 -0.5038259 1.29577e-6 -0.631946 -0.08291274 0.7705646 -0.2215095 -0.09268069 0.970744 -0.740678 0.113613 0.6621845 -0.7406554 0.1135821 0.662215 -0.8097444 0.527086 -0.2578652 -0.9252417 0.3779861 0.0324732 -0.8776822 0.355751 -0.3211156 -0.6578261 0.7521575 0.03903925 -0.5781753 0.7370646 0.3499275 -0.6166481 0.7595981 -0.2067748 -0.684854 0.706799 -0.1772296 -0.453275 0.7914105 -0.4101355 -0.5731177 0.7363631 -0.3595908 0.3061349 -0.241348 -0.9208868 0.3129509 0.1671477 -0.9349458 5.01238e-6 0.1503784 -0.9886286 -4.07919e-6 0.6003351 -0.7997487 0.3197699 0.6153997 -0.7204378 4.47966e-6 0.9294091 -0.3690512 5.09158e-5 -0.2464091 -0.969166 0.3256512 -0.1033185 0.939828 0.2181717 0.473032 0.8536052 1.42308e-5 -0.07762855 0.9969823 -4.97326e-7 0.4595378 0.8881582 0.7723437 -0.1109366 0.6254425 0.6032175 0.4257633 0.6744288 0.9561246 0.2915222 0.02899664 0.8561877 0.3156861 0.4090051 0.8554193 -0.4935017 0.1572067 0.5859873 0.4237691 0.6906799 0.6166316 0.7596089 -0.206785 0.6578336 0.7521506 0.03904575 0.9344891 0.3535927 0.04125928 0.5781825 0.7370624 0.3499201 0.7290738 0.4207598 0.5398266 0.6848284 0.7068167 -0.1772575 0.8097298 0.5271178 -0.2578464 0.5731184 0.7363728 -0.3595699 0.4532733 0.7914105 -0.4101377 -0.4120548 -0.5354804 -0.7372053 0.8132666 0.4277489 0.3944975 0.9252527 0.377959 0.03247362 0.7326875 0.2286344 -0.6410112 0.9105184 0.2697354 -0.3133675 0.8061246 -0.4974759 -0.3204388 0.7115076 0.3306429 -0.620026 0.8776775 0.3557736 -0.3211035 -0.4015849 -0.4180808 0.8148239 -0.594123 -0.3241053 -0.7361886 0.852451 0.2630344 -0.4518189 0.3114492 -0.2129241 -0.9261009 0.5366323 0.6053504 -0.5878578 0.1813879 -0.1128998 -0.9769095 -0.1513251 0.4390508 0.885627 -0.09363186 0.4992256 0.8613982 -0.8524528 0.263051 -0.451806 -0.5366331 0.6053328 -0.5878752 -0.1676924 0.3695147 0.9139683 -0.9469582 -0.1203929 -0.2979527 -0.1486706 0.3012113 0.9418965 -0.8476261 -0.508859 -0.1503084 -0.09089374 0.2437791 0.9655621 -0.5336993 -0.845481 -0.01808065 -0.07282954 0.4068871 0.9105705 -0.04485476 0.4353383 0.8991488 -0.3103536 0.7471082 0.5878012 -0.04209011 0.3158103 0.9478883 -0.3103515 -0.1291013 0.9418147 -0.07014465 0.3415595 0.9372391 -0.08036267 0.3735786 0.9241108 0.07284158 0.4068928 0.9105671 0.04486495 0.4353575 0.899139 0.3103531 0.747105 0.5878054 0.0420798 0.3158196 0.9478857 0.07014632 0.3415527 0.9372414 0.310351 -0.129103 0.9418146 0.08038812 0.3735849 0.9241061 0.1513626 0.4390645 0.8856137 0.1677057 0.3695114 0.9139673 0.09360551 0.4992033 0.8614141 -0.3114295 -0.2128973 -0.9261137 -0.1813722 -0.1128931 -0.9769132 0.1486485 0.3012123 0.9418997 0.09087878 0.2438125 0.965555 2.64123e-6 0.3054392 0.9522116 6.7657e-6 0.219954 0.9755103 0.9469406 -0.1204008 -0.2980055 0.3580547 -0.3497692 -0.8657127 0.8476253 -0.5088642 -0.1502957 0.291395 -0.4891279 -0.8220966 0.533692 -0.8454869 -0.01802295 0.1663559 -0.5802859 -0.7972416 -0.1663551 -0.5802863 -0.7972415 4.07081e-6 -0.9990642 0.04325193 1.23866e-6 -0.6100956 -0.7923279 -0.3580401 -0.349772 -0.8657176 -0.2913776 -0.4890957 -0.822122 -0.5644407 0.1822683 -0.8050994 -0.3129422 0.1671549 -0.9349473 -0.3061418 -0.2413409 -0.9208864 -0.2679497 -0.4433165 -0.8553792 8.81265e-6 -0.4405493 -0.8977285 -0.3197665 0.615383 -0.7204536 -0.3256515 -0.1033031 0.9398296 -0.2181659 0.4730508 0.8535963 -0.5055029 0.6002323 -0.6198291 -0.6031849 0.4257704 0.6744537 -0.7723649 -0.1109228 0.6254188 -0.7815755 -0.3781471 0.4961296 -0.9324175 -0.218481 0.2878605 -0.8395097 -0.1318774 -0.5270977 0.8269892 0.3489454 -0.4408243 -0.5900116 -0.5793562 -0.5623457 -0.8436341 0.1907067 -0.5019088 -0.854412 -0.4859866 -0.1838401 -0.01943659 0.4640274 0.8856077 -0.7630345 0.3081505 0.5681741 -0.7442209 0.3041394 0.5946719 -0.002619266 0.4012885 0.915948 0.7682056 -0.05005061 0.6382438 0.7804684 0.1722079 0.6010105 0.9005357 -0.08923625 -0.425526 0.9079338 0.09568816 -0.4080444 -0.01800036 -0.04599219 0.9987796 -0.6200553 -0.0254268 0.784146 0.008200049 -0.002045989 0.9999643 -0.6117901 0.01219773 0.7909262 0.09857118 -0.07472962 -0.9923202 -0.7206043 -0.02578926 -0.6928669 0.05983567 0.007678508 -0.9981788 -0.7645538 -6.26196e-4 -0.6445596 0.08226031 0.1290225 -0.9882239 -0.8147609 -0.005796492 -0.5797682 0.7806399 0.3758121 0.4993665 0.868112 0.3273565 -0.3731214 0.968995 -0.008441567 -0.2469362 0.8105074 -0.1540861 0.5650978 0.9129371 -0.05024999 -0.4049949 0.7245131 -0.08098083 0.6844874 -0.7293415 -0.0105223 -0.684069 -0.9984911 0.05312889 0.01389276 -0.7043434 0.108241 -0.7015585 0.1297717 0.1151594 -0.9848338 -0.6235449 0.1854761 0.7594672 -0.9911705 0.1188436 0.05880028 -0.9893304 0.1320362 -0.06157827 0.08346843 0.3145294 -0.9455709 -0.7434906 0.1804748 -0.6439337 0.01263874 0.2310662 0.9728559 -0.9954877 0.008940756 0.09446847 -0.9911709 -0.0152378 0.1317121 0.0913676 -0.1142278 -0.9892442 0.07970267 -0.1198667 -0.9895855 0.8749284 -0.2257117 -0.4284328 0.9426356 -0.1811551 -0.2803944 0.8508087 -0.1710119 0.4968696 0.7830392 -0.213624 0.5841356 -0.01328068 -0.1856124 0.9825333 0.03106445 -0.1096701 0.9934825 0.01017612 -0.1132131 0.9935186 -0.7978149 -0.03136998 0.6020859 -0.7568118 0.006138741 0.653604 -0.7073438 0.34772 0.6154313 0.01943218 0.4640471 0.8855974 -0.7806301 0.3758056 0.4993865 0.002630174 0.4012725 0.9159551 -0.8269915 0.3489192 -0.4408407 -0.08347296 0.3145328 -0.9455693 -0.8681173 0.3273506 -0.373114 0.8544205 -0.4859798 -0.1838186 -0.9712273 0.2312402 0.05696988 -0.9062676 0.2479616 0.3423365 -0.9005289 -0.0892505 -0.4255377 -0.9079387 0.09568375 -0.4080346 -0.768217 -0.05004894 0.6382303 -0.780447 0.1722193 0.6010351 -0.0081501 -0.002044558 0.9999647 0.6117908 0.01217222 0.790926 0.01796954 -0.04597645 0.998781 0.6200712 -0.02542555 0.7841335 0.9954872 0.008941054 0.09447348 0.7206132 -0.02578997 -0.6928576 0.9911713 -0.01524007 0.1317096 0.7645668 -6.23392e-4 -0.6445441 -0.05983924 0.007682621 -0.9981785 -0.09859287 -0.07472777 -0.9923181 -0.08226233 0.1289941 -0.9882274 0.7043389 0.1082344 -0.701564 0.9911727 0.1188231 0.05880379 -0.9129406 -0.05025011 -0.4049868 -0.7245397 -0.08098345 0.6844589 -0.9689955 -0.008444488 -0.2469342 -0.8105069 -0.1540933 0.5650963 0.7568106 0.006136298 0.6536056 0.9984907 0.05313175 0.01390892 -0.09128117 -0.1142882 -0.9892451 0.7876627 -0.008620202 -0.6160464 -0.1046359 7.52978e-5 -0.9945107 0.7214666 -0.01358115 -0.692316 -0.1297534 0.1151852 -0.9848333 0.6235649 0.185458 0.7594552 -0.01263171 0.2310689 0.9728555 -0.9426316 -0.1811619 -0.2804034 -0.9214659 -0.07413327 -0.3813201 -0.07966303 -0.1198644 -0.989589 0.7293313 -0.0105192 -0.6840799 -0.8749153 -0.2256969 -0.4284673 -0.7830267 -0.213548 0.5841802 -0.8507911 -0.1710132 0.4968993 0.01327931 -0.1856127 0.9825332 -0.03104937 -0.1096786 0.9934821 -0.01017129 -0.1132383 0.9935159 0.7233861 -0.1726844 0.6685003 -0.914865 0.3266441 0.2373306 -0.6650637 0.6041641 0.4389486 -0.914862 0.4037667 3.44682e-6 -0.6650699 0.7467811 2.15519e-6 -0.910661 -0.1119323 0.3977032 -0.6577181 -0.2261167 0.7185251 -0.9148633 0.1247693 0.3840023 -0.665067 0.230769 0.7102335 -0.9118468 -0.4103651 -0.0116555 -0.6597505 -0.7514678 -0.005040824 -0.9150829 -0.3230789 0.2413369 -0.6573557 -0.6078823 0.4453794 -0.9148626 -0.1247729 -0.3840031 -0.6650695 -0.23077 -0.7102308 -0.9148647 -0.3266479 -0.2373262 -0.6650726 -0.6041537 -0.4389497 -0.9148635 0.3266524 -0.2373248 -0.6650663 0.6041629 -0.4389466 -0.9148633 0.1247678 -0.3840029 -0.6650689 0.2307692 -0.7102316 -0.3470408 0.758736 0.5512553 -0.3470507 0.9378464 1.51178e-6 -0.3470299 -0.2898134 0.8919522 -0.3470829 0.2898041 0.8919345 -0.3470408 -0.9378501 -7.18515e-7 -0.3470496 -0.7587372 0.5512481 -0.3470856 -0.2898056 -0.891933 -0.3470835 -0.7587253 -0.5512431 -0.34704 0.7587367 -0.5512548 -0.3470523 0.2898134 -0.8919434 0.04995983 0.7673465 0.6392836 0.0444718 0.05586653 0.9974474 0.06021064 -0.6978409 0.7137176 0.06249994 -0.9976385 -0.02848494 0.05618494 -0.6364201 -0.7692938 0.05242705 0.1554023 -0.9864591 0.05395334 0.8009511 -0.5962938 0.0556671 0.9984127 0.008557796 -0.361813 0.5370861 0.7619908 -0.3161892 0.3728903 0.8723402 0.04863721 0.9979516 0.04155743 0.05856436 0.7579331 0.6496983 0.06683081 0.9958614 0.06159329 0.0305643 0.775549 0.6305471 0.07798898 -0.9957435 -0.04911738 0.09953975 -0.9937476 -0.05057412 0.08312588 -0.7473514 -0.6592087 0.07460874 0.04596471 -0.996153 0.08607679 -0.7680382 -0.634593 0.05873417 0.0385456 -0.9975293 0.05228489 0.7983797 -0.5998803 0.06456851 0.8149305 -0.5759506 0.5588682 -0.8272187 -0.05809956 0.02281087 0.9996215 0.01538228 -0.5022553 0.8647114 0.003719508 -0.5022622 0.8647073 0.00375396 0.08964931 -0.7130177 0.6953911 0.05333048 -0.9977166 -0.04144406 -0.06765902 0.9960352 0.05775994 -0.1505724 0.8674207 0.474246 0.2256948 0.6447327 0.7303299 -0.09843504 0.8540563 -0.5107821 0.05986368 0.9960421 0.06570154 0.08401656 0.7206844 0.6881535 -0.1703943 0.95239 0.2528226 0.7866505 -0.6063079 0.1164977 0.6569181 -0.7491005 0.08548128 0.1388591 0.9902824 0.007683813 0.2915775 -0.9561908 -0.02611017 0.2588798 -0.7594779 -0.5968038 0.14774 -0.9884169 -0.03471213 0.1315316 -0.8085394 -0.5735534 0.3190165 0.9470663 0.03597265 0.286744 0.9577032 0.02413374 0.3394813 -0.9404166 -0.01920968 0.3287006 -0.7631281 -0.5564095 0.9190301 0.327843 -0.2188668 0.6727589 0.602861 -0.4288989 0.9173843 0.3911829 0.07336348 0.6601597 0.7503599 0.03390073 0.9050562 0.3092491 0.291956 0.649955 0.6063439 0.4581545 0.9148638 0.1247671 0.3840019 0.6650692 0.2307674 0.7102319 0.911622 -0.1193047 0.3933343 0.6592963 -0.2271435 0.7167526 0.9129688 -0.3273087 0.2436333 0.6592666 -0.6065884 0.4443175 0.9127423 -0.4085165 -0.003997862 0.661273 -0.7501369 -0.003598928 0.914865 -0.3266499 -0.2373225 0.6650703 -0.6041576 -0.4389477 0.9148635 -0.1247774 -0.3839995 0.6650681 -0.2307677 -0.7102329 0.9148634 0.1247686 -0.3840023 0.6650693 0.2307662 -0.7102323 0.3470865 0.7587242 -0.5512427 0.3470339 0.9378527 -6.9008e-7 0.3470855 0.7587227 0.5512453 0.3470873 0.2898076 0.8919317 0.3470842 -0.2898087 0.8919326 0.3470836 -0.7587261 0.5512419 0.3470349 -0.9378523 -1.81561e-6 0.3470343 -0.7587389 -0.5512553 0.3470329 -0.2898123 -0.8919513 0.3470319 0.2898147 -0.8919509 -0.04445856 0.05587953 0.9974472 -0.0499649 0.7673752 0.6392487 -0.06021267 -0.6978638 0.713695 -0.06248742 -0.9976392 -0.02848321 -0.05619478 -0.6364394 -0.7692769 -0.5511966 -0.2609648 -0.7925148 -0.05241602 0.1553966 -0.9864606 -0.4528998 0.3146349 -0.8341982 -0.05394864 0.8009299 -0.5963229 -0.3280576 0.8082678 -0.4889596 -0.05566322 0.9984129 0.008565485 0.3618314 0.537086 0.7619821 0.3162058 0.3728761 0.8723402 -0.2275424 -0.76488 -0.6026467 -0.06684154 0.9958634 0.0615487 -0.03053444 0.7755745 0.6305174 -0.04861634 0.9979528 0.04155486 -0.05856454 0.7579446 0.6496848 -0.06849086 0.05441582 0.9961666 -0.07433313 -0.7593371 0.6464377 -0.09958016 -0.9937394 -0.05065435 -0.077995 -0.9957404 -0.04917424 -0.08607083 -0.7680248 -0.6346101 -0.05873638 0.0385468 -0.9975292 -0.08310401 -0.7473102 -0.6592581 -0.0745927 0.04596388 -0.9961543 -0.06458592 0.8149215 -0.5759615 -0.05227744 0.7983896 -0.5998676 -0.5588554 -0.827225 -0.05813336 -0.02280515 0.9996213 0.01540303 0.5022736 0.8647007 0.00375235 0.5022748 0.8646999 0.003750562 -0.08964097 -0.7130104 0.6953997 -0.05333256 -0.9977164 -0.04144674 -0.1536473 0.5170624 -0.8420446 -0.0500335 0.6330505 0.772492 -0.05761569 0.7813877 0.6213805 -0.07025969 -0.4819315 0.8733875 -0.08959162 -0.6413842 0.7619709 -0.05755984 0.6053406 -0.7938827 -0.1000977 -0.7745465 -0.6245466 0.06764411 0.9960341 0.05779701 0.1505678 0.8674328 0.4742255 -0.2793688 0.9131047 -0.2969732 -0.1239518 0.5861556 -0.8006607 -0.1388677 0.9902811 0.007695496 -0.1477014 -0.9884223 -0.03472405 -0.2915732 -0.9561921 -0.0261119 0.1589944 -0.6619822 0.7324618 0.1279032 -0.9917867 -2.60305e-6 0.801786 -0.3826846 0.4590117 0.8308402 -0.5565111 -8.41916e-6 -0.7113912 -0.1773816 0.680043 -0.970297 -0.2419167 -3.89358e-6 0.9702958 -0.2419219 4.09905e-6 0.9709365 0.2393373 -2.14204e-7 -0.2567684 -0.06401377 0.9643507 -0.4511545 0.5098517 0.732469 -0.8382614 -0.2087224 0.5037389 -0.8872159 -0.0370754 0.4598625 -0.1590069 -0.6619916 0.7324506 -0.8018116 -0.3826407 0.4590039 -0.1279798 -0.9917768 4.65754e-6 -0.8308712 -0.5564649 1.73971e-6 -0.1590031 -0.6619762 -0.7324653 -0.8018041 -0.3826678 -0.4589943 -0.4511626 0.509859 -0.732459 -0.2567811 -0.06402176 -0.9643468 -0.8872394 -0.03709977 -0.459815 -0.8382632 -0.2087021 -0.5037443 -0.5785611 0.8156392 -1.30758e-6 -0.9946147 0.1036413 1.7274e-5 0.8382706 -0.2087216 0.5037239 0.8017736 -0.3826786 -0.4590384 0.8382624 -0.2086978 -0.5037473 -0.9028091 -0.1081117 0.4162303 0.8872195 -0.03707486 -0.4598556 0.9946178 0.1036124 -1.08383e-5 0.1589901 -0.6619829 -0.7324622 0.2567524 -0.06401103 -0.9643551 0.4511533 0.5098476 -0.7324726 0.578571 0.8156321 7.68341e-7 0.2567569 -0.06401658 0.9643536 0.4511551 0.5098523 0.7324683 0.8872417 -0.03710293 0.4598104 0.902801 -0.1081144 0.4162473 -0.7324649 -0.6619766 0.159004 1.88313e-6 -0.9917811 0.1279462 -0.4590067 -0.3826908 0.801786 8.04849e-6 -0.556522 0.8308329 -0.6800452 -0.1773805 -0.7113893 4.28981e-5 -0.2418745 -0.9703077 -7.52651e-7 -0.2419233 0.9702954 1.08033e-6 0.2393402 0.9709359 -0.9643652 -0.06400805 -0.2567153 -0.7324594 0.5098636 -0.4511568 -0.5037275 -0.2087216 -0.8382685 -0.4598432 -0.03707432 -0.8872259 -0.7324528 -0.6619917 -0.1589967 -0.459003 -0.3826463 -0.8018093 -7.74115e-6 -0.9917797 -0.1279571 9.82825e-6 -0.5564743 -0.8308649 0.7324682 -0.6619758 -0.1589921 0.4590063 -0.3826643 -0.8017988 0.7324568 0.5098666 -0.4511576 0.9643412 -0.06402713 -0.2568004 0.4598288 -0.0371201 -0.8872315 0.5037176 -0.2087113 -0.838277 -4.2282e-7 0.8156423 -0.5785565 -7.92463e-6 0.103634 -0.9946156 -0.5037202 -0.2087221 0.8382727 0.4590013 -0.3826701 0.8017989 0.5037347 -0.2087196 0.8382645 -0.4162307 -0.1081134 -0.9028087 0.4598441 -0.03706526 0.8872258 -4.9849e-6 0.1036676 0.994612 0.7324686 -0.6619758 0.1589907 0.9643639 -0.06401008 0.2567199 0.7324656 0.5098552 0.4511563 -2.7474e-6 0.8156298 0.5785742 -0.9643532 -0.06401544 0.2567588 -0.7324585 0.5098621 0.4511597 -0.4598514 -0.03707271 0.8872217 -0.4162433 -0.1081092 0.9028035 0.8246322 0.2031967 0.5279138 0.7226344 -0.6208248 -0.3039343 0.6764619 0.4003114 0.618183 0.8500623 -0.1799198 -0.494998 -0.3088974 -0.748889 0.5863001 -0.02101844 0.9933893 -0.1128538 0.03907251 0.9909901 0.1281101 0.5723924 0.819539 -0.02688759 0.4582027 0.8676187 -0.1931011 -0.4118405 -0.6124846 0.6747223 0.7336666 -0.5072558 0.4521338 0.05765146 -0.4260727 0.9028502 0.2141599 -0.5428246 0.8120819 0.3351298 0.9376402 0.0922988 0.2932838 -0.1898254 0.9369904 0.3236786 -0.1663872 0.9314224 0.9593383 -0.2211229 0.1754271 0.9765442 0.08396178 -0.1982724 0.9024726 -0.3033759 0.3057882 0.9936389 -0.1037356 0.04382461 -0.3333818 -0.2709524 -0.903018 0.395795 -0.7111495 0.5810446 -0.07248395 -0.7463418 0.6616042 0.1999636 -0.08607375 0.9760154 0.1064067 -0.1162655 0.9875019 0.03347671 -0.1131519 0.9930136 -0.877206 -0.4263095 0.2208394 -0.1329728 -0.79551 0.59117 -0.5806155 0.06778895 -0.811351 -0.5579982 -0.1492298 -0.8163139 -0.6137589 -0.05660301 -0.7874619 -0.658559 0.04525917 -0.7511669 -0.0334801 -0.1131294 0.9930161 -0.1999374 -0.08609557 0.9760187 -0.106422 -0.1162521 0.9875019 0.6103034 -0.09484452 -0.7864695 0.5946705 -0.1556748 -0.7887538 0.5737378 -0.2957453 -0.7637798 0.5938949 0.06992077 -0.8014985 0.6323475 0.06077957 -0.772297 -0.4644495 -0.2539603 -0.8484049 0.05348509 -0.5380747 0.8411986 -0.2613346 -0.3959095 0.8803181 8.05221e-6 -0.1159614 0.9932537 0.1948909 -0.2210376 0.9555941 -0.09241706 0.2332695 -0.9680106 -8.20355e-6 0.2189528 -0.9757354 1.42185e-5 -0.00568217 -0.9999839 -0.1716085 -0.01549476 -0.9850435 -0.03964352 -0.5012905 0.8643705 -0.1516451 0.03485113 -0.9878204 -0.5104932 0.02338039 -0.859564 0.8653481 -0.4438431 0.2327576 0.7623711 -0.1318159 -0.6335732 0.9524194 -0.1613778 0.2585627 0.796354 -0.01536267 -0.6046358 0.6658687 -0.1043856 -0.7387304 0.807794 -0.5695182 0.1520465 0.3549039 -0.1733636 0.9186884 0.2343279 -0.5560395 0.7974401 -8.88407e-4 -0.796552 0.6045695 0.4057379 -0.0850659 0.9100223 0.9772002 0.04391521 0.2077287 0.7661815 0.163437 -0.6214936 0.538816 -0.2732179 -0.7968873 0.4072369 0.8848091 -0.2264311 0.7673459 0.2907613 0.5715228 -0.002291202 0.7491466 0.6624003 0.4032055 0.8898679 0.2134488 -0.6526743 -0.06657993 0.7547076 -0.6057304 0.2550094 0.7536983 -0.425013 -0.2670266 0.864905 -0.6562724 -0.375825 0.6542646 -0.391777 -0.5432358 0.742567 -0.5856962 -0.626301 0.514497 -2.00715e-6 -0.004383027 -0.9999905 0.1842083 -0.006534218 -0.9828655 -0.4047816 0.02667492 0.9140244 -0.3149417 0.328314 0.8905177 0.1719968 -0.01520657 -0.9849802 0.1582944 -0.08498793 -0.9837276 -1.98683e-5 -0.08771204 -0.996146 0.172241 0.02095448 -0.9848319 1.93133e-6 0.009457767 -0.9999554 0.1740569 0.2754162 -0.9454365 1.06813e-5 0.2718572 -0.9623376 -2.39201e-5 0.6368429 -0.7709937 0.08174288 0.6282793 -0.7736818 -0.8949143 0.3221641 -0.3087699 -0.02975004 -0.1339861 -0.9905366 0.7333391 -0.4321947 -0.5248062 0.9547705 -0.262893 0.1389272 0.7787617 -0.3399162 -0.5272449 -0.3523517 0.2975707 0.8872992 0.7523115 -0.2965788 0.5882759 0.6097304 -0.6336442 -0.4761553 0.4253653 -0.8320296 -0.3560773 -0.4542589 0.04025262 -0.8899599 -0.4515554 0.2782927 -0.8477327 -0.1722651 0.02094 -0.9848281 -0.1740518 0.2754192 -0.9454366 -0.4286779 -0.03322082 -0.9028465 -0.3315045 0.6037621 -0.7249663 -0.08173257 0.6282889 -0.7736749 -0.1583722 -0.08496832 -0.9837169 -0.4293915 -0.08609765 -0.8990051 -0.6214427 -0.05963563 -0.7811866 -0.6647537 0.05970442 -0.744673 -0.6517933 0.2791783 -0.705142 -0.5153909 0.5824459 -0.6285929 -0.9524154 -0.1613757 0.2585785 -0.7832265 -0.02109259 -0.6213786 -0.8653527 -0.4438405 0.2327456 -0.7400564 -0.1038048 -0.6644856 -0.8077853 -0.5695293 0.1520503 -0.6706452 -0.09253644 -0.7359838 -0.3548932 -0.1733472 0.9186956 -0.3118266 -0.5249414 0.7919601 -0.2032082 -0.795997 0.5701712 -0.4057487 -0.08506065 0.910018 -0.9772055 0.04392057 0.2077029 -0.7689237 0.1636914 -0.6180304 0.8499044 0.301577 -0.4321039 0.8949165 0.3221673 -0.3087599 -0.9547743 -0.262892 0.1389024 -0.7787402 -0.3399129 -0.5272787 -0.7333444 -0.432201 -0.5247936 0.3523598 0.297581 0.8872926 -0.6097111 -0.6336547 -0.4761663 -0.4253479 -0.8320255 -0.3561081 -0.7523123 -0.2965784 0.588275 -0.3940153 -0.2983112 -0.869346 0.1840105 -0.5689045 0.8015534 -0.7017302 0.6948434 0.157377 -0.6989872 0.6028898 0.3846307 -0.5027716 0.8637655 0.0336166 -0.5125688 0.8000294 0.3118112 -0.2350515 0.9696366 0.06749624 -0.8690263 -0.381034 0.3156048 -0.7768003 -0.5698911 -0.2679652 -0.8230627 -0.09581261 0.5598105 -0.7139187 -0.01547408 -0.7000577 -0.1691695 0.9646309 -0.2021612 0.04179167 0.9407277 -0.3365784 -0.5308564 0.8442068 0.07420706 -0.5868176 0.7924444 -0.1663643 -0.4072234 0.8848131 -0.2264397 -0.2973806 0.9383605 0.1761942 -0.8246386 0.2031692 0.5279144 -0.7226464 -0.6208106 -0.3039348 0 0.9892496 -0.1462373 1.43128e-4 0.9999995 -0.001042425 -0.9782005 -0.1978647 -0.0630356 0.308942 -0.7488979 0.5862652 -0.4582101 0.8676154 -0.1930992 -0.5723962 0.819536 -0.02690136 0.4118524 -0.6124825 0.6747169 -0.214191 -0.5428166 0.812079 -0.0576716 -0.426055 0.9028573 -0.6646122 0.5719908 -0.4807465 -0.7713336 0.2968297 -0.5629712 -0.5626822 0.7994883 -0.2102553 -0.4511858 0.8004594 -0.3945836 -0.9232831 -9.43061e-4 -0.3841192 -0.8620012 0.4029586 -0.3075361 -0.3351296 0.9376412 0.09228873 -0.7332789 -0.00411117 -0.6799157 -0.8882496 0.1234986 -0.4424489 -0.7752796 0.0954709 -0.6243613 -0.9067515 -0.0138778 -0.4214373 -0.2932825 -0.1897642 0.9370032 0.1980003 0.969325 0.145619 -0.5600474 0.8073837 -0.1856839 -0.9765433 0.08395773 -0.1982786 0.3918125 -0.5432086 0.7425682 0.5856991 -0.6263036 0.5144906 0.002312958 0.7491533 0.6623926 -0.4031919 0.8898695 0.2134683 0.6526731 -0.06657558 0.754709 0.6057156 0.2550024 0.7537124 0.4250054 -0.2670544 0.8649002 0.6562613 -0.3758136 0.6542823 -0.1842159 -0.00652045 -0.9828642 0.4048007 0.0266391 0.9140169 0.3149514 0.3283439 0.8905032 -0.04122477 -0.9939641 -0.1016659 -0.1304119 -0.9668856 0.2193738 0 -0.9943913 -0.1057633 2.88468e-5 -0.9800589 0.1987072 0.04547542 0.9949141 0.08987665 -0.02304142 0.8145927 0.5795757 3.72009e-7 0.995608 0.0936194 -2.33296e-6 0.8184601 0.5745634 0.04122477 -0.9939643 -0.101664 0.1304121 -0.9668908 0.2193513 -0.04547542 0.9949141 0.08987689 0.02305907 0.8145779 0.5795958 0.7423096 -0.3545067 -0.568596 0.6289552 -0.6745392 -0.3865391 0.3150392 -0.1066888 0.943063 8.05128e-6 -0.05747228 0.9983471 0.4043492 0.07999372 0.9110999 -6.72088e-5 0.1206541 0.9926947 -2.53785e-7 0.3299829 0.943987 0.4918094 0.2863947 0.822254 0.5735669 0.4535651 0.6821289 5.12879e-6 0.5857759 0.810473 0.5663006 0.3261488 0.7569218 0.2360211 -0.2359504 0.9426672 4.29899e-6 -0.197434 0.9803163 0.2385251 -0.3554588 0.9037449 0.6031091 -0.6499902 -0.4623551 0.7479258 -0.1413457 -0.6485587 1.37975e-6 -0.07427388 0.9972379 0.2026432 -0.1280229 0.9708481 0.1909759 -0.250281 0.9491511 0.2136449 -0.02547496 0.9765792 -4.55821e-6 -0.1155062 0.9933068 -1.05195e-5 0.002287387 0.9999974 -1.36154e-5 -0.2265918 0.9739899 -0.08956897 0.7766377 0.6235474 -0.005074143 0.8366793 0.5476698 0.1916431 0.8621879 0.4689402 0.1610845 0.7924613 0.5882662 6.17467e-7 -0.368308 0.929704 -1.29652e-5 -0.6896163 0.724175 8.75443e-7 0.1701893 0.9854114 0.195216 0.1360478 0.9712784 -0.6107952 -0.5038395 0.6107988 -0.7071053 -6.30037e-6 0.7071084 -0.8638126 -0.5038135 4.86616e-7 -1 -4.38375e-6 3.83896e-7 0.6108145 -0.5038148 0.6107999 0.7071092 -7.11618e-6 0.7071045 -1.65636e-6 -0.5038354 0.8637998 6.43588e-7 -6.81413e-6 1 0.6107898 -0.5038413 -0.6108027 0.7071083 -5.88262e-6 -0.7071053 0.8638124 -0.5038137 -1.53575e-6 1 -6.81694e-6 -3.23487e-6 -0.610819 -0.5038108 -0.6107985 -0.7071052 -3.68368e-6 -0.7071084 -5.49946e-7 -0.503834 -0.8638006 9.03282e-7 -5.21645e-6 -1 -0.3506349 -0.8683911 0.3506451 -0.495897 -0.8683814 1.12131e-6 0.3506244 -0.8683902 -0.3506581 0.4958974 -0.8683812 1.73599e-6 -0.6108018 0.5038307 0.6107994 -0.8638147 0.5038099 -1.01654e-6 0.6108086 0.503808 0.6108112 0.3506512 0.8683806 0.3506552 -6.62636e-7 0.5038355 0.8637998 -6.72755e-6 0.8683877 0.4958859 0.6108029 0.5038298 -0.610799 0.8638162 0.5038072 1.66195e-6 -0.6108114 0.5038082 -0.6108083 -0.3506494 0.8683813 -0.350655 5.36442e-7 0.5038366 -0.863799 5.53521e-6 0.8683877 -0.495886 -0.2026495 -0.1280041 0.9708492 -0.1909879 -0.2502076 0.949168 -0.2136228 -0.02547049 0.9765841 -0.2360041 -0.2359604 0.942669 -0.603125 -0.6499568 -0.4623813 -0.2385039 -0.3554627 0.903749 -0.3137835 -0.502244 0.805786 -1.45606e-5 -0.3378384 0.9412041 -1.80323e-5 -0.5104821 0.8598884 -0.4043447 0.07996457 0.9111043 -0.3150568 -0.1066404 0.9430626 -0.4917941 0.2864206 0.8222541 -0.5735737 0.4535644 0.6821236 -0.5663114 0.3261618 0.7569082 -0.4814688 -0.5360815 0.6934006 -0.3689209 -0.4026305 0.8377268 -0.4466077 -0.4148857 0.7927241 -0.6210541 -0.5610669 0.547262 -0.7479247 -0.1413598 -0.648557 -0.6289426 -0.6745521 -0.3865368 -0.6765616 -0.6300358 -0.3812077 -0.3624044 0.29327 0.8846783 -0.1952062 0.1360618 0.9712785 -0.3811575 0.7338209 0.5623397 -0.1672239 0.8043219 0.5701776 -0.2106342 -0.8242484 -0.5255929 0.07580107 -0.7462657 -0.6613183 -0.3003342 -0.7893772 0.5354279 0.02917051 -0.6481263 0.760974 0.4120458 -0.5354911 -0.7372025 0.4016192 -0.4180739 0.8148105 0.2215385 -0.09266752 0.9707387 0.631944 -0.08291023 0.7705665 -0.8554074 -0.4935318 0.1571776 -0.8061252 -0.4974481 -0.3204803 -0.0840196 0.7206881 0.6881493 -0.07311052 0.5763556 0.813922 -0.1557316 0.6813074 0.7152398 -0.2256919 0.6447495 0.7303158 -0.7866469 -0.606312 0.116501 -0.6569134 -0.7491062 0.08546841 0.07441049 0.482056 -0.8729749 0.0709871 0.6441913 -0.7615633 0.09470307 0.623429 -0.7761235 0.1239641 0.5861622 -0.8006541 0.02683454 0.5657678 -0.8241278 0.1716923 0.9155282 -0.3637718 -0.09298408 0.8061265 -0.584392 -0.02520054 0.9569475 -0.2891652 -0.07429802 0.997221 0.005492806 0.7679808 -0.6370338 0.066284 0.3890793 -0.9168412 0.0895521 0.5048463 -0.8596906 -0.07786124 0.3738234 -0.9235936 -0.08503472 1.01302e-4 -0.9790055 0.2038344 0.2107294 -0.4989241 0.8406355 -0.5305295 0.0665853 0.8450473 -0.2814683 0.5932539 0.7542052 -0.5860045 0.4237377 0.6906845 -0.8561893 0.3156711 0.4090132 -0.956121 0.291535 0.02898639 -0.9105165 0.2697458 -0.3133638 -0.7327229 0.2286193 -0.6409761 -0.4652875 0.2050535 -0.8610811 -0.2353798 0.3532534 -0.9054327 -0.7290647 0.4207587 0.5398397 -0.9344838 0.3536077 0.04125046 0.2679494 -0.443317 -0.8553789 0.7481086 -0.405223 -0.5254787 0.9604583 -0.2448225 -0.1325962 0.9271931 -0.3740463 -0.02005827 0.9324133 -0.2184954 0.2878633 0.7815798 -0.3781498 0.4961208 0.40271 -0.330429 0.853605 2.0469e-6 -0.2873369 0.9578297 -0.4027096 -0.3304406 0.8536006 -0.005090713 0.8366832 0.5476636 0.677716 -0.4328391 -0.5944337 0.9344865 -0.3558756 -0.009368836 0.2850763 -0.3828824 -0.8787108 1.10101e-5 -0.330977 -0.9436388 -0.2850652 -0.3829048 -0.8787046 -0.6777236 -0.4328058 -0.5944493 -0.9344863 -0.3558761 -0.009361028 -0.8108927 -0.2059535 0.5477558 -0.4643613 -0.03477615 0.8849628 4.40376e-6 0.0459237 0.998945 0.4643709 -0.03479582 0.8849571 0.8108928 -0.2059265 0.5477655 -3.70853e-6 0.7603297 -0.6495375 3.00544e-7 -0.07601499 -0.9971067 7.19354e-6 0.5245758 0.8513637 1.47847e-6 0.447163 0.8944525 -6.91041e-7 0.8464444 0.5324772 1.19349e-6 -0.2390002 0.9710195 0.7073605 0.3477134 0.6154158 0.595906 0.5142487 0.6168017 0.02898943 -0.2350024 0.9715624 -0.7074393 -0.2247771 0.6700782 0.7885259 -0.2034004 0.5803922 0.9712858 -0.1321469 0.1978414 0.9214656 -0.07413303 -0.381321 0.1046348 7.56972e-5 -0.9945108 -0.7214671 -0.01358032 -0.6923155 -0.02899187 -0.2349995 0.9715631 0.7074386 -0.2247765 0.6700792 -0.7885264 -0.2034 0.5803918 -0.9712868 -0.1321051 0.1978644 -0.9999925 0.003619492 -0.001401543 0.05745267 0.1442865 -0.9878667 0.06621146 0.8017853 -0.593933 0.07984197 0.9968071 -9.89647e-4 0.05800133 0.770148 0.6352229 0.04405397 0.01751136 0.9988757 0.08479934 -0.735872 0.6717898 0.09176141 -0.995661 -0.01546293 0.06996476 -0.6733198 -0.7360337 0.1061826 0.9943395 0.003782093 0.1171787 -0.9930958 -0.005465507 0.1550986 0.9695552 -0.189492 0.999853 -0.006503403 0.01587182 -0.06620347 0.8018001 -0.5939139 -0.05745971 0.1442765 -0.9878678 -0.07984989 0.9968065 -9.75536e-4 -0.05799812 0.770141 0.6352316 -0.0440098 0.01749885 0.9988778 -0.08481854 -0.7358844 0.6717738 -0.09177327 -0.9956601 -0.01545029 -0.06998437 -0.6733587 -0.7359962 -0.1061904 0.9943385 0.003828406 -0.1171861 -0.9930949 -0.005468428 -0.2107089 -0.498906 0.8406512 -0.1740199 0.3145225 0.9331627 -0.2248346 0.7618758 0.6074494 -0.286781 0.9576923 0.02413165 -0.2800024 0.7640755 -0.5811949 -0.2329797 0.4449648 -0.8647119 -0.3394938 -0.9404122 -0.01921325 -0.30757 -0.7495635 0.586136 -0.2202578 -0.421402 0.8797197 -0.1626898 -0.08104693 0.983343 -0.1638196 0.4007694 0.9014139 -0.2807422 0.7584336 0.5881856 -0.3190076 0.9470691 0.03597807 -0.3358004 0.7759491 -0.5339861 0.7683203 0.5572554 -0.3148816 0.8631066 0.3350341 -0.377888 0.5626898 0.7994821 -0.2102589 0.3290398 0.9378811 -0.1100549 -0.01229578 0.9983469 -0.0561459 -0.2342682 0.9721567 0.005471706 0.9615732 0.1987915 0.1893648 0.8620136 0.4029404 -0.3075251 0.9877324 -0.1535418 0.02845335 0.9232886 -0.001217246 -0.3841053 0.9782019 -0.1978526 -0.0630508 0.9067542 -0.01387536 -0.4214314 0.9824368 -2.72976e-4 -0.1865955 0.8882394 0.1235163 -0.4424642 -0.2305839 0.9630177 -0.1393854 0.1150857 0.9582303 -0.2618203 0.4511846 0.8004691 -0.3945652 0.6645596 0.5720903 -0.4807008 0.7713215 0.2968114 -0.5629975 0.7752798 0.09547704 -0.62436 0.7332827 -0.004089593 -0.6799117 0.6922219 0.06177133 -0.7190362 0.3033378 0.8026865 -0.5134984 0.5153696 0.5824622 -0.6285952 0.6517834 0.2791151 -0.7051761 0.6647782 0.05968958 -0.7446525 0.6214432 -0.05963677 -0.7811862 0.09239959 0.233277 -0.9680105 0.6989577 0.6028749 0.3847076 0.7815009 0.4534283 0.4285548 0.8208013 0.3793151 0.4270894 0.8266321 0.3514231 0.4395239 0.8320283 0.328572 0.446956 0.225372 0.9714326 -0.07433861 0.5027747 0.8637636 0.03361868 0.7017594 0.6948146 0.1573735 0.7686843 0.5719347 0.2863829 -0.3232539 -0.7255344 0.6075417 -4.74509e-6 -0.7247245 0.6890389 3.80365e-7 -0.5402735 0.8414895 8.81231e-7 -0.2516233 0.9678253 -1.61613e-7 0.05958962 0.998223 -2.6112e-7 0.3831975 0.9236665 -2.90716e-6 0.7650837 0.6439308 -4.75387e-6 0.9718756 0.2354953 0.1421748 0.6504795 -0.7460984 0.4451749 0.2917522 -0.8465814 0.4286795 -0.03321593 -0.9028459 0.4293898 -0.08609867 -0.8990058 0.4542592 0.04025352 -0.8899597 0.4515572 0.27829 -0.8477327 0.3315163 0.6037664 -0.7249573 -0.3940129 -0.2983091 -0.8693478 -0.5378559 -0.6424203 0.5459005 -0.7336535 -0.5072675 0.4521418 -0.9024699 -0.3033921 0.3057801 -0.4954377 -0.6750035 0.5467284 -0.993638 -0.1037546 0.04379987 -0.9593383 -0.2211194 0.1754315 -0.9824371 -2.63741e-4 -0.1865942 0.4814887 -0.5360494 0.6934117 0.3138083 -0.5022553 0.8057693 -0.6828411 -0.7157898 0.1461951 -0.5444698 -0.8080592 -0.2249289 -0.7475317 -0.6182156 -0.2429112 0.4359518 -0.01372742 0.8998654 -0.4359422 -0.01371842 0.8998702 0.3761579 0.1203404 0.9187075 0.6377941 0.2043899 0.7425923 0.6799058 0.2742704 0.6800764 2.59327e-6 0.3218162 0.9468023 -0.6799192 0.2742409 0.6800749 -0.637798 0.204424 0.7425796 -0.3761866 0.1203414 0.9186957 -0.7423166 -0.3545283 -0.5685736 0.7936997 0.6078851 0.02272981 0.2944243 0.9552172 -0.02957266 0.5610545 0.6630966 -0.4955005 -6.31809e-6 0.7144306 -0.6997064 -0.5610624 0.6630937 -0.4954954 -0.36025 0.9296367 0.07743215 -0.8224026 0.5663759 0.05359554 -0.6923857 0.2899606 0.6607003 -0.08473229 0.2371294 0.967776 0.6044379 0.4797992 0.635962 0.3490405 0.8962661 0.2736387 0.3490097 0.8962835 0.2736208 0.6758751 -0.07663297 -0.7330213 0.9942577 -0.0819872 -0.06877356 0.7972724 -0.04280918 0.6020998 -1.67949e-5 -0.03715211 0.9993097 -0.7972693 -0.04282379 0.6021029 -0.9942596 -0.08196491 -0.06877279 0.4016791 -0.08281141 -0.9120286 -0.4824737 -0.1070247 -0.8693475</float_array>
          <technique_common>
            <accessor source="#peach-mesh-normals-array" count="3046" stride="3">
              <param name="X" type="float"/>
              <param name="Y" type="float"/>
              <param name="Z" type="float"/>
            </accessor>
          </technique_common>
        </source>
        <source id="peach-mesh-map-0">
          <float_array id="peach-mesh-map-0-array" count="31368">0.508718 0.703899 0.508683 0.703791 0.508691 0.703776 0.508264 0.703072 0.508266 0.7030079 0.508268 0.703043 0.508407 0.7035099 0.508373 0.703409 0.508384 0.7034299 0.508345 0.703284 0.508317 0.70319 0.508326 0.703227 0.508613 0.703872 0.508583 0.7037569 0.508592 0.703755 0.508554 0.703718 0.508528 0.703612 0.508535 0.703622 0.510484 0.703776 0.510492 0.703791 0.510456 0.703899 0.506188 0.703043 0.50619 0.7030079 0.506192 0.703072 0.506072 0.7034299 0.506083 0.703409 0.50605 0.7035099 0.50613 0.703227 0.506139 0.70319 0.506111 0.703284 0.510583 0.703755 0.510592 0.7037569 0.510562 0.703872 0.51064 0.703622 0.510647 0.703612 0.510621 0.703718 0.5136718 0.6997135 0.5086 0.703688 0.508691 0.703776 0.5086 0.703688 0.508611 0.703665 0.508691 0.703776 0.5086 0.703688 0.508459 0.703616 0.508611 0.703665 0.508459 0.703616 0.508469 0.703616 0.508611 0.703665 0.508266 0.7030079 0.508247 0.702965 0.508268 0.703043 0.508247 0.702965 0.508251 0.70302 0.508268 0.703043 0.508247 0.702965 0.508224 0.7029229 0.508251 0.70302 0.508224 0.7029229 0.508229 0.702995 0.508251 0.70302 0.508373 0.703409 0.508334 0.70335 0.508384 0.7034299 0.508334 0.70335 0.508344 0.70338 0.508384 0.7034299 0.508334 0.70335 0.508255 0.703329 0.508344 0.70338 0.508255 0.703329 0.508273 0.703355 0.508344 0.70338 0.508317 0.70319 0.508277 0.703151 0.508326 0.703227 0.508277 0.703151 0.508291 0.703202 0.508326 0.703227 0.508277 0.703151 0.508189 0.703132 0.508291 0.703202 0.508189 0.703132 0.508205 0.703194 0.508291 0.703202 0.508583 0.7037569 0.508509 0.70365 0.508592 0.703755 0.508509 0.70365 0.508521 0.703648 0.508592 0.703755 0.508509 0.70365 0.508378 0.703589 0.508521 0.703648 0.508378 0.703589 0.508389 0.703598 0.508521 0.703648 0.508528 0.703612 0.508491 0.703544 0.508535 0.703622 0.508491 0.703544 0.508501 0.703566 0.508535 0.703622 0.508491 0.703544 0.508381 0.703498 0.508501 0.703566 0.508381 0.703498 0.50839 0.703504 0.508501 0.703566 0.510484 0.703776 0.510563 0.703665 0.510492 0.703791 0.510563 0.703665 0.510575 0.703688 0.510492 0.703791 0.510563 0.703665 0.510706 0.703616 0.510575 0.703688 0.510706 0.703616 0.510716 0.703616 0.510575 0.703688 0.506188 0.703043 0.506205 0.70302 0.50619 0.7030079 0.506205 0.70302 0.506209 0.702965 0.50619 0.7030079 0.506205 0.70302 0.506227 0.702995 0.506209 0.702965 0.506227 0.702995 0.506233 0.7029229 0.506209 0.702965 0.506072 0.7034299 0.506112 0.70338 0.506083 0.703409 0.506112 0.70338 0.506122 0.70335 0.506083 0.703409 0.506112 0.70338 0.506183 0.703355 0.506122 0.70335 0.506183 0.703355 0.506201 0.703329 0.506122 0.70335 0.50613 0.703227 0.506165 0.703202 0.506139 0.70319 0.506165 0.703202 0.506179 0.703151 0.506139 0.70319 0.506165 0.703202 0.506251 0.703194 0.506179 0.703151 0.506251 0.703194 0.506267 0.703132 0.506179 0.703151 0.510583 0.703755 0.510653 0.703648 0.510592 0.7037569 0.510653 0.703648 0.510665 0.70365 0.510592 0.7037569 0.510653 0.703648 0.510786 0.703598 0.510665 0.70365 0.510786 0.703598 0.510797 0.703589 0.510665 0.70365 0.51064 0.703622 0.510673 0.703566 0.510647 0.703612 0.510673 0.703566 0.510683 0.703544 0.510647 0.703612 0.510673 0.703566 0.510785 0.703504 0.510683 0.703544 0.510785 0.703504 0.510793 0.703498 0.510683 0.703544 0.2148621 0.1670086 0.06644499 0.1447719 0.214711 0.1656069 0.658123 0.7082549 0.662414 0.611033 0.693749 0.566373 0.461517 0.005261957 0.446304 0.1645539 0.276323 0.01660996 0.276323 0.01660996 0.446304 0.1645539 0.172832 0.09366798 0.874693 0.3004 0.748835 0.293276 0.721948 0.01340299 0.721948 0.01340299 0.639855 0.2253659 0.461517 0.005261957 0.461517 0.005261957 0.639855 0.2253659 0.446304 0.1645539 0.534958 0.2118269 0.446304 0.1645539 0.639855 0.2253659 0.751689 0.568736 0.716215 0.506039 0.732882 0.43409 0.070486 0.25643 0.214711 0.1656069 0.07946199 0.413355 0.534958 0.2118269 0.444165 0.1892309 0.446304 0.1645539 0.55541 0.673172 0.506772 0.7777749 0.483347 0.679336 0.26634 0.523609 0.263798 0.639151 0.2173489 0.401499 0.172832 0.09366798 0.446304 0.1645539 0.214711 0.1656069 0.06644499 0.1447719 0.172832 0.09366798 0.214711 0.1656069 0.639855 0.2253659 0.642738 0.2441219 0.534958 0.2118269 0.734428 0.309738 0.735212 0.284787 0.748835 0.293276 0.2173489 0.401499 0.236674 0.403962 0.26634 0.523609 0.26634 0.523609 0.303719 0.586306 0.263798 0.639151 0.301623 0.1920869 0.258953 0.2211629 0.214711 0.1656069 0.446304 0.1645539 0.444165 0.1892309 0.391246 0.1841319 0.662414 0.611033 0.658123 0.7082549 0.608375 0.654255 0.716215 0.506039 0.751689 0.568736 0.693749 0.566373 0.751689 0.568736 0.658123 0.7082549 0.693749 0.566373 0.732882 0.43409 0.749549 0.362141 0.751689 0.568736 0.214711 0.1656069 0.06644499 0.1447719 0.070486 0.25643 0.693749 0.566373 0.662414 0.611033 0.658123 0.7082549 0.276323 0.01660996 0.446304 0.1645539 0.461517 0.005261957 0.172832 0.09366798 0.446304 0.1645539 0.276323 0.01660996 0.721948 0.01340299 0.748835 0.293276 0.874693 0.3004 0.461517 0.005261957 0.639855 0.2253659 0.721948 0.01340299 0.446304 0.1645539 0.639855 0.2253659 0.461517 0.005261957 0.639855 0.2253659 0.446304 0.1645539 0.534958 0.2118269 0.732882 0.43409 0.716215 0.506039 0.751689 0.568736 0.07946199 0.413355 0.214711 0.1656069 0.070486 0.25643 0.446304 0.1645539 0.444165 0.1892309 0.534958 0.2118269 0.483347 0.679336 0.506772 0.7777749 0.55541 0.673172 0.2173489 0.401499 0.263798 0.639151 0.26634 0.523609 0.214711 0.1656069 0.446304 0.1645539 0.172832 0.09366798 0.214711 0.1656069 0.172832 0.09366798 0.06644499 0.1447719 0.2241449 0.277844 0.258953 0.2211629 0.214711 0.1656069 0.534958 0.2118269 0.642738 0.2441219 0.639855 0.2253659 0.748835 0.293276 0.735212 0.284787 0.734428 0.309738 0.26634 0.523609 0.236674 0.403962 0.2173489 0.401499 0.214711 0.1656069 0.216112 0.290925 0.2241449 0.277844 0.263798 0.639151 0.303719 0.586306 0.26634 0.523609 0.214711 0.1656069 0.258953 0.2211629 0.301623 0.1920869 0.391246 0.1841319 0.444165 0.1892309 0.446304 0.1645539 0.608375 0.654255 0.658123 0.7082549 0.662414 0.611033 0.693749 0.566373 0.751689 0.568736 0.716215 0.506039 0.693749 0.566373 0.658123 0.7082549 0.751689 0.568736 0.751689 0.568736 0.749549 0.362141 0.732882 0.43409 0.522926 0.7004579 0.522882 0.7003499 0.52289 0.70033 0.522469 0.699681 0.522464 0.6996139 0.522469 0.699648 0.522616 0.7001079 0.522574 0.700007 0.522587 0.7000229 0.522553 0.699888 0.522516 0.699792 0.522527 0.6998249 0.522824 0.700453 0.522786 0.700334 0.522795 0.700327 0.522762 0.700309 0.522727 0.700201 0.522734 0.700206 0.524853 0.70033 0.524861 0.7003499 0.524817 0.7004579 0.520238 0.699648 0.520243 0.6996139 0.520239 0.699681 0.525156 0.7000229 0.525169 0.700007 0.525127 0.7001079 0.52018 0.6998249 0.520191 0.699792 0.520155 0.699888 0.524948 0.700327 0.524957 0.700334 0.524919 0.700453 0.525009 0.700206 0.525016 0.700201 0.524981 0.700309 0.483347 0.679336 0.506772 0.7777749 0.382625 0.6505799 0.506772 0.7777749 0.369006 0.7248499 0.382625 0.6505799 0.748835 0.293276 0.735212 0.284787 0.721948 0.01340299 0.735212 0.284787 0.639855 0.2253659 0.721948 0.01340299 0.236674 0.403962 0.2173489 0.401499 0.2241449 0.277844 0.2173489 0.401499 0.216112 0.290925 0.2241449 0.277844 0.382625 0.6505799 0.369006 0.7248499 0.303719 0.586306 0.369006 0.7248499 0.263798 0.639151 0.303719 0.586306 0.608375 0.654255 0.658123 0.7082549 0.55541 0.673172 0.658123 0.7082549 0.506772 0.7777749 0.55541 0.673172 0.446304 0.1645539 0.391246 0.1841319 0.214711 0.1656069 0.391246 0.1841319 0.301623 0.1920869 0.214711 0.1656069 0.748835 0.293276 0.749549 0.362141 0.734428 0.309738 0.749549 0.362141 0.732882 0.43409 0.734428 0.309738 0.642738 0.2441219 0.639855 0.2253659 0.734428 0.309738 0.639855 0.2253659 0.735212 0.284787 0.734428 0.309738 0.382625 0.6505799 0.369006 0.7248499 0.483347 0.679336 0.369006 0.7248499 0.506772 0.7777749 0.483347 0.679336 0.721948 0.01340299 0.639855 0.2253659 0.748835 0.293276 0.639855 0.2253659 0.735212 0.284787 0.748835 0.293276 0.2241449 0.277844 0.216112 0.290925 0.236674 0.403962 0.216112 0.290925 0.2173489 0.401499 0.236674 0.403962 0.303719 0.586306 0.263798 0.639151 0.382625 0.6505799 0.263798 0.639151 0.369006 0.7248499 0.382625 0.6505799 0.55541 0.673172 0.506772 0.7777749 0.608375 0.654255 0.506772 0.7777749 0.658123 0.7082549 0.608375 0.654255 0.214711 0.1656069 0.301623 0.1920869 0.446304 0.1645539 0.301623 0.1920869 0.391246 0.1841319 0.446304 0.1645539 0.734428 0.309738 0.735212 0.284787 0.642738 0.2441219 0.735212 0.284787 0.639855 0.2253659 0.642738 0.2441219 0.522882 0.7003499 0.522794 0.700263 0.52289 0.70033 0.522794 0.700263 0.522803 0.700233 0.52289 0.70033 0.522794 0.700263 0.522652 0.700228 0.522803 0.700233 0.522652 0.700228 0.522662 0.700222 0.522803 0.700233 0.522464 0.6996139 0.522443 0.699575 0.522469 0.699648 0.522443 0.699575 0.522451 0.699626 0.522469 0.699648 0.522443 0.699575 0.522418 0.699536 0.522451 0.699626 0.522418 0.699536 0.522428 0.699604 0.522451 0.699626 0.522574 0.700007 0.522531 0.699952 0.522587 0.7000229 0.522531 0.699952 0.522543 0.699979 0.522587 0.7000229 0.522531 0.699952 0.522451 0.699952 0.522543 0.699979 0.522451 0.699952 0.522471 0.699972 0.522543 0.699979 0.522516 0.699792 0.522473 0.699757 0.522527 0.6998249 0.522473 0.699757 0.522489 0.699802 0.522527 0.6998249 0.522473 0.699757 0.522384 0.699755 0.522489 0.699802 0.522384 0.699755 0.522405 0.699815 0.522489 0.699802 0.522786 0.700334 0.522704 0.700236 0.522795 0.700327 0.522704 0.700236 0.522716 0.700227 0.522795 0.700327 0.522704 0.700236 0.522569 0.700207 0.522716 0.700227 0.522569 0.700207 0.522581 0.70021 0.522716 0.700227 0.522727 0.700201 0.522685 0.700138 0.522734 0.700206 0.522685 0.700138 0.522695 0.700152 0.522734 0.700206 0.522685 0.700138 0.522573 0.700119 0.522695 0.700152 0.522573 0.700119 0.522579 0.700116 0.522695 0.700152 0.524853 0.70033 0.524939 0.700233 0.524861 0.7003499 0.524939 0.700233 0.524949 0.700263 0.524861 0.7003499 0.524939 0.700233 0.525081 0.700222 0.524949 0.700263 0.525081 0.700222 0.525091 0.700228 0.524949 0.700263 0.520238 0.699648 0.520256 0.699626 0.520243 0.6996139 0.520256 0.699626 0.520264 0.699575 0.520243 0.6996139 0.520256 0.699626 0.520279 0.699604 0.520264 0.699575 0.520279 0.699604 0.520289 0.699536 0.520264 0.699575 0.520121 0.7000229 0.520165 0.699979 0.520133 0.700007 0.520165 0.699979 0.520176 0.699952 0.520133 0.700007 0.520165 0.699979 0.520237 0.699972 0.520176 0.699952 0.520237 0.699972 0.520257 0.699952 0.520176 0.699952 0.52018 0.6998249 0.520218 0.699802 0.520191 0.699792 0.520218 0.699802 0.520234 0.699757 0.520191 0.699792 0.520218 0.699802 0.520303 0.699815 0.520234 0.699757 0.520303 0.699815 0.520323 0.699755 0.520234 0.699757 0.524948 0.700327 0.525026 0.700227 0.524957 0.700334 0.525026 0.700227 0.525038 0.700236 0.524957 0.700334 0.525026 0.700227 0.525162 0.70021 0.525038 0.700236 0.525162 0.70021 0.525174 0.700207 0.525038 0.700236 0.525009 0.700206 0.525047 0.700152 0.525016 0.700201 0.525047 0.700152 0.525058 0.700138 0.525016 0.700201 0.525047 0.700152 0.525164 0.700116 0.525058 0.700138 0.525164 0.700116 0.52517 0.700119 0.525058 0.700138 0.874693 0.3004 0.749549 0.362141 0.748835 0.293276 0.874693 0.3004 0.751689 0.568736 0.749549 0.362141 0.787061 0.7028639 0.751689 0.568736 0.874693 0.3004 0.787061 0.7028639 0.658123 0.7082549 0.751689 0.568736 0.632016 0.8787199 0.658123 0.7082549 0.787061 0.7028639 0.632016 0.8787199 0.506772 0.7777749 0.658123 0.7082549 0.356346 0.87701 0.506772 0.7777749 0.632016 0.8787199 0.356346 0.87701 0.369006 0.7248499 0.506772 0.7777749 0.1676399 0.8212559 0.369006 0.7248499 0.356346 0.87701 0.1676399 0.8212559 0.263798 0.639151 0.369006 0.7248499 0.113173 0.62756 0.263798 0.639151 0.1676399 0.8212559 0.113173 0.62756 0.2173489 0.401499 0.263798 0.639151 0.07946199 0.413355 0.2173489 0.401499 0.113173 0.62756 0.07946199 0.413355 0.216112 0.290925 0.2173489 0.401499 0.214711 0.1656069 0.216112 0.290925 0.07946199 0.413355 0.214711 0.1656069 0.2241449 0.277844 0.216112 0.290925 0.258953 0.2211629 0.2241449 0.277844 0.214711 0.1656069 0.07946199 0.413355 0.216112 0.290925 0.214711 0.1656069 0.07946199 0.413355 0.2173489 0.401499 0.216112 0.290925 0.113173 0.62756 0.2173489 0.401499 0.07946199 0.413355 0.113173 0.62756 0.263798 0.639151 0.2173489 0.401499 0.1676399 0.8212559 0.263798 0.639151 0.113173 0.62756 0.1676399 0.8212559 0.369006 0.7248499 0.263798 0.639151 0.356346 0.87701 0.369006 0.7248499 0.1676399 0.8212559 0.356346 0.87701 0.506772 0.7777749 0.369006 0.7248499 0.632016 0.8787199 0.506772 0.7777749 0.356346 0.87701 0.632016 0.8787199 0.658123 0.7082549 0.506772 0.7777749 0.787061 0.7028639 0.658123 0.7082549 0.632016 0.8787199 0.787061 0.7028639 0.751689 0.568736 0.658123 0.7082549 0.874693 0.3004 0.751689 0.568736 0.787061 0.7028639 0.874693 0.3004 0.749549 0.362141 0.751689 0.568736 0.748835 0.293276 0.749549 0.362141 0.874693 0.3004 0.748835 0.293276 0.732882 0.43409 0.749549 0.362141 0.734428 0.309738 0.732882 0.43409 0.748835 0.293276 0.423483 0.42777 0.506772 0.7777749 0.369006 0.7248499 0.670605 0.425428 0.751689 0.568736 0.658123 0.7082549 0.446304 0.1645539 0.639855 0.2253659 0.670605 0.425428 0.639855 0.2253659 0.748835 0.293276 0.670605 0.425428 0.670605 0.425428 0.748835 0.293276 0.751689 0.568736 0.214711 0.1656069 0.423483 0.42777 0.2173489 0.401499 0.2173489 0.401499 0.423483 0.42777 0.263798 0.639151 0.423483 0.42777 0.369006 0.7248499 0.263798 0.639151 0.670605 0.425428 0.658123 0.7082549 0.506772 0.7777749 0.423483 0.42777 0.670605 0.425428 0.506772 0.7777749 0.446304 0.1645539 0.670605 0.425428 0.423483 0.42777 0.214711 0.1656069 0.446304 0.1645539 0.423483 0.42777 0.172832 0.09366798 0.446304 0.1645539 0.214711 0.1656069 0.06644499 0.1447719 0.172832 0.09366798 0.214711 0.1656069 0.369006 0.7248499 0.506772 0.7777749 0.423483 0.42777 0.658123 0.7082549 0.751689 0.568736 0.670605 0.425428 0.670605 0.425428 0.639855 0.2253659 0.446304 0.1645539 0.670605 0.425428 0.748835 0.293276 0.639855 0.2253659 0.751689 0.568736 0.748835 0.293276 0.670605 0.425428 0.2173489 0.401499 0.423483 0.42777 0.214711 0.1656069 0.263798 0.639151 0.423483 0.42777 0.2173489 0.401499 0.263798 0.639151 0.369006 0.7248499 0.423483 0.42777 0.506772 0.7777749 0.658123 0.7082549 0.670605 0.425428 0.506772 0.7777749 0.670605 0.425428 0.423483 0.42777 0.423483 0.42777 0.670605 0.425428 0.446304 0.1645539 0.423483 0.42777 0.446304 0.1645539 0.214711 0.1656069 0.214711 0.1656069 0.446304 0.1645539 0.172832 0.09366798 0.214711 0.1656069 0.172832 0.09366798 0.06644499 0.1447719 1.562411 0.2371939 1.562554 0.2372039 1.562557 0.2371819 1.563072 0.2373829 1.563158 0.2373749 1.563121 0.2373629 1.562826 0.2373219 1.562977 0.2373239 1.562943 0.2373039 1.562918 0.23736 1.563081 0.2373529 1.563043 0.2373349 1.562521 0.2372499 1.562675 0.2372399 1.562663 0.2372189 1.562651 0.2372719 1.562813 0.2372749 1.562807 0.2372509 1.557921 0.2371819 1.557925 0.2372039 1.558068 0.2371939 1.567972 0.2373629 1.567935 0.2373749 1.568022 0.2373829 1.557535 0.2373039 1.557502 0.2373239 1.557653 0.2373219 1.568051 0.2373349 1.568012 0.2373529 1.568176 0.23736 1.557816 0.2372189 1.557804 0.2372399 1.557958 0.2372499 1.557672 0.2372509 1.557666 0.2372749 1.557828 0.2372719 1.562554 0.2372039 1.562739 0.2372659 1.562557 0.2371819 1.562739 0.2372659 1.562748 0.2372349 1.562557 0.2371819 1.562739 0.2372659 1.56295 0.2374029 1.562748 0.2372349 1.56295 0.2374029 1.562944 0.2373759 1.562748 0.2372349 1.563158 0.2373749 1.563214 0.2373909 1.563121 0.2373629 1.563214 0.2373909 1.563156 0.2373739 1.563121 0.2373629 1.563214 0.2373909 1.563272 0.2374089 1.563156 0.2373739 1.563272 0.2374089 1.563196 0.2373859 1.563156 0.2373739 1.562977 0.2373239 1.56309 0.2373479 1.562943 0.2373039 1.56309 0.2373479 1.563048 0.2373299 1.562943 0.2373039 1.56309 0.2373479 1.563211 0.2374479 1.563048 0.2373299 1.563211 0.2374479 1.563163 0.2374149 1.563048 0.2373299 1.563081 0.2373529 1.563181 0.2373739 1.563043 0.2373349 1.563181 0.2373739 1.563128 0.2373469 1.563043 0.2373349 1.563181 0.2373739 1.563306 0.2374579 1.563128 0.2373469 1.563306 0.2374579 1.563211 0.2374479 1.563128 0.2373469 1.562675 0.2372399 1.562876 0.2372839 1.562663 0.2372189 1.562876 0.2372839 1.562861 0.2372539 1.562663 0.2372189 1.562876 0.2372839 1.563104 0.2374159 1.562861 0.2372539 1.563104 0.2374159 1.563082 0.2373879 1.562861 0.2372539 1.562813 0.2372749 1.562937 0.2372999 1.562807 0.2372509 1.562937 0.2372999 1.562922 0.2372679 1.562807 0.2372509 1.562937 0.2372999 1.56312 0.2374259 1.562922 0.2372679 1.56312 0.2374259 1.563134 0.2373809 1.562922 0.2372679 1.557921 0.2371819 1.557731 0.2372349 1.557925 0.2372039 1.557731 0.2372349 1.557739 0.2372659 1.557925 0.2372039 1.557731 0.2372349 1.557534 0.2373759 1.557739 0.2372659 1.557534 0.2373759 1.557529 0.2374029 1.557739 0.2372659 1.567972 0.2373629 1.567937 0.2373739 1.567935 0.2373749 1.567937 0.2373739 1.56788 0.2373909 1.567935 0.2373749 1.567937 0.2373739 1.567897 0.2373859 1.56788 0.2373909 1.567897 0.2373859 1.567821 0.2374089 1.56788 0.2373909 1.56815 0.2373039 1.568045 0.2373299 1.568117 0.2373239 1.568045 0.2373299 1.568003 0.2373479 1.568117 0.2373239 1.568045 0.2373299 1.567931 0.2374149 1.568003 0.2373479 1.567931 0.2374149 1.567883 0.2374479 1.568003 0.2373479 1.568051 0.2373349 1.567965 0.2373469 1.568012 0.2373529 1.567965 0.2373469 1.567912 0.2373739 1.568012 0.2373529 1.567965 0.2373469 1.567883 0.2374479 1.567912 0.2373739 1.567883 0.2374479 1.567788 0.2374579 1.567912 0.2373739 1.557816 0.2372189 1.557618 0.2372539 1.557804 0.2372399 1.557618 0.2372539 1.557603 0.2372839 1.557804 0.2372399 1.557618 0.2372539 1.557396 0.2373879 1.557603 0.2372839 1.557396 0.2373879 1.557374 0.2374159 1.557603 0.2372839 1.557672 0.2372509 1.557557 0.2372679 1.557666 0.2372749 1.557557 0.2372679 1.557542 0.2372999 1.557666 0.2372749 1.568172 0.2372679 1.56796 0.2373809 1.568156 0.2372999 1.56796 0.2373809 1.567974 0.2374259 1.568156 0.2372999 0.214711 0.1656069 0.08105468 0.4126041 0.06644499 0.1447719 0.214711 0.1656069 0.07946199 0.413355 0.08105468 0.4126041 0.2173489 0.401499 0.07946199 0.413355 0.214711 0.1656069 0.2173489 0.401499 0.113173 0.62756 0.07946199 0.413355 0.263798 0.639151 0.113173 0.62756 0.2173489 0.401499 0.263798 0.639151 0.1676399 0.8212559 0.113173 0.62756 0.369006 0.7248499 0.1676399 0.8212559 0.263798 0.639151 0.369006 0.7248499 0.356346 0.87701 0.1676399 0.8212559 0.506772 0.7777749 0.356346 0.87701 0.369006 0.7248499 0.506772 0.7777749 0.632016 0.8787199 0.356346 0.87701 0.658123 0.7082549 0.632016 0.8787199 0.506772 0.7777749 0.658123 0.7082549 0.787061 0.7028639 0.632016 0.8787199 0.751689 0.568736 0.787061 0.7028639 0.658123 0.7082549 0.751689 0.568736 0.874693 0.3004 0.787061 0.7028639 0.748835 0.293276 0.874693 0.3004 0.751689 0.568736 0.748835 0.293276 0.721948 0.01340299 0.874693 0.3004 0.639855 0.2253659 0.721948 0.01340299 0.748835 0.293276 0.639855 0.2253659 0.461517 0.005261957 0.721948 0.01340299 0.446304 0.1645539 0.461517 0.005261957 0.639855 0.2253659 0.446304 0.1645539 0.276323 0.01660996 0.461517 0.005261957 0.172832 0.09366798 0.276323 0.01660996 0.446304 0.1645539 0.446304 0.1645539 0.276323 0.01660996 0.172832 0.09366798 0.446304 0.1645539 0.461517 0.005261957 0.276323 0.01660996 0.639855 0.2253659 0.461517 0.005261957 0.446304 0.1645539 0.639855 0.2253659 0.721948 0.01340299 0.461517 0.005261957 0.748835 0.293276 0.721948 0.01340299 0.639855 0.2253659 0.748835 0.293276 0.874693 0.3004 0.721948 0.01340299 0.751689 0.568736 0.874693 0.3004 0.748835 0.293276 0.751689 0.568736 0.787061 0.7028639 0.874693 0.3004 0.658123 0.7082549 0.787061 0.7028639 0.751689 0.568736 0.658123 0.7082549 0.632016 0.8787199 0.787061 0.7028639 0.506772 0.7777749 0.632016 0.8787199 0.658123 0.7082549 0.506772 0.7777749 0.356346 0.87701 0.632016 0.8787199 0.369006 0.7248499 0.356346 0.87701 0.506772 0.7777749 0.369006 0.7248499 0.1676399 0.8212559 0.356346 0.87701 0.263798 0.639151 0.1676399 0.8212559 0.369006 0.7248499 0.263798 0.639151 0.113173 0.62756 0.1676399 0.8212559 0.2173489 0.401499 0.113173 0.62756 0.263798 0.639151 0.2173489 0.401499 0.07946199 0.413355 0.113173 0.62756 0.214711 0.1656069 0.07946199 0.413355 0.2173489 0.401499 0.214711 0.1656069 0.070486 0.25643 0.07946199 0.413355 0.06644499 0.1447719 0.070486 0.25643 0.214711 0.1656069 0.5009765 0.8315494 0.5 0.832252 0.5 0.516156 0.79823 0.516156 0.750516 0.359168 0.890067 0.346248 0.271116 0.672392 0.109933 0.686064 0.06803601 0.516156 0.5 0.832252 0.648115 0.781679 0.661571 0.92635 0.338429 0.1059619 0.351885 0.250633 0.1945549 0.1949509 0.5 0.2000599 0.351885 0.250633 0.338429 0.1059619 0.06803601 0.516156 0.109933 0.346248 0.249484 0.359168 0.5 0.2000599 0.648115 0.250633 0.5 0.516156 0.648115 0.250633 0.750516 0.359168 0.5 0.516156 0.750516 0.359168 0.79823 0.516156 0.5 0.516156 0.79823 0.516156 0.750516 0.673144 0.5 0.516156 0.351885 0.781679 0.271116 0.672392 0.5 0.516156 0.271116 0.672392 0.223402 0.515403 0.5 0.516156 0.223402 0.515403 0.249484 0.359168 0.5 0.516156 0.249484 0.359168 0.351885 0.250633 0.5 0.516156 0.5 0.516156 0.5 0.832252 0.351885 0.781679 0.661571 0.92635 0.648115 0.781679 0.805445 0.837361 0.890067 0.686064 0.750516 0.673144 0.79823 0.516156 0.890067 0.346248 0.750516 0.359168 0.805445 0.1949509 0.661571 0.1059619 0.648115 0.250633 0.5 0.2000599 0.648115 0.250633 0.661571 0.1059619 0.805445 0.1949509 0.271116 0.672392 0.1945549 0.837361 0.109933 0.686064 0.351885 0.250633 0.5 0.2000599 0.5 0.516156 0.750516 0.673144 0.648115 0.781679 0.5 0.516156 0.648115 0.781679 0.750516 0.673144 0.805445 0.837361 0.890067 0.686064 0.805445 0.837361 0.750516 0.673144 0.750516 0.359168 0.648115 0.250633 0.805445 0.1949509 0.249484 0.359168 0.109933 0.346248 0.1945549 0.1949509 0.1945549 0.1949509 0.351885 0.250633 0.249484 0.359168 0.351885 0.781679 0.338429 0.92635 0.1945549 0.837361 0.271116 0.672392 0.351885 0.781679 0.1945549 0.837361 0.338429 0.92635 0.351885 0.781679 0.5 0.832252 0.249484 0.359168 0.223402 0.515403 0.06803601 0.516156 0.06803601 0.516156 0.223402 0.515403 0.271116 0.672392 0.5 0.832252 0.5 0.970409 0.338429 0.92635 0.661571 0.92635 0.5 0.970409 0.5 0.832252 0.890067 0.346248 0.931964 0.516156 0.79823 0.516156 0.79823 0.516156 0.931964 0.516156 0.890067 0.686064 0.5 0.2000599 0.5 0.06190395 0.661571 0.1059619 0.338429 0.1059619 0.5 0.06190395 0.5 0.2000599 0.622148 0.329607 0.50003 0.257384 0.50003 0.329607 0.622148 0.329607 0.622148 0.257384 0.50003 0.257384 0.744264 0.329607 0.622148 0.257384 0.622148 0.329607 0.744264 0.329607 0.744264 0.257384 0.622148 0.257384 0.872637 0.329607 0.744264 0.257384 0.744264 0.329607 0.872637 0.329607 0.872638 0.257384 0.744264 0.257384 0.953785 0.329607 0.872638 0.257384 0.872637 0.329607 0.953785 0.329607 0.9392 0.257384 0.872638 0.257384 0.872637 0.329607 0.9392 0.257384 0.953785 0.329607 0.872637 0.329607 0.872638 0.257384 0.9392 0.257384 0.744264 0.329607 0.872638 0.257384 0.872637 0.329607 0.744264 0.329607 0.744264 0.257384 0.872638 0.257384 0.622148 0.329607 0.744264 0.257384 0.744264 0.329607 0.622148 0.329607 0.622148 0.257384 0.744264 0.257384 0.50003 0.329607 0.622148 0.257384 0.622148 0.329607 0.50003 0.329607 0.50003 0.257384 0.622148 0.257384 0.373743 0.329607 0.50003 0.257384 0.50003 0.329607 0.373743 0.329607 0.373743 0.257384 0.50003 0.257384 0.255796 0.329607 0.373743 0.257384 0.373743 0.329607 0.255796 0.329607 0.255796 0.257384 0.373743 0.257384 0.127424 0.329607 0.255796 0.257384 0.255796 0.329607 0.127424 0.329607 0.127424 0.257384 0.255796 0.257384 0.04627501 0.329607 0.127424 0.257384 0.127424 0.329607 0.04627501 0.329607 0.06085997 0.257384 0.127424 0.257384 0.127424 0.329607 0.06085997 0.257384 0.04627501 0.329607 0.127424 0.329607 0.127424 0.257384 0.06085997 0.257384 0.255796 0.329607 0.127424 0.257384 0.127424 0.329607 0.255796 0.329607 0.255796 0.257384 0.127424 0.257384 0.373743 0.329607 0.255796 0.257384 0.255796 0.329607 0.373743 0.329607 0.373743 0.257384 0.255796 0.257384 0.50003 0.329607 0.373743 0.257384 0.373743 0.329607 0.50003 0.329607 0.50003 0.257384 0.373743 0.257384 0.744264 0.569307 0.872637 0.6995829 0.872622 0.569307 0.744264 0.569307 0.744265 0.6995829 0.872637 0.6995829 0.62198 0.569307 0.744265 0.6995829 0.744264 0.569307 0.62198 0.569307 0.622148 0.6995829 0.744265 0.6995829 0.50003 0.569307 0.622148 0.6995829 0.62198 0.569307 0.50003 0.569307 0.500031 0.6995829 0.622148 0.6995829 0.374092 0.569307 0.500031 0.6995829 0.50003 0.569307 0.374092 0.569307 0.373743 0.6995829 0.500031 0.6995829 0.255796 0.569307 0.373743 0.6995829 0.374092 0.569307 0.255796 0.569307 0.255796 0.6995829 0.373743 0.6995829 0.127438 0.569307 0.255796 0.6995829 0.255796 0.569307 0.127438 0.569307 0.127424 0.6995829 0.255796 0.6995829 0.06150799 0.569307 0.127424 0.6995829 0.127438 0.569307 0.06150799 0.569307 0.01156198 0.6995829 0.127424 0.6995829 0.127438 0.569307 0.01156198 0.6995829 0.06150799 0.569307 0.127438 0.569307 0.127424 0.6995829 0.01156198 0.6995829 0.255796 0.569307 0.127424 0.6995829 0.127438 0.569307 0.255796 0.569307 0.255796 0.6995829 0.127424 0.6995829 0.374092 0.569307 0.255796 0.6995829 0.255796 0.569307 0.374092 0.569307 0.373743 0.6995829 0.255796 0.6995829 0.50003 0.569307 0.373743 0.6995829 0.374092 0.569307 0.50003 0.569307 0.500031 0.6995829 0.373743 0.6995829 0.62198 0.569307 0.500031 0.6995829 0.50003 0.569307 0.62198 0.569307 0.622148 0.6995829 0.500031 0.6995829 0.744264 0.569307 0.622148 0.6995829 0.62198 0.569307 0.744264 0.569307 0.744265 0.6995829 0.622148 0.6995829 0.872622 0.569307 0.744265 0.6995829 0.744264 0.569307 0.872622 0.569307 0.872637 0.6995829 0.744265 0.6995829 0.938552 0.569307 0.872637 0.6995829 0.872622 0.569307 0.938552 0.569307 0.988499 0.6995829 0.872637 0.6995829 0.872622 0.569307 0.988499 0.6995829 0.938552 0.569307 0.872622 0.569307 0.872637 0.6995829 0.988499 0.6995829 0.255796 0.348915 0.373743 0.329607 0.373834 0.348915 0.255796 0.348915 0.255796 0.329607 0.373743 0.329607 0.1274229 0.348915 0.255796 0.329607 0.255796 0.348915 0.1274229 0.348915 0.127424 0.329607 0.255796 0.329607 0.04652398 0.348915 0.127424 0.329607 0.1274229 0.348915 0.04652398 0.348915 0.04627501 0.329607 0.127424 0.329607 0.1274229 0.348915 0.04627501 0.329607 0.04652398 0.348915 0.1274229 0.348915 0.127424 0.329607 0.04627501 0.329607 0.255796 0.348915 0.127424 0.329607 0.1274229 0.348915 0.255796 0.348915 0.255796 0.329607 0.127424 0.329607 0.373834 0.348915 0.255796 0.329607 0.255796 0.348915 0.373834 0.348915 0.373743 0.329607 0.255796 0.329607 0.50003 0.348915 0.373743 0.329607 0.373834 0.348915 0.50003 0.348915 0.50003 0.329607 0.373743 0.329607 0.622148 0.348915 0.50003 0.329607 0.50003 0.348915 0.622148 0.348915 0.622148 0.329607 0.50003 0.329607 0.744264 0.348915 0.622148 0.329607 0.622148 0.348915 0.744264 0.348915 0.744264 0.329607 0.622148 0.329607 0.872637 0.348915 0.744264 0.329607 0.744264 0.348915 0.872637 0.348915 0.872637 0.329607 0.744264 0.329607 0.953537 0.348915 0.872637 0.329607 0.872637 0.348915 0.953537 0.348915 0.953785 0.329607 0.872637 0.329607 0.872637 0.348915 0.953785 0.329607 0.953537 0.348915 0.872637 0.348915 0.872637 0.329607 0.953785 0.329607 0.744264 0.348915 0.872637 0.329607 0.872637 0.348915 0.744264 0.348915 0.744264 0.329607 0.872637 0.329607 0.622148 0.348915 0.744264 0.329607 0.744264 0.348915 0.622148 0.348915 0.622148 0.329607 0.744264 0.329607 0.50003 0.348915 0.622148 0.329607 0.622148 0.348915 0.50003 0.348915 0.50003 0.329607 0.622148 0.329607 0.373834 0.348915 0.50003 0.329607 0.50003 0.348915 0.373834 0.348915 0.373743 0.329607 0.50003 0.329607 0.04652398 0.348915 0.1274219 0.406837 0.1274229 0.348915 0.04652398 0.348915 0.04727101 0.406837 0.1274219 0.406837 0.1274229 0.348915 0.04727101 0.406837 0.04652398 0.348915 0.1274229 0.348915 0.1274219 0.406837 0.04727101 0.406837 0.255796 0.348915 0.1274219 0.406837 0.1274229 0.348915 0.255796 0.348915 0.255796 0.406837 0.1274219 0.406837 0.373834 0.348915 0.255796 0.406837 0.255796 0.348915 0.373834 0.348915 0.374108 0.406837 0.255796 0.406837 0.50003 0.348915 0.374108 0.406837 0.373834 0.348915 0.50003 0.348915 0.50003 0.406837 0.374108 0.406837 0.622148 0.348915 0.50003 0.406837 0.50003 0.348915 0.622148 0.348915 0.622148 0.406837 0.50003 0.406837 0.744264 0.348915 0.622148 0.406837 0.622148 0.348915 0.744264 0.348915 0.744264 0.406837 0.622148 0.406837 0.872637 0.348915 0.744264 0.406837 0.744264 0.348915 0.872637 0.348915 0.872638 0.406837 0.744264 0.406837 0.953537 0.348915 0.872638 0.406837 0.872637 0.348915 0.953537 0.348915 0.95279 0.406837 0.872638 0.406837 0.872637 0.348915 0.95279 0.406837 0.953537 0.348915 0.872637 0.348915 0.872638 0.406837 0.95279 0.406837 0.744264 0.348915 0.872638 0.406837 0.872637 0.348915 0.744264 0.348915 0.744264 0.406837 0.872638 0.406837 0.622148 0.348915 0.744264 0.406837 0.744264 0.348915 0.622148 0.348915 0.622148 0.406837 0.744264 0.406837 0.50003 0.348915 0.622148 0.406837 0.622148 0.348915 0.50003 0.348915 0.50003 0.406837 0.622148 0.406837 0.373834 0.348915 0.50003 0.406837 0.50003 0.348915 0.373834 0.348915 0.374108 0.406837 0.50003 0.406837 0.255796 0.348915 0.374108 0.406837 0.373834 0.348915 0.255796 0.348915 0.255796 0.406837 0.374108 0.406837 0.1274229 0.348915 0.255796 0.406837 0.255796 0.348915 0.1274229 0.348915 0.1274219 0.406837 0.255796 0.406837 0.62198 0.569307 0.50003 0.406837 0.50003 0.569307 0.62198 0.569307 0.622148 0.406837 0.50003 0.406837 0.744264 0.569307 0.622148 0.406837 0.62198 0.569307 0.744264 0.569307 0.744264 0.406837 0.622148 0.406837 0.872622 0.569307 0.744264 0.406837 0.744264 0.569307 0.872622 0.569307 0.872638 0.406837 0.744264 0.406837 0.938552 0.569307 0.872638 0.406837 0.872622 0.569307 0.938552 0.569307 0.95279 0.406837 0.872638 0.406837 0.872622 0.569307 0.95279 0.406837 0.938552 0.569307 0.872622 0.569307 0.872638 0.406837 0.95279 0.406837 0.744264 0.569307 0.872638 0.406837 0.872622 0.569307 0.744264 0.569307 0.744264 0.406837 0.872638 0.406837 0.62198 0.569307 0.744264 0.406837 0.744264 0.569307 0.62198 0.569307 0.622148 0.406837 0.744264 0.406837 0.50003 0.569307 0.622148 0.406837 0.62198 0.569307 0.50003 0.569307 0.50003 0.406837 0.622148 0.406837 0.374092 0.569307 0.50003 0.406837 0.50003 0.569307 0.374092 0.569307 0.374108 0.406837 0.50003 0.406837 0.255796 0.569307 0.374108 0.406837 0.374092 0.569307 0.255796 0.569307 0.255796 0.406837 0.374108 0.406837 0.127438 0.569307 0.255796 0.406837 0.255796 0.569307 0.127438 0.569307 0.1274219 0.406837 0.255796 0.406837 0.06150799 0.569307 0.1274219 0.406837 0.127438 0.569307 0.06150799 0.569307 0.04727101 0.406837 0.1274219 0.406837 0.127438 0.569307 0.04727101 0.406837 0.06150799 0.569307 0.127438 0.569307 0.1274219 0.406837 0.04727101 0.406837 0.255796 0.569307 0.1274219 0.406837 0.127438 0.569307 0.255796 0.569307 0.255796 0.406837 0.1274219 0.406837 0.374092 0.569307 0.255796 0.406837 0.255796 0.569307 0.374092 0.569307 0.374108 0.406837 0.255796 0.406837 0.50003 0.569307 0.374108 0.406837 0.374092 0.569307 0.50003 0.569307 0.50003 0.406837 0.374108 0.406837 0.988499 0.734876 0.872637 0.6995829 0.872638 0.734876 0.988499 0.734876 0.988499 0.6995829 0.872637 0.6995829 0.872638 0.734876 0.988499 0.6995829 0.988499 0.734876 0.872638 0.734876 0.872637 0.6995829 0.988499 0.6995829 0.744265 0.734876 0.872637 0.6995829 0.872638 0.734876 0.744265 0.734876 0.744265 0.6995829 0.872637 0.6995829 0.622148 0.734876 0.744265 0.6995829 0.744265 0.734876 0.622148 0.734876 0.622148 0.6995829 0.744265 0.6995829 0.500031 0.734876 0.622148 0.6995829 0.622148 0.734876 0.500031 0.734876 0.500031 0.6995829 0.622148 0.6995829 0.373743 0.734876 0.500031 0.6995829 0.500031 0.734876 0.373743 0.734876 0.373743 0.6995829 0.500031 0.6995829 0.255796 0.734876 0.373743 0.6995829 0.373743 0.734876 0.255796 0.734876 0.255796 0.6995829 0.373743 0.6995829 0.127424 0.734876 0.255796 0.6995829 0.255796 0.734876 0.127424 0.734876 0.127424 0.6995829 0.255796 0.6995829 0.01156198 0.734876 0.127424 0.6995829 0.127424 0.734876 0.01156198 0.734876 0.01156198 0.6995829 0.127424 0.6995829 0.127424 0.734876 0.01156198 0.6995829 0.01156198 0.734876 0.127424 0.734876 0.127424 0.6995829 0.01156198 0.6995829 0.255796 0.734876 0.127424 0.6995829 0.127424 0.734876 0.255796 0.734876 0.255796 0.6995829 0.127424 0.6995829 0.373743 0.734876 0.255796 0.6995829 0.255796 0.734876 0.373743 0.734876 0.373743 0.6995829 0.255796 0.6995829 0.500031 0.734876 0.373743 0.6995829 0.373743 0.734876 0.500031 0.734876 0.500031 0.6995829 0.373743 0.6995829 0.622148 0.734876 0.500031 0.6995829 0.500031 0.734876 0.622148 0.734876 0.622148 0.6995829 0.500031 0.6995829 0.744265 0.734876 0.622148 0.6995829 0.622148 0.734876 0.744265 0.734876 0.744265 0.6995829 0.622148 0.6995829 0.872638 0.734876 0.744265 0.6995829 0.744265 0.734876 0.872638 0.734876 0.872637 0.6995829 0.744265 0.6995829 0.486812 0.9895949 0.2664811 0.870081 0.2664811 0.9895949 0.486812 0.9895949 0.486812 0.870081 0.2664811 0.870081 0.2664811 0.9895949 0.486812 0.870081 0.486812 0.9895949 0.2664811 0.9895949 0.2664811 0.870081 0.486812 0.870081 0.486812 0.9895949 0.2664811 0.870081 0.2664811 0.9895949 0.486812 0.9895949 0.486812 0.870081 0.2664811 0.870081 0.2664811 0.9895949 0.486812 0.870081 0.486812 0.9895949 0.2664811 0.9895949 0.2664811 0.870081 0.486812 0.870081 0.486812 0.9895949 0.2664811 0.870081 0.2664811 0.9895949 0.486812 0.9895949 0.486812 0.870081 0.2664811 0.870081 0.2664811 0.9895949 0.486812 0.870081 0.486812 0.9895949 0.2664811 0.9895949 0.2664811 0.870081 0.486812 0.870081 0.486812 0.9895949 0.2664811 0.870081 0.2664811 0.9895949 0.486812 0.9895949 0.486812 0.870081 0.2664811 0.870081 0.2664811 0.9895949 0.486812 0.870081 0.486812 0.9895949 0.2664811 0.9895949 0.2664811 0.870081 0.486812 0.870081 0.486812 0.9895949 0.2664811 0.870081 0.2664811 0.9895949 0.486812 0.9895949 0.486812 0.870081 0.2664811 0.870081 0.2664811 0.9895949 0.486812 0.870081 0.486812 0.9895949 0.2664811 0.9895949 0.2664811 0.870081 0.486812 0.870081 0.2664811 0.753535 0.486812 0.870081 0.486812 0.753535 0.2664811 0.753535 0.2664811 0.870081 0.486812 0.870081 0.486812 0.753535 0.2664811 0.870081 0.2664811 0.753535 0.486812 0.753535 0.486812 0.870081 0.2664811 0.870081 0.2664811 0.753535 0.486812 0.870081 0.486812 0.753535 0.2664811 0.753535 0.2664811 0.870081 0.486812 0.870081 0.486812 0.753535 0.2664811 0.870081 0.2664811 0.753535 0.486812 0.753535 0.486812 0.870081 0.2664811 0.870081 0.2664811 0.753535 0.486812 0.870081 0.486812 0.753535 0.2664811 0.753535 0.2664811 0.870081 0.486812 0.870081 0.486812 0.753535 0.2664811 0.870081 0.2664811 0.753535 0.486812 0.753535 0.486812 0.870081 0.2664811 0.870081 0.2664811 0.753535 0.486812 0.870081 0.486812 0.753535 0.2664811 0.753535 0.2664811 0.870081 0.486812 0.870081 0.486812 0.753535 0.2664811 0.870081 0.2664811 0.753535 0.486812 0.753535 0.486812 0.870081 0.2664811 0.870081 0.2664811 0.753535 0.486812 0.870081 0.486812 0.753535 0.2664811 0.753535 0.2664811 0.870081 0.486812 0.870081 0.486812 0.753535 0.2664811 0.870081 0.2664811 0.753535 0.486812 0.753535 0.486812 0.870081 0.2664811 0.870081 0.7607421 0.3071354 0.769531 0.310065 0.727051 0.268073 0.460547 0.428815 0.471094 0.1639709 0.375391 0.1639709 0.337891 0.682331 0.398438 0.730768 0.460547 0.428815 0.769531 0.310065 0.721191 0.425299 0.785807 0.532721 0.330078 0.1717839 0.251953 0.2156639 0.460547 0.428815 0.291667 0.621914 0.460547 0.428815 0.251953 0.5190489 0.554297 0.776862 0.460547 0.428815 0.469922 0.768268 0.785807 0.532721 0.721191 0.425299 0.765625 0.639752 0.765625 0.639752 0.721191 0.425299 0.712891 0.710846 0.633984 0.758503 0.460547 0.428815 0.554297 0.776862 0.460547 0.428815 0.398438 0.730768 0.469922 0.768268 0.251953 0.5190489 0.460547 0.428815 0.227539 0.404141 0.727051 0.268073 0.679688 0.2358459 0.721191 0.425299 0.337891 0.682331 0.460547 0.428815 0.291667 0.621914 0.375391 0.1639709 0.330078 0.1717839 0.460547 0.428815 0.679688 0.2358459 0.471094 0.1639709 0.721191 0.425299 0.471094 0.1639709 0.460547 0.428815 0.721191 0.425299 0.227539 0.404141 0.460547 0.428815 0.243561 0.280453 0.460547 0.428815 0.251953 0.2156639 0.243561 0.280453 0.633984 0.758503 0.712891 0.710846 0.460547 0.428815 0.712891 0.710846 0.721191 0.425299 0.460547 0.428815 0.72827 0.269177 0.769963 0.312802 0.721349 0.427045 0.388195 0.1633839 0.471746 0.1630509 0.459397 0.429415 0.459397 0.429415 0.39691 0.732991 0.336551 0.683803 0.786612 0.535812 0.721349 0.427045 0.769963 0.312802 0.459397 0.429415 0.252199 0.2138599 0.329324 0.1719409 0.251106 0.520294 0.459397 0.429415 0.290576 0.623271 0.470503 0.769698 0.459397 0.429415 0.553221 0.778073 0.764663 0.641418 0.721349 0.427045 0.786612 0.535812 0.711687 0.713257 0.721349 0.427045 0.764663 0.641418 0.553221 0.778073 0.459397 0.429415 0.63468 0.760074 0.470503 0.769698 0.39691 0.732991 0.459397 0.429415 0.227491 0.40444 0.459397 0.429415 0.251106 0.520294 0.721349 0.427045 0.679272 0.2372429 0.72827 0.269177 0.290576 0.623271 0.459397 0.429415 0.336551 0.683803 0.459397 0.429415 0.329324 0.1719409 0.388195 0.1633839 0.721349 0.427045 0.459397 0.429415 0.679272 0.2372429 0.459397 0.429415 0.471746 0.1630509 0.679272 0.2372429 0.252199 0.2138599 0.459397 0.429415 0.243705 0.279372 0.459397 0.429415 0.227491 0.40444 0.243705 0.279372 0.459397 0.429415 0.721349 0.427045 0.63468 0.760074 0.721349 0.427045 0.711687 0.713257 0.63468 0.760074 0.353673 0.472775 0.35495 0.472656 0.354187 0.47268 0.355857 0.465239 0.354874 0.465074 0.355357 0.464971 0.354104 0.46489 0.354874 0.465074 0.353606 0.46514 0.351625 0.46308 0.35266 0.462889 0.352031 0.462846 0.354005 0.455783 0.352554 0.455534 0.353297 0.455466 0.35266 0.462889 0.352669 0.463011 0.351625 0.46308 0.353645 0.462928 0.352669 0.463011 0.35266 0.462889 0.353538 0.455487 0.352574 0.455404 0.352554 0.455534 0.354874 0.465074 0.354886 0.465201 0.355857 0.465239 0.355928 0.472639 0.354962 0.472704 0.35495 0.472656 0.353438 0.474649 0.351195 0.47467 0.352294 0.474735 0.354475 0.484241 0.353557 0.484134 0.35358 0.484258 0.35441 0.490221 0.353474 0.490326 0.353509 0.490191 0.352701 0.48419 0.352722 0.484303 0.351842 0.484225 0.352952 0.490122 0.352361 0.490188 0.352621 0.490292 0.353602 0.484381 0.352722 0.484303 0.352701 0.48419 0.354156 0.474541 0.353438 0.474649 0.352823 0.474454 0.35412 0.481937 0.352765 0.482091 0.353388 0.482111 0.355433 0.472578 0.354187 0.47268 0.35495 0.472656 0.35495 0.472656 0.354962 0.472704 0.355928 0.472639 0.355857 0.465239 0.354886 0.465201 0.354874 0.465074 0.354874 0.465074 0.354104 0.46489 0.355357 0.464971 0.35197 0.455351 0.353297 0.455466 0.352554 0.455534 0.956168 0.481085 0.937489 0.488183 0.937489 0.481085 0.91881 0.481085 0.937489 0.488183 0.937489 0.481085 0.963906 0.389324 0.937489 0.382226 0.956168 0.389324 0.911073 0.389324 0.937489 0.382226 0.91881 0.389324 0.838914 8.37982e-4 0.801518 0.02165794 0.835938 0.04159897 0.355433 0.472578 0.35495 0.472656 0.355928 0.472639 0.352823 0.474454 0.353438 0.474649 0.352294 0.474735 0.354302 0.474845 0.353438 0.474649 0.354156 0.474541 0.35412 0.481937 0.353388 0.482111 0.354216 0.482149 0.352215 0.482296 0.353388 0.482111 0.352765 0.482091 0.880022 0.1872969 0.862165 0.1864599 0.863845 0.2434009 0.927147 0.2434009 0.899833 0.180601 0.880022 0.1872969 0.940094 0.1338719 0.934431 0.1281449 0.93192 0.1404219 0.352387 0.484058 0.352701 0.48419 0.351842 0.484225 0.352952 0.490122 0.352621 0.490292 0.353474 0.490326 0.353602 0.484381 0.352701 0.48419 0.352972 0.484096 0.917411 0.1691609 0.96601 0.1672889 0.928571 0.1513039 0.353538 0.455487 0.352554 0.455534 0.353515 0.455743 0.353645 0.462928 0.35266 0.462889 0.353613 0.46271 0.862165 0.1864599 0.843099 0.1782289 0.863845 0.2434009 0.352651 0.462768 0.35266 0.462889 0.351625 0.46308 0.810181 0.2019589 0.843099 0.1782289 0.829102 0.1661849 0.830184 0.1640169 0.829102 0.1661849 0.843099 0.1782289 0.783548 0.1618459 0.816869 0.1523029 0.809896 0.1277729 0.353606 0.46514 0.354874 0.465074 0.354862 0.464948 0.804591 0.04513496 0.751657 0.07360696 0.764122 0.1099909 0.940094 0.1338719 0.96601 0.1672889 0.977984 0.08254998 0.927147 0.2434009 0.96601 0.1672889 0.917411 0.1691609 0.809896 0.1277729 0.805679 0.1029369 0.783548 0.1618459 0.940094 0.1338719 0.977984 0.08254998 0.941211 0.08213496 0.829102 0.1661849 0.816869 0.1523029 0.810181 0.2019589 0.816869 0.1523029 0.783548 0.1618459 0.810181 0.2019589 0.355852 0.464994 0.354874 0.465074 0.355857 0.465239 0.801518 0.02165794 0.804591 0.04513496 0.835938 0.04159897 0.843099 0.1782289 0.810181 0.2019589 0.863845 0.2434009 0.355928 0.472639 0.35495 0.472656 0.355929 0.472549 0.804591 0.04513496 0.751657 0.03722196 0.751657 0.07360696 0.783548 0.1618459 0.805679 0.1029369 0.764122 0.1099909 0.927147 0.2434009 0.917411 0.1691609 0.899833 0.180601 0.880022 0.1872969 0.863845 0.2434009 0.927147 0.2434009 0.91282 0.05740195 0.915365 0.05485695 0.867839 0.04053395 0.977984 0.08254998 0.94364 0.02483397 0.941211 0.08213496 0.354938 0.472607 0.35495 0.472656 0.353673 0.472775 0.973239 0.703681 0.954467 0.676922 0.953351 0.6890789 0.814073 0.669068 0.814886 0.6173149 0.792132 0.667041 0.767592 0.733745 0.786539 0.726125 0.764767 0.719946 0.942552 0.613705 0.940914 0.628663 0.96157 0.633265 0.954467 0.676922 0.973239 0.703681 0.959237 0.6626049 0.973239 0.703681 0.978222 0.667524 0.959237 0.6626049 0.959237 0.6626049 0.978222 0.667524 0.96157 0.633265 0.767592 0.733745 0.802371 0.7388899 0.786539 0.726125 0.814886 0.6173149 0.841525 0.613528 0.843061 0.597291 0.786539 0.726125 0.802371 0.7388899 0.792132 0.667041 0.663009 0.6248419 0.656665 0.6573939 0.624858 0.640475 0.578039 0.690438 0.578264 0.712915 0.537287 0.713589 0.624858 0.640475 0.591919 0.657124 0.585764 0.638015 0.62419 0.723334 0.578264 0.712915 0.594295 0.7092379 0.578264 0.712915 0.578039 0.690438 0.594295 0.7092379 0.578264 0.712915 0.62419 0.723334 0.639836 0.736741 0.594295 0.7092379 0.578039 0.690438 0.587831 0.688606 0.62419 0.723334 0.65163 0.710085 0.670734 0.721306 0.591919 0.657124 0.578039 0.660654 0.585764 0.638015 0.678458 0.7058719 0.65163 0.710085 0.663713 0.683263 0.663009 0.6248419 0.678458 0.678862 0.656665 0.6573939 0.678458 0.678862 0.678458 0.7058719 0.663713 0.683263 0.678458 0.7058719 0.670734 0.721306 0.65163 0.710085 0.670734 0.721306 0.639836 0.736741 0.62419 0.723334 0.701632 0.736741 0.639836 0.736741 0.670734 0.721306 0.587831 0.688606 0.578039 0.660654 0.591919 0.657124 0.578039 0.690438 0.578039 0.660654 0.587831 0.688606 0.717081 0.530329 0.701632 0.539222 0.686973 0.536118 0.509206 0.528378 0.509206 0.50669 0.523999 0.514334 0.717081 0.530329 0.739924 0.540447 0.701632 0.539222 0.686973 0.536118 0.701632 0.539222 0.663009 0.538535 0.53464 0.520244 0.509206 0.528378 0.523999 0.514334 0.717081 0.530329 0.739924 0.5221239 0.739924 0.540447 0.678458 0.678862 0.663713 0.683263 0.656665 0.6573939 0.876481 0.601969 0.875221 0.617617 0.841525 0.613528 0.96157 0.633265 0.959237 0.6626049 0.940914 0.628663 0.792132 0.667041 0.802371 0.7388899 0.786539 0.726125 0.973239 0.703681 0.986546 0.699769 0.96157 0.7388899 0.786539 0.726125 0.802371 0.7388899 0.767592 0.733745 0.96157 0.633265 0.978222 0.667524 0.959237 0.6626049 0.983558 0.639133 0.978222 0.667524 0.96157 0.633265 0.959237 0.6626049 0.978222 0.667524 0.973239 0.703681 0.959237 0.6626049 0.973239 0.703681 0.954467 0.676922 0.764767 0.719946 0.786539 0.726125 0.767592 0.733745 0.792132 0.667041 0.814886 0.6173149 0.814073 0.669068 0.973239 0.616123 0.983558 0.639133 0.96157 0.633265 0.953351 0.6890789 0.954467 0.676922 0.973239 0.703681 0.786539 0.726125 0.779538 0.6501989 0.792132 0.667041 0.09121698 0.198982 0.085891 0.1826039 0.09564197 0.1826039 0.085891 0.1826039 0.09121698 0.1662249 0.09564197 0.1826039 0.03401601 0.198982 0.02959197 0.1826039 0.03934299 0.1826039 0.03934299 0.1826039 0.02959197 0.1826039 0.03401601 0.1662249 0.062617 0.2056889 0.05506199 0.1900979 0.07017201 0.1900979 0.07017201 0.1751099 0.05506199 0.1751099 0.062617 0.1595189 0.663009 0.6248419 0.663009 0.590115 0.624387 0.613266 0.537287 0.713589 0.578264 0.712915 0.578039 0.690438 0.585764 0.638015 0.591919 0.657124 0.624858 0.640475 0.663009 0.590115 0.624387 0.590115 0.624387 0.613266 0.594295 0.7092379 0.578264 0.712915 0.62419 0.723334 0.594295 0.7092379 0.578039 0.690438 0.578264 0.712915 0.587831 0.688606 0.578039 0.690438 0.594295 0.7092379 0.585764 0.638015 0.578039 0.660654 0.591919 0.657124 0.670734 0.721306 0.639836 0.736741 0.701632 0.736741 0.686973 0.536118 0.701632 0.539222 0.717081 0.530329 0.523999 0.514334 0.509206 0.50669 0.509206 0.528378 0.701632 0.539222 0.739924 0.540447 0.717081 0.530329 0.663009 0.538535 0.701632 0.539222 0.686973 0.536118 0.523999 0.514334 0.509206 0.528378 0.53464 0.520244 0.739924 0.540447 0.739924 0.5221239 0.717081 0.530329 0.841525 0.613528 0.875221 0.617617 0.876481 0.601969 0.940914 0.628663 0.959237 0.6626049 0.96157 0.633265 0.395544 0.701815 0.401322 0.711377 0.424435 0.713686 0.361434 0.585301 0.38469 0.577591 0.369186 0.639275 0.435992 0.713686 0.459106 0.711377 0.464884 0.701815 0.361434 0.585301 0.369186 0.639275 0.353682 0.623854 0.2719931 0.6370289 0.291667 0.623854 0.291667 0.646986 0.444188 0.509095 0.413181 0.524515 0.475196 0.524515 0.2719931 0.6370289 0.291667 0.646986 0.294783 0.677828 0.376938 0.680281 0.353314 0.701486 0.369186 0.670468 0.369186 0.670468 0.350566 0.677828 0.369186 0.639275 0.307171 0.554459 0.322675 0.56988 0.307171 0.608433 0.307171 0.554459 0.322675 0.539038 0.322675 0.56988 0.307171 0.608433 0.322675 0.56988 0.322675 0.600722 0.395544 0.654007 0.418657 0.654007 0.4071 0.639665 0.487997 0.701815 0.476441 0.654007 0.464884 0.701815 0.2839151 0.585301 0.291667 0.623854 0.2719931 0.6370289 0.418657 0.654007 0.395544 0.654007 0.395544 0.701815 0.350566 0.677828 0.353682 0.646986 0.369186 0.639275 0.294783 0.677828 0.276163 0.670468 0.2719931 0.6370289 0.2839151 0.585301 0.307171 0.608433 0.291667 0.623854 0.38469 0.646986 0.369186 0.670468 0.369186 0.639275 0.369186 0.639275 0.38469 0.577591 0.38469 0.646986 0.376938 0.680281 0.369186 0.670468 0.38469 0.646986 0.338178 0.554459 0.322675 0.5126309 0.353682 0.523617 0.353682 0.623854 0.369186 0.639275 0.353682 0.646986 0.307171 0.554459 0.307171 0.608433 0.2839151 0.585301 0.44466 0.654007 0.435992 0.699425 0.464884 0.701815 0.395544 0.701815 0.424435 0.699425 0.418657 0.654007 0.464884 0.701815 0.476441 0.654007 0.44466 0.654007 0.464884 0.701815 0.435992 0.699425 0.435992 0.713686 0.424435 0.713686 0.424435 0.699425 0.395544 0.701815 0.330224 0.718207 0.31472 0.718207 0.322749 0.700032 0.762143 0.2287659 0.762935 0.2275549 0.76643 0.2274159 0.762143 0.2287659 0.762144 0.2298959 0.763565 0.2298959 0.424435 0.713686 0.401322 0.711377 0.395544 0.701815 0.369186 0.639275 0.38469 0.577591 0.361434 0.585301 0.291667 0.646986 0.307171 0.63542 0.291667 0.623854 0.464884 0.701815 0.459106 0.711377 0.435992 0.713686 0.353682 0.623854 0.369186 0.639275 0.361434 0.585301 0.291667 0.646986 0.291667 0.623854 0.2719931 0.6370289 0.322675 0.539038 0.322675 0.5126309 0.307171 0.554459 0.338178 0.554459 0.322675 0.5126309 0.322675 0.539038 0.294783 0.677828 0.307171 0.695506 0.303295 0.673973 0.475196 0.524515 0.413181 0.524515 0.444188 0.509095 0.294783 0.677828 0.291667 0.646986 0.2719931 0.6370289 0.268411 0.680281 0.291102 0.701486 0.276163 0.670468 0.369186 0.670468 0.353314 0.701486 0.376938 0.680281 0.322675 0.56988 0.338178 0.608433 0.338178 0.554459 0.307171 0.608433 0.322675 0.56988 0.307171 0.554459 0.322675 0.539038 0.322675 0.56988 0.338178 0.554459 0.322675 0.56988 0.322675 0.539038 0.307171 0.554459 0.338178 0.608433 0.361434 0.585301 0.338178 0.554459 0.322675 0.600722 0.322675 0.56988 0.307171 0.608433 0.4071 0.639665 0.418657 0.654007 0.395544 0.654007 0.464884 0.701815 0.476441 0.654007 0.487997 0.701815 0.338178 0.608433 0.353682 0.623854 0.361434 0.585301 0.395544 0.701815 0.395544 0.654007 0.418657 0.654007 0.2719931 0.6370289 0.260659 0.646986 0.276163 0.670468 0.2719931 0.6370289 0.276163 0.670468 0.294783 0.677828 0.369186 0.639275 0.369186 0.670468 0.38469 0.646986 0.38469 0.646986 0.38469 0.577591 0.369186 0.639275 0.38469 0.646986 0.369186 0.670468 0.376938 0.680281 0.276163 0.670468 0.260659 0.646986 0.268411 0.680281 0.311659 0.645058 0.307171 0.63542 0.291667 0.646986 0.353682 0.523617 0.322675 0.5126309 0.338178 0.554459 0.322675 0.5126309 0.291667 0.523617 0.307171 0.554459 0.322675 0.600722 0.338178 0.608433 0.322675 0.56988 0.2839151 0.585301 0.307171 0.608433 0.307171 0.554459 0.464884 0.701815 0.435992 0.699425 0.44466 0.654007 0.307171 0.695506 0.311047 0.681683 0.303295 0.673973 0.418657 0.654007 0.424435 0.699425 0.395544 0.701815 0.44466 0.654007 0.476441 0.654007 0.464884 0.701815 0.435992 0.713686 0.435992 0.699425 0.464884 0.701815 0.395544 0.701815 0.424435 0.699425 0.424435 0.713686 0.322749 0.700032 0.31472 0.718207 0.330224 0.718207 0.762143 0.2287659 0.762144 0.2298959 0.765074 0.2298959 0.762143 0.2287659 0.762935 0.2275549 0.764026 0.2276249 0.306301 0.257055 0.324403 0.284525 0.306301 0.309903 0.32178 0.259146 0.342505 0.288142 0.324403 0.284525 0.32178 0.309903 0.342505 0.309903 0.324403 0.335282 0.348934 0.309903 0.342505 0.288142 0.350679 0.271517 0.342505 0.309903 0.348934 0.309903 0.342505 0.331665 0.324403 0.284525 0.342505 0.309903 0.32178 0.309903 0.348934 0.309903 0.342505 0.309903 0.342505 0.288142 0.324403 0.284525 0.32178 0.309903 0.306301 0.309903 0.306301 0.257055 0.32178 0.259146 0.324403 0.284525 0.306301 0.309903 0.32178 0.309903 0.324403 0.335282 0.32178 0.259146 0.350679 0.271517 0.342505 0.288142 0.306301 0.257055 0.324403 0.284525 0.306301 0.309903 0.32178 0.259146 0.350679 0.271517 0.342505 0.288142 0.32178 0.309903 0.342505 0.309903 0.324403 0.335282 0.348934 0.309903 0.342505 0.288142 0.350679 0.271517 0.342505 0.309903 0.348934 0.309903 0.342505 0.331665 0.324403 0.284525 0.342505 0.309903 0.32178 0.309903 0.348934 0.309903 0.342505 0.309903 0.342505 0.288142 0.324403 0.284525 0.32178 0.309903 0.306301 0.309903 0.306301 0.257055 0.32178 0.259146 0.324403 0.284525 0.306301 0.309903 0.32178 0.309903 0.324403 0.335282 0.306301 0.257055 0.324403 0.284525 0.306301 0.309903 0.32178 0.259146 0.342505 0.288142 0.324403 0.284525 0.32178 0.309903 0.342505 0.309903 0.324403 0.335282 0.348934 0.309903 0.342505 0.288142 0.350679 0.271517 0.342505 0.309903 0.348934 0.309903 0.342505 0.331665 0.324403 0.284525 0.342505 0.288142 0.342505 0.309903 0.348934 0.309903 0.342505 0.309903 0.342505 0.288142 0.324403 0.284525 0.32178 0.309903 0.306301 0.309903 0.306301 0.257055 0.32178 0.259146 0.324403 0.284525 0.306301 0.309903 0.32178 0.309903 0.324403 0.335282 0.350679 0.271517 0.359612 0.302481 0.348934 0.309903 0.32178 0.259146 0.350679 0.271517 0.342505 0.288142 0.306301 0.257055 0.324403 0.284525 0.306301 0.309903 0.32178 0.259146 0.342505 0.288142 0.324403 0.284525 0.342505 0.309903 0.342505 0.331665 0.324403 0.335282 0.348934 0.309903 0.342505 0.288142 0.350679 0.271517 0.342505 0.309903 0.348934 0.309903 0.342505 0.331665 0.324403 0.284525 0.342505 0.288142 0.342505 0.309903 0.348934 0.309903 0.342505 0.309903 0.342505 0.288142 0.324403 0.284525 0.32178 0.309903 0.306301 0.309903 0.306301 0.257055 0.32178 0.259146 0.324403 0.284525 0.306301 0.309903 0.32178 0.309903 0.324403 0.335282 0.350679 0.271517 0.359612 0.302481 0.348934 0.309903 0.32178 0.259146 0.350679 0.271517 0.342505 0.288142 0.306301 0.257055 0.324403 0.284525 0.306301 0.309903 0.32178 0.259146 0.342505 0.288142 0.324403 0.284525 0.342505 0.309903 0.342505 0.331665 0.324403 0.335282 0.348934 0.309903 0.342505 0.288142 0.350679 0.271517 0.342505 0.309903 0.348934 0.309903 0.342505 0.331665 0.324403 0.284525 0.342505 0.309903 0.32178 0.309903 0.348934 0.309903 0.342505 0.309903 0.342505 0.288142 0.324403 0.284525 0.32178 0.309903 0.306301 0.309903 0.306301 0.257055 0.32178 0.259146 0.324403 0.284525 0.306301 0.309903 0.32178 0.309903 0.324403 0.335282 0.350679 0.271517 0.359612 0.302481 0.348934 0.309903 0.32178 0.259146 0.350679 0.271517 0.342505 0.288142 0.342505 0.309903 0.342505 0.331665 0.324403 0.335282 0.324403 0.284525 0.342505 0.288142 0.342505 0.309903 0.342505 0.309903 0.342505 0.331665 0.324403 0.335282 0.324403 0.284525 0.342505 0.288142 0.342505 0.309903 0.32178 0.309903 0.342505 0.309903 0.324403 0.335282 0.324403 0.284525 0.342505 0.288142 0.342505 0.309903 0.324403 0.284525 0.342505 0.309903 0.32178 0.309903 0.32178 0.309903 0.342505 0.309903 0.324403 0.335282 0.342505 0.309903 0.342505 0.331665 0.324403 0.335282 0.324403 0.284525 0.342505 0.309903 0.32178 0.309903 0.350679 0.271517 0.359612 0.302481 0.348934 0.309903 0.359612 0.317326 0.350679 0.348289 0.359612 0.309903 0.359612 0.309903 0.372675 0.309903 0.359612 0.317326 0.359612 0.302481 0.372675 0.309903 0.359612 0.309903 0.342505 0.288142 0.324403 0.284525 0.32178 0.259146 0.792423 0.2246469 0.79177 0.224316 0.792539 0.2279559 0.792539 0.2277499 0.792056 0.2254289 0.792566 0.2252039 0.792539 0.2179229 0.79177 0.224316 0.792423 0.2246469 0.792566 0.2210129 0.792566 0.2252039 0.769092 0.2239939 0.334193 0.390987 0.331718 0.384766 0.329478 0.386968 0.336351 0.441565 0.3371 0.440707 0.340084 0.445606 0.352215 0.482296 0.353313 0.482218 0.353388 0.482111 0.281433 0.389814 0.299827 0.389814 0.299827 0.40642 0.351625 0.46308 0.352669 0.463011 0.35266 0.462889 0.354874 0.465074 0.354886 0.465201 0.353606 0.46514 0.353673 0.472775 0.354962 0.472704 0.35495 0.472656 0.353438 0.474649 0.353393 0.474799 0.352294 0.474735 0.354302 0.474845 0.353393 0.474799 0.353438 0.474649 0.353388 0.482111 0.353313 0.482218 0.354216 0.482149 0.334528 0.381302 0.338417 0.385226 0.335255 0.380301 0.352701 0.48419 0.352387 0.484058 0.352972 0.484096 0.357217 0.489903 0.359467 0.489272 0.357126 0.489618 0.342937 0.404644 0.341232 0.405135 0.341462 0.40526 0.342945 0.464134 0.342731 0.464018 0.344645 0.464712 0.341442 0.415627 0.341935 0.415579 0.343288 0.415086 0.343241 0.416174 0.341935 0.415579 0.341442 0.415627 0.325648 0.427947 0.325029 0.433611 0.339625 0.434537 0.322957 0.41569 0.317657 0.425397 0.325648 0.427947 0.317657 0.425397 0.309974 0.422546 0.318899 0.43172 0.325648 0.427947 0.317657 0.425397 0.318899 0.43172 0.36039 0.43009 0.359214 0.43229 0.360734 0.43159 0.360879 0.485811 0.357251 0.484831 0.359608 0.485312 0.359366 0.428032 0.36039 0.43009 0.360731 0.428569 0.367846 0.476126 0.365075 0.475535 0.364903 0.475395 0.367797 0.48051 0.3649 0.481389 0.36912 0.480066 0.370315 0.470902 0.367567 0.471656 0.371405 0.47043 0.370268 0.466555 0.367567 0.465869 0.367225 0.465864 0.366235 0.461292 0.364232 0.462026 0.367432 0.460716 0.364126 0.456765 0.364203 0.456897 0.366168 0.457412 0.258275 0.420233 0.252423 0.420233 0.252423 0.40642 0.256812 0.434887 0.252423 0.449121 0.252423 0.434681 0.252423 0.434681 0.252423 0.420233 0.256812 0.434887 0.342318 0.483399 0.342131 0.483554 0.344527 0.482841 0.333435 0.392212 0.334781 0.390799 0.334906 0.394202 0.309934 0.41483 0.322457 0.407275 0.318832 0.401487 0.327325 0.457123 0.332695 0.452211 0.339802 0.454013 0.31364 0.48021 0.313226 0.485453 0.321946 0.488741 0.309934 0.41483 0.309974 0.422546 0.317657 0.425397 0.313226 0.485453 0.32698 0.490637 0.321946 0.488741 0.305677 0.460903 0.305677 0.4645 0.313481 0.46026 0.327652 0.4905 0.321946 0.488741 0.32698 0.490637 0.322957 0.41569 0.309934 0.41483 0.317657 0.425397 0.325648 0.427947 0.318899 0.43172 0.325029 0.433611 0.309934 0.41483 0.318832 0.401487 0.309847 0.405186 0.313481 0.46026 0.313522 0.464065 0.320539 0.455701 0.322707 0.454647 0.328695 0.451431 0.327325 0.457123 0.318832 0.401487 0.317387 0.396193 0.309847 0.405186 0.309934 0.41483 0.322957 0.41569 0.322457 0.407275 0.328695 0.451431 0.322707 0.454647 0.326134 0.449631 0.332695 0.452211 0.327325 0.457123 0.328695 0.451431 0.359608 0.485312 0.357251 0.484831 0.35723 0.484562 0.359467 0.489272 0.357217 0.489903 0.360881 0.488621 0.359366 0.428032 0.359214 0.43229 0.36039 0.43009 0.360734 0.43159 0.360731 0.428569 0.36039 0.43009 0.258275 0.449121 0.252423 0.449121 0.256812 0.434887 0.258275 0.47996 0.252423 0.472844 0.26125 0.472844 0.252423 0.472844 0.265689 0.465727 0.26125 0.472844 0.26125 0.396931 0.265689 0.40642 0.252423 0.396931 0.340546 0.375613 0.340503 0.375669 0.341595 0.378208 0.256812 0.434887 0.252423 0.420233 0.258275 0.420233 0.313481 0.46026 0.313678 0.460828 0.305677 0.460903 0.252423 0.396931 0.265689 0.40642 0.252423 0.40642 0.340666 0.380595 0.341595 0.378208 0.340692 0.379831 0.335475 0.451999 0.332195 0.449725 0.336728 0.450685 0.340293 0.436738 0.342093 0.436562 0.342205 0.441195 0.258275 0.420233 0.252423 0.40642 0.26125 0.41413 0.252423 0.472844 0.252423 0.463355 0.265689 0.465727 0.252423 0.40642 0.265689 0.40642 0.26125 0.41413 0.265689 0.465727 0.252423 0.463355 0.26125 0.45861 0.26125 0.396931 0.252423 0.396931 0.258275 0.389814 0.369181 0.476709 0.365075 0.475535 0.367846 0.476126 0.3649 0.481389 0.367797 0.48051 0.364867 0.480925 0.334906 0.394202 0.338327 0.394074 0.333435 0.392212 0.344123 0.483651 0.342131 0.483554 0.342318 0.483399 0.340503 0.375669 0.338671 0.375713 0.340692 0.379831 0.340692 0.379831 0.341595 0.378208 0.340503 0.375669 0.341595 0.378208 0.340666 0.380595 0.340546 0.375613 0.313481 0.46026 0.305677 0.4645 0.313522 0.464065 0.364126 0.456765 0.366168 0.457412 0.367436 0.457949 0.366235 0.461292 0.36413 0.461821 0.364232 0.462026 0.371407 0.467138 0.367567 0.465869 0.370268 0.466555 0.370315 0.470902 0.367329 0.471674 0.367567 0.471656 0.296367 0.400389 0.296367 0.400389 0.296367 0.400389 0.296367 0.400389 0.296367 0.400389 0.296367 0.400389 0.296367 0.400389 0.296367 0.400389 0.296367 0.400389 0.296367 0.400389 0.296367 0.400389 0.296367 0.400389 0.296367 0.400389 0.296367 0.400389 0.296367 0.400389 0.296367 0.400389 0.296367 0.400389 0.296367 0.400389 0.237411 0.290153 0.237411 0.290153 0.2466019 0.296328 0.2466019 0.296328 0.237411 0.290153 0.237411 0.327203 0.1393799 0.327203 0.1393799 0.290153 0.13019 0.302503 0.13019 0.302503 0.1393799 0.290153 0.1393799 0.290153 0.2466019 0.296328 0.237411 0.327203 0.237411 0.290153 0.13019 0.302503 0.1393799 0.290153 0.1393799 0.327203 0.237411 0.290153 0.237411 0.290153 0.2414659 0.259278 0.237411 0.327203 0.2129039 0.354991 0.2129039 0.317941 0.1638879 0.317941 0.1393799 0.290153 0.1393799 0.327203 0.1638879 0.290153 0.135326 0.259278 0.16605 0.259278 0.2129039 0.290153 0.2107409 0.259278 0.2414659 0.259278 0.2129039 0.290153 0.2414659 0.259278 0.237411 0.290153 0.1638879 0.290153 0.1393799 0.290153 0.1638879 0.317941 0.1393799 0.290153 0.1638879 0.317941 0.1393799 0.327203 0.1638879 0.317941 0.1393799 0.327203 0.1638879 0.354991 0.1393799 0.327203 0.1638879 0.317941 0.1638879 0.354991 0.237411 0.327203 0.2129039 0.317941 0.237411 0.290153 0.237411 0.290153 0.2129039 0.317941 0.2129039 0.290153 0.237411 0.290153 0.2414659 0.259278 0.2107409 0.259278 0.306301 0.362752 0.324403 0.335282 0.306301 0.309903 0.324403 0.335282 0.342505 0.309903 0.32178 0.309903 0.342505 0.331665 0.348934 0.309903 0.342505 0.309903 0.32178 0.36066 0.350679 0.348289 0.342505 0.331665 0.32178 0.309903 0.342505 0.309903 0.324403 0.284525 0.342505 0.288142 0.342505 0.309903 0.348934 0.309903 0.306301 0.309903 0.32178 0.309903 0.324403 0.284525 0.324403 0.335282 0.32178 0.309903 0.306301 0.309903 0.306301 0.362752 0.32178 0.36066 0.324403 0.335282 0.348934 0.309903 0.342505 0.331665 0.350679 0.348289 0.350679 0.348289 0.359612 0.317326 0.348934 0.309903 0.306301 0.362752 0.324403 0.335282 0.306301 0.309903 0.324403 0.335282 0.342505 0.309903 0.32178 0.309903 0.342505 0.331665 0.348934 0.309903 0.342505 0.309903 0.32178 0.36066 0.342505 0.331665 0.324403 0.335282 0.32178 0.309903 0.342505 0.309903 0.324403 0.284525 0.342505 0.288142 0.342505 0.309903 0.348934 0.309903 0.306301 0.309903 0.32178 0.309903 0.324403 0.284525 0.324403 0.335282 0.32178 0.309903 0.306301 0.309903 0.306301 0.362752 0.32178 0.36066 0.324403 0.335282 0.348934 0.309903 0.342505 0.331665 0.350679 0.348289 0.32178 0.36066 0.350679 0.348289 0.342505 0.331665 0.306301 0.362752 0.324403 0.335282 0.306301 0.309903 0.324403 0.335282 0.342505 0.309903 0.32178 0.309903 0.342505 0.331665 0.348934 0.309903 0.342505 0.309903 0.359612 0.317326 0.348934 0.309903 0.350679 0.348289 0.32178 0.36066 0.342505 0.331665 0.324403 0.335282 0.342505 0.309903 0.342505 0.288142 0.324403 0.284525 0.342505 0.288142 0.342505 0.309903 0.348934 0.309903 0.306301 0.309903 0.32178 0.309903 0.324403 0.284525 0.324403 0.335282 0.32178 0.309903 0.306301 0.309903 0.306301 0.362752 0.32178 0.36066 0.324403 0.335282 0.348934 0.309903 0.342505 0.331665 0.350679 0.348289 0.32178 0.36066 0.350679 0.348289 0.342505 0.331665 0.306301 0.362752 0.324403 0.335282 0.306301 0.309903 0.324403 0.335282 0.342505 0.331665 0.342505 0.309903 0.342505 0.331665 0.348934 0.309903 0.342505 0.309903 0.32178 0.36066 0.342505 0.331665 0.324403 0.335282 0.342505 0.309903 0.342505 0.288142 0.324403 0.284525 0.342505 0.288142 0.342505 0.309903 0.348934 0.309903 0.306301 0.309903 0.32178 0.309903 0.324403 0.284525 0.324403 0.335282 0.32178 0.309903 0.306301 0.309903 0.306301 0.362752 0.32178 0.36066 0.324403 0.335282 0.348934 0.309903 0.342505 0.331665 0.350679 0.348289 0.350679 0.348289 0.359612 0.317326 0.348934 0.309903 0.32178 0.36066 0.350679 0.348289 0.342505 0.331665 0.306301 0.362752 0.324403 0.335282 0.306301 0.309903 0.324403 0.335282 0.342505 0.331665 0.342505 0.309903 0.342505 0.331665 0.348934 0.309903 0.342505 0.309903 0.32178 0.36066 0.342505 0.331665 0.324403 0.335282 0.32178 0.309903 0.342505 0.309903 0.324403 0.284525 0.342505 0.288142 0.342505 0.309903 0.348934 0.309903 0.306301 0.309903 0.32178 0.309903 0.324403 0.284525 0.324403 0.335282 0.32178 0.309903 0.306301 0.309903 0.306301 0.362752 0.32178 0.36066 0.324403 0.335282 0.348934 0.309903 0.342505 0.331665 0.350679 0.348289 0.350679 0.348289 0.359612 0.317326 0.348934 0.309903 0.32178 0.36066 0.350679 0.348289 0.342505 0.331665 0.324403 0.335282 0.342505 0.331665 0.342505 0.309903 0.342505 0.309903 0.342505 0.288142 0.324403 0.284525 0.324403 0.335282 0.342505 0.331665 0.342505 0.309903 0.342505 0.309903 0.342505 0.288142 0.324403 0.284525 0.324403 0.335282 0.342505 0.309903 0.32178 0.309903 0.342505 0.309903 0.342505 0.288142 0.324403 0.284525 0.32178 0.309903 0.342505 0.309903 0.324403 0.284525 0.324403 0.335282 0.342505 0.309903 0.32178 0.309903 0.324403 0.335282 0.342505 0.331665 0.342505 0.309903 0.32178 0.309903 0.342505 0.309903 0.324403 0.284525 0.359612 0.302481 0.350679 0.271517 0.359612 0.309903 0.359612 0.317326 0.372675 0.309903 0.359612 0.309903 0.359612 0.309903 0.372675 0.309903 0.359612 0.302481 0.342505 0.331665 0.324403 0.335282 0.32178 0.36066 0.792539 0.2279559 0.79177 0.224316 0.792423 0.2246469 0.792566 0.2252039 0.792056 0.2254289 0.792539 0.2277499 0.792423 0.2246469 0.79177 0.224316 0.792539 0.2179229 0.769092 0.2239939 0.792566 0.2252039 0.792566 0.2210129 0.329478 0.386968 0.331718 0.384766 0.334193 0.390987 0.352417 0.48429 0.353602 0.484381 0.35358 0.484258 0.340084 0.445606 0.3371 0.440707 0.336351 0.441565 0.352069 0.482178 0.353462 0.482004 0.353388 0.482111 0.353606 0.46514 0.354886 0.465201 0.354874 0.465074 0.35495 0.472656 0.354962 0.472704 0.353673 0.472775 0.353509 0.490191 0.353474 0.490326 0.352212 0.490442 0.353313 0.482218 0.353388 0.482111 0.353462 0.482004 0.35266 0.462889 0.352651 0.462768 0.353613 0.46271 0.335255 0.380301 0.338417 0.385226 0.334528 0.381302 0.35358 0.484258 0.353602 0.484381 0.354514 0.484493 0.35495 0.472656 0.354938 0.472607 0.355929 0.472549 0.355852 0.464994 0.354862 0.464948 0.354874 0.465074 0.341462 0.40526 0.341232 0.405135 0.342937 0.404644 0.344645 0.464712 0.342731 0.464018 0.342945 0.464134 0.343288 0.415086 0.341935 0.415579 0.341442 0.415627 0.341442 0.415627 0.341935 0.415579 0.343241 0.416174 0.325648 0.427947 0.317657 0.425397 0.322957 0.41569 0.318899 0.43172 0.309974 0.422546 0.317657 0.425397 0.318899 0.43172 0.317657 0.425397 0.325648 0.427947 0.327325 0.457123 0.322707 0.454647 0.313678 0.460828 0.360734 0.43159 0.359214 0.43229 0.36039 0.43009 0.359608 0.485312 0.357251 0.484831 0.360879 0.485811 0.360731 0.428569 0.36039 0.43009 0.359366 0.428032 0.338308 0.490969 0.32698 0.490637 0.327652 0.4905 0.364903 0.475395 0.365075 0.475535 0.367846 0.476126 0.36912 0.480066 0.3649 0.481389 0.367797 0.48051 0.371405 0.47043 0.367567 0.471656 0.370315 0.470902 0.367225 0.465864 0.367567 0.465869 0.370268 0.466555 0.367432 0.460716 0.364232 0.462026 0.366235 0.461292 0.366168 0.457412 0.364203 0.456897 0.364126 0.456765 0.252423 0.40642 0.252423 0.420233 0.258275 0.420233 0.252423 0.434681 0.252423 0.449121 0.256812 0.434887 0.256812 0.434887 0.252423 0.420233 0.252423 0.434681 0.334906 0.394202 0.334781 0.390799 0.333435 0.392212 0.323355 0.396359 0.317387 0.396193 0.322873 0.391296 0.325648 0.427947 0.322957 0.41569 0.327543 0.417145 0.327265 0.479476 0.339919 0.483333 0.340244 0.473777 0.339802 0.454013 0.332695 0.452211 0.327325 0.457123 0.322457 0.407275 0.327373 0.401643 0.329175 0.408144 0.321946 0.488741 0.313226 0.485453 0.31364 0.48021 0.317657 0.425397 0.309974 0.422546 0.309934 0.41483 0.321946 0.488741 0.32698 0.490637 0.313226 0.485453 0.313481 0.46026 0.305677 0.4645 0.305677 0.460903 0.32698 0.490637 0.321946 0.488741 0.327652 0.4905 0.317657 0.425397 0.309934 0.41483 0.322957 0.41569 0.313438 0.480519 0.327042 0.485427 0.327265 0.479476 0.323355 0.396359 0.318832 0.401487 0.317387 0.396193 0.320539 0.455701 0.313522 0.464065 0.313481 0.46026 0.327325 0.457123 0.328695 0.451431 0.322707 0.454647 0.327265 0.479476 0.327042 0.485427 0.339919 0.483333 0.338308 0.490969 0.327042 0.485427 0.32698 0.490637 0.326134 0.449631 0.322707 0.454647 0.328695 0.451431 0.328695 0.451431 0.327325 0.457123 0.332695 0.452211 0.35723 0.484562 0.357251 0.484831 0.359608 0.485312 0.36039 0.43009 0.359214 0.43229 0.359366 0.428032 0.36039 0.43009 0.360731 0.428569 0.360734 0.43159 0.256812 0.434887 0.252423 0.449121 0.258275 0.449121 0.26125 0.472844 0.252423 0.472844 0.258275 0.47996 0.26125 0.472844 0.265689 0.465727 0.252423 0.472844 0.252423 0.396931 0.265689 0.40642 0.26125 0.396931 0.341595 0.378208 0.340503 0.375669 0.340546 0.375613 0.258275 0.420233 0.252423 0.420233 0.256812 0.434887 0.305677 0.460903 0.313678 0.460828 0.313481 0.46026 0.252423 0.40642 0.265689 0.40642 0.252423 0.396931 0.340692 0.379831 0.341595 0.378208 0.340666 0.380595 0.336728 0.450685 0.332195 0.449725 0.335475 0.451999 0.342205 0.441195 0.342093 0.436562 0.340293 0.436738 0.26125 0.41413 0.252423 0.40642 0.258275 0.420233 0.265689 0.465727 0.252423 0.463355 0.252423 0.472844 0.26125 0.41413 0.265689 0.40642 0.252423 0.40642 0.26125 0.45861 0.252423 0.463355 0.265689 0.465727 0.258275 0.389814 0.252423 0.396931 0.26125 0.396931 0.367846 0.476126 0.365075 0.475535 0.369181 0.476709 0.364867 0.480925 0.367797 0.48051 0.3649 0.481389 0.333435 0.392212 0.338327 0.394074 0.334906 0.394202 0.339919 0.483333 0.327042 0.485427 0.338308 0.490969 0.339702 0.464299 0.3271 0.464258 0.327265 0.471499 0.340692 0.379831 0.338671 0.375713 0.340503 0.375669 0.340503 0.375669 0.341595 0.378208 0.340692 0.379831 0.340546 0.375613 0.340666 0.380595 0.341595 0.378208 0.313522 0.464065 0.305677 0.4645 0.313481 0.46026 0.367436 0.457949 0.366168 0.457412 0.364126 0.456765 0.364232 0.462026 0.36413 0.461821 0.366235 0.461292 0.370268 0.466555 0.367567 0.465869 0.371407 0.467138 0.367567 0.471656 0.367329 0.471674 0.370315 0.470902 0.296367 0.400389 0.296367 0.400389 0.296367 0.400389 0.296367 0.400389 0.296367 0.400389 0.296367 0.400389 0.296367 0.400389 0.296367 0.400389 0.296367 0.400389 0.296367 0.400389 0.296367 0.400389 0.296367 0.400389 0.296367 0.400389 0.296367 0.400389 0.296367 0.400389 0.296367 0.400389 0.296367 0.400389 0.296367 0.400389 0.340812 0.42518 0.340788 0.425975 0.339625 0.434537 0.2466019 0.296328 0.237411 0.290153 0.237411 0.290153 0.237411 0.327203 0.237411 0.290153 0.2466019 0.296328 0.237411 0.327203 0.2129039 0.317941 0.237411 0.290153 0.2414659 0.259278 0.237411 0.290153 0.237411 0.290153 0.16605 0.259278 0.135326 0.259278 0.1638879 0.290153 0.2414659 0.259278 0.2107409 0.259278 0.2129039 0.290153 0.2129039 0.290153 0.2107409 0.259278 0.237411 0.290153 0.237411 0.290153 0.2414659 0.259278 0.2129039 0.290153 0.1638879 0.317941 0.1393799 0.290153 0.1638879 0.290153 0.2129039 0.290153 0.237411 0.290153 0.2129039 0.317941 0.2129039 0.354991 0.2129039 0.317941 0.237411 0.327203 0.2107409 0.259278 0.2414659 0.259278 0.237411 0.290153 0.993096 0.803553 0.942843 0.803553 0.942843 0.8588489 0.942843 0.803553 0.993096 0.803553 0.942843 0.8588489 0.942843 0.7544019 0.993096 0.7544019 0.993096 0.803553 0.993096 0.803553 0.942843 0.7544019 0.942843 0.803553 0.942843 0.7544019 0.993096 0.7544019 0.993096 0.803553 0.993096 0.803553 0.942843 0.7544019 0.942843 0.803553 0.942843 0.7544019 0.993096 0.7544019 0.993096 0.803553 0.993096 0.803553 0.942843 0.7544019 0.942843 0.803553 0.942843 0.7544019 0.993096 0.7544019 0.993096 0.803553 0.993096 0.803553 0.942843 0.7544019 0.942843 0.803553 0.942843 0.803553 0.993096 0.803553 0.942843 0.8588489 0.993096 0.803553 0.942843 0.803553 0.942843 0.8588489 0.942843 0.803553 0.993096 0.803553 0.942843 0.8588489 0.993096 0.803553 0.942843 0.803553 0.942843 0.8588489 0.942843 0.803553 0.993096 0.803553 0.942843 0.8588489 0.993096 0.803553 0.942843 0.803553 0.942843 0.8588489 0.93028 0.7544019 0.880027 0.809697 0.880027 0.7544019 0.880027 0.809697 0.93028 0.864993 0.93028 0.7544019 0.93028 0.864993 0.880027 0.809697 0.93028 0.7544019 0.880027 0.809697 0.93028 0.864993 0.93028 0.7544019 0.93028 0.864993 0.880027 0.809697 0.93028 0.7544019 0.880027 0.809697 0.93028 0.7544019 0.880027 0.7544019 0.93028 0.864993 0.880027 0.809697 0.93028 0.7544019 0.880027 0.809697 0.93028 0.864993 0.93028 0.7544019 0.93028 0.7544019 0.880027 0.809697 0.880027 0.7544019 0.880027 0.809697 0.93028 0.7544019 0.880027 0.7544019 0.93028 0.7544019 0.880027 0.809697 0.880027 0.7544019 0.880027 0.809697 0.93028 0.864993 0.93028 0.7544019 0.93028 0.7544019 0.880027 0.809697 0.880027 0.7544019 0.880027 0.809697 0.93028 0.7544019 0.880027 0.7544019 0.880027 0.809697 0.93028 0.7544019 0.880027 0.7544019 0.93028 0.864993 0.880027 0.809697 0.93028 0.7544019 0.942843 0.7544019 0.993096 0.803553 0.942843 0.803553 0.993096 0.7544019 0.942843 0.7544019 0.993096 0.803553 0.942843 0.7544019 0.993096 0.803553 0.942843 0.803553 0.993096 0.7544019 0.942843 0.7544019 0.993096 0.803553 0.942843 0.7544019 0.993096 0.803553 0.942843 0.803553 0.993096 0.7544019 0.942843 0.7544019 0.993096 0.803553 0.942843 0.7544019 0.993096 0.803553 0.942843 0.803553 0.993096 0.7544019 0.942843 0.7544019 0.993096 0.803553 0.711356 0.333772 0.688143 0.355829 0.688273 0.332895 0.722 0.273709 0.735008 0.309594 0.711548 0.284462 0.688455 0.284689 0.68855 0.262416 0.711548 0.284462 0.654672 0.344929 0.641652 0.309274 0.665159 0.333597 0.688273 0.332895 0.688143 0.355829 0.665159 0.333597 0.66535 0.284286 0.68855 0.262416 0.688455 0.284689 0.721689 0.345156 0.688143 0.355829 0.711356 0.333772 0.665159 0.333597 0.641652 0.309274 0.666405 0.308825 0.654984 0.273482 0.68855 0.262416 0.66535 0.284286 0.710312 0.308997 0.735008 0.309594 0.711356 0.333772 0.735008 0.309594 0.721689 0.345156 0.711356 0.333772 0.68855 0.262416 0.722 0.273709 0.711548 0.284462 0.654984 0.273482 0.68855 0.262416 0.66535 0.284286 0.665159 0.333597 0.641652 0.309274 0.666405 0.308825 0.688143 0.355829 0.654672 0.344929 0.665159 0.333597 0.641652 0.309274 0.654984 0.273482 0.66535 0.284286 0.722 0.273709 0.735008 0.309594 0.711548 0.284462 0.666405 0.308825 0.641652 0.309274 0.66535 0.284286 0.711548 0.284462 0.735008 0.309594 0.710312 0.308997 0.66535 0.284286 0.68855 0.262416 0.688455 0.284689 0.835143 0.331773 0.812033 0.353793 0.812163 0.330898 0.845739 0.27181 0.858689 0.307636 0.835333 0.282545 0.812344 0.282772 0.812439 0.260536 0.835333 0.282545 0.778713 0.342912 0.765751 0.307316 0.789152 0.331598 0.812163 0.330898 0.812033 0.353793 0.789152 0.331598 0.789342 0.28237 0.812439 0.260536 0.812344 0.282772 0.845429 0.343138 0.812033 0.353793 0.835143 0.331773 0.789152 0.331598 0.765751 0.307316 0.790393 0.306868 0.779023 0.271584 0.812439 0.260536 0.789342 0.28237 0.834103 0.307039 0.858689 0.307636 0.835143 0.331773 0.858689 0.307636 0.845429 0.343138 0.835143 0.331773 0.812439 0.260536 0.845739 0.27181 0.835333 0.282545 0.779023 0.271584 0.812439 0.260536 0.789342 0.28237 0.789152 0.331598 0.765751 0.307316 0.790393 0.306868 0.812033 0.353793 0.778713 0.342912 0.789152 0.331598 0.765751 0.307316 0.779023 0.271584 0.789342 0.28237 0.845739 0.27181 0.858689 0.307636 0.835333 0.282545 0.790393 0.306868 0.765751 0.307316 0.789342 0.28237 0.835333 0.282545 0.858689 0.307636 0.834103 0.307039 0.789342 0.28237 0.812439 0.260536 0.812344 0.282772 0.390221 0.924342 0.411675 0.915796 0.411675 0.936263 0.388955 0.776397 0.439816 0.760289 0.440417 0.799458 0.403783 0.894192 0.390221 0.915796 0.390221 0.904686 0.390221 0.904686 0.400723 0.879175 0.403783 0.894192 0.462246 0.835079 0.451525 0.831679 0.440417 0.799458 0.458525 0.987775 0.486191 0.984658 0.486191 0.996659 0.458525 0.934798 0.458525 0.922333 0.486191 0.934798 0.449225 0.918141 0.458525 0.914848 0.458525 0.922333 0.390221 0.924342 0.390221 0.915796 0.411675 0.915796 0.458525 0.914848 0.486191 0.922333 0.458525 0.922333 0.555144 0.782563 0.561349 0.780471 0.581703 0.797684 0.537377 0.788309 0.537377 0.780281 0.555144 0.782563 0.439816 0.760289 0.512427 0.747561 0.485428 0.774467 0.390221 0.924342 0.411675 0.936263 0.390221 0.936263 0.46742 0.908615 0.467903 0.895344 0.486191 0.909868 0.451525 0.831679 0.436109 0.870828 0.431277 0.8516129 0.538069 0.797684 0.581703 0.797684 0.588601 0.815539 0.458525 0.922333 0.486191 0.922333 0.486191 0.934798 0.397173 0.851018 0.389166 0.860008 0.378679 0.855293 0.396856 0.860281 0.431277 0.8516129 0.400723 0.879175 0.417922 0.833154 0.431277 0.8516129 0.396856 0.860281 0.462246 0.835079 0.464267 0.847544 0.451525 0.831679 0.431277 0.8516129 0.417922 0.833154 0.451525 0.831679 0.200019 0.546543 0.1665019 0.545873 0.1543619 0.545873 0.105417 0.726859 0.09325897 0.741916 0.09325897 0.726965 0.176696 0.686595 0.15394 0.675531 0.15394 0.6202099 0.1253719 0.742843 0.128407 0.718305 0.1375119 0.742843 0.004297018 0.499909 0.03260397 0.522006 0.004333972 0.522006 0.1753579 0.693768 0.1753579 0.718305 0.1632189 0.718305 0.06087601 0.706037 0.08914601 0.706037 0.07029902 0.742843 0.1543619 0.521335 0.246545 0.497469 0.200019 0.522006 0.113232 0.742843 0.128407 0.718305 0.1253719 0.742843 0.08914601 0.522006 0.06087601 0.522006 0.060938 0.499518 0.06087601 0.522006 0.03260397 0.522006 0.060938 0.499518 0.1444339 0.718305 0.162643 0.718305 0.1505039 0.693768 0.153777 0.522006 0.1230459 0.522006 0.124219 0.499127 0.1230459 0.522006 0.09230899 0.522006 0.124219 0.499127 0.004333972 0.730574 0.004333972 0.658661 0.01375699 0.730574 0.042782 0.735724 0.01375699 0.730574 0.06087601 0.706037 0.07029902 0.742843 0.042782 0.735724 0.06087601 0.706037 0.138364 0.742843 0.1505039 0.742843 0.1444339 0.718305 0.060938 0.706159 0.07031297 0.742878 0.08945298 0.706159 0.1054689 0.726732 0.09309899 0.727383 0.09309899 0.742357 0.246545 0.686595 0.246545 0.618979 0.1536459 0.619961 0.060938 0.6112369 0.060938 0.5835019 0.03281199 0.5835019 0.175426 0.693943 0.1631749 0.718268 0.175426 0.718268 0.1253259 0.743008 0.1373699 0.7428449 0.1284179 0.718431 0.004297018 0.499909 0.004297018 0.521784 0.03281199 0.521784 0.189098 0.718446 0.175426 0.693943 0.175426 0.718268 0.113281 0.743008 0.1253259 0.743008 0.1284179 0.718431 0.08945298 0.521784 0.060938 0.499518 0.060938 0.521784 0.060938 0.521784 0.060938 0.499518 0.03281199 0.521784 0.144428 0.718268 0.1505129 0.693732 0.1626229 0.718268 0.1542969 0.5210019 0.124219 0.499127 0.1230469 0.521654 0.1230469 0.521654 0.124219 0.499127 0.09212201 0.521979 0.03281199 0.5835019 0.004297018 0.571003 0.005078017 0.606549 0.138363 0.742836 0.144428 0.718268 0.150493 0.742836 0.07031297 0.742878 0.060938 0.706159 0.04296898 0.735846 0.04296898 0.735846 0.060938 0.706159 0.01367199 0.730638 0.004557013 0.730638 0.01367199 0.730638 0.004557013 0.6590229 0.03260397 0.58335 0.06087601 0.58335 0.06087601 0.6109539 0.03260397 0.58335 0.005083978 0.606504 0.004333972 0.571081 0.03260397 0.58335 0.06087601 0.6109539 0.005083978 0.606504 0.03281199 0.5835019 0.005078017 0.606549 0.060938 0.6112369 0.1538349 0.571081 0.1538349 0.546543 0.200019 0.546543 0.246545 0.571081 0.246545 0.546543 0.1998699 0.546393 0.1998699 0.546393 0.1536459 0.571133 0.246545 0.571081 0.874219 0.993551 0.849616 0.968795 0.874219 0.968795 0.826639 0.981173 0.802035 0.993551 0.826639 0.993551 0.825013 0.7468079 0.824988 0.7715629 0.751178 0.7715629 0.874219 0.7715629 0.824988 0.7715629 0.825013 0.7468079 0.802035 0.956418 0.789734 0.981173 0.826639 0.981173 0.67745 0.7468079 0.677381 0.7715629 0.628188 0.7715629 0.751178 0.7715629 0.677381 0.7715629 0.751203 0.745996 0.789734 0.981173 0.777432 0.993551 0.802035 0.993551 0.849616 0.968795 0.874219 0.931662 0.874219 0.968795 0.826639 0.981173 0.789734 0.981173 0.802035 0.993551 0.33495 0.7990249 0.339509 0.7764239 0.355342 0.78272 0.311617 0.946949 0.299039 0.9705989 0.264378 0.9705989 0.33495 0.7990249 0.318896 0.777756 0.339509 0.7764239 0.2493939 0.885434 0.2493939 0.876014 0.272727 0.886526 0.2493939 0.861437 0.2493939 0.849733 0.272727 0.829346 0.268553 0.9410369 0.255376 0.933921 0.277589 0.935124 0.277589 0.935124 0.255376 0.933921 0.2493939 0.915512 0.299039 0.9705989 0.264378 0.982424 0.264378 0.9705989 0.268553 0.9410369 0.264378 0.946949 0.255376 0.933921 0.284394 0.820593 0.33495 0.7990249 0.316827 0.821772 0.373795 0.861437 0.366062 0.7990249 0.373839 0.799211 0.318896 0.777756 0.33495 0.7990249 0.284394 0.820593 0.366062 0.89965 0.358317 0.911475 0.358284 0.887889 0.292523 0.862441 0.284394 0.820593 0.316827 0.821772 0.313975 0.770388 0.2493939 0.797553 0.307739 0.750364 0.264378 0.9705989 0.264378 0.946949 0.311617 0.946949 0.366062 0.7990249 0.373795 0.861437 0.358284 0.8310649 0.366017 0.876128 0.358284 0.887889 0.358284 0.8310649 0.366017 0.876128 0.358284 0.8310649 0.373795 0.861437 0.366017 0.876128 0.366062 0.89965 0.358284 0.887889 0.339509 0.7764239 0.318896 0.777756 0.313975 0.770388 0.272727 0.829346 0.272727 0.876128 0.2493939 0.861437 0.272727 0.886526 0.292172 0.893088 0.287311 0.904084 0.287311 0.904084 0.2493939 0.900835 0.2493939 0.885434 0.2493939 0.885434 0.272727 0.886526 0.287311 0.904084 0.1868979 0.1246689 0.1868979 0.1039479 0.2476949 0.1039479 0.2476949 0.01221799 0.2112159 0.02379894 0.1868979 0 0.156691 0.001822948 0.1868979 0 0.1771519 0.01785999 0.1868979 0.04178398 0.23324 0.06476598 0.1868979 0.07286596 0.1625789 0.04849994 0.1868979 0.04178398 0.1868979 0.07286596 0.1868979 0 0.2112159 0.02379894 0.1771519 0.01785999 0.1868979 0.2075549 0.126101 0.2443569 0.126101 0.2075549 0.1868979 0.1997839 0.1868979 0.2075549 0.126101 0.2075549 0.126101 0.2075549 0.1868979 0.1764729 0.1868979 0.1997839 0.1868979 0.1764729 0.2476949 0.1764729 0.1868979 0.1997839 0.1269919 0.01619994 0.156691 0.001822948 0.1771519 0.01785999 0.2012169 0.775612 0.1774219 0.76012 0.2303699 0.775612 0.1247559 0.747701 0.1774219 0.747701 0.1774219 0.76012 0.12601 0.9463459 0.1558189 0.9463459 0.12601 0.958766 0.1558189 0.9463459 0.1558189 0.958766 0.12601 0.958766 0.2490069 0.775612 0.2490069 0.78496 0.2303699 0.775612 0.2303699 0.775612 0.2490069 0.78496 0.2012169 0.775612 0.12601 0.86151 0.12601 0.834639 0.1496059 0.822219 0.2012169 0.775612 0.172172 0.770564 0.1774219 0.76012 0.193847 0.785124 0.2490069 0.78496 0.203242 0.792354 0.110421 0.785279 0.09869801 0.76061 0.110988 0.76061 0.123278 0.76061 0.110421 0.785279 0.110988 0.76061 3.76999e-4 0.772944 0.01897102 0.772944 3.76999e-4 0.785279 3.76999e-4 0.772944 0.009222984 0.748276 0.01897102 0.772944 0.123278 0.76061 0.110988 0.76061 0.110988 0.748276 0.09869801 0.76061 0.110988 0.748276 0.110988 0.76061 0.09869801 0.99496 0.07411801 0.982626 0.09869801 0.970292 0.123278 0.99496 0.09869801 0.99496 0.123278 0.970292 0.09869801 0.970292 0.123278 0.970292 0.09869801 0.99496 0.976342 0.9098849 0.976342 0.897682 0.987539 0.897682 0.888275 0.897682 0.877024 0.885643 0.899249 0.885643 0.917605 0.995302 0.906528 0.995302 0.899249 0.995302 0.912066 0.9098849 0.912066 0.885643 0.932289 0.897682 0.987539 0.873277 0.998368 0.8854799 0.976342 0.885643 0.932289 0.897682 0.93596 0.9098849 0.912066 0.9098849 0.957986 0.897682 0.957986 0.9098849 0.93596 0.9098849 0.912066 0.885643 0.928618 0.885643 0.932289 0.897682 0.912066 0.885643 0.899249 0.885643 0.917605 0.873277 0.877378 0.9098849 0.877024 0.897682 0.888275 0.897682 0.877024 0.897682 0.877024 0.885643 0.888275 0.897682 0.987539 0.897682 0.976342 0.897682 0.976342 0.885643 0.987539 0.897682 0.998368 0.9098849 0.976342 0.9098849 0.899249 0.9098849 0.877378 0.9098849 0.888275 0.897682 0.928618 0.885643 0.917605 0.873277 0.93596 0.885643 0.888275 0.873277 0.899249 0.885643 0.877024 0.885643 0.998368 0.897682 0.998368 0.9098849 0.987539 0.897682 0.899249 0.885643 0.899249 0.9098849 0.888275 0.897682 0.998368 0.8854799 0.998368 0.897682 0.987539 0.897682 0.987539 0.897682 0.976342 0.885643 0.998368 0.8854799 0.914835 0.952593 0.912066 0.9098849 0.93596 0.9098849 0.917605 0.873277 0.928618 0.885643 0.912066 0.885643 0.93596 0.9098849 0.93596 0.952593 0.914835 0.952593 0.110988 0.76061 0.09869801 0.76061 0.110421 0.785279 0.049537 0.748276 0.01897102 0.772944 0.06794703 0.774089 0.06794703 0.774089 0.09869801 0.775233 0.09255301 0.7505649 0.110988 0.76061 0.110421 0.785279 0.123278 0.76061 3.76999e-4 0.785279 0.01897102 0.772944 3.76999e-4 0.772944 0.01897102 0.772944 0.009222984 0.748276 3.76999e-4 0.772944 0.110988 0.748276 0.110988 0.76061 0.123278 0.76061 0.110988 0.76061 0.110988 0.748276 0.09869801 0.76061 0.09869801 0.970292 0.07411801 0.982626 0.09869801 0.99496 0.123278 0.970292 0.09869801 0.99496 0.123278 0.99496 0.049537 0.970292 0.07411801 0.982626 0.09869801 0.970292 0.09869801 0.99496 0.123278 0.970292 0.09869801 0.970292 3.76999e-4 0.785279 5.63979e-4 0.797613 0.061827 0.797613 0.874219 0.968795 0.849616 0.968795 0.874219 0.993551 0.826639 0.993551 0.802035 0.993551 0.826639 0.981173 0.751178 0.7715629 0.824988 0.7715629 0.825013 0.7468079 0.825013 0.7468079 0.824988 0.7715629 0.874219 0.7715629 0.826639 0.981173 0.789734 0.981173 0.802035 0.956418 0.628188 0.7715629 0.677381 0.7715629 0.67745 0.7468079 0.751203 0.745996 0.677381 0.7715629 0.751178 0.7715629 0.802035 0.993551 0.777432 0.993551 0.789734 0.981173 0.874219 0.968795 0.874219 0.931662 0.849616 0.968795 0.802035 0.993551 0.789734 0.981173 0.826639 0.981173 0.987539 0.897682 0.976342 0.897682 0.976342 0.9098849 0.899249 0.885643 0.877024 0.885643 0.888275 0.897682 0.899249 0.995302 0.906528 0.995302 0.917605 0.995302 0.932289 0.897682 0.912066 0.885643 0.912066 0.9098849 0.976342 0.885643 0.998368 0.8854799 0.987539 0.873277 0.912066 0.9098849 0.93596 0.9098849 0.932289 0.897682 0.93596 0.9098849 0.957986 0.9098849 0.957986 0.897682 0.932289 0.897682 0.928618 0.885643 0.912066 0.885643 0.917605 0.873277 0.899249 0.885643 0.912066 0.885643 0.888275 0.897682 0.877024 0.897682 0.877378 0.9098849 0.888275 0.897682 0.877024 0.885643 0.877024 0.897682 0.976342 0.885643 0.976342 0.897682 0.987539 0.897682 0.976342 0.9098849 0.998368 0.9098849 0.987539 0.897682 0.888275 0.897682 0.877378 0.9098849 0.899249 0.9098849 0.877024 0.885643 0.899249 0.885643 0.888275 0.873277 0.987539 0.897682 0.998368 0.9098849 0.998368 0.897682 0.888275 0.897682 0.899249 0.9098849 0.899249 0.885643 0.987539 0.897682 0.998368 0.897682 0.998368 0.8854799 0.998368 0.8854799 0.976342 0.885643 0.987539 0.897682 0.93596 0.9098849 0.912066 0.9098849 0.914835 0.952593 0.912066 0.885643 0.928618 0.885643 0.917605 0.873277 0.914835 0.952593 0.93596 0.952593 0.93596 0.9098849 0.355342 0.78272 0.339509 0.7764239 0.33495 0.7990249 0.366062 0.7990249 0.355342 0.78272 0.33495 0.7990249 0.272727 0.886526 0.2493939 0.876014 0.2493939 0.885434 0.272727 0.829346 0.2493939 0.849733 0.2493939 0.861437 0.277589 0.935124 0.255376 0.933921 0.268553 0.9410369 0.358284 0.8310649 0.33495 0.7990249 0.316827 0.821772 0.358284 0.8310649 0.366062 0.7990249 0.33495 0.7990249 0.264378 0.994248 0.358358 0.994248 0.264378 0.982424 0.2493939 0.915512 0.255376 0.933921 0.277589 0.935124 0.311617 0.911475 0.311617 0.935124 0.358284 0.935124 0.255376 0.933921 0.264378 0.946949 0.268553 0.9410369 0.373839 0.799211 0.366062 0.7990249 0.373795 0.861437 0.358284 0.8310649 0.312319 0.8487539 0.358284 0.887889 0.358284 0.887889 0.358317 0.911475 0.366062 0.89965 0.264378 0.982424 0.358358 0.994248 0.358358 0.982424 0.358317 0.911475 0.311617 0.911475 0.358284 0.935124 0.307739 0.750364 0.2493939 0.797553 0.313975 0.770388 0.358284 0.8310649 0.373795 0.861437 0.366062 0.7990249 0.358284 0.8310649 0.358284 0.887889 0.366017 0.876128 0.311617 0.89965 0.358284 0.887889 0.312319 0.8487539 0.316827 0.821772 0.312319 0.8487539 0.358284 0.8310649 0.358317 0.911475 0.311617 0.89965 0.311617 0.911475 0.373795 0.861437 0.358284 0.8310649 0.366017 0.876128 0.358284 0.887889 0.311617 0.89965 0.358317 0.911475 0.358284 0.887889 0.366062 0.89965 0.366017 0.876128 0.2493939 0.861437 0.272727 0.876128 0.272727 0.829346 0.287311 0.904084 0.292172 0.893088 0.272727 0.886526 0.2493939 0.885434 0.2493939 0.900835 0.287311 0.904084 0.287311 0.904084 0.272727 0.886526 0.2493939 0.885434 0.23324 0.06476598 0.2476949 0.1039479 0.2476949 0.01221799 0.1868979 0 0.2112159 0.02379894 0.2476949 0.01221799 0.1269919 0.01619994 0.13826 0.05751699 0.1625789 0.04849994 0.1771519 0.01785999 0.1868979 0 0.156691 0.001822948 0.23324 0.06476598 0.2112159 0.02379894 0.1868979 0.04178398 0.2112159 0.02379894 0.23324 0.06476598 0.2476949 0.01221799 0.1771519 0.01785999 0.2112159 0.02379894 0.1868979 0 0.126101 0.07727998 0.13826 0.05751699 0.1269919 0.01619994 0.2476949 0.2443569 0.2476949 0.2075549 0.1868979 0.2075549 0.1868979 0.1764729 0.126101 0.1764729 0.126101 0.2075549 0.1771519 0.01785999 0.1868979 0.04178398 0.2112159 0.02379894 0.537377 0.909868 0.486191 0.922333 0.537377 0.934798 0.390221 0.904686 0.390221 0.915796 0.403783 0.894192 0.440417 0.799458 0.451525 0.831679 0.462246 0.835079 0.486191 0.996659 0.486191 0.984658 0.458525 0.987775 0.486191 0.984658 0.486191 0.972193 0.458525 0.973751 0.486191 0.934798 0.458525 0.922333 0.458525 0.934798 0.588601 0.815539 0.611173 0.821497 0.601388 0.797339 0.486842 0.815241 0.462246 0.835079 0.486239 0.835079 0.581703 0.797684 0.561349 0.780471 0.555144 0.782563 0.537377 0.780281 0.538069 0.772754 0.523137 0.782743 0.485428 0.774467 0.512427 0.747561 0.439816 0.760289 0.537377 0.959728 0.537377 0.972193 0.589295 0.972193 0.588601 0.815539 0.589295 0.835079 0.611173 0.821497 0.390221 0.936263 0.411675 0.936263 0.390221 0.924342 0.486191 0.922333 0.537377 0.909868 0.486191 0.909868 0.486191 0.922333 0.46742 0.908615 0.458525 0.914848 0.622913 0.984658 0.622988 0.973295 0.589295 0.972193 0.537377 0.984658 0.5896 0.984658 0.537377 0.972193 0.537377 0.972193 0.5896 0.984658 0.589295 0.972193 0.5896 0.984658 0.622913 0.984658 0.589295 0.972193 0.378679 0.855293 0.389166 0.860008 0.397173 0.851018 0.400723 0.879175 0.431277 0.8516129 0.396856 0.860281 0.396856 0.860281 0.431277 0.8516129 0.417922 0.833154 0.451525 0.831679 0.464267 0.847544 0.462246 0.835079 0.451525 0.831679 0.417922 0.833154 0.431277 0.8516129 0.561349 0.780471 0.590291 0.771411 0.56166 0.747824 0.581703 0.797684 0.590291 0.771411 0.561349 0.780471 0.2303699 0.775612 0.1774219 0.76012 0.2012169 0.775612 0.1774219 0.76012 0.1774219 0.747701 0.1247559 0.747701 0.12601 0.958766 0.1558189 0.9463459 0.12601 0.9463459 0.12601 0.958766 0.1558189 0.958766 0.1558189 0.9463459 0.2294219 0.7964619 0.2490069 0.78496 0.203242 0.792354 0.2303699 0.775612 0.2490069 0.78496 0.2490069 0.775612 0.2012169 0.775612 0.2490069 0.78496 0.2303699 0.775612 0.1496059 0.822219 0.12601 0.834639 0.12601 0.86151 0.1774219 0.76012 0.172172 0.770564 0.2012169 0.775612 0.203242 0.792354 0.2490069 0.78496 0.193847 0.785124 0.02480798 0.07231199 0.01836401 0.09987294 0.008284986 0.04380899 0.02480798 0.02175998 0.02480798 0.07231199 0.008284986 0.04380899 0.1004109 0.07231199 0.1169329 0.04380899 0.106854 0.09987294 0.1004109 0.02175998 0.1169329 0.04380899 0.1004109 0.07231199 0.779962 0.2146299 0.779595 0.2172739 0.781636 0.2152119 0.767628 0.2009129 0.764172 0.2020359 0.768946 0.2038909 0.782093 0.2267249 0.781685 0.2306489 0.782442 0.2316169 0.768946 0.2038909 0.771063 0.2034239 0.767628 0.2009129 0.785071 0.2297709 0.784795 0.2300279 0.785615 0.2277419 0.773839 0.2063619 0.771063 0.2034239 0.773583 0.206698 0.784269 0.2319409 0.782442 0.2316169 0.782947 0.2323859 0.781685 0.2306489 0.782947 0.2323859 0.782442 0.2316169 0.782857 0.2194109 0.779595 0.2172739 0.780354 0.2204319 0.782093 0.2267249 0.783657 0.2287649 0.783741 0.2250409 0.783741 0.2250409 0.782857 0.2194109 0.780354 0.2204319 0.768693 0.2018649 0.766499 0.2006569 0.767628 0.2009129 0.764172 0.2002689 0.764172 0.1996189 0.766499 0.2006569 0.764172 0.1996189 0.764172 0.2002229 0.767628 0.2009129 0.777121 0.2117769 0.777144 0.2111729 0.773583 0.206698 0.773583 0.206698 0.771063 0.2034239 0.768946 0.2038909 0.771063 0.2034239 0.773839 0.2063619 0.771106 0.2038249 0.776401 0.2207359 0.773383 0.2154579 0.776603 0.2155579 0.773383 0.2154579 0.773101 0.2109829 0.776603 0.2155579 0.779353 0.2163059 0.777144 0.2111729 0.777121 0.2117769 0.778533 0.2161849 0.779734 0.2181509 0.78023 0.2212079 0.778533 0.2161849 0.78023 0.2212079 0.778651 0.2209489 0.776603 0.2155579 0.773101 0.2109829 0.775378 0.2104989 0.769653 0.2117479 0.770022 0.2156189 0.768076 0.2135519 0.767706 0.2156919 0.768076 0.2135519 0.770022 0.2156189 0.767734 0.2181469 0.766665 0.2179769 0.766611 0.2165399 0.764172 0.1996189 0.767628 0.2009129 0.766499 0.2006569 0.768169 0.2054919 0.769653 0.2117479 0.767573 0.2081529 0.768169 0.2054919 0.770709 0.2084139 0.769653 0.2117479 0.767706 0.2156919 0.766498 0.2144289 0.768076 0.2135519 0.771063 0.2034239 0.771106 0.2038249 0.767628 0.2009129 0.777144 0.2111729 0.773839 0.2063619 0.773583 0.206698 0.769841 0.2207969 0.768067 0.2227319 0.768055 0.2209999 0.777121 0.2117769 0.779595 0.2172739 0.779353 0.2163059 0.782093 0.2267249 0.782442 0.2316169 0.783657 0.2287649 0.783657 0.2287649 0.782442 0.2316169 0.784269 0.2319409 0.779353 0.2163059 0.779595 0.2172739 0.779962 0.2146299 0.771106 0.2038249 0.768693 0.2018649 0.767628 0.2009129 0.782093 0.2267249 0.783741 0.2250409 0.780354 0.2204319 0.776603 0.2155579 0.778651 0.2209489 0.776401 0.2207359 0.775378 0.2104989 0.778533 0.2161849 0.776603 0.2155579 0.77169 0.2062169 0.775378 0.2104989 0.773101 0.2109829 0.778651 0.2209489 0.776603 0.2155579 0.778533 0.2161849 0.767628 0.2009129 0.764172 0.2002229 0.764172 0.2020359 0.770387 0.2077829 0.777121 0.2117769 0.773583 0.206698 0.768946 0.2038909 0.770387 0.2077829 0.773583 0.206698 0.168492 0.413959 0.175741 0.425017 0.127671 0.455779 0.127671 0.455779 0.175741 0.425017 0.1484479 0.462109 0.210895 0.375449 0.228729 0.392173 0.1958819 0.40933 0.234673 0.375449 0.246562 0.392173 0.228729 0.392173 0.234673 0.375449 0.228729 0.392173 0.210895 0.375449 0.1886159 0.375449 0.175741 0.425017 0.168492 0.413959 0.1886159 0.375449 0.210895 0.375449 0.175741 0.425017 0.175741 0.425017 0.210895 0.375449 0.1958819 0.40933 0.127671 0.492273 0.127671 0.455779 0.1484479 0.462109 0.06111598 0.312356 0.008000969 0.312356 0.03369802 0.356996 0.03369802 0.356996 0.008000969 0.312356 0.008000969 0.369132 0.06111598 0.312356 0.03369802 0.356996 0.008000969 0.312356 0.03369802 0.356996 0.008000969 0.369132 0.008000969 0.312356 0.03855198 0.398995 0.02110999 0.40262 0.01266402 0.388409 0.001945972 0.374541 0.01266402 0.388409 0.001945972 0.387173 0.06805896 0.411719 0.03855198 0.398995 0.02841198 0.379934 0.12564 0.435146 0.08794599 0.465899 0.08794599 0.435146 0.042499 0.423674 0.07538098 0.435146 0.04396897 0.435146 0.07795697 0.392775 0.06805896 0.411719 0.02841198 0.379934 0.001945972 0.485953 0.02409297 0.473525 0.05653399 0.4782 0.05653399 0.4782 0.05372101 0.458822 0.08794599 0.465899 0.02841198 0.379934 0.03855198 0.398995 0.01266402 0.388409 0.001945972 0.374541 0.02841198 0.379934 0.01266402 0.388409 0.08794599 0.435146 0.07538098 0.441297 0.07538098 0.435146 0.07538098 0.435146 0.07538098 0.441297 0.05196702 0.441297 0.001945972 0.470232 0.001945972 0.456371 0.025123 0.456123 0.02409297 0.473525 0.05372101 0.458822 0.05653399 0.4782 0.08794599 0.435146 0.07486897 0.456069 0.07538098 0.441297 0.025123 0.441297 0.05196702 0.441297 0.025123 0.456123 0.07538098 0.441297 0.07486897 0.456069 0.05372101 0.458822 0.08794599 0.465899 0.05372101 0.458822 0.07486897 0.456069 0.06805896 0.411719 0.05630803 0.417697 0.03855198 0.398995 0.07486897 0.456069 0.08794599 0.435146 0.08794599 0.465899 0.997129 0.370213 0.877381 0.370213 0.997129 0.250436 0.877381 0.370213 0.877381 0.250436 0.997129 0.250436 0.802271 0.378808 0.821958 0.396852 0.781141 0.392667 0.8499 0.414623 0.823861 0.431622 0.821958 0.396852 0.823861 0.431622 0.779635 0.419221 0.781141 0.392667 0.816319 0.490902 0.833435 0.472253 0.837561 0.493333 0.837561 0.493333 0.833435 0.472253 0.857288 0.474416 0.833435 0.472253 0.823861 0.431622 0.861484 0.447863 0.823861 0.431622 0.833435 0.472253 0.795797 0.466536 0.781141 0.392667 0.821958 0.396852 0.823861 0.431622 0.833435 0.472253 0.861484 0.447863 0.857288 0.474416 0.816319 0.490902 0.795797 0.466536 0.833435 0.472253 0.823861 0.431622 0.8499 0.414623 0.861484 0.447863 0.795797 0.466536 0.779635 0.419221 0.823861 0.431622 0.937489 0.389324 0.937489 0.382226 0.956168 0.389324 0.937489 0.389324 0.937489 0.382226 0.91881 0.389324 0.91881 0.481085 0.937489 0.488183 0.911073 0.481085 0.956168 0.481085 0.937489 0.488183 0.963906 0.481085 0.127671 0.455779 0.175741 0.425017 0.168492 0.413959 0.1484479 0.462109 0.175741 0.425017 0.127671 0.455779 0.1958819 0.40933 0.228729 0.392173 0.210895 0.375449 0.228729 0.392173 0.246562 0.392173 0.234673 0.375449 0.210895 0.375449 0.228729 0.392173 0.234673 0.375449 0.168492 0.413959 0.175741 0.425017 0.1886159 0.375449 0.175741 0.425017 0.210895 0.375449 0.1886159 0.375449 0.1958819 0.40933 0.210895 0.375449 0.175741 0.425017 0.1484479 0.462109 0.127671 0.455779 0.127671 0.492273 0.997129 0.250436 0.877381 0.370213 0.997129 0.370213 0.997129 0.250436 0.877381 0.250436 0.877381 0.370213 0.768946 0.2038909 0.764172 0.2020359 0.767628 0.2009129 0.782442 0.2316169 0.781685 0.2306489 0.782093 0.2267249 0.767628 0.2009129 0.771063 0.2034239 0.768946 0.2038909 0.785615 0.2277419 0.784795 0.2300279 0.785071 0.2297709 0.782947 0.2323859 0.782442 0.2316169 0.784269 0.2319409 0.782442 0.2316169 0.782947 0.2323859 0.781685 0.2306489 0.781141 0.2159589 0.781636 0.2152119 0.779962 0.2146299 0.780354 0.2204319 0.779595 0.2172739 0.782857 0.2194109 0.783741 0.2250409 0.783657 0.2287649 0.782093 0.2267249 0.780354 0.2204319 0.782857 0.2194109 0.783741 0.2250409 0.767628 0.2009129 0.766499 0.2006569 0.768693 0.2018649 0.766499 0.2006569 0.764172 0.1996189 0.764172 0.2002689 0.767628 0.2009129 0.764172 0.2002229 0.764172 0.1996189 0.777144 0.2111729 0.778533 0.2161849 0.779353 0.2163059 0.776603 0.2155579 0.773383 0.2154579 0.776401 0.2207359 0.776603 0.2155579 0.773101 0.2109829 0.773383 0.2154579 0.775378 0.2104989 0.778533 0.2161849 0.777144 0.2111729 0.777121 0.2117769 0.777144 0.2111729 0.779353 0.2163059 0.78023 0.2212079 0.779734 0.2181509 0.778533 0.2161849 0.778651 0.2209489 0.78023 0.2212079 0.778533 0.2161849 0.775378 0.2104989 0.773101 0.2109829 0.776603 0.2155579 0.768076 0.2135519 0.770022 0.2156189 0.769653 0.2117479 0.770022 0.2156189 0.773383 0.2154579 0.769653 0.2117479 0.770022 0.2156189 0.768076 0.2135519 0.767706 0.2156919 0.766611 0.2165399 0.766665 0.2179769 0.767734 0.2181469 0.766499 0.2006569 0.767628 0.2009129 0.764172 0.1996189 0.768076 0.2135519 0.766498 0.2144289 0.767706 0.2156919 0.773383 0.2154579 0.773101 0.2109829 0.769653 0.2117479 0.767628 0.2009129 0.771106 0.2038249 0.771063 0.2034239 0.779734 0.2181509 0.779353 0.2163059 0.778533 0.2161849 0.779353 0.2163059 0.779595 0.2172739 0.777121 0.2117769 0.783657 0.2287649 0.782442 0.2316169 0.782093 0.2267249 0.784269 0.2319409 0.782442 0.2316169 0.783657 0.2287649 0.779962 0.2146299 0.779595 0.2172739 0.779353 0.2163059 0.782637 0.2167859 0.781636 0.2152119 0.781141 0.2159589 0.767628 0.2009129 0.768693 0.2018649 0.771106 0.2038249 0.780354 0.2204319 0.783741 0.2250409 0.782093 0.2267249 0.776401 0.2207359 0.778651 0.2209489 0.776603 0.2155579 0.776603 0.2155579 0.778533 0.2161849 0.775378 0.2104989 0.778533 0.2161849 0.776603 0.2155579 0.778651 0.2209489 0.764172 0.2020359 0.764172 0.2002229 0.767628 0.2009129 0.07538098 0.441297 0.05196702 0.441297 0.05372101 0.458822 0.001945972 0.470232 0.02409297 0.473525 0.025123 0.456123 0.01266402 0.388409 0.02110999 0.40262 0.03855198 0.398995 0.001945972 0.387173 0.01266402 0.388409 0.001945972 0.374541 0.02841198 0.379934 0.03855198 0.398995 0.06805896 0.411719 0.042499 0.423674 0.07538098 0.435146 0.05630803 0.417697 0.07795697 0.392775 0.08794599 0.435146 0.12564 0.435146 0.08794599 0.435146 0.08794599 0.465899 0.12564 0.435146 0.04396897 0.435146 0.07538098 0.435146 0.042499 0.423674 0.02841198 0.379934 0.06805896 0.411719 0.07795697 0.392775 0.07795697 0.392775 0.06805896 0.411719 0.08794599 0.435146 0.01266402 0.388409 0.03855198 0.398995 0.02841198 0.379934 0.01266402 0.388409 0.02841198 0.379934 0.001945972 0.374541 0.025123 0.456123 0.001945972 0.456371 0.001945972 0.470232 0.025123 0.456123 0.05196702 0.441297 0.025123 0.441297 0.05372101 0.458822 0.05196702 0.441297 0.025123 0.456123 0.02409297 0.473525 0.05372101 0.458822 0.025123 0.456123 0.05372101 0.458822 0.07486897 0.456069 0.07538098 0.441297 0.781141 0.392667 0.821958 0.396852 0.802271 0.378808 0.821958 0.396852 0.823861 0.431622 0.8499 0.414623 0.781141 0.392667 0.779635 0.419221 0.823861 0.431622 0.837561 0.493333 0.833435 0.472253 0.816319 0.490902 0.857288 0.474416 0.833435 0.472253 0.837561 0.493333 0.861484 0.447863 0.823861 0.431622 0.833435 0.472253 0.795797 0.466536 0.833435 0.472253 0.823861 0.431622 0.823861 0.431622 0.821958 0.396852 0.781141 0.392667 0.857288 0.474416 0.861484 0.447863 0.833435 0.472253 0.833435 0.472253 0.795797 0.466536 0.816319 0.490902 0.861484 0.447863 0.8499 0.414623 0.823861 0.431622 0.823861 0.431622 0.779635 0.419221 0.795797 0.466536 0.622022 0.461917 0.604479 0.494614 0.622022 0.494614 0.622022 0.461917 0.586679 0.461917 0.604479 0.494614 0.751657 0.03722196 0.801518 0.02165794 0.804591 0.04513496 0.888776 8.37982e-4 0.867839 0.04053395 0.838914 8.37982e-4 0.941211 0.08213496 0.94364 0.02483397 0.977984 0.08254998 0.867839 0.04053395 0.915365 0.05485695 0.91282 0.05740195 0.927147 0.2434009 0.863845 0.2434009 0.880022 0.1872969 0.899833 0.180601 0.917411 0.1691609 0.927147 0.2434009 0.764122 0.1099909 0.805679 0.1029369 0.783548 0.1618459 0.751657 0.07360696 0.751657 0.03722196 0.804591 0.04513496 0.863845 0.2434009 0.810181 0.2019589 0.843099 0.1782289 0.835938 0.04159897 0.804591 0.04513496 0.801518 0.02165794 0.873047 0.5210019 0.873047 0.5210019 0.873047 0.5210019 0.810181 0.2019589 0.783548 0.1618459 0.816869 0.1523029 0.810181 0.2019589 0.816869 0.1523029 0.829102 0.1661849 0.941211 0.08213496 0.977984 0.08254998 0.940094 0.1338719 0.783548 0.1618459 0.805679 0.1029369 0.809896 0.1277729 0.917411 0.1691609 0.96601 0.1672889 0.927147 0.2434009 0.977984 0.08254998 0.96601 0.1672889 0.940094 0.1338719 0.764122 0.1099909 0.751657 0.07360696 0.804591 0.04513496 0.873047 0.5210019 0.873047 0.5210019 0.873047 0.5210019 0.809896 0.1277729 0.816869 0.1523029 0.783548 0.1618459 0.829102 0.1661849 0.843099 0.1782289 0.810181 0.2019589 0.863845 0.2434009 0.843099 0.1782289 0.862165 0.1864599 0.928571 0.1513039 0.96601 0.1672889 0.917411 0.1691609 0.354475 0.484241 0.35358 0.484258 0.354514 0.484493 0.93192 0.1404219 0.934431 0.1281449 0.940094 0.1338719 0.880022 0.1872969 0.899833 0.180601 0.927147 0.2434009 0.863845 0.2434009 0.862165 0.1864599 0.880022 0.1872969 0.352417 0.48429 0.35358 0.484258 0.353557 0.484134 0.351195 0.47467 0.353438 0.474649 0.352163 0.474409 0.804591 0.04513496 0.801518 0.02165794 0.751657 0.03722196 0.835938 0.04159897 0.801518 0.02165794 0.838914 8.37982e-4 0.458452 0.9737719 0.458097 0.9865559 0.48473 0.984426 0.875 0.517096 0.875 0.517096 0.875 0.517096 0.875 0.517096 0.875 0.517096 0.875 0.517096 0.875 0.517096 0.875 0.517096 0.875 0.517096 0.875 0.517096 0.875 0.517096 0.875 0.517096 0.875 0.517096 0.875 0.517096 0.875 0.517096 0.875 0.517096 0.875 0.517096 0.875 0.517096 0.299827 0.40642 0.281433 0.40642 0.281433 0.389814 0.352163 0.474409 0.342926 0.473775 0.351195 0.47467 0.342926 0.473775 0.344601 0.474284 0.351195 0.47467 0.354862 0.464948 0.342731 0.464018 0.353606 0.46514 0.342731 0.464018 0.344645 0.464712 0.353606 0.46514 0.353613 0.46271 0.360346 0.462306 0.353645 0.462928 0.360346 0.462306 0.360481 0.462345 0.353645 0.462928 0.353515 0.455743 0.360377 0.456304 0.353538 0.455487 0.360377 0.456304 0.36029 0.456069 0.353538 0.455487 0.355929 0.472549 0.362862 0.472144 0.355928 0.472639 0.362862 0.472144 0.362686 0.472182 0.355928 0.472639 0.355857 0.465239 0.362647 0.465507 0.355852 0.464994 0.362647 0.465507 0.362788 0.465314 0.355852 0.464994 0.353673 0.472775 0.344645 0.473272 0.354938 0.472607 0.344645 0.473272 0.342926 0.473775 0.354938 0.472607 0.352215 0.482296 0.352294 0.474735 0.351117 0.482374 0.352294 0.474735 0.351195 0.47467 0.351117 0.482374 0.351195 0.47467 0.344601 0.474284 0.351117 0.482374 0.344601 0.474284 0.344527 0.482841 0.351117 0.482374 0.352417 0.48429 0.344123 0.483651 0.352212 0.490442 0.344123 0.483651 0.343383 0.491252 0.352212 0.490442 0.353557 0.484134 0.342318 0.483399 0.352417 0.48429 0.342318 0.483399 0.344123 0.483651 0.352417 0.48429 0.354514 0.484493 0.357251 0.484831 0.354475 0.484241 0.357251 0.484831 0.35723 0.484562 0.354475 0.484241 0.354514 0.484493 0.353602 0.484381 0.35441 0.490221 0.353602 0.484381 0.353474 0.490326 0.35441 0.490221 0.353812 0.433015 0.35285 0.433133 0.353851 0.426881 0.35285 0.433133 0.352864 0.426766 0.353851 0.426881 0.354216 0.482149 0.360532 0.481665 0.35412 0.481937 0.360532 0.481665 0.360487 0.481289 0.35412 0.481937 0.352765 0.482091 0.342318 0.483399 0.352215 0.482296 0.342318 0.483399 0.344527 0.482841 0.352215 0.482296 0.352294 0.474735 0.344601 0.474284 0.352823 0.474454 0.344601 0.474284 0.342926 0.473775 0.352823 0.474454 0.354156 0.474541 0.360663 0.474945 0.354302 0.474845 0.360663 0.474945 0.360664 0.475165 0.354302 0.474845 0.355357 0.464971 0.362788 0.465314 0.355857 0.465239 0.362788 0.465314 0.362647 0.465507 0.355857 0.465239 0.353451 0.406073 0.341232 0.405135 0.353542 0.414449 0.341232 0.405135 0.341442 0.415627 0.353542 0.414449 0.354187 0.47268 0.342926 0.473775 0.353673 0.472775 0.342926 0.473775 0.344645 0.473272 0.353673 0.472775 0.355928 0.472639 0.362686 0.472182 0.355433 0.472578 0.362686 0.472182 0.362862 0.472144 0.355433 0.472578 0.35488 0.41434 0.362863 0.413873 0.354798 0.40616 0.362863 0.413873 0.362782 0.406529 0.354798 0.40616 0.353606 0.46514 0.344645 0.464712 0.354104 0.46489 0.344645 0.464712 0.342731 0.464018 0.354104 0.46489 0.354005 0.455783 0.360377 0.456304 0.354134 0.462886 0.360377 0.456304 0.360481 0.462345 0.354134 0.462886 0.352031 0.462846 0.342731 0.464018 0.351625 0.46308 0.342731 0.464018 0.344318 0.463561 0.351625 0.46308 0.351625 0.46308 0.344318 0.463561 0.351461 0.455571 0.344318 0.463561 0.343947 0.454926 0.351461 0.455571 0.353297 0.455466 0.36029 0.456069 0.354005 0.455783 0.36029 0.456069 0.360377 0.456304 0.354005 0.455783 0.354134 0.462886 0.360481 0.462345 0.353372 0.462725 0.360481 0.462345 0.360346 0.462306 0.353372 0.462725 0.900131 0.435205 0.905136 0.461694 0.937489 0.435205 0.905136 0.461694 0.937489 0.461694 0.937489 0.435205 0.900131 0.435205 0.905136 0.461694 0.884656 0.435205 0.905136 0.461694 0.891735 0.461694 0.884656 0.435205 0.974848 0.435205 0.969843 0.461694 0.937489 0.435205 0.969843 0.461694 0.937489 0.461694 0.937489 0.435205 0.974848 0.435205 0.969843 0.461694 0.990322 0.435205 0.969843 0.461694 0.983244 0.461694 0.990322 0.435205 0.905136 0.461694 0.91881 0.481085 0.937489 0.461694 0.91881 0.481085 0.937489 0.481085 0.937489 0.461694 0.905136 0.461694 0.91881 0.481085 0.891735 0.461694 0.91881 0.481085 0.911073 0.481085 0.891735 0.461694 0.969843 0.461694 0.956168 0.481085 0.937489 0.461694 0.956168 0.481085 0.937489 0.481085 0.937489 0.461694 0.969843 0.461694 0.956168 0.481085 0.983244 0.461694 0.956168 0.481085 0.963906 0.481085 0.983244 0.461694 0.91881 0.389324 0.905136 0.408716 0.937489 0.389324 0.905136 0.408716 0.937489 0.408716 0.937489 0.389324 0.91881 0.389324 0.905136 0.408716 0.911073 0.389324 0.905136 0.408716 0.891735 0.408716 0.911073 0.389324 0.956168 0.389324 0.969843 0.408716 0.937489 0.389324 0.969843 0.408716 0.937489 0.408716 0.937489 0.389324 0.956168 0.389324 0.969843 0.408716 0.963906 0.389324 0.969843 0.408716 0.983244 0.408716 0.963906 0.389324 0.905136 0.408716 0.900131 0.435205 0.937489 0.408716 0.900131 0.435205 0.937489 0.435205 0.937489 0.408716 0.905136 0.408716 0.900131 0.435205 0.891735 0.408716 0.900131 0.435205 0.884656 0.435205 0.891735 0.408716 0.969843 0.408716 0.974848 0.435205 0.937489 0.408716 0.974848 0.435205 0.937489 0.435205 0.937489 0.408716 0.969843 0.408716 0.974848 0.435205 0.983244 0.408716 0.974848 0.435205 0.990322 0.435205 0.983244 0.408716 0.1543619 0.545873 0.1543619 0.521335 0.200019 0.546543 0.1543619 0.521335 0.200019 0.522006 0.200019 0.546543 0.313975 0.770388 0.307739 0.750364 0.339509 0.7764239 0.307739 0.750364 0.360689 0.7518129 0.339509 0.7764239 0.9288 0.06592398 0.915365 0.05485695 0.925959 0.06947594 0.915365 0.05485695 0.91282 0.05740195 0.925959 0.06947594 0.820904 0.1478239 0.816869 0.1523029 0.830184 0.1640169 0.816869 0.1523029 0.829102 0.1661849 0.830184 0.1640169 0.805135 0.07403594 0.804591 0.04513496 0.805679 0.1029369 0.804591 0.04513496 0.764122 0.1099909 0.805679 0.1029369 0.934431 0.1281449 0.940094 0.1338719 0.935352 0.08525997 0.940094 0.1338719 0.941211 0.08213496 0.935352 0.08525997 0.96601 0.1672889 0.940094 0.1338719 0.928571 0.1513039 0.940094 0.1338719 0.93192 0.1404219 0.928571 0.1513039 0.813021 0.1263209 0.809896 0.1277729 0.820904 0.1478239 0.809896 0.1277729 0.816869 0.1523029 0.820904 0.1478239 0.876481 0.601969 0.91128 0.607867 0.875221 0.592566 0.91128 0.607867 0.911595 0.595657 0.875221 0.592566 0.875221 0.676786 0.875221 0.617617 0.846569 0.667984 0.875221 0.617617 0.841525 0.613528 0.846569 0.667984 0.903956 0.677021 0.911067 0.6269749 0.875221 0.676786 0.911067 0.6269749 0.875221 0.617617 0.875221 0.676786 0.92962 0.677082 0.953351 0.6890789 0.934924 0.646957 0.953351 0.6890789 0.954467 0.676922 0.934924 0.646957 0.846569 0.667984 0.841525 0.613528 0.814073 0.669068 0.841525 0.613528 0.814886 0.6173149 0.814073 0.669068 0.91128 0.607867 0.876481 0.601969 0.911067 0.6269749 0.876481 0.601969 0.875221 0.617617 0.911067 0.6269749 0.843061 0.597291 0.841525 0.613528 0.875221 0.592566 0.841525 0.613528 0.876481 0.601969 0.875221 0.592566 0.663009 0.6248419 0.701632 0.6248419 0.678458 0.678862 0.701632 0.6248419 0.701632 0.682721 0.678458 0.678862 0.739924 0.682721 0.739924 0.717584 0.701632 0.682721 0.739924 0.717584 0.701632 0.717005 0.701632 0.682721 0.739924 0.736741 0.701632 0.736741 0.739924 0.717584 0.701632 0.736741 0.701632 0.717005 0.739924 0.717584 0.701632 0.682721 0.701632 0.6248419 0.739924 0.682721 0.701632 0.6248419 0.739924 0.6248419 0.739924 0.682721 0.542867 0.622994 0.538979 0.660638 0.509206 0.621784 0.538979 0.660638 0.509206 0.657553 0.509206 0.621784 0.678458 0.7058719 0.701632 0.717005 0.670734 0.721306 0.701632 0.717005 0.701632 0.736741 0.670734 0.721306 0.678458 0.678862 0.701632 0.682721 0.678458 0.7058719 0.701632 0.682721 0.701632 0.717005 0.678458 0.7058719 0.56259 0.625888 0.56259 0.664932 0.542867 0.622994 0.56259 0.664932 0.538979 0.660638 0.542867 0.622994 0.875221 0.574585 0.837881 0.570673 0.875221 0.551113 0.837881 0.570673 0.837881 0.556981 0.875221 0.551113 0.788873 0.584365 0.837881 0.556981 0.801423 0.601969 0.837881 0.556981 0.837881 0.570673 0.801423 0.601969 0.903956 0.677021 0.898559 0.7388899 0.875221 0.676786 0.898559 0.7388899 0.875221 0.7388899 0.875221 0.676786 0.875221 0.676786 0.875221 0.7388899 0.846569 0.667984 0.875221 0.7388899 0.850216 0.738833 0.846569 0.667984 0.911067 0.6269749 0.91128 0.607867 0.934924 0.646957 0.91128 0.607867 0.940914 0.628663 0.934924 0.646957 0.903956 0.677021 0.911067 0.6269749 0.92962 0.677082 0.911067 0.6269749 0.934924 0.646957 0.92962 0.677082 0.989713 0.6373609 0.983558 0.639133 0.979646 0.6073459 0.983558 0.639133 0.973239 0.616123 0.979646 0.6073459 0.959237 0.6626049 0.954467 0.676922 0.940914 0.628663 0.954467 0.676922 0.934924 0.646957 0.940914 0.628663 0.837881 0.570673 0.875221 0.574585 0.843061 0.597291 0.875221 0.574585 0.875221 0.592566 0.843061 0.597291 0.944683 0.590544 0.912963 0.5784969 0.951379 0.580453 0.912963 0.5784969 0.913446 0.556981 0.951379 0.580453 0.779538 0.6501989 0.801423 0.601969 0.792132 0.667041 0.801423 0.601969 0.814886 0.6173149 0.792132 0.667041 0.911067 0.6269749 0.875221 0.617617 0.91128 0.607867 0.875221 0.617617 0.876481 0.601969 0.91128 0.607867 0.953351 0.6890789 0.935899 0.7388899 0.92962 0.677082 0.935899 0.7388899 0.912562 0.7388899 0.92962 0.677082 0.944683 0.590544 0.942552 0.613705 0.912963 0.5784969 0.942552 0.613705 0.911595 0.595657 0.912963 0.5784969 0.912963 0.5784969 0.911595 0.595657 0.875221 0.574585 0.911595 0.595657 0.875221 0.592566 0.875221 0.574585 0.934924 0.646957 0.954467 0.676922 0.92962 0.677082 0.954467 0.676922 0.953351 0.6890789 0.92962 0.677082 0.875221 0.676786 0.875221 0.617617 0.903956 0.677021 0.875221 0.617617 0.911067 0.6269749 0.903956 0.677021 0.846569 0.667984 0.841525 0.613528 0.875221 0.676786 0.841525 0.613528 0.875221 0.617617 0.875221 0.676786 0.978222 0.667524 0.989575 0.666867 0.973239 0.703681 0.989575 0.666867 0.986546 0.699769 0.973239 0.703681 0.814886 0.6173149 0.801423 0.601969 0.843061 0.597291 0.801423 0.601969 0.837881 0.570673 0.843061 0.597291 0.786539 0.726125 0.764767 0.719946 0.779538 0.6501989 0.764767 0.719946 0.765535 0.639133 0.779538 0.6501989 0.983558 0.639133 0.989713 0.6373609 0.978222 0.667524 0.989713 0.6373609 0.989575 0.666867 0.978222 0.667524 0.973239 0.703681 0.96157 0.7388899 0.953351 0.6890789 0.96157 0.7388899 0.935899 0.7388899 0.953351 0.6890789 0.913446 0.556981 0.912963 0.5784969 0.875221 0.551113 0.912963 0.5784969 0.875221 0.574585 0.875221 0.551113 0.898559 0.7388899 0.903956 0.677021 0.912562 0.7388899 0.903956 0.677021 0.92962 0.677082 0.912562 0.7388899 0.792132 0.667041 0.814073 0.669068 0.802371 0.7388899 0.814073 0.669068 0.831739 0.73881 0.802371 0.7388899 0.779538 0.6501989 0.765535 0.639133 0.801423 0.601969 0.765535 0.639133 0.788873 0.584365 0.801423 0.601969 0.1111949 0.2104389 0.1149349 0.2125189 0.09066301 0.2308159 0.1149349 0.2125189 0.09282302 0.2344179 0.09066301 0.2308159 0.02295899 0.20532 0.03971999 0.2219499 0.01403898 0.2104389 0.03971999 0.2219499 0.03456997 0.2308159 0.01403898 0.2104389 0.016824 0.1826039 0.02295899 0.20532 0.006524026 0.1826039 0.02295899 0.20532 0.01403898 0.2104389 0.006524026 0.1826039 0.02295899 0.1598869 0.016824 0.1826039 0.01403898 0.1547679 0.016824 0.1826039 0.006524026 0.1826039 0.01403898 0.1547679 0.03971999 0.1432579 0.02295899 0.1598869 0.03456997 0.1343909 0.02295899 0.1598869 0.01403898 0.1547679 0.03456997 0.1343909 0.02833402 0.2022359 0.03401601 0.198982 0.04282402 0.2166079 0.03401601 0.198982 0.04610401 0.2109719 0.04282402 0.2166079 0.04282402 0.1485999 0.04610401 0.1542349 0.02833402 0.1629719 0.04610401 0.1542349 0.03401601 0.1662249 0.02833402 0.1629719 0.02833402 0.1629719 0.03401601 0.1662249 0.02303099 0.1826039 0.03401601 0.1662249 0.02959197 0.1826039 0.02303099 0.1826039 0.02303099 0.1826039 0.02959197 0.1826039 0.02833402 0.2022359 0.02959197 0.1826039 0.03401601 0.198982 0.02833402 0.2022359 0.09689903 0.2022359 0.08240997 0.2166079 0.09121698 0.198982 0.08240997 0.2166079 0.07912898 0.2109719 0.09121698 0.198982 0.08240997 0.1485999 0.09689903 0.1629719 0.07912898 0.1542349 0.09689903 0.1629719 0.09121698 0.1662249 0.07912898 0.1542349 0.09689903 0.1629719 0.102203 0.1826039 0.09121698 0.1662249 0.102203 0.1826039 0.09564197 0.1826039 0.09121698 0.1662249 0.102203 0.1826039 0.09689903 0.2022359 0.09564197 0.1826039 0.09689903 0.2022359 0.09121698 0.198982 0.09564197 0.1826039 0.09689903 0.2022359 0.102203 0.1826039 0.102274 0.20532 0.102203 0.1826039 0.1084089 0.1826039 0.102274 0.20532 0.08240997 0.2166079 0.09689903 0.2022359 0.08551299 0.2219499 0.09689903 0.2022359 0.102274 0.20532 0.08551299 0.2219499 0.01029902 0.2125189 0.01403898 0.2104389 0.03241097 0.2344179 0.01403898 0.2104389 0.03456997 0.2308159 0.03241097 0.2344179 0.07017201 0.1900979 0.05506199 0.1900979 0.07017201 0.1751099 0.05506199 0.1900979 0.05506199 0.1751099 0.07017201 0.1751099 0.102203 0.1826039 0.09689903 0.1629719 0.1084089 0.1826039 0.09689903 0.1629719 0.102274 0.1598869 0.1084089 0.1826039 0.09689903 0.1629719 0.08240997 0.1485999 0.102274 0.1598869 0.08240997 0.1485999 0.08551299 0.1432579 0.102274 0.1598869 0.062617 0.1433389 0.04282402 0.1485999 0.062617 0.1371709 0.04282402 0.1485999 0.03971999 0.1432579 0.062617 0.1371709 0.04282402 0.1485999 0.02833402 0.1629719 0.03971999 0.1432579 0.02833402 0.1629719 0.02295899 0.1598869 0.03971999 0.1432579 0.02833402 0.1629719 0.02303099 0.1826039 0.02295899 0.1598869 0.02303099 0.1826039 0.016824 0.1826039 0.02295899 0.1598869 0.02303099 0.1826039 0.02833402 0.2022359 0.016824 0.1826039 0.02833402 0.2022359 0.02295899 0.20532 0.016824 0.1826039 0.02833402 0.2022359 0.04282402 0.2166079 0.02295899 0.20532 0.04282402 0.2166079 0.03971999 0.2219499 0.02295899 0.20532 0.08551299 0.2219499 0.102274 0.20532 0.09066301 0.2308159 0.102274 0.20532 0.1111949 0.2104389 0.09066301 0.2308159 0.102274 0.20532 0.1084089 0.1826039 0.1111949 0.2104389 0.1084089 0.1826039 0.1187099 0.1826039 0.1111949 0.2104389 0.1187099 0.1826039 0.1230279 0.1826039 0.1111949 0.2104389 0.1230279 0.1826039 0.1149349 0.2125189 0.1111949 0.2104389 0.1111949 0.1547679 0.1149349 0.1526889 0.1187099 0.1826039 0.1149349 0.1526889 0.1230279 0.1826039 0.1187099 0.1826039 0.09066301 0.1343909 0.09282302 0.1307899 0.1111949 0.1547679 0.09282302 0.1307899 0.1149349 0.1526889 0.1111949 0.1547679 0.03456997 0.1343909 0.03241097 0.1307899 0.062617 0.1269329 0.03241097 0.1307899 0.062617 0.1227739 0.062617 0.1269329 0.002205014 0.1826039 0.006524026 0.1826039 0.01029902 0.2125189 0.006524026 0.1826039 0.01403898 0.2104389 0.01029902 0.2125189 0.01029902 0.1526889 0.01403898 0.1547679 0.002205014 0.1826039 0.01403898 0.1547679 0.006524026 0.1826039 0.002205014 0.1826039 0.03456997 0.1343909 0.01403898 0.1547679 0.03241097 0.1307899 0.01403898 0.1547679 0.01029902 0.1526889 0.03241097 0.1307899 0.062617 0.1371709 0.03971999 0.1432579 0.062617 0.1269329 0.03971999 0.1432579 0.03456997 0.1343909 0.062617 0.1269329 0.102274 0.1598869 0.08551299 0.1432579 0.1111949 0.1547679 0.08551299 0.1432579 0.09066301 0.1343909 0.1111949 0.1547679 0.1084089 0.1826039 0.102274 0.1598869 0.1187099 0.1826039 0.102274 0.1598869 0.1111949 0.1547679 0.1187099 0.1826039 0.678458 0.678862 0.701632 0.682721 0.663009 0.6248419 0.701632 0.682721 0.701632 0.6248419 0.663009 0.6248419 0.701632 0.6248419 0.739924 0.6248419 0.701632 0.588769 0.739924 0.6248419 0.739924 0.588317 0.701632 0.588769 0.701632 0.682721 0.701632 0.717005 0.739924 0.682721 0.701632 0.717005 0.739924 0.717584 0.739924 0.682721 0.739924 0.717584 0.701632 0.717005 0.739924 0.736741 0.701632 0.717005 0.701632 0.736741 0.739924 0.736741 0.739924 0.682721 0.739924 0.6248419 0.701632 0.682721 0.739924 0.6248419 0.701632 0.6248419 0.701632 0.682721 0.509206 0.621784 0.509206 0.657553 0.542867 0.622994 0.509206 0.657553 0.538979 0.660638 0.542867 0.622994 0.670734 0.721306 0.701632 0.736741 0.678458 0.7058719 0.701632 0.736741 0.701632 0.717005 0.678458 0.7058719 0.678458 0.7058719 0.701632 0.717005 0.678458 0.678862 0.701632 0.717005 0.701632 0.682721 0.678458 0.678862 0.578039 0.660654 0.585764 0.638015 0.56259 0.664932 0.585764 0.638015 0.56259 0.625888 0.56259 0.664932 0.585764 0.590115 0.585764 0.613266 0.624387 0.590115 0.585764 0.613266 0.624387 0.613266 0.624387 0.590115 0.542867 0.622994 0.538979 0.660638 0.56259 0.625888 0.538979 0.660638 0.56259 0.664932 0.56259 0.625888 0.663009 0.6248419 0.701632 0.6248419 0.663009 0.590115 0.701632 0.6248419 0.701632 0.588769 0.663009 0.590115 0.934924 0.646957 0.940914 0.628663 0.911067 0.6269749 0.940914 0.628663 0.91128 0.607867 0.911067 0.6269749 0.92962 0.677082 0.934924 0.646957 0.903956 0.677021 0.934924 0.646957 0.911067 0.6269749 0.903956 0.677021 0.940914 0.628663 0.934924 0.646957 0.959237 0.6626049 0.934924 0.646957 0.954467 0.676922 0.959237 0.6626049 0.911595 0.595657 0.91128 0.607867 0.942552 0.613705 0.91128 0.607867 0.940914 0.628663 0.942552 0.613705 0.418657 0.654007 0.424435 0.699425 0.44466 0.654007 0.424435 0.699425 0.435992 0.699425 0.44466 0.654007 0.283989 0.707742 0.291102 0.701486 0.31472 0.726468 0.291102 0.701486 0.31472 0.718207 0.31472 0.726468 0.322675 0.69996 0.338178 0.695506 0.330224 0.718207 0.338178 0.695506 0.353314 0.701486 0.330224 0.718207 0.31472 0.726468 0.31472 0.718207 0.330501 0.726468 0.31472 0.718207 0.330224 0.718207 0.330501 0.726468 0.424435 0.699425 0.424435 0.713686 0.435992 0.699425 0.424435 0.713686 0.435992 0.713686 0.435992 0.699425 0.397677 0.5862 0.413181 0.601621 0.4907 0.5862 0.413181 0.601621 0.475196 0.601621 0.4907 0.5862 0.276163 0.670468 0.294783 0.677828 0.291102 0.701486 0.294783 0.677828 0.307171 0.695506 0.291102 0.701486 0.397677 0.5553579 0.397677 0.5862 0.4907 0.5553579 0.397677 0.5862 0.4907 0.5862 0.4907 0.5553579 0.464884 0.701815 0.459106 0.711377 0.487997 0.701815 0.459106 0.711377 0.493776 0.711377 0.487997 0.701815 0.475196 0.524515 0.413181 0.524515 0.4907 0.5553579 0.413181 0.524515 0.397677 0.5553579 0.4907 0.5553579 0.359847 0.707191 0.330501 0.726468 0.353314 0.701486 0.330501 0.726468 0.330426 0.718308 0.353314 0.701486 0.353314 0.701486 0.338178 0.695506 0.369186 0.670468 0.338178 0.695506 0.350566 0.677828 0.369186 0.670468 0.32241 0.631565 0.307171 0.63542 0.322675 0.600722 0.307171 0.63542 0.307171 0.608433 0.322675 0.600722 0.307171 0.63542 0.32241 0.631565 0.311659 0.645058 0.32241 0.631565 0.322727 0.64313 0.311659 0.645058 0.307171 0.695506 0.322675 0.69996 0.291102 0.701486 0.322675 0.69996 0.31472 0.718207 0.291102 0.701486 0.773248 0.2115949 0.773173 0.2091999 0.773742 0.2115949 0.773173 0.2091999 0.773555 0.2097939 0.773742 0.2115949 0.771698 0.2220099 0.76626 0.2220099 0.770181 0.2115949 0.76626 0.2220099 0.767034 0.2115949 0.770181 0.2115949 0.770103 0.2115949 0.766248 0.2115949 0.771778 0.2219079 0.766248 0.2115949 0.763809 0.2219079 0.771778 0.2219079 0.771778 0.2219079 0.763809 0.2219079 0.771838 0.2276709 0.763809 0.2219079 0.764026 0.2276249 0.771838 0.2276709 0.773173 0.2091999 0.773913 0.2074689 0.773555 0.2097939 0.773913 0.2074689 0.774554 0.2084519 0.773555 0.2097939 0.780491 0.2275909 0.778117 0.2274139 0.779185 0.2219399 0.778117 0.2274139 0.777563 0.2220099 0.779185 0.2219399 0.764215 0.2326079 0.763565 0.2298959 0.762927 0.2326079 0.763565 0.2298959 0.762144 0.2298959 0.762927 0.2326079 0.766248 0.2115949 0.770103 0.2115949 0.765577 0.2098369 0.770103 0.2115949 0.769985 0.2099379 0.765577 0.2098369 0.766492 0.2091769 0.76385 0.2096229 0.765949 0.2074689 0.76385 0.2096229 0.763158 0.2081649 0.765949 0.2074689 0.774554 0.2084519 0.769985 0.2087039 0.773555 0.2097939 0.769985 0.2087039 0.769985 0.2099379 0.773555 0.2097939 0.765577 0.2098369 0.769985 0.2099379 0.765035 0.2085369 0.769985 0.2099379 0.769985 0.2087039 0.765035 0.2085369 0.766492 0.2091769 0.76984 0.2090249 0.767034 0.2115949 0.76984 0.2090249 0.770181 0.2115949 0.767034 0.2115949 0.777563 0.2220099 0.771698 0.2220099 0.773248 0.2115949 0.771698 0.2220099 0.770181 0.2115949 0.773248 0.2115949 0.765949 0.2074689 0.769877 0.2073309 0.766492 0.2091769 0.769877 0.2073309 0.76984 0.2090249 0.766492 0.2091769 0.767034 0.2115949 0.764392 0.2115949 0.766492 0.2091769 0.764392 0.2115949 0.76385 0.2096229 0.766492 0.2091769 0.76643 0.2274159 0.762935 0.2275549 0.76626 0.2220099 0.762935 0.2275549 0.762232 0.2220099 0.76626 0.2220099 0.772205 0.2298959 0.763565 0.2298959 0.773148 0.2326079 0.763565 0.2298959 0.764215 0.2326079 0.773148 0.2326079 0.784122 0.2326079 0.781449 0.2298959 0.773148 0.2326079 0.781449 0.2298959 0.772205 0.2298959 0.773148 0.2326079 0.779685 0.2298959 0.781449 0.2298959 0.781925 0.2326079 0.781449 0.2298959 0.784122 0.2326079 0.781925 0.2326079 0.773173 0.2091999 0.76984 0.2090249 0.773913 0.2074689 0.76984 0.2090249 0.769877 0.2073309 0.773913 0.2074689 0.773248 0.2115949 0.770181 0.2115949 0.773173 0.2091999 0.770181 0.2115949 0.76984 0.2090249 0.773173 0.2091999 0.778117 0.2274139 0.77215 0.2273529 0.777563 0.2220099 0.77215 0.2273529 0.771698 0.2220099 0.777563 0.2220099 0.779685 0.2298959 0.781925 0.2326079 0.772599 0.2298959 0.781925 0.2326079 0.77341 0.2326079 0.772599 0.2298959 0.779185 0.2219399 0.777563 0.2220099 0.773742 0.2115949 0.777563 0.2220099 0.773248 0.2115949 0.773742 0.2115949 0.769985 0.2099379 0.770103 0.2115949 0.773555 0.2097939 0.770103 0.2115949 0.773742 0.2115949 0.773555 0.2097939 0.772599 0.2298959 0.77341 0.2326079 0.765074 0.2298959 0.77341 0.2326079 0.765514 0.2326079 0.765074 0.2298959 0.77215 0.2273529 0.76643 0.2274159 0.771698 0.2220099 0.76643 0.2274159 0.76626 0.2220099 0.771698 0.2220099 0.762232 0.2220099 0.764392 0.2115949 0.76626 0.2220099 0.764392 0.2115949 0.767034 0.2115949 0.76626 0.2220099 0.779185 0.2219399 0.771778 0.2219079 0.780491 0.2275909 0.771778 0.2219079 0.771838 0.2276709 0.780491 0.2275909 0.773742 0.2115949 0.770103 0.2115949 0.779185 0.2219399 0.770103 0.2115949 0.771778 0.2219079 0.779185 0.2219399 0.44466 0.654007 0.435992 0.699425 0.418657 0.654007 0.435992 0.699425 0.424435 0.699425 0.418657 0.654007 0.31472 0.726468 0.31472 0.718207 0.283989 0.707742 0.31472 0.718207 0.291102 0.701486 0.283989 0.707742 0.330501 0.726468 0.330224 0.718207 0.31472 0.726468 0.330224 0.718207 0.31472 0.718207 0.31472 0.726468 0.435992 0.699425 0.435992 0.713686 0.424435 0.699425 0.435992 0.713686 0.424435 0.713686 0.424435 0.699425 0.338178 0.63542 0.32241 0.631565 0.333743 0.645058 0.32241 0.631565 0.322727 0.64313 0.333743 0.645058 0.4907 0.5862 0.475196 0.601621 0.397677 0.5862 0.475196 0.601621 0.413181 0.601621 0.397677 0.5862 0.291102 0.701486 0.307171 0.695506 0.276163 0.670468 0.307171 0.695506 0.294783 0.677828 0.276163 0.670468 0.322675 0.69996 0.338178 0.695506 0.322675 0.6855379 0.338178 0.695506 0.334302 0.681683 0.322675 0.6855379 0.307171 0.695506 0.322675 0.69996 0.311047 0.681683 0.322675 0.69996 0.322675 0.6855379 0.311047 0.681683 0.4907 0.5553579 0.4907 0.5862 0.397677 0.5553579 0.4907 0.5862 0.397677 0.5862 0.397677 0.5553579 0.487997 0.701815 0.493776 0.711377 0.464884 0.701815 0.493776 0.711377 0.459106 0.711377 0.464884 0.701815 0.353682 0.523617 0.338178 0.554459 0.38469 0.577591 0.338178 0.554459 0.361434 0.585301 0.38469 0.577591 0.4907 0.5553579 0.397677 0.5553579 0.475196 0.524515 0.397677 0.5553579 0.413181 0.524515 0.475196 0.524515 0.291667 0.523617 0.260659 0.577591 0.307171 0.554459 0.260659 0.577591 0.2839151 0.585301 0.307171 0.554459 0.353314 0.701486 0.330426 0.718308 0.359847 0.707191 0.330426 0.718308 0.330501 0.726468 0.359847 0.707191 0.350566 0.677828 0.353682 0.646986 0.333743 0.645058 0.353682 0.646986 0.338178 0.63542 0.333743 0.645058 0.311659 0.645058 0.322727 0.64313 0.307171 0.63542 0.322727 0.64313 0.32241 0.631565 0.307171 0.63542 0.291667 0.646986 0.294783 0.677828 0.311659 0.645058 0.294783 0.677828 0.303295 0.673973 0.311659 0.645058 0.333743 0.645058 0.334302 0.681683 0.350566 0.677828 0.334302 0.681683 0.338178 0.695506 0.350566 0.677828 0.291102 0.701486 0.31472 0.718207 0.307171 0.695506 0.31472 0.718207 0.322675 0.69996 0.307171 0.695506 0.773742 0.2115949 0.773555 0.2097939 0.773248 0.2115949 0.773555 0.2097939 0.773173 0.2091999 0.773248 0.2115949 0.770181 0.2115949 0.767034 0.2115949 0.771698 0.2220099 0.767034 0.2115949 0.76626 0.2220099 0.771698 0.2220099 0.764392 0.2115949 0.766248 0.2115949 0.762232 0.2220099 0.766248 0.2115949 0.763809 0.2219079 0.762232 0.2220099 0.771778 0.2219079 0.763809 0.2219079 0.770103 0.2115949 0.763809 0.2219079 0.766248 0.2115949 0.770103 0.2115949 0.771838 0.2276709 0.764026 0.2276249 0.771778 0.2219079 0.764026 0.2276249 0.763809 0.2219079 0.771778 0.2219079 0.762232 0.2220099 0.763809 0.2219079 0.762935 0.2275549 0.763809 0.2219079 0.764026 0.2276249 0.762935 0.2275549 0.765035 0.2085369 0.765577 0.2098369 0.763158 0.2081649 0.765577 0.2098369 0.76385 0.2096229 0.763158 0.2081649 0.773555 0.2097939 0.774554 0.2084519 0.773173 0.2091999 0.774554 0.2084519 0.773913 0.2074689 0.773173 0.2091999 0.779185 0.2219399 0.777563 0.2220099 0.780491 0.2275909 0.777563 0.2220099 0.778117 0.2274139 0.780491 0.2275909 0.765074 0.2298959 0.762144 0.2298959 0.765514 0.2326079 0.762144 0.2298959 0.762927 0.2326079 0.765514 0.2326079 0.772205 0.2298959 0.763565 0.2298959 0.771845 0.2287659 0.763565 0.2298959 0.763397 0.2287659 0.771845 0.2287659 0.765577 0.2098369 0.769985 0.2099379 0.766248 0.2115949 0.769985 0.2099379 0.770103 0.2115949 0.766248 0.2115949 0.773555 0.2097939 0.769985 0.2099379 0.774554 0.2084519 0.769985 0.2099379 0.769985 0.2087039 0.774554 0.2084519 0.765035 0.2085369 0.769985 0.2087039 0.765577 0.2098369 0.769985 0.2087039 0.769985 0.2099379 0.765577 0.2098369 0.767034 0.2115949 0.770181 0.2115949 0.766492 0.2091769 0.770181 0.2115949 0.76984 0.2090249 0.766492 0.2091769 0.773248 0.2115949 0.770181 0.2115949 0.777563 0.2220099 0.770181 0.2115949 0.771698 0.2220099 0.777563 0.2220099 0.766492 0.2091769 0.76984 0.2090249 0.765949 0.2074689 0.76984 0.2090249 0.769877 0.2073309 0.765949 0.2074689 0.781449 0.2298959 0.772205 0.2298959 0.77784 0.2287659 0.772205 0.2298959 0.771845 0.2287659 0.77784 0.2287659 0.76385 0.2096229 0.765577 0.2098369 0.764392 0.2115949 0.765577 0.2098369 0.766248 0.2115949 0.764392 0.2115949 0.773148 0.2326079 0.764215 0.2326079 0.772205 0.2298959 0.764215 0.2326079 0.763565 0.2298959 0.772205 0.2298959 0.773148 0.2326079 0.772205 0.2298959 0.784122 0.2326079 0.772205 0.2298959 0.781449 0.2298959 0.784122 0.2326079 0.781925 0.2326079 0.784122 0.2326079 0.779685 0.2298959 0.784122 0.2326079 0.781449 0.2298959 0.779685 0.2298959 0.773913 0.2074689 0.769877 0.2073309 0.773173 0.2091999 0.769877 0.2073309 0.76984 0.2090249 0.773173 0.2091999 0.773173 0.2091999 0.76984 0.2090249 0.773248 0.2115949 0.76984 0.2090249 0.770181 0.2115949 0.773248 0.2115949 0.777563 0.2220099 0.771698 0.2220099 0.778117 0.2274139 0.771698 0.2220099 0.77215 0.2273529 0.778117 0.2274139 0.772599 0.2298959 0.77341 0.2326079 0.779685 0.2298959 0.77341 0.2326079 0.781925 0.2326079 0.779685 0.2298959 0.773742 0.2115949 0.773248 0.2115949 0.779185 0.2219399 0.773248 0.2115949 0.777563 0.2220099 0.779185 0.2219399 0.773555 0.2097939 0.773742 0.2115949 0.769985 0.2099379 0.773742 0.2115949 0.770103 0.2115949 0.769985 0.2099379 0.765074 0.2298959 0.765514 0.2326079 0.772599 0.2298959 0.765514 0.2326079 0.77341 0.2326079 0.772599 0.2298959 0.771698 0.2220099 0.76626 0.2220099 0.77215 0.2273529 0.76626 0.2220099 0.76643 0.2274159 0.77215 0.2273529 0.780491 0.2275909 0.771838 0.2276709 0.779185 0.2219399 0.771838 0.2276709 0.771778 0.2219079 0.779185 0.2219399 0.779185 0.2219399 0.771778 0.2219079 0.773742 0.2115949 0.771778 0.2219079 0.770103 0.2115949 0.773742 0.2115949 0.258029 0.283993 0.270097 0.270455 0.258029 0.309903 0.270097 0.270455 0.270097 0.309903 0.258029 0.309903 0.258029 0.283993 0.270097 0.270455 0.258029 0.309903 0.270097 0.270455 0.270097 0.309903 0.258029 0.309903 0.258029 0.283993 0.270097 0.270455 0.258029 0.309903 0.270097 0.270455 0.270097 0.309903 0.258029 0.309903 0.258029 0.283993 0.270097 0.270455 0.258029 0.309903 0.270097 0.270455 0.270097 0.309903 0.258029 0.309903 0.258029 0.283993 0.270097 0.270455 0.258029 0.309903 0.270097 0.270455 0.270097 0.309903 0.258029 0.309903 0.270097 0.270455 0.288199 0.262334 0.270097 0.309903 0.288199 0.262334 0.288199 0.309903 0.270097 0.309903 0.270097 0.270455 0.288199 0.262334 0.270097 0.309903 0.288199 0.262334 0.288199 0.309903 0.270097 0.309903 0.270097 0.270455 0.288199 0.262334 0.270097 0.309903 0.288199 0.262334 0.288199 0.309903 0.270097 0.309903 0.270097 0.270455 0.288199 0.262334 0.270097 0.309903 0.288199 0.262334 0.288199 0.309903 0.270097 0.309903 0.270097 0.270455 0.288199 0.262334 0.270097 0.309903 0.288199 0.262334 0.288199 0.309903 0.270097 0.309903 0.288199 0.262334 0.306301 0.257055 0.288199 0.309903 0.306301 0.257055 0.306301 0.309903 0.288199 0.309903 0.306301 0.257055 0.306301 0.309903 0.288199 0.262334 0.306301 0.309903 0.288199 0.309903 0.288199 0.262334 0.288199 0.262334 0.306301 0.257055 0.288199 0.309903 0.306301 0.257055 0.306301 0.309903 0.288199 0.309903 0.306301 0.257055 0.306301 0.309903 0.288199 0.262334 0.306301 0.309903 0.288199 0.309903 0.288199 0.262334 0.306301 0.257055 0.306301 0.309903 0.288199 0.262334 0.306301 0.309903 0.288199 0.309903 0.288199 0.262334 0.789746 0.2221919 0.780284 0.2279669 0.774949 0.2281379 0.780284 0.2279669 0.780944 0.2267999 0.774949 0.2281379 0.788337 0.2219199 0.780944 0.2267999 0.785053 0.2221919 0.780944 0.2267999 0.775547 0.2225169 0.785053 0.2221919 0.770035 0.2177239 0.775547 0.2225169 0.774949 0.2169319 0.775547 0.2225169 0.782126 0.2201999 0.774949 0.2169319 0.774949 0.2169319 0.782126 0.2201999 0.774949 0.2169319 0.782126 0.2201999 0.78369 0.2205009 0.774949 0.2169319 0.774949 0.2203949 0.78369 0.2205009 0.774949 0.2203949 0.78369 0.2205009 0.783413 0.2257419 0.774949 0.2203949 0.774949 0.2281379 0.783413 0.2257419 0.774949 0.2246749 0.783413 0.2257419 0.783211 0.2275609 0.774949 0.2246749 0.770035 0.2273459 0.783211 0.2275609 0.774949 0.2281379 0.783211 0.2275609 0.782508 0.2279899 0.774949 0.2281379 0.774949 0.2246749 0.782508 0.2279899 0.774949 0.22946 0.782508 0.2279899 0.780284 0.2279669 0.774949 0.22946 0.333643 0.444669 0.33166 0.446518 0.333877 0.445075 0.33166 0.446518 0.331792 0.447122 0.333877 0.445075 0.334193 0.390987 0.338417 0.385226 0.331718 0.384766 0.338417 0.385226 0.334528 0.381302 0.331718 0.384766 0.336728 0.450685 0.333643 0.444669 0.340084 0.445606 0.333643 0.444669 0.336351 0.441565 0.340084 0.445606 0.36755 0.40712 0.367662 0.413367 0.370819 0.407863 0.367662 0.413367 0.37087 0.412538 0.370819 0.407863 0.338388 0.385338 0.338417 0.385226 0.334781 0.390799 0.338417 0.385226 0.334193 0.390987 0.334781 0.390799 0.351842 0.484225 0.344123 0.483651 0.352387 0.484058 0.344123 0.483651 0.342318 0.483399 0.352387 0.484058 0.336351 0.441565 0.336491 0.441853 0.3371 0.440707 0.336491 0.441853 0.337169 0.440922 0.3371 0.440707 0.340692 0.379831 0.338417 0.385226 0.340666 0.380595 0.338417 0.385226 0.338388 0.385338 0.340666 0.380595 0.359214 0.43229 0.359366 0.428032 0.356699 0.432662 0.359366 0.428032 0.356811 0.427226 0.356699 0.432662 0.364126 0.456765 0.360377 0.456304 0.364203 0.456897 0.360377 0.456304 0.36029 0.456069 0.364203 0.456897 0.281433 0.434887 0.281433 0.420233 0.299827 0.434887 0.281433 0.420233 0.299827 0.420233 0.299827 0.434887 0.281433 0.420233 0.281433 0.40642 0.299827 0.420233 0.281433 0.40642 0.299827 0.40642 0.299827 0.420233 0.281433 0.389814 0.281433 0.37558 0.299827 0.389814 0.281433 0.37558 0.299827 0.37558 0.299827 0.389814 0.281433 0.47996 0.281433 0.465727 0.299827 0.47996 0.281433 0.465727 0.299827 0.465727 0.299827 0.47996 0.281433 0.465727 0.281433 0.449121 0.299827 0.465727 0.281433 0.449121 0.299827 0.449121 0.299827 0.465727 0.364232 0.462026 0.36413 0.461821 0.360481 0.462345 0.36413 0.461821 0.360346 0.462306 0.360481 0.462345 0.322873 0.391296 0.331611 0.39448 0.329478 0.386968 0.331611 0.39448 0.334193 0.390987 0.329478 0.386968 0.333877 0.445075 0.336491 0.441853 0.333643 0.444669 0.336491 0.441853 0.336351 0.441565 0.333643 0.444669 0.281433 0.434887 0.281433 0.449121 0.269269 0.434887 0.281433 0.449121 0.269269 0.449121 0.269269 0.434887 0.299827 0.434887 0.299827 0.449121 0.281433 0.434887 0.299827 0.449121 0.281433 0.449121 0.281433 0.434887 0.367567 0.465869 0.362647 0.465507 0.367225 0.465864 0.362647 0.465507 0.362788 0.465314 0.367225 0.465864 0.258275 0.389814 0.252423 0.396931 0.256812 0.37558 0.252423 0.396931 0.252423 0.37558 0.256812 0.37558 0.269269 0.434887 0.269269 0.420233 0.281433 0.434887 0.269269 0.420233 0.281433 0.420233 0.281433 0.434887 0.281433 0.40642 0.281433 0.420233 0.269269 0.40642 0.281433 0.420233 0.269269 0.420233 0.269269 0.40642 0.281433 0.389814 0.281433 0.40642 0.269269 0.389814 0.281433 0.40642 0.269269 0.40642 0.269269 0.389814 0.281433 0.37558 0.281433 0.389814 0.269269 0.37558 0.281433 0.389814 0.269269 0.389814 0.269269 0.37558 0.269269 0.494194 0.269269 0.47996 0.281433 0.494194 0.269269 0.47996 0.281433 0.47996 0.281433 0.494194 0.269269 0.465727 0.281433 0.465727 0.269269 0.47996 0.281433 0.465727 0.281433 0.47996 0.269269 0.47996 0.281433 0.449121 0.281433 0.465727 0.269269 0.449121 0.281433 0.465727 0.269269 0.465727 0.269269 0.449121 0.353474 0.490326 0.357217 0.489903 0.352952 0.490122 0.357217 0.489903 0.357126 0.489618 0.352952 0.490122 0.353602 0.484381 0.357251 0.484831 0.353474 0.490326 0.357251 0.484831 0.357217 0.489903 0.353474 0.490326 0.364867 0.480925 0.360487 0.481289 0.3649 0.481389 0.360487 0.481289 0.360532 0.481665 0.3649 0.481389 0.360377 0.456304 0.364126 0.456765 0.360481 0.462345 0.364126 0.456765 0.364232 0.462026 0.360481 0.462345 0.309934 0.41483 0.309847 0.405186 0.301418 0.415032 0.309847 0.405186 0.301418 0.405654 0.301418 0.415032 0.305677 0.473222 0.305677 0.464812 0.313597 0.472718 0.305677 0.464812 0.313713 0.465004 0.313597 0.472718 0.342052 0.436614 0.342093 0.436562 0.340348 0.436655 0.342093 0.436562 0.340293 0.436738 0.340348 0.436655 0.301418 0.422852 0.309974 0.422546 0.301418 0.415032 0.309974 0.422546 0.309934 0.41483 0.301418 0.415032 0.340293 0.436738 0.3371 0.440707 0.340348 0.436655 0.3371 0.440707 0.337169 0.440922 0.340348 0.436655 0.352972 0.484096 0.35723 0.484562 0.353602 0.484381 0.35723 0.484562 0.357251 0.484831 0.353602 0.484381 0.353542 0.414449 0.35488 0.41434 0.353451 0.406073 0.35488 0.41434 0.354798 0.40616 0.353451 0.406073 0.36755 0.40712 0.362782 0.406529 0.367662 0.413367 0.362782 0.406529 0.362863 0.413873 0.367662 0.413367 0.252423 0.494194 0.252423 0.472844 0.256812 0.494194 0.252423 0.472844 0.258275 0.47996 0.256812 0.494194 0.258275 0.449121 0.26125 0.45861 0.252423 0.449121 0.26125 0.45861 0.252423 0.463355 0.252423 0.449121 0.367329 0.471674 0.362862 0.472144 0.367567 0.471656 0.362862 0.472144 0.362686 0.472182 0.367567 0.471656 0.364903 0.475395 0.365075 0.475535 0.360663 0.474945 0.365075 0.475535 0.360664 0.475165 0.360663 0.474945 0.360881 0.488621 0.357217 0.489903 0.360879 0.485811 0.357217 0.489903 0.357251 0.484831 0.360879 0.485811 0.334906 0.394202 0.334781 0.390799 0.331611 0.39448 0.334781 0.390799 0.334193 0.390987 0.331611 0.39448 0.344318 0.463561 0.342945 0.464134 0.343947 0.454926 0.342945 0.464134 0.34272 0.454821 0.343947 0.454926 0.305677 0.485163 0.313226 0.485453 0.305677 0.480494 0.313226 0.485453 0.31364 0.48021 0.305677 0.480494 0.305677 0.480868 0.305677 0.473222 0.313438 0.480519 0.305677 0.473222 0.313597 0.472718 0.313438 0.480519 0.365075 0.475535 0.369181 0.476709 0.3649 0.481389 0.369181 0.476709 0.36912 0.480066 0.3649 0.481389 0.370819 0.407863 0.37087 0.412538 0.372044 0.408491 0.37087 0.412538 0.372042 0.41203 0.372044 0.408491 0.339702 0.464299 0.339802 0.454013 0.342945 0.464134 0.339802 0.454013 0.34272 0.454821 0.342945 0.464134 0.313678 0.460828 0.313713 0.465004 0.305677 0.460903 0.313713 0.465004 0.305677 0.464812 0.305677 0.460903 0.367436 0.457949 0.367432 0.460716 0.364126 0.456765 0.367432 0.460716 0.364232 0.462026 0.364126 0.456765 0.367567 0.465869 0.371407 0.467138 0.367567 0.471656 0.371407 0.467138 0.371405 0.47043 0.367567 0.471656 0.351461 0.455571 0.352534 0.455663 0.351625 0.46308 0.352534 0.455663 0.352669 0.463011 0.351625 0.46308 0.332195 0.449725 0.33166 0.446518 0.336728 0.450685 0.33166 0.446518 0.333643 0.444669 0.336728 0.450685 0.339802 0.454013 0.339702 0.464299 0.327325 0.457123 0.339702 0.464299 0.3271 0.464258 0.327325 0.457123 0.3371 0.440707 0.340293 0.436738 0.340084 0.445606 0.340293 0.436738 0.342205 0.441195 0.340084 0.445606 0.281433 0.494194 0.281433 0.47996 0.299827 0.494194 0.281433 0.47996 0.299827 0.47996 0.299827 0.494194 0.338417 0.385226 0.340692 0.379831 0.335255 0.380301 0.340692 0.379831 0.338671 0.375713 0.335255 0.380301 0.296367 0.400389 0.296367 0.400389 0.296367 0.400389 0.296367 0.400389 0.296367 0.400389 0.296367 0.400389 0.341442 0.415627 0.341232 0.405135 0.340932 0.41545 0.341232 0.405135 0.340241 0.406267 0.340932 0.41545 0.1638879 0.290153 0.16605 0.259278 0.1883959 0.290153 0.16605 0.259278 0.1883959 0.259278 0.1883959 0.290153 0.1883959 0.259278 0.2107409 0.259278 0.1883959 0.290153 0.2107409 0.259278 0.2129039 0.290153 0.1883959 0.290153 0.1883959 0.324116 0.2129039 0.317941 0.1883959 0.290153 0.2129039 0.317941 0.2129039 0.290153 0.1883959 0.290153 0.1638879 0.317941 0.1883959 0.324116 0.1638879 0.290153 0.1883959 0.324116 0.1883959 0.290153 0.1638879 0.290153 0.2129039 0.354991 0.1883959 0.364253 0.2129039 0.317941 0.1883959 0.364253 0.1883959 0.324116 0.2129039 0.317941 0.1638879 0.317941 0.1883959 0.324116 0.1638879 0.354991 0.1883959 0.324116 0.1883959 0.364253 0.1638879 0.354991 0.1883959 0.364253 0.2129039 0.354991 0.1883959 0.324116 0.2129039 0.354991 0.2129039 0.317941 0.1883959 0.324116 0.1638879 0.354991 0.1883959 0.364253 0.1638879 0.317941 0.1883959 0.364253 0.1883959 0.324116 0.1638879 0.317941 0.258029 0.335814 0.270097 0.349352 0.258029 0.309903 0.270097 0.349352 0.270097 0.309903 0.258029 0.309903 0.258029 0.335814 0.270097 0.349352 0.258029 0.309903 0.270097 0.349352 0.270097 0.309903 0.258029 0.309903 0.258029 0.335814 0.270097 0.349352 0.258029 0.309903 0.270097 0.349352 0.270097 0.309903 0.258029 0.309903 0.258029 0.335814 0.270097 0.349352 0.258029 0.309903 0.270097 0.349352 0.270097 0.309903 0.258029 0.309903 0.258029 0.335814 0.270097 0.349352 0.258029 0.309903 0.270097 0.349352 0.270097 0.309903 0.258029 0.309903 0.270097 0.349352 0.288199 0.357472 0.270097 0.309903 0.288199 0.357472 0.288199 0.309903 0.270097 0.309903 0.270097 0.349352 0.288199 0.357472 0.270097 0.309903 0.288199 0.357472 0.288199 0.309903 0.270097 0.309903 0.270097 0.349352 0.288199 0.357472 0.270097 0.309903 0.288199 0.357472 0.288199 0.309903 0.270097 0.309903 0.270097 0.349352 0.288199 0.357472 0.270097 0.309903 0.288199 0.357472 0.288199 0.309903 0.270097 0.309903 0.270097 0.349352 0.288199 0.357472 0.270097 0.309903 0.288199 0.357472 0.288199 0.309903 0.270097 0.309903 0.288199 0.357472 0.306301 0.362752 0.288199 0.309903 0.306301 0.362752 0.306301 0.309903 0.288199 0.309903 0.288199 0.357472 0.306301 0.362752 0.288199 0.309903 0.306301 0.362752 0.306301 0.309903 0.288199 0.309903 0.288199 0.357472 0.306301 0.362752 0.288199 0.309903 0.306301 0.362752 0.306301 0.309903 0.288199 0.309903 0.288199 0.357472 0.306301 0.362752 0.288199 0.309903 0.306301 0.362752 0.306301 0.309903 0.288199 0.309903 0.288199 0.357472 0.306301 0.362752 0.288199 0.309903 0.306301 0.362752 0.306301 0.309903 0.288199 0.309903 0.774949 0.2281379 0.780944 0.2267999 0.789746 0.2221919 0.780944 0.2267999 0.780284 0.2279669 0.789746 0.2221919 0.785053 0.2221919 0.775547 0.2225169 0.788337 0.2219199 0.775547 0.2225169 0.780944 0.2267999 0.788337 0.2219199 0.774949 0.2169319 0.782126 0.2201999 0.770035 0.2177239 0.782126 0.2201999 0.775547 0.2225169 0.770035 0.2177239 0.774949 0.2169319 0.78369 0.2205009 0.774949 0.2169319 0.78369 0.2205009 0.782126 0.2201999 0.774949 0.2169319 0.774949 0.2203949 0.783413 0.2257419 0.774949 0.2203949 0.783413 0.2257419 0.78369 0.2205009 0.774949 0.2203949 0.774949 0.2246749 0.783211 0.2275609 0.774949 0.2281379 0.783211 0.2275609 0.783413 0.2257419 0.774949 0.2281379 0.774949 0.2281379 0.782508 0.2279899 0.770035 0.2273459 0.782508 0.2279899 0.783211 0.2275609 0.770035 0.2273459 0.774949 0.22946 0.780284 0.2279669 0.774949 0.2246749 0.780284 0.2279669 0.782508 0.2279899 0.774949 0.2246749 0.333877 0.445075 0.331792 0.447122 0.333643 0.444669 0.331792 0.447122 0.33166 0.446518 0.333643 0.444669 0.331718 0.384766 0.334528 0.381302 0.334193 0.390987 0.334528 0.381302 0.338417 0.385226 0.334193 0.390987 0.340084 0.445606 0.336351 0.441565 0.336728 0.450685 0.336351 0.441565 0.333643 0.444669 0.336728 0.450685 0.370819 0.407863 0.37087 0.412538 0.36755 0.40712 0.37087 0.412538 0.367662 0.413367 0.36755 0.40712 0.334781 0.390799 0.334193 0.390987 0.338388 0.385338 0.334193 0.390987 0.338417 0.385226 0.338388 0.385338 0.3371 0.440707 0.337169 0.440922 0.336351 0.441565 0.337169 0.440922 0.336491 0.441853 0.336351 0.441565 0.340666 0.380595 0.338388 0.385338 0.340692 0.379831 0.338388 0.385338 0.338417 0.385226 0.340692 0.379831 0.367567 0.465869 0.362647 0.465507 0.367567 0.471656 0.362647 0.465507 0.362686 0.472182 0.367567 0.471656 0.356699 0.432662 0.356811 0.427226 0.359214 0.43229 0.356811 0.427226 0.359366 0.428032 0.359214 0.43229 0.364203 0.456897 0.36029 0.456069 0.364126 0.456765 0.36029 0.456069 0.360377 0.456304 0.364126 0.456765 0.299827 0.434887 0.299827 0.420233 0.281433 0.434887 0.299827 0.420233 0.281433 0.420233 0.281433 0.434887 0.299827 0.420233 0.299827 0.40642 0.281433 0.420233 0.299827 0.40642 0.281433 0.40642 0.281433 0.420233 0.299827 0.40642 0.299827 0.389814 0.281433 0.40642 0.299827 0.389814 0.281433 0.389814 0.281433 0.40642 0.299827 0.389814 0.299827 0.37558 0.281433 0.389814 0.299827 0.37558 0.281433 0.37558 0.281433 0.389814 0.299827 0.47996 0.299827 0.465727 0.281433 0.47996 0.299827 0.465727 0.281433 0.465727 0.281433 0.47996 0.299827 0.465727 0.299827 0.449121 0.281433 0.465727 0.299827 0.449121 0.281433 0.449121 0.281433 0.465727 0.318832 0.401487 0.323355 0.396359 0.322457 0.407275 0.323355 0.396359 0.327373 0.401643 0.322457 0.407275 0.360481 0.462345 0.360346 0.462306 0.364232 0.462026 0.360346 0.462306 0.36413 0.461821 0.364232 0.462026 0.329478 0.386968 0.334193 0.390987 0.322873 0.391296 0.334193 0.390987 0.331611 0.39448 0.322873 0.391296 0.333643 0.444669 0.336351 0.441565 0.333877 0.445075 0.336351 0.441565 0.336491 0.441853 0.333877 0.445075 0.269269 0.434887 0.269269 0.449121 0.281433 0.434887 0.269269 0.449121 0.281433 0.449121 0.281433 0.434887 0.352212 0.490442 0.353474 0.490326 0.352417 0.48429 0.353474 0.490326 0.353602 0.484381 0.352417 0.48429 0.281433 0.434887 0.281433 0.449121 0.299827 0.434887 0.281433 0.449121 0.299827 0.449121 0.299827 0.434887 0.340788 0.425975 0.352864 0.426766 0.339625 0.434537 0.352864 0.426766 0.35285 0.433133 0.339625 0.434537 0.367225 0.465864 0.362788 0.465314 0.367567 0.465869 0.362788 0.465314 0.362647 0.465507 0.367567 0.465869 0.351625 0.46308 0.344318 0.463561 0.352651 0.462768 0.344318 0.463561 0.342731 0.464018 0.352651 0.462768 0.256812 0.37558 0.252423 0.37558 0.258275 0.389814 0.252423 0.37558 0.252423 0.396931 0.258275 0.389814 0.281433 0.434887 0.281433 0.420233 0.269269 0.434887 0.281433 0.420233 0.269269 0.420233 0.269269 0.434887 0.269269 0.40642 0.269269 0.420233 0.281433 0.40642 0.269269 0.420233 0.281433 0.420233 0.281433 0.40642 0.269269 0.389814 0.269269 0.40642 0.281433 0.389814 0.269269 0.40642 0.281433 0.40642 0.281433 0.389814 0.269269 0.37558 0.269269 0.389814 0.281433 0.37558 0.269269 0.389814 0.281433 0.389814 0.281433 0.37558 0.281433 0.494194 0.281433 0.47996 0.269269 0.494194 0.281433 0.47996 0.269269 0.47996 0.269269 0.494194 0.269269 0.47996 0.281433 0.47996 0.269269 0.465727 0.281433 0.47996 0.281433 0.465727 0.269269 0.465727 0.269269 0.449121 0.269269 0.465727 0.281433 0.449121 0.269269 0.465727 0.281433 0.465727 0.281433 0.449121 0.353851 0.426881 0.356811 0.427226 0.353812 0.433015 0.356811 0.427226 0.356699 0.432662 0.353812 0.433015 0.35441 0.490221 0.357217 0.489903 0.354514 0.484493 0.357217 0.489903 0.357251 0.484831 0.354514 0.484493 0.353393 0.474799 0.360664 0.475165 0.353483 0.4745 0.360664 0.475165 0.360663 0.474945 0.353483 0.4745 0.3649 0.481389 0.360532 0.481665 0.364867 0.480925 0.360532 0.481665 0.360487 0.481289 0.364867 0.480925 0.353313 0.482218 0.360532 0.481665 0.353393 0.474799 0.360532 0.481665 0.360664 0.475165 0.353393 0.474799 0.355928 0.472639 0.362686 0.472182 0.355857 0.465239 0.362686 0.472182 0.362647 0.465507 0.355857 0.465239 0.360481 0.462345 0.364232 0.462026 0.360377 0.456304 0.364232 0.462026 0.364126 0.456765 0.360377 0.456304 0.301418 0.415032 0.301418 0.405654 0.309934 0.41483 0.301418 0.405654 0.309847 0.405186 0.309934 0.41483 0.313597 0.472718 0.313713 0.465004 0.305677 0.473222 0.313713 0.465004 0.305677 0.464812 0.305677 0.473222 0.340348 0.436655 0.340293 0.436738 0.342052 0.436614 0.340293 0.436738 0.342093 0.436562 0.342052 0.436614 0.301418 0.415032 0.309934 0.41483 0.301418 0.422852 0.309934 0.41483 0.309974 0.422546 0.301418 0.422852 0.340348 0.436655 0.337169 0.440922 0.340293 0.436738 0.337169 0.440922 0.3371 0.440707 0.340293 0.436738 0.327265 0.471499 0.3271 0.464258 0.313597 0.472718 0.3271 0.464258 0.313713 0.465004 0.313597 0.472718 0.367662 0.413367 0.362863 0.413873 0.36755 0.40712 0.362863 0.413873 0.362782 0.406529 0.36755 0.40712 0.256812 0.494194 0.258275 0.47996 0.252423 0.494194 0.258275 0.47996 0.252423 0.472844 0.252423 0.494194 0.252423 0.449121 0.252423 0.463355 0.258275 0.449121 0.252423 0.463355 0.26125 0.45861 0.258275 0.449121 0.367567 0.471656 0.362686 0.472182 0.367329 0.471674 0.362686 0.472182 0.362862 0.472144 0.367329 0.471674 0.360663 0.474945 0.360664 0.475165 0.364903 0.475395 0.360664 0.475165 0.365075 0.475535 0.364903 0.475395 0.360532 0.481665 0.3649 0.481389 0.360664 0.475165 0.3649 0.481389 0.365075 0.475535 0.360664 0.475165 0.360879 0.485811 0.357251 0.484831 0.360881 0.488621 0.357251 0.484831 0.357217 0.489903 0.360881 0.488621 0.331611 0.39448 0.334193 0.390987 0.334906 0.394202 0.334193 0.390987 0.334781 0.390799 0.334906 0.394202 0.305677 0.480494 0.31364 0.48021 0.305677 0.485163 0.31364 0.48021 0.313226 0.485453 0.305677 0.485163 0.313438 0.480519 0.305677 0.480868 0.313226 0.485453 0.305677 0.480868 0.305677 0.485163 0.313226 0.485453 0.313438 0.480519 0.313226 0.485453 0.327042 0.485427 0.313226 0.485453 0.32698 0.490637 0.327042 0.485427 0.342131 0.483554 0.344527 0.482841 0.343386 0.47373 0.344527 0.482841 0.344601 0.474284 0.343386 0.47373 0.3649 0.481389 0.36912 0.480066 0.365075 0.475535 0.36912 0.480066 0.369181 0.476709 0.365075 0.475535 0.372044 0.408491 0.372042 0.41203 0.370819 0.407863 0.372042 0.41203 0.37087 0.412538 0.370819 0.407863 0.343386 0.47373 0.340244 0.473777 0.342131 0.483554 0.340244 0.473777 0.339919 0.483333 0.342131 0.483554 0.327652 0.4905 0.341235 0.491362 0.338308 0.490969 0.341235 0.491362 0.341121 0.491186 0.338308 0.490969 0.338308 0.490969 0.341121 0.491186 0.339919 0.483333 0.341121 0.491186 0.342131 0.483554 0.339919 0.483333 0.364126 0.456765 0.364232 0.462026 0.367436 0.457949 0.364232 0.462026 0.367432 0.460716 0.367436 0.457949 0.367567 0.471656 0.371405 0.47043 0.367567 0.465869 0.371405 0.47043 0.371407 0.467138 0.367567 0.465869 0.336728 0.450685 0.333643 0.444669 0.332195 0.449725 0.333643 0.444669 0.33166 0.446518 0.332195 0.449725 0.340084 0.445606 0.342205 0.441195 0.3371 0.440707 0.342205 0.441195 0.340293 0.436738 0.3371 0.440707 0.299827 0.494194 0.299827 0.47996 0.281433 0.494194 0.299827 0.47996 0.281433 0.47996 0.281433 0.494194 0.335255 0.380301 0.338671 0.375713 0.338417 0.385226 0.338671 0.375713 0.340692 0.379831 0.338417 0.385226 0.296367 0.400389 0.296367 0.400389 0.296367 0.400389 0.296367 0.400389 0.296367 0.400389 0.296367 0.400389 0.1883959 0.290153 0.1883959 0.259278 0.1638879 0.290153 0.1883959 0.259278 0.16605 0.259278 0.1638879 0.290153 0.1883959 0.290153 0.2129039 0.290153 0.1883959 0.259278 0.2129039 0.290153 0.2107409 0.259278 0.1883959 0.259278 0.1883959 0.290153 0.2129039 0.290153 0.1883959 0.324116 0.2129039 0.290153 0.2129039 0.317941 0.1883959 0.324116 0.1638879 0.290153 0.1883959 0.290153 0.1638879 0.317941 0.1883959 0.290153 0.1883959 0.324116 0.1638879 0.317941 0.646465 0.264529 0.688599 0.250598 0.652409 0.270626 0.688599 0.250598 0.688567 0.258694 0.652409 0.270626 0.711356 0.333772 0.688273 0.332895 0.710312 0.308997 0.688273 0.332895 0.688373 0.308645 0.710312 0.308997 0.688373 0.308645 0.688273 0.332895 0.666405 0.308825 0.688273 0.332895 0.665159 0.333597 0.666405 0.308825 0.688455 0.284689 0.688373 0.308645 0.66535 0.284286 0.688373 0.308645 0.666405 0.308825 0.66535 0.284286 0.747802 0.309849 0.730192 0.354515 0.739379 0.309596 0.730192 0.354515 0.724266 0.347993 0.739379 0.309596 0.730583 0.264813 0.747802 0.309849 0.724602 0.27087 0.747802 0.309849 0.739379 0.309596 0.724602 0.27087 0.688599 0.250598 0.730583 0.264813 0.688567 0.258694 0.730583 0.264813 0.724602 0.27087 0.688567 0.258694 0.646465 0.264529 0.688599 0.250598 0.652409 0.270626 0.688599 0.250598 0.688567 0.258694 0.652409 0.270626 0.646074 0.35423 0.628841 0.309446 0.652074 0.347749 0.628841 0.309446 0.637284 0.309251 0.652074 0.347749 0.688087 0.367879 0.646074 0.35423 0.688129 0.359528 0.646074 0.35423 0.652074 0.347749 0.688129 0.359528 0.637284 0.309251 0.652409 0.270626 0.641652 0.309274 0.652409 0.270626 0.654984 0.273482 0.641652 0.309274 0.652409 0.270626 0.688567 0.258694 0.654984 0.273482 0.688567 0.258694 0.68855 0.262416 0.654984 0.273482 0.724602 0.27087 0.739379 0.309596 0.722 0.273709 0.739379 0.309596 0.735008 0.309594 0.722 0.273709 0.688129 0.359528 0.652074 0.347749 0.688143 0.355829 0.652074 0.347749 0.654672 0.344929 0.688143 0.355829 0.739379 0.309596 0.724266 0.347993 0.735008 0.309594 0.724266 0.347993 0.721689 0.345156 0.735008 0.309594 0.724602 0.27087 0.739379 0.309596 0.722 0.273709 0.739379 0.309596 0.735008 0.309594 0.722 0.273709 0.688567 0.258694 0.724602 0.27087 0.68855 0.262416 0.724602 0.27087 0.722 0.273709 0.68855 0.262416 0.652409 0.270626 0.688567 0.258694 0.654984 0.273482 0.688567 0.258694 0.68855 0.262416 0.654984 0.273482 0.652074 0.347749 0.637284 0.309251 0.654672 0.344929 0.637284 0.309251 0.641652 0.309274 0.654672 0.344929 0.739379 0.309596 0.724266 0.347993 0.735008 0.309594 0.724266 0.347993 0.721689 0.345156 0.735008 0.309594 0.721689 0.345156 0.724266 0.347993 0.688143 0.355829 0.724266 0.347993 0.688129 0.359528 0.688143 0.355829 0.730583 0.264813 0.747802 0.309849 0.724602 0.27087 0.747802 0.309849 0.739379 0.309596 0.724602 0.27087 0.747802 0.309849 0.730192 0.354515 0.739379 0.309596 0.730192 0.354515 0.724266 0.347993 0.739379 0.309596 0.730192 0.354515 0.688087 0.367879 0.724266 0.347993 0.688087 0.367879 0.688129 0.359528 0.724266 0.347993 0.628841 0.309446 0.646465 0.264529 0.637284 0.309251 0.646465 0.264529 0.652409 0.270626 0.637284 0.309251 0.688087 0.367879 0.646074 0.35423 0.688129 0.359528 0.646074 0.35423 0.652074 0.347749 0.688129 0.359528 0.688373 0.308645 0.688273 0.332895 0.666405 0.308825 0.688273 0.332895 0.665159 0.333597 0.666405 0.308825 0.688129 0.359528 0.652074 0.347749 0.688143 0.355829 0.652074 0.347749 0.654672 0.344929 0.688143 0.355829 0.770542 0.262645 0.812487 0.2487379 0.77646 0.268732 0.812487 0.2487379 0.812456 0.25682 0.77646 0.268732 0.835143 0.331773 0.812163 0.330898 0.834103 0.307039 0.812163 0.330898 0.812262 0.306688 0.834103 0.307039 0.812262 0.306688 0.812163 0.330898 0.790393 0.306868 0.812163 0.330898 0.789152 0.331598 0.790393 0.306868 0.812344 0.282772 0.812262 0.306688 0.789342 0.28237 0.812262 0.306688 0.790393 0.306868 0.789342 0.28237 0.871426 0.30789 0.853894 0.352482 0.86304 0.307638 0.853894 0.352482 0.847995 0.345971 0.86304 0.307638 0.854283 0.262929 0.871426 0.30789 0.848329 0.268976 0.871426 0.30789 0.86304 0.307638 0.848329 0.268976 0.812487 0.2487379 0.854283 0.262929 0.812456 0.25682 0.854283 0.262929 0.848329 0.268976 0.812456 0.25682 0.770542 0.262645 0.812487 0.2487379 0.77646 0.268732 0.812487 0.2487379 0.812456 0.25682 0.77646 0.268732 0.770152 0.352198 0.752997 0.307488 0.776126 0.345726 0.752997 0.307488 0.761402 0.307293 0.776126 0.345726 0.811978 0.365823 0.770152 0.352198 0.812019 0.357486 0.770152 0.352198 0.776126 0.345726 0.812019 0.357486 0.761402 0.307293 0.77646 0.268732 0.765751 0.307316 0.77646 0.268732 0.779023 0.271584 0.765751 0.307316 0.77646 0.268732 0.812456 0.25682 0.779023 0.271584 0.812456 0.25682 0.812439 0.260536 0.779023 0.271584 0.848329 0.268976 0.86304 0.307638 0.845739 0.27181 0.86304 0.307638 0.858689 0.307636 0.845739 0.27181 0.812019 0.357486 0.776126 0.345726 0.812033 0.353793 0.776126 0.345726 0.778713 0.342912 0.812033 0.353793 0.86304 0.307638 0.847995 0.345971 0.858689 0.307636 0.847995 0.345971 0.845429 0.343138 0.858689 0.307636 0.848329 0.268976 0.86304 0.307638 0.845739 0.27181 0.86304 0.307638 0.858689 0.307636 0.845739 0.27181 0.812456 0.25682 0.848329 0.268976 0.812439 0.260536 0.848329 0.268976 0.845739 0.27181 0.812439 0.260536 0.77646 0.268732 0.812456 0.25682 0.779023 0.271584 0.812456 0.25682 0.812439 0.260536 0.779023 0.271584 0.776126 0.345726 0.761402 0.307293 0.778713 0.342912 0.761402 0.307293 0.765751 0.307316 0.778713 0.342912 0.86304 0.307638 0.847995 0.345971 0.858689 0.307636 0.847995 0.345971 0.845429 0.343138 0.858689 0.307636 0.845429 0.343138 0.847995 0.345971 0.812033 0.353793 0.847995 0.345971 0.812019 0.357486 0.812033 0.353793 0.854283 0.262929 0.871426 0.30789 0.848329 0.268976 0.871426 0.30789 0.86304 0.307638 0.848329 0.268976 0.871426 0.30789 0.853894 0.352482 0.86304 0.307638 0.853894 0.352482 0.847995 0.345971 0.86304 0.307638 0.853894 0.352482 0.811978 0.365823 0.847995 0.345971 0.811978 0.365823 0.812019 0.357486 0.847995 0.345971 0.752997 0.307488 0.770542 0.262645 0.761402 0.307293 0.770542 0.262645 0.77646 0.268732 0.761402 0.307293 0.811978 0.365823 0.770152 0.352198 0.812019 0.357486 0.770152 0.352198 0.776126 0.345726 0.812019 0.357486 0.812262 0.306688 0.812163 0.330898 0.790393 0.306868 0.812163 0.330898 0.789152 0.331598 0.790393 0.306868 0.812019 0.357486 0.776126 0.345726 0.812033 0.353793 0.776126 0.345726 0.778713 0.342912 0.812033 0.353793 0.502212 0.785219 0.538069 0.762188 0.523137 0.782743 0.538069 0.762188 0.538069 0.772754 0.523137 0.782743 0.377631 0.95673 0.377631 0.915796 0.390221 0.95673 0.377631 0.915796 0.390221 0.936263 0.390221 0.95673 0.458525 0.987775 0.458525 0.973751 0.486191 0.984658 0.458525 0.973751 0.486191 0.972193 0.486191 0.984658 0.486191 0.934798 0.486191 0.947263 0.458525 0.934798 0.486191 0.947263 0.458525 0.947263 0.458525 0.934798 0.390221 0.995077 0.377631 0.986137 0.390221 0.9771969 0.377631 0.986137 0.377631 0.971433 0.390221 0.9771969 0.411675 0.915796 0.390221 0.915796 0.415031 0.8931559 0.390221 0.915796 0.403783 0.894192 0.415031 0.8931559 0.411675 0.9771969 0.390221 0.9771969 0.411675 0.95673 0.390221 0.9771969 0.390221 0.95673 0.411675 0.95673 0.390221 0.936263 0.411675 0.936263 0.390221 0.95673 0.411675 0.936263 0.411675 0.95673 0.390221 0.95673 0.390221 0.995077 0.390221 0.9771969 0.411675 0.995077 0.390221 0.9771969 0.411675 0.9771969 0.411675 0.995077 0.485428 0.774467 0.462246 0.835079 0.439816 0.760289 0.462246 0.835079 0.440417 0.799458 0.439816 0.760289 0.377631 0.95673 0.390221 0.95673 0.377631 0.971433 0.390221 0.95673 0.390221 0.9771969 0.377631 0.971433 0.486191 0.947263 0.486191 0.959728 0.458525 0.947263 0.486191 0.959728 0.458525 0.959728 0.458525 0.947263 0.440417 0.799458 0.451525 0.831679 0.38891 0.8115029 0.451525 0.831679 0.417922 0.833154 0.38891 0.8115029 0.440417 0.799458 0.38891 0.8115029 0.388955 0.776397 0.38891 0.8115029 0.377151 0.796202 0.388955 0.776397 0.486191 0.972193 0.458525 0.973751 0.486191 0.959728 0.458525 0.973751 0.458525 0.959728 0.486191 0.959728 0.464267 0.847544 0.466289 0.860008 0.451525 0.831679 0.466289 0.860008 0.436109 0.870828 0.451525 0.831679 0.403783 0.894192 0.400723 0.879175 0.436109 0.870828 0.400723 0.879175 0.431277 0.8516129 0.436109 0.870828 0.581703 0.797684 0.538069 0.797684 0.555144 0.782563 0.538069 0.797684 0.537377 0.788309 0.555144 0.782563 0.486191 0.884938 0.486191 0.909868 0.459819 0.884938 0.486191 0.909868 0.467903 0.895344 0.459819 0.884938 0.415031 0.8931559 0.403783 0.894192 0.438263 0.877883 0.403783 0.894192 0.436109 0.870828 0.438263 0.877883 0.438263 0.877883 0.436109 0.870828 0.463054 0.872474 0.436109 0.870828 0.466289 0.860008 0.463054 0.872474 0.150493 0.742836 0.144428 0.718268 0.1626229 0.742836 0.144428 0.718268 0.1626229 0.718268 0.1626229 0.742836 0.08945298 0.546393 0.08945298 0.521784 0.060938 0.546393 0.08945298 0.521784 0.060938 0.521784 0.060938 0.546393 0.03281199 0.521784 0.004297018 0.521784 0.03281199 0.546393 0.004297018 0.521784 0.004297018 0.546393 0.03281199 0.546393 0.03281199 0.546393 0.060938 0.546393 0.03281199 0.521784 0.060938 0.546393 0.060938 0.521784 0.03281199 0.521784 0.05937498 0.65694 0.08945298 0.65694 0.060938 0.6112369 0.08945298 0.65694 0.08945298 0.610846 0.060938 0.6112369 0.189098 0.742949 0.189098 0.718446 0.1752489 0.742949 0.189098 0.718446 0.175426 0.718268 0.1752489 0.742949 0.1505039 0.742843 0.162643 0.742843 0.1444339 0.718305 0.162643 0.742843 0.162643 0.718305 0.1444339 0.718305 0.08914601 0.546543 0.06087499 0.546543 0.08914601 0.522006 0.06087499 0.546543 0.06087601 0.522006 0.08914601 0.522006 0.1536459 0.619961 0.1536459 0.571133 0.1243489 0.619961 0.1536459 0.571133 0.1230469 0.571133 0.1243489 0.619961 0.1230469 0.571133 0.09244799 0.571133 0.1243489 0.619961 0.09244799 0.571133 0.09309899 0.619961 0.1243489 0.619961 0.03260397 0.522006 0.03260397 0.546543 0.004333972 0.522006 0.03260397 0.546543 0.004333972 0.546543 0.004333972 0.522006 0.06087601 0.6109539 0.08914601 0.6109539 0.05921298 0.656962 0.08914601 0.6109539 0.08914601 0.656962 0.05921298 0.656962 0.09244799 0.571133 0.09244799 0.546719 0.1230459 0.571081 0.09244799 0.546719 0.1230459 0.546543 0.1230459 0.571081 0.1538349 0.571081 0.1230459 0.571081 0.1538349 0.546543 0.1230459 0.571081 0.1230459 0.546543 0.1538349 0.546543 0.1230459 0.571081 0.1236 0.6202099 0.09244799 0.571133 0.1236 0.6202099 0.09325897 0.6202099 0.09244799 0.571133 0.03260397 0.546543 0.03260397 0.522006 0.06087499 0.546543 0.03260397 0.522006 0.06087601 0.522006 0.06087499 0.546543 0.1631749 0.718268 0.1631749 0.742949 0.175426 0.718268 0.1631749 0.742949 0.1752489 0.742949 0.175426 0.718268 0.1632189 0.718305 0.1753579 0.718305 0.1632189 0.742843 0.1753579 0.718305 0.1753579 0.742843 0.1632189 0.742843 0.09244799 0.571133 0.1230469 0.571133 0.09244799 0.546719 0.1230469 0.571133 0.1230469 0.546393 0.09244799 0.546719 0.15394 0.6202099 0.1236 0.6202099 0.1538349 0.571081 0.1236 0.6202099 0.1230459 0.571081 0.1538349 0.571081 0.1536459 0.571133 0.1536459 0.546393 0.1230469 0.571133 0.1536459 0.546393 0.1230469 0.546393 0.1230469 0.571133 0.1236 0.6202099 0.1236 0.686595 0.09325897 0.6202099 0.1236 0.686595 0.09325897 0.686595 0.09325897 0.6202099 0.1538349 0.546543 0.1230459 0.546543 0.153777 0.522006 0.1230459 0.546543 0.1230459 0.522006 0.153777 0.522006 0.06087499 0.546543 0.08914601 0.546543 0.06087601 0.58335 0.08914601 0.546543 0.08914601 0.58335 0.06087601 0.58335 0.09325897 0.686595 0.1236 0.686595 0.09325897 0.708723 0.1236 0.686595 0.10843 0.708723 0.09325897 0.708723 0.09325897 0.708723 0.10843 0.708723 0.09325897 0.726965 0.10843 0.708723 0.105417 0.726859 0.09325897 0.726965 0.15394 0.675531 0.1236 0.686595 0.15394 0.6202099 0.1236 0.686595 0.1236 0.6202099 0.15394 0.6202099 0.06087601 0.706037 0.05921298 0.656962 0.08914601 0.706037 0.05921298 0.656962 0.08914601 0.656962 0.08914601 0.706037 0.01375699 0.730574 0.004333972 0.658661 0.06087601 0.706037 0.004333972 0.658661 0.05921298 0.656962 0.06087601 0.706037 0.03260397 0.58335 0.03260397 0.546543 0.06087601 0.58335 0.03260397 0.546543 0.06087499 0.546543 0.06087601 0.58335 0.004333972 0.546543 0.03260397 0.546543 0.004333972 0.571081 0.03260397 0.546543 0.03260397 0.58335 0.004333972 0.571081 0.060938 0.706159 0.08945298 0.706159 0.05937498 0.65694 0.08945298 0.706159 0.08945298 0.65694 0.05937498 0.65694 0.01367199 0.730638 0.060938 0.706159 0.004557013 0.6590229 0.060938 0.706159 0.05937498 0.65694 0.004557013 0.6590229 0.03281199 0.5835019 0.060938 0.5835019 0.03281199 0.546393 0.060938 0.5835019 0.060938 0.546393 0.03281199 0.546393 0.004297018 0.546393 0.004297018 0.571003 0.03281199 0.546393 0.004297018 0.571003 0.03281199 0.5835019 0.03281199 0.546393 0.176432 0.687018 0.1992189 0.709154 0.246545 0.686595 0.1992189 0.709154 0.246545 0.708723 0.246545 0.686595 0.1243489 0.619961 0.09309899 0.619961 0.1236979 0.687018 0.09309899 0.619961 0.09309899 0.687018 0.1236979 0.687018 0.246545 0.708723 0.1992189 0.709154 0.246545 0.741916 0.1992189 0.709154 0.1992189 0.742357 0.246545 0.741916 0.1230469 0.521654 0.1230469 0.546393 0.1542969 0.5210019 0.1230469 0.546393 0.1536459 0.546393 0.1542969 0.5210019 0.09244799 0.546719 0.09230899 0.522006 0.1230459 0.546543 0.09230899 0.522006 0.1230459 0.522006 0.1230459 0.546543 0.09244799 0.546719 0.1230469 0.546393 0.09212201 0.521979 0.1230469 0.546393 0.1230469 0.521654 0.09212201 0.521979 0.1536459 0.6752989 0.1536459 0.619961 0.1236979 0.687018 0.1536459 0.619961 0.1243489 0.619961 0.1236979 0.687018 0.09309899 0.709154 0.09309899 0.727383 0.1080729 0.709154 0.09309899 0.727383 0.1054689 0.726732 0.1080729 0.709154 0.09309899 0.687018 0.09309899 0.709154 0.1236979 0.687018 0.09309899 0.709154 0.1080729 0.709154 0.1236979 0.687018 0.1536459 0.619961 0.246545 0.618979 0.1536459 0.571133 0.246545 0.618979 0.246545 0.571081 0.1536459 0.571133 0.060938 0.546393 0.060938 0.5835019 0.08945298 0.546393 0.060938 0.5835019 0.08945298 0.5835019 0.08945298 0.546393 0.246545 0.546543 0.246545 0.522006 0.1998699 0.546393 0.246545 0.522006 0.1998699 0.521654 0.1998699 0.546393 0.08945298 0.5835019 0.060938 0.5835019 0.08945298 0.610846 0.060938 0.5835019 0.060938 0.6112369 0.08945298 0.610846 0.004557013 0.6590229 0.05937498 0.65694 0.005078017 0.606549 0.05937498 0.65694 0.060938 0.6112369 0.005078017 0.606549 0.08914601 0.58335 0.08914601 0.6109539 0.06087601 0.58335 0.08914601 0.6109539 0.06087601 0.6109539 0.06087601 0.58335 0.005083978 0.606504 0.06087601 0.6109539 0.004128992 0.65916 0.06087601 0.6109539 0.05921298 0.656962 0.004128992 0.65916 0.1536459 0.619961 0.1536459 0.6752989 0.246545 0.686595 0.1536459 0.6752989 0.176432 0.687018 0.246545 0.686595 0.751178 0.833452 0.824988 0.833452 0.751178 0.870585 0.824988 0.833452 0.824988 0.870585 0.751178 0.870585 0.824988 0.7715629 0.824988 0.796319 0.751178 0.7715629 0.824988 0.796319 0.751178 0.796319 0.751178 0.7715629 0.824988 0.833452 0.824988 0.796319 0.874219 0.833452 0.824988 0.796319 0.874219 0.796319 0.874219 0.833452 0.751178 0.796319 0.824988 0.796319 0.751178 0.833452 0.824988 0.796319 0.824988 0.833452 0.751178 0.833452 0.628188 0.870585 0.628188 0.833452 0.677285 0.870585 0.628188 0.833452 0.677285 0.833452 0.677285 0.870585 0.874219 0.796319 0.824988 0.796319 0.874219 0.7715629 0.824988 0.796319 0.824988 0.7715629 0.874219 0.7715629 0.751178 0.833452 0.677285 0.833452 0.751178 0.796319 0.677285 0.833452 0.677285 0.796319 0.751178 0.796319 0.824988 0.870585 0.824988 0.833452 0.874219 0.883098 0.824988 0.833452 0.874219 0.833452 0.874219 0.883098 0.628188 0.870585 0.677285 0.870585 0.628188 0.931662 0.677285 0.870585 0.677285 0.931662 0.628188 0.931662 0.677381 0.7715629 0.677285 0.796319 0.628188 0.7715629 0.677285 0.796319 0.628188 0.796319 0.628188 0.7715629 0.751178 0.962606 0.677285 0.981173 0.751178 0.931662 0.677285 0.981173 0.677285 0.931662 0.751178 0.931662 0.751178 0.931662 0.677285 0.931662 0.751178 0.870585 0.677285 0.931662 0.677285 0.870585 0.751178 0.870585 0.874219 0.931662 0.824988 0.931662 0.874219 0.883098 0.824988 0.931662 0.824988 0.870585 0.874219 0.883098 0.628188 0.796319 0.677285 0.796319 0.628188 0.833452 0.677285 0.796319 0.677285 0.833452 0.628188 0.833452 0.824988 0.931662 0.874219 0.931662 0.824988 0.956418 0.874219 0.931662 0.849616 0.968795 0.824988 0.956418 0.751178 0.931662 0.824988 0.931662 0.751178 0.962606 0.824988 0.931662 0.824988 0.956418 0.751178 0.962606 0.628188 0.931662 0.677285 0.931662 0.628188 0.993551 0.677285 0.931662 0.677285 0.981173 0.628188 0.993551 0.677285 0.870585 0.677285 0.833452 0.751178 0.870585 0.677285 0.833452 0.751178 0.833452 0.751178 0.870585 0.751178 0.7715629 0.751178 0.796319 0.677381 0.7715629 0.751178 0.796319 0.677285 0.796319 0.677381 0.7715629 0.824988 0.870585 0.824988 0.931662 0.751178 0.870585 0.824988 0.931662 0.751178 0.931662 0.751178 0.870585 0.272727 0.876128 0.272727 0.886526 0.2493939 0.861437 0.272727 0.886526 0.2493939 0.876014 0.2493939 0.861437 0.313975 0.770388 0.318896 0.777756 0.272727 0.829346 0.318896 0.777756 0.284394 0.820593 0.272727 0.829346 0.292172 0.893088 0.272727 0.886526 0.292523 0.862441 0.272727 0.886526 0.272727 0.876128 0.292523 0.862441 0.292523 0.862441 0.272727 0.876128 0.284394 0.820593 0.272727 0.876128 0.272727 0.829346 0.284394 0.820593 0.360689 0.7518129 0.373839 0.773411 0.339509 0.7764239 0.373839 0.773411 0.355342 0.78272 0.339509 0.7764239 0.272727 0.829346 0.2493939 0.849733 0.313975 0.770388 0.2493939 0.849733 0.2493939 0.797553 0.313975 0.770388 0.2493939 0.915512 0.2493939 0.900835 0.277589 0.935124 0.2493939 0.900835 0.287311 0.904084 0.277589 0.935124 0.1868979 0.1246689 0.2476949 0.1039479 0.1868979 0.1453899 0.2476949 0.1039479 0.2476949 0.1453899 0.1868979 0.1453899 0.1625789 0.04849994 0.1868979 0.07286596 0.13826 0.05751699 0.1868979 0.07286596 0.1868979 0.1039479 0.13826 0.05751699 0.1868979 0.1453899 0.2476949 0.1453899 0.1868979 0.1764729 0.2476949 0.1453899 0.2476949 0.1764729 0.1868979 0.1764729 0.1868979 0.07286596 0.23324 0.06476598 0.1868979 0.1039479 0.23324 0.06476598 0.2476949 0.1039479 0.1868979 0.1039479 0.1993069 0.9463459 0.1993069 0.958766 0.1558189 0.9463459 0.1993069 0.958766 0.1558189 0.958766 0.1558189 0.9463459 0.1558189 0.8967379 0.1558189 0.921577 0.12601 0.8967379 0.1558189 0.921577 0.12601 0.921577 0.12601 0.8967379 0.1558189 0.921577 0.1558189 0.9463459 0.12601 0.921577 0.1558189 0.9463459 0.12601 0.9463459 0.12601 0.921577 0.1993069 0.859479 0.1558189 0.859479 0.216732 0.821424 0.1558189 0.859479 0.168244 0.821424 0.216732 0.821424 0.2490069 0.775612 0.2303699 0.775612 0.2490069 0.747701 0.2303699 0.775612 0.2303699 0.747701 0.2490069 0.747701 0.1247559 0.76012 0.1247559 0.747701 0.172172 0.770564 0.1247559 0.747701 0.1774219 0.76012 0.172172 0.770564 0.1993069 0.8967379 0.1993069 0.921577 0.1558189 0.8967379 0.1993069 0.921577 0.1558189 0.921577 0.1558189 0.8967379 0.1993069 0.8967379 0.1558189 0.8967379 0.1993069 0.859479 0.1558189 0.8967379 0.1558189 0.859479 0.1993069 0.859479 0.1993069 0.9463459 0.1558189 0.9463459 0.1993069 0.921577 0.1558189 0.9463459 0.1558189 0.921577 0.1993069 0.921577 0.1774219 0.76012 0.1774219 0.747701 0.2303699 0.775612 0.1774219 0.747701 0.2303699 0.747701 0.2303699 0.775612 0.1558189 0.8967379 0.12601 0.8967379 0.1558189 0.859479 0.12601 0.8967379 0.12601 0.86151 0.1558189 0.859479 0.1558189 0.859479 0.12601 0.86151 0.168244 0.821424 0.12601 0.86151 0.1496059 0.822219 0.168244 0.821424 0.1496059 0.822219 0.193847 0.785124 0.168244 0.821424 0.193847 0.785124 0.203242 0.792354 0.168244 0.821424 0.09869801 0.822281 0.123278 0.822281 0.09869801 0.8469499 0.123278 0.822281 0.123278 0.8469499 0.09869801 0.8469499 0.09869801 0.883952 0.123278 0.883952 0.09869801 0.908621 0.123278 0.883952 0.123278 0.908621 0.09869801 0.908621 0.123278 0.908621 0.123278 0.957958 0.09869801 0.908621 0.123278 0.957958 0.09869801 0.957958 0.09869801 0.908621 0.123278 0.8469499 0.123278 0.883952 0.09869801 0.8469499 0.123278 0.883952 0.09869801 0.883952 0.09869801 0.8469499 0.998368 0.9098849 0.998368 0.952593 0.976342 0.9098849 0.998368 0.952593 0.976342 0.952593 0.976342 0.9098849 0.957986 0.9098849 0.969 0.9098849 0.957986 0.952593 0.969 0.9098849 0.969 0.952593 0.957986 0.952593 0.914835 0.952593 0.93596 0.952593 0.917605 0.995302 0.93596 0.952593 0.93596 0.995302 0.917605 0.995302 0.93596 0.995302 0.93596 0.952593 0.957986 0.995302 0.93596 0.952593 0.957986 0.952593 0.957986 0.995302 0.914835 0.952593 0.899249 0.952593 0.912066 0.9098849 0.899249 0.952593 0.899249 0.9098849 0.912066 0.9098849 0.912066 0.9098849 0.899249 0.9098849 0.912066 0.885643 0.899249 0.9098849 0.899249 0.885643 0.912066 0.885643 0.969 0.995302 0.957986 0.995302 0.969 0.952593 0.957986 0.995302 0.957986 0.952593 0.969 0.952593 0.957986 0.897682 0.957986 0.885643 0.969 0.897682 0.957986 0.885643 0.969 0.885643 0.969 0.897682 0.969 0.9098849 0.957986 0.9098849 0.969 0.897682 0.957986 0.9098849 0.957986 0.897682 0.969 0.897682 0.957986 0.9098849 0.957986 0.952593 0.93596 0.9098849 0.957986 0.952593 0.93596 0.952593 0.93596 0.9098849 0.899249 0.952593 0.877378 0.952593 0.899249 0.9098849 0.877378 0.952593 0.877378 0.9098849 0.899249 0.9098849 0.899249 0.995302 0.899249 0.952593 0.917605 0.995302 0.899249 0.952593 0.914835 0.952593 0.917605 0.995302 0.061827 0.883952 0.061827 0.908621 0.09869801 0.883952 0.061827 0.908621 0.09869801 0.908621 0.09869801 0.883952 0.061827 0.797613 5.63979e-4 0.797613 0.061827 0.822281 5.63979e-4 0.797613 3.76999e-4 0.822281 0.061827 0.822281 0.061827 0.908621 0.061827 0.957958 0.09869801 0.908621 0.061827 0.957958 0.09869801 0.957958 0.09869801 0.908621 0.09869801 0.8469499 0.123278 0.8469499 0.09869801 0.822281 0.123278 0.8469499 0.123278 0.822281 0.09869801 0.822281 0.061827 0.822281 0.061827 0.8469499 0.09869801 0.822281 0.061827 0.8469499 0.09869801 0.8469499 0.09869801 0.822281 0.061827 0.797613 0.06794703 0.774089 3.76999e-4 0.785279 0.06794703 0.774089 0.01897102 0.772944 3.76999e-4 0.785279 0.061827 0.8469499 0.01897102 0.853056 0.061827 0.883952 0.01897102 0.853056 0.01897102 0.883952 0.061827 0.883952 0.061827 0.822281 0.09869801 0.822281 0.061827 0.797613 0.09869801 0.822281 0.09869801 0.797613 0.061827 0.797613 0.09869801 0.908621 0.123278 0.908621 0.09869801 0.883952 0.123278 0.908621 0.123278 0.883952 0.09869801 0.883952 0.09869801 0.908621 0.09869801 0.957958 0.123278 0.908621 0.09869801 0.957958 0.123278 0.957958 0.123278 0.908621 0.09869801 0.8469499 0.09869801 0.883952 0.123278 0.8469499 0.09869801 0.883952 0.123278 0.883952 0.123278 0.8469499 0.061827 0.908621 0.01897102 0.908621 0.061827 0.957958 0.01897102 0.908621 0.01897102 0.957958 0.061827 0.957958 0.061827 0.883952 0.01897102 0.883952 0.061827 0.908621 0.01897102 0.883952 0.01897102 0.908621 0.061827 0.908621 0.061827 0.8469499 0.061827 0.883952 0.09869801 0.8469499 0.061827 0.883952 0.09869801 0.883952 0.09869801 0.8469499 0.061827 0.822281 3.76999e-4 0.822281 0.061827 0.8469499 3.76999e-4 0.822281 0.01897102 0.853056 0.061827 0.8469499 0.09869801 0.775233 0.06794703 0.774089 0.09869801 0.797613 0.06794703 0.774089 0.061827 0.797613 0.09869801 0.797613 0.751178 0.870585 0.824988 0.870585 0.751178 0.833452 0.824988 0.870585 0.824988 0.833452 0.751178 0.833452 0.751178 0.7715629 0.751178 0.796319 0.824988 0.7715629 0.751178 0.796319 0.824988 0.796319 0.824988 0.7715629 0.874219 0.833452 0.874219 0.796319 0.824988 0.833452 0.874219 0.796319 0.824988 0.796319 0.824988 0.833452 0.751178 0.833452 0.824988 0.833452 0.751178 0.796319 0.824988 0.833452 0.824988 0.796319 0.751178 0.796319 0.677285 0.870585 0.677285 0.833452 0.628188 0.870585 0.677285 0.833452 0.628188 0.833452 0.628188 0.870585 0.874219 0.7715629 0.824988 0.7715629 0.874219 0.796319 0.824988 0.7715629 0.824988 0.796319 0.874219 0.796319 0.751178 0.796319 0.677285 0.796319 0.751178 0.833452 0.677285 0.796319 0.677285 0.833452 0.751178 0.833452 0.874219 0.883098 0.874219 0.833452 0.824988 0.870585 0.874219 0.833452 0.824988 0.833452 0.824988 0.870585 0.628188 0.931662 0.677285 0.931662 0.628188 0.870585 0.677285 0.931662 0.677285 0.870585 0.628188 0.870585 0.628188 0.7715629 0.628188 0.796319 0.677381 0.7715629 0.628188 0.796319 0.677285 0.796319 0.677381 0.7715629 0.751178 0.931662 0.677285 0.931662 0.751178 0.962606 0.677285 0.931662 0.677285 0.981173 0.751178 0.962606 0.751178 0.870585 0.677285 0.870585 0.751178 0.931662 0.677285 0.870585 0.677285 0.931662 0.751178 0.931662 0.874219 0.883098 0.824988 0.870585 0.874219 0.931662 0.824988 0.870585 0.824988 0.931662 0.874219 0.931662 0.628188 0.833452 0.677285 0.833452 0.628188 0.796319 0.677285 0.833452 0.677285 0.796319 0.628188 0.796319 0.824988 0.956418 0.849616 0.968795 0.824988 0.931662 0.849616 0.968795 0.874219 0.931662 0.824988 0.931662 0.751178 0.962606 0.824988 0.956418 0.751178 0.931662 0.824988 0.956418 0.824988 0.931662 0.751178 0.931662 0.628188 0.993551 0.677285 0.981173 0.628188 0.931662 0.677285 0.981173 0.677285 0.931662 0.628188 0.931662 0.751178 0.870585 0.751178 0.833452 0.677285 0.870585 0.751178 0.833452 0.677285 0.833452 0.677285 0.870585 0.677381 0.7715629 0.677285 0.796319 0.751178 0.7715629 0.677285 0.796319 0.751178 0.796319 0.751178 0.7715629 0.751178 0.870585 0.751178 0.931662 0.824988 0.870585 0.751178 0.931662 0.824988 0.931662 0.824988 0.870585 0.976342 0.9098849 0.976342 0.952593 0.998368 0.9098849 0.976342 0.952593 0.998368 0.952593 0.998368 0.9098849 0.957986 0.952593 0.969 0.952593 0.957986 0.9098849 0.969 0.952593 0.969 0.9098849 0.957986 0.9098849 0.917605 0.995302 0.93596 0.995302 0.914835 0.952593 0.93596 0.995302 0.93596 0.952593 0.914835 0.952593 0.957986 0.995302 0.957986 0.952593 0.93596 0.995302 0.957986 0.952593 0.93596 0.952593 0.93596 0.995302 0.912066 0.9098849 0.899249 0.9098849 0.914835 0.952593 0.899249 0.9098849 0.899249 0.952593 0.914835 0.952593 0.912066 0.885643 0.899249 0.885643 0.912066 0.9098849 0.899249 0.885643 0.899249 0.9098849 0.912066 0.9098849 0.969 0.952593 0.957986 0.952593 0.969 0.995302 0.957986 0.952593 0.957986 0.995302 0.969 0.995302 0.969 0.897682 0.969 0.885643 0.957986 0.897682 0.969 0.885643 0.957986 0.885643 0.957986 0.897682 0.969 0.897682 0.957986 0.897682 0.969 0.9098849 0.957986 0.897682 0.957986 0.9098849 0.969 0.9098849 0.976342 0.952593 0.969 0.952593 0.976342 0.989201 0.969 0.952593 0.969 0.995302 0.976342 0.989201 0.93596 0.9098849 0.93596 0.952593 0.957986 0.9098849 0.93596 0.952593 0.957986 0.952593 0.957986 0.9098849 0.899249 0.9098849 0.877378 0.9098849 0.899249 0.952593 0.877378 0.9098849 0.877378 0.952593 0.899249 0.952593 0.917605 0.995302 0.914835 0.952593 0.899249 0.995302 0.914835 0.952593 0.899249 0.952593 0.899249 0.995302 0.2493939 0.861437 0.2493939 0.876014 0.272727 0.876128 0.2493939 0.876014 0.272727 0.886526 0.272727 0.876128 0.358284 0.9410369 0.358284 0.935124 0.311617 0.9410369 0.358284 0.935124 0.311617 0.935124 0.311617 0.9410369 0.358284 0.946949 0.358284 0.9410369 0.311617 0.946949 0.358284 0.9410369 0.311617 0.9410369 0.311617 0.946949 0.358284 0.9705989 0.358284 0.946949 0.299039 0.9705989 0.358284 0.946949 0.311617 0.946949 0.299039 0.9705989 0.272727 0.829346 0.284394 0.820593 0.313975 0.770388 0.284394 0.820593 0.318896 0.777756 0.313975 0.770388 0.292523 0.862441 0.272727 0.876128 0.292172 0.893088 0.272727 0.876128 0.272727 0.886526 0.292172 0.893088 0.284394 0.820593 0.272727 0.829346 0.292523 0.862441 0.272727 0.829346 0.272727 0.876128 0.292523 0.862441 0.339509 0.7764239 0.355342 0.78272 0.360689 0.7518129 0.355342 0.78272 0.373839 0.773411 0.360689 0.7518129 0.373839 0.773411 0.355342 0.78272 0.373839 0.799211 0.355342 0.78272 0.366062 0.7990249 0.373839 0.799211 0.313975 0.770388 0.2493939 0.797553 0.272727 0.829346 0.2493939 0.797553 0.2493939 0.849733 0.272727 0.829346 0.277589 0.935124 0.287311 0.904084 0.2493939 0.915512 0.287311 0.904084 0.2493939 0.900835 0.2493939 0.915512 0.2476949 0.2075549 0.2476949 0.1764729 0.1868979 0.2075549 0.2476949 0.1764729 0.1868979 0.1997839 0.1868979 0.2075549 0.126101 0.1039479 0.126101 0.1246689 0.1868979 0.1039479 0.126101 0.1246689 0.1868979 0.1246689 0.1868979 0.1039479 0.126101 0.1246689 0.126101 0.1453899 0.1868979 0.1246689 0.126101 0.1453899 0.1868979 0.1453899 0.1868979 0.1246689 0.1868979 0.1039479 0.13826 0.05751699 0.126101 0.1039479 0.13826 0.05751699 0.126101 0.07727998 0.126101 0.1039479 0.13826 0.05751699 0.1868979 0.1039479 0.1625789 0.04849994 0.1868979 0.1039479 0.1868979 0.07286596 0.1625789 0.04849994 0.1868979 0.1764729 0.1868979 0.1453899 0.126101 0.1764729 0.1868979 0.1453899 0.126101 0.1453899 0.126101 0.1764729 0.523137 0.782743 0.538069 0.772754 0.502212 0.785219 0.538069 0.772754 0.538069 0.762188 0.502212 0.785219 0.5896 0.984658 0.537377 0.984658 0.5896 0.992753 0.537377 0.984658 0.537377 0.992753 0.5896 0.992753 0.486195 0.853776 0.486239 0.835079 0.464267 0.847544 0.486239 0.835079 0.462246 0.835079 0.464267 0.847544 0.390221 0.95673 0.390221 0.936263 0.377631 0.95673 0.390221 0.936263 0.377631 0.915796 0.377631 0.95673 0.622913 0.984658 0.5896 0.984658 0.622913 0.992753 0.5896 0.984658 0.5896 0.992753 0.622913 0.992753 0.458525 0.934798 0.458525 0.947263 0.486191 0.934798 0.458525 0.947263 0.486191 0.947263 0.486191 0.934798 0.390221 0.9771969 0.377631 0.971433 0.390221 0.995077 0.377631 0.971433 0.377631 0.986137 0.390221 0.995077 0.411675 0.95673 0.390221 0.95673 0.411675 0.9771969 0.390221 0.95673 0.390221 0.9771969 0.411675 0.9771969 0.390221 0.95673 0.411675 0.95673 0.390221 0.936263 0.411675 0.95673 0.411675 0.936263 0.390221 0.936263 0.589295 0.934798 0.622988 0.934798 0.589295 0.909868 0.622988 0.934798 0.622988 0.909868 0.589295 0.909868 0.589295 0.934798 0.589295 0.909868 0.537377 0.934798 0.589295 0.909868 0.537377 0.909868 0.537377 0.934798 0.537377 0.934798 0.537377 0.947263 0.589295 0.934798 0.537377 0.947263 0.589295 0.947263 0.589295 0.934798 0.411675 0.995077 0.411675 0.9771969 0.390221 0.995077 0.411675 0.9771969 0.390221 0.9771969 0.390221 0.995077 0.377631 0.971433 0.390221 0.9771969 0.377631 0.95673 0.390221 0.9771969 0.390221 0.95673 0.377631 0.95673 0.537377 0.947263 0.537377 0.959728 0.589295 0.947263 0.537377 0.959728 0.589295 0.972193 0.589295 0.947263 0.537377 0.835079 0.589295 0.835079 0.537377 0.8163409 0.589295 0.835079 0.588601 0.815539 0.537377 0.8163409 0.458525 0.947263 0.458525 0.959728 0.486191 0.947263 0.458525 0.959728 0.486191 0.959728 0.486191 0.947263 0.589295 0.860008 0.622988 0.860008 0.589295 0.835079 0.622988 0.860008 0.611173 0.821497 0.589295 0.835079 0.537377 0.884938 0.537377 0.909868 0.589295 0.884938 0.537377 0.909868 0.589295 0.909868 0.589295 0.884938 0.589295 0.835079 0.537377 0.835079 0.589295 0.860008 0.537377 0.835079 0.537377 0.860008 0.589295 0.860008 0.38891 0.8115029 0.417922 0.833154 0.440417 0.799458 0.417922 0.833154 0.451525 0.831679 0.440417 0.799458 0.622988 0.934798 0.589295 0.934798 0.622988 0.959728 0.589295 0.934798 0.589295 0.947263 0.622988 0.959728 0.622988 0.973295 0.622988 0.959728 0.589295 0.972193 0.622988 0.959728 0.589295 0.947263 0.589295 0.972193 0.486191 0.959728 0.458525 0.959728 0.486191 0.972193 0.458525 0.959728 0.458525 0.973751 0.486191 0.972193 0.555144 0.782563 0.537377 0.788309 0.581703 0.797684 0.537377 0.788309 0.538069 0.797684 0.581703 0.797684 0.589295 0.884938 0.589295 0.909868 0.622988 0.884938 0.589295 0.909868 0.622988 0.909868 0.622988 0.884938 0.486191 0.884938 0.486191 0.909868 0.537377 0.884938 0.486191 0.909868 0.537377 0.909868 0.537377 0.884938 0.512427 0.747561 0.485428 0.774467 0.538069 0.762188 0.485428 0.774467 0.502212 0.785219 0.538069 0.762188 0.2294219 0.7964619 0.203242 0.792354 0.216732 0.821424 0.203242 0.792354 0.168244 0.821424 0.216732 0.821424 0.1558189 0.9463459 0.1558189 0.958766 0.1993069 0.9463459 0.1558189 0.958766 0.1993069 0.958766 0.1993069 0.9463459 0.12601 0.8967379 0.12601 0.921577 0.1558189 0.8967379 0.12601 0.921577 0.1558189 0.921577 0.1558189 0.8967379 0.12601 0.921577 0.12601 0.9463459 0.1558189 0.921577 0.12601 0.9463459 0.1558189 0.9463459 0.1558189 0.921577 0.216732 0.821424 0.168244 0.821424 0.1993069 0.859479 0.168244 0.821424 0.1558189 0.859479 0.1993069 0.859479 0.2490069 0.747701 0.2303699 0.747701 0.2490069 0.775612 0.2303699 0.747701 0.2303699 0.775612 0.2490069 0.775612 0.172172 0.770564 0.1774219 0.76012 0.1247559 0.76012 0.1774219 0.76012 0.1247559 0.747701 0.1247559 0.76012 0.1558189 0.8967379 0.1558189 0.921577 0.1993069 0.8967379 0.1558189 0.921577 0.1993069 0.921577 0.1993069 0.8967379 0.1993069 0.859479 0.1558189 0.859479 0.1993069 0.8967379 0.1558189 0.859479 0.1558189 0.8967379 0.1993069 0.8967379 0.1993069 0.921577 0.1558189 0.921577 0.1993069 0.9463459 0.1558189 0.921577 0.1558189 0.9463459 0.1993069 0.9463459 0.2303699 0.775612 0.2303699 0.747701 0.1774219 0.76012 0.2303699 0.747701 0.1774219 0.747701 0.1774219 0.76012 0.1558189 0.859479 0.12601 0.86151 0.1558189 0.8967379 0.12601 0.86151 0.12601 0.8967379 0.1558189 0.8967379 0.168244 0.821424 0.1496059 0.822219 0.1558189 0.859479 0.1496059 0.822219 0.12601 0.86151 0.1558189 0.859479 0.168244 0.821424 0.203242 0.792354 0.1496059 0.822219 0.203242 0.792354 0.193847 0.785124 0.1496059 0.822219 0.044918 0.07231199 0.03896301 0.1093739 0.02480798 0.07231199 0.03896301 0.1093739 0.01836401 0.09987294 0.02480798 0.07231199 0.06260901 0.07231199 0.06260901 0.1112739 0.044918 0.07231199 0.06260901 0.1112739 0.03896301 0.1093739 0.044918 0.07231199 0.02480798 0.07231199 0.02480798 0.02175998 0.044918 0.07231199 0.02480798 0.02175998 0.04646998 0.01415896 0.044918 0.07231199 0.044918 0.07231199 0.04646998 0.01415896 0.06260901 0.07231199 0.04646998 0.01415896 0.06260901 0.01225894 0.06260901 0.07231199 0.08029997 0.07231199 0.1004109 0.07231199 0.08625602 0.1093739 0.1004109 0.07231199 0.106854 0.09987294 0.08625602 0.1093739 0.06260901 0.07231199 0.08029997 0.07231199 0.06260901 0.1112739 0.08029997 0.07231199 0.08625602 0.1093739 0.06260901 0.1112739 0.1004109 0.07231199 0.08029997 0.07231199 0.1004109 0.02175998 0.08029997 0.07231199 0.07874798 0.01415896 0.1004109 0.02175998 0.08029997 0.07231199 0.06260901 0.07231199 0.07874798 0.01415896 0.06260901 0.07231199 0.06260901 0.01225894 0.07874798 0.01415896 0.770204 0.2088459 0.775607 0.2124689 0.770387 0.2077829 0.775607 0.2124689 0.777121 0.2117769 0.770387 0.2077829 0.765208 0.2287899 0.764172 0.2289949 0.764972 0.2268299 0.764172 0.2289949 0.764172 0.2270709 0.764972 0.2268299 0.764172 0.2270709 0.764172 0.2246309 0.764972 0.2268299 0.764172 0.2246309 0.765091 0.2245069 0.764972 0.2268299 0.765091 0.2245069 0.764172 0.2246309 0.765283 0.2219999 0.764172 0.2246309 0.764172 0.2220009 0.765283 0.2219999 0.76653 0.2288269 0.765208 0.2287899 0.766331 0.2258349 0.765208 0.2287899 0.764972 0.2268299 0.766331 0.2258349 0.765283 0.2219999 0.766482 0.2212079 0.765091 0.2245069 0.766482 0.2212079 0.766443 0.2237059 0.765091 0.2245069 0.765208 0.2287899 0.765714 0.2327389 0.764172 0.2289949 0.765714 0.2327389 0.764172 0.2327759 0.764172 0.2289949 0.766443 0.2237059 0.766331 0.2258349 0.765091 0.2245069 0.766331 0.2258349 0.764972 0.2268299 0.765091 0.2245069 0.765735 0.2050119 0.768169 0.2054919 0.765669 0.2070009 0.768169 0.2054919 0.767573 0.2081529 0.765669 0.2070009 0.783874 0.2192939 0.785233 0.2255449 0.784351 0.2198459 0.785233 0.2255449 0.785656 0.225115 0.784351 0.2198459 0.775607 0.2124689 0.780354 0.2204319 0.777121 0.2117769 0.780354 0.2204319 0.779595 0.2172739 0.777121 0.2117769 0.766665 0.2179769 0.764172 0.2170689 0.766611 0.2165399 0.764172 0.2170689 0.764172 0.216012 0.766611 0.2165399 0.766443 0.2237059 0.766482 0.2212079 0.768067 0.2227319 0.766482 0.2212079 0.768055 0.2209999 0.768067 0.2227319 0.76653 0.2288269 0.767237 0.2329109 0.765208 0.2287899 0.767237 0.2329109 0.765714 0.2327389 0.765208 0.2287899 0.781636 0.2152119 0.779595 0.2172739 0.783874 0.2192939 0.779595 0.2172739 0.782857 0.2194109 0.783874 0.2192939 0.785233 0.2255449 0.785071 0.2297709 0.785656 0.225115 0.785071 0.2297709 0.785615 0.2277419 0.785656 0.225115 0.667421 0.427413 0.663362 0.407065 0.746577 0.427877 0.663362 0.407065 0.693161 0.408981 0.746577 0.427877 0.667421 0.427413 0.685096 0.494411 0.627266 0.421986 0.685096 0.494411 0.627266 0.494411 0.627266 0.421986 0.663362 0.407065 0.667421 0.427413 0.627266 0.405693 0.667421 0.427413 0.627266 0.421986 0.627266 0.405693 0.627266 0.37788 0.651128 0.377609 0.627266 0.405693 0.651128 0.377609 0.663362 0.407065 0.627266 0.405693 0.663362 0.407065 0.651128 0.377609 0.693161 0.408981 0.651128 0.377609 0.674991 0.377609 0.693161 0.408981 0.685096 0.494411 0.667421 0.427413 0.746577 0.494411 0.667421 0.427413 0.746577 0.427877 0.746577 0.494411 0.377177 0.414077 0.377177 0.375716 0.509644 0.375716 0.377177 0.375716 0.453262 0.375716 0.509644 0.375716 0.01266402 0.388409 0.02110999 0.40262 0.001945972 0.387173 0.02110999 0.40262 0.001945972 0.400825 0.001945972 0.387173 0.025123 0.441297 0.025123 0.456123 0.001945972 0.441297 0.025123 0.456123 0.001945972 0.456371 0.001945972 0.441297 0.001945972 0.435146 0.001945972 0.416695 0.01884001 0.435146 0.001945972 0.416695 0.02253097 0.418296 0.01884001 0.435146 0.01884001 0.435146 0.02253097 0.418296 0.04396897 0.435146 0.02253097 0.418296 0.042499 0.423674 0.04396897 0.435146 0.969843 0.408716 0.974848 0.435205 0.983244 0.408716 0.974848 0.435205 0.990322 0.435205 0.983244 0.408716 0.905136 0.408716 0.900131 0.435205 0.937489 0.408716 0.900131 0.435205 0.937489 0.435205 0.937489 0.408716 0.905136 0.408716 0.900131 0.435205 0.891735 0.408716 0.900131 0.435205 0.884656 0.435205 0.891735 0.408716 0.969843 0.408716 0.974848 0.435205 0.937489 0.408716 0.974848 0.435205 0.937489 0.435205 0.937489 0.408716 0.956168 0.389324 0.969843 0.408716 0.963906 0.389324 0.969843 0.408716 0.983244 0.408716 0.963906 0.389324 0.91881 0.389324 0.905136 0.408716 0.937489 0.389324 0.905136 0.408716 0.937489 0.408716 0.937489 0.389324 0.91881 0.389324 0.905136 0.408716 0.911073 0.389324 0.905136 0.408716 0.891735 0.408716 0.911073 0.389324 0.956168 0.389324 0.969843 0.408716 0.937489 0.389324 0.969843 0.408716 0.937489 0.408716 0.937489 0.389324 0.969843 0.461694 0.956168 0.481085 0.983244 0.461694 0.956168 0.481085 0.963906 0.481085 0.983244 0.461694 0.905136 0.461694 0.91881 0.481085 0.937489 0.461694 0.91881 0.481085 0.937489 0.481085 0.937489 0.461694 0.905136 0.461694 0.91881 0.481085 0.891735 0.461694 0.91881 0.481085 0.911073 0.481085 0.891735 0.461694 0.969843 0.461694 0.956168 0.481085 0.937489 0.461694 0.956168 0.481085 0.937489 0.481085 0.937489 0.461694 0.974848 0.435205 0.969843 0.461694 0.990322 0.435205 0.969843 0.461694 0.983244 0.461694 0.990322 0.435205 0.900131 0.435205 0.905136 0.461694 0.937489 0.435205 0.905136 0.461694 0.937489 0.461694 0.937489 0.435205 0.900131 0.435205 0.905136 0.461694 0.884656 0.435205 0.905136 0.461694 0.891735 0.461694 0.884656 0.435205 0.974848 0.435205 0.969843 0.461694 0.937489 0.435205 0.969843 0.461694 0.937489 0.461694 0.937489 0.435205 0.746577 0.427877 0.693161 0.408981 0.667421 0.427413 0.693161 0.408981 0.663362 0.407065 0.667421 0.427413 0.627266 0.421986 0.627266 0.494411 0.667421 0.427413 0.627266 0.494411 0.685096 0.494411 0.667421 0.427413 0.627266 0.405693 0.627266 0.421986 0.663362 0.407065 0.627266 0.421986 0.667421 0.427413 0.663362 0.407065 0.627266 0.405693 0.663362 0.407065 0.627266 0.37788 0.663362 0.407065 0.651128 0.377609 0.627266 0.37788 0.693161 0.408981 0.674991 0.377609 0.663362 0.407065 0.674991 0.377609 0.651128 0.377609 0.663362 0.407065 0.746577 0.494411 0.746577 0.427877 0.685096 0.494411 0.746577 0.427877 0.667421 0.427413 0.685096 0.494411 0.782637 0.2167859 0.784351 0.2198459 0.781636 0.2152119 0.784351 0.2198459 0.783874 0.2192939 0.781636 0.2152119 0.765735 0.2050119 0.766267 0.2025299 0.764172 0.2051429 0.766267 0.2025299 0.764172 0.2020439 0.764172 0.2051429 0.764972 0.2268299 0.764172 0.2270709 0.765208 0.2287899 0.764172 0.2270709 0.764172 0.2289949 0.765208 0.2287899 0.764972 0.2268299 0.765091 0.2245069 0.764172 0.2270709 0.765091 0.2245069 0.764172 0.2246309 0.764172 0.2270709 0.765283 0.2219999 0.764172 0.2220009 0.765091 0.2245069 0.764172 0.2220009 0.764172 0.2246309 0.765091 0.2245069 0.766331 0.2258349 0.764972 0.2268299 0.76653 0.2288269 0.764972 0.2268299 0.765208 0.2287899 0.76653 0.2288269 0.765091 0.2245069 0.766443 0.2237059 0.765283 0.2219999 0.766443 0.2237059 0.766482 0.2212079 0.765283 0.2219999 0.764172 0.2289949 0.764172 0.2327759 0.765208 0.2287899 0.764172 0.2327759 0.765714 0.2327389 0.765208 0.2287899 0.765091 0.2245069 0.764972 0.2268299 0.766443 0.2237059 0.764972 0.2268299 0.766331 0.2258349 0.766443 0.2237059 0.768336 0.2036239 0.766267 0.2025299 0.768169 0.2054919 0.766267 0.2025299 0.765735 0.2050119 0.768169 0.2054919 0.768169 0.2054919 0.770709 0.2084139 0.768336 0.2036239 0.770709 0.2084139 0.77169 0.2062169 0.768336 0.2036239 0.784351 0.2198459 0.785656 0.225115 0.783874 0.2192939 0.785656 0.225115 0.785233 0.2255449 0.783874 0.2192939 0.777121 0.2117769 0.779595 0.2172739 0.775607 0.2124689 0.779595 0.2172739 0.780354 0.2204319 0.775607 0.2124689 0.766611 0.2165399 0.764172 0.216012 0.766665 0.2179769 0.764172 0.216012 0.764172 0.2170689 0.766665 0.2179769 0.768067 0.2227319 0.768055 0.2209999 0.766443 0.2237059 0.768055 0.2209999 0.766482 0.2212079 0.766443 0.2237059 0.765208 0.2287899 0.765714 0.2327389 0.76653 0.2288269 0.765714 0.2327389 0.767237 0.2329109 0.76653 0.2288269 0.779734 0.2181509 0.781141 0.2159589 0.779353 0.2163059 0.781141 0.2159589 0.779962 0.2146299 0.779353 0.2163059 0.785656 0.225115 0.785615 0.2277419 0.785233 0.2255449 0.785615 0.2277419 0.785071 0.2297709 0.785233 0.2255449 0.001945972 0.387173 0.001945972 0.400825 0.01266402 0.388409 0.001945972 0.400825 0.02110999 0.40262 0.01266402 0.388409 0.001945972 0.441297 0.001945972 0.456371 0.025123 0.441297 0.001945972 0.456371 0.025123 0.456123 0.025123 0.441297 0.01884001 0.435146 0.02253097 0.418296 0.001945972 0.435146 0.02253097 0.418296 0.001945972 0.416695 0.001945972 0.435146 0.04396897 0.435146 0.042499 0.423674 0.01884001 0.435146 0.042499 0.423674 0.02253097 0.418296 0.01884001 0.435146 0.509644 0.375716 0.453262 0.375716 0.377177 0.414077 0.453262 0.375716 0.377177 0.375716 0.377177 0.414077 0.873047 0.5210019 0.873047 0.5210019 0.873047 0.5210019 0.873047 0.5210019 0.873047 0.5210019 0.873047 0.5210019 0.873047 0.5210019 0.873047 0.5210019 0.873047 0.5210019 0.873047 0.5210019 0.873047 0.5210019 0.873047 0.5210019 0.888776 8.37982e-4 0.94364 0.02483397 0.867839 0.04053395 0.94364 0.02483397 0.915365 0.05485695 0.867839 0.04053395 0.928571 0.1513039 0.93192 0.1404219 0.96601 0.1672889 0.93192 0.1404219 0.940094 0.1338719 0.96601 0.1672889 0.935352 0.08525997 0.941211 0.08213496 0.934431 0.1281449 0.941211 0.08213496 0.940094 0.1338719 0.934431 0.1281449 0.805679 0.1029369 0.764122 0.1099909 0.805135 0.07403594 0.764122 0.1099909 0.804591 0.04513496 0.805135 0.07403594 0.941211 0.08213496 0.9288 0.06592398 0.94364 0.02483397 0.9288 0.06592398 0.915365 0.05485695 0.94364 0.02483397 0.873047 0.5210019 0.873047 0.5210019 0.873047 0.5210019 0.873047 0.5210019 0.873047 0.5210019 0.873047 0.5210019 0.873047 0.5210019 0.873047 0.5210019 0.873047 0.5210019 0.873047 0.5210019 0.873047 0.5210019 0.873047 0.5210019 0.873047 0.5210019 0.873047 0.5210019 0.873047 0.5210019 0.873047 0.5210019 0.873047 0.5210019 0.873047 0.5210019 0.9288 0.06592398 0.941211 0.08213496 0.925959 0.06947594 0.941211 0.08213496 0.935352 0.08525997 0.925959 0.06947594 0.873047 0.5210019 0.873047 0.5210019 0.873047 0.5210019 0.873047 0.5210019 0.873047 0.5210019 0.873047 0.5210019 0.873047 0.5210019 0.873047 0.5210019 0.873047 0.5210019 0.873047 0.5210019 0.873047 0.5210019 0.873047 0.5210019 0.353462 0.482004 0.360487 0.481289 0.353313 0.482218 0.360487 0.481289 0.360532 0.481665 0.353313 0.482218 0.925959 0.06947594 0.91282 0.05740195 0.9288 0.06592398 0.91282 0.05740195 0.915365 0.05485695 0.9288 0.06592398 0.353515 0.455743 0.360481 0.462345 0.360377 0.456304 0.353515 0.455743 0.353645 0.462928 0.360481 0.462345 0.352534 0.455663 0.353645 0.462928 0.353515 0.455743 0.352534 0.455663 0.352669 0.463011 0.353645 0.462928 0.351461 0.455571 0.352669 0.463011 0.352534 0.455663 0.351461 0.455571 0.351625 0.46308 0.352669 0.463011 0.343947 0.454926 0.351625 0.46308 0.351461 0.455571 0.343947 0.454926 0.344318 0.463561 0.351625 0.46308 0.34272 0.454821 0.344318 0.463561 0.343947 0.454926 0.34272 0.454821 0.342945 0.464134 0.344318 0.463561 0.339802 0.454013 0.342945 0.464134 0.34272 0.454821 0.339802 0.454013 0.339702 0.464299 0.342945 0.464134 0.327325 0.457123 0.339702 0.464299 0.339802 0.454013 0.327325 0.457123 0.3271 0.464258 0.339702 0.464299 0.313678 0.460828 0.3271 0.464258 0.327325 0.457123 0.313678 0.460828 0.313713 0.465004 0.3271 0.464258 0.305677 0.460903 0.313713 0.465004 0.313678 0.460828 0.305677 0.460903 0.305677 0.464812 0.313713 0.465004 0.354886 0.465201 0.355928 0.472639 0.355857 0.465239 0.354886 0.465201 0.354962 0.472704 0.355928 0.472639 0.353606 0.46514 0.354962 0.472704 0.354886 0.465201 0.353606 0.46514 0.353673 0.472775 0.354962 0.472704 0.344645 0.464712 0.353673 0.472775 0.353606 0.46514 0.344645 0.464712 0.344645 0.473272 0.353673 0.472775 0.342945 0.464134 0.344645 0.473272 0.344645 0.464712 0.342945 0.464134 0.343386 0.47373 0.344645 0.473272 0.339702 0.464299 0.343386 0.47373 0.342945 0.464134 0.339702 0.464299 0.340244 0.473777 0.343386 0.47373 0.327265 0.471499 0.340244 0.473777 0.339702 0.464299 0.327265 0.471499 0.327265 0.479476 0.340244 0.473777 0.313597 0.472718 0.327265 0.479476 0.327265 0.471499 0.313597 0.472718 0.313438 0.480519 0.327265 0.479476 0.305677 0.473222 0.313438 0.480519 0.313597 0.472718 0.305677 0.473222 0.305677 0.480868 0.313438 0.480519 0.355413 0.414309 0.362782 0.406529 0.362863 0.413873 0.355413 0.414309 0.355331 0.406184 0.362782 0.406529 0.354348 0.414371 0.355331 0.406184 0.355413 0.414309 0.354348 0.414371 0.354266 0.406135 0.355331 0.406184 0.341442 0.415627 0.354266 0.406135 0.354348 0.414371 0.341442 0.415627 0.341232 0.405135 0.354266 0.406135 0.340932 0.41545 0.341232 0.405135 0.341442 0.415627 0.340932 0.41545 0.340241 0.406267 0.341232 0.405135 0.327543 0.417145 0.340241 0.406267 0.340932 0.41545 0.327543 0.417145 0.329175 0.408144 0.340241 0.406267 0.322957 0.41569 0.329175 0.408144 0.327543 0.417145 0.322957 0.41569 0.322457 0.407275 0.329175 0.408144 0.309934 0.41483 0.322457 0.407275 0.322957 0.41569 0.309934 0.41483 0.318832 0.401487 0.322457 0.407275 0.309847 0.405186 0.318832 0.401487 0.309934 0.41483 0.309847 0.405186 0.317387 0.396193 0.318832 0.401487 0.353438 0.474649 0.353483 0.4745 0.352163 0.474409 0.353438 0.474649 0.353393 0.474799 0.353483 0.4745 0.352294 0.474735 0.353393 0.474799 0.353438 0.474649 0.352294 0.474735 0.353313 0.482218 0.353393 0.474799 0.352215 0.482296 0.353313 0.482218 0.352294 0.474735 0.352215 0.482296 0.353388 0.482111 0.353313 0.482218 0.351117 0.482374 0.353388 0.482111 0.352215 0.482296 0.351117 0.482374 0.352069 0.482178 0.353388 0.482111 0.344527 0.482841 0.352069 0.482178 0.351117 0.482374 0.344527 0.482841 0.342318 0.483399 0.352069 0.482178 0.342131 0.483554 0.342318 0.483399 0.344527 0.482841 0.342131 0.483554 0.344123 0.483651 0.342318 0.483399 0.341121 0.491186 0.344123 0.483651 0.342131 0.483554 0.341121 0.491186 0.343383 0.491252 0.344123 0.483651 0.341235 0.491362 0.343383 0.491252 0.341121 0.491186 0.341235 0.491362 0.352212 0.490442 0.343383 0.491252 0.353543 0.490056 0.352212 0.490442 0.341235 0.491362 0.353543 0.490056 0.353509 0.490191 0.352212 0.490442 0.354439 0.489946 0.353509 0.490191 0.353543 0.490056 0.354439 0.489946 0.35441 0.490221 0.353509 0.490191 0.357126 0.489618 0.35441 0.490221 0.354439 0.489946 0.357126 0.489618 0.357217 0.489903 0.35441 0.490221 0.359467 0.489272 0.357217 0.489903 0.357126 0.489618 0.359467 0.489272 0.360881 0.488621 0.357217 0.489903 0.351698 0.490531 0.352722 0.484303 0.352586 0.490429 0.351698 0.490531 0.351842 0.484225 0.352722 0.484303 0.343383 0.491252 0.351842 0.484225 0.351698 0.490531 0.343383 0.491252 0.344123 0.483651 0.351842 0.484225 0.341121 0.491186 0.344123 0.483651 0.343383 0.491252 0.341121 0.491186 0.342131 0.483554 0.344123 0.483651 0.338308 0.490969 0.342131 0.483554 0.341121 0.491186 0.338308 0.490969 0.339919 0.483333 0.342131 0.483554 0.327042 0.485427 0.339919 0.483333 0.338308 0.490969 0.327042 0.485427 0.327265 0.479476 0.339919 0.483333 0.313438 0.480519 0.327265 0.479476 0.327042 0.485427 0.313438 0.480519 0.327265 0.471499 0.327265 0.479476 0.313597 0.472718 0.327265 0.471499 0.313438 0.480519 0.313597 0.472718 0.3271 0.464258 0.327265 0.471499 0.313713 0.465004 0.3271 0.464258 0.313597 0.472718 0.313713 0.465004 0.327325 0.457123 0.3271 0.464258 0.313678 0.460828 0.327325 0.457123 0.313713 0.465004 0.313678 0.460828 0.322707 0.454647 0.327325 0.457123 0.353474 0.490326 0.352722 0.484303 0.353602 0.484381 0.353474 0.490326 0.352586 0.490429 0.352722 0.484303 0.352621 0.490292 0.352586 0.490429 0.353474 0.490326 0.352621 0.490292 0.351698 0.490531 0.352586 0.490429 0.352361 0.490188 0.351698 0.490531 0.352621 0.490292 0.352361 0.490188 0.343383 0.491252 0.351698 0.490531 0.341235 0.491362 0.343383 0.491252 0.352361 0.490188 0.341235 0.491362 0.341121 0.491186 0.343383 0.491252 0.327652 0.4905 0.341121 0.491186 0.341235 0.491362 0.327652 0.4905 0.338308 0.490969 0.341121 0.491186 0.32698 0.490637 0.338308 0.490969 0.327652 0.4905 0.32698 0.490637 0.327042 0.485427 0.338308 0.490969 0.313226 0.485453 0.327042 0.485427 0.32698 0.490637 0.313226 0.485453 0.313438 0.480519 0.327042 0.485427 0.305677 0.485163 0.313438 0.480519 0.313226 0.485453 0.305677 0.485163 0.305677 0.480868 0.313438 0.480519 0.352235 0.426725 0.356699 0.432662 0.356811 0.427226 0.352235 0.426725 0.352215 0.433204 0.356699 0.432662 0.351607 0.426684 0.352215 0.433204 0.352235 0.426725 0.351607 0.426684 0.351579 0.433275 0.352215 0.433204 0.340788 0.425975 0.351579 0.433275 0.351607 0.426684 0.340788 0.425975 0.339625 0.434537 0.351579 0.433275 0.340812 0.42518 0.339625 0.434537 0.340788 0.425975 0.340812 0.42518 0.325648 0.427947 0.339625 0.434537 0.327543 0.417145 0.325648 0.427947 0.340812 0.42518 0.327543 0.417145 0.322957 0.41569 0.325648 0.427947 0.329175 0.408144 0.322957 0.41569 0.327543 0.417145 0.329175 0.408144 0.322457 0.407275 0.322957 0.41569 0.327373 0.401643 0.322457 0.407275 0.329175 0.408144 0.327373 0.401643 0.318832 0.401487 0.322457 0.407275 0.323355 0.396359 0.318832 0.401487 0.327373 0.401643 0.323355 0.396359 0.317387 0.396193 0.318832 0.401487 0.322873 0.391296 0.317387 0.396193 0.323355 0.396359 0.35266 0.462889 0.353372 0.462725 0.352031 0.462846 0.35266 0.462889 0.354134 0.462886 0.353372 0.462725 0.352669 0.463011 0.354134 0.462886 0.35266 0.462889 0.352669 0.463011 0.354005 0.455783 0.354134 0.462886 0.352534 0.455663 0.354005 0.455783 0.352669 0.463011 0.352534 0.455663 0.352554 0.455534 0.354005 0.455783 0.351461 0.455571 0.352554 0.455534 0.352534 0.455663 0.351461 0.455571 0.35197 0.455351 0.352554 0.455534 0.343947 0.454926 0.35197 0.455351 0.351461 0.455571 0.343947 0.454926 0.342921 0.454551 0.35197 0.455351 0.34272 0.454821 0.342921 0.454551 0.343947 0.454926 0.34272 0.454821 0.340027 0.453731 0.342921 0.454551 0.339802 0.454013 0.340027 0.453731 0.34272 0.454821 0.339802 0.454013 0.335475 0.451999 0.340027 0.453731 0.332695 0.452211 0.335475 0.451999 0.339802 0.454013 0.332695 0.452211 0.332195 0.449725 0.335475 0.451999 0.328695 0.451431 0.332195 0.449725 0.332695 0.452211 0.328695 0.451431 0.33166 0.446518 0.332195 0.449725 0.326134 0.449631 0.33166 0.446518 0.328695 0.451431 0.326134 0.449631 0.331792 0.447122 0.33166 0.446518 0.325644 0.451147 0.331792 0.447122 0.326134 0.449631 0.956168 0.481085 0.937489 0.488183 0.963906 0.481085 0.956168 0.481085 0.937489 0.481085 0.937489 0.488183 0.969843 0.461694 0.937489 0.481085 0.956168 0.481085 0.969843 0.461694 0.937489 0.461694 0.937489 0.481085 0.974848 0.435205 0.937489 0.461694 0.969843 0.461694 0.974848 0.435205 0.937489 0.435205 0.937489 0.461694 0.969843 0.408716 0.937489 0.435205 0.974848 0.435205 0.969843 0.408716 0.937489 0.408716 0.937489 0.435205 0.956168 0.389324 0.937489 0.408716 0.969843 0.408716 0.956168 0.389324 0.937489 0.389324 0.937489 0.408716 0.937489 0.382226 0.937489 0.389324 0.956168 0.389324 0.937489 0.382226 0.91881 0.389324 0.937489 0.389324 0.911073 0.389324 0.91881 0.389324 0.937489 0.382226 0.911073 0.389324 0.905136 0.408716 0.91881 0.389324 0.891735 0.408716 0.905136 0.408716 0.911073 0.389324 0.891735 0.408716 0.900131 0.435205 0.905136 0.408716 0.884656 0.435205 0.900131 0.435205 0.891735 0.408716 0.884656 0.435205 0.905136 0.461694 0.900131 0.435205 0.891735 0.461694 0.905136 0.461694 0.884656 0.435205 0.891735 0.461694 0.91881 0.481085 0.905136 0.461694 0.911073 0.481085 0.91881 0.481085 0.891735 0.461694 0.911073 0.481085 0.937489 0.488183 0.91881 0.481085 0.91881 0.481085 0.937489 0.488183 0.911073 0.481085 0.91881 0.481085 0.937489 0.481085 0.937489 0.488183 0.905136 0.461694 0.937489 0.481085 0.91881 0.481085 0.905136 0.461694 0.937489 0.461694 0.937489 0.481085 0.900131 0.435205 0.937489 0.461694 0.905136 0.461694 0.900131 0.435205 0.937489 0.435205 0.937489 0.461694 0.905136 0.408716 0.937489 0.435205 0.900131 0.435205 0.905136 0.408716 0.937489 0.408716 0.937489 0.435205 0.91881 0.389324 0.937489 0.408716 0.905136 0.408716 0.91881 0.389324 0.937489 0.389324 0.937489 0.408716 0.937489 0.382226 0.937489 0.389324 0.91881 0.389324 0.937489 0.382226 0.956168 0.389324 0.937489 0.389324 0.963906 0.389324 0.956168 0.389324 0.937489 0.382226 0.963906 0.389324 0.969843 0.408716 0.956168 0.389324 0.983244 0.408716 0.969843 0.408716 0.963906 0.389324 0.983244 0.408716 0.974848 0.435205 0.969843 0.408716 0.990322 0.435205 0.974848 0.435205 0.983244 0.408716 0.990322 0.435205 0.969843 0.461694 0.974848 0.435205 0.983244 0.461694 0.969843 0.461694 0.990322 0.435205 0.983244 0.461694 0.956168 0.481085 0.969843 0.461694 0.963906 0.481085 0.956168 0.481085 0.983244 0.461694 0.963906 0.481085 0.937489 0.488183 0.956168 0.481085 0.846354 0.04053395 0.838914 8.37982e-4 0.867839 0.04053395 0.846354 0.04053395 0.835938 0.04159897 0.838914 8.37982e-4 0.830512 0.04574197 0.835938 0.04159897 0.846354 0.04053395 0.830512 0.04574197 0.804591 0.04513496 0.835938 0.04159897 0.814962 0.05627095 0.804591 0.04513496 0.830512 0.04574197 0.814962 0.05627095 0.805135 0.07403594 0.804591 0.04513496 0.808456 0.07052296 0.805135 0.07403594 0.814962 0.05627095 0.808456 0.07052296 0.805679 0.1029369 0.805135 0.07403594 0.808962 0.1030339 0.805679 0.1029369 0.808456 0.07052296 0.808962 0.1030339 0.809896 0.1277729 0.805679 0.1029369 0.813021 0.1263209 0.809896 0.1277729 0.808962 0.1030339 0.813021 0.1263209 0.816869 0.1523029 0.809896 0.1277729 0.820904 0.1478239 0.816869 0.1523029 0.813021 0.1263209 0.820904 0.1478239 0.829102 0.1661849 0.816869 0.1523029 0.830184 0.1640169 0.829102 0.1661849 0.820904 0.1478239 0.830184 0.1640169 0.843099 0.1782289 0.829102 0.1661849 0.313975 0.770388 0.360689 0.7518129 0.307739 0.750364 0.313975 0.770388 0.339509 0.7764239 0.360689 0.7518129 0.318896 0.777756 0.339509 0.7764239 0.313975 0.770388 0.318896 0.777756 0.33495 0.7990249 0.339509 0.7764239 0.284394 0.820593 0.33495 0.7990249 0.318896 0.777756 0.284394 0.820593 0.316827 0.821772 0.33495 0.7990249 0.292523 0.862441 0.316827 0.821772 0.284394 0.820593 0.292523 0.862441 0.312319 0.8487539 0.316827 0.821772 0.292172 0.893088 0.312319 0.8487539 0.292523 0.862441 0.292172 0.893088 0.311617 0.89965 0.312319 0.8487539 0.287311 0.904084 0.311617 0.89965 0.292172 0.893088 0.287311 0.904084 0.311617 0.911475 0.311617 0.89965 0.277589 0.935124 0.311617 0.911475 0.287311 0.904084 0.277589 0.935124 0.311617 0.935124 0.311617 0.911475 0.268553 0.9410369 0.311617 0.935124 0.277589 0.935124 0.268553 0.9410369 0.311617 0.9410369 0.311617 0.935124 0.264378 0.946949 0.311617 0.9410369 0.268553 0.9410369 0.264378 0.946949 0.311617 0.946949 0.311617 0.9410369 0.264378 0.9705989 0.311617 0.946949 0.264378 0.946949 0.264378 0.9705989 0.299039 0.9705989 0.311617 0.946949 0.264378 0.982424 0.299039 0.9705989 0.264378 0.9705989 0.264378 0.982424 0.358284 0.9705989 0.299039 0.9705989 0.358358 0.982424 0.358284 0.9705989 0.264378 0.982424 0.808962 0.1030339 0.809896 0.1277729 0.813021 0.1263209 0.808962 0.1030339 0.805679 0.1029369 0.809896 0.1277729 0.808456 0.07052296 0.805679 0.1029369 0.808962 0.1030339 0.808456 0.07052296 0.805135 0.07403594 0.805679 0.1029369 0.814962 0.05627095 0.805135 0.07403594 0.808456 0.07052296 0.814962 0.05627095 0.804591 0.04513496 0.805135 0.07403594 0.830512 0.04574197 0.804591 0.04513496 0.814962 0.05627095 0.830512 0.04574197 0.835938 0.04159897 0.804591 0.04513496 0.846354 0.04053395 0.835938 0.04159897 0.830512 0.04574197 0.846354 0.04053395 0.838914 8.37982e-4 0.835938 0.04159897 0.867839 0.04053395 0.838914 8.37982e-4 0.846354 0.04053395 0.867839 0.04053395 0.888776 8.37982e-4 0.838914 8.37982e-4 0.915365 0.05485695 0.888776 8.37982e-4 0.867839 0.04053395 0.915365 0.05485695 0.94364 0.02483397 0.888776 8.37982e-4 0.9288 0.06592398 0.94364 0.02483397 0.915365 0.05485695 0.9288 0.06592398 0.941211 0.08213496 0.94364 0.02483397 0.925959 0.06947594 0.941211 0.08213496 0.9288 0.06592398 0.925959 0.06947594 0.935352 0.08525997 0.941211 0.08213496 0.792132 0.667041 0.779538 0.6501989 0.786539 0.726125 0.792132 0.667041 0.801423 0.601969 0.779538 0.6501989 0.814886 0.6173149 0.801423 0.601969 0.792132 0.667041 0.814886 0.6173149 0.837881 0.570673 0.801423 0.601969 0.843061 0.597291 0.837881 0.570673 0.814886 0.6173149 0.843061 0.597291 0.875221 0.574585 0.837881 0.570673 0.875221 0.592566 0.875221 0.574585 0.843061 0.597291 0.875221 0.592566 0.912963 0.5784969 0.875221 0.574585 0.911595 0.595657 0.912963 0.5784969 0.875221 0.592566 0.911595 0.595657 0.944683 0.590544 0.912963 0.5784969 0.942552 0.613705 0.944683 0.590544 0.911595 0.595657 0.942552 0.613705 0.973239 0.616123 0.944683 0.590544 0.96157 0.633265 0.973239 0.616123 0.942552 0.613705 0.96157 0.633265 0.983558 0.639133 0.973239 0.616123 0.978222 0.667524 0.983558 0.639133 0.96157 0.633265 0.978222 0.667524 0.989713 0.6373609 0.983558 0.639133 0.989575 0.666867 0.989713 0.6373609 0.978222 0.667524 0.831739 0.73881 0.792132 0.667041 0.802371 0.7388899 0.831739 0.73881 0.814073 0.669068 0.792132 0.667041 0.850216 0.738833 0.814073 0.669068 0.831739 0.73881 0.850216 0.738833 0.846569 0.667984 0.814073 0.669068 0.875221 0.7388899 0.846569 0.667984 0.850216 0.738833 0.875221 0.7388899 0.875221 0.676786 0.846569 0.667984 0.898559 0.7388899 0.875221 0.676786 0.875221 0.7388899 0.898559 0.7388899 0.903956 0.677021 0.875221 0.676786 0.912562 0.7388899 0.903956 0.677021 0.898559 0.7388899 0.912562 0.7388899 0.92962 0.677082 0.903956 0.677021 0.935899 0.7388899 0.92962 0.677082 0.912562 0.7388899 0.935899 0.7388899 0.953351 0.6890789 0.92962 0.677082 0.96157 0.7388899 0.953351 0.6890789 0.935899 0.7388899 0.96157 0.7388899 0.973239 0.703681 0.953351 0.6890789 0.986546 0.699769 0.973239 0.703681 0.96157 0.7388899 0.986546 0.699769 0.978222 0.667524 0.973239 0.703681 0.989575 0.666867 0.978222 0.667524 0.986546 0.699769 0.779538 0.6501989 0.764767 0.719946 0.786539 0.726125 0.779538 0.6501989 0.765535 0.639133 0.764767 0.719946 0.801423 0.601969 0.765535 0.639133 0.779538 0.6501989 0.801423 0.601969 0.788873 0.584365 0.765535 0.639133 0.837881 0.570673 0.788873 0.584365 0.801423 0.601969 0.837881 0.570673 0.837881 0.556981 0.788873 0.584365 0.875221 0.574585 0.837881 0.556981 0.837881 0.570673 0.875221 0.574585 0.875221 0.551113 0.837881 0.556981 0.912963 0.5784969 0.875221 0.551113 0.875221 0.574585 0.912963 0.5784969 0.913446 0.556981 0.875221 0.551113 0.944683 0.590544 0.913446 0.556981 0.912963 0.5784969 0.944683 0.590544 0.951379 0.580453 0.913446 0.556981 0.973239 0.616123 0.951379 0.580453 0.944683 0.590544 0.973239 0.616123 0.979646 0.6073459 0.951379 0.580453 0.983558 0.639133 0.979646 0.6073459 0.973239 0.616123 0.983558 0.639133 0.989713 0.6373609 0.979646 0.6073459 0.701632 0.6248419 0.739924 0.588317 0.739924 0.6248419 0.701632 0.6248419 0.701632 0.588769 0.739924 0.588317 0.663009 0.6248419 0.701632 0.588769 0.701632 0.6248419 0.663009 0.6248419 0.663009 0.590115 0.701632 0.588769 0.624387 0.613266 0.663009 0.590115 0.663009 0.6248419 0.624387 0.613266 0.624387 0.590115 0.663009 0.590115 0.585764 0.613266 0.624387 0.590115 0.624387 0.613266 0.585764 0.613266 0.585764 0.590115 0.624387 0.590115 0.56259 0.625888 0.585764 0.590115 0.585764 0.613266 0.56259 0.625888 0.53813 0.583239 0.585764 0.590115 0.542867 0.622994 0.53813 0.583239 0.56259 0.625888 0.542867 0.622994 0.509206 0.580119 0.53813 0.583239 0.509206 0.621784 0.509206 0.580119 0.542867 0.622994 0.509206 0.621784 0.53813 0.583239 0.509206 0.580119 0.542867 0.622994 0.53813 0.583239 0.509206 0.621784 0.542867 0.622994 0.585764 0.590115 0.53813 0.583239 0.56259 0.625888 0.585764 0.590115 0.542867 0.622994 0.56259 0.625888 0.585764 0.613266 0.585764 0.590115 0.585764 0.638015 0.585764 0.613266 0.56259 0.625888 0.585764 0.638015 0.624387 0.613266 0.585764 0.613266 0.624858 0.640475 0.624387 0.613266 0.585764 0.638015 0.624858 0.640475 0.663009 0.6248419 0.624387 0.613266 0.656665 0.6573939 0.663009 0.6248419 0.624858 0.640475 0.656665 0.6573939 0.678458 0.678862 0.663009 0.6248419 0.663713 0.683263 0.678458 0.678862 0.656665 0.6573939 0.663713 0.683263 0.678458 0.7058719 0.678458 0.678862 0.65163 0.710085 0.678458 0.7058719 0.663713 0.683263 0.65163 0.710085 0.670734 0.721306 0.678458 0.7058719 0.62419 0.723334 0.670734 0.721306 0.65163 0.710085 0.62419 0.723334 0.639836 0.736741 0.670734 0.721306 0.578264 0.712915 0.639836 0.736741 0.62419 0.723334 0.624858 0.640475 0.624387 0.613266 0.663009 0.6248419 0.624858 0.640475 0.585764 0.613266 0.624387 0.613266 0.585764 0.638015 0.585764 0.613266 0.624858 0.640475 0.585764 0.638015 0.56259 0.625888 0.585764 0.613266 0.578039 0.660654 0.56259 0.625888 0.585764 0.638015 0.578039 0.660654 0.56259 0.664932 0.56259 0.625888 0.578039 0.690438 0.56259 0.664932 0.578039 0.660654 0.578039 0.690438 0.538979 0.660638 0.56259 0.664932 0.537287 0.713589 0.538979 0.660638 0.578039 0.690438 0.537287 0.713589 0.509206 0.657553 0.538979 0.660638 0.509206 0.7058719 0.509206 0.657553 0.537287 0.713589 0.509206 0.7058719 0.538979 0.660638 0.509206 0.657553 0.537287 0.713589 0.538979 0.660638 0.509206 0.7058719 0.537287 0.713589 0.56259 0.664932 0.538979 0.660638 0.578039 0.690438 0.56259 0.664932 0.537287 0.713589 0.578039 0.690438 0.578039 0.660654 0.56259 0.664932 0.587831 0.688606 0.578039 0.660654 0.578039 0.690438 0.587831 0.688606 0.591919 0.657124 0.578039 0.660654 0.663009 0.559246 0.624387 0.590115 0.624387 0.559246 0.663009 0.559246 0.663009 0.590115 0.624387 0.590115 0.701632 0.560917 0.663009 0.590115 0.663009 0.559246 0.701632 0.560917 0.701632 0.588769 0.663009 0.590115 0.739924 0.560864 0.701632 0.588769 0.701632 0.560917 0.739924 0.560864 0.739924 0.588317 0.701632 0.588769 0.701632 0.560917 0.739924 0.588317 0.739924 0.560864 0.701632 0.560917 0.701632 0.588769 0.739924 0.588317 0.663009 0.559246 0.701632 0.588769 0.701632 0.560917 0.663009 0.559246 0.663009 0.590115 0.701632 0.588769 0.624387 0.559246 0.663009 0.590115 0.663009 0.559246 0.624387 0.559246 0.624387 0.590115 0.663009 0.590115 0.585764 0.5515289 0.624387 0.590115 0.624387 0.559246 0.585764 0.5515289 0.585764 0.590115 0.624387 0.590115 0.537287 0.54819 0.585764 0.590115 0.585764 0.5515289 0.537287 0.54819 0.53813 0.583239 0.585764 0.590115 0.509206 0.545822 0.53813 0.583239 0.537287 0.54819 0.509206 0.545822 0.509206 0.580119 0.53813 0.583239 0.537287 0.54819 0.509206 0.580119 0.509206 0.545822 0.537287 0.54819 0.53813 0.583239 0.509206 0.580119 0.585764 0.5515289 0.53813 0.583239 0.537287 0.54819 0.585764 0.5515289 0.585764 0.590115 0.53813 0.583239 0.624387 0.559246 0.585764 0.590115 0.585764 0.5515289 0.624387 0.559246 0.624387 0.590115 0.585764 0.590115 0.739924 0.540447 0.701632 0.560917 0.701632 0.539222 0.739924 0.540447 0.739924 0.560864 0.701632 0.560917 0.701632 0.539222 0.739924 0.560864 0.739924 0.540447 0.701632 0.539222 0.701632 0.560917 0.739924 0.560864 0.663009 0.538535 0.701632 0.560917 0.701632 0.539222 0.663009 0.538535 0.663009 0.559246 0.701632 0.560917 0.624387 0.537559 0.663009 0.559246 0.663009 0.538535 0.624387 0.537559 0.624387 0.559246 0.663009 0.559246 0.583907 0.532887 0.624387 0.559246 0.624387 0.537559 0.583907 0.532887 0.585764 0.5515289 0.624387 0.559246 0.53464 0.520244 0.585764 0.5515289 0.583907 0.532887 0.53464 0.520244 0.537287 0.54819 0.585764 0.5515289 0.509206 0.528378 0.537287 0.54819 0.53464 0.520244 0.509206 0.528378 0.509206 0.545822 0.537287 0.54819 0.53464 0.520244 0.509206 0.545822 0.509206 0.528378 0.53464 0.520244 0.537287 0.54819 0.509206 0.545822 0.583907 0.532887 0.537287 0.54819 0.53464 0.520244 0.583907 0.532887 0.585764 0.5515289 0.537287 0.54819 0.624387 0.537559 0.585764 0.5515289 0.583907 0.532887 0.624387 0.537559 0.624387 0.559246 0.585764 0.5515289 0.663009 0.538535 0.624387 0.559246 0.624387 0.537559 0.663009 0.538535 0.663009 0.559246 0.624387 0.559246 0.701632 0.539222 0.663009 0.559246 0.663009 0.538535 0.701632 0.539222 0.701632 0.560917 0.663009 0.559246 0.973239 0.616123 0.951379 0.580453 0.979646 0.6073459 0.973239 0.616123 0.944683 0.590544 0.951379 0.580453 0.96157 0.633265 0.944683 0.590544 0.973239 0.616123 0.96157 0.633265 0.942552 0.613705 0.944683 0.590544 0.940914 0.628663 0.942552 0.613705 0.96157 0.633265 0.940914 0.628663 0.911595 0.595657 0.942552 0.613705 0.91128 0.607867 0.911595 0.595657 0.940914 0.628663 0.91128 0.607867 0.875221 0.592566 0.911595 0.595657 0.876481 0.601969 0.875221 0.592566 0.91128 0.607867 0.876481 0.601969 0.843061 0.597291 0.875221 0.592566 0.841525 0.613528 0.843061 0.597291 0.876481 0.601969 0.841525 0.613528 0.814886 0.6173149 0.843061 0.597291 0.846569 0.667984 0.814886 0.6173149 0.841525 0.613528 0.846569 0.667984 0.814073 0.669068 0.814886 0.6173149 0.850216 0.738833 0.814073 0.669068 0.846569 0.667984 0.850216 0.738833 0.831739 0.73881 0.814073 0.669068 0.062617 0.2382749 0.09282302 0.2344179 0.062617 0.2424339 0.062617 0.2382749 0.09066301 0.2308159 0.09282302 0.2344179 0.062617 0.2280359 0.09066301 0.2308159 0.062617 0.2382749 0.062617 0.2280359 0.08551299 0.2219499 0.09066301 0.2308159 0.062617 0.2218679 0.08551299 0.2219499 0.062617 0.2280359 0.062617 0.2218679 0.08240997 0.2166079 0.08551299 0.2219499 0.062617 0.2153609 0.08240997 0.2166079 0.062617 0.2218679 0.062617 0.2153609 0.07912898 0.2109719 0.08240997 0.2166079 0.062617 0.2056889 0.07912898 0.2109719 0.062617 0.2153609 0.062617 0.2056889 0.09121698 0.198982 0.07912898 0.2109719 0.07017201 0.1900979 0.09121698 0.198982 0.062617 0.2056889 0.07017201 0.1900979 0.085891 0.1826039 0.09121698 0.198982 0.07017201 0.1751099 0.085891 0.1826039 0.07017201 0.1900979 0.07017201 0.1751099 0.09121698 0.1662249 0.085891 0.1826039 0.062617 0.1595189 0.09121698 0.1662249 0.07017201 0.1751099 0.062617 0.1595189 0.07912898 0.1542349 0.09121698 0.1662249 0.062617 0.1498469 0.07912898 0.1542349 0.062617 0.1595189 0.062617 0.1498469 0.08240997 0.1485999 0.07912898 0.1542349 0.062617 0.1433389 0.08240997 0.1485999 0.062617 0.1498469 0.062617 0.1433389 0.08551299 0.1432579 0.08240997 0.1485999 0.062617 0.1371709 0.08551299 0.1432579 0.062617 0.1433389 0.062617 0.1371709 0.09066301 0.1343909 0.08551299 0.1432579 0.062617 0.1269329 0.09066301 0.1343909 0.062617 0.1371709 0.062617 0.1269329 0.09282302 0.1307899 0.09066301 0.1343909 0.062617 0.1227739 0.09282302 0.1307899 0.062617 0.1269329 0.062617 0.1498469 0.04282402 0.1485999 0.062617 0.1433389 0.062617 0.1498469 0.04610401 0.1542349 0.04282402 0.1485999 0.062617 0.1595189 0.04610401 0.1542349 0.062617 0.1498469 0.062617 0.1595189 0.03401601 0.1662249 0.04610401 0.1542349 0.05506199 0.1751099 0.03401601 0.1662249 0.062617 0.1595189 0.05506199 0.1751099 0.03934299 0.1826039 0.03401601 0.1662249 0.05506199 0.1900979 0.03934299 0.1826039 0.05506199 0.1751099 0.05506199 0.1900979 0.03401601 0.198982 0.03934299 0.1826039 0.062617 0.2056889 0.03401601 0.198982 0.05506199 0.1900979 0.062617 0.2056889 0.04610401 0.2109719 0.03401601 0.198982 0.062617 0.2153609 0.04610401 0.2109719 0.062617 0.2056889 0.062617 0.2153609 0.04282402 0.2166079 0.04610401 0.2109719 0.062617 0.2218679 0.04282402 0.2166079 0.062617 0.2153609 0.062617 0.2218679 0.03971999 0.2219499 0.04282402 0.2166079 0.062617 0.2280359 0.03971999 0.2219499 0.062617 0.2218679 0.062617 0.2280359 0.03456997 0.2308159 0.03971999 0.2219499 0.062617 0.2382749 0.03456997 0.2308159 0.062617 0.2280359 0.062617 0.2382749 0.03241097 0.2344179 0.03456997 0.2308159 0.062617 0.2424339 0.03241097 0.2344179 0.062617 0.2382749 0.32241 0.631565 0.333743 0.645058 0.322727 0.64313 0.32241 0.631565 0.338178 0.63542 0.333743 0.645058 0.322675 0.600722 0.338178 0.63542 0.32241 0.631565 0.322675 0.600722 0.338178 0.608433 0.338178 0.63542 0.322675 0.56988 0.338178 0.608433 0.322675 0.600722 0.322675 0.56988 0.338178 0.554459 0.338178 0.608433 0.322675 0.539038 0.338178 0.554459 0.322675 0.56988 0.322675 0.539038 0.322675 0.5126309 0.338178 0.554459 0.307171 0.554459 0.322675 0.5126309 0.322675 0.539038 0.307171 0.554459 0.291667 0.523617 0.322675 0.5126309 0.2839151 0.585301 0.291667 0.523617 0.307171 0.554459 0.2839151 0.585301 0.260659 0.577591 0.291667 0.523617 0.2719931 0.6370289 0.260659 0.577591 0.2839151 0.585301 0.2719931 0.6370289 0.260659 0.646986 0.260659 0.577591 0.276163 0.670468 0.260659 0.646986 0.2719931 0.6370289 0.276163 0.670468 0.268411 0.680281 0.260659 0.646986 0.291102 0.701486 0.268411 0.680281 0.276163 0.670468 0.307171 0.63542 0.291667 0.623854 0.307171 0.608433 0.307171 0.63542 0.291667 0.646986 0.291667 0.623854 0.311659 0.645058 0.291667 0.646986 0.307171 0.63542 0.311659 0.645058 0.294783 0.677828 0.291667 0.646986 0.303295 0.673973 0.294783 0.677828 0.311659 0.645058 0.303295 0.673973 0.307171 0.695506 0.294783 0.677828 0.311047 0.681683 0.307171 0.695506 0.303295 0.673973 0.311047 0.681683 0.322675 0.69996 0.307171 0.695506 0.322675 0.6855379 0.322675 0.69996 0.311047 0.681683 0.322675 0.6855379 0.338178 0.695506 0.322675 0.69996 0.334302 0.681683 0.338178 0.695506 0.322675 0.6855379 0.334302 0.681683 0.350566 0.677828 0.338178 0.695506 0.333743 0.645058 0.350566 0.677828 0.334302 0.681683 0.333743 0.645058 0.353682 0.646986 0.350566 0.677828 0.338178 0.63542 0.353682 0.646986 0.333743 0.645058 0.338178 0.63542 0.353682 0.623854 0.353682 0.646986 0.338178 0.608433 0.353682 0.623854 0.338178 0.63542 0.338178 0.608433 0.361434 0.585301 0.353682 0.623854 0.338178 0.554459 0.361434 0.585301 0.338178 0.608433 0.338178 0.554459 0.38469 0.577591 0.361434 0.585301 0.353682 0.523617 0.38469 0.577591 0.338178 0.554459 0.772524 0.2287659 0.765074 0.2298959 0.765164 0.2287659 0.772524 0.2287659 0.772599 0.2298959 0.765074 0.2298959 0.779053 0.2287659 0.772599 0.2298959 0.772524 0.2287659 0.779053 0.2287659 0.779685 0.2298959 0.772599 0.2298959 0.779839 0.2287659 0.779685 0.2298959 0.779053 0.2287659 0.779839 0.2287659 0.781449 0.2298959 0.779685 0.2298959 0.77784 0.2287659 0.781449 0.2298959 0.779839 0.2287659 0.77784 0.2287659 0.772205 0.2298959 0.781449 0.2298959 0.771845 0.2287659 0.772205 0.2298959 0.77784 0.2287659 0.771845 0.2287659 0.763565 0.2298959 0.772205 0.2298959 0.763397 0.2287659 0.763565 0.2298959 0.771845 0.2287659 0.763397 0.2287659 0.762143 0.2287659 0.763565 0.2298959 0.764026 0.2276249 0.762143 0.2287659 0.763397 0.2287659 0.764026 0.2276249 0.762935 0.2275549 0.762143 0.2287659 0.763809 0.2219079 0.762935 0.2275549 0.764026 0.2276249 0.763809 0.2219079 0.762232 0.2220099 0.762935 0.2275549 0.766248 0.2115949 0.762232 0.2220099 0.763809 0.2219079 0.766248 0.2115949 0.764392 0.2115949 0.762232 0.2220099 0.765577 0.2098369 0.764392 0.2115949 0.766248 0.2115949 0.765577 0.2098369 0.76385 0.2096229 0.764392 0.2115949 0.765035 0.2085369 0.76385 0.2096229 0.765577 0.2098369 0.765035 0.2085369 0.763158 0.2081649 0.76385 0.2096229 0.771845 0.2287659 0.764026 0.2276249 0.763397 0.2287659 0.771845 0.2287659 0.771838 0.2276709 0.764026 0.2276249 0.77784 0.2287659 0.771838 0.2276709 0.771845 0.2287659 0.77784 0.2287659 0.780491 0.2275909 0.771838 0.2276709 0.779839 0.2287659 0.780491 0.2275909 0.77784 0.2287659 0.779839 0.2287659 0.778117 0.2274139 0.780491 0.2275909 0.779053 0.2287659 0.778117 0.2274139 0.779839 0.2287659 0.779053 0.2287659 0.77215 0.2273529 0.778117 0.2274139 0.772524 0.2287659 0.77215 0.2273529 0.779053 0.2287659 0.772524 0.2287659 0.76643 0.2274159 0.77215 0.2273529 0.765164 0.2287659 0.76643 0.2274159 0.772524 0.2287659 0.765164 0.2287659 0.762143 0.2287659 0.76643 0.2274159 0.765074 0.2298959 0.762143 0.2287659 0.765164 0.2287659 0.765074 0.2298959 0.762144 0.2298959 0.762143 0.2287659 0.765514 0.2326079 0.762144 0.2298959 0.765074 0.2298959 0.765514 0.2326079 0.762927 0.2326079 0.762144 0.2298959 0.353314 0.701486 0.322675 0.69996 0.330224 0.718207 0.353314 0.701486 0.338178 0.695506 0.322675 0.69996 0.369186 0.670468 0.338178 0.695506 0.353314 0.701486 0.369186 0.670468 0.350566 0.677828 0.338178 0.695506 0.369186 0.639275 0.350566 0.677828 0.369186 0.670468 0.369186 0.639275 0.353682 0.646986 0.350566 0.677828 0.353682 0.623854 0.353682 0.646986 0.369186 0.639275 0.353682 0.623854 0.338178 0.63542 0.353682 0.646986 0.338178 0.608433 0.338178 0.63542 0.353682 0.623854 0.338178 0.608433 0.32241 0.631565 0.338178 0.63542 0.322675 0.600722 0.32241 0.631565 0.338178 0.608433 0.322675 0.600722 0.307171 0.63542 0.32241 0.631565 0.307171 0.608433 0.307171 0.63542 0.322675 0.600722 0.307171 0.608433 0.291667 0.623854 0.307171 0.63542 0.2839151 0.585301 0.291667 0.623854 0.307171 0.608433 0.2839151 0.585301 0.2719931 0.6370289 0.291667 0.623854 0.260659 0.577591 0.2719931 0.6370289 0.2839151 0.585301 0.260659 0.577591 0.260659 0.646986 0.2719931 0.6370289 0.772524 0.2287659 0.76643 0.2274159 0.765164 0.2287659 0.772524 0.2287659 0.77215 0.2273529 0.76643 0.2274159 0.779053 0.2287659 0.77215 0.2273529 0.772524 0.2287659 0.779053 0.2287659 0.778117 0.2274139 0.77215 0.2273529 0.779839 0.2287659 0.778117 0.2274139 0.779053 0.2287659 0.779839 0.2287659 0.780491 0.2275909 0.778117 0.2274139 0.77784 0.2287659 0.780491 0.2275909 0.779839 0.2287659 0.77784 0.2287659 0.771838 0.2276709 0.780491 0.2275909 0.771845 0.2287659 0.771838 0.2276709 0.77784 0.2287659 0.771845 0.2287659 0.764026 0.2276249 0.771838 0.2276709 0.763397 0.2287659 0.764026 0.2276249 0.771845 0.2287659 0.763397 0.2287659 0.762143 0.2287659 0.764026 0.2276249 0.763565 0.2298959 0.762143 0.2287659 0.763397 0.2287659 0.763565 0.2298959 0.762144 0.2298959 0.762143 0.2287659 0.764215 0.2326079 0.762144 0.2298959 0.763565 0.2298959 0.764215 0.2326079 0.762927 0.2326079 0.762144 0.2298959 0.779839 0.2287659 0.781449 0.2298959 0.77784 0.2287659 0.779839 0.2287659 0.779685 0.2298959 0.781449 0.2298959 0.779053 0.2287659 0.779685 0.2298959 0.779839 0.2287659 0.779053 0.2287659 0.772599 0.2298959 0.779685 0.2298959 0.772524 0.2287659 0.772599 0.2298959 0.779053 0.2287659 0.772524 0.2287659 0.765074 0.2298959 0.772599 0.2298959 0.765164 0.2287659 0.765074 0.2298959 0.772524 0.2287659 0.765164 0.2287659 0.762143 0.2287659 0.765074 0.2298959 0.76643 0.2274159 0.762143 0.2287659 0.765164 0.2287659 0.76643 0.2274159 0.762935 0.2275549 0.762143 0.2287659 0.76626 0.2220099 0.762935 0.2275549 0.76643 0.2274159 0.76626 0.2220099 0.762232 0.2220099 0.762935 0.2275549 0.767034 0.2115949 0.762232 0.2220099 0.76626 0.2220099 0.767034 0.2115949 0.764392 0.2115949 0.762232 0.2220099 0.766492 0.2091769 0.764392 0.2115949 0.767034 0.2115949 0.766492 0.2091769 0.76385 0.2096229 0.764392 0.2115949 0.765949 0.2074689 0.76385 0.2096229 0.766492 0.2091769 0.765949 0.2074689 0.763158 0.2081649 0.76385 0.2096229 0.258029 0.309903 0.251995 0.309903 0.258029 0.283993 0.258029 0.309903 0.258029 0.335814 0.251995 0.309903 0.270097 0.309903 0.258029 0.335814 0.258029 0.309903 0.270097 0.309903 0.270097 0.349352 0.258029 0.335814 0.288199 0.309903 0.270097 0.349352 0.270097 0.309903 0.288199 0.309903 0.288199 0.357472 0.270097 0.349352 0.306301 0.309903 0.288199 0.357472 0.288199 0.309903 0.306301 0.309903 0.306301 0.362752 0.288199 0.357472 0.324403 0.335282 0.306301 0.362752 0.306301 0.309903 0.324403 0.335282 0.32178 0.36066 0.306301 0.362752 0.342505 0.331665 0.32178 0.36066 0.324403 0.335282 0.342505 0.331665 0.350679 0.348289 0.32178 0.36066 0.348934 0.309903 0.350679 0.348289 0.342505 0.331665 0.348934 0.309903 0.359612 0.317326 0.350679 0.348289 0.359612 0.302481 0.359612 0.317326 0.348934 0.309903 0.359612 0.302481 0.372675 0.309903 0.359612 0.317326 0.258029 0.309903 0.251995 0.309903 0.258029 0.283993 0.258029 0.309903 0.258029 0.335814 0.251995 0.309903 0.270097 0.309903 0.258029 0.335814 0.258029 0.309903 0.270097 0.309903 0.270097 0.349352 0.258029 0.335814 0.288199 0.309903 0.270097 0.349352 0.270097 0.309903 0.288199 0.309903 0.288199 0.357472 0.270097 0.349352 0.306301 0.309903 0.288199 0.357472 0.288199 0.309903 0.306301 0.309903 0.306301 0.362752 0.288199 0.357472 0.324403 0.335282 0.306301 0.362752 0.306301 0.309903 0.324403 0.335282 0.32178 0.36066 0.306301 0.362752 0.342505 0.331665 0.32178 0.36066 0.324403 0.335282 0.342505 0.331665 0.350679 0.348289 0.32178 0.36066 0.348934 0.309903 0.350679 0.348289 0.342505 0.331665 0.348934 0.309903 0.359612 0.317326 0.350679 0.348289 0.359612 0.302481 0.359612 0.317326 0.348934 0.309903 0.359612 0.302481 0.372675 0.309903 0.359612 0.317326 0.258029 0.309903 0.251995 0.309903 0.258029 0.283993 0.258029 0.309903 0.258029 0.335814 0.251995 0.309903 0.270097 0.309903 0.258029 0.335814 0.258029 0.309903 0.270097 0.309903 0.270097 0.349352 0.258029 0.335814 0.288199 0.309903 0.270097 0.349352 0.270097 0.309903 0.288199 0.309903 0.288199 0.357472 0.270097 0.349352 0.306301 0.309903 0.288199 0.357472 0.288199 0.309903 0.306301 0.309903 0.306301 0.362752 0.288199 0.357472 0.324403 0.335282 0.306301 0.362752 0.306301 0.309903 0.324403 0.335282 0.32178 0.36066 0.306301 0.362752 0.342505 0.331665 0.32178 0.36066 0.324403 0.335282 0.342505 0.331665 0.350679 0.348289 0.32178 0.36066 0.348934 0.309903 0.350679 0.348289 0.342505 0.331665 0.348934 0.309903 0.359612 0.317326 0.350679 0.348289 0.359612 0.302481 0.359612 0.317326 0.348934 0.309903 0.359612 0.302481 0.372675 0.309903 0.359612 0.317326 0.258029 0.309903 0.251995 0.309903 0.258029 0.283993 0.258029 0.309903 0.258029 0.335814 0.251995 0.309903 0.270097 0.309903 0.258029 0.335814 0.258029 0.309903 0.270097 0.309903 0.270097 0.349352 0.258029 0.335814 0.288199 0.309903 0.270097 0.349352 0.270097 0.309903 0.288199 0.309903 0.288199 0.357472 0.270097 0.349352 0.306301 0.309903 0.288199 0.357472 0.288199 0.309903 0.306301 0.309903 0.306301 0.362752 0.288199 0.357472 0.324403 0.335282 0.306301 0.362752 0.306301 0.309903 0.324403 0.335282 0.32178 0.36066 0.306301 0.362752 0.342505 0.331665 0.32178 0.36066 0.324403 0.335282 0.342505 0.331665 0.350679 0.348289 0.32178 0.36066 0.348934 0.309903 0.350679 0.348289 0.342505 0.331665 0.348934 0.309903 0.359612 0.317326 0.350679 0.348289 0.359612 0.302481 0.359612 0.317326 0.348934 0.309903 0.359612 0.302481 0.372675 0.309903 0.359612 0.317326 0.258029 0.309903 0.251995 0.309903 0.258029 0.283993 0.258029 0.309903 0.258029 0.335814 0.251995 0.309903 0.270097 0.309903 0.258029 0.335814 0.258029 0.309903 0.270097 0.309903 0.270097 0.349352 0.258029 0.335814 0.288199 0.309903 0.270097 0.349352 0.270097 0.309903 0.288199 0.309903 0.288199 0.357472 0.270097 0.349352 0.306301 0.309903 0.288199 0.357472 0.288199 0.309903 0.306301 0.309903 0.306301 0.362752 0.288199 0.357472 0.324403 0.335282 0.306301 0.362752 0.306301 0.309903 0.324403 0.335282 0.32178 0.36066 0.306301 0.362752 0.342505 0.331665 0.32178 0.36066 0.324403 0.335282 0.342505 0.331665 0.350679 0.348289 0.32178 0.36066 0.348934 0.309903 0.350679 0.348289 0.342505 0.331665 0.348934 0.309903 0.359612 0.309903 0.350679 0.348289 0.350679 0.271517 0.359612 0.309903 0.348934 0.309903 0.350679 0.271517 0.359612 0.302481 0.359612 0.309903 0.795065 0.2286629 0.793076 0.2249779 0.795065 0.2252299 0.795065 0.2286629 0.793076 0.2280039 0.793076 0.2249779 0.795065 0.2299739 0.793076 0.2280039 0.795065 0.2286629 0.795065 0.2299739 0.793076 0.2291589 0.793076 0.2280039 0.795065 0.2286629 0.793076 0.2291589 0.795065 0.2299739 0.795065 0.2286629 0.793076 0.2280039 0.793076 0.2291589 0.795065 0.2252299 0.793076 0.2280039 0.795065 0.2286629 0.795065 0.2252299 0.793076 0.2249779 0.793076 0.2280039 0.795065 0.2173549 0.793076 0.2249779 0.795065 0.2252299 0.795065 0.2173549 0.793076 0.2178059 0.793076 0.2249779 0.795065 0.2162419 0.793076 0.2178059 0.795065 0.2173549 0.795065 0.2162419 0.793076 0.2170569 0.793076 0.2178059 0.795065 0.2209869 0.793076 0.2170569 0.795065 0.2162419 0.795065 0.2209869 0.793076 0.2212379 0.793076 0.2170569 0.795065 0.2252299 0.793076 0.2212379 0.795065 0.2209869 0.795065 0.2252299 0.793076 0.2249779 0.793076 0.2212379 0.792539 0.2290519 0.793076 0.2280039 0.792539 0.2279559 0.792539 0.2290519 0.793076 0.2291589 0.793076 0.2280039 0.792539 0.2277499 0.793076 0.2291589 0.792539 0.2290519 0.792539 0.2277499 0.793076 0.2280039 0.793076 0.2291589 0.792566 0.2252039 0.793076 0.2280039 0.792539 0.2277499 0.792566 0.2252039 0.793076 0.2249779 0.793076 0.2280039 0.792566 0.2210129 0.793076 0.2249779 0.792566 0.2252039 0.792566 0.2210129 0.793076 0.2212379 0.793076 0.2249779 0.792539 0.2169289 0.793076 0.2212379 0.792566 0.2210129 0.792539 0.2169289 0.793076 0.2170569 0.793076 0.2212379 0.792539 0.2179229 0.793076 0.2170569 0.792539 0.2169289 0.792539 0.2179229 0.793076 0.2178059 0.793076 0.2170569 0.792423 0.2246469 0.793076 0.2178059 0.792539 0.2179229 0.792423 0.2246469 0.793076 0.2249779 0.793076 0.2178059 0.792539 0.2279559 0.793076 0.2249779 0.792423 0.2246469 0.792539 0.2279559 0.793076 0.2280039 0.793076 0.2249779 0.362686 0.472182 0.367567 0.465869 0.367567 0.471656 0.362686 0.472182 0.362647 0.465507 0.367567 0.465869 0.355928 0.472639 0.362647 0.465507 0.362686 0.472182 0.355928 0.472639 0.355857 0.465239 0.362647 0.465507 0.354962 0.472704 0.355857 0.465239 0.355928 0.472639 0.354962 0.472704 0.354886 0.465201 0.355857 0.465239 0.353673 0.472775 0.354886 0.465201 0.354962 0.472704 0.353673 0.472775 0.353606 0.46514 0.354886 0.465201 0.344645 0.473272 0.353606 0.46514 0.353673 0.472775 0.344645 0.473272 0.344645 0.464712 0.353606 0.46514 0.343386 0.47373 0.344645 0.464712 0.344645 0.473272 0.343386 0.47373 0.342945 0.464134 0.344645 0.464712 0.340244 0.473777 0.342945 0.464134 0.343386 0.47373 0.340244 0.473777 0.339702 0.464299 0.342945 0.464134 0.327265 0.471499 0.339702 0.464299 0.340244 0.473777 0.327265 0.471499 0.3271 0.464258 0.339702 0.464299 0.327373 0.401643 0.322873 0.391296 0.323355 0.396359 0.327373 0.401643 0.331611 0.39448 0.322873 0.391296 0.329175 0.408144 0.331611 0.39448 0.327373 0.401643 0.329175 0.408144 0.334906 0.394202 0.331611 0.39448 0.340241 0.406267 0.334906 0.394202 0.329175 0.408144 0.340241 0.406267 0.338327 0.394074 0.334906 0.394202 0.341232 0.405135 0.338327 0.394074 0.340241 0.406267 0.341232 0.405135 0.341436 0.394956 0.338327 0.394074 0.351224 0.403875 0.341436 0.394956 0.341232 0.405135 0.351224 0.403875 0.351159 0.395816 0.341436 0.394956 0.352666 0.403745 0.351159 0.395816 0.351224 0.403875 0.352666 0.403745 0.352585 0.39594 0.351159 0.395816 0.360159 0.403294 0.352585 0.39594 0.352666 0.403745 0.360159 0.403294 0.360098 0.396588 0.352585 0.39594 0.364225 0.402773 0.360098 0.396588 0.360159 0.403294 0.364225 0.402773 0.364303 0.397478 0.360098 0.396588 0.366486 0.402204 0.364303 0.397478 0.364225 0.402773 0.366486 0.402204 0.366415 0.398032 0.364303 0.397478 0.367772 0.401584 0.366415 0.398032 0.366486 0.402204 0.367772 0.401584 0.367777 0.39861 0.366415 0.398032 0.327543 0.417145 0.340241 0.406267 0.329175 0.408144 0.327543 0.417145 0.340932 0.41545 0.340241 0.406267 0.340812 0.42518 0.340932 0.41545 0.327543 0.417145 0.340812 0.42518 0.341442 0.415627 0.340932 0.41545 0.340788 0.425975 0.341442 0.415627 0.340812 0.42518 0.340788 0.425975 0.352076 0.416357 0.341442 0.415627 0.352013 0.424569 0.352076 0.416357 0.340788 0.425975 0.352013 0.424569 0.353508 0.416451 0.352076 0.416357 0.353469 0.424403 0.353508 0.416451 0.352013 0.424569 0.353469 0.424403 0.360499 0.416885 0.353508 0.416451 0.36031 0.423706 0.360499 0.416885 0.353469 0.424403 0.36031 0.423706 0.365055 0.417369 0.360499 0.416885 0.365017 0.423315 0.365055 0.417369 0.36031 0.423706 0.365017 0.423315 0.368218 0.418154 0.365055 0.417369 0.368165 0.422868 0.368218 0.418154 0.365017 0.423315 0.368165 0.422868 0.369652 0.418781 0.368218 0.418154 0.369586 0.422391 0.369652 0.418781 0.368165 0.422868 0.360532 0.481665 0.365075 0.475535 0.3649 0.481389 0.360532 0.481665 0.360664 0.475165 0.365075 0.475535 0.354216 0.482149 0.360664 0.475165 0.360532 0.481665 0.354216 0.482149 0.354302 0.474845 0.360664 0.475165 0.353313 0.482218 0.354302 0.474845 0.354216 0.482149 0.353313 0.482218 0.353393 0.474799 0.354302 0.474845 0.352215 0.482296 0.353393 0.474799 0.353313 0.482218 0.352215 0.482296 0.352294 0.474735 0.353393 0.474799 0.344527 0.482841 0.352294 0.474735 0.352215 0.482296 0.344527 0.482841 0.344601 0.474284 0.352294 0.474735 0.342131 0.483554 0.344601 0.474284 0.344527 0.482841 0.342131 0.483554 0.343386 0.47373 0.344601 0.474284 0.339919 0.483333 0.343386 0.47373 0.342131 0.483554 0.339919 0.483333 0.340244 0.473777 0.343386 0.47373 0.327265 0.479476 0.340244 0.473777 0.339919 0.483333 0.327265 0.479476 0.327265 0.471499 0.340244 0.473777 0.1883959 0.324116 0.2129039 0.290153 0.2129039 0.317941 0.1883959 0.324116 0.1883959 0.290153 0.2129039 0.290153 0.1638879 0.317941 0.1883959 0.290153 0.1883959 0.324116 0.1638879 0.317941 0.1638879 0.290153 0.1883959 0.290153 0.1393799 0.290153 0.1638879 0.290153 0.1638879 0.317941 0.1393799 0.290153 0.135326 0.259278 0.1638879 0.290153 0.1393799 0.290153 0.135326 0.259278 0.1393799 0.290153 0.1393799 0.290153 0.16605 0.259278 0.135326 0.259278 0.1638879 0.290153 0.16605 0.259278 0.1393799 0.290153 0.1638879 0.290153 0.1883959 0.259278 0.16605 0.259278 0.1883959 0.290153 0.1883959 0.259278 0.1638879 0.290153 0.1883959 0.290153 0.2107409 0.259278 0.1883959 0.259278 0.2129039 0.290153 0.2107409 0.259278 0.1883959 0.290153 0.2129039 0.290153 0.237411 0.290153 0.2107409 0.259278 0.2129039 0.317941 0.237411 0.290153 0.2129039 0.290153 0.2129039 0.317941 0.237411 0.327203 0.237411 0.290153 0.2129039 0.354991 0.237411 0.327203 0.2129039 0.317941 0.258029 0.309903 0.251995 0.309903 0.258029 0.335814 0.258029 0.309903 0.258029 0.283993 0.251995 0.309903 0.270097 0.309903 0.258029 0.283993 0.258029 0.309903 0.270097 0.309903 0.270097 0.270455 0.258029 0.283993 0.288199 0.309903 0.270097 0.270455 0.270097 0.309903 0.288199 0.309903 0.288199 0.262334 0.270097 0.270455 0.306301 0.309903 0.288199 0.262334 0.288199 0.309903 0.306301 0.309903 0.306301 0.257055 0.288199 0.262334 0.324403 0.284525 0.306301 0.257055 0.306301 0.309903 0.324403 0.284525 0.32178 0.259146 0.306301 0.257055 0.342505 0.288142 0.32178 0.259146 0.324403 0.284525 0.342505 0.288142 0.350679 0.271517 0.32178 0.259146 0.348934 0.309903 0.350679 0.271517 0.342505 0.288142 0.348934 0.309903 0.359612 0.302481 0.350679 0.271517 0.359612 0.317326 0.359612 0.302481 0.348934 0.309903 0.359612 0.317326 0.372675 0.309903 0.359612 0.302481 0.258029 0.309903 0.251995 0.309903 0.258029 0.335814 0.258029 0.309903 0.258029 0.283993 0.251995 0.309903 0.270097 0.309903 0.258029 0.283993 0.258029 0.309903 0.270097 0.309903 0.270097 0.270455 0.258029 0.283993 0.288199 0.309903 0.270097 0.270455 0.270097 0.309903 0.288199 0.309903 0.288199 0.262334 0.270097 0.270455 0.306301 0.309903 0.288199 0.262334 0.288199 0.309903 0.306301 0.309903 0.306301 0.257055 0.288199 0.262334 0.324403 0.284525 0.306301 0.257055 0.306301 0.309903 0.324403 0.284525 0.32178 0.259146 0.306301 0.257055 0.342505 0.288142 0.32178 0.259146 0.324403 0.284525 0.342505 0.288142 0.350679 0.271517 0.32178 0.259146 0.348934 0.309903 0.350679 0.271517 0.342505 0.288142 0.348934 0.309903 0.359612 0.302481 0.350679 0.271517 0.359612 0.317326 0.359612 0.302481 0.348934 0.309903 0.359612 0.317326 0.372675 0.309903 0.359612 0.302481 0.258029 0.309903 0.251995 0.309903 0.258029 0.335814 0.258029 0.309903 0.258029 0.283993 0.251995 0.309903 0.270097 0.309903 0.258029 0.283993 0.258029 0.309903 0.270097 0.309903 0.270097 0.270455 0.258029 0.283993 0.288199 0.309903 0.270097 0.270455 0.270097 0.309903 0.288199 0.309903 0.288199 0.262334 0.270097 0.270455 0.306301 0.309903 0.288199 0.262334 0.288199 0.309903 0.306301 0.309903 0.306301 0.257055 0.288199 0.262334 0.324403 0.284525 0.306301 0.257055 0.306301 0.309903 0.324403 0.284525 0.32178 0.259146 0.306301 0.257055 0.342505 0.288142 0.32178 0.259146 0.324403 0.284525 0.342505 0.288142 0.350679 0.271517 0.32178 0.259146 0.348934 0.309903 0.350679 0.271517 0.342505 0.288142 0.348934 0.309903 0.359612 0.302481 0.350679 0.271517 0.359612 0.317326 0.359612 0.302481 0.348934 0.309903 0.359612 0.317326 0.372675 0.309903 0.359612 0.302481 0.258029 0.309903 0.251995 0.309903 0.258029 0.335814 0.258029 0.309903 0.258029 0.283993 0.251995 0.309903 0.270097 0.309903 0.258029 0.283993 0.258029 0.309903 0.270097 0.309903 0.270097 0.270455 0.258029 0.283993 0.288199 0.309903 0.270097 0.270455 0.270097 0.309903 0.288199 0.309903 0.288199 0.262334 0.270097 0.270455 0.306301 0.309903 0.288199 0.262334 0.288199 0.309903 0.306301 0.309903 0.306301 0.257055 0.288199 0.262334 0.324403 0.284525 0.306301 0.257055 0.306301 0.309903 0.324403 0.284525 0.32178 0.259146 0.306301 0.257055 0.342505 0.288142 0.32178 0.259146 0.324403 0.284525 0.342505 0.288142 0.350679 0.271517 0.32178 0.259146 0.348934 0.309903 0.350679 0.271517 0.342505 0.288142 0.348934 0.309903 0.359612 0.302481 0.350679 0.271517 0.359612 0.317326 0.359612 0.302481 0.348934 0.309903 0.359612 0.317326 0.372675 0.309903 0.359612 0.302481 0.258029 0.309903 0.251995 0.309903 0.258029 0.335814 0.258029 0.309903 0.258029 0.283993 0.251995 0.309903 0.270097 0.309903 0.258029 0.283993 0.258029 0.309903 0.270097 0.309903 0.270097 0.270455 0.258029 0.283993 0.288199 0.309903 0.270097 0.270455 0.270097 0.309903 0.288199 0.309903 0.288199 0.262334 0.270097 0.270455 0.306301 0.309903 0.288199 0.262334 0.288199 0.309903 0.306301 0.309903 0.306301 0.257055 0.288199 0.262334 0.324403 0.284525 0.306301 0.257055 0.306301 0.309903 0.324403 0.284525 0.32178 0.259146 0.306301 0.257055 0.342505 0.288142 0.32178 0.259146 0.324403 0.284525 0.342505 0.288142 0.350679 0.271517 0.32178 0.259146 0.348934 0.309903 0.350679 0.271517 0.342505 0.288142 0.348934 0.309903 0.359612 0.309903 0.350679 0.271517 0.350679 0.348289 0.359612 0.309903 0.348934 0.309903 0.350679 0.348289 0.359612 0.317326 0.359612 0.309903 0.793076 0.2280039 0.795065 0.2252299 0.793076 0.2249779 0.793076 0.2280039 0.795065 0.2286629 0.795065 0.2252299 0.793076 0.2291589 0.795065 0.2286629 0.793076 0.2280039 0.793076 0.2291589 0.795065 0.2299739 0.795065 0.2286629 0.793076 0.2280039 0.795065 0.2299739 0.793076 0.2291589 0.793076 0.2280039 0.795065 0.2286629 0.795065 0.2299739 0.793076 0.2249779 0.795065 0.2286629 0.793076 0.2280039 0.793076 0.2249779 0.795065 0.2252299 0.795065 0.2286629 0.793076 0.2178059 0.795065 0.2252299 0.793076 0.2249779 0.793076 0.2178059 0.795065 0.2173549 0.795065 0.2252299 0.793076 0.2170569 0.795065 0.2173549 0.793076 0.2178059 0.793076 0.2170569 0.795065 0.2162419 0.795065 0.2173549 0.793076 0.2212379 0.795065 0.2162419 0.793076 0.2170569 0.793076 0.2212379 0.795065 0.2209869 0.795065 0.2162419 0.793076 0.2249779 0.795065 0.2209869 0.793076 0.2212379 0.793076 0.2249779 0.795065 0.2252299 0.795065 0.2209869 0.793076 0.2291589 0.792539 0.2279559 0.793076 0.2280039 0.793076 0.2291589 0.792539 0.2290519 0.792539 0.2279559 0.793076 0.2280039 0.792539 0.2290519 0.793076 0.2291589 0.793076 0.2280039 0.792539 0.2277499 0.792539 0.2290519 0.793076 0.2249779 0.792539 0.2277499 0.793076 0.2280039 0.793076 0.2249779 0.792566 0.2252039 0.792539 0.2277499 0.793076 0.2212379 0.792566 0.2252039 0.793076 0.2249779 0.793076 0.2212379 0.792566 0.2210129 0.792566 0.2252039 0.793076 0.2170569 0.792566 0.2210129 0.793076 0.2212379 0.793076 0.2170569 0.792539 0.2169289 0.792566 0.2210129 0.793076 0.2178059 0.792539 0.2169289 0.793076 0.2170569 0.793076 0.2178059 0.792539 0.2179229 0.792539 0.2169289 0.793076 0.2249779 0.792539 0.2179229 0.793076 0.2178059 0.793076 0.2249779 0.792423 0.2246469 0.792539 0.2179229 0.793076 0.2280039 0.792423 0.2246469 0.793076 0.2249779 0.793076 0.2280039 0.792539 0.2279559 0.792423 0.2246469 0.326134 0.449631 0.331792 0.447122 0.325644 0.451147 0.326134 0.449631 0.33166 0.446518 0.331792 0.447122 0.328695 0.451431 0.33166 0.446518 0.326134 0.449631 0.328695 0.451431 0.332195 0.449725 0.33166 0.446518 0.332695 0.452211 0.332195 0.449725 0.328695 0.451431 0.332695 0.452211 0.335475 0.451999 0.332195 0.449725 0.339802 0.454013 0.335475 0.451999 0.332695 0.452211 0.339802 0.454013 0.340027 0.453731 0.335475 0.451999 0.34272 0.454821 0.340027 0.453731 0.339802 0.454013 0.34272 0.454821 0.342921 0.454551 0.340027 0.453731 0.343947 0.454926 0.342921 0.454551 0.34272 0.454821 0.343947 0.454926 0.352574 0.455404 0.342921 0.454551 0.351461 0.455571 0.352574 0.455404 0.343947 0.454926 0.351461 0.455571 0.352554 0.455534 0.352574 0.455404 0.352534 0.455663 0.352554 0.455534 0.351461 0.455571 0.352534 0.455663 0.353515 0.455743 0.352554 0.455534 0.331611 0.39448 0.323355 0.396359 0.322873 0.391296 0.331611 0.39448 0.327373 0.401643 0.323355 0.396359 0.334906 0.394202 0.327373 0.401643 0.331611 0.39448 0.334906 0.394202 0.329175 0.408144 0.327373 0.401643 0.338327 0.394074 0.329175 0.408144 0.334906 0.394202 0.338327 0.394074 0.340241 0.406267 0.329175 0.408144 0.341436 0.394956 0.340241 0.406267 0.338327 0.394074 0.341436 0.394956 0.341232 0.405135 0.340241 0.406267 0.351808 0.395873 0.341232 0.405135 0.341436 0.394956 0.351808 0.395873 0.35189 0.403791 0.341232 0.405135 0.352844 0.395962 0.35189 0.403791 0.351808 0.395873 0.352844 0.395962 0.352924 0.403729 0.35189 0.403791 0.360098 0.396588 0.352924 0.403729 0.352844 0.395962 0.360098 0.396588 0.360159 0.403294 0.352924 0.403729 0.364303 0.397478 0.360159 0.403294 0.360098 0.396588 0.364303 0.397478 0.364225 0.402773 0.360159 0.403294 0.366415 0.398032 0.364225 0.402773 0.364303 0.397478 0.366415 0.398032 0.366486 0.402204 0.364225 0.402773 0.367777 0.39861 0.366486 0.402204 0.366415 0.398032 0.367777 0.39861 0.367772 0.401584 0.366486 0.402204 0.325648 0.427947 0.325029 0.433611 0.318899 0.43172 0.325648 0.427947 0.339625 0.434537 0.325029 0.433611 0.327543 0.417145 0.339625 0.434537 0.325648 0.427947 0.327543 0.417145 0.340812 0.42518 0.339625 0.434537 0.340932 0.41545 0.340812 0.42518 0.327543 0.417145 0.340932 0.41545 0.340788 0.425975 0.340812 0.42518 0.341442 0.415627 0.340788 0.425975 0.340932 0.41545 0.341442 0.415627 0.351265 0.424663 0.340788 0.425975 0.351367 0.416309 0.351265 0.424663 0.341442 0.415627 0.351367 0.416309 0.352762 0.424475 0.351265 0.424663 0.352785 0.416406 0.352762 0.424475 0.351367 0.416309 0.352785 0.416406 0.36031 0.423706 0.352762 0.424475 0.360499 0.416885 0.36031 0.423706 0.352785 0.416406 0.360499 0.416885 0.365017 0.423315 0.36031 0.423706 0.365055 0.417369 0.365017 0.423315 0.360499 0.416885 0.365055 0.417369 0.368165 0.422868 0.365017 0.423315 0.368218 0.418154 0.368165 0.422868 0.365055 0.417369 0.368218 0.418154 0.369586 0.422391 0.368165 0.422868 0.369652 0.418781 0.369586 0.422391 0.368218 0.418154 0.1883959 0.290153 0.2107409 0.259278 0.2129039 0.290153 0.1883959 0.290153 0.1883959 0.259278 0.2107409 0.259278 0.1638879 0.290153 0.1883959 0.259278 0.1883959 0.290153 0.1638879 0.290153 0.16605 0.259278 0.1883959 0.259278 0.1393799 0.290153 0.16605 0.259278 0.1638879 0.290153 0.1393799 0.290153 0.135326 0.259278 0.16605 0.259278 0.1393799 0.290153 0.135326 0.259278 0.1393799 0.290153 0.1393799 0.290153 0.1638879 0.290153 0.135326 0.259278 0.1638879 0.317941 0.1638879 0.290153 0.1393799 0.290153 0.1638879 0.317941 0.1883959 0.290153 0.1638879 0.290153 0.1883959 0.324116 0.1883959 0.290153 0.1638879 0.317941 0.1883959 0.324116 0.2129039 0.290153 0.1883959 0.290153 0.2129039 0.317941 0.2129039 0.290153 0.1883959 0.324116 0.2129039 0.317941 0.237411 0.290153 0.2129039 0.290153 0.237411 0.327203 0.237411 0.290153 0.2129039 0.317941 0.237411 0.327203 0.2466019 0.296328 0.237411 0.290153 0.1883959 0.364253 0.2129039 0.317941 0.2129039 0.354991 0.1883959 0.364253 0.1883959 0.324116 0.2129039 0.317941 0.1638879 0.354991 0.1883959 0.324116 0.1883959 0.364253 0.1638879 0.354991 0.1638879 0.317941 0.1883959 0.324116 0.1393799 0.327203 0.1638879 0.317941 0.1638879 0.354991 0.1393799 0.327203 0.1393799 0.290153 0.1638879 0.317941 0.13019 0.302503 0.1393799 0.290153 0.1393799 0.327203 0.13019 0.302503 0.1393799 0.290153 0.1393799 0.290153 0.1393799 0.327203 0.1393799 0.290153 0.13019 0.302503 0.1393799 0.327203 0.1638879 0.317941 0.1393799 0.290153 0.1638879 0.354991 0.1638879 0.317941 0.1393799 0.327203 0.1638879 0.354991 0.1883959 0.324116 0.1638879 0.317941 0.1883959 0.364253 0.1883959 0.324116 0.1638879 0.354991 0.1883959 0.364253 0.2129039 0.317941 0.1883959 0.324116 0.2129039 0.354991 0.2129039 0.317941 0.1883959 0.364253 0.2129039 0.354991 0.237411 0.327203 0.2129039 0.317941 0.993096 0.803553 0.942843 0.864993 0.942843 0.8588489 0.993096 0.803553 0.993096 0.809697 0.942843 0.864993 0.942843 0.8588489 0.993096 0.809697 0.993096 0.803553 0.942843 0.8588489 0.942843 0.864993 0.993096 0.809697 0.993096 0.803553 0.942843 0.864993 0.942843 0.8588489 0.993096 0.803553 0.993096 0.809697 0.942843 0.864993 0.942843 0.8588489 0.993096 0.809697 0.993096 0.803553 0.942843 0.8588489 0.942843 0.864993 0.993096 0.809697 0.993096 0.803553 0.942843 0.864993 0.942843 0.8588489 0.993096 0.803553 0.993096 0.809697 0.942843 0.864993 0.942843 0.8588489 0.993096 0.809697 0.993096 0.803553 0.942843 0.8588489 0.942843 0.864993 0.993096 0.809697 0.993096 0.803553 0.942843 0.864993 0.942843 0.8588489 0.993096 0.803553 0.993096 0.809697 0.942843 0.864993 0.942843 0.8588489 0.993096 0.809697 0.993096 0.803553 0.942843 0.8588489 0.942843 0.864993 0.993096 0.809697 0.724602 0.27087 0.688599 0.250598 0.730583 0.264813 0.724602 0.27087 0.688567 0.258694 0.688599 0.250598 0.722 0.273709 0.688567 0.258694 0.724602 0.27087 0.722 0.273709 0.68855 0.262416 0.688567 0.258694 0.711548 0.284462 0.68855 0.262416 0.722 0.273709 0.711548 0.284462 0.688455 0.284689 0.68855 0.262416 0.710312 0.308997 0.688455 0.284689 0.711548 0.284462 0.710312 0.308997 0.688373 0.308645 0.688455 0.284689 0.711356 0.333772 0.688373 0.308645 0.710312 0.308997 0.711356 0.333772 0.688273 0.332895 0.688373 0.308645 0.688143 0.355829 0.688273 0.332895 0.711356 0.333772 0.688143 0.355829 0.665159 0.333597 0.688273 0.332895 0.654672 0.344929 0.665159 0.333597 0.688143 0.355829 0.654672 0.344929 0.641652 0.309274 0.665159 0.333597 0.652074 0.347749 0.641652 0.309274 0.654672 0.344929 0.652074 0.347749 0.637284 0.309251 0.641652 0.309274 0.646074 0.35423 0.637284 0.309251 0.652074 0.347749 0.646074 0.35423 0.628841 0.309446 0.637284 0.309251 0.688129 0.359528 0.730192 0.354515 0.688087 0.367879 0.688129 0.359528 0.724266 0.347993 0.730192 0.354515 0.688143 0.355829 0.724266 0.347993 0.688129 0.359528 0.688143 0.355829 0.721689 0.345156 0.724266 0.347993 0.711356 0.333772 0.721689 0.345156 0.688143 0.355829 0.711356 0.333772 0.735008 0.309594 0.721689 0.345156 0.710312 0.308997 0.735008 0.309594 0.711356 0.333772 0.710312 0.308997 0.711548 0.284462 0.735008 0.309594 0.688373 0.308645 0.711548 0.284462 0.710312 0.308997 0.688373 0.308645 0.688455 0.284689 0.711548 0.284462 0.666405 0.308825 0.688455 0.284689 0.688373 0.308645 0.666405 0.308825 0.66535 0.284286 0.688455 0.284689 0.641652 0.309274 0.66535 0.284286 0.666405 0.308825 0.641652 0.309274 0.654984 0.273482 0.66535 0.284286 0.637284 0.309251 0.654984 0.273482 0.641652 0.309274 0.637284 0.309251 0.652409 0.270626 0.654984 0.273482 0.628841 0.309446 0.652409 0.270626 0.637284 0.309251 0.628841 0.309446 0.646465 0.264529 0.652409 0.270626 0.848329 0.268976 0.812487 0.2487379 0.854283 0.262929 0.848329 0.268976 0.812456 0.25682 0.812487 0.2487379 0.845739 0.27181 0.812456 0.25682 0.848329 0.268976 0.845739 0.27181 0.812439 0.260536 0.812456 0.25682 0.835333 0.282545 0.812439 0.260536 0.845739 0.27181 0.835333 0.282545 0.812344 0.282772 0.812439 0.260536 0.834103 0.307039 0.812344 0.282772 0.835333 0.282545 0.834103 0.307039 0.812262 0.306688 0.812344 0.282772 0.835143 0.331773 0.812262 0.306688 0.834103 0.307039 0.835143 0.331773 0.812163 0.330898 0.812262 0.306688 0.812033 0.353793 0.812163 0.330898 0.835143 0.331773 0.812033 0.353793 0.789152 0.331598 0.812163 0.330898 0.778713 0.342912 0.789152 0.331598 0.812033 0.353793 0.778713 0.342912 0.765751 0.307316 0.789152 0.331598 0.776126 0.345726 0.765751 0.307316 0.778713 0.342912 0.776126 0.345726 0.761402 0.307293 0.765751 0.307316 0.770152 0.352198 0.761402 0.307293 0.776126 0.345726 0.770152 0.352198 0.752997 0.307488 0.761402 0.307293 0.812019 0.357486 0.853894 0.352482 0.811978 0.365823 0.812019 0.357486 0.847995 0.345971 0.853894 0.352482 0.812033 0.353793 0.847995 0.345971 0.812019 0.357486 0.812033 0.353793 0.845429 0.343138 0.847995 0.345971 0.835143 0.331773 0.845429 0.343138 0.812033 0.353793 0.835143 0.331773 0.858689 0.307636 0.845429 0.343138 0.834103 0.307039 0.858689 0.307636 0.835143 0.331773 0.834103 0.307039 0.835333 0.282545 0.858689 0.307636 0.812262 0.306688 0.835333 0.282545 0.834103 0.307039 0.812262 0.306688 0.812344 0.282772 0.835333 0.282545 0.790393 0.306868 0.812344 0.282772 0.812262 0.306688 0.790393 0.306868 0.789342 0.28237 0.812344 0.282772 0.765751 0.307316 0.789342 0.28237 0.790393 0.306868 0.765751 0.307316 0.779023 0.271584 0.789342 0.28237 0.761402 0.307293 0.779023 0.271584 0.765751 0.307316 0.761402 0.307293 0.77646 0.268732 0.779023 0.271584 0.752997 0.307488 0.77646 0.268732 0.761402 0.307293 0.752997 0.307488 0.770542 0.262645 0.77646 0.268732 0.537377 0.934798 0.486191 0.922333 0.537377 0.909868 0.537377 0.934798 0.486191 0.934798 0.486191 0.922333 0.537377 0.947263 0.486191 0.934798 0.537377 0.934798 0.537377 0.947263 0.486191 0.947263 0.486191 0.934798 0.537377 0.959728 0.486191 0.947263 0.537377 0.947263 0.537377 0.959728 0.486191 0.959728 0.486191 0.947263 0.537377 0.972193 0.486191 0.959728 0.537377 0.959728 0.537377 0.972193 0.486191 0.972193 0.486191 0.959728 0.537377 0.984658 0.486191 0.972193 0.537377 0.972193 0.537377 0.984658 0.486191 0.984658 0.486191 0.972193 0.537377 0.992753 0.486191 0.984658 0.537377 0.984658 0.537377 0.992753 0.486191 0.992753 0.486191 0.984658 0.537377 0.984658 0.486191 0.992753 0.537377 0.992753 0.537377 0.984658 0.486191 0.984658 0.486191 0.992753 0.537377 0.972193 0.486191 0.984658 0.537377 0.984658 0.537377 0.972193 0.486191 0.972193 0.486191 0.984658 0.537377 0.959728 0.486191 0.972193 0.537377 0.972193 0.537377 0.959728 0.486191 0.959728 0.486191 0.972193 0.537377 0.947263 0.486191 0.959728 0.537377 0.959728 0.537377 0.947263 0.486191 0.947263 0.486191 0.959728 0.537377 0.934798 0.486191 0.947263 0.537377 0.947263 0.537377 0.934798 0.486191 0.934798 0.486191 0.947263 0.486191 0.922333 0.486191 0.934798 0.537377 0.934798 0.486191 0.922333 0.458525 0.922333 0.486191 0.934798 0.458525 0.914848 0.458525 0.922333 0.486191 0.922333 0.458525 0.914848 0.449225 0.918141 0.458525 0.922333 0.555144 0.782563 0.538069 0.762188 0.561349 0.780471 0.555144 0.782563 0.538069 0.772754 0.538069 0.762188 0.537377 0.780281 0.538069 0.772754 0.555144 0.782563 0.537377 0.780281 0.523137 0.782743 0.538069 0.772754 0.537377 0.788309 0.523137 0.782743 0.537377 0.780281 0.537377 0.788309 0.502212 0.785219 0.523137 0.782743 0.538069 0.797684 0.502212 0.785219 0.537377 0.788309 0.538069 0.797684 0.486842 0.815241 0.502212 0.785219 0.537377 0.8163409 0.486842 0.815241 0.538069 0.797684 0.537377 0.8163409 0.486239 0.835079 0.486842 0.815241 0.537377 0.835079 0.486239 0.835079 0.537377 0.8163409 0.537377 0.835079 0.486195 0.853776 0.486239 0.835079 0.537377 0.860008 0.486195 0.853776 0.537377 0.835079 0.537377 0.860008 0.486193 0.869357 0.486195 0.853776 0.537377 0.884938 0.486193 0.869357 0.537377 0.860008 0.537377 0.884938 0.486191 0.884938 0.486193 0.869357 0.537377 0.909868 0.486191 0.884938 0.537377 0.884938 0.537377 0.909868 0.486191 0.909868 0.486191 0.884938 0.486191 0.922333 0.486191 0.909868 0.537377 0.909868 0.486191 0.922333 0.46742 0.908615 0.486191 0.909868 0.458525 0.914848 0.46742 0.908615 0.486191 0.922333 0.537377 0.984658 0.5896 0.992753 0.537377 0.992753 0.537377 0.984658 0.5896 0.984658 0.5896 0.992753 0.537377 0.972193 0.5896 0.984658 0.537377 0.984658 0.537377 0.972193 0.589295 0.972193 0.5896 0.984658 0.537377 0.959728 0.589295 0.972193 0.537377 0.972193 0.537377 0.959728 0.589295 0.947263 0.589295 0.972193 0.537377 0.947263 0.589295 0.947263 0.537377 0.959728 0.537377 0.947263 0.589295 0.934798 0.589295 0.947263 0.537377 0.934798 0.589295 0.934798 0.537377 0.947263 0.537377 0.934798 0.589295 0.909868 0.589295 0.934798 0.537377 0.909868 0.589295 0.909868 0.537377 0.934798 0.537377 0.909868 0.589295 0.884938 0.589295 0.909868 0.537377 0.884938 0.589295 0.884938 0.537377 0.909868 0.537377 0.884938 0.589295 0.860008 0.589295 0.884938 0.537377 0.860008 0.589295 0.860008 0.537377 0.884938 0.537377 0.860008 0.589295 0.835079 0.589295 0.860008 0.537377 0.835079 0.589295 0.835079 0.537377 0.860008 0.537377 0.835079 0.588601 0.815539 0.589295 0.835079 0.537377 0.8163409 0.588601 0.815539 0.537377 0.835079 0.537377 0.8163409 0.538069 0.797684 0.588601 0.815539 0.486195 0.853776 0.462246 0.835079 0.486239 0.835079 0.486195 0.853776 0.464267 0.847544 0.462246 0.835079 0.486193 0.869357 0.464267 0.847544 0.486195 0.853776 0.486193 0.869357 0.466289 0.860008 0.464267 0.847544 0.486191 0.884938 0.466289 0.860008 0.486193 0.869357 0.486191 0.884938 0.463054 0.872474 0.466289 0.860008 0.459819 0.884938 0.463054 0.872474 0.486191 0.884938 0.459819 0.884938 0.438263 0.877883 0.463054 0.872474 0.440417 0.884938 0.438263 0.877883 0.459819 0.884938 0.440417 0.884938 0.415031 0.8931559 0.438263 0.877883 0.430559 0.895329 0.415031 0.8931559 0.440417 0.884938 0.430559 0.895329 0.411675 0.915796 0.415031 0.8931559 0.430559 0.915796 0.411675 0.915796 0.430559 0.895329 0.430559 0.915796 0.411675 0.936263 0.411675 0.915796 0.430559 0.936263 0.411675 0.936263 0.430559 0.915796 0.430559 0.936263 0.411675 0.95673 0.411675 0.936263 0.430559 0.95673 0.411675 0.95673 0.430559 0.936263 0.430559 0.95673 0.411675 0.9771969 0.411675 0.95673 0.430559 0.9771969 0.411675 0.9771969 0.430559 0.95673 0.430559 0.9771969 0.411675 0.995077 0.411675 0.9771969 0.430559 0.995077 0.411675 0.995077 0.430559 0.9771969 0.5896 0.984658 0.622913 0.992753 0.5896 0.992753 0.5896 0.984658 0.622913 0.984658 0.622913 0.992753 0.589295 0.972193 0.622913 0.984658 0.5896 0.984658 0.589295 0.972193 0.622988 0.973295 0.622913 0.984658 0.589295 0.947263 0.622988 0.973295 0.589295 0.972193 0.589295 0.947263 0.622988 0.959728 0.622988 0.973295 0.589295 0.934798 0.622988 0.959728 0.589295 0.947263 0.589295 0.934798 0.622988 0.934798 0.622988 0.959728 0.589295 0.909868 0.622988 0.934798 0.589295 0.934798 0.589295 0.909868 0.622988 0.909868 0.622988 0.934798 0.589295 0.884938 0.622988 0.909868 0.589295 0.909868 0.589295 0.884938 0.622988 0.884938 0.622988 0.909868 0.589295 0.860008 0.622988 0.884938 0.589295 0.884938 0.589295 0.860008 0.622988 0.860008 0.622988 0.884938 0.589295 0.835079 0.622988 0.860008 0.589295 0.860008 0.589295 0.835079 0.611173 0.821497 0.622988 0.860008 0.588601 0.815539 0.611173 0.821497 0.589295 0.835079 0.588601 0.815539 0.601388 0.797339 0.611173 0.821497 0.581703 0.797684 0.601388 0.797339 0.588601 0.815539 0.581703 0.797684 0.590291 0.771411 0.601388 0.797339 0.561349 0.780471 0.590291 0.771411 0.581703 0.797684 0.561349 0.780471 0.56166 0.747824 0.590291 0.771411 0.538069 0.762188 0.56166 0.747824 0.561349 0.780471 0.538069 0.762188 0.512427 0.747561 0.56166 0.747824 0.502212 0.785219 0.512427 0.747561 0.538069 0.762188 0.502212 0.785219 0.485428 0.774467 0.512427 0.747561 0.486842 0.815241 0.485428 0.774467 0.502212 0.785219 0.486842 0.815241 0.462246 0.835079 0.485428 0.774467 0.486239 0.835079 0.462246 0.835079 0.486842 0.815241 0.1998699 0.546393 0.1536459 0.546393 0.1536459 0.571133 0.1998699 0.546393 0.1542969 0.5210019 0.1536459 0.546393 0.1998699 0.521654 0.1542969 0.5210019 0.1998699 0.546393 0.1998699 0.521654 0.246545 0.497469 0.1542969 0.5210019 0.246545 0.522006 0.246545 0.497469 0.1998699 0.521654 0.246545 0.522006 0.200019 0.522006 0.246545 0.497469 0.246545 0.546543 0.200019 0.522006 0.246545 0.522006 0.246545 0.546543 0.200019 0.546543 0.200019 0.522006 0.246545 0.571081 0.200019 0.546543 0.246545 0.546543 0.246545 0.571081 0.1538349 0.571081 0.200019 0.546543 0.246545 0.618979 0.1538349 0.571081 0.246545 0.571081 0.246545 0.618979 0.15394 0.6202099 0.1538349 0.571081 0.246545 0.686595 0.15394 0.6202099 0.246545 0.618979 0.246545 0.686595 0.176696 0.686595 0.15394 0.6202099 0.246545 0.708723 0.176696 0.686595 0.246545 0.686595 0.246545 0.708723 0.1994509 0.708723 0.176696 0.686595 0.246545 0.741916 0.1994509 0.708723 0.246545 0.708723 0.246545 0.741916 0.1994509 0.741916 0.1994509 0.708723 0.268553 0.9410369 0.311617 0.946949 0.264378 0.946949 0.268553 0.9410369 0.311617 0.9410369 0.311617 0.946949 0.277589 0.935124 0.311617 0.9410369 0.268553 0.9410369 0.277589 0.935124 0.311617 0.935124 0.311617 0.9410369 0.287311 0.904084 0.311617 0.935124 0.277589 0.935124 0.287311 0.904084 0.311617 0.911475 0.311617 0.935124 0.292172 0.893088 0.311617 0.911475 0.287311 0.904084 0.292172 0.893088 0.311617 0.89965 0.311617 0.911475 0.292523 0.862441 0.311617 0.89965 0.292172 0.893088 0.292523 0.862441 0.312319 0.8487539 0.311617 0.89965 0.316827 0.821772 0.312319 0.8487539 0.292523 0.862441 0.316827 0.821772 0.358284 0.8310649 0.312319 0.8487539 0.33495 0.7990249 0.358284 0.8310649 0.316827 0.821772 0.33495 0.7990249 0.366062 0.7990249 0.358284 0.8310649 0.355342 0.78272 0.366062 0.7990249 0.33495 0.7990249 0.355342 0.78272 0.373839 0.799211 0.366062 0.7990249 0.373839 0.773411 0.373839 0.799211 0.355342 0.78272 0.264378 0.982424 0.358358 0.994248 0.264378 0.994248 0.264378 0.982424 0.358358 0.982424 0.358358 0.994248 0.299039 0.9705989 0.358358 0.982424 0.264378 0.982424 0.299039 0.9705989 0.358284 0.9705989 0.358358 0.982424 0.311617 0.946949 0.358284 0.9705989 0.299039 0.9705989 0.311617 0.946949 0.358284 0.946949 0.358284 0.9705989 0.311617 0.9410369 0.358284 0.946949 0.311617 0.946949 0.311617 0.9410369 0.358284 0.9410369 0.358284 0.946949 0.311617 0.935124 0.358284 0.9410369 0.311617 0.9410369 0.311617 0.935124 0.358284 0.935124 0.358284 0.9410369 0.311617 0.911475 0.358284 0.935124 0.311617 0.935124 0.311617 0.911475 0.358317 0.911475 0.358284 0.935124 0.311617 0.89965 0.358317 0.911475 0.311617 0.911475 0.311617 0.89965 0.358284 0.887889 0.358317 0.911475 0.312319 0.8487539 0.358284 0.887889 0.311617 0.89965 0.312319 0.8487539 0.358284 0.8310649 0.358284 0.887889 0.2476949 0.2075549 0.1868979 0.1997839 0.2476949 0.1764729 0.2476949 0.2075549 0.1868979 0.2075549 0.1868979 0.1997839 0.2476949 0.2443569 0.1868979 0.2075549 0.2476949 0.2075549 0.2476949 0.2443569 0.126101 0.2443569 0.1868979 0.2075549 0.1868979 0.2075549 0.126101 0.2443569 0.2476949 0.2443569 0.1868979 0.2075549 0.126101 0.2075549 0.126101 0.2443569 0.1868979 0.1997839 0.126101 0.2075549 0.1868979 0.2075549 0.1868979 0.1997839 0.1868979 0.1764729 0.126101 0.2075549 0.2476949 0.1764729 0.1868979 0.1764729 0.1868979 0.1997839 0.2476949 0.1764729 0.1868979 0.1453899 0.1868979 0.1764729 0.2476949 0.1453899 0.1868979 0.1453899 0.2476949 0.1764729 0.2476949 0.1453899 0.1868979 0.1246689 0.1868979 0.1453899 0.2476949 0.1039479 0.1868979 0.1246689 0.2476949 0.1453899 0.2476949 0.1039479 0.1868979 0.1039479 0.1868979 0.1246689 0.23324 0.06476598 0.1868979 0.1039479 0.2476949 0.1039479 0.23324 0.06476598 0.1868979 0.07286596 0.1868979 0.1039479 0.1868979 0.04178398 0.1868979 0.07286596 0.23324 0.06476598 0.1868979 0.04178398 0.1625789 0.04849994 0.1868979 0.07286596 0.1771519 0.01785999 0.1625789 0.04849994 0.1868979 0.04178398 0.1771519 0.01785999 0.1269919 0.01619994 0.1625789 0.04849994 0.156691 0.001822948 0.1269919 0.01619994 0.1771519 0.01785999 0.23324 0.06476598 0.2476949 0.01221799 0.2476949 0.1039479 0.23324 0.06476598 0.2112159 0.02379894 0.2476949 0.01221799 0.1868979 0.04178398 0.2112159 0.02379894 0.23324 0.06476598 0.1868979 0.04178398 0.1771519 0.01785999 0.2112159 0.02379894 0.1625789 0.04849994 0.1771519 0.01785999 0.1868979 0.04178398 0.1625789 0.04849994 0.1269919 0.01619994 0.1771519 0.01785999 0.13826 0.05751699 0.1269919 0.01619994 0.1625789 0.04849994 0.13826 0.05751699 0.126101 0.07727998 0.1269919 0.01619994 0.1868979 0.1039479 0.126101 0.07727998 0.13826 0.05751699 0.1868979 0.1039479 0.126101 0.1039479 0.126101 0.07727998 0.1868979 0.1246689 0.126101 0.1039479 0.1868979 0.1039479 0.1868979 0.1246689 0.126101 0.1246689 0.126101 0.1039479 0.1868979 0.1453899 0.126101 0.1246689 0.1868979 0.1246689 0.1868979 0.1453899 0.126101 0.1453899 0.126101 0.1246689 0.1868979 0.1764729 0.126101 0.1453899 0.1868979 0.1453899 0.1868979 0.1764729 0.126101 0.1764729 0.126101 0.1453899 0.126101 0.2075549 0.126101 0.1764729 0.1868979 0.1764729 0.203242 0.792354 0.216732 0.821424 0.168244 0.821424 0.203242 0.792354 0.2294219 0.7964619 0.216732 0.821424 0.2490069 0.78496 0.2294219 0.7964619 0.203242 0.792354 0.2490069 0.78496 0.2490069 0.7964619 0.2294219 0.7964619 0.2294219 0.7964619 0.2490069 0.7964619 0.2490069 0.78496 0.2294219 0.7964619 0.2490069 0.821424 0.2490069 0.7964619 0.216732 0.821424 0.2490069 0.821424 0.2294219 0.7964619 0.216732 0.821424 0.2490069 0.859665 0.2490069 0.821424 0.1993069 0.859479 0.2490069 0.859665 0.216732 0.821424 0.1993069 0.859479 0.2490069 0.8986809 0.2490069 0.859665 0.1993069 0.8967379 0.2490069 0.8986809 0.1993069 0.859479 0.1993069 0.8967379 0.2490069 0.921577 0.2490069 0.8986809 0.1993069 0.921577 0.2490069 0.921577 0.1993069 0.8967379 0.1993069 0.921577 0.2490069 0.9463459 0.2490069 0.921577 0.1993069 0.9463459 0.2490069 0.9463459 0.1993069 0.921577 0.1993069 0.9463459 0.2490069 0.958766 0.2490069 0.9463459 0.1993069 0.958766 0.2490069 0.958766 0.1993069 0.9463459 0.1993069 0.958766 0.2490069 0.995579 0.2490069 0.958766 0.1558189 0.958766 0.2490069 0.995579 0.1993069 0.958766 0.1558189 0.958766 0.1558189 0.983676 0.2490069 0.995579 0.12601 0.958766 0.1558189 0.983676 0.1558189 0.958766 0.2490069 0.821424 0.2294219 0.7964619 0.2490069 0.7964619 0.2490069 0.821424 0.216732 0.821424 0.2294219 0.7964619 0.2490069 0.859665 0.216732 0.821424 0.2490069 0.821424 0.2490069 0.859665 0.1993069 0.859479 0.216732 0.821424 0.2490069 0.8986809 0.1993069 0.859479 0.2490069 0.859665 0.2490069 0.8986809 0.1993069 0.8967379 0.1993069 0.859479 0.2490069 0.921577 0.1993069 0.8967379 0.2490069 0.8986809 0.2490069 0.921577 0.1993069 0.921577 0.1993069 0.8967379 0.2490069 0.9463459 0.1993069 0.921577 0.2490069 0.921577 0.2490069 0.9463459 0.1993069 0.9463459 0.1993069 0.921577 0.2490069 0.958766 0.1993069 0.9463459 0.2490069 0.9463459 0.2490069 0.958766 0.1993069 0.958766 0.1993069 0.9463459 0.2490069 0.995579 0.1993069 0.958766 0.2490069 0.958766 0.2490069 0.995579 0.1558189 0.958766 0.1993069 0.958766 0.1558189 0.983676 0.1558189 0.958766 0.2490069 0.995579 0.1558189 0.983676 0.12601 0.958766 0.1558189 0.958766 0.06794703 0.774089 0.01897102 0.772944 0.049537 0.748276 0.06794703 0.774089 3.76999e-4 0.785279 0.01897102 0.772944 0.061827 0.797613 3.76999e-4 0.785279 0.06794703 0.774089 0.061827 0.797613 5.63979e-4 0.797613 3.76999e-4 0.785279 0.061827 0.822281 5.63979e-4 0.797613 0.061827 0.797613 0.061827 0.822281 3.76999e-4 0.822281 5.63979e-4 0.797613 0.061827 0.8469499 3.76999e-4 0.822281 0.061827 0.822281 0.061827 0.8469499 0.01897102 0.853056 3.76999e-4 0.822281 0.061827 0.883952 0.01897102 0.853056 0.061827 0.8469499 0.061827 0.883952 0.01897102 0.883952 0.01897102 0.853056 0.061827 0.908621 0.01897102 0.883952 0.061827 0.883952 0.061827 0.908621 0.01897102 0.908621 0.01897102 0.883952 0.061827 0.957958 0.01897102 0.908621 0.061827 0.908621 0.061827 0.957958 0.01897102 0.957958 0.01897102 0.908621 0.09869801 0.970292 0.01897102 0.957958 0.061827 0.957958 0.09869801 0.970292 0.049537 0.970292 0.01897102 0.957958 0.07411801 0.982626 0.049537 0.970292 0.09869801 0.970292 0.09869801 0.775233 0.06794703 0.774089 0.09255301 0.7505649 0.09869801 0.775233 0.061827 0.797613 0.06794703 0.774089 0.09869801 0.797613 0.061827 0.797613 0.09869801 0.775233 0.09869801 0.797613 0.061827 0.822281 0.061827 0.797613 0.09869801 0.822281 0.061827 0.822281 0.09869801 0.797613 0.09869801 0.822281 0.061827 0.8469499 0.061827 0.822281 0.09869801 0.8469499 0.061827 0.8469499 0.09869801 0.822281 0.09869801 0.8469499 0.061827 0.883952 0.061827 0.8469499 0.09869801 0.883952 0.061827 0.883952 0.09869801 0.8469499 0.09869801 0.883952 0.061827 0.908621 0.061827 0.883952 0.09869801 0.908621 0.061827 0.908621 0.09869801 0.883952 0.09869801 0.908621 0.061827 0.957958 0.061827 0.908621 0.09869801 0.957958 0.061827 0.957958 0.09869801 0.908621 0.09869801 0.957958 0.09869801 0.970292 0.061827 0.957958 0.123278 0.957958 0.09869801 0.970292 0.09869801 0.957958 0.123278 0.957958 0.123278 0.970292 0.09869801 0.970292 0.09869801 0.957958 0.123278 0.970292 0.123278 0.957958 0.09869801 0.957958 0.09869801 0.970292 0.123278 0.970292 0.061827 0.957958 0.09869801 0.970292 0.09869801 0.957958 0.061827 0.957958 0.049537 0.970292 0.09869801 0.970292 0.01897102 0.957958 0.049537 0.970292 0.061827 0.957958 0.93596 0.897682 0.928618 0.885643 0.93596 0.885643 0.93596 0.897682 0.932289 0.897682 0.928618 0.885643 0.93596 0.9098849 0.932289 0.897682 0.93596 0.897682 0.93596 0.9098849 0.93596 0.9098849 0.932289 0.897682 0.93596 0.897682 0.93596 0.9098849 0.93596 0.9098849 0.93596 0.897682 0.957986 0.897682 0.93596 0.9098849 0.93596 0.885643 0.957986 0.897682 0.93596 0.897682 0.93596 0.885643 0.957986 0.885643 0.957986 0.897682 0.957986 0.873277 0.957986 0.885643 0.93596 0.885643 0.957986 0.873277 0.969 0.885643 0.957986 0.885643 0.976342 0.885643 0.969 0.885643 0.957986 0.873277 0.976342 0.885643 0.969 0.897682 0.969 0.885643 0.976342 0.897682 0.969 0.897682 0.976342 0.885643 0.976342 0.897682 0.969 0.9098849 0.969 0.897682 0.976342 0.9098849 0.969 0.9098849 0.976342 0.897682 0.976342 0.9098849 0.969 0.952593 0.969 0.9098849 0.976342 0.952593 0.969 0.952593 0.976342 0.9098849 0.976342 0.952593 0.969 0.995302 0.969 0.952593 0.976342 0.989201 0.969 0.995302 0.976342 0.952593 0.976342 0.9098849 0.969 0.952593 0.976342 0.952593 0.976342 0.9098849 0.969 0.9098849 0.969 0.952593 0.976342 0.897682 0.969 0.9098849 0.976342 0.9098849 0.976342 0.897682 0.969 0.897682 0.969 0.9098849 0.976342 0.885643 0.969 0.897682 0.976342 0.897682 0.976342 0.885643 0.969 0.885643 0.969 0.897682 0.957986 0.873277 0.969 0.885643 0.976342 0.885643 0.957986 0.873277 0.957986 0.885643 0.969 0.885643 0.93596 0.885643 0.957986 0.885643 0.957986 0.873277 0.93596 0.885643 0.957986 0.897682 0.957986 0.885643 0.93596 0.897682 0.957986 0.897682 0.93596 0.885643 0.93596 0.897682 0.93596 0.9098849 0.957986 0.897682 0.93596 0.9098849 0.93596 0.9098849 0.93596 0.897682 0.93596 0.9098849 0.932289 0.897682 0.93596 0.9098849 0.93596 0.897682 0.932289 0.897682 0.93596 0.9098849 0.93596 0.897682 0.928618 0.885643 0.932289 0.897682 0.93596 0.885643 0.928618 0.885643 0.93596 0.897682 0.93596 0.885643 0.917605 0.873277 0.928618 0.885643 0.411675 0.915796 0.390221 0.924342 0.411675 0.936263 0.411675 0.915796 0.390221 0.915796 0.390221 0.924342 0.415031 0.8931559 0.390221 0.915796 0.411675 0.915796 0.415031 0.8931559 0.403783 0.894192 0.390221 0.915796 0.438263 0.877883 0.403783 0.894192 0.415031 0.8931559 0.438263 0.877883 0.436109 0.870828 0.403783 0.894192 0.463054 0.872474 0.436109 0.870828 0.438263 0.877883 0.463054 0.872474 0.466289 0.860008 0.436109 0.870828 0.486191 0.884938 0.466289 0.860008 0.463054 0.872474 0.486191 0.884938 0.486193 0.869357 0.466289 0.860008 0.537377 0.884938 0.486193 0.869357 0.486191 0.884938 0.537377 0.884938 0.537377 0.860008 0.486193 0.869357 0.589295 0.884938 0.537377 0.860008 0.537377 0.884938 0.589295 0.884938 0.589295 0.860008 0.537377 0.860008 0.622988 0.884938 0.589295 0.860008 0.589295 0.884938 0.622988 0.884938 0.622988 0.860008 0.589295 0.860008 0.403783 0.894192 0.400723 0.879175 0.390221 0.904686 0.403783 0.894192 0.431277 0.8516129 0.400723 0.879175 0.436109 0.870828 0.431277 0.8516129 0.403783 0.894192 0.436109 0.870828 0.451525 0.831679 0.431277 0.8516129 0.466289 0.860008 0.451525 0.831679 0.436109 0.870828 0.466289 0.860008 0.464267 0.847544 0.451525 0.831679 0.486193 0.869357 0.464267 0.847544 0.466289 0.860008 0.486193 0.869357 0.486195 0.853776 0.464267 0.847544 0.537377 0.860008 0.486195 0.853776 0.486193 0.869357 0.537377 0.860008 0.486239 0.835079 0.486195 0.853776 0.537377 0.835079 0.486239 0.835079 0.537377 0.860008 0.537377 0.835079 0.486842 0.815241 0.486239 0.835079 0.537377 0.8163409 0.486842 0.815241 0.537377 0.835079 0.537377 0.8163409 0.538069 0.797684 0.486842 0.815241 0.588601 0.815539 0.538069 0.797684 0.537377 0.8163409 0.588601 0.815539 0.581703 0.797684 0.538069 0.797684 0.601388 0.797339 0.581703 0.797684 0.588601 0.815539 0.601388 0.797339 0.590291 0.771411 0.581703 0.797684 0.538069 0.762188 0.56166 0.747824 0.512427 0.747561 0.538069 0.762188 0.561349 0.780471 0.56166 0.747824 0.538069 0.772754 0.561349 0.780471 0.538069 0.762188 0.538069 0.772754 0.555144 0.782563 0.561349 0.780471 0.537377 0.780281 0.555144 0.782563 0.538069 0.772754 0.537377 0.780281 0.537377 0.788309 0.555144 0.782563 0.523137 0.782743 0.537377 0.788309 0.537377 0.780281 0.523137 0.782743 0.538069 0.797684 0.537377 0.788309 0.502212 0.785219 0.538069 0.797684 0.523137 0.782743 0.502212 0.785219 0.486842 0.815241 0.538069 0.797684 0.485428 0.774467 0.486842 0.815241 0.502212 0.785219 0.485428 0.774467 0.462246 0.835079 0.486842 0.815241 0.439816 0.760289 0.462246 0.835079 0.485428 0.774467 0.439816 0.760289 0.440417 0.799458 0.462246 0.835079 0.388955 0.776397 0.440417 0.799458 0.439816 0.760289 0.388955 0.776397 0.38891 0.8115029 0.440417 0.799458 0.377151 0.796202 0.38891 0.8115029 0.388955 0.776397 0.486191 0.909868 0.46742 0.908615 0.486191 0.922333 0.486191 0.909868 0.467903 0.895344 0.46742 0.908615 0.486191 0.884938 0.467903 0.895344 0.486191 0.909868 0.486191 0.884938 0.459819 0.884938 0.467903 0.895344 0.463054 0.872474 0.459819 0.884938 0.486191 0.884938 0.463054 0.872474 0.440417 0.884938 0.459819 0.884938 0.438263 0.877883 0.440417 0.884938 0.463054 0.872474 0.438263 0.877883 0.430559 0.895329 0.440417 0.884938 0.415031 0.8931559 0.430559 0.895329 0.438263 0.877883 0.415031 0.8931559 0.430559 0.915796 0.430559 0.895329 0.411675 0.915796 0.430559 0.915796 0.415031 0.8931559 0.411675 0.915796 0.430559 0.936263 0.430559 0.915796 0.411675 0.936263 0.430559 0.936263 0.411675 0.915796 0.411675 0.936263 0.430559 0.95673 0.430559 0.936263 0.411675 0.95673 0.430559 0.95673 0.411675 0.936263 0.411675 0.95673 0.430559 0.9771969 0.430559 0.95673 0.411675 0.9771969 0.430559 0.9771969 0.411675 0.95673 0.411675 0.9771969 0.430559 0.995077 0.430559 0.9771969 0.411675 0.995077 0.430559 0.995077 0.411675 0.9771969 0.782637 0.2167859 0.783874 0.2192939 0.784351 0.2198459 0.782637 0.2167859 0.781636 0.2152119 0.783874 0.2192939 0.781141 0.2159589 0.781636 0.2152119 0.782637 0.2167859 0.781141 0.2159589 0.779962 0.2146299 0.781636 0.2152119 0.779734 0.2181509 0.779962 0.2146299 0.781141 0.2159589 0.779734 0.2181509 0.779353 0.2163059 0.779962 0.2146299 0.778533 0.2161849 0.779353 0.2163059 0.779734 0.2181509 0.778533 0.2161849 0.777144 0.2111729 0.779353 0.2163059 0.775378 0.2104989 0.777144 0.2111729 0.778533 0.2161849 0.775378 0.2104989 0.773839 0.2063619 0.777144 0.2111729 0.77169 0.2062169 0.773839 0.2063619 0.775378 0.2104989 0.77169 0.2062169 0.771106 0.2038249 0.773839 0.2063619 0.768336 0.2036239 0.771106 0.2038249 0.77169 0.2062169 0.768336 0.2036239 0.768693 0.2018649 0.771106 0.2038249 0.766267 0.2025299 0.768693 0.2018649 0.768336 0.2036239 0.766267 0.2025299 0.766499 0.2006569 0.768693 0.2018649 0.764172 0.2020439 0.766499 0.2006569 0.766267 0.2025299 0.764172 0.2020439 0.764172 0.2002689 0.766499 0.2006569 0.766267 0.2025299 0.764172 0.2002689 0.764172 0.2020439 0.766267 0.2025299 0.766499 0.2006569 0.764172 0.2002689 0.768336 0.2036239 0.766499 0.2006569 0.766267 0.2025299 0.768336 0.2036239 0.768693 0.2018649 0.766499 0.2006569 0.77169 0.2062169 0.768693 0.2018649 0.768336 0.2036239 0.77169 0.2062169 0.771106 0.2038249 0.768693 0.2018649 0.773839 0.2063619 0.771106 0.2038249 0.77169 0.2062169 0.773839 0.2063619 0.771063 0.2034239 0.771106 0.2038249 0.773583 0.206698 0.771063 0.2034239 0.773839 0.2063619 0.773583 0.206698 0.768946 0.2038909 0.771063 0.2034239 0.770387 0.2077829 0.768946 0.2038909 0.773583 0.206698 0.783741 0.2250409 0.783874 0.2192939 0.782857 0.2194109 0.783741 0.2250409 0.785233 0.2255449 0.783874 0.2192939 0.783657 0.2287649 0.785233 0.2255449 0.783741 0.2250409 0.783657 0.2287649 0.785071 0.2297709 0.785233 0.2255449 0.784269 0.2319409 0.785071 0.2297709 0.783657 0.2287649 0.784269 0.2319409 0.784795 0.2300279 0.785071 0.2297709 0.782947 0.2323859 0.784795 0.2300279 0.784269 0.2319409 0.782947 0.2323859 0.783474 0.2301039 0.784795 0.2300279 0.781685 0.2306489 0.783474 0.2301039 0.782947 0.2323859 0.781685 0.2306489 0.781955 0.2271369 0.783474 0.2301039 0.781197 0.226888 0.781955 0.2271369 0.781685 0.2306489 0.781197 0.226888 0.78023 0.2212079 0.781955 0.2271369 0.780273 0.2268049 0.78023 0.2212079 0.781197 0.226888 0.780273 0.2268049 0.778651 0.2209489 0.78023 0.2212079 0.778447 0.2266729 0.778651 0.2209489 0.780273 0.2268049 0.778447 0.2266729 0.776401 0.2207359 0.778651 0.2209489 0.766267 0.2025299 0.764172 0.2051429 0.764172 0.2020439 0.766267 0.2025299 0.765735 0.2050119 0.764172 0.2051429 0.768336 0.2036239 0.765735 0.2050119 0.766267 0.2025299 0.768336 0.2036239 0.768169 0.2054919 0.765735 0.2050119 0.77169 0.2062169 0.768169 0.2054919 0.768336 0.2036239 0.77169 0.2062169 0.770709 0.2084139 0.768169 0.2054919 0.773101 0.2109829 0.770709 0.2084139 0.77169 0.2062169 0.773101 0.2109829 0.769653 0.2117479 0.770709 0.2084139 0.773383 0.2154579 0.769653 0.2117479 0.773101 0.2109829 0.773383 0.2154579 0.770022 0.2156189 0.769653 0.2117479 0.769897 0.2182419 0.770022 0.2156189 0.773383 0.2154579 0.769897 0.2182419 0.767706 0.2156919 0.770022 0.2156189 0.767734 0.2181469 0.767706 0.2156919 0.769897 0.2182419 0.767734 0.2181469 0.766498 0.2144289 0.767706 0.2156919 0.766611 0.2165399 0.766498 0.2144289 0.767734 0.2181469 0.766611 0.2165399 0.764172 0.2146979 0.766498 0.2144289 0.764172 0.216012 0.764172 0.2146979 0.766611 0.2165399 0.764172 0.216012 0.766498 0.2144289 0.764172 0.2146979 0.766611 0.2165399 0.766498 0.2144289 0.764172 0.216012 0.766611 0.2165399 0.767706 0.2156919 0.766498 0.2144289 0.767734 0.2181469 0.767706 0.2156919 0.766611 0.2165399 0.767734 0.2181469 0.770022 0.2156189 0.767706 0.2156919 0.769897 0.2182419 0.770022 0.2156189 0.767734 0.2181469 0.769897 0.2182419 0.773383 0.2154579 0.770022 0.2156189 0.772734 0.2205809 0.773383 0.2154579 0.769897 0.2182419 0.772734 0.2205809 0.776401 0.2207359 0.773383 0.2154579 0.772734 0.2205809 0.773383 0.2154579 0.776401 0.2207359 0.772734 0.2205809 0.769897 0.2182419 0.773383 0.2154579 0.769841 0.2207969 0.769897 0.2182419 0.772734 0.2205809 0.769841 0.2207969 0.767903 0.2193839 0.769897 0.2182419 0.768055 0.2209999 0.767903 0.2193839 0.769841 0.2207969 0.768055 0.2209999 0.766552 0.2193949 0.767903 0.2193839 0.766482 0.2212079 0.766552 0.2193949 0.768055 0.2209999 0.766482 0.2212079 0.76545 0.2196359 0.766552 0.2193949 0.765283 0.2219999 0.76545 0.2196359 0.766482 0.2212079 0.765283 0.2219999 0.764172 0.2196789 0.76545 0.2196359 0.764172 0.2220009 0.764172 0.2196789 0.765283 0.2219999 0.764172 0.2220009 0.76545 0.2196359 0.764172 0.2196789 0.765283 0.2219999 0.76545 0.2196359 0.764172 0.2220009 0.765283 0.2219999 0.766552 0.2193949 0.76545 0.2196359 0.766482 0.2212079 0.766552 0.2193949 0.765283 0.2219999 0.766482 0.2212079 0.767903 0.2193839 0.766552 0.2193949 0.768055 0.2209999 0.767903 0.2193839 0.766482 0.2212079 0.768055 0.2209999 0.769841 0.2207969 0.767903 0.2193839 0.768067 0.2227319 0.769841 0.2207969 0.768055 0.2209999 0.764172 0.2064489 0.765735 0.2050119 0.765669 0.2070009 0.764172 0.2064489 0.764172 0.2051429 0.765735 0.2050119 0.765669 0.2070009 0.764172 0.2051429 0.764172 0.2064489 0.765669 0.2070009 0.765735 0.2050119 0.764172 0.2051429 0.767573 0.2081529 0.765735 0.2050119 0.765669 0.2070009 0.767573 0.2081529 0.768169 0.2054919 0.765735 0.2050119 0.769653 0.2117479 0.768169 0.2054919 0.767573 0.2081529 0.769653 0.2117479 0.770709 0.2084139 0.768169 0.2054919 0.773101 0.2109829 0.770709 0.2084139 0.769653 0.2117479 0.773101 0.2109829 0.77169 0.2062169 0.770709 0.2084139 0.775378 0.2104989 0.77169 0.2062169 0.773101 0.2109829 0.775378 0.2104989 0.773839 0.2063619 0.77169 0.2062169 0.777144 0.2111729 0.773839 0.2063619 0.775378 0.2104989 0.777144 0.2111729 0.773583 0.206698 0.773839 0.2063619 0.777121 0.2117769 0.773583 0.206698 0.777144 0.2111729 0.777121 0.2117769 0.770387 0.2077829 0.773583 0.206698 0.775607 0.2124689 0.770387 0.2077829 0.777121 0.2117769 0.775607 0.2124689 0.770204 0.2088459 0.770387 0.2077829 0.767903 0.2193839 0.767734 0.2181469 0.769897 0.2182419 0.767903 0.2193839 0.766665 0.2179769 0.767734 0.2181469 0.766552 0.2193949 0.766665 0.2179769 0.767903 0.2193839 0.766552 0.2193949 0.765505 0.2184999 0.766665 0.2179769 0.76545 0.2196359 0.765505 0.2184999 0.766552 0.2193949 0.76545 0.2196359 0.764172 0.2186279 0.765505 0.2184999 0.764172 0.2196789 0.764172 0.2186279 0.76545 0.2196359 0.764172 0.2196789 0.765505 0.2184999 0.764172 0.2186279 0.76545 0.2196359 0.765505 0.2184999 0.764172 0.2196789 0.76545 0.2196359 0.766665 0.2179769 0.765505 0.2184999 0.766552 0.2193949 0.766665 0.2179769 0.76545 0.2196359 0.766552 0.2193949 0.767734 0.2181469 0.766665 0.2179769 0.767903 0.2193839 0.767734 0.2181469 0.766552 0.2193949 0.767903 0.2193839 0.769897 0.2182419 0.767734 0.2181469 0.769841 0.2207969 0.769897 0.2182419 0.767903 0.2193839 0.769841 0.2207969 0.772734 0.2205809 0.769897 0.2182419 0.586679 0.375716 0.56888 0.435165 0.56888 0.375716 0.586679 0.375716 0.586679 0.435165 0.56888 0.435165 0.622022 0.375716 0.586679 0.435165 0.586679 0.375716 0.622022 0.375716 0.622022 0.435165 0.586679 0.435165 0.586679 0.375716 0.622022 0.435165 0.622022 0.375716 0.586679 0.375716 0.586679 0.435165 0.622022 0.435165 0.56888 0.375716 0.586679 0.435165 0.586679 0.375716 0.56888 0.375716 0.56888 0.435165 0.586679 0.435165 0.509644 0.375716 0.56888 0.435165 0.56888 0.375716 0.509644 0.375716 0.509538 0.435165 0.56888 0.435165 0.377177 0.414077 0.509538 0.435165 0.509644 0.375716 0.377177 0.414077 0.377177 0.435165 0.509538 0.435165 0.509644 0.375716 0.377177 0.435165 0.377177 0.414077 0.509644 0.375716 0.509538 0.435165 0.377177 0.435165 0.56888 0.375716 0.509538 0.435165 0.509644 0.375716 0.56888 0.375716 0.56888 0.435165 0.509538 0.435165 0.586679 0.461917 0.622022 0.435165 0.622022 0.461917 0.586679 0.461917 0.586679 0.435165 0.622022 0.435165 0.56888 0.461917 0.586679 0.435165 0.586679 0.461917 0.56888 0.461917 0.56888 0.435165 0.586679 0.435165 0.509538 0.461917 0.56888 0.435165 0.56888 0.461917 0.509538 0.461917 0.509538 0.435165 0.56888 0.435165 0.377177 0.461917 0.509538 0.435165 0.509538 0.461917 0.377177 0.461917 0.377177 0.435165 0.509538 0.435165 0.509538 0.461917 0.377177 0.435165 0.377177 0.461917 0.509538 0.461917 0.509538 0.435165 0.377177 0.435165 0.56888 0.461917 0.509538 0.435165 0.509538 0.461917 0.56888 0.461917 0.56888 0.435165 0.509538 0.435165 0.586679 0.461917 0.56888 0.435165 0.56888 0.461917 0.586679 0.461917 0.586679 0.435165 0.56888 0.435165 0.622022 0.461917 0.586679 0.435165 0.586679 0.461917 0.622022 0.461917 0.622022 0.435165 0.586679 0.435165 0.604479 0.494614 0.622022 0.461917 0.622022 0.494614 0.604479 0.494614 0.586679 0.461917 0.622022 0.461917 0.586679 0.494614 0.586679 0.461917 0.604479 0.494614 0.586679 0.494614 0.56888 0.461917 0.586679 0.461917 0.56888 0.494614 0.56888 0.461917 0.586679 0.494614 0.56888 0.494614 0.509538 0.461917 0.56888 0.461917 0.509538 0.494614 0.509538 0.461917 0.56888 0.494614 0.509538 0.494614 0.377177 0.461917 0.509538 0.461917 0.377177 0.494614 0.377177 0.461917 0.509538 0.494614 0.377177 0.494614 0.509538 0.461917 0.377177 0.461917 0.509538 0.494614 0.509538 0.461917 0.377177 0.494614 0.509538 0.494614 0.56888 0.461917 0.509538 0.461917 0.56888 0.494614 0.56888 0.461917 0.509538 0.494614 0.56888 0.494614 0.586679 0.461917 0.56888 0.461917 0.586679 0.494614 0.586679 0.461917 0.56888 0.494614 0.586679 0.494614 0.604479 0.494614 0.586679 0.461917 0.05372101 0.458822 0.05196702 0.441297 0.07538098 0.441297 0.05372101 0.458822 0.025123 0.456123 0.05196702 0.441297 0.02409297 0.473525 0.025123 0.456123 0.05372101 0.458822 0.02409297 0.473525 0.001945972 0.470232 0.025123 0.456123 0.001945972 0.485953 0.001945972 0.470232 0.02409297 0.473525 0.001945972 0.485953 0.02409297 0.473525 0.001945972 0.470232 0.05653399 0.4782 0.02409297 0.473525 0.001945972 0.485953 0.05653399 0.4782 0.05372101 0.458822 0.02409297 0.473525 0.08794599 0.465899 0.05372101 0.458822 0.05653399 0.4782 0.08794599 0.465899 0.07486897 0.456069 0.05372101 0.458822 0.08794599 0.435146 0.07486897 0.456069 0.08794599 0.465899 0.08794599 0.435146 0.07538098 0.441297 0.07486897 0.456069 0.07538098 0.435146 0.07538098 0.441297 0.08794599 0.435146 0.07538098 0.435146 0.05196702 0.441297 0.07538098 0.441297 0.04396897 0.435146 0.05196702 0.441297 0.07538098 0.435146 0.04396897 0.435146 0.025123 0.441297 0.05196702 0.441297 0.025123 0.435146 0.025123 0.441297 0.04396897 0.435146 0.025123 0.435146 0.001945972 0.441297 0.025123 0.441297 0.001945972 0.435146 0.001945972 0.441297 0.025123 0.435146 0.001945972 0.435146 0.025123 0.441297 0.001945972 0.441297 0.025123 0.435146 0.025123 0.441297 0.001945972 0.435146 0.025123 0.435146 0.05196702 0.441297 0.025123 0.441297 0.04396897 0.435146 0.05196702 0.441297 0.025123 0.435146 0.04396897 0.435146 0.07538098 0.435146 0.05196702 0.441297 0.08794599 0.435146 0.07795697 0.392775 0.12564 0.435146 0.08794599 0.435146 0.06805896 0.411719 0.07795697 0.392775 0.07538098 0.435146 0.06805896 0.411719 0.08794599 0.435146 0.07538098 0.435146 0.05630803 0.417697 0.06805896 0.411719 0.042499 0.423674 0.05630803 0.417697 0.07538098 0.435146 0.042499 0.423674 0.03855198 0.398995 0.05630803 0.417697 0.02253097 0.418296 0.03855198 0.398995 0.042499 0.423674 0.02253097 0.418296 0.02110999 0.40262 0.03855198 0.398995 0.001945972 0.416695 0.02110999 0.40262 0.02253097 0.418296 0.001945972 0.416695 0.001945972 0.400825 0.02110999 0.40262 0.02253097 0.418296 0.001945972 0.400825 0.001945972 0.416695 0.02253097 0.418296 0.02110999 0.40262 0.001945972 0.400825 0.042499 0.423674 0.02110999 0.40262 0.02253097 0.418296 0.042499 0.423674 0.03855198 0.398995 0.02110999 0.40262 0.05630803 0.417697 0.03855198 0.398995 0.042499 0.423674 0.05630803 0.417697 0.06805896 0.411719 0.03855198 0.398995 0.07538098 0.435146 0.06805896 0.411719 0.05630803 0.417697 0.07538098 0.435146 0.08794599 0.435146 0.06805896 0.411719 0.969843 0.408716 0.990322 0.435205 0.974848 0.435205 0.969843 0.408716 0.983244 0.408716 0.990322 0.435205 0.956168 0.389324 0.983244 0.408716 0.969843 0.408716 0.956168 0.389324 0.963906 0.389324 0.983244 0.408716 0.937489 0.382226 0.963906 0.389324 0.956168 0.389324 0.937489 0.382226 0.956168 0.389324 0.963906 0.389324 0.937489 0.389324 0.956168 0.389324 0.937489 0.382226 0.937489 0.389324 0.969843 0.408716 0.956168 0.389324 0.937489 0.408716 0.969843 0.408716 0.937489 0.389324 0.937489 0.408716 0.974848 0.435205 0.969843 0.408716 0.937489 0.435205 0.974848 0.435205 0.937489 0.408716 0.937489 0.435205 0.969843 0.461694 0.974848 0.435205 0.937489 0.461694 0.969843 0.461694 0.937489 0.435205 0.937489 0.461694 0.956168 0.481085 0.969843 0.461694 0.937489 0.481085 0.956168 0.481085 0.937489 0.461694 0.937489 0.481085 0.937489 0.488183 0.956168 0.481085 0.91881 0.481085 0.937489 0.488183 0.937489 0.481085 0.91881 0.481085 0.911073 0.481085 0.937489 0.488183 0.905136 0.461694 0.911073 0.481085 0.91881 0.481085 0.905136 0.461694 0.891735 0.461694 0.911073 0.481085 0.900131 0.435205 0.891735 0.461694 0.905136 0.461694 0.900131 0.435205 0.884656 0.435205 0.891735 0.461694 0.905136 0.408716 0.884656 0.435205 0.900131 0.435205 0.905136 0.408716 0.891735 0.408716 0.884656 0.435205 0.91881 0.389324 0.891735 0.408716 0.905136 0.408716 0.91881 0.389324 0.911073 0.389324 0.891735 0.408716 0.937489 0.382226 0.911073 0.389324 0.91881 0.389324 0.937489 0.382226 0.91881 0.389324 0.911073 0.389324 0.937489 0.389324 0.91881 0.389324 0.937489 0.382226 0.937489 0.389324 0.905136 0.408716 0.91881 0.389324 0.937489 0.408716 0.905136 0.408716 0.937489 0.389324 0.937489 0.408716 0.900131 0.435205 0.905136 0.408716 0.937489 0.435205 0.900131 0.435205 0.937489 0.408716 0.937489 0.435205 0.905136 0.461694 0.900131 0.435205 0.937489 0.461694 0.905136 0.461694 0.937489 0.435205 0.937489 0.461694 0.91881 0.481085 0.905136 0.461694 0.937489 0.481085 0.91881 0.481085 0.937489 0.461694 0.937489 0.481085 0.937489 0.488183 0.91881 0.481085 0.956168 0.481085 0.937489 0.488183 0.937489 0.481085 0.956168 0.481085 0.963906 0.481085 0.937489 0.488183 0.969843 0.461694 0.963906 0.481085 0.956168 0.481085 0.969843 0.461694 0.983244 0.461694 0.963906 0.481085 0.974848 0.435205 0.983244 0.461694 0.969843 0.461694 0.974848 0.435205 0.990322 0.435205 0.983244 0.461694 0.781636 0.2152119 0.779595 0.2172739 0.779962 0.2146299 0.781636 0.2152119 0.782857 0.2194109 0.779595 0.2172739 0.783874 0.2192939 0.782857 0.2194109 0.781636 0.2152119 0.783874 0.2192939 0.783741 0.2250409 0.782857 0.2194109 0.785233 0.2255449 0.783741 0.2250409 0.783874 0.2192939 0.785233 0.2255449 0.783657 0.2287649 0.783741 0.2250409 0.785071 0.2297709 0.783657 0.2287649 0.785233 0.2255449 0.785071 0.2297709 0.784269 0.2319409 0.783657 0.2287649 0.784795 0.2300279 0.784269 0.2319409 0.785071 0.2297709 0.784795 0.2300279 0.782947 0.2323859 0.784269 0.2319409 0.783474 0.2301039 0.782947 0.2323859 0.784795 0.2300279 0.783474 0.2301039 0.781685 0.2306489 0.782947 0.2323859 0.781955 0.2271369 0.781685 0.2306489 0.783474 0.2301039 0.781955 0.2271369 0.781197 0.226888 0.781685 0.2306489 0.78023 0.2212079 0.781197 0.226888 0.781955 0.2271369 0.78023 0.2212079 0.780273 0.2268049 0.781197 0.226888 0.778651 0.2209489 0.780273 0.2268049 0.78023 0.2212079 0.778651 0.2209489 0.778447 0.2266729 0.780273 0.2268049 0.776401 0.2207359 0.778447 0.2266729 0.778651 0.2209489</float_array>
          <technique_common>
            <accessor source="#peach-mesh-map-0-array" count="15684" stride="2">
              <param name="S" type="float"/>
              <param name="T" type="float"/>
            </accessor>
          </technique_common>
        </source>
        <vertices id="peach-mesh-vertices">
          <input semantic="POSITION" source="#peach-mesh-positions"/>
        </vertices>
        <triangles material="s3c002m0_eye_png-material" count="236">
          <input semantic="VERTEX" source="#peach-mesh-vertices" offset="0"/>
          <input semantic="NORMAL" source="#peach-mesh-normals" offset="1"/>
          <input semantic="TEXCOORD" source="#peach-mesh-map-0" offset="2" set="0"/>
          <p>0 0 0 1 1 1 2 2 2 3 3 3 4 4 4 5 5 5 6 6 6 7 7 7 8 8 8 9 9 9 10 10 10 11 11 11 12 12 12 13 13 13 14 14 14 15 15 15 16 16 16 17 17 17 18 18 18 19 19 19 20 20 20 21 21 21 22 22 22 23 23 23 24 24 24 25 25 25 26 26 26 27 27 27 28 28 28 29 29 29 30 30 30 31 31 31 32 32 32 33 33 33 34 34 34 35 35 35 1 1 36 36 36 37 2 2 38 36 36 39 37 37 40 2 2 41 36 36 42 38 38 43 37 37 44 38 38 45 39 39 46 37 37 47 4 4 48 40 40 49 5 5 50 40 40 51 41 41 52 5 5 53 40 40 54 42 42 55 41 41 56 42 42 57 43 43 58 41 41 59 7 7 60 44 44 61 8 8 62 44 44 63 45 45 64 8 8 65 44 44 66 46 46 67 45 45 68 46 46 69 47 47 70 45 45 71 10 10 72 48 48 73 11 11 74 48 48 75 49 49 76 11 11 77 48 48 78 50 50 79 49 49 80 50 50 81 51 51 82 49 49 83 13 13 84 52 52 85 14 14 86 52 52 87 53 53 88 14 14 89 52 52 90 54 54 91 53 53 92 54 54 93 55 55 94 53 53 95 16 16 96 56 56 97 17 17 98 56 56 99 57 57 100 17 17 101 56 56 102 58 58 103 57 57 104 58 58 105 59 59 106 57 57 107 18 18 108 60 60 109 19 19 110 60 60 111 61 61 112 19 19 113 60 60 114 62 62 115 61 61 116 62 62 117 63 63 118 61 61 119 21 21 120 64 64 121 22 22 122 64 64 123 65 65 124 22 22 125 64 64 126 66 66 127 65 65 128 66 66 129 67 67 130 65 65 131 24 24 132 68 68 133 25 25 134 68 68 135 69 69 136 25 25 137 68 68 138 70 70 139 69 69 140 70 70 141 71 71 142 69 69 143 27 27 144 72 72 145 28 28 146 72 72 147 73 73 148 28 28 149 72 72 150 74 74 151 73 73 152 74 74 153 75 75 154 73 73 155 30 30 156 76 76 157 31 31 158 76 76 159 77 77 160 31 31 161 76 76 162 78 78 163 77 77 164 78 78 165 79 79 166 77 77 167 33 33 168 80 80 169 34 34 170 80 80 171 81 81 172 34 34 173 80 80 174 82 82 175 81 81 176 82 82 177 83 83 178 81 81 179 84 84 180 85 85 181 86 86 182 87 87 183 88 88 184 89 89 185 90 90 186 91 91 187 92 92 188 92 92 189 91 91 190 93 93 191 94 94 192 95 95 193 96 96 194 96 96 195 97 97 196 90 90 197 90 90 198 97 97 199 91 91 200 98 98 201 91 91 202 97 97 203 99 99 204 100 100 205 101 101 206 84 84 207 86 86 208 102 102 209 98 98 210 103 103 211 91 91 212 104 104 213 105 105 214 106 106 215 107 107 216 108 108 217 109 109 218 93 93 219 91 91 220 86 86 221 85 85 222 93 93 223 86 86 224 97 97 225 110 110 226 98 98 227 111 111 228 112 112 229 95 95 230 109 109 231 113 113 232 107 107 233 107 107 234 114 114 235 108 108 236 115 115 237 116 116 238 86 86 239 91 91 240 103 103 241 117 117 242 88 88 243 87 87 244 118 118 245 100 100 246 99 99 247 89 89 248 99 99 249 87 87 250 89 89 251 101 101 252 119 119 253 99 99 254 120 120 255 121 121 256 122 122 257 123 123 258 124 124 259 125 125 260 126 126 261 127 127 262 128 128 263 129 129 264 127 127 265 126 126 266 130 130 267 131 131 268 132 132 269 128 128 270 133 133 271 130 130 272 127 127 273 133 133 274 128 128 275 133 133 276 127 127 277 134 134 278 135 135 279 136 136 280 137 137 281 138 138 282 120 120 283 122 122 284 127 127 285 139 139 286 134 134 287 140 140 288 141 141 289 142 142 290 143 143 291 144 144 292 145 145 293 120 120 294 127 127 295 129 129 296 120 120 297 129 129 298 121 121 299 146 146 300 147 147 301 120 120 302 134 134 303 148 148 304 133 133 305 131 131 306 149 149 307 150 150 308 145 145 309 151 151 310 143 143 311 120 120 312 152 152 313 146 146 314 144 144 315 153 153 316 145 145 317 120 120 318 147 147 319 154 154 320 155 155 321 139 139 322 127 127 323 156 156 324 125 125 325 124 124 326 123 123 327 137 137 328 136 136 329 123 123 330 125 125 331 137 137 332 137 137 333 157 157 334 135 135 335 158 158 336 159 159 337 160 160 338 161 161 339 162 162 340 163 163 341 164 164 342 165 165 343 166 166 344 167 167 345 168 168 346 169 169 347 170 170 348 171 171 349 172 172 350 173 173 351 174 174 352 175 175 353 176 176 354 177 177 355 178 178 356 179 179 357 180 180 358 181 181 359 182 182 360 183 183 361 184 184 362 185 185 363 186 186 364 187 187 365 188 188 366 189 189 367 190 190 368 191 191 369 192 192 370 193 193 371 106 106 372 105 105 373 194 194 374 105 105 375 195 195 376 194 194 377 95 95 378 112 112 379 96 96 380 112 112 381 97 97 382 96 96 383 113 113 384 109 109 385 196 196 386 109 109 387 197 197 388 196 196 389 194 194 390 195 195 391 114 114 392 195 195 393 108 108 394 114 114 395 118 118 396 87 87 397 104 104 398 87 87 399 105 105 400 104 104 401 91 91 402 117 117 403 86 86 404 117 117 405 115 115 406 86 86 407 95 95 408 119 119 409 111 111 410 119 119 411 101 101 412 111 111 413 110 110 414 97 97 415 111 111 416 97 97 417 112 112 418 111 111 419 198 198 420 199 199 421 140 140 422 199 199 423 141 141 424 140 140 425 130 130 426 133 133 427 131 131 428 133 133 429 149 149 430 131 131 431 146 146 432 152 152 433 151 151 434 152 152 435 143 143 436 151 151 437 153 153 438 144 144 439 198 198 440 144 144 441 199 199 442 198 198 443 142 142 444 141 141 445 156 156 446 141 141 447 125 125 448 156 156 449 120 120 450 154 154 451 127 127 452 154 154 453 155 155 454 127 127 455 150 150 456 149 149 457 148 148 458 149 149 459 133 133 460 148 148 461 159 159 462 200 200 463 160 160 464 200 200 465 201 201 466 160 160 467 200 200 468 202 202 469 201 201 470 202 202 471 203 203 472 201 201 473 162 162 474 204 204 475 163 163 476 204 204 477 205 205 478 163 163 479 204 204 480 206 206 481 205 205 482 206 206 483 207 207 484 205 205 485 165 165 486 208 208 487 166 166 488 208 208 489 209 209 490 166 166 491 208 208 492 210 210 493 209 209 494 210 210 495 211 211 496 209 209 497 168 168 498 212 212 499 169 169 500 212 212 501 213 213 502 169 169 503 212 212 504 214 214 505 213 213 506 214 214 507 215 215 508 213 213 509 171 171 510 216 216 511 172 172 512 216 216 513 217 217 514 172 172 515 216 216 516 218 218 517 217 217 518 218 218 519 219 219 520 217 217 521 174 174 522 220 220 523 175 175 524 220 220 525 221 221 526 175 175 527 220 220 528 222 222 529 221 221 530 222 222 531 223 223 532 221 221 533 176 176 534 224 224 535 177 177 536 224 224 537 225 225 538 177 177 539 224 224 540 226 226 541 225 225 542 226 226 543 227 227 544 225 225 545 179 179 546 228 228 547 180 180 548 228 228 549 229 229 550 180 180 551 228 228 552 230 230 553 229 229 554 230 230 555 231 231 556 229 229 557 182 182 558 232 232 559 183 183 560 232 232 561 233 233 562 183 183 563 232 232 564 234 234 565 233 233 566 234 234 567 235 235 568 233 233 569 185 185 570 236 236 571 186 186 572 236 236 573 237 237 574 186 186 575 236 236 576 238 238 577 237 237 578 238 238 579 239 239 580 237 237 581 188 188 582 240 240 583 189 189 584 240 240 585 241 241 586 189 189 587 240 240 588 242 242 589 241 241 590 242 242 591 243 243 592 241 241 593 191 191 594 244 244 595 192 192 596 244 244 597 245 245 598 192 192 599 244 244 600 246 246 601 245 245 602 246 246 603 247 247 604 245 245 605 94 94 606 119 119 607 95 95 608 94 94 609 99 99 610 119 119 611 248 248 612 99 99 613 94 94 614 248 248 615 87 87 616 99 99 617 249 249 618 87 87 619 248 248 620 249 249 621 105 105 622 87 87 623 250 250 624 105 105 625 249 249 626 250 250 627 195 195 628 105 105 629 251 251 630 195 195 631 250 250 632 251 251 633 108 108 634 195 195 635 252 252 636 108 108 637 251 251 638 252 252 639 109 109 640 108 108 641 102 102 642 109 109 643 252 252 644 102 102 645 197 197 646 109 109 647 86 86 648 197 197 649 102 102 650 86 86 651 196 196 652 197 197 653 116 116 654 196 196 655 86 86 656 138 138 657 152 152 658 120 120 659 138 138 660 143 143 661 152 152 662 253 253 663 143 143 664 138 138 665 253 253 666 144 144 667 143 143 668 254 254 669 144 144 670 253 253 671 254 254 672 199 199 673 144 144 674 255 255 675 199 199 676 254 254 677 255 255 678 141 141 679 199 199 680 256 256 681 141 141 682 255 255 683 256 256 684 125 125 685 141 141 686 257 257 687 125 125 688 256 256 689 257 257 690 137 137 691 125 125 692 132 132 693 137 137 694 257 257 695 132 132 696 157 157 697 137 137 698 131 131 699 157 157 700 132 132 701 131 131 702 135 135 703 157 157 704 150 150 705 135 135 706 131 131 707</p>
        </triangles>
        <triangles material="s3c002m0_eye___png-material" count="130">
          <input semantic="VERTEX" source="#peach-mesh-vertices" offset="0"/>
          <input semantic="NORMAL" source="#peach-mesh-normals" offset="1"/>
          <input semantic="TEXCOORD" source="#peach-mesh-map-0" offset="2" set="0"/>
          <p>258 258 708 259 259 709 260 260 710 261 261 711 262 262 712 263 263 713 264 264 714 265 265 715 261 261 716 265 265 717 266 266 718 261 261 719 261 261 720 266 266 721 262 262 722 267 267 723 258 258 724 268 268 725 268 268 726 258 258 727 269 269 728 258 258 729 260 260 730 269 269 731 261 261 732 263 263 733 259 259 734 258 258 735 261 261 736 259 259 737 264 264 738 261 261 739 258 258 740 267 267 741 264 264 742 258 258 743 270 270 744 264 264 745 267 267 746 271 271 747 270 270 748 267 267 749 272 272 750 273 273 751 274 274 752 275 275 753 276 276 754 277 277 755 277 277 756 278 278 757 279 279 758 277 277 759 280 280 760 278 278 761 276 276 762 280 280 763 277 277 764 281 281 765 274 274 766 282 282 767 283 283 768 274 274 769 281 281 770 283 283 771 272 272 772 274 274 773 273 273 774 275 275 775 277 277 776 273 273 777 277 277 778 274 274 779 274 274 780 277 277 781 279 279 782 274 274 783 279 279 784 282 282 785 282 282 786 279 279 787 284 284 788 282 282 789 284 284 790 285 285 791 286 286 792 287 287 793 288 288 794 289 289 795 290 290 796 291 291 797 292 292 798 293 293 799 294 294 800 295 295 801 296 296 802 297 297 803 298 298 804 299 299 805 300 300 806 301 301 807 302 302 808 303 303 809 304 304 810 305 305 811 306 306 812 307 307 813 308 308 814 309 309 815 310 310 816 311 311 817 312 312 818 313 313 819 314 314 820 315 315 821 316 316 822 317 317 823 318 318 824 319 319 825 320 320 826 321 321 827 287 287 828 322 322 829 288 288 830 322 322 831 323 323 832 288 288 833 322 322 834 324 324 835 323 323 836 324 324 837 325 325 838 323 323 839 290 290 840 326 326 841 291 291 842 326 326 843 327 327 844 291 291 845 326 326 846 328 328 847 327 327 848 328 328 849 329 329 850 327 327 851 293 293 852 330 330 853 294 294 854 330 330 855 331 331 856 294 294 857 330 330 858 332 332 859 331 331 860 332 332 861 333 333 862 331 331 863 296 296 864 334 334 865 297 297 866 334 334 867 335 335 868 297 297 869 334 334 870 336 336 871 335 335 872 336 336 873 332 337 874 335 335 875 299 299 876 337 338 877 300 300 878 337 338 879 338 339 880 300 300 881 337 338 882 339 340 883 338 339 884 339 340 885 340 341 886 338 339 887 302 302 888 341 342 889 303 303 890 341 342 891 342 343 892 303 303 893 341 342 894 343 344 895 342 343 896 343 344 897 344 345 898 342 343 899 304 304 900 345 346 901 305 305 902 345 346 903 346 347 904 305 305 905 345 346 906 347 348 907 346 347 908 347 348 909 348 349 910 346 347 911 307 307 912 349 350 913 308 308 914 349 350 915 350 351 916 308 308 917 349 350 918 351 352 919 350 351 920 351 352 921 352 353 922 350 351 923 310 310 924 353 354 925 311 311 926 353 354 927 354 355 928 311 311 929 353 354 930 355 356 931 354 355 932 355 356 933 356 357 934 354 355 935 313 313 936 357 358 937 314 314 938 357 358 939 358 359 940 314 314 941 357 358 942 356 360 943 358 359 944 356 360 945 359 361 946 358 359 947 316 316 948 360 362 949 317 317 950 360 362 951 361 363 952 317 317 953 360 362 954 362 364 955 361 363 956 362 364 957 363 365 958 361 363 959 319 319 960 364 366 961 320 320 962 364 366 963 365 367 964 320 320 965 364 366 966 366 368 967 365 367 968 366 368 969 367 369 970 365 367 971 267 267 972 368 370 973 271 271 974 267 267 975 369 371 976 368 370 977 268 268 978 369 371 979 267 267 980 268 268 981 370 372 982 369 371 983 269 269 984 370 372 985 268 268 986 269 269 987 371 373 988 370 372 989 260 260 990 371 373 991 269 269 992 260 260 993 372 374 994 371 373 995 259 259 996 372 374 997 260 260 998 259 259 999 373 375 1000 372 374 1001 263 263 1002 373 375 1003 259 259 1004 263 263 1005 374 376 1006 373 375 1007 262 262 1008 374 376 1009 263 263 1010 262 262 1011 375 377 1012 374 376 1013 266 266 1014 375 377 1015 262 262 1016 266 266 1017 376 378 1018 375 377 1019 265 265 1020 376 378 1021 266 266 1022 265 265 1023 377 379 1024 376 378 1025 264 264 1026 377 379 1027 265 265 1028 264 264 1029 378 380 1030 377 379 1031 270 270 1032 378 380 1033 264 264 1034 279 279 1035 379 381 1036 284 284 1037 279 279 1038 380 382 1039 379 381 1040 278 278 1041 380 382 1042 279 279 1043 278 278 1044 381 383 1045 380 382 1046 280 280 1047 381 383 1048 278 278 1049 280 280 1050 382 384 1051 381 383 1052 276 276 1053 382 384 1054 280 280 1055 276 276 1056 383 385 1057 382 384 1058 275 275 1059 383 385 1060 276 276 1061 275 275 1062 384 386 1063 383 385 1064 273 273 1065 384 386 1066 275 275 1067 273 273 1068 385 387 1069 384 386 1070 272 272 1071 385 387 1072 273 273 1073 272 272 1074 386 388 1075 385 387 1076 283 283 1077 386 388 1078 272 272 1079 283 283 1080 387 389 1081 386 388 1082 281 281 1083 387 389 1084 283 283 1085 281 281 1086 388 390 1087 387 389 1088 282 282 1089 388 390 1090 281 281 1091 282 282 1092 389 391 1093 388 390 1094 285 285 1095 389 391 1096 282 282 1097</p>
        </triangles>
        <triangles material="c002m1_Skirt_png-material" count="40">
          <input semantic="VERTEX" source="#peach-mesh-vertices" offset="0"/>
          <input semantic="NORMAL" source="#peach-mesh-normals" offset="1"/>
          <input semantic="TEXCOORD" source="#peach-mesh-map-0" offset="2" set="0"/>
          <p>390 392 1098 391 393 1099 392 394 1100 393 395 1101 394 396 1102 395 397 1103 396 398 1104 397 399 1105 398 400 1106 391 393 1107 390 392 1108 399 401 1109 400 402 1110 401 403 1111 402 404 1112 403 405 1113 401 403 1114 400 402 1115 398 400 1116 404 406 1117 405 407 1118 403 405 1119 406 408 1120 392 394 1121 406 408 1122 394 396 1123 392 394 1124 394 396 1125 393 395 1126 392 394 1127 393 395 1128 407 409 1129 392 394 1130 408 410 1131 396 398 1132 392 394 1133 396 398 1134 409 411 1135 392 394 1136 409 411 1137 405 407 1138 392 394 1139 405 407 1140 401 403 1141 392 394 1142 392 394 1143 391 393 1144 408 410 1145 399 401 1146 390 392 1147 410 412 1148 411 413 1149 407 409 1150 393 395 1151 395 397 1152 394 396 1153 412 414 1154 413 415 1155 406 408 1156 403 405 1157 406 416 1158 413 417 1159 412 418 1160 396 398 1161 414 419 1162 397 399 1163 401 403 1164 403 405 1165 392 394 1166 407 409 1167 390 392 1168 392 394 1169 390 392 1170 407 409 1171 410 420 1172 411 421 1173 410 422 1174 407 423 1175 394 396 1176 406 408 1177 412 424 1178 405 407 1179 404 406 1180 402 425 1181 402 426 1182 401 403 1183 405 407 1184 408 427 1185 415 428 1186 414 429 1187 396 398 1188 408 410 1189 414 430 1190 415 431 1191 408 410 1192 391 393 1193 405 407 1194 409 411 1195 398 400 1196 398 400 1197 409 411 1198 396 398 1199 391 393 1200 416 432 1201 415 433 1202 399 401 1203 416 432 1204 391 393 1205 395 397 1206 417 434 1207 393 395 1208 393 395 1209 417 434 1210 411 435 1211 403 405 1212 418 436 1213 413 437 1214 400 402 1215 418 436 1216 403 405 1217</p>
        </triangles>
        <triangles material="c002m0_Alfa_png-material" count="232">
          <input semantic="VERTEX" source="#peach-mesh-vertices" offset="0"/>
          <input semantic="NORMAL" source="#peach-mesh-normals" offset="1"/>
          <input semantic="TEXCOORD" source="#peach-mesh-map-0" offset="2" set="0"/>
          <p>419 438 1218 420 439 1219 421 440 1220 419 438 1221 422 441 1222 420 439 1223 423 442 1224 422 441 1225 419 438 1226 423 442 1227 424 443 1228 422 441 1229 425 444 1230 424 443 1231 423 442 1232 425 444 1233 426 445 1234 424 443 1235 427 446 1236 426 445 1237 425 444 1238 427 446 1239 428 447 1240 426 445 1241 429 448 1242 428 447 1243 427 446 1244 429 448 1245 430 449 1246 428 447 1247 431 450 1248 430 449 1249 429 448 1250 431 450 1251 432 451 1252 430 449 1253 433 452 1254 432 451 1255 431 450 1256 433 452 1257 434 453 1258 432 451 1259 435 454 1260 434 453 1261 433 452 1262 435 454 1263 436 455 1264 434 453 1265 437 456 1266 436 455 1267 435 454 1268 437 456 1269 438 457 1270 436 455 1271 439 458 1272 438 457 1273 437 456 1274 439 458 1275 440 459 1276 438 457 1277 441 460 1278 440 459 1279 439 458 1280 441 460 1281 442 461 1282 440 459 1283 443 462 1284 442 461 1285 441 460 1286 443 462 1287 444 463 1288 442 461 1289 445 464 1290 444 463 1291 443 462 1292 445 464 1293 446 465 1294 444 463 1295 447 466 1296 446 465 1297 445 464 1298 447 466 1299 448 467 1300 446 465 1301 449 468 1302 448 467 1303 447 466 1304 449 468 1305 450 469 1306 448 467 1307 421 440 1308 450 469 1309 449 468 1310 421 440 1311 420 439 1312 450 469 1313 451 470 1314 452 471 1315 453 472 1316 451 470 1317 454 473 1318 452 471 1319 455 474 1320 454 473 1321 451 470 1322 455 474 1323 456 475 1324 454 473 1325 457 476 1326 456 475 1327 455 474 1328 457 476 1329 458 477 1330 456 475 1331 459 478 1332 458 477 1333 457 476 1334 459 478 1335 460 479 1336 458 477 1337 461 480 1338 460 479 1339 459 478 1340 461 480 1341 462 481 1342 460 479 1343 463 482 1344 462 481 1345 461 480 1346 463 482 1347 464 483 1348 462 481 1349 465 484 1350 464 483 1351 463 482 1352 465 484 1353 466 485 1354 464 483 1355 467 486 1356 466 485 1357 465 484 1358 467 486 1359 468 487 1360 466 485 1361 469 488 1362 468 487 1363 467 486 1364 469 488 1365 470 489 1366 468 487 1367 471 490 1368 470 489 1369 469 488 1370 471 490 1371 472 491 1372 470 489 1373 473 492 1374 472 491 1375 471 490 1376 473 492 1377 474 493 1378 472 491 1379 475 494 1380 474 493 1381 473 492 1382 475 494 1383 476 495 1384 474 493 1385 477 496 1386 476 495 1387 475 494 1388 477 496 1389 478 497 1390 476 495 1391 479 498 1392 478 497 1393 477 496 1394 479 498 1395 480 499 1396 478 497 1397 481 500 1398 480 499 1399 479 498 1400 481 500 1401 482 501 1402 480 499 1403 453 472 1404 482 501 1405 481 500 1406 453 472 1407 452 471 1408 482 501 1409 483 502 1410 437 456 1411 484 503 1412 483 502 1413 439 458 1414 437 456 1415 485 504 1416 439 458 1417 483 502 1418 485 504 1419 441 460 1420 439 458 1421 486 505 1422 441 460 1423 485 504 1424 486 505 1425 443 462 1426 441 460 1427 487 506 1428 443 462 1429 486 505 1430 487 506 1431 445 464 1432 443 462 1433 488 507 1434 445 464 1435 487 506 1436 488 507 1437 447 466 1438 445 464 1439 489 508 1440 447 466 1441 488 507 1442 489 508 1443 449 468 1444 447 466 1445 490 509 1446 449 468 1447 489 508 1448 490 509 1449 421 440 1450 449 468 1451 491 510 1452 421 440 1453 490 509 1454 491 510 1455 419 438 1456 421 440 1457 492 511 1458 419 438 1459 491 510 1460 492 511 1461 423 442 1462 419 438 1463 493 512 1464 423 442 1465 492 511 1466 493 512 1467 425 444 1468 423 442 1469 494 513 1470 425 444 1471 493 512 1472 494 513 1473 427 446 1474 425 444 1475 495 514 1476 427 446 1477 494 513 1478 495 514 1479 429 448 1480 427 446 1481 496 515 1482 429 448 1483 495 514 1484 496 515 1485 431 450 1486 429 448 1487 497 516 1488 431 450 1489 496 515 1490 497 516 1491 433 452 1492 431 450 1493 498 517 1494 433 452 1495 497 516 1496 498 517 1497 435 454 1498 433 452 1499 484 503 1500 435 454 1501 498 517 1502 484 503 1503 437 456 1504 435 454 1505 486 505 1506 499 518 1507 487 506 1508 486 505 1509 500 519 1510 499 518 1511 485 504 1512 500 519 1513 486 505 1514 485 504 1515 501 520 1516 500 519 1517 483 502 1518 501 520 1519 485 504 1520 483 502 1521 502 521 1522 501 520 1523 484 503 1524 502 521 1525 483 502 1526 484 503 1527 503 522 1528 502 521 1529 498 517 1530 503 522 1531 484 503 1532 498 517 1533 504 523 1534 503 522 1535 497 516 1536 504 523 1537 498 517 1538 497 516 1539 505 524 1540 504 523 1541 496 515 1542 505 524 1543 497 516 1544 496 515 1545 506 525 1546 505 524 1547 495 514 1548 506 525 1549 496 515 1550 495 514 1551 507 526 1552 506 525 1553 494 513 1554 507 526 1555 495 514 1556 494 513 1557 508 527 1558 507 526 1559 493 512 1560 508 527 1561 494 513 1562 493 512 1563 509 528 1564 508 527 1565 492 511 1566 509 528 1567 493 512 1568 492 511 1569 510 529 1570 509 528 1571 491 510 1572 510 529 1573 492 511 1574 491 510 1575 511 530 1576 510 529 1577 490 509 1578 511 530 1579 491 510 1580 490 509 1581 512 531 1582 511 530 1583 489 508 1584 512 531 1585 490 509 1586 489 508 1587 513 532 1588 512 531 1589 488 507 1590 513 532 1591 489 508 1592 488 507 1593 514 533 1594 513 532 1595 487 506 1596 514 533 1597 488 507 1598 487 506 1599 499 518 1600 514 533 1601 455 474 1602 512 531 1603 457 476 1604 455 474 1605 511 530 1606 512 531 1607 451 470 1608 511 530 1609 455 474 1610 451 470 1611 510 529 1612 511 530 1613 453 472 1614 510 529 1615 451 470 1616 453 472 1617 509 528 1618 510 529 1619 481 500 1620 509 528 1621 453 472 1622 481 500 1623 508 527 1624 509 528 1625 479 498 1626 508 527 1627 481 500 1628 479 498 1629 507 526 1630 508 527 1631 477 496 1632 507 526 1633 479 498 1634 477 496 1635 506 525 1636 507 526 1637 475 494 1638 506 525 1639 477 496 1640 475 494 1641 505 524 1642 506 525 1643 473 492 1644 505 524 1645 475 494 1646 473 492 1647 504 523 1648 505 524 1649 471 490 1650 504 523 1651 473 492 1652 471 490 1653 503 522 1654 504 523 1655 469 488 1656 503 522 1657 471 490 1658 469 488 1659 502 521 1660 503 522 1661 467 486 1662 502 521 1663 469 488 1664 467 486 1665 501 520 1666 502 521 1667 465 484 1668 501 520 1669 467 486 1670 465 484 1671 500 519 1672 501 520 1673 463 482 1674 500 519 1675 465 484 1676 463 482 1677 499 518 1678 500 519 1679 461 480 1680 499 518 1681 463 482 1682 461 480 1683 514 533 1684 499 518 1685 459 478 1686 514 533 1687 461 480 1688 459 478 1689 513 532 1690 514 533 1691 457 476 1692 513 532 1693 459 478 1694 457 476 1695 512 531 1696 513 532 1697 515 534 1698 452 471 1699 516 535 1700 515 534 1701 482 501 1702 452 471 1703 517 536 1704 482 501 1705 515 534 1706 517 536 1707 480 499 1708 482 501 1709 518 537 1710 480 499 1711 517 536 1712 518 537 1713 478 497 1714 480 499 1715 519 538 1716 478 497 1717 518 537 1718 519 538 1719 476 495 1720 478 497 1721 520 539 1722 476 495 1723 519 538 1724 520 539 1725 474 493 1726 476 495 1727 521 540 1728 474 493 1729 520 539 1730 521 540 1731 472 491 1732 474 493 1733 522 541 1734 472 491 1735 521 540 1736 522 541 1737 470 489 1738 472 491 1739 523 542 1740 470 489 1741 522 541 1742 523 542 1743 468 487 1744 470 489 1745 524 543 1746 468 487 1747 523 542 1748 524 543 1749 466 485 1750 468 487 1751 525 544 1752 466 485 1753 524 543 1754 525 544 1755 464 483 1756 466 485 1757 526 545 1758 464 483 1759 525 544 1760 526 545 1761 462 481 1762 464 483 1763 527 546 1764 462 481 1765 526 545 1766 527 546 1767 460 479 1768 462 481 1769 528 547 1770 460 479 1771 527 546 1772 528 547 1773 458 477 1774 460 479 1775 529 548 1776 458 477 1777 528 547 1778 529 548 1779 456 475 1780 458 477 1781 530 549 1782 456 475 1783 529 548 1784 530 549 1785 454 473 1786 456 475 1787 516 535 1788 454 473 1789 530 549 1790 516 535 1791 452 471 1792 454 473 1793 531 550 1794 532 551 1795 533 552 1796 531 550 1797 534 553 1798 532 551 1799 535 554 1800 534 553 1801 531 550 1802 535 554 1803 536 555 1804 534 553 1805 537 556 1806 536 555 1807 535 554 1808 537 556 1809 538 557 1810 536 555 1811 539 558 1812 538 557 1813 537 556 1814 539 558 1815 540 559 1816 538 557 1817 541 560 1818 540 559 1819 539 558 1820 541 560 1821 542 561 1822 540 559 1823 543 562 1824 542 561 1825 541 560 1826 543 562 1827 544 563 1828 542 561 1829 545 564 1830 544 563 1831 543 562 1832 545 564 1833 546 565 1834 544 563 1835 547 566 1836 546 565 1837 545 564 1838 547 566 1839 548 567 1840 546 565 1841 549 568 1842 548 567 1843 547 566 1844 549 568 1845 550 569 1846 548 567 1847 533 552 1848 550 569 1849 549 568 1850 533 552 1851 532 551 1852 550 569 1853 551 570 1854 534 553 1855 552 571 1856 551 570 1857 532 551 1858 534 553 1859 553 572 1860 532 551 1861 551 570 1862 553 572 1863 550 569 1864 532 551 1865 554 573 1866 550 569 1867 553 572 1868 554 573 1869 548 567 1870 550 569 1871 555 574 1872 548 567 1873 554 573 1874 555 574 1875 546 565 1876 548 567 1877 556 575 1878 546 565 1879 555 574 1880 556 575 1881 544 563 1882 546 565 1883 557 576 1884 544 563 1885 556 575 1886 557 576 1887 542 561 1888 544 563 1889 558 577 1890 542 561 1891 557 576 1892 558 577 1893 540 559 1894 542 561 1895 559 578 1896 540 559 1897 558 577 1898 559 578 1899 538 557 1900 540 559 1901 560 579 1902 538 557 1903 559 578 1904 560 579 1905 536 555 1906 538 557 1907 552 571 1908 536 555 1909 560 579 1910 552 571 1911 534 553 1912 536 555 1913</p>
        </triangles>
        <triangles material="s3c002m0_r_eye_png-material" count="21">
          <input semantic="VERTEX" source="#peach-mesh-vertices" offset="0"/>
          <input semantic="NORMAL" source="#peach-mesh-normals" offset="1"/>
          <input semantic="TEXCOORD" source="#peach-mesh-map-0" offset="2" set="0"/>
          <p>561 580 1914 562 581 1915 563 582 1916 564 583 1917 565 584 1918 566 585 1919 567 586 1920 568 587 1921 564 583 1922 562 581 1923 561 580 1924 569 588 1925 570 589 1926 571 590 1927 564 583 1928 572 591 1929 564 583 1930 573 592 1931 574 593 1932 564 583 1933 575 594 1934 569 588 1935 561 580 1936 576 595 1937 576 596 1938 561 580 1939 577 597 1940 578 598 1941 564 583 1942 574 593 1943 564 583 1944 568 587 1945 575 594 1946 573 592 1947 564 583 1948 579 599 1949 563 582 1950 580 600 1951 561 580 1952 567 586 1953 564 583 1954 572 591 1955 566 585 1956 570 589 1957 564 583 1958 580 600 1959 565 584 1960 561 580 1961 565 584 1962 564 583 1963 561 580 1964 579 599 1965 564 583 1966 581 601 1967 564 583 1968 571 590 1969 581 601 1970 578 598 1971 577 597 1972 564 583 1973 577 597 1974 561 580 1975 564 583 1976</p>
        </triangles>
        <triangles material="s3c002m0_l_eye_png-material" count="21">
          <input semantic="VERTEX" source="#peach-mesh-vertices" offset="0"/>
          <input semantic="NORMAL" source="#peach-mesh-normals" offset="1"/>
          <input semantic="TEXCOORD" source="#peach-mesh-map-0" offset="2" set="0"/>
          <p>582 602 1977 583 603 1978 584 604 1979 585 605 1980 586 606 1981 587 607 1982 587 607 1983 588 608 1984 589 609 1985 590 610 1986 584 604 1987 583 603 1988 587 607 1989 591 611 1990 592 612 1991 593 613 1992 587 607 1993 594 614 1994 595 615 1995 587 607 1996 596 616 1997 597 617 1998 584 604 1999 590 618 2000 598 619 2001 584 604 2002 597 617 2003 596 616 2004 587 607 2005 599 620 2006 595 615 2007 588 608 2008 587 607 2009 600 621 2010 587 607 2011 593 613 2012 584 604 2013 601 622 2014 582 602 2015 594 614 2016 587 607 2017 589 609 2018 587 607 2019 592 612 2020 585 605 2021 584 604 2022 587 607 2023 601 622 2024 587 607 2025 586 606 2026 601 622 2027 591 611 2028 587 607 2029 602 623 2030 587 607 2031 600 621 2032 602 623 2033 587 607 2034 584 604 2035 599 620 2036 584 604 2037 598 619 2038 599 620 2039</p>
        </triangles>
        <triangles material="s3c002m0_png-material" count="4548">
          <input semantic="VERTEX" source="#peach-mesh-vertices" offset="0"/>
          <input semantic="NORMAL" source="#peach-mesh-normals" offset="1"/>
          <input semantic="TEXCOORD" source="#peach-mesh-map-0" offset="2" set="0"/>
          <p>603 624 2040 604 625 2041 605 626 2042 606 627 2043 607 628 2044 608 629 2045 609 630 2046 607 628 2047 610 631 2048 611 632 2049 612 633 2050 613 634 2051 614 635 2052 615 636 2053 616 637 2054 617 638 2055 618 639 2056 619 640 2057 620 641 2058 618 639 2059 617 638 2060 621 642 2061 622 643 2062 623 644 2063 624 645 2064 625 646 2065 626 647 2066 627 648 2067 628 649 2068 629 650 2069 630 651 2070 631 652 2071 632 653 2072 633 654 2073 634 655 2074 635 656 2075 636 657 2076 637 658 2077 638 659 2078 639 660 2079 640 661 2080 641 662 2081 642 663 2082 643 664 2083 644 665 2084 645 666 2085 640 661 2086 639 660 2087 646 667 2088 647 668 2089 648 669 2090 649 670 2091 650 671 2092 651 672 2093 652 673 2094 605 626 2095 604 625 2096 604 625 2097 653 674 2098 654 675 2099 606 627 2100 655 676 2101 607 628 2102 607 628 2103 609 630 2104 608 629 2105 656 677 2106 616 637 2107 615 636 2108 657 678 2109 658 679 2110 659 680 2111 660 681 2112 658 679 2113 661 682 2114 662 683 2115 663 684 2116 664 685 2117 665 686 2118 663 684 2119 666 687 2120 667 688 2121 668 689 2122 669 690 2123 652 673 2124 604 625 2125 654 675 2126 648 669 2127 647 668 2128 670 691 2129 671 692 2130 647 668 2131 646 667 2132 649 670 2133 651 672 2134 672 693 2135 673 694 2136 651 672 2137 650 671 2138 574 593 2139 575 594 2140 674 695 2141 675 696 2142 578 598 2143 574 593 2144 676 697 2145 569 588 2146 677 698 2147 678 699 2148 639 660 2149 641 662 2150 642 663 2151 644 665 2152 679 700 2153 645 666 2154 639 660 2155 680 701 2156 577 597 2157 681 702 2158 576 596 2159 621 642 2160 623 644 2161 682 703 2162 620 641 2163 617 638 2164 683 704 2165 575 594 2166 568 587 2167 674 695 2168 684 705 2169 617 638 2170 619 640 2171 685 706 2172 568 587 2173 686 707 2174 567 586 2175 686 707 2176 568 587 2177 687 708 2178 688 709 2179 689 710 2180 690 711 2181 624 645 2182 691 712 2183 692 713 2184 693 714 2185 694 715 2186 676 697 2187 681 702 2188 695 716 2189 675 696 2190 681 702 2191 577 597 2192 689 710 2193 696 717 2194 687 708 2195 676 697 2196 695 716 2197 697 718 2198 686 707 2199 688 709 2200 685 706 2201 688 709 2202 687 708 2203 685 706 2204 698 719 2205 624 645 2206 626 647 2207 668 689 2208 692 713 2209 669 690 2210 568 587 2211 685 706 2212 674 695 2213 627 648 2214 629 650 2215 699 720 2216 692 713 2217 700 721 2218 693 714 2219 687 708 2220 696 717 2221 694 715 2222 675 696 2223 577 597 2224 578 598 2225 574 593 2226 674 695 2227 675 696 2228 580 600 2229 701 722 2230 565 584 2231 695 716 2232 702 723 2233 697 718 2234 703 724 2235 629 650 2236 704 725 2237 705 726 2238 706 727 2239 707 728 2240 708 729 2241 709 730 2242 710 731 2243 711 732 2244 712 733 2245 713 734 2246 714 735 2247 715 736 2248 716 737 2249 706 727 2250 705 726 2251 717 738 2252 705 726 2253 718 739 2254 717 738 2255 717 738 2256 718 739 2257 716 737 2258 711 732 2259 719 740 2260 712 733 2261 709 730 2262 720 741 2263 721 742 2264 712 733 2265 719 740 2266 710 731 2267 722 743 2268 723 744 2269 724 745 2270 725 746 2271 559 747 2272 558 748 2273 724 745 2274 726 749 2275 727 750 2276 728 751 2277 559 752 2278 729 753 2279 559 752 2280 725 746 2281 729 753 2282 559 752 2283 728 751 2284 560 754 2285 729 753 2286 725 746 2287 730 755 2288 728 751 2289 731 756 2290 732 757 2291 726 749 2292 733 758 2293 727 750 2294 734 759 2295 731 756 2296 735 760 2297 722 743 2298 736 761 2299 723 744 2300 736 761 2301 734 759 2302 735 760 2303 734 759 2304 732 757 2305 731 756 2306 732 757 2307 560 762 2308 728 751 2309 552 763 2310 560 762 2311 732 757 2312 730 755 2313 733 758 2314 726 749 2315 725 746 2316 733 758 2317 730 755 2318 737 764 2319 738 765 2320 739 766 2321 740 767 2322 711 732 2323 741 768 2324 737 764 2325 742 769 2326 738 765 2327 739 766 2328 738 765 2329 743 770 2330 744 771 2331 740 767 2332 741 768 2333 737 764 2334 745 772 2335 742 769 2336 736 761 2337 735 760 2338 723 744 2339 746 773 2340 747 774 2341 748 775 2342 749 776 2343 750 777 2344 751 778 2345 752 779 2346 741 768 2347 753 780 2348 754 781 2349 755 782 2350 745 783 2351 753 780 2352 741 768 2353 711 732 2354 749 776 2355 756 784 2356 750 777 2357 757 785 2358 756 784 2359 749 776 2360 750 777 2361 756 784 2362 754 781 2363 750 777 2364 754 781 2365 758 786 2366 759 787 2367 753 780 2368 711 732 2369 752 779 2370 760 788 2371 761 789 2372 762 790 2373 757 785 2374 749 776 2375 763 791 2376 758 786 2377 754 781 2378 753 780 2379 764 792 2380 752 779 2381 765 793 2382 766 794 2383 767 795 2384 766 794 2385 768 796 2386 767 795 2387 769 797 2388 770 798 2389 771 799 2390 771 799 2391 770 798 2392 772 800 2393 773 801 2394 774 802 2395 775 803 2396 776 804 2397 777 805 2398 778 806 2399 779 807 2400 780 808 2401 781 809 2402 556 810 2403 555 811 2404 782 812 2405 783 813 2406 784 814 2407 785 815 2408 780 808 2409 786 816 2410 781 809 2411 787 817 2412 555 811 2413 788 818 2414 787 817 2415 782 812 2416 555 811 2417 789 819 2418 782 812 2419 787 817 2420 783 813 2421 790 820 2422 784 814 2423 791 821 2424 554 822 2425 553 823 2426 792 824 2427 793 825 2428 794 826 2429 719 740 2430 711 732 2431 740 767 2432 793 825 2433 742 769 2434 794 826 2435 795 827 2436 793 825 2437 792 824 2438 719 740 2439 740 767 2440 796 828 2441 742 769 2442 745 772 2443 794 826 2444 720 741 2445 797 829 2446 798 830 2447 715 736 2448 717 738 2449 716 737 2450 799 831 2451 800 832 2452 801 833 2453 802 834 2454 803 835 2455 804 836 2456 805 837 2457 806 838 2458 807 839 2459 802 834 2460 804 836 2461 808 840 2462 809 841 2463 810 842 2464 811 843 2465 812 844 2466 813 845 2467 814 846 2468 809 841 2469 811 843 2470 815 847 2471 806 838 2472 816 848 2473 817 849 2474 817 849 2475 818 850 2476 804 836 2477 819 851 2478 820 852 2479 821 853 2480 819 851 2481 822 854 2482 820 852 2483 821 853 2484 820 852 2485 823 855 2486 824 856 2487 825 857 2488 826 858 2489 799 831 2490 824 856 2491 807 839 2492 827 859 2493 810 842 2494 809 841 2495 825 857 2496 824 856 2497 799 831 2498 818 850 2499 828 860 2500 804 836 2501 815 847 2502 829 861 2503 809 841 2504 827 859 2505 821 853 2506 810 842 2507 830 862 2508 817 849 2509 804 836 2510 804 836 2511 803 835 2512 830 862 2513 806 838 2514 817 849 2515 830 862 2516 831 863 2517 812 844 2518 814 846 2519 808 840 2520 804 836 2521 828 860 2522 819 851 2523 821 853 2524 827 859 2525 826 858 2526 832 864 2527 807 839 2528 799 831 2529 833 865 2530 825 857 2531 807 839 2532 824 856 2533 826 858 2534 807 839 2535 832 864 2536 805 837 2537 801 833 2538 833 865 2539 799 831 2540 834 866 2541 835 867 2542 836 868 2543 837 869 2544 838 870 2545 839 871 2546 837 869 2547 840 872 2548 841 873 2549 842 874 2550 843 875 2551 844 876 2552 845 877 2553 846 878 2554 847 879 2555 848 880 2556 849 881 2557 850 882 2558 851 883 2559 852 884 2560 853 885 2561 854 886 2562 845 877 2563 847 879 2564 848 880 2565 850 882 2566 855 887 2567 856 888 2568 857 889 2569 858 890 2570 859 891 2571 857 889 2572 856 888 2573 860 892 2574 861 893 2575 862 894 2576 863 895 2577 864 896 2578 857 889 2579 860 892 2580 848 880 2581 855 887 2582 843 875 2583 865 897 2584 866 898 2585 867 899 2586 868 900 2587 852 884 2588 869 901 2589 870 902 2590 859 891 2591 871 903 2592 869 901 2593 858 890 2594 856 888 2595 869 901 2596 859 891 2597 869 901 2598 856 888 2599 858 890 2600 870 902 2601 847 879 2602 859 891 2603 872 904 2604 869 901 2605 871 903 2606 873 905 2607 874 906 2608 875 907 2609 851 883 2610 875 907 2611 844 876 2612 870 902 2613 854 886 2614 847 879 2615 844 876 2616 875 907 2617 874 906 2618 855 887 2619 876 908 2620 866 898 2621 855 887 2622 866 898 2623 860 892 2624 845 877 2625 867 899 2626 877 909 2627 877 909 2628 846 878 2629 845 877 2630 877 909 2631 867 899 2632 852 884 2633 866 898 2634 876 908 2635 843 875 2636 878 910 2637 849 881 2638 848 880 2639 863 895 2640 857 889 2641 859 891 2642 857 889 2643 864 896 2644 858 890 2645 872 904 2646 870 902 2647 869 901 2648 879 911 2649 871 903 2650 858 890 2651 851 883 2652 880 912 2653 873 905 2654 861 893 2655 881 913 2656 862 894 2657 874 906 2658 882 914 2659 844 876 2660 873 905 2661 875 907 2662 851 883 2663 853 885 2664 880 912 2665 851 883 2666 844 876 2667 882 914 2668 842 874 2669 883 915 2670 884 916 2671 885 917 2672 886 918 2673 887 919 2674 888 920 2675 886 918 2676 889 921 2677 890 922 2678 891 923 2679 892 924 2680 893 925 2681 894 926 2682 895 927 2683 892 924 2684 896 928 2685 897 929 2686 898 930 2687 899 931 2688 895 927 2689 900 932 2690 897 929 2691 899 931 2692 901 933 2693 892 924 2694 897 929 2695 896 928 2696 899 931 2697 897 929 2698 895 927 2699 892 924 2700 896 928 2701 893 925 2702 891 923 2703 894 926 2704 892 924 2705 893 925 2706 896 928 2707 898 930 2708 894 926 2709 900 932 2710 895 927 2711 902 934 2712 903 935 2713 904 936 2714 905 937 2715 906 938 2716 907 939 2717 908 940 2718 909 941 2719 910 942 2720 911 943 2721 907 939 2722 906 938 2723 909 941 2724 911 943 2725 912 944 2726 903 935 2727 909 941 2728 908 940 2729 911 943 2730 909 941 2731 907 939 2732 903 935 2733 908 940 2734 904 936 2735 902 934 2736 905 937 2737 903 935 2738 904 936 2739 908 940 2740 910 942 2741 913 945 2742 914 946 2743 915 947 2744 916 948 2745 917 949 2746 914 946 2747 918 950 2748 919 951 2749 920 952 2750 921 953 2751 917 949 2752 922 954 2753 919 951 2754 921 953 2755 923 955 2756 914 946 2757 917 949 2758 919 951 2759 921 953 2760 919 951 2761 917 949 2762 914 946 2763 918 950 2764 915 947 2765 913 945 2766 916 948 2767 914 946 2768 915 947 2769 918 950 2770 920 952 2771 922 954 2772 924 956 2773 921 953 2774 916 948 2775 922 954 2776 917 949 2777 925 957 2778 926 958 2779 927 959 2780 928 960 2781 929 961 2782 926 958 2783 930 962 2784 931 963 2785 932 964 2786 933 965 2787 929 961 2788 934 966 2789 930 962 2790 933 965 2791 931 963 2792 926 958 2793 929 961 2794 930 962 2795 933 965 2796 930 962 2797 929 961 2798 926 958 2799 935 967 2800 927 959 2801 925 957 2802 928 960 2803 926 958 2804 927 959 2805 935 967 2806 932 964 2807 934 966 2808 936 968 2809 933 965 2810 928 960 2811 934 966 2812 929 961 2813 937 969 2814 938 970 2815 939 971 2816 940 972 2817 941 973 2818 938 970 2819 942 974 2820 943 975 2821 944 976 2822 945 977 2823 941 973 2824 946 978 2825 942 974 2826 945 977 2827 943 975 2828 938 970 2829 942 974 2830 947 979 2831 945 977 2832 942 974 2833 941 973 2834 938 970 2835 947 979 2836 939 971 2837 937 969 2838 940 972 2839 938 970 2840 939 971 2841 947 979 2842 944 976 2843 946 978 2844 948 980 2845 945 977 2846 940 972 2847 946 978 2848 941 973 2849 909 941 2850 912 944 2851 910 942 2852 903 935 2853 907 939 2854 909 941 2855 897 929 2856 901 933 2857 898 930 2858 892 924 2859 895 927 2860 897 929 2861 947 979 2862 942 974 2863 944 976 2864 938 970 2865 941 973 2866 942 974 2867 926 958 2868 930 962 2869 935 967 2870 935 967 2871 930 962 2872 932 964 2873 919 951 2874 923 955 2875 920 952 2876 914 946 2877 919 951 2878 918 950 2879 900 932 2880 949 981 2881 899 931 2882 924 956 2883 922 954 2884 950 982 2885 950 982 2886 951 983 2887 924 956 2888 952 984 2889 951 983 2890 950 982 2891 907 939 2892 903 935 2893 905 937 2894 953 985 2895 954 986 2896 955 987 2897 956 988 2898 957 989 2899 958 990 2900 959 991 2901 954 986 2902 953 985 2903 960 992 2904 958 990 2905 957 989 2906 961 993 2907 962 994 2908 963 995 2909 964 996 2910 965 997 2911 966 998 2912 673 694 2913 967 999 2914 651 672 2915 968 1000 2916 969 1001 2917 970 1002 2918 611 632 2919 971 1003 2920 612 633 2921 607 628 2922 655 676 2923 610 631 2924 603 624 2925 653 674 2926 604 625 2927 647 668 2928 972 1004 2929 670 691 2930 671 692 2931 972 1004 2932 647 668 2933 651 672 2934 967 999 2935 672 693 2936 973 1005 2937 974 1006 2938 975 1007 2939 639 660 2940 678 699 2941 680 701 2942 976 1008 2943 977 1009 2944 978 1010 2945 979 1011 2946 980 1012 2947 981 1013 2948 981 1013 2949 980 1012 2950 982 1014 2951 983 1015 2952 984 1016 2953 985 1017 2954 986 1018 2955 984 1016 2956 983 1015 2957 987 1019 2958 988 1020 2959 989 1021 2960 990 1022 2961 991 1023 2962 987 1019 2963 991 1023 2964 992 1024 2965 993 1025 2966 987 1019 2967 991 1023 2968 993 1025 2969 994 1026 2970 977 1009 2971 995 1027 2972 996 1028 2973 997 1029 2974 998 1030 2975 998 1030 2976 994 1026 2977 996 1028 2978 999 1031 2979 1000 1032 2980 1001 1033 2981 1002 1034 2982 1003 1035 2983 1004 1036 2984 1005 1037 2985 1006 1038 2986 1007 1039 2987 1008 1040 2988 1009 1041 2989 1010 1042 2990 1011 1043 2991 1012 1044 2992 1013 1045 2993 1014 1046 2994 1015 1047 2995 1016 1048 2996 1017 1049 2997 955 1050 2998 954 1051 2999 1018 1052 3000 956 1053 3001 1019 1054 3002 1019 1054 3003 955 1050 3004 1018 1052 3005 1020 1055 3006 1021 1056 3007 1022 1057 3008 1023 1058 3009 1024 1059 3010 1025 1060 3011 1026 1061 3012 1027 1062 3013 1028 1063 3014 1029 1064 3015 1030 1065 3016 1031 1066 3017 992 1024 3018 1032 1067 3019 993 1025 3020 1026 1061 3021 992 1024 3022 991 1023 3023 1032 1067 3024 1033 1068 3025 993 1025 3026 970 1002 3027 969 1001 3028 1034 1069 3029 988 1020 3030 993 1025 3031 1033 1068 3032 990 1022 3033 1026 1061 3034 991 1023 3035 987 1019 3036 993 1025 3037 988 1020 3038 1026 1061 3039 1028 1063 3040 1035 1070 3041 1034 1069 3042 1035 1070 3043 1036 1071 3044 1037 1072 3045 1038 1073 3046 1029 1064 3047 1028 1063 3048 1036 1071 3049 1035 1070 3050 1026 1061 3051 990 1022 3052 1027 1062 3053 1038 1073 3054 1037 1072 3055 1039 1074 3056 1030 1065 3057 1029 1064 3058 1038 1073 3059 998 1030 3060 997 1029 3061 1040 1075 3062 977 1009 3063 976 1008 3064 995 1027 3065 998 1030 3066 977 1009 3067 994 1026 3068 995 1027 3069 996 1028 3070 994 1026 3071 1041 1076 3072 956 1053 3073 1018 1052 3074 1042 1077 3075 960 1078 3076 1043 1079 3077 960 1078 3078 1044 1080 3079 1043 1079 3080 1045 1081 3081 1046 1082 3082 959 1083 3083 1047 1084 3084 1048 1085 3085 1049 1086 3086 1018 1052 3087 955 1050 3088 1017 1049 3089 1034 1069 3090 1050 1087 3091 970 1002 3092 959 1083 3093 1046 1082 3094 954 1051 3095 1051 1088 3096 1049 1086 3097 1052 1089 3098 1023 1058 3099 1053 1090 3100 1024 1059 3101 1054 1091 3102 1047 1084 3103 1051 1088 3104 1017 1049 3105 954 1051 3106 1055 1092 3107 960 1078 3108 957 1093 3109 1044 1080 3110 954 1051 3111 1046 1082 3112 1055 1092 3113 1044 1080 3114 957 1093 3115 1056 1094 3116 1045 1081 3117 959 1083 3118 1057 1095 3119 1058 1096 3120 1000 1032 3121 999 1031 3122 1003 1035 3123 1002 1034 3124 1059 1097 3125 1025 1060 3126 1060 1098 3127 1023 1058 3128 1061 1099 3129 1021 1056 3130 1020 1055 3131 1048 1085 3132 1062 1100 3133 1052 1089 3134 1052 1089 3135 1049 1086 3136 1048 1085 3137 1049 1086 3138 1051 1088 3139 1047 1084 3140 1034 1069 3141 969 1001 3142 1035 1070 3143 1014 1046 3144 1016 1048 3145 1063 1101 3146 1011 1043 3147 1064 1102 3148 1012 1044 3149 1065 1103 3150 1009 1041 3151 1008 1040 3152 1005 1037 3153 1066 1104 3154 1006 1038 3155 1037 1072 3156 1050 1087 3157 1067 1105 3158 1039 1074 3159 1067 1105 3160 1068 1106 3161 1067 1105 3162 1039 1074 3163 1037 1072 3164 1034 1069 3165 1036 1071 3166 1068 1106 3167 1068 1106 3168 1036 1071 3169 1069 1107 3170 1069 1107 3171 1039 1074 3172 1068 1106 3173 1070 1108 3174 1071 1109 3175 1044 1110 3176 1044 1110 3177 1071 1109 3178 1043 1111 3179 1045 1112 3180 1072 1113 3181 1046 1114 3182 1046 1114 3183 1072 1113 3184 1073 1115 3185 1044 1110 3186 1056 1116 3187 1070 1108 3188 1046 1114 3189 1073 1115 3190 1055 1117 3191 1071 1109 3192 1070 1108 3193 1074 1118 3194 1056 1116 3195 1041 1119 3196 1075 1120 3197 1076 1121 3198 1072 1113 3199 1045 1112 3200 1077 1122 3201 1078 1123 3202 1079 1124 3203 1080 1125 3204 1081 1126 3205 1074 1118 3206 1080 1125 3207 1074 1118 3208 1070 1108 3209 1082 1127 3210 1072 1113 3211 1076 1121 3212 1073 1115 3213 1083 1128 3214 1055 1117 3215 1076 1121 3216 1045 1112 3217 1057 1129 3218 1055 1117 3219 1083 1128 3220 1017 1130 3221 1056 1116 3222 1075 1120 3223 1070 1108 3224 1070 1108 3225 1075 1120 3226 1080 1125 3227 1071 1109 3228 1074 1118 3229 1084 1131 3230 1085 1132 3231 1086 1133 3232 1087 1134 3233 1086 1133 3234 1088 1135 3235 1089 1136 3236 1090 1137 3237 1091 1138 3238 1088 1135 3239 1092 1139 3240 1093 1140 3241 1090 1137 3242 1089 1136 3243 1088 1135 3244 1094 1141 3245 1095 1142 3246 1088 1135 3247 1091 1138 3248 1087 1134 3249 1089 1136 3250 1094 1141 3251 1086 1133 3252 1089 1136 3253 1087 1134 3254 1085 1132 3255 1092 1139 3256 1086 1133 3257 1091 1138 3258 1090 1137 3259 1093 1140 3260 1093 1140 3261 1096 1143 3262 1091 1138 3263 1097 1144 3264 1098 1145 3265 1099 1146 3266 1098 1145 3267 1100 1147 3268 1101 1148 3269 1102 1149 3270 1103 1150 3271 1100 1147 3272 1104 1151 3273 1102 1149 3274 1098 1145 3275 1101 1148 3276 1100 1147 3277 1105 1152 3278 1106 1153 3279 1100 1147 3280 1103 1150 3281 1099 1146 3282 1101 1148 3283 1105 1152 3284 1098 1145 3285 1101 1148 3286 1099 1146 3287 1097 1144 3288 1104 1151 3289 1098 1145 3290 1103 1150 3291 1102 1149 3292 1107 1154 3293 1104 1151 3294 1107 1154 3295 1102 1149 3296 1108 1155 3297 1109 1156 3298 1110 1157 3299 1109 1156 3300 1111 1158 3301 1112 1159 3302 1113 1160 3303 1114 1161 3304 1111 1158 3305 1115 1162 3306 1114 1161 3307 1116 1163 3308 1117 1164 3309 1113 1160 3310 1109 1156 3311 1111 1158 3312 1118 1165 3313 1119 1166 3314 1118 1165 3315 1111 1158 3316 1114 1161 3317 1110 1157 3318 1112 1159 3319 1119 1166 3320 1109 1156 3321 1112 1159 3322 1110 1157 3323 1108 1155 3324 1117 1164 3325 1109 1156 3326 1114 1161 3327 1113 1160 3328 1116 1163 3329 1117 1164 3330 1116 1163 3331 1113 1160 3332 1120 1167 3333 1121 1168 3334 1122 1169 3335 1121 1168 3336 1123 1170 3337 1124 1171 3338 1123 1170 3339 1125 1172 3340 1124 1171 3341 1126 1173 3342 1123 1170 3343 1121 1168 3344 1124 1171 3345 1127 1174 3346 1128 1175 3347 1127 1174 3348 1124 1171 3349 1125 1172 3350 1122 1169 3351 1129 1176 3352 1128 1175 3353 1121 1168 3354 1129 1176 3355 1122 1169 3356 1120 1167 3357 1126 1173 3358 1121 1168 3359 1125 1172 3360 1123 1170 3361 1130 1177 3362 1130 1177 3363 1131 1178 3364 1125 1172 3365 1126 1173 3366 1130 1177 3367 1123 1170 3368 1132 1179 3369 1133 1180 3370 1134 1181 3371 1133 1180 3372 1135 1182 3373 1136 1183 3374 1135 1182 3375 1137 1184 3376 1136 1183 3377 1138 1185 3378 1135 1182 3379 1133 1180 3380 1139 1186 3381 1136 1183 3382 1140 1187 3383 1141 1188 3384 1136 1183 3385 1137 1184 3386 1134 1181 3387 1139 1186 3388 1140 1187 3389 1133 1180 3390 1139 1186 3391 1134 1181 3392 1132 1179 3393 1138 1185 3394 1133 1180 3395 1137 1184 3396 1135 1182 3397 1142 1189 3398 1142 1189 3399 1143 1190 3400 1137 1184 3401 1138 1185 3402 1142 1189 3403 1135 1182 3404 1098 1145 3405 1102 1149 3406 1100 1147 3407 1100 1147 3408 1106 1153 3409 1105 1152 3410 1086 1133 3411 1090 1137 3412 1088 1135 3413 1088 1135 3414 1095 1142 3415 1094 1141 3416 1133 1180 3417 1136 1183 3418 1139 1186 3419 1136 1183 3420 1141 1188 3421 1140 1187 3422 1129 1176 3423 1124 1171 3424 1128 1175 3425 1121 1168 3426 1124 1171 3427 1129 1176 3428 1109 1156 3429 1113 1160 3430 1111 1158 3431 1112 1159 3432 1111 1158 3433 1119 1166 3434 1096 1143 3435 1093 1140 3436 1144 1191 3437 1145 1192 3438 1146 1193 3439 1144 1191 3440 1144 1191 3441 1146 1193 3442 1096 1143 3443 1090 1137 3444 1086 1133 3445 1092 1139 3446 1147 1194 3447 1148 1195 3448 1149 1196 3449 1150 1197 3450 1151 1198 3451 1152 1199 3452 1149 1196 3453 1148 1195 3454 1153 1200 3455 1151 1198 3456 1150 1197 3457 1154 1201 3458 1155 1202 3459 1156 1203 3460 1157 1204 3461 1158 1205 3462 1159 1206 3463 635 656 3464 1160 1207 3465 1161 1208 3466 1162 1209 3467 1163 1210 3468 1164 1211 3469 1165 1212 3470 690 711 3471 625 646 3472 624 645 3473 629 650 3474 628 649 3475 704 725 3476 638 659 3477 637 658 3478 1166 1213 3479 1167 1214 3480 1165 1212 3481 1164 1211 3482 617 638 3483 684 705 3484 683 704 3485 1168 1215 3486 1169 1216 3487 1170 1217 3488 635 656 3489 1159 1206 3490 1171 1218 3491 629 650 3492 703 724 3493 699 720 3494 698 719 3495 691 712 3496 624 645 3497 1172 1219 3498 1173 1220 3499 1174 1221 3500 1175 1222 3501 1173 1220 3502 1172 1219 3503 1176 1223 3504 1177 1224 3505 1178 1225 3506 1178 1225 3507 1177 1224 3508 1179 1226 3509 1180 1227 3510 1181 1228 3511 1182 1229 3512 1183 1230 3513 1184 1231 3514 1181 1228 3515 1183 1230 3516 1181 1228 3517 1180 1227 3518 1185 1232 3519 1186 1233 3520 1187 1234 3521 1188 1235 3522 1189 1236 3523 1190 1237 3524 1191 1238 3525 1192 1239 3526 1193 1240 3527 1193 1240 3528 1190 1237 3529 1191 1238 3530 1194 1241 3531 1195 1242 3532 1196 1243 3533 1197 1244 3534 1198 1245 3535 1199 1246 3536 1200 1247 3537 1201 1248 3538 1202 1249 3539 1203 1250 3540 1204 1251 3541 1205 1252 3542 1206 1253 3543 1207 1254 3544 1208 1255 3545 1209 1256 3546 1210 1257 3547 1211 1258 3548 1212 1259 3549 1213 1260 3550 1214 1261 3551 1148 1262 3552 1147 1263 3553 1215 1264 3554 1216 1265 3555 1152 1266 3556 1217 1267 3557 1217 1267 3558 1147 1263 3559 1216 1265 3560 1218 1268 3561 1219 1269 3562 1220 1270 3563 1221 1271 3564 1222 1272 3565 1223 1273 3566 1180 1227 3567 1182 1229 3568 1224 1274 3569 1225 1275 3570 1226 1276 3571 1227 1277 3572 1228 1278 3573 1229 1279 3574 1185 1232 3575 1230 1280 3576 1231 1281 3577 1232 1282 3578 1183 1230 3579 1233 1283 3580 1184 1231 3581 1181 1228 3582 1184 1231 3583 1234 1284 3584 1183 1230 3585 1195 1242 3586 1233 1283 3587 1235 1285 3588 1236 1286 3589 1237 1287 3590 1195 1242 3591 1183 1230 3592 1196 1243 3593 1181 1228 3594 1234 1284 3595 1182 1229 3596 1238 1288 3597 1239 1289 3598 1225 1275 3599 1221 1271 3600 1240 1290 3601 1222 1272 3602 1222 1272 3603 1241 1291 3604 1235 1285 3605 1185 1232 3606 1242 1292 3607 1186 1233 3608 1225 1275 3609 1239 1289 3610 1226 1276 3611 1194 1241 3612 1239 1289 3613 1195 1242 3614 1243 1293 3615 1186 1233 3616 1242 1292 3617 1242 1292 3618 1185 1232 3619 1229 1279 3620 1244 1294 3621 1192 1239 3622 1191 1238 3623 1190 1237 3624 1189 1236 3625 1191 1238 3626 1190 1237 3627 1193 1240 3628 1188 1235 3629 1217 1267 3630 1152 1266 3631 1245 1295 3632 1246 1296 3633 1154 1297 3634 1247 1298 3635 1246 1296 3636 1248 1299 3637 1154 1297 3638 1153 1300 3639 1249 1301 3640 1250 1302 3641 1251 1303 3642 1252 1304 3643 1253 1305 3644 1215 1264 3645 1147 1263 3646 1217 1267 3647 1237 1287 3648 1187 1234 3649 1235 1285 3650 1148 1262 3651 1249 1301 3652 1153 1300 3653 1254 1306 3654 1251 1303 3655 1255 1307 3656 1219 1269 3657 1256 1308 3658 1220 1270 3659 1255 1307 3660 1253 1305 3661 1257 1309 3662 1258 1310 3663 1148 1262 3664 1215 1264 3665 1248 1299 3666 1151 1311 3667 1154 1297 3668 1258 1310 3669 1249 1301 3670 1148 1262 3671 1259 1312 3672 1151 1311 3673 1248 1299 3674 1260 1313 3675 1153 1300 3676 1250 1302 3677 1199 1246 3678 1198 1245 3679 1261 1314 3680 1262 1315 3681 1202 1249 3682 1201 1248 3683 1220 1270 3684 1263 1316 3685 1218 1268 3686 1226 1276 3687 1239 1289 3688 1194 1241 3689 1264 1317 3690 1265 1318 3691 1266 1319 3692 1254 1306 3693 1267 1320 3694 1252 1304 3695 1252 1304 3696 1251 1303 3697 1254 1306 3698 1253 1305 3699 1255 1307 3700 1251 1303 3701 1241 1291 3702 1236 1286 3703 1235 1285 3704 1268 1321 3705 1212 1259 3706 1214 1261 3707 1210 1257 3708 1269 1322 3709 1211 1258 3710 1208 1255 3711 1207 1254 3712 1270 1323 3713 1204 1251 3714 1271 1324 3715 1205 1252 3716 1272 1325 3717 1187 1234 3718 1186 1233 3719 1273 1326 3720 1272 1325 3721 1243 1293 3722 1186 1233 3723 1243 1293 3724 1272 1325 3725 1273 1326 3726 1222 1272 3727 1235 1285 3728 1223 1273 3729 1222 1272 3730 1273 1326 3731 1273 1326 3732 1243 1293 3733 1223 1273 3734 1274 1327 3735 1275 1328 3736 1276 1329 3737 1248 1330 3738 1277 1331 3739 1278 1332 3740 1246 1333 3741 1277 1331 3742 1248 1330 3743 1246 1333 3744 1279 1334 3745 1277 1331 3746 1280 1335 3747 1278 1332 3748 1277 1331 3749 1281 1336 3750 1282 1337 3751 1283 1338 3752 1280 1335 3753 1284 1339 3754 1285 1340 3755 1286 1341 3756 1287 1342 3757 1277 1331 3758 1278 1332 3759 1280 1335 3760 1285 1340 3761 1288 1343 3762 1289 1344 3763 1290 1345 3764 1286 1341 3765 1277 1331 3766 1279 1334 3767 1247 1346 3768 1279 1334 3769 1246 1333 3770 1287 1342 3771 1280 1335 3772 1277 1331 3773 1291 1347 3774 1292 1348 3775 1293 1349 3776 1294 1350 3777 1291 1347 3778 1295 1351 3779 1296 1352 3780 1297 1353 3781 1298 1354 3782 1291 1347 3783 1296 1352 3784 1292 1348 3785 1299 1355 3786 1300 1356 3787 1291 1347 3788 1301 1357 3789 1299 1355 3790 1294 1350 3791 1302 1358 3792 1303 1359 3793 1301 1357 3794 1304 1360 3795 1302 1358 3796 1305 1361 3797 1306 1362 3798 1307 1363 3799 1304 1360 3800 1298 1354 3801 1306 1362 3802 1308 1364 3803 1292 1348 3804 1298 1354 3805 1293 1349 3806 1298 1354 3807 1308 1364 3808 1309 1365 3809 1308 1364 3810 1304 1360 3811 1309 1365 3812 1304 1360 3813 1305 1361 3814 1310 1366 3815 1305 1361 3816 1301 1357 3817 1310 1366 3818 1301 1357 3819 1294 1350 3820 1295 1351 3821 1302 1367 3822 1311 1368 3823 1303 1369 3824 1312 1370 3825 1313 1371 3826 1302 1367 3827 1314 1372 3828 1312 1370 3829 1306 1373 3830 1315 1374 3831 1314 1372 3832 1306 1373 3833 1316 1375 3834 1315 1374 3835 1296 1376 3836 1317 1377 3837 1296 1376 3838 1300 1378 3839 1318 1379 3840 1317 1377 3841 1299 1380 3842 1311 1368 3843 1318 1379 3844 1299 1380 3845 1306 1373 3846 1312 1370 3847 1307 1381 3848 1315 1374 3849 1306 1373 3850 1297 1382 3851 1296 1376 3852 1315 1374 3853 1297 1382 3854 1317 1377 3855 1316 1375 3856 1296 1376 3857 1299 1380 3858 1317 1377 3859 1300 1378 3860 1311 1368 3861 1299 1380 3862 1303 1369 3863 1312 1370 3864 1302 1367 3865 1307 1381 3866 1313 1371 3867 1311 1368 3868 1302 1367 3869 1302 1358 3870 1301 1357 3871 1305 1361 3872 1307 1363 3873 1302 1358 3874 1304 1360 3875 1306 1362 3876 1304 1360 3877 1308 1364 3878 1297 1353 3879 1306 1362 3880 1298 1354 3881 1296 1352 3882 1298 1354 3883 1292 1348 3884 1300 1356 3885 1296 1352 3886 1291 1347 3887 1299 1355 3888 1291 1347 3889 1294 1350 3890 1303 1359 3891 1299 1355 3892 1301 1357 3893 1319 1383 3894 1320 1384 3895 1321 1385 3896 1322 1386 3897 1323 1387 3898 1324 1388 3899 1325 1389 3900 1326 1390 3901 1324 1388 3902 1327 1391 3903 1328 1392 3904 1329 1393 3905 1321 1385 3906 1320 1384 3907 1329 1393 3908 1330 1394 3909 1326 1390 3910 1325 1389 3911 1331 1395 3912 1332 1396 3913 1333 1397 3914 1334 1398 3915 1335 1399 3916 1336 1400 3917 1337 1401 3918 1338 1402 3919 1339 1403 3920 1340 1404 3921 1341 1405 3922 1333 1397 3923 1341 1405 3924 1331 1395 3925 1333 1397 3926 1326 1390 3927 1322 1386 3928 1324 1388 3929 1342 1406 3930 1326 1390 3931 1330 1394 3932 1329 1393 3933 1328 1392 3934 1343 1407 3935 1320 1384 3936 1327 1391 3937 1329 1393 3938 1335 1399 3939 1337 1401 3940 1339 1403 3941 1344 1408 3942 1341 1405 3943 1345 1409 3944 1336 1400 3945 1335 1399 3946 1339 1403 3947 1345 1409 3948 1341 1405 3949 1340 1404 3950 1339 1403 3951 1338 1402 3952 1346 1410 3953 1347 1411 3954 1348 1412 3955 1349 1413 3956 1350 1414 3957 1351 1415 3958 1352 1416 3959 1353 1417 3960 1354 1418 3961 1352 1416 3962 1355 1419 3963 1356 1420 3964 1357 1421 3965 1349 1413 3966 1348 1412 3967 1357 1421 3968 1358 1422 3969 1354 1418 3970 1353 1417 3971 1359 1423 3972 1360 1424 3973 1361 1425 3974 1362 1426 3975 1363 1427 3976 1364 1428 3977 1365 1429 3978 1366 1430 3979 1367 1431 3980 1368 1432 3981 1369 1433 3982 1361 1425 3983 1369 1433 3984 1359 1423 3985 1361 1425 3986 1354 1418 3987 1350 1414 3988 1352 1416 3989 1370 1434 3990 1354 1418 3991 1358 1422 3992 1357 1421 3993 1356 1420 3994 1371 1435 3995 1348 1412 3996 1355 1419 3997 1357 1421 3998 1363 1427 3999 1365 1429 4000 1367 1431 4001 1372 1436 4002 1369 1433 4003 1373 1437 4004 1364 1428 4005 1363 1427 4006 1367 1431 4007 1373 1437 4008 1369 1433 4009 1368 1432 4010 1367 1431 4011 1366 1430 4012 1374 1438 4013 1375 1439 4014 1376 1440 4015 1377 1441 4016 1378 1442 4017 1379 1443 4018 1380 1444 4019 1381 1445 4020 1382 1446 4021 1383 1447 4022 1383 1447 4023 1384 1448 4024 1381 1445 4025 1385 1449 4026 1386 1450 4027 1380 1444 4028 1387 1451 4029 1388 1452 4030 1389 1453 4031 1390 1454 4032 1391 1455 4033 1392 1456 4034 1393 1457 4035 1394 1458 4036 1391 1455 4037 1375 1439 4038 1382 1446 4039 1376 1440 4040 1394 1458 4041 1395 1459 4042 1391 1455 4043 1396 1460 4044 1397 1461 4045 1398 1462 4046 1399 1463 4047 1400 1464 4048 1396 1460 4049 1379 1443 4050 1401 1465 4051 1402 1466 4052 1375 1439 4053 1377 1441 4054 1403 1467 4055 1404 1468 4056 1405 1469 4057 1406 1470 4058 1386 1450 4059 1407 1471 4060 1408 1472 4061 1409 1473 4062 1398 1462 4063 1410 1474 4064 1391 1455 4065 1395 1459 4066 1392 1456 4067 1411 1475 4068 1384 1448 4069 1412 1476 4070 1411 1475 4071 1408 1472 4072 1384 1448 4073 1413 1477 4074 1408 1472 4075 1411 1475 4076 1385 1449 4077 1414 1478 4078 1386 1450 4079 1408 1472 4080 1413 1479 4081 1386 1450 4082 1415 1480 4083 1416 1481 4084 1417 1482 4085 1418 1483 4086 1419 1484 4087 1420 1485 4088 1421 1486 4089 1422 1487 4090 1423 1488 4091 1424 1489 4092 1425 1490 4093 1426 1491 4094 1427 1492 4095 1428 1493 4096 1429 1494 4097 1427 1492 4098 1430 1495 4099 1428 1493 4100 1431 1496 4101 1378 1442 4102 1432 1497 4103 1430 1495 4104 1427 1492 4105 1433 1498 4106 1434 1499 4107 1425 1490 4108 1424 1489 4109 1425 1490 4110 1435 1500 4111 1436 1501 4112 1435 1500 4113 1437 1502 4114 1436 1501 4115 1437 1502 4116 1438 1503 4117 1436 1501 4118 1438 1503 4119 1439 1504 4120 1436 1501 4121 1439 1504 4122 1425 1490 4123 1436 1501 4124 1440 1505 4125 1441 1506 4126 1442 1507 4127 1443 1508 4128 1442 1509 4129 1431 1496 4130 1432 1497 4131 1443 1508 4132 1431 1496 4133 1444 1510 4134 1417 1482 4135 1437 1502 4136 1445 1511 4137 1446 1512 4138 1447 1513 4139 1448 1514 4140 1449 1515 4141 1450 1516 4142 1451 1517 4143 1452 1518 4144 1453 1519 4145 1454 1520 4146 1455 1521 4147 1456 1522 4148 1427 1492 4149 1457 1523 4150 1458 1524 4151 1459 1525 4152 1460 1526 4153 1461 1527 4154 1427 1492 4155 1429 1494 4156 1457 1523 4157 1462 1528 4158 1427 1492 4159 1458 1524 4160 1463 1529 4161 1459 1525 4162 1461 1527 4163 1461 1527 4164 1464 1530 4165 1465 1531 4166 1465 1531 4167 1464 1530 4168 1466 1532 4169 1466 1532 4170 1464 1530 4171 1467 1533 4172 1467 1533 4173 1464 1530 4174 1468 1534 4175 1468 1534 4176 1464 1530 4177 1461 1527 4178 1456 1522 4179 1469 1535 4180 1470 1536 4181 1471 1537 4182 1466 1532 4183 1472 1538 4184 1446 1512 4185 1445 1511 4186 1473 1539 4187 1473 1539 4188 1445 1511 4189 1474 1540 4190 1440 1505 4191 1474 1541 4192 1441 1506 4193 1475 1542 4194 1476 1543 4195 1477 1544 4196 1475 1542 4197 1470 1536 4198 1469 1535 4199 1475 1542 4200 1477 1544 4201 1470 1536 4202 1456 1522 4203 1470 1536 4204 1454 1520 4205 1478 1545 4206 1416 1481 4207 1415 1480 4208 1479 1546 4209 1480 1547 4210 1481 1548 4211 1481 1548 4212 1482 1549 4213 1479 1546 4214 1420 1485 4215 1483 1550 4216 1484 1551 4217 1485 1552 4218 1424 1553 4219 1426 1491 4220 1486 1554 4221 1487 1555 4222 1488 1556 4223 1485 1552 4224 1487 1555 4225 1486 1554 4226 1486 1554 4227 1489 1557 4228 1485 1552 4229 1486 1554 4230 1490 1558 4231 1489 1557 4232 1488 1556 4233 1490 1558 4234 1486 1554 4235 1489 1557 4236 1434 1499 4237 1424 1553 4238 1483 1550 4239 1491 1559 4240 1484 1551 4241 1485 1552 4242 1489 1557 4243 1424 1553 4244 1492 1560 4245 1493 1561 4246 1494 1562 4247 1495 1563 4248 1496 1564 4249 1497 1565 4250 1492 1560 4251 1498 1566 4252 1493 1561 4253 1499 1567 4254 1500 1568 4255 1501 1569 4256 1502 1570 4257 1503 1571 4258 1504 1572 4259 1505 1573 4260 1506 1574 4261 1507 1575 4262 1507 1575 4263 1506 1574 4264 1508 1576 4265 1496 1564 4266 1509 1577 4267 1497 1565 4268 1505 1573 4269 1510 1578 4270 1506 1574 4271 1511 1579 4272 1492 1560 4273 1512 1580 4274 1393 1457 4275 1513 1581 4276 1394 1458 4277 1498 1566 4278 1492 1560 4279 1511 1579 4280 1514 1582 4281 1515 1583 4282 1516 1584 4283 1517 1585 4284 1511 1579 4285 1512 1580 4286 1518 1586 4287 1519 1587 4288 1520 1588 4289 1497 1565 4290 1510 1578 4291 1495 1563 4292 1513 1581 4293 1393 1457 4294 1521 1589 4295 1522 1590 4296 1516 1584 4297 1521 1589 4298 1522 1590 4299 1521 1589 4300 1393 1457 4301 1522 1590 4302 1514 1582 4303 1516 1584 4304 1493 1561 4305 1498 1566 4306 1518 1586 4307 1504 1572 4308 1523 1591 4309 1502 1570 4310 1501 1569 4311 1524 1592 4312 1525 1593 4313 1525 1593 4314 1526 1594 4315 1499 1567 4316 1499 1567 4317 1501 1569 4318 1525 1593 4319 1527 1595 4320 1528 1596 4321 1390 1454 4322 1391 1455 4323 1529 1597 4324 1393 1457 4325 1522 1590 4326 1393 1457 4327 1530 1598 4328 1531 1599 4329 1532 1600 4330 1533 1601 4331 1534 1602 4332 1531 1599 4333 1533 1601 4334 1393 1457 4335 1529 1597 4336 1530 1598 4337 1535 1603 4338 1536 1604 4339 1537 1605 4340 1538 1606 4341 1535 1603 4342 1537 1605 4343 1537 1605 4344 1539 1607 4345 1538 1606 4346 1539 1607 4347 1540 1608 4348 1538 1606 4349 1514 1582 4350 1522 1590 4351 1530 1598 4352 1541 1609 4353 1542 1610 4354 1543 1611 4355 1544 1612 4356 1545 1613 4357 1542 1610 4358 1546 1614 4359 1547 1615 4360 1548 1616 4361 1547 1615 4362 1549 1617 4363 1548 1616 4364 1550 1618 4365 1551 1619 4366 1543 1611 4367 1543 1611 4368 1551 1619 4369 1541 1609 4370 1552 1620 4371 1553 1621 4372 1554 1622 4373 1541 1609 4374 1554 1622 4375 1542 1610 4376 1541 1609 4377 1551 1619 4378 1555 1623 4379 1556 1624 4380 1557 1625 4381 1558 1626 4382 1421 1486 4383 1556 1624 4384 1558 1626 4385 1557 1625 4386 1559 1627 4387 1560 1628 4388 1557 1625 4389 1556 1624 4390 1559 1627 4391 1421 1486 4392 1558 1626 4393 1422 1487 4394 1557 1625 4395 1422 1487 4396 1558 1626 4397 1561 1629 4398 1562 1630 4399 1563 1631 4400 1564 1632 4401 1561 1629 4402 1565 1633 4403 1563 1631 4404 1565 1633 4405 1561 1629 4406 1566 1634 4407 1567 1635 4408 1568 1636 4409 1569 1637 4410 1570 1638 4411 1571 1639 4412 1375 1439 4413 1403 1467 4414 1572 1640 4415 1573 1641 4416 1574 1642 4417 1575 1643 4418 1576 1644 4419 1577 1645 4420 1578 1646 4421 1575 1643 4422 1579 1647 4423 1573 1641 4424 1580 1648 4425 1581 1649 4426 1579 1647 4427 1574 1642 4428 1582 1650 4429 1575 1643 4430 1574 1642 4431 1571 1639 4432 1583 1651 4433 1584 1652 4434 1585 1653 4435 1569 1637 4436 1585 1653 4437 1570 1638 4438 1569 1637 4439 1568 1636 4440 1567 1635 4441 1578 1646 4442 1568 1636 4443 1584 1652 4444 1566 1634 4445 1586 1654 4446 1584 1652 4447 1569 1637 4448 1582 1650 4449 1583 1651 4450 1570 1638 4451 1583 1651 4452 1571 1639 4453 1570 1638 4454 1587 1655 4455 1584 1652 4456 1568 1636 4457 1571 1639 4458 1586 1654 4459 1569 1637 4460 1577 1645 4461 1587 1655 4462 1568 1636 4463 1568 1636 4464 1578 1646 4465 1577 1645 4466 1588 1656 4467 1573 1641 4468 1579 1647 4469 1583 1651 4470 1582 1650 4471 1574 1642 4472 1579 1647 4473 1589 1657 4474 1588 1656 4475 1590 1658 4476 1591 1659 4477 1592 1660 4478 1592 1660 4479 1593 1661 4480 1594 1662 4481 1594 1662 4482 1595 1663 4483 1592 1660 4484 1590 1658 4485 1592 1660 4486 1595 1663 4487 1596 1664 4488 1593 1661 4489 1591 1659 4490 1593 1661 4491 1592 1660 4492 1591 1659 4493 1597 1665 4494 1590 1658 4495 1595 1663 4496 1590 1658 4497 1597 1665 4498 1591 1659 4499 1598 1666 4500 1599 1667 4501 1600 1668 4502 1565 1633 4503 1600 1668 4504 1564 1632 4505 1601 1669 4506 1599 1667 4507 1598 1666 4508 1600 1668 4509 1565 1633 4510 1598 1666 4511 1596 1664 4512 1448 1514 4513 1602 1670 4514 1603 1671 4515 1604 1672 4516 1449 1515 4517 1460 1526 4518 1459 1525 4519 1605 1673 4520 1606 1674 4521 1607 1675 4522 1608 1676 4523 1608 1676 4524 1607 1675 4525 1605 1673 4526 1605 1673 4527 1609 1677 4528 1608 1676 4529 1609 1677 4530 1610 1678 4531 1608 1676 4532 1608 1676 4533 1610 1678 4534 1606 1674 4535 1459 1525 4536 1463 1529 4537 1609 1677 4538 1603 1671 4539 1611 1679 4540 1604 1672 4541 1459 1525 4542 1609 1677 4543 1605 1673 4544 1612 1680 4545 1613 1681 4546 1614 1682 4547 1615 1683 4548 1616 1684 4549 1617 1685 4550 1618 1686 4551 1619 1687 4552 1620 1688 4553 1621 1689 4554 1622 1690 4555 1623 1691 4556 1624 1692 4557 1625 1693 4558 1626 1694 4559 1623 1691 4560 1627 1695 4561 1621 1689 4562 1627 1695 4563 1628 1696 4564 1629 1697 4565 1621 1689 4566 1630 1698 4567 1622 1690 4568 1631 1699 4569 1615 1683 4570 1622 1690 4571 1617 1685 4572 1632 1700 4573 1633 1701 4574 1617 1685 4575 1616 1684 4576 1632 1700 4577 1624 1692 4578 1613 1681 4579 1612 1680 4580 1614 1682 4581 1633 1701 4582 1612 1680 4583 1617 1685 4584 1633 1701 4585 1634 1702 4586 1616 1684 4587 1615 1683 4588 1631 1699 4589 1612 1680 4590 1633 1701 4591 1635 1703 4592 1617 1685 4593 1634 1702 4594 1615 1683 4595 1612 1680 4596 1635 1703 4597 1625 1693 4598 1625 1693 4599 1624 1692 4600 1612 1680 4601 1627 1695 4602 1623 1691 4603 1636 1704 4604 1622 1690 4605 1630 1698 4606 1631 1699 4607 1636 1704 4608 1637 1705 4609 1627 1695 4610 1638 1706 4611 1639 1707 4612 1640 1708 4613 1641 1709 4614 1638 1706 4615 1640 1708 4616 1642 1710 4617 1643 1711 4618 1644 1712 4619 1645 1713 4620 1646 1714 4621 1647 1715 4622 1648 1716 4623 1649 1717 4624 1650 1718 4625 1651 1719 4626 1640 1708 4627 1652 1720 4628 1651 1719 4629 1641 1709 4630 1640 1708 4631 1653 1721 4632 1536 1604 4633 1654 1722 4634 1655 1723 4635 1649 1717 4636 1648 1716 4637 1656 1724 4638 1657 1725 4639 1658 1726 4640 1649 1717 4641 1546 1614 4642 1650 1718 4643 1659 1727 4644 1641 1709 4645 1660 1728 4646 1651 1719 4647 1661 1729 4648 1662 1730 4649 1662 1730 4650 1663 1731 4651 1664 1732 4652 1654 1722 4653 1536 1604 4654 1665 1733 4655 1663 1731 4656 1656 1724 4657 1658 1726 4658 1666 1734 4659 1667 1735 4660 1668 1736 4661 1651 1719 4662 1660 1728 4663 1641 1709 4664 1651 1719 4665 1662 1730 4666 1669 1737 4667 1670 1738 4668 1662 1730 4669 1661 1729 4670 1652 1720 4671 1661 1729 4672 1651 1719 4673 1663 1731 4674 1670 1738 4675 1656 1724 4676 1660 1728 4677 1651 1719 4678 1669 1737 4679 1662 1730 4680 1670 1738 4681 1663 1731 4682 1662 1730 4683 1664 1732 4684 1669 1737 4685 1647 1715 4686 1671 1739 4687 1645 1713 4688 1672 1740 4689 1673 1741 4690 1642 1710 4691 1644 1712 4692 1674 1742 4693 1672 1740 4694 1672 1740 4695 1642 1710 4696 1644 1712 4697 1675 1743 4698 1676 1744 4699 1677 1745 4700 1660 1728 4701 1678 1746 4702 1677 1745 4703 1664 1732 4704 1679 1747 4705 1680 1748 4706 1681 1749 4707 1660 1728 4708 1669 1737 4709 1675 1743 4710 1678 1746 4711 1682 1750 4712 1678 1746 4713 1675 1743 4714 1677 1745 4715 1681 1749 4716 1678 1746 4717 1660 1728 4718 1663 1731 4719 1679 1747 4720 1664 1732 4721 1387 1751 4722 1683 1752 4723 1684 1753 4724 1685 1754 4725 1686 1755 4726 1665 1733 4727 1681 1749 4728 1682 1750 4729 1678 1746 4730 1687 1756 4731 1688 1757 4732 1689 1758 4733 1690 1759 4734 1691 1760 4735 1692 1761 4736 1693 1762 4737 1694 1763 4738 1695 1764 4739 1389 1453 4740 1696 1765 4741 1387 1451 4742 1696 1765 4743 1697 1766 4744 1683 1767 4745 1698 1768 4746 1677 1745 4747 1676 1744 4748 1699 1769 4749 1450 1516 4750 1449 1515 4751 1700 1770 4752 1695 1764 4753 1701 1771 4754 1702 1772 4755 1703 1773 4756 1704 1774 4757 1705 1775 4758 1706 1776 4759 1707 1777 4760 1708 1778 4761 1709 1779 4762 1710 1780 4763 1711 1781 4764 1712 1782 4765 1713 1783 4766 1699 1769 4767 1714 1784 4768 1450 1516 4769 1619 1687 4770 1715 1785 4771 1620 1688 4772 1688 1757 4773 1687 1756 4774 1716 1786 4775 1688 1757 4776 1717 1787 4777 1659 1727 4778 1600 1668 4779 1599 1667 4780 1713 1783 4781 1718 1788 4782 1719 1789 4783 1712 1782 4784 1712 1782 4785 1719 1789 4786 1713 1783 4787 1719 1789 4788 1600 1668 4789 1713 1783 4790 1720 1790 4791 1721 1791 4792 1722 1792 4793 1721 1791 4794 1723 1793 4795 1722 1794 4796 1722 1795 4797 1723 1793 4798 1724 1796 4799 1694 1763 4800 1725 1797 4801 1695 1764 4802 1694 1763 4803 1724 1796 4804 1723 1793 4805 1703 1773 4806 1604 1672 4807 1726 1798 4808 1702 1772 4809 1604 1672 4810 1703 1773 4811 1727 1799 4812 1728 1800 4813 1729 1801 4814 1728 1800 4815 1730 1802 4816 1731 1803 4817 1497 1565 4818 1732 1804 4819 1510 1578 4820 1497 1565 4821 1733 1805 4822 1732 1804 4823 1734 1806 4824 1551 1619 4825 1735 1807 4826 1727 1799 4827 1551 1619 4828 1550 1618 4829 1729 1801 4830 1551 1619 4831 1727 1799 4832 1736 1808 4833 1737 1809 4834 1738 1810 4835 1728 1800 4836 1736 1808 4837 1729 1801 4838 1735 1807 4839 1551 1619 4840 1729 1801 4841 1739 1811 4842 1740 1812 4843 1741 1813 4844 1742 1814 4845 1739 1815 4846 1741 1813 4847 1743 1816 4848 1744 1817 4849 1745 1818 4850 1746 1819 4851 1744 1817 4852 1743 1820 4853 1747 1821 4854 1748 1822 4855 1749 1823 4856 1750 1824 4857 1751 1825 4858 1752 1826 4859 1753 1827 4860 1754 1828 4861 1755 1829 4862 1752 1826 4863 1756 1830 4864 1750 1824 4865 1757 1831 4866 1758 1832 4867 1759 1833 4868 1760 1834 4869 1756 1830 4870 1761 1835 4871 1762 1836 4872 1755 1829 4873 1763 1837 4874 1754 1828 4875 1763 1837 4876 1755 1829 4877 1764 1838 4878 1748 1822 4879 1765 1839 4880 1753 1827 4881 1766 1840 4882 1767 1841 4883 1767 1841 4884 1764 1838 4885 1765 1839 4886 1768 1842 4887 1769 1843 4888 1750 1824 4889 1770 1844 4890 1771 1845 4891 1769 1843 4892 1771 1845 4893 1772 1846 4894 1750 1824 4895 1773 1847 4896 1774 1848 4897 1761 1835 4898 1761 1835 4899 1756 1830 4900 1752 1826 4901 1756 1830 4902 1760 1834 4903 1775 1849 4904 1776 1850 4905 1777 1851 4906 1778 1852 4907 1777 1851 4908 1779 1853 4909 1778 1852 4910 1780 1854 4911 1774 1848 4912 1773 1847 4913 1781 1855 4914 1782 1856 4915 1783 1857 4916 1781 1855 4917 1783 1857 4918 1784 1858 4919 1778 1852 4920 1779 1853 4921 1785 1859 4922 1786 1860 4923 1787 1861 4924 1788 1862 4925 1789 1863 4926 1788 1862 4927 1787 1861 4928 1790 1864 4929 1791 1865 4930 1792 1866 4931 1771 1845 4932 1750 1824 4933 1769 1843 4934 1793 1867 4935 1786 1860 4936 1794 1868 4937 1793 1867 4938 1795 1869 4939 1786 1860 4940 1789 1863 4941 1796 1870 4942 1788 1862 4943 1756 1830 4944 1775 1849 4945 1750 1824 4946 1774 1848 4947 1760 1834 4948 1761 1835 4949 1797 1871 4950 1798 1872 4951 1799 1873 4952 1773 1847 4953 1748 1822 4954 1780 1854 4955 1753 1827 4956 1755 1829 4957 1766 1840 4958 1766 1840 4959 1755 1829 4960 1762 1836 4961 1780 1854 4962 1748 1822 4963 1747 1821 4964 1775 1849 4965 1768 1842 4966 1750 1824 4967 1753 1827 4968 1767 1841 4969 1765 1839 4970 1778 1852 4971 1784 1858 4972 1776 1850 4973 1785 1859 4974 1781 1855 4975 1778 1852 4976 1800 1874 4977 1785 1859 4978 1779 1853 4979 1784 1858 4980 1778 1852 4981 1781 1855 4982 1750 1824 4983 1772 1846 4984 1751 1825 4985 1801 1875 4986 1773 1847 4987 1761 1835 4988 1752 1826 4989 1801 1875 4990 1761 1835 4991 1802 1876 4992 1803 1877 4993 1804 1878 4994 1804 1878 4995 1803 1877 4996 1805 1879 4997 1806 1880 4998 1807 1881 4999 1572 1882 5000 1808 1883 5001 1754 1828 5002 1807 1884 5003 1808 1883 5004 1807 1885 5005 1806 1886 5006 1809 1887 5007 1803 1877 5008 1802 1876 5009 1809 1887 5010 1806 1886 5011 1803 1877 5012 1803 1877 5013 1806 1886 5014 1572 1888 5015 1731 1803 5016 1804 1878 5017 1805 1879 5018 1810 1889 5019 1811 1890 5020 1812 1891 5021 1812 1891 5022 1811 1890 5023 1813 1892 5024 1791 1865 5025 1814 1893 5026 1811 1890 5027 1814 1893 5028 1813 1892 5029 1811 1890 5030 1815 1894 5031 1816 1895 5032 1817 1896 5033 1818 1897 5034 1817 1896 5035 1819 1898 5036 1820 1899 5037 1815 1894 5038 1821 1900 5039 1786 1860 5040 1788 1862 5041 1822 1901 5042 1823 1902 5043 1744 1817 5044 1746 1819 5045 1794 1868 5046 1820 1899 5047 1821 1900 5048 1824 1903 5049 1825 1904 5050 1796 1870 5051 1796 1870 5052 1826 1905 5053 1788 1862 5054 1821 1900 5055 1815 1894 5056 1817 1896 5057 1818 1897 5058 1821 1900 5059 1817 1896 5060 1822 1901 5061 1827 1906 5062 1744 1817 5063 1744 1817 5064 1827 1906 5065 1828 1907 5066 1829 1908 5067 1830 1909 5068 1831 1910 5069 1825 1904 5070 1826 1905 5071 1796 1870 5072 1822 1901 5073 1832 1911 5074 1827 1906 5075 1833 1912 5076 1828 1907 5077 1831 1910 5078 1827 1906 5079 1832 1911 5080 1826 1905 5081 1788 1862 5082 1826 1905 5083 1832 1911 5084 1820 1899 5085 1834 1913 5086 1815 1894 5087 1832 1911 5088 1822 1901 5089 1788 1862 5090 1731 1803 5091 1730 1914 5092 1804 1878 5093 1730 1914 5094 1835 1915 5095 1804 1878 5096 1836 1916 5097 1837 1917 5098 1782 1856 5099 1838 1918 5100 1839 1919 5101 1837 1917 5102 1839 1919 5103 1783 1857 5104 1782 1856 5105 1840 1920 5106 1841 1921 5107 1758 1832 5108 1758 1832 5109 1841 1921 5110 1759 1833 5111 1841 1921 5112 1839 1919 5113 1842 1922 5114 1839 1919 5115 1841 1921 5116 1843 1923 5117 1782 1856 5118 1837 1917 5119 1839 1919 5120 1841 1921 5121 1842 1922 5122 1759 1833 5123 1840 1920 5124 1843 1923 5125 1841 1921 5126 1839 1919 5127 1838 1918 5128 1842 1922 5129 1843 1923 5130 1783 1857 5131 1839 1919 5132 1844 1924 5133 1845 1925 5134 1846 1926 5135 1847 1927 5136 1845 1925 5137 1848 1928 5138 1849 1929 5139 1850 1930 5140 1851 1931 5141 1852 1932 5142 1850 1930 5143 1853 1933 5144 675 696 5145 1854 1934 5146 681 702 5147 1855 1935 5148 1854 1934 5149 675 696 5150 1618 1936 5151 1856 1937 5152 1857 1938 5153 1856 1937 5154 1858 1939 5155 1859 1940 5156 1857 1938 5157 1856 1937 5158 1859 1940 5159 681 702 5160 1854 1934 5161 695 716 5162 1854 1934 5163 1857 1938 5164 695 716 5165 1618 1936 5166 1857 1938 5167 1854 1934 5168 1855 1935 5169 675 696 5170 1544 1612 5171 675 696 5172 1545 1941 5173 1544 1612 5174 675 696 5175 674 695 5176 1545 1941 5177 1860 1942 5178 1751 1825 5179 1861 1943 5180 1862 1944 5181 1858 1939 5182 1724 1945 5183 1861 1943 5184 1863 1946 5185 1860 1942 5186 1864 1947 5187 1865 1948 5188 1866 1949 5189 1867 1950 5190 1862 1944 5191 1868 1951 5192 1862 1944 5193 1867 1950 5194 1858 1939 5195 1869 1952 5196 1870 1953 5197 1871 1954 5198 1872 1955 5199 1873 1956 5200 1874 1957 5201 1875 1958 5202 1876 1959 5203 1724 1945 5204 1872 1955 5205 1874 1957 5206 1875 1958 5207 1861 1943 5208 1877 1960 5209 1878 1961 5210 1877 1960 5211 1771 1845 5212 1770 1844 5213 1861 1943 5214 1772 1846 5215 1771 1845 5216 1879 1962 5217 1880 1963 5218 1881 1964 5219 1882 1965 5220 1883 1966 5221 702 723 5222 1882 1965 5223 1884 1967 5224 1883 1966 5225 1885 1968 5226 1880 1963 5227 1879 1962 5228 1886 1969 5229 1879 1962 5230 1881 1964 5231 1887 1970 5232 1888 1971 5233 1880 1963 5234 1889 1972 5235 1887 1970 5236 1880 1963 5237 1885 1968 5238 1884 1967 5239 1882 1965 5240 1890 1973 5241 1891 1974 5242 1892 1975 5243 1891 1974 5244 1883 1966 5245 1892 1975 5246 1891 1974 5247 1890 1973 5248 1893 1976 5249 1894 1977 5250 1810 1889 5251 1895 1978 5252 1877 1960 5253 1861 1943 5254 1771 1845 5255 1890 1973 5256 1896 1979 5257 1893 1976 5258 1883 1966 5259 1884 1967 5260 1892 1975 5261 1861 1943 5262 1897 1980 5263 1863 1946 5264 1888 1971 5265 1881 1964 5266 1880 1963 5267 1881 1964 5268 1873 1956 5269 1886 1969 5270 1876 1959 5271 1862 1944 5272 1724 1945 5273 1868 1951 5274 1862 1944 5275 1876 1959 5276 1871 1954 5277 1873 1956 5278 1881 1964 5279 1898 1981 5280 1870 1953 5281 1869 1952 5282 1861 1943 5283 1878 1961 5284 1897 1980 5285 1872 1982 5286 1875 1958 5287 1724 1945 5288 702 723 5289 1889 1972 5290 1882 1965 5291 1882 1965 5292 1880 1963 5293 1885 1968 5294 1880 1963 5295 1882 1965 5296 1889 1972 5297 1751 1825 5298 1772 1846 5299 1861 1943 5300 1899 1983 5301 1900 1984 5302 1901 1985 5303 1829 1908 5304 1902 1986 5305 1903 1987 5306 1904 1988 5307 1905 1989 5308 1906 1990 5309 1819 1898 5310 1904 1988 5311 1818 1897 5312 1907 1991 5313 1906 1990 5314 1908 1992 5315 1909 1993 5316 1741 1813 5317 1910 1994 5318 1911 1995 5319 1912 1996 5320 1892 1975 5321 1912 1996 5322 1890 1973 5323 1892 1975 5324 1742 1814 5325 1741 1813 5326 1909 1993 5327 1907 1991 5328 1908 1992 5329 1911 1995 5330 1911 1995 5331 1908 1992 5332 1912 1996 5333 1904 1988 5334 1906 1990 5335 1907 1991 5336 1904 1988 5337 1907 1991 5338 1818 1897 5339 1903 1987 5340 1830 1909 5341 1829 1908 5342 1903 1987 5343 1900 1984 5344 1913 1997 5345 1901 1985 5346 1900 1984 5347 1903 1987 5348 1902 1986 5349 1901 1985 5350 1903 1987 5351 1901 1985 5352 1914 1998 5353 1899 1983 5354 1888 1971 5355 1898 1981 5356 1869 1952 5357 1898 1981 5358 1915 1999 5359 1916 2000 5360 1888 1971 5361 1887 1970 5362 1915 1999 5363 1865 1948 5364 1917 2001 5365 1918 2002 5366 1864 1947 5367 1917 2001 5368 1865 1948 5369 1919 2003 5370 1915 1999 5371 1917 2001 5372 1920 2004 5373 1917 2001 5374 1915 1999 5375 1915 1999 5376 1898 1981 5377 1888 1971 5378 1864 1947 5379 1919 2003 5380 1917 2001 5381 1917 2001 5382 1920 2004 5383 1918 2002 5384 1919 2003 5385 1916 2000 5386 1915 1999 5387 1915 1999 5388 1887 1970 5389 1920 2004 5390 1921 2005 5391 1922 2006 5392 1923 2007 5393 1921 2005 5394 1924 2008 5395 1922 2009 5396 1925 2010 5397 1798 1872 5398 1926 2011 5399 1927 2012 5400 586 606 5401 1797 1871 5402 1928 2013 5403 1776 1850 5404 1809 1887 5405 586 606 5406 1929 2014 5407 601 622 5408 1804 1878 5409 1835 1915 5410 596 616 5411 599 620 5412 598 619 5413 1804 1878 5414 1930 2015 5415 1931 2016 5416 1932 2017 5417 1933 2018 5418 1925 2010 5419 1926 2011 5420 1835 1915 5421 1934 2019 5422 588 608 5423 1935 2020 5424 1926 2011 5425 1798 1872 5426 1936 2021 5427 1937 2022 5428 1938 2023 5429 1934 2019 5430 1932 2017 5431 1939 2024 5432 1934 2019 5433 1939 2024 5434 1940 2025 5435 1928 2013 5436 1809 1887 5437 1941 2026 5438 1932 2017 5439 1931 2016 5440 1942 2027 5441 598 619 5442 1802 1876 5443 1804 1878 5444 1809 1887 5445 1802 1876 5446 1941 2026 5447 1930 2015 5448 1933 2018 5449 1926 2011 5450 1937 2022 5451 1943 2028 5452 1938 2023 5453 1942 2027 5454 1939 2024 5455 1932 2017 5456 1940 2025 5457 588 608 5458 1934 2019 5459 1835 1915 5460 588 608 5461 595 615 5462 597 617 5463 1802 1876 5464 598 619 5465 633 654 5466 635 656 5467 1171 1218 5468 1944 2029 5469 590 2030 5470 1941 2026 5471 596 616 5472 599 620 5473 1804 1878 5474 1835 1915 5475 595 615 5476 596 616 5477 1158 1205 5478 635 656 5479 634 655 5480 631 652 5481 630 651 5482 1945 2031 5483 692 713 5484 668 689 5485 700 721 5486 1935 2020 5487 1798 1872 5488 1797 1871 5489 1683 1767 5490 1387 2032 5491 1696 1765 5492 759 2033 5493 745 2034 5494 755 782 5495 755 782 5496 1946 2035 5497 759 2033 5498 713 734 5499 1947 2036 5500 1948 2037 5501 1948 2037 5502 745 2034 5503 713 734 5504 759 2033 5505 711 2038 5506 745 2034 5507 711 2038 5508 713 734 5509 745 2034 5510 970 1002 5511 1949 2039 5512 968 1000 5513 1945 2031 5514 1178 1225 5515 631 652 5516 1178 1225 5517 1179 1226 5518 631 652 5519 691 712 5520 1173 1220 5521 690 711 5522 1173 1220 5523 1175 1222 5524 690 711 5525 683 704 5526 1950 2040 5527 620 641 5528 1950 2040 5529 1951 2041 5530 620 641 5531 682 703 5532 1952 2042 5533 621 642 5534 1952 2042 5535 1953 2043 5536 621 642 5537 699 720 5538 1954 2044 5539 627 648 5540 1954 2044 5541 1955 2045 5542 627 648 5543 626 647 5544 1956 2046 5545 698 719 5546 1956 2046 5547 1957 2047 5548 698 719 5549 704 725 5550 1176 1223 5551 703 724 5552 1176 1223 5553 1178 1225 5554 703 724 5555 1958 2048 5556 632 653 5557 1959 2049 5558 632 653 5559 631 652 5560 1959 2049 5561 631 652 5562 1179 1226 5563 1959 2049 5564 1179 1226 5565 1960 2050 5566 1959 2049 5567 1158 1205 5568 1961 2051 5569 1166 1213 5570 1961 2051 5571 1962 2052 5572 1166 1213 5573 634 655 5574 1275 1328 5575 1158 1205 5576 1275 1328 5577 1961 2051 5578 1158 1205 5579 1171 1218 5580 1192 1239 5581 633 654 5582 1192 1239 5583 1244 1294 5584 633 654 5585 1171 1218 5586 1159 1206 5587 636 657 5588 1159 1206 5589 637 658 5590 636 657 5591 1963 2053 5592 1964 2054 5593 633 654 5594 1964 2054 5595 634 655 5596 633 654 5597 672 693 5598 1965 2055 5599 649 670 5600 1965 2055 5601 1966 2056 5602 649 670 5603 650 671 5604 1020 1055 5605 673 694 5606 1020 1055 5607 1022 1057 5608 673 694 5609 670 691 5610 986 1018 5611 648 669 5612 986 1018 5613 983 1015 5614 648 669 5615 646 667 5616 1967 2057 5617 671 692 5618 1967 2057 5619 1968 2058 5620 671 692 5621 608 629 5622 1969 2059 5623 606 627 5624 1969 2059 5625 1970 2060 5626 606 627 5627 609 630 5628 980 1012 5629 605 626 5630 980 1012 5631 983 1015 5632 605 626 5633 605 626 5634 983 1015 5635 603 624 5636 983 1015 5637 985 1017 5638 603 624 5639 654 675 5640 1971 2061 5641 652 673 5642 1971 2061 5643 1972 2062 5644 652 673 5645 652 673 5646 1972 2062 5647 608 629 5648 1972 2062 5649 1969 2059 5650 608 629 5651 610 631 5652 982 1014 5653 609 630 5654 982 1014 5655 980 1012 5656 609 630 5657 614 635 5658 1973 2063 5659 1974 2064 5660 1973 2063 5661 1975 2065 5662 1974 2064 5663 613 634 5664 980 1012 5665 611 632 5666 980 1012 5667 979 1011 5668 611 632 5669 611 632 5670 979 1011 5671 1976 2066 5672 979 1011 5673 1977 2067 5674 1976 2066 5675 616 637 5676 1978 2068 5677 614 635 5678 1978 2068 5679 1973 2063 5680 614 635 5681 1974 2064 5682 1975 2065 5683 1979 2069 5684 1975 2065 5685 1980 2070 5686 1979 2069 5687 1981 2071 5688 1982 2072 5689 1983 2073 5690 1982 2072 5691 1984 2074 5692 1983 2073 5693 1985 2075 5694 1986 2076 5695 1987 2077 5696 1986 2076 5697 1988 2078 5698 1987 2077 5699 1989 2079 5700 1990 2080 5701 1991 2081 5702 1990 2080 5703 1992 2082 5704 1991 2081 5705 1993 2083 5706 1994 2084 5707 1995 2085 5708 1994 2084 5709 1996 2086 5710 1995 2085 5711 1982 2072 5712 660 681 5713 1984 2074 5714 660 681 5715 661 682 5716 1984 2074 5717 1986 2076 5718 1997 2087 5719 1988 2078 5720 1997 2087 5721 1998 2088 5722 1988 2078 5723 1990 2080 5724 657 678 5725 1992 2082 5726 657 678 5727 659 680 5728 1992 2082 5729 1994 2084 5730 1999 2089 5731 1996 2086 5732 1999 2089 5733 2000 2090 5734 1996 2086 5735 2001 2091 5736 2002 2092 5737 2003 2093 5738 2002 2092 5739 2004 2094 5740 2003 2093 5741 666 687 5742 2005 2095 5743 665 686 5744 2005 2095 5745 2006 2096 5746 665 686 5747 2007 2097 5748 2008 2098 5749 2009 2099 5750 2008 2098 5751 2010 2100 5752 2009 2099 5753 664 685 5754 2011 2101 5755 662 683 5756 2011 2101 5757 2012 2102 5758 662 683 5759 2002 2092 5760 1981 2071 5761 2004 2094 5762 1981 2071 5763 1983 2073 5764 2004 2094 5765 2005 2095 5766 1985 2075 5767 2006 2096 5768 1985 2075 5769 1987 2077 5770 2006 2096 5771 2008 2098 5772 1989 2079 5773 2010 2100 5774 1989 2079 5775 1991 2081 5776 2010 2100 5777 2011 2101 5778 1993 2083 5779 2012 2102 5780 1993 2083 5781 1995 2085 5782 2012 2102 5783 1417 1482 5784 1430 1495 5785 1415 1480 5786 1430 1495 5787 1433 1498 5788 1415 1480 5789 1518 1586 5790 1520 1588 5791 1493 1561 5792 1520 1588 5793 1405 1469 5794 1493 1561 5795 2013 2103 5796 701 722 5797 563 582 5798 701 722 5799 580 600 5800 563 582 5801 572 591 5802 688 709 5803 567 586 5804 688 709 5805 686 707 5806 567 586 5807 2014 2104 5808 692 713 5809 696 717 5810 692 713 5811 694 715 5812 696 717 5813 569 588 5814 676 697 5815 562 581 5816 676 697 5817 697 718 5818 562 581 5819 681 702 5820 676 697 5821 576 2105 5822 676 697 5823 677 698 5824 576 2106 5825 573 592 5826 689 710 5827 572 591 5828 689 710 5829 688 709 5830 572 591 5831 798 830 5832 2015 2107 5833 2016 2108 5834 2015 2107 5835 2017 2109 5836 2016 2108 5837 2018 2110 5838 797 829 5839 2019 2111 5840 797 829 5841 720 741 5842 2019 2111 5843 2020 2112 5844 2021 2113 5845 2018 2110 5846 2021 2113 5847 797 829 5848 2018 2110 5849 2022 2114 5850 707 728 5851 2023 2115 5852 707 728 5853 706 727 5854 2023 2115 5855 2019 2111 5856 720 741 5857 708 729 5858 720 741 5859 709 730 5860 708 729 5861 2015 2107 5862 798 830 5863 2021 2113 5864 798 830 5865 797 829 5866 2021 2113 5867 721 742 5868 720 741 5869 2016 2108 5870 720 741 5871 798 830 5872 2016 2108 5873 722 743 5874 2024 2116 5875 736 761 5876 2024 2116 5877 2025 2117 5878 736 761 5879 2026 2118 5880 2027 2119 5881 2025 2117 5882 2027 2119 5883 2028 2120 5884 2025 2117 5885 2029 2121 5886 552 763 5887 2027 2119 5888 552 763 5889 2028 2120 5890 2027 2119 5891 2025 2117 5892 2024 2116 5893 2026 2118 5894 2024 2116 5895 2030 2122 5896 2026 2118 5897 2031 2123 5898 2032 2124 5899 2033 2125 5900 2032 2124 5901 2034 2126 5902 2033 2125 5903 734 759 5904 2028 2120 5905 732 757 5906 2028 2120 5907 552 763 5908 732 757 5909 736 761 5910 2025 2117 5911 734 759 5912 2025 2117 5913 2028 2120 5914 734 759 5915 2035 2127 5916 2036 2128 5917 2031 2123 5918 2036 2128 5919 2032 2124 5920 2031 2123 5921 2037 2129 5922 2038 2130 5923 2039 2131 5924 2038 2130 5925 1936 2021 5926 2039 2131 5927 1937 2022 5928 1936 2021 5929 2040 2132 5930 1936 2021 5931 2038 2130 5932 2040 2132 5933 2041 2133 5934 743 770 5935 2042 2134 5936 743 770 5937 2043 2135 5938 2042 2134 5939 2042 2134 5940 2043 2135 5941 2044 2136 5942 2043 2135 5943 2045 2137 5944 2044 2136 5945 2046 2138 5946 2047 2139 5947 2048 2140 5948 2047 2139 5949 751 778 5950 2048 2140 5951 2041 2133 5952 2046 2138 5953 2049 2141 5954 2046 2138 5955 2048 2140 5956 2049 2141 5957 2050 2142 5958 757 785 5959 1943 2028 5960 757 785 5961 762 790 5962 1943 2028 5963 750 777 5964 758 786 5965 751 778 5966 758 786 5967 2048 2140 5968 751 778 5969 2038 2130 5970 2037 2129 5971 2051 2143 5972 2037 2129 5973 2052 2144 5974 2051 2143 5975 2053 2145 5976 2054 2146 5977 1938 2023 5978 2054 2146 5979 2055 2147 5980 1938 2023 5981 764 792 5982 2040 2132 5983 752 779 5984 2040 2132 5985 760 788 5986 752 779 5987 2046 2138 5988 747 774 5989 2047 2139 5990 747 774 5991 746 773 5992 2047 2139 5993 763 791 5994 737 764 5995 2049 2141 5996 737 764 5997 739 766 5998 2049 2141 5999 2053 2145 6000 2056 2148 6001 2054 2146 6002 2056 2148 6003 2057 2149 6004 2054 2146 6005 2054 2146 6006 2057 2149 6007 2037 2129 6008 2057 2149 6009 2052 2144 6010 2037 2129 6011 2048 2140 6012 758 786 6013 2049 2141 6014 758 786 6015 763 791 6016 2049 2141 6017 2042 2134 6018 747 774 6019 2041 2133 6020 747 774 6021 2046 2138 6022 2041 2133 6023 2044 2136 6024 748 775 6025 2042 2134 6026 748 775 6027 747 774 6028 2042 2134 6029 756 784 6030 1946 2035 6031 754 781 6032 1946 2035 6033 755 782 6034 754 781 6035 760 788 6036 2040 2132 6037 2051 2143 6038 2040 2132 6039 2038 2130 6040 2051 2143 6041 753 780 6042 759 787 6043 764 792 6044 759 787 6045 2058 2150 6046 764 792 6047 757 785 6048 2050 2142 6049 756 784 6050 2050 2142 6051 1946 2151 6052 756 784 6053 754 781 6054 745 772 6055 763 791 6056 745 772 6057 737 764 6058 763 791 6059 2055 2147 6060 2054 2146 6061 2039 2131 6062 2054 2146 6063 2037 2129 6064 2039 2131 6065 743 770 6066 2041 2133 6067 739 766 6068 2041 2133 6069 2049 2141 6070 739 766 6071 752 779 6072 761 789 6073 741 768 6074 761 789 6075 744 771 6076 741 768 6077 764 792 6078 2058 2150 6079 2040 2132 6080 2058 2150 6081 1937 2022 6082 2040 2132 6083 2059 2152 6084 2060 2153 6085 2061 2154 6086 2060 2153 6087 2062 2155 6088 2061 2154 6089 2063 2156 6090 2064 2157 6091 2065 2158 6092 2064 2157 6093 2066 2159 6094 2065 2158 6095 2067 2160 6096 2063 2156 6097 2068 2161 6098 2063 2156 6099 2065 2158 6100 2068 2161 6101 2069 2162 6102 2067 2160 6103 2070 2163 6104 2067 2160 6105 2068 2161 6106 2070 2163 6107 2071 2164 6108 2069 2162 6109 2072 2165 6110 2069 2162 6111 2070 2163 6112 2072 2165 6113 2073 2166 6114 769 797 6115 2074 2167 6116 769 797 6117 2075 2168 6118 2074 2167 6119 2076 2169 6120 2077 2170 6121 2078 2171 6122 2077 2170 6123 772 800 6124 2078 2171 6125 2078 2171 6126 772 800 6127 2079 2172 6128 772 800 6129 770 798 6130 2079 2172 6131 2079 2172 6132 770 798 6133 2073 2166 6134 770 798 6135 769 797 6136 2073 2166 6137 2080 2173 6138 2081 2174 6139 765 793 6140 2081 2174 6141 2082 2175 6142 765 793 6143 2083 2176 6144 2084 2177 6145 2085 2178 6146 2084 2177 6147 768 796 6148 2085 2178 6149 2084 2177 6150 2086 2179 6151 768 796 6152 2086 2179 6153 767 795 6154 768 796 6155 2086 2179 6156 2080 2173 6157 767 795 6158 2080 2173 6159 765 793 6160 767 795 6161 2080 2173 6162 2086 2179 6163 2087 2180 6164 2086 2179 6165 2088 2181 6166 2087 2180 6167 2081 2174 6168 2080 2173 6169 2089 2182 6170 2080 2173 6171 2087 2180 6172 2089 2182 6173 2090 2183 6174 2065 2158 6175 2091 2184 6176 2065 2158 6177 2066 2159 6178 2091 2184 6179 775 803 6180 774 802 6181 776 804 6182 774 802 6183 777 805 6184 776 804 6185 2086 2179 6186 2084 2177 6187 2088 2181 6188 2084 2177 6189 2092 2185 6190 2088 2181 6191 2084 2177 6192 2083 2176 6193 2092 2185 6194 2083 2176 6195 2093 2186 6196 2092 2185 6197 2094 2187 6198 2076 2169 6199 2095 2188 6200 2076 2169 6201 2071 2164 6202 2095 2188 6203 2076 2169 6204 2078 2171 6205 2071 2164 6206 2078 2171 6207 2069 2162 6208 2071 2164 6209 2078 2171 6210 2079 2172 6211 2069 2162 6212 2079 2172 6213 2067 2160 6214 2069 2162 6215 2079 2172 6216 2073 2166 6217 2067 2160 6218 2073 2166 6219 2063 2156 6220 2067 2160 6221 2073 2166 6222 2074 2167 6223 2063 2156 6224 2074 2167 6225 2064 2157 6226 2063 2156 6227 2089 2182 6228 2087 2180 6229 2061 2154 6230 2087 2180 6231 2059 2152 6232 2061 2154 6233 2087 2180 6234 2088 2181 6235 2059 2152 6236 2088 2181 6237 2096 2189 6238 2059 2152 6239 2096 2189 6240 2097 2190 6241 2059 2152 6242 2097 2190 6243 2060 2153 6244 2059 2152 6245 2098 2191 6246 2099 2192 6247 2096 2189 6248 2099 2192 6249 2097 2190 6250 2096 2189 6251 2100 2193 6252 2101 2194 6253 2098 2191 6254 2101 2194 6255 2099 2192 6256 2098 2191 6257 2072 2165 6258 2102 2195 6259 2103 2196 6260 2102 2195 6261 2104 2197 6262 2103 2196 6263 2105 2198 6264 2068 2161 6265 2090 2183 6266 2068 2161 6267 2065 2158 6268 2090 2183 6269 2106 2199 6270 2070 2163 6271 2105 2198 6272 2070 2163 6273 2068 2161 6274 2105 2198 6275 2072 2165 6276 2070 2163 6277 2102 2195 6278 2070 2163 6279 2106 2199 6280 2102 2195 6281 2095 2188 6282 2071 2164 6283 2103 2196 6284 2071 2164 6285 2072 2165 6286 2103 2196 6287 2092 2185 6288 2093 2186 6289 2098 2191 6290 2093 2186 6291 2100 2193 6292 2098 2191 6293 2088 2181 6294 2092 2185 6295 2096 2189 6296 2092 2185 6297 2098 2191 6298 2096 2189 6299 2107 2200 6300 2108 2201 6301 779 807 6302 2108 2201 6303 2109 2202 6304 779 807 6305 2109 2202 6306 2030 2122 6307 2110 2203 6308 2030 2122 6309 2111 2204 6310 2110 2203 6311 2108 2201 6312 2112 2205 6313 2026 2118 6314 2112 2205 6315 2027 2119 6316 2026 2118 6317 2027 2119 6318 2112 2205 6319 2029 2121 6320 2112 2205 6321 553 823 6322 2029 2121 6323 2026 2118 6324 2030 2122 6325 2108 2201 6326 2030 2122 6327 2109 2202 6328 2108 2201 6329 2033 2125 6330 2034 2126 6331 2113 2206 6332 2034 2126 6333 2114 2207 6334 2113 2206 6335 791 821 6336 553 823 6337 2115 2208 6338 553 823 6339 2112 2205 6340 2115 2208 6341 2115 2208 6342 2112 2205 6343 2107 2200 6344 2112 2205 6345 2108 2201 6346 2107 2200 6347 790 820 6348 783 813 6349 2116 2209 6350 783 813 6351 2117 2210 6352 2116 2209 6353 2118 2211 6354 2119 2212 6355 786 816 6356 2119 2212 6357 781 809 6358 786 816 6359 2113 2206 6360 2114 2207 6361 2117 2210 6362 2114 2207 6363 2116 2209 6364 2117 2210 6365 779 807 6366 2109 2202 6367 780 808 6368 2109 2202 6369 2110 2203 6370 780 808 6371 2023 2115 6372 715 736 6373 2021 2113 6374 715 736 6375 2015 2107 6376 2021 2113 6377 2022 2114 6378 2023 2115 6379 2020 2112 6380 2023 2115 6381 2021 2113 6382 2020 2112 6383 715 736 6384 2023 2115 6385 717 738 6386 2023 2115 6387 706 727 6388 717 738 6389 2017 2109 6390 2015 2107 6391 714 735 6392 2015 2107 6393 715 736 6394 714 735 6395 825 857 6396 833 865 6397 826 858 6398 833 865 6399 832 864 6400 826 858 6401 800 832 6402 2120 2213 6403 801 833 6404 2120 2213 6405 835 867 6406 801 833 6407 836 868 6408 2121 2214 6409 834 866 6410 2121 2214 6411 816 848 6412 834 866 6413 801 833 6414 835 867 6415 805 837 6416 835 867 6417 834 866 6418 805 837 6419 833 865 6420 801 833 6421 832 864 6422 801 833 6423 805 837 6424 832 864 6425 2122 2215 6426 800 832 6427 830 862 6428 800 832 6429 806 838 6430 830 862 6431 829 861 6432 815 847 6433 2120 2213 6434 815 847 6435 2123 2216 6436 2120 2213 6437 2124 2217 6438 2122 2215 6439 803 835 6440 2122 2215 6441 830 862 6442 803 835 6443 807 839 6444 806 838 6445 799 831 6446 806 838 6447 800 832 6448 799 831 6449 814 846 6450 813 845 6451 803 835 6452 813 845 6453 2124 2217 6454 803 835 6455 806 838 6456 805 837 6457 816 848 6458 805 837 6459 834 866 6460 816 848 6461 816 848 6462 2121 2214 6463 817 849 6464 2121 2214 6465 818 850 6466 817 849 6467 2125 2218 6468 2126 2219 6469 823 855 6470 2126 2219 6471 821 853 6472 823 855 6473 2126 2219 6474 2125 2218 6475 2127 2220 6476 2125 2218 6477 2128 2221 6478 2127 2220 6479 2123 2216 6480 836 868 6481 2120 2213 6482 836 868 6483 835 867 6484 2120 2213 6485 2129 2222 6486 2130 2223 6487 2131 2224 6488 2130 2223 6489 2132 2225 6490 2131 2224 6491 2133 2226 6492 2134 2227 6493 2135 2228 6494 2134 2227 6495 2136 2229 6496 2135 2228 6497 2137 2230 6498 2138 2231 6499 2139 2232 6500 2138 2231 6501 2140 2233 6502 2139 2232 6503 2139 2232 6504 2140 2233 6505 2141 2234 6506 2140 2233 6507 2142 2235 6508 2141 2234 6509 2130 2223 6510 2143 2236 6511 2132 2225 6512 2143 2236 6513 2144 2237 6514 2132 2225 6515 2145 2238 6516 2146 2239 6517 2147 2240 6518 2146 2239 6519 2148 2241 6520 2147 2240 6521 2149 2242 6522 841 873 6523 2150 2243 6524 841 873 6525 840 872 6526 2150 2243 6527 2138 2231 6528 2137 2230 6529 2151 2244 6530 2137 2230 6531 2152 2245 6532 2151 2244 6533 2153 2246 6534 2154 2247 6535 2127 2220 6536 2154 2247 6537 2155 2248 6538 2127 2220 6539 2144 2237 6540 2156 2249 6541 2132 2225 6542 2156 2249 6543 2152 2245 6544 2132 2225 6545 2151 2244 6546 2152 2245 6547 2157 2250 6548 2152 2245 6549 2156 2249 6550 2157 2250 6551 2153 2246 6552 2158 2251 6553 2136 2229 6554 2158 2251 6555 2135 2228 6556 2136 2229 6557 2148 2241 6558 2133 2226 6559 2129 2222 6560 2133 2226 6561 2135 2228 6562 2129 2222 6563 2127 2220 6564 2128 2221 6565 2153 2246 6566 2128 2221 6567 2158 2251 6568 2153 2246 6569 2136 2229 6570 2159 2252 6571 2153 2246 6572 2159 2252 6573 2154 2247 6574 2153 2246 6575 839 871 6576 838 870 6577 2134 2227 6578 838 870 6579 2160 2253 6580 2134 2227 6581 2161 2254 6582 841 873 6583 2162 2255 6584 841 873 6585 2149 2242 6586 2162 2255 6587 2163 2256 6588 2164 2257 6589 2162 2255 6590 2164 2257 6591 2161 2254 6592 2162 2255 6593 2165 2258 6594 2164 2257 6595 2166 2259 6596 2164 2257 6597 2163 2256 6598 2166 2259 6599 2130 2223 6600 2158 2251 6601 2143 2236 6602 2158 2251 6603 2128 2221 6604 2143 2236 6605 2129 2222 6606 2135 2228 6607 2130 2223 6608 2135 2228 6609 2158 2251 6610 2130 2223 6611 2146 2239 6612 2167 2260 6613 2148 2241 6614 2167 2260 6615 2133 2226 6616 2148 2241 6617 2165 2258 6618 2166 2259 6619 2168 2261 6620 2166 2259 6621 2169 2262 6622 2168 2261 6623 2147 2240 6624 2148 2241 6625 2131 2224 6626 2148 2241 6627 2129 2222 6628 2131 2224 6629 2152 2245 6630 2137 2230 6631 2132 2225 6632 2137 2230 6633 2131 2224 6634 2132 2225 6635 2168 2261 6636 2169 2262 6637 2170 2263 6638 2169 2262 6639 2171 2264 6640 2170 2263 6641 2167 2260 6642 839 871 6643 2133 2226 6644 839 871 6645 2134 2227 6646 2133 2226 6647 2160 2253 6648 2159 2252 6649 2134 2227 6650 2159 2252 6651 2136 2229 6652 2134 2227 6653 2147 2240 6654 2139 2232 6655 2145 2238 6656 2139 2232 6657 2141 2234 6658 2145 2238 6659 2131 2224 6660 2137 2230 6661 2147 2240 6662 2137 2230 6663 2139 2232 6664 2147 2240 6665 873 905 6666 880 912 6667 874 906 6668 880 912 6669 882 914 6670 874 906 6671 842 874 6672 884 916 6673 843 875 6674 884 916 6675 865 897 6676 843 875 6677 853 885 6678 885 917 6679 842 874 6680 885 917 6681 884 916 6682 842 874 6683 880 912 6684 853 885 6685 882 914 6686 853 885 6687 842 874 6688 882 914 6689 2172 2265 6690 2173 2266 6691 2174 2267 6692 2173 2266 6693 2175 2268 6694 2174 2267 6695 877 909 6696 852 884 6697 876 908 6698 852 884 6699 843 875 6700 876 908 6701 865 897 6702 861 893 6703 866 898 6704 861 893 6705 860 892 6706 866 898 6707 883 915 6708 2176 2269 6709 2177 2270 6710 2176 2269 6711 2178 2271 6712 2177 2270 6713 861 893 6714 883 915 6715 881 913 6716 883 915 6717 2177 2270 6718 881 913 6719 846 878 6720 877 909 6721 2179 2272 6722 877 909 6723 876 908 6724 2179 2272 6725 844 876 6726 843 875 6727 851 883 6728 843 875 6729 852 884 6730 851 883 6731 863 895 6732 859 891 6733 846 878 6734 859 891 6735 847 879 6736 846 878 6737 846 878 6738 2179 2272 6739 863 895 6740 2179 2272 6741 864 896 6742 863 895 6743 864 896 6744 2179 2272 6745 858 890 6746 2179 2272 6747 879 911 6748 858 890 6749 868 900 6750 885 917 6751 852 884 6752 885 917 6753 853 885 6754 852 884 6755 2180 2273 6756 2181 2274 6757 2174 2267 6758 2181 2274 6759 2172 2265 6760 2174 2267 6761 878 910 6762 2175 2268 6763 849 881 6764 2175 2268 6765 2173 2266 6766 849 881 6767 848 880 6768 860 892 6769 878 910 6770 860 892 6771 862 894 6772 878 910 6773 2174 2267 6774 2178 2271 6775 2180 2273 6776 2178 2271 6777 2176 2269 6778 2180 2273 6779 865 897 6780 884 916 6781 861 893 6782 884 916 6783 883 915 6784 861 893 6785 2182 2275 6786 2183 2276 6787 2184 2277 6788 2183 2276 6789 2185 2278 6790 2184 2277 6791 2186 2279 6792 2187 2280 6793 2188 2281 6794 2187 2280 6795 2189 2282 6796 2188 2281 6797 2190 2283 6798 2191 2284 6799 2192 2285 6800 2191 2284 6801 2193 2286 6802 2192 2285 6803 2194 2287 6804 2193 2286 6805 2195 2288 6806 2193 2286 6807 2191 2284 6808 2195 2288 6809 2196 2289 6810 890 922 6811 2194 2287 6812 890 922 6813 2193 2286 6814 2194 2287 6815 2192 2285 6816 2193 2286 6817 889 921 6818 2193 2286 6819 890 922 6820 889 921 6821 881 913 6822 2197 2290 6823 862 894 6824 2197 2290 6825 2198 2291 6826 862 894 6827 2183 2276 6828 2178 2271 6829 2185 2278 6830 2178 2271 6831 2174 2267 6832 2185 2278 6833 2199 2292 6834 2200 2293 6835 2201 2294 6836 2200 2293 6837 2202 2295 6838 2201 2294 6839 888 920 6840 887 919 6841 2203 2296 6842 887 919 6843 2204 2297 6844 2203 2296 6845 2205 2298 6846 2206 2299 6847 2207 2300 6848 2206 2299 6849 2208 2301 6850 2207 2300 6851 2197 2290 6852 2209 2302 6853 2191 2284 6854 2209 2302 6855 2195 2288 6856 2191 2284 6857 2183 2276 6858 2209 2302 6859 2178 2271 6860 2209 2302 6861 2177 2270 6862 2178 2271 6863 881 913 6864 2177 2270 6865 2197 2290 6866 2177 2270 6867 2209 2302 6868 2197 2290 6869 2187 2280 6870 2186 2279 6871 2210 2303 6872 2186 2279 6873 2211 2304 6874 2210 2303 6875 2184 2277 6876 2186 2279 6877 2200 2293 6878 2186 2279 6879 2188 2281 6880 2200 2293 6881 2210 2303 6882 2211 2304 6883 878 910 6884 2211 2304 6885 2175 2268 6886 878 910 6887 2212 2305 6888 2205 2298 6889 2213 2306 6890 2205 2298 6891 2207 2300 6892 2213 2306 6893 2198 2291 6894 2197 2290 6895 2190 2283 6896 2197 2290 6897 2191 2284 6898 2190 2283 6899 2214 2307 6900 2215 2308 6901 2205 2298 6902 2215 2308 6903 2206 2299 6904 2205 2298 6905 2214 2307 6906 2205 2298 6907 2216 2309 6908 2205 2298 6909 2212 2305 6910 2216 2309 6911 2217 2310 6912 2216 2309 6913 2218 2311 6914 2216 2309 6915 2212 2305 6916 2218 2311 6917 2174 2267 6918 2175 2268 6919 2185 2278 6920 2175 2268 6921 2211 2304 6922 2185 2278 6923 2185 2278 6924 2211 2304 6925 2184 2277 6926 2211 2304 6927 2186 2279 6928 2184 2277 6929 2200 2293 6930 2188 2281 6931 2202 2295 6932 2188 2281 6933 2219 2312 6934 2202 2295 6935 2220 2313 6936 2221 2314 6937 2218 2311 6938 2221 2314 6939 2217 2310 6940 2218 2311 6941 2182 2275 6942 2184 2277 6943 2199 2292 6944 2184 2277 6945 2200 2293 6946 2199 2292 6947 2183 2276 6948 2182 2275 6949 2209 2302 6950 2182 2275 6951 2195 2288 6952 2209 2302 6953 888 920 6954 2203 2296 6955 2220 2313 6956 2203 2296 6957 2221 2314 6958 2220 2313 6959 2188 2281 6960 2189 2282 6961 2219 2312 6962 2189 2282 6963 2222 2315 6964 2219 2312 6965 2201 2294 6966 2196 2289 6967 2199 2292 6968 2196 2289 6969 2194 2287 6970 2199 2292 6971 2199 2292 6972 2194 2287 6973 2182 2275 6974 2194 2287 6975 2195 2288 6976 2182 2275 6977 2223 2316 6978 2224 2317 6979 2225 2318 6980 2224 2317 6981 2226 2319 6982 2225 2318 6983 2227 2320 6984 2228 2321 6985 2229 2322 6986 2228 2321 6987 2230 2323 6988 2229 2322 6989 2231 2324 6990 2232 2325 6991 2233 2326 6992 2232 2325 6993 2234 2327 6994 2233 2326 6995 2235 2328 6996 2236 2329 6997 2237 2330 6998 2236 2329 6999 2238 2331 7000 2237 2330 7001 2239 2332 7002 2240 2333 7003 2241 2334 7004 2240 2333 7005 2242 2335 7006 2241 2334 7007 2224 2317 7008 2243 2336 7009 2226 2319 7010 2243 2336 7011 2244 2337 7012 2226 2319 7013 2228 2321 7014 2245 2338 7015 2230 2323 7016 2245 2338 7017 2246 2339 7018 2230 2323 7019 2232 2325 7020 2247 2340 7021 2234 2327 7022 2247 2340 7023 2248 2341 7024 2234 2327 7025 2236 2329 7026 2249 2342 7027 2238 2331 7028 2249 2342 7029 2250 2343 7030 2238 2331 7031 2240 2333 7032 2251 2344 7033 2242 2335 7034 2251 2344 7035 2252 2345 7036 2242 2335 7037 2249 2342 7038 925 957 7039 2250 2343 7040 925 957 7041 927 959 7042 2250 2343 7043 937 969 7044 939 971 7045 2247 2340 7046 939 971 7047 2248 2341 7048 2247 2340 7049 2245 2338 7050 891 923 7051 2246 2339 7052 891 923 7053 893 925 7054 2246 2339 7055 902 934 7056 904 936 7057 2243 2336 7058 904 936 7059 2244 2337 7060 2243 2336 7061 913 945 7062 915 947 7063 2251 2344 7064 915 947 7065 2252 2345 7066 2251 2344 7067 2253 2346 7068 729 753 7069 2254 2347 7070 729 753 7071 730 755 7072 2254 2347 7073 2254 2347 7074 730 755 7075 2255 2348 7076 730 755 7077 726 749 7078 2255 2348 7079 2255 2348 7080 726 749 7081 2256 2349 7082 726 749 7083 724 745 7084 2256 2349 7085 2256 2349 7086 724 745 7087 2257 2350 7088 724 745 7089 723 744 7090 2257 2350 7091 2257 2350 7092 723 744 7093 2258 2351 7094 723 744 7095 735 760 7096 2258 2351 7097 2258 2351 7098 735 760 7099 2259 2352 7100 735 760 7101 731 756 7102 2259 2352 7103 2259 2352 7104 731 756 7105 2260 2353 7106 731 756 7107 728 751 7108 2260 2353 7109 2260 2353 7110 728 751 7111 2253 2346 7112 728 751 7113 729 753 7114 2253 2346 7115 2261 2354 7116 2262 2355 7117 962 994 7118 2262 2355 7119 963 995 7120 962 994 7121 961 993 7122 974 1006 7123 962 994 7124 974 1006 7125 973 1005 7126 962 994 7127 1024 1059 7128 2261 2354 7129 966 998 7130 2261 2354 7131 964 996 7132 966 998 7133 1010 1042 7134 1066 1104 7135 1008 1040 7136 1066 1104 7137 1005 1037 7138 1008 1040 7139 966 998 7140 974 1006 7141 1024 1059 7142 974 1006 7143 961 993 7144 1024 1059 7145 641 662 7146 1061 1099 7147 678 699 7148 1061 1099 7149 1020 1055 7150 678 699 7151 964 996 7152 973 1005 7153 965 997 7154 973 1005 7155 975 1007 7156 965 997 7157 1052 1089 7158 974 1006 7159 1051 1088 7160 974 1006 7161 966 998 7162 1051 1088 7163 977 1009 7164 998 1030 7165 978 1010 7166 998 1030 7167 1040 1075 7168 978 1010 7169 1014 1046 7170 1973 2063 7171 1015 1047 7172 1973 2063 7173 1978 2068 7174 1015 1047 7175 2263 2356 7176 2264 2357 7177 2265 2358 7178 2264 2357 7179 2266 2359 7180 2265 2358 7181 2264 2357 7182 1949 2039 7183 2266 2359 7184 1949 2039 7185 970 1002 7186 2266 2359 7187 968 1000 7188 2267 2360 7189 969 1001 7190 2267 2360 7191 2268 2361 7192 969 1001 7193 2269 2362 7194 2270 2363 7195 2271 2364 7196 2270 2363 7197 2272 2365 7198 2271 2364 7199 2270 2363 7200 2273 2366 7201 2272 2365 7202 2273 2366 7203 2274 2367 7204 2272 2365 7205 1012 1044 7206 1064 1102 7207 1975 2065 7208 1064 1102 7209 1980 2070 7210 1975 2065 7211 1069 1107 7212 2275 2368 7213 963 995 7214 2275 2368 7215 961 993 7216 963 995 7217 962 994 7218 973 1005 7219 2261 2354 7220 973 1005 7221 964 996 7222 2261 2354 7223 2263 2356 7224 2273 2366 7225 2276 2369 7226 2273 2366 7227 1081 1126 7228 2276 2369 7229 2265 2358 7230 2274 2367 7231 2263 2356 7232 2274 2367 7233 2273 2366 7234 2263 2356 7235 1009 1041 7236 1970 2060 7237 1010 1042 7238 1970 2060 7239 1969 2059 7240 1010 1042 7241 1057 1095 7242 959 1083 7243 2277 2370 7244 959 1083 7245 2278 2371 7246 2277 2370 7247 2276 2369 7248 1079 1124 7249 2263 2356 7250 1079 1124 7251 2264 2357 7252 2263 2356 7253 1949 2039 7254 2264 2357 7255 1078 1123 7256 2264 2357 7257 1079 1124 7258 1078 1123 7259 968 1000 7260 1949 2039 7261 2279 2372 7262 1949 2039 7263 1078 1123 7264 2279 2372 7265 2267 2360 7266 968 1000 7267 2280 2373 7268 968 1000 7269 2279 2372 7270 2280 2373 7271 2280 2373 7272 1084 1131 7273 2267 2360 7274 1084 1131 7275 2269 2362 7276 2267 2360 7277 1074 1118 7278 2270 2363 7279 1084 1131 7280 2270 2363 7281 2269 2362 7282 1084 1131 7283 2273 2366 7284 2270 2363 7285 1081 1126 7286 2270 2363 7287 1074 1118 7288 1081 1126 7289 679 700 7290 976 1008 7291 642 663 7292 976 1008 7293 978 1010 7294 642 663 7295 645 666 7296 997 1029 7297 679 700 7298 997 1029 7299 976 1008 7300 679 700 7301 1059 1097 7302 1966 2056 7303 1003 1035 7304 1966 2056 7305 1965 2055 7306 1003 1035 7307 1973 2063 7308 1014 1046 7309 1975 2065 7310 1014 1046 7311 1012 1044 7312 1975 2065 7313 1026 1061 7314 1035 1070 7315 2268 2361 7316 1035 1070 7317 969 1001 7318 2268 2361 7319 2265 2358 7320 2266 2359 7321 2281 2374 7322 2266 2359 7323 2282 2375 7324 2281 2374 7325 1048 1085 7326 1047 1084 7327 1062 1100 7328 1047 1084 7329 1054 1091 7330 1062 1100 7331 2271 2364 7332 992 1024 7333 2268 2361 7334 992 1024 7335 1026 1061 7336 2268 2361 7337 1054 1091 7338 965 997 7339 1062 1100 7340 965 997 7341 975 1007 7342 1062 1100 7343 680 701 7344 1040 1075 7345 645 666 7346 1040 1075 7347 997 1029 7348 645 666 7349 605 626 7350 652 673 7351 609 630 7352 652 673 7353 608 629 7354 609 630 7355 1010 1042 7356 1969 2059 7357 1066 1104 7358 1969 2059 7359 1972 2062 7360 1066 1104 7361 2278 2371 7362 960 1078 7363 2277 2370 7364 960 1078 7365 1042 1077 7366 2277 2370 7367 1041 1076 7368 1056 1094 7369 956 1053 7370 1056 1094 7371 957 1093 7372 956 1053 7373 1066 1104 7374 1972 2062 7375 1006 1038 7376 1972 2062 7377 1971 2061 7378 1006 1038 7379 1001 1033 7380 1000 1032 7381 1967 2057 7382 1000 1032 7383 1968 2058 7384 1967 2057 7385 995 1027 7386 976 1008 7387 996 1028 7388 976 1008 7389 997 1029 7390 996 1028 7391 1025 1060 7392 1024 1059 7393 2275 2368 7394 1024 1059 7395 961 993 7396 2275 2368 7397 979 1011 7398 981 1013 7399 1977 2067 7400 981 1013 7401 2283 2376 7402 1977 2067 7403 2272 2365 7404 1032 1067 7405 2271 2364 7406 1032 1067 7407 992 1024 7408 2271 2364 7409 2274 2367 7410 2265 2358 7411 2284 2377 7412 2265 2358 7413 2281 2374 7414 2284 2377 7415 1000 1032 7416 1058 1096 7417 1003 1035 7418 1058 1096 7419 1004 1036 7420 1003 1035 7421 1008 1040 7422 1005 1037 7423 1065 1103 7424 1005 1037 7425 1007 1039 7426 1065 1103 7427 2285 2378 7428 1031 1066 7429 981 1013 7430 1031 1066 7431 2283 2376 7432 981 1013 7433 1050 1087 7434 2282 2375 7435 970 1002 7436 2282 2375 7437 2266 2359 7438 970 1002 7439 1063 1101 7440 1013 1045 7441 1014 1046 7442 1013 1045 7443 1012 1044 7444 1014 1046 7445 1009 1041 7446 1065 1103 7447 1006 1038 7448 1065 1103 7449 1007 1039 7450 1006 1038 7451 1976 2066 7452 2286 2379 7453 611 632 7454 2286 2379 7455 971 1003 7456 611 632 7457 1053 1090 7458 2262 2355 7459 1024 1059 7460 2262 2355 7461 2261 2354 7462 1024 1059 7463 1031 1066 7464 2285 2378 7465 1029 1064 7466 2285 2378 7467 2287 2380 7468 1029 1064 7469 965 997 7470 1054 1091 7471 966 998 7472 1054 1091 7473 1051 1088 7474 966 998 7475 2267 2360 7476 2269 2362 7477 2268 2361 7478 2269 2362 7479 2271 2364 7480 2268 2361 7481 974 1006 7482 1052 1089 7483 975 1007 7484 1052 1089 7485 1062 1100 7486 975 1007 7487 1068 1106 7488 1067 1105 7489 1034 1069 7490 1067 1105 7491 1050 1087 7492 1034 1069 7493 983 1015 7494 980 1012 7495 2288 2381 7496 980 1012 7497 2289 2382 7498 2288 2381 7499 1077 1122 7500 1079 1124 7501 2290 2383 7502 1079 1124 7503 2276 2369 7504 2290 2383 7505 2276 2369 7506 1081 1126 7507 2290 2383 7508 1081 1126 7509 1080 1125 7510 2290 2383 7511 2291 2384 7512 2292 2385 7513 2293 2386 7514 2292 2385 7515 2294 2387 7516 2293 2386 7517 1076 1121 7518 2291 2384 7519 1082 1127 7520 2291 2384 7521 2293 2386 7522 1082 1127 7523 1041 1119 7524 1018 2388 7525 1075 1120 7526 1018 2388 7527 2295 2389 7528 1075 1120 7529 1083 1128 7530 2295 2389 7531 1017 1130 7532 2295 2389 7533 1018 2388 7534 1017 1130 7535 2277 2390 7536 1042 2391 7537 2291 2384 7538 1042 2391 7539 2292 2385 7540 2291 2384 7541 1057 1129 7542 2277 2390 7543 1076 1121 7544 2277 2390 7545 2291 2384 7546 1076 1121 7547 2296 2392 7548 2297 2393 7549 2298 2394 7550 2297 2393 7551 2299 2395 7552 2298 2394 7553 2300 2396 7554 2301 2397 7555 2302 2398 7556 2301 2397 7557 2303 2399 7558 2302 2398 7559 2304 2400 7560 2305 2401 7561 2306 2402 7562 2305 2401 7563 2307 2403 7564 2306 2402 7565 2308 2404 7566 2309 2405 7567 2310 2406 7568 2309 2405 7569 2311 2407 7570 2310 2406 7571 2312 2408 7572 2313 2409 7573 2314 2410 7574 2313 2409 7575 2315 2411 7576 2314 2410 7577 2297 2393 7578 2316 2412 7579 2299 2395 7580 2316 2412 7581 2317 2413 7582 2299 2395 7583 2301 2397 7584 2318 2414 7585 2303 2399 7586 2318 2414 7587 2319 2415 7588 2303 2399 7589 2305 2401 7590 2320 2416 7591 2307 2403 7592 2320 2416 7593 2321 2417 7594 2307 2403 7595 2309 2405 7596 2322 2418 7597 2311 2407 7598 2322 2418 7599 2323 2419 7600 2311 2407 7601 2313 2409 7602 2324 2420 7603 2315 2411 7604 2324 2420 7605 2325 2421 7606 2315 2411 7607 2324 2420 7608 1108 1155 7609 2325 2421 7610 1108 1155 7611 1110 1157 7612 2325 2421 7613 2322 2418 7614 1120 1167 7615 2323 2419 7616 1120 1167 7617 1122 1169 7618 2323 2419 7619 2320 2416 7620 1132 1179 7621 2321 2417 7622 1132 1179 7623 1134 1181 7624 2321 2417 7625 2318 2414 7626 1085 1132 7627 2319 2415 7628 1085 1132 7629 1087 1134 7630 2319 2415 7631 2316 2412 7632 1097 1144 7633 2317 2413 7634 1097 1144 7635 1099 1146 7636 2317 2413 7637 2326 2422 7638 789 819 7639 2327 2423 7640 789 819 7641 787 817 7642 2327 2423 7643 2328 2424 7644 784 814 7645 2326 2422 7646 784 814 7647 789 819 7648 2326 2422 7649 2329 2425 7650 785 815 7651 2328 2424 7652 785 815 7653 784 814 7654 2328 2424 7655 2330 2426 7656 2331 2427 7657 2329 2425 7658 2331 2427 7659 785 815 7660 2329 2425 7661 2332 2428 7662 2333 2429 7663 2330 2426 7664 2333 2429 7665 2331 2427 7666 2330 2426 7667 2334 2430 7668 2335 2431 7669 2332 2428 7670 2335 2431 7671 2333 2429 7672 2332 2428 7673 2336 2432 7674 788 818 7675 2334 2430 7676 788 818 7677 2335 2431 7678 2334 2430 7679 2327 2423 7680 787 817 7681 2336 2432 7682 787 817 7683 788 818 7684 2336 2432 7685 1156 1203 7686 1155 1202 7687 2337 2433 7688 1155 1202 7689 2338 2434 7690 2337 2433 7691 1156 1203 7692 1170 1217 7693 1157 1204 7694 1170 1217 7695 1169 1216 7696 1157 1204 7697 1160 1207 7698 1162 1209 7699 1219 1269 7700 1162 1209 7701 2337 2433 7702 1219 1269 7703 1208 1255 7704 1205 1252 7705 1206 1253 7706 1205 1252 7707 1271 1324 7708 1206 1253 7709 1219 1269 7710 1157 1204 7711 1160 1207 7712 1157 1204 7713 1169 1216 7714 1160 1207 7715 1161 1208 7716 1168 1215 7717 1162 1209 7718 1168 1215 7719 1170 1217 7720 1162 1209 7721 1255 1307 7722 1160 1207 7723 1254 1306 7724 1160 1207 7725 1169 1216 7726 1254 1306 7727 1207 1254 7728 1956 2046 7729 1204 1251 7730 1956 2046 7731 1955 2045 7732 1204 1251 7733 2339 2435 7734 1244 1294 7735 1189 1236 7736 1244 1294 7737 1191 1238 7738 1189 1236 7739 1213 1260 7740 1953 2043 7741 1214 1261 7742 1953 2043 7743 1952 2042 7744 1214 1261 7745 2340 2436 7746 2341 2437 7747 2342 2438 7748 2341 2437 7749 2343 2439 7750 2342 2438 7751 2341 2437 7752 1237 1287 7753 2343 2439 7754 1237 1287 7755 2344 2440 7756 2343 2439 7757 1237 1287 7758 1236 1286 7759 2344 2440 7760 1236 1286 7761 2345 2441 7762 2344 2440 7763 1236 1286 7764 2346 2442 7765 2345 2441 7766 2346 2442 7767 2347 2443 7768 2345 2441 7769 2348 2444 7770 2349 2445 7771 2350 2446 7772 2349 2445 7773 2351 2447 7774 2350 2446 7775 2349 2445 7776 2352 2448 7777 2351 2447 7778 2352 2448 7779 2353 2449 7780 2351 2447 7781 1240 1290 7782 1221 1271 7783 1230 1280 7784 1221 1271 7785 1231 1281 7786 1230 1280 7787 1951 2041 7788 1950 2040 7789 1210 1257 7790 1950 2040 7791 1269 1322 7792 1210 1257 7793 1155 1202 7794 1157 1204 7795 1223 1273 7796 1157 1204 7797 2354 2450 7798 1223 1273 7799 2337 2433 7800 1162 1209 7801 1156 1203 7802 1162 1209 7803 1170 1217 7804 1156 1203 7805 2355 2451 7806 1284 1339 7807 2342 2438 7808 1284 1339 7809 2353 2449 7810 2342 2438 7811 1166 1213 7812 637 658 7813 1158 1205 7814 637 658 7815 1159 1206 7816 1158 1205 7817 2342 2438 7818 2353 2449 7819 2340 2436 7820 2353 2449 7821 2352 2448 7822 2340 2436 7823 1275 1328 7824 634 655 7825 1276 1329 7826 634 655 7827 1964 2054 7828 1276 1329 7829 1206 1253 7830 1957 2047 7831 1207 1254 7832 1957 2047 7833 1956 2046 7834 1207 1254 7835 619 640 7836 1174 1221 7837 684 705 7838 1174 1221 7839 1173 1220 7840 684 705 7841 2356 2452 7842 2357 2453 7843 1260 1313 7844 2357 2453 7845 1153 1300 7846 1260 1313 7847 2342 2438 7848 2343 2439 7849 2355 2451 7850 2343 2439 7851 1281 1336 7852 2355 2451 7853 1282 1337 7854 1281 1336 7855 2344 2440 7856 1281 1336 7857 2343 2439 7858 2344 2440 7859 2358 2454 7860 1282 1337 7861 2345 2441 7862 1282 1337 7863 2344 2440 7864 2345 2441 7865 2359 2455 7866 2358 2454 7867 2347 2443 7868 2358 2454 7869 2345 2441 7870 2347 2443 7871 2347 2443 7872 2350 2446 7873 2359 2455 7874 2350 2446 7875 1287 1342 7876 2359 2455 7877 1287 1342 7878 2350 2446 7879 1280 1335 7880 2350 2446 7881 2351 2447 7882 1280 1335 7883 1284 1339 7884 1280 1335 7885 2353 2449 7886 1280 1335 7887 2351 2447 7888 2353 2449 7889 633 654 7890 1244 1294 7891 1963 2053 7892 1244 1294 7893 2339 2435 7894 1963 2053 7895 636 657 7896 2360 2456 7897 1171 1218 7898 2360 2456 7899 1192 1239 7900 1171 1218 7901 2361 2457 7902 2362 2458 7903 2363 2459 7904 2362 2458 7905 2364 2460 7906 2363 2459 7907 1201 1248 7908 2365 2461 7909 1262 1315 7910 2365 2461 7911 2366 2462 7912 1262 1315 7913 1167 1214 7914 2365 2461 7915 2361 2457 7916 2365 2461 7917 2362 2458 7918 2361 2457 7919 627 648 7920 1955 2045 7921 626 647 7922 1955 2045 7923 1956 2046 7924 626 647 7925 1951 2041 7926 1210 1257 7927 1952 2042 7928 1210 1257 7929 1214 1261 7930 1952 2042 7931 2346 2442 7932 1236 1286 7933 1234 1284 7934 1236 1286 7935 1241 1291 7936 1234 1284 7937 2367 2463 7938 2368 2464 7939 2340 2436 7940 2368 2464 7941 2341 2437 7942 2340 2436 7943 1267 1320 7944 1257 1309 7945 1252 1304 7946 1257 1309 7947 1253 1305 7948 1252 1304 7949 2346 2442 7950 1234 1284 7951 2348 2444 7952 1234 1284 7953 1184 1231 7954 2348 2444 7955 1267 1320 7956 1168 1215 7957 1257 1309 7958 1168 1215 7959 1161 1208 7960 1257 1309 7961 1266 1319 7962 1265 1318 7963 2367 2463 7964 1265 1318 7965 2368 2464 7966 2367 2463 7967 1271 1324 7968 1954 2044 7969 1206 1253 7970 1954 2044 7971 1957 2047 7972 1206 1253 7973 2356 2452 7974 1247 1298 7975 2357 2453 7976 1247 1298 7977 1154 1297 7978 2357 2453 7979 1152 1266 7980 1151 1311 7981 1245 1295 7982 1151 1311 7983 1259 1312 7984 1245 1295 7985 1204 1251 7986 1955 2045 7987 1271 1324 7988 1955 2045 7989 1954 2044 7990 1271 1324 7991 2364 2460 7992 2362 2458 7993 1197 1244 7994 2362 2458 7995 1198 1245 7996 1197 1244 7997 2365 2461 7998 1201 1248 7999 2362 2458 8000 1201 1248 8001 1198 1245 8002 2362 2458 8003 1193 1240 8004 1192 1239 8005 1188 1235 8006 1192 1239 8007 2360 2456 8008 1188 1235 8009 2354 2450 8010 1157 1204 8011 1218 1268 8012 1157 1204 8013 1219 1269 8014 1218 1268 8015 2348 2444 8016 1184 1231 8017 2349 2445 8018 1184 1231 8019 1233 1283 8020 2349 2445 8021 1238 1288 8022 2352 2448 8023 1233 1283 8024 2352 2448 8025 2349 2445 8026 1233 1283 8027 1238 1288 8028 1233 1283 8029 1239 1289 8030 1233 1283 8031 1195 1242 8032 1239 1289 8033 2369 2465 8034 1960 2050 8035 1177 1224 8036 1960 2050 8037 1179 1226 8038 1177 1224 8039 1201 1248 8040 1200 1247 8041 1198 1245 8042 1200 1247 8043 1261 1314 8044 1198 1245 8045 1270 1323 8046 1203 1250 8047 1208 1255 8048 1203 1250 8049 1205 1252 8050 1208 1255 8051 1177 1224 8052 1227 1277 8053 2369 2465 8054 1227 1277 8055 1226 1276 8056 2369 2465 8057 1196 1243 8058 1276 1329 8059 1194 1241 8060 1276 1329 8061 2370 2466 8062 1194 1241 8063 1194 1241 8064 2370 2466 8065 1226 1276 8066 2370 2466 8067 2369 2465 8068 1226 1276 8069 1214 1261 8070 1210 1257 8071 1268 1321 8072 1210 1257 8073 1209 1256 8074 1268 1321 8075 1204 1251 8076 1203 1250 8077 1207 1254 8078 1203 1250 8079 1270 1323 8080 1207 1254 8081 1219 1269 8082 2337 2433 8083 1256 1308 8084 2337 2433 8085 2338 2434 8086 1256 1308 8087 1160 1207 8088 1255 1307 8089 1161 1208 8090 1255 1307 8091 1257 1309 8092 1161 1208 8093 2346 2442 8094 2348 2444 8095 2347 2443 8096 2348 2444 8097 2350 2446 8098 2347 2443 8099 1168 1215 8100 1267 1320 8101 1169 1216 8102 1267 1320 8103 1254 1306 8104 1169 1216 8105 1235 1285 8106 1187 1234 8107 1273 1326 8108 1187 1234 8109 1272 1325 8110 1273 1326 8111 2371 2467 8112 2355 2451 8113 1283 1338 8114 2355 2451 8115 1281 1336 8116 1283 1338 8117 2371 2467 8118 1285 1340 8119 2355 2451 8120 1285 1340 8121 1284 1339 8122 2355 2451 8123 2372 2468 8124 1286 1341 8125 2373 2469 8126 1286 1341 8127 1279 1334 8128 2373 2469 8129 1290 1345 8130 2372 2468 8131 1288 1343 8132 2372 2468 8133 2373 2469 8134 1288 1343 8135 2374 2470 8136 2375 2471 8137 2376 2472 8138 2375 2471 8139 2377 2473 8140 2376 2472 8141 1319 1383 8142 1321 1385 8143 2378 2474 8144 1321 1385 8145 2379 2475 8146 2378 2474 8147 2380 2476 8148 2381 2477 8149 1336 1400 8150 2381 2477 8151 1334 1398 8152 1336 1400 8153 1346 1410 8154 2380 2476 8155 1339 1403 8156 2380 2476 8157 1336 1400 8158 1339 1403 8159 2382 2478 8160 2383 2479 8161 2384 2480 8162 2383 2479 8163 2385 2481 8164 2384 2480 8165 2386 2482 8166 2382 2478 8167 2387 2483 8168 2382 2478 8169 2384 2480 8170 2387 2483 8171 2388 2484 8172 2386 2482 8173 2389 2485 8174 2386 2482 8175 2387 2483 8176 2389 2485 8177 2390 2486 8178 2388 2484 8179 2391 2487 8180 2388 2484 8181 2389 2485 8182 2391 2487 8183 2392 2488 8184 2393 2489 8185 2394 2490 8186 2393 2489 8187 2395 2491 8188 2394 2490 8189 2396 2492 8190 2392 2488 8191 2397 2493 8192 2392 2488 8193 2394 2490 8194 2397 2493 8195 2398 2494 8196 2376 2472 8197 1335 1399 8198 2376 2472 8199 1337 1401 8200 1335 1399 8201 2376 2472 8202 2377 2473 8203 1337 1401 8204 2377 2473 8205 1338 1402 8206 1337 1401 8207 2399 2495 8208 2400 2496 8209 1344 1408 8210 2400 2496 8211 1341 1405 8212 1344 1408 8213 2397 2493 8214 2394 2490 8215 1320 1384 8216 2394 2490 8217 1327 1391 8218 1320 1384 8219 2384 2480 8220 2385 2481 8221 1323 1387 8222 2385 2481 8223 2401 2497 8224 1323 1387 8225 2387 2483 8226 2384 2480 8227 1322 1386 8228 2384 2480 8229 1323 1387 8230 1322 1386 8231 2389 2485 8232 2387 2483 8233 1326 1390 8234 2387 2483 8235 1322 1386 8236 1326 1390 8237 2391 2487 8238 2389 2485 8239 1342 1406 8240 2389 2485 8241 1326 1390 8242 1342 1406 8243 2394 2490 8244 2395 2491 8245 1327 1391 8246 2395 2491 8247 1328 1392 8248 1327 1391 8249 2400 2496 8250 2402 2498 8251 1341 1405 8252 2402 2498 8253 1331 1395 8254 1341 1405 8255 1331 1395 8256 2402 2498 8257 1332 1396 8258 2402 2498 8259 2403 2499 8260 1332 1396 8261 2404 2500 8262 2405 2501 8263 2399 2495 8264 2405 2501 8265 2400 2496 8266 2399 2495 8267 2405 2501 8268 2406 2502 8269 2400 2496 8270 2406 2502 8271 2402 2498 8272 2400 2496 8273 2406 2502 8274 2407 2503 8275 2402 2498 8276 2407 2503 8277 2403 2499 8278 2402 2498 8279 2408 2504 8280 2374 2470 8281 2398 2494 8282 2374 2470 8283 2376 2472 8284 2398 2494 8285 2407 2503 8286 2409 2505 8287 2403 2499 8288 2409 2505 8289 2410 2506 8290 2403 2499 8291 2379 2475 8292 1321 1385 8293 1343 1407 8294 1321 1385 8295 1329 1393 8296 1343 1407 8297 2403 2499 8298 2410 2506 8299 1332 1396 8300 2410 2506 8301 2411 2507 8302 1332 1396 8303 2412 2508 8304 2413 2509 8305 2414 2510 8306 2413 2509 8307 2415 2511 8308 2414 2510 8309 1347 1411 8310 1349 1413 8311 2416 2512 8312 1349 1413 8313 2417 2513 8314 2416 2512 8315 2418 2514 8316 2419 2515 8317 1364 1428 8318 2419 2515 8319 1362 1426 8320 1364 1428 8321 1374 1438 8322 2418 2514 8323 1367 1431 8324 2418 2514 8325 1364 1428 8326 1367 1431 8327 2420 2516 8328 2421 2517 8329 2422 2518 8330 2421 2517 8331 2423 2519 8332 2422 2518 8333 2424 2520 8334 2420 2516 8335 2425 2521 8336 2420 2516 8337 2422 2518 8338 2425 2521 8339 2426 2522 8340 2424 2520 8341 2427 2523 8342 2424 2520 8343 2425 2521 8344 2427 2523 8345 2428 2524 8346 2426 2522 8347 2429 2525 8348 2426 2522 8349 2427 2523 8350 2429 2525 8351 2430 2526 8352 2431 2527 8353 2432 2528 8354 2431 2527 8355 2433 2529 8356 2432 2528 8357 2434 2530 8358 2430 2526 8359 2435 2531 8360 2430 2526 8361 2432 2528 8362 2435 2531 8363 2436 2532 8364 2414 2510 8365 1363 1427 8366 2414 2510 8367 1365 1429 8368 1363 1427 8369 2414 2510 8370 2415 2511 8371 1365 1429 8372 2415 2511 8373 1366 1430 8374 1365 1429 8375 2437 2533 8376 2438 2534 8377 1372 1436 8378 2438 2534 8379 1369 1433 8380 1372 1436 8381 2435 2531 8382 2432 2528 8383 1348 1412 8384 2432 2528 8385 1355 1419 8386 1348 1412 8387 2422 2518 8388 2423 2519 8389 1351 1415 8390 2423 2519 8391 2439 2535 8392 1351 1415 8393 2425 2521 8394 2422 2518 8395 1350 1414 8396 2422 2518 8397 1351 1415 8398 1350 1414 8399 2427 2523 8400 2425 2521 8401 1354 1418 8402 2425 2521 8403 1350 1414 8404 1354 1418 8405 2429 2525 8406 2427 2523 8407 1370 1434 8408 2427 2523 8409 1354 1418 8410 1370 1434 8411 2432 2528 8412 2433 2529 8413 1355 1419 8414 2433 2529 8415 1356 1420 8416 1355 1419 8417 2438 2534 8418 2440 2536 8419 1369 1433 8420 2440 2536 8421 1359 1423 8422 1369 1433 8423 1359 1423 8424 2440 2536 8425 1360 1424 8426 2440 2536 8427 2441 2537 8428 1360 1424 8429 2442 2538 8430 2443 2539 8431 2437 2533 8432 2443 2539 8433 2438 2534 8434 2437 2533 8435 2443 2539 8436 2444 2540 8437 2438 2534 8438 2444 2540 8439 2440 2536 8440 2438 2534 8441 2444 2540 8442 2445 2541 8443 2440 2536 8444 2445 2541 8445 2441 2537 8446 2440 2536 8447 2446 2542 8448 2412 2508 8449 2436 2532 8450 2412 2508 8451 2414 2510 8452 2436 2532 8453 2445 2541 8454 2447 2543 8455 2441 2537 8456 2447 2543 8457 2448 2544 8458 2441 2537 8459 2417 2513 8460 1349 1413 8461 1371 1435 8462 1349 1413 8463 1357 1421 8464 1371 1435 8465 2441 2537 8466 2448 2544 8467 1360 1424 8468 2448 2544 8469 2449 2545 8470 1360 1424 8471 2450 2546 8472 2451 2547 8473 2452 2548 8474 2451 2547 8475 2453 2549 8476 2452 2548 8477 1803 1877 8478 1572 1640 8479 2454 2550 8480 1572 1640 8481 1403 1467 8482 2454 2550 8483 1387 1751 8484 2455 2551 8485 1388 1452 8486 2455 2551 8487 2456 2552 8488 1388 1452 8489 1392 1456 8490 2457 2553 8491 1390 1454 8492 2457 2553 8493 2458 2554 8494 1390 1454 8495 1737 1809 8496 1731 1803 8497 2459 2555 8498 1731 1803 8499 1805 1879 8500 2459 2555 8501 1376 1440 8502 1382 1446 8503 2460 2556 8504 1382 1446 8505 1381 1445 8506 2460 2556 8507 2461 2557 8508 2459 2555 8509 2462 2558 8510 2459 2555 8511 2454 2550 8512 2462 2558 8513 1403 1467 8514 1377 1441 8515 2454 2550 8516 1377 1441 8517 2462 2558 8518 2454 2550 8519 1737 1809 8520 2459 2555 8521 1738 1810 8522 2459 2555 8523 2461 2557 8524 1738 1810 8525 1402 1466 8526 1385 1449 8527 1379 1443 8528 1385 1449 8529 1380 1444 8530 1379 1443 8531 1803 1877 8532 2454 2550 8533 1805 1879 8534 2454 2550 8535 2459 2555 8536 1805 1879 8537 2457 2553 8538 2463 2559 8539 2458 2554 8540 2463 2559 8541 1540 1608 8542 2458 2554 8543 1380 1444 8544 1386 1450 8545 2464 2560 8546 1386 1450 8547 1413 2561 8548 2464 2560 8549 1380 1444 8550 2464 2560 8551 1378 1442 8552 2464 2560 8553 1432 1497 8554 1378 1442 8555 2456 2552 8556 2455 2551 8557 2463 2559 8558 2455 2551 8559 1540 1608 8560 2463 2559 8561 1414 1478 8562 2465 2562 8563 1386 1450 8564 2465 2562 8565 1407 1471 8566 1386 1450 8567 1381 1445 8568 1384 1448 8569 1407 1471 8570 1384 1448 8571 1408 1472 8572 1407 1471 8573 1398 1462 8574 1409 1473 8575 1396 1460 8576 1409 1473 8577 1399 1463 8578 1396 1460 8579 2466 2563 8580 1406 1470 8581 1520 1588 8582 1406 1470 8583 1405 1469 8584 1520 1588 8585 2460 2556 8586 1381 1445 8587 2467 2564 8588 1381 1445 8589 1407 1471 8590 2467 2564 8591 2467 2564 8592 1407 1471 8593 2468 2565 8594 1407 1471 8595 2465 2562 8596 2468 2565 8597 1472 1538 8598 1466 1532 8599 2469 2566 8600 1466 1532 8601 1467 1533 8602 2469 2566 8603 1463 1529 8604 1461 1527 8605 2470 2567 8606 1461 1527 8607 1465 1531 8608 2470 2567 8609 1457 1523 8610 1429 1494 8611 1471 1537 8612 1429 1494 8613 2471 2568 8614 1471 1537 8615 1471 1537 8616 2470 2567 8617 1466 1532 8618 2470 2567 8619 1465 1531 8620 1466 1532 8621 2472 2569 8622 2473 2570 8623 1454 1520 8624 2473 2570 8625 2474 2571 8626 1454 1520 8627 2469 2566 8628 1462 1528 8629 1472 2572 8630 1462 1528 8631 1458 1524 8632 1472 2572 8633 1417 1482 8634 1416 1481 8635 1437 1502 8636 1416 1481 8637 1438 1503 8638 1437 1502 8639 1434 1499 8640 2475 2573 8641 1425 1490 8642 2475 2573 8643 1435 1500 8644 1425 1490 8645 1453 1519 8646 1482 1549 8647 2476 2574 8648 1482 1549 8649 2477 2575 8650 2476 2574 8651 2477 2575 8652 2478 2576 8653 2476 2574 8654 2478 2576 8655 2479 2577 8656 2476 2574 8657 1428 1493 8658 1444 1510 8659 1429 1494 8660 1444 1510 8661 2471 2568 8662 1429 1494 8663 1477 1544 8664 2480 2578 8665 2481 2579 8666 2480 2578 8667 2482 2580 8668 2481 2579 8669 2483 2581 8670 1426 1491 8671 2484 2582 8672 1426 1491 8673 2485 2583 8674 2484 2582 8675 1478 1545 8676 2484 2582 8677 1416 1481 8678 2484 2582 8679 2485 2583 8680 1416 1481 8681 2484 2582 8682 2486 2584 8683 2483 2581 8684 2486 2584 8685 2487 2585 8686 2483 2581 8687 1444 1510 8688 1437 1502 8689 2475 2573 8690 1437 1502 8691 1435 1500 8692 2475 2573 8693 1457 1523 8694 1471 1537 8695 1458 1524 8696 1471 1537 8697 1472 2572 8698 1458 1524 8699 1428 1493 8700 1430 1495 8701 1444 1510 8702 1430 1495 8703 1417 1482 8704 1444 1510 8705 2478 2576 8706 2477 2575 8707 1460 1526 8708 2477 2575 8709 2488 2586 8710 1460 1526 8711 1423 1488 8712 2486 2584 8713 1478 1545 8714 2486 2584 8715 2484 2582 8716 1478 1545 8717 1482 1549 8718 2469 2566 8719 2477 2575 8720 2469 2566 8721 2488 2586 8722 2477 2575 8723 2486 2584 8724 1557 1625 8725 2487 2585 8726 1557 1625 8727 1491 1559 8728 2487 2585 8729 1416 1481 8730 2485 2583 8731 1438 1503 8732 2485 2583 8733 1439 1504 8734 1438 1503 8735 2475 2573 8736 1434 1499 8737 1476 1543 8738 1434 1499 8739 2489 2587 8740 1476 1543 8741 1491 1559 8742 1557 1625 8743 1484 1551 8744 1557 1625 8745 1560 1628 8746 1484 1551 8747 1484 1551 8748 1560 1628 8749 1420 1485 8750 1560 1628 8751 1418 1483 8752 1420 1485 8753 1422 1487 8754 1557 1625 8755 1423 1488 8756 1557 1625 8757 2486 2584 8758 1423 1488 8759 1431 1496 8760 2481 2579 8761 1378 1442 8762 2481 2579 8763 2482 2580 8764 1378 1442 8765 1442 2588 8766 1441 2589 8767 1431 1496 8768 1441 2589 8769 2481 2579 8770 1431 1496 8771 1475 1542 8772 1444 1510 8773 1476 1543 8774 1444 1510 8775 2475 2573 8776 1476 1543 8777 2471 2568 8778 1444 1510 8779 1469 1535 8780 1444 1510 8781 1475 1542 8782 1469 1535 8783 1445 1511 8784 1447 1513 8785 2472 2569 8786 1447 1513 8787 2473 2570 8788 2472 2569 8789 1474 2590 8790 1445 1511 8791 1441 2589 8792 1445 1511 8793 2472 2569 8794 1441 2589 8795 1456 1522 8796 1455 1521 8797 1471 1537 8798 1455 1521 8799 2470 2567 8800 1471 1537 8801 2471 2568 8802 1469 1535 8803 1471 1537 8804 1469 1535 8805 1456 1522 8806 1471 1537 8807 1595 1663 8808 2490 2591 8809 1451 1517 8810 2490 2591 8811 2491 2592 8812 1451 1517 8813 2476 2574 8814 2479 2577 8815 1591 1659 8816 2479 2577 8817 1611 1679 8818 1591 1659 8819 2491 2592 8820 2490 2591 8821 2492 2593 8822 2490 2591 8823 2493 2594 8824 2492 2593 8825 1468 1534 8826 2488 2586 8827 1467 1533 8828 2488 2586 8829 2469 2566 8830 1467 1533 8831 1426 1491 8832 1425 1490 8833 2485 2583 8834 1425 1490 8835 1439 1504 8836 2485 2583 8837 1460 1526 8838 2488 2586 8839 1461 1527 8840 2488 2586 8841 1468 1534 8842 1461 1527 8843 1597 1665 8844 1453 1519 8845 1591 1659 8846 1453 1519 8847 2476 2574 8848 1591 1659 8849 1603 1671 8850 1449 1515 8851 1596 1664 8852 1449 1515 8853 1448 1514 8854 1596 1664 8855 1611 1679 8856 1603 1671 8857 1591 1659 8858 1603 1671 8859 1596 1664 8860 1591 1659 8861 1453 1519 8862 1452 1518 8863 1482 1549 8864 1452 1518 8865 1479 1546 8866 1482 1549 8867 2470 2567 8868 1455 1521 8869 1463 1529 8870 1455 1521 8871 2494 2595 8872 1463 1529 8873 1480 1547 8874 2495 2596 8875 1481 1548 8876 2495 2596 8877 2496 2597 8878 1481 1548 8879 2494 2595 8880 1455 1521 8881 2474 2571 8882 1455 1521 8883 1454 1520 8884 2474 2571 8885 1441 2589 8886 2472 2569 8887 1470 1536 8888 2472 2569 8889 1454 1520 8890 1470 1536 8891 2489 2587 8892 2480 2578 8893 1476 1543 8894 2480 2578 8895 1477 1544 8896 1476 1543 8897 1470 1536 8898 1477 1544 8899 1441 2589 8900 1477 1544 8901 2481 2579 8902 1441 2589 8903 1453 1519 8904 1597 1665 8905 1451 1517 8906 1597 1665 8907 1595 1663 8908 1451 1517 8909 2497 2598 8910 2498 2599 8911 2499 2600 8912 2498 2599 8913 2500 2601 8914 2499 2600 8915 1487 1555 8916 2501 2602 8917 1488 1556 8918 2501 2602 8919 2502 2603 8920 1488 1556 8921 2498 2599 8922 2501 2602 8923 2483 2581 8924 2501 2602 8925 1426 1491 8926 2483 2581 8927 2502 2603 8928 2501 2602 8929 2497 2598 8930 2501 2602 8931 2498 2599 8932 2497 2598 8933 2480 2578 8934 2489 2587 8935 2503 2604 8936 2489 2587 8937 2504 2605 8938 2503 2604 8939 1426 1491 8940 2501 2602 8941 1485 1552 8942 2501 2602 8943 1487 1555 8944 1485 1552 8945 2497 2598 8946 2504 2605 8947 2502 2603 8948 2504 2605 8949 2505 2606 8950 2502 2603 8951 2500 2601 8952 2498 2599 8953 2487 2585 8954 2498 2599 8955 2483 2581 8956 2487 2585 8957 2480 2578 8958 2503 2604 8959 2482 2580 8960 2503 2604 8961 2506 2607 8962 2482 2580 8963 1490 1558 8964 2505 2606 8965 1489 1557 8966 2505 2606 8967 1434 1499 8968 1489 1557 8969 1401 1465 8970 1379 1443 8971 2507 2608 8972 1379 1443 8973 2506 2607 8974 2507 2608 8975 2507 2608 8976 2506 2607 8977 2499 2600 8978 2506 2607 8979 2503 2604 8980 2499 2600 8981 1491 1559 8982 2508 2609 8983 2487 2585 8984 2508 2609 8985 2500 2601 8986 2487 2585 8987 1434 1499 8988 2505 2606 8989 2489 2587 8990 2505 2606 8991 2504 2605 8992 2489 2587 8993 2508 2609 8994 1491 1559 8995 2509 2610 8996 1491 1559 8997 1483 1550 8998 2509 2610 8999 2507 2608 9000 2508 2609 9001 1401 1465 9002 2508 2609 9003 2509 2610 9004 1401 1465 9005 2482 2580 9006 2506 2607 9007 1378 1442 9008 2506 2607 9009 1379 1443 9010 1378 1442 9011 2503 2604 9012 2504 2605 9013 2499 2600 9014 2504 2605 9015 2497 2598 9016 2499 2600 9017 1488 1556 9018 2502 2603 9019 1490 1558 9020 2502 2603 9021 2505 2606 9022 1490 1558 9023 2500 2601 9024 2508 2609 9025 2499 2600 9026 2508 2609 9027 2507 2608 9028 2499 2600 9029 1523 1591 9030 1501 1569 9031 1502 1570 9032 1501 1569 9033 1500 1568 9034 1502 1570 9035 1518 1586 9036 1498 1566 9037 1504 1572 9038 1498 1566 9039 1511 1579 9040 1504 1572 9041 1524 1592 9042 1501 1569 9043 1517 1585 9044 1501 1569 9045 1523 1591 9046 1517 1585 9047 1517 1585 9048 1523 1591 9049 1511 1579 9050 1523 1591 9051 1504 1572 9052 1511 1579 9053 1405 1469 9054 1404 1468 9055 1493 1561 9056 1404 1468 9057 1494 1562 9058 1493 1561 9059 1504 1572 9060 1503 1571 9061 1518 1586 9062 1503 1571 9063 1519 1587 9064 1518 1586 9065 1508 1576 9066 1526 1594 9067 1507 1575 9068 1526 1594 9069 1525 1593 9070 1507 1575 9071 1527 1595 9072 1390 1454 9073 2510 2611 9074 1390 1454 9075 2458 2554 9076 2510 2611 9077 1534 1602 9078 1533 1601 9079 2511 2612 9080 1533 1601 9081 1528 1596 9082 2511 2612 9083 2510 2611 9084 2458 2554 9085 1539 1607 9086 2458 2554 9087 1540 1608 9088 1539 1607 9089 1533 1601 9090 1532 1600 9091 1528 1596 9092 1532 1600 9093 1390 1454 9094 1528 1596 9095 2512 2613 9096 2513 2614 9097 1547 1615 9098 2513 2614 9099 1549 1617 9100 1547 1615 9101 2514 2615 9102 2515 2616 9103 1655 1723 9104 2515 2616 9105 1649 1717 9106 1655 1723 9107 2515 2616 9108 1547 1615 9109 1649 1717 9110 1547 1615 9111 1546 1614 9112 1649 1717 9113 2516 2617 9114 2517 2618 9115 2518 2619 9116 2517 2618 9117 2519 2620 9118 2518 2619 9119 1550 1618 9120 1543 1611 9121 2520 2621 9122 1543 1611 9123 2521 2622 9124 2520 2621 9125 1553 1621 9126 1544 1612 9127 1554 1622 9128 1544 1612 9129 1542 1610 9130 1554 1622 9131 2522 2623 9132 2523 2624 9133 2514 2615 9134 2523 2624 9135 2515 2616 9136 2514 2615 9137 2522 2623 9138 2514 2615 9139 2516 2617 9140 2514 2615 9141 2517 2618 9142 2516 2617 9143 2512 2613 9144 1547 1615 9145 2523 2624 9146 1547 1615 9147 2515 2616 9148 2523 2624 9149 1542 1610 9150 1545 1613 9151 1543 1611 9152 1545 1613 9153 2521 2622 9154 1543 1611 9155 2514 2615 9156 1655 1723 9157 2517 2618 9158 1655 1723 9159 1552 1620 9160 2517 2618 9161 2517 2618 9162 1552 1620 9163 2519 2620 9164 1552 1620 9165 1554 1622 9166 2519 2620 9167 1554 1622 9168 1541 1609 9169 2519 2620 9170 1541 1609 9171 1555 1623 9172 2519 2620 9173 2524 2625 9174 2492 2593 9175 2525 2626 9176 2492 2593 9177 2526 2627 9178 2525 2626 9179 2527 2628 9180 2528 2629 9181 2529 2630 9182 2528 2629 9183 2530 2631 9184 2529 2630 9185 2530 2631 9186 2531 2632 9187 2529 2630 9188 2531 2632 9189 2532 2633 9190 2529 2630 9191 2526 2627 9192 2528 2629 9193 2525 2626 9194 2528 2629 9195 2527 2628 9196 2525 2626 9197 1584 1652 9198 2533 2634 9199 1566 1634 9200 2533 2634 9201 2534 2635 9202 1566 1634 9203 1581 1649 9204 2535 2636 9205 2536 2637 9206 2535 2636 9207 2537 2638 9208 2536 2637 9209 1588 1656 9210 1589 1657 9211 1375 1439 9212 1589 1657 9213 1382 1446 9214 1375 1439 9215 1382 1446 9216 1589 1657 9217 1383 1447 9218 1589 1657 9219 2536 2637 9220 1383 1447 9221 1588 1656 9222 2538 2639 9223 1573 1641 9224 2538 2639 9225 1586 1654 9226 1573 1641 9227 1573 1641 9228 1586 1654 9229 1574 1642 9230 1586 1654 9231 1571 1639 9232 1574 1642 9233 1384 1448 9234 1383 1447 9235 2537 2638 9236 1383 1447 9237 2536 2637 9238 2537 2638 9239 1580 1648 9240 2539 2640 9241 2540 2641 9242 2539 2640 9243 2541 2642 9244 2540 2641 9245 2535 2636 9246 1581 1649 9247 2540 2641 9248 1581 1649 9249 1580 1648 9250 2540 2641 9251 1581 1649 9252 2536 2637 9253 1579 1647 9254 2536 2637 9255 1589 1657 9256 1579 1647 9257 2538 2639 9258 2533 2634 9259 1586 1654 9260 2533 2634 9261 1584 1652 9262 1586 1654 9263 1572 1640 9264 2538 2639 9265 1375 1439 9266 2538 2639 9267 1588 1656 9268 1375 1439 9269 2542 2643 9270 2543 2644 9271 2544 2645 9272 2543 2644 9273 2545 2646 9274 2544 2645 9275 1602 1670 9276 1448 1514 9277 2546 2647 9278 1448 1514 9279 1450 1516 9280 2546 2647 9281 2543 2644 9282 2547 2648 9283 2545 2646 9284 2547 2648 9285 2548 2649 9286 2545 2646 9287 2549 2650 9288 2526 2627 9289 2493 2594 9290 2526 2627 9291 2492 2593 9292 2493 2594 9293 2546 2647 9294 2550 2651 9295 2493 2594 9296 2550 2651 9297 2549 2650 9298 2493 2594 9299 1602 1670 9300 1594 1662 9301 1596 1664 9302 1594 1662 9303 1593 1661 9304 1596 1664 9305 2550 2651 9306 2551 2652 9307 2542 2643 9308 2551 2652 9309 2552 2653 9310 2542 2643 9311 2546 2647 9312 2493 2594 9313 1602 1670 9314 2493 2594 9315 2490 2591 9316 1602 1670 9317 2545 2646 9318 2530 2631 9319 2544 2645 9320 2530 2631 9321 2528 2629 9322 2544 2645 9323 2545 2646 9324 2548 2649 9325 2530 2631 9326 2548 2649 9327 2531 2632 9328 2530 2631 9329 2549 2650 9330 2544 2645 9331 2526 2627 9332 2544 2645 9333 2528 2629 9334 2526 2627 9335 2543 2644 9336 2553 2654 9337 2547 2648 9338 2553 2654 9339 2554 2655 9340 2547 2648 9341 2542 2643 9342 2552 2653 9343 2543 2644 9344 2552 2653 9345 2553 2654 9346 2543 2644 9347 2550 2651 9348 2542 2643 9349 2549 2650 9350 2542 2643 9351 2544 2645 9352 2549 2650 9353 2546 2647 9354 1450 1516 9355 2550 2651 9356 1450 1516 9357 2551 2652 9358 2550 2651 9359 1595 1663 9360 1594 1662 9361 2490 2591 9362 1594 1662 9363 1602 1670 9364 2490 2591 9365 2555 2656 9366 2556 2657 9367 2557 2658 9368 2556 2657 9369 2558 2659 9370 2557 2658 9371 1606 1674 9372 2559 2660 9373 1607 1675 9374 2559 2660 9375 2560 2661 9376 1607 1675 9377 2478 2576 9378 1460 1526 9379 2558 2659 9380 1460 1526 9381 2560 2661 9382 2558 2659 9383 2557 2658 9384 2558 2659 9385 2559 2660 9386 2558 2659 9387 2560 2661 9388 2559 2660 9389 2561 2662 9390 2562 2663 9391 2474 2571 9392 2562 2663 9393 2494 2595 9394 2474 2571 9395 1605 1673 9396 1607 1675 9397 1460 1526 9398 1607 1675 9399 2560 2661 9400 1460 1526 9401 2559 2660 9402 2563 2664 9403 2557 2658 9404 2563 2664 9405 2562 2663 9406 2557 2658 9407 2479 2577 9408 2478 2576 9409 2556 2657 9410 2478 2576 9411 2558 2659 9412 2556 2657 9413 2473 2570 9414 2564 2665 9415 2474 2571 9416 2564 2665 9417 2561 2662 9418 2474 2571 9419 1609 1677 9420 1463 1529 9421 1610 1678 9422 1463 1529 9423 2563 2664 9424 1610 1678 9425 2565 2666 9426 2564 2665 9427 1709 1779 9428 2564 2665 9429 1710 1780 9430 1709 1779 9431 2555 2656 9432 2561 2662 9433 2565 2666 9434 2561 2662 9435 2564 2665 9436 2565 2666 9437 2479 2577 9438 2556 2657 9439 1611 1679 9440 2556 2657 9441 2566 2667 9442 1611 1679 9443 2494 2595 9444 2562 2663 9445 1463 1529 9446 2562 2663 9447 2563 2664 9448 1463 1529 9449 1726 1798 9450 1604 1672 9451 2566 2667 9452 1604 1672 9453 1611 1679 9454 2566 2667 9455 1709 1779 9456 1726 1798 9457 2565 2666 9458 1726 1798 9459 2566 2667 9460 2565 2666 9461 1447 1513 9462 1710 1780 9463 2473 2570 9464 1710 1780 9465 2564 2665 9466 2473 2570 9467 2555 2656 9468 2557 2658 9469 2561 2662 9470 2557 2658 9471 2562 2663 9472 2561 2662 9473 1610 1678 9474 2563 2664 9475 1606 1674 9476 2563 2664 9477 2559 2660 9478 1606 1674 9479 2555 2656 9480 2565 2666 9481 2556 2657 9482 2565 2666 9483 2566 2667 9484 2556 2657 9485 1614 1682 9486 2567 2668 9487 1633 1701 9488 2567 2668 9489 2568 2669 9490 1633 1701 9491 2569 2670 9492 2570 2671 9493 1628 1696 9494 2570 2671 9495 2571 2672 9496 1628 1696 9497 1620 1688 9498 1691 1760 9499 1636 1704 9500 1691 1760 9501 1637 1705 9502 1636 1704 9503 1690 1759 9504 2569 2670 9505 1691 1760 9506 2569 2670 9507 1637 1705 9508 1691 1760 9509 1623 1691 9510 1634 1702 9511 1636 1704 9512 1634 1702 9513 2572 2673 9514 1636 1704 9515 1622 1690 9516 1615 1683 9517 1623 1691 9518 1615 1683 9519 1634 1702 9520 1623 1691 9521 2570 2671 9522 2569 2670 9523 1721 1791 9524 2569 2670 9525 1690 1759 9526 1721 1791 9527 2573 2674 9528 2574 2675 9529 1629 1697 9530 2574 2675 9531 2575 2676 9532 1629 1697 9533 2573 2674 9534 1629 1697 9535 2571 2672 9536 1629 1697 9537 1628 1696 9538 2571 2672 9539 2567 2677 9540 2570 2671 9541 1720 1790 9542 2570 2671 9543 1721 1791 9544 1720 1790 9545 1627 1695 9546 1637 1705 9547 1628 1696 9548 1637 1705 9549 2569 2670 9550 1628 1696 9551 1634 1702 9552 1633 1701 9553 2572 2673 9554 1633 1701 9555 2568 2669 9556 2572 2673 9557 1620 1688 9558 1636 1704 9559 1618 1686 9560 1636 1704 9561 2572 2673 9562 1618 2678 9563 1647 1715 9564 1643 1711 9565 1671 1739 9566 1643 1711 9567 1642 1710 9568 1671 1739 9569 2576 2679 9570 1658 1726 9571 2577 2680 9572 1658 1726 9573 1657 1725 9574 2577 2680 9575 2578 2681 9576 2576 2679 9577 2579 2682 9578 2576 2679 9579 2577 2680 9580 2579 2682 9581 1686 1755 9582 2578 2681 9583 2580 2683 9584 2578 2681 9585 2579 2682 9586 2580 2683 9587 1645 1713 9588 2581 2684 9589 1668 1736 9590 2581 2684 9591 2582 2685 9592 1668 1736 9593 2583 2686 9594 1671 1739 9595 1673 1741 9596 1671 1739 9597 1642 1710 9598 1673 1741 9599 2581 2684 9600 1645 1713 9601 2583 2686 9602 1645 1713 9603 1671 1739 9604 2583 2686 9605 1639 1707 9606 1638 1706 9607 2584 2687 9608 1638 1706 9609 1717 1787 9610 2584 2687 9611 1717 1787 9612 1638 1706 9613 1659 1727 9614 1638 1706 9615 1641 1709 9616 1659 1727 9617 1668 1736 9618 1667 1735 9619 1645 1713 9620 1667 1735 9621 1646 1714 9622 1645 1713 9623 1648 1716 9624 1672 1740 9625 1655 1723 9626 1672 1740 9627 1674 1742 9628 1655 1723 9629 1683 1752 9630 2585 2688 9631 1684 1753 9632 2585 2688 9633 2586 2689 9634 1684 1753 9635 1658 1726 9636 2576 2679 9637 2587 2690 9638 2576 2679 9639 2588 2691 9640 2587 2690 9641 2576 2679 9642 2578 2681 9643 2588 2691 9644 2578 2681 9645 2589 2692 9646 2588 2691 9647 2587 2690 9648 1679 1747 9649 1658 1726 9650 1679 1747 9651 1663 1731 9652 1658 1726 9653 1679 1747 9654 2587 2690 9655 1680 1748 9656 2587 2690 9657 2590 2693 9658 1680 1748 9659 1685 1754 9660 2589 2692 9661 1686 1755 9662 2589 2692 9663 2578 2681 9664 1686 1755 9665 1707 1777 9666 1706 1776 9667 2591 2694 9668 1706 1776 9669 2592 2695 9670 2591 2694 9671 1719 1789 9672 1718 1788 9673 2593 2696 9674 1718 1788 9675 2594 2697 9676 2593 2696 9677 2595 2698 9678 1701 1771 9679 1725 1797 9680 1701 1771 9681 1695 1764 9682 1725 1797 9683 2596 2699 9684 1619 1687 9685 1854 1934 9686 1619 1687 9687 1618 1936 9688 1854 1934 9689 1600 1668 9690 1719 1789 9691 1564 1632 9692 1719 1789 9693 2593 2696 9694 1564 1632 9695 1676 1744 9696 2597 2700 9697 1698 1768 9698 2597 2700 9699 2598 2701 9700 1698 1768 9701 2599 2702 9702 1855 1935 9703 1553 1621 9704 1855 1935 9705 1544 1612 9706 1553 1621 9707 2600 2703 9708 2596 2699 9709 2601 2704 9710 2596 2699 9711 2599 2702 9712 2601 2704 9713 2596 2699 9714 2600 2703 9715 1619 1687 9716 2600 2703 9717 1715 1785 9718 1619 1687 9719 2602 2705 9720 2554 2655 9721 2603 2706 9722 2554 2655 9723 2553 2654 9724 2603 2706 9725 2602 2705 9726 2603 2706 9727 1689 1758 9728 2603 2706 9729 1687 1756 9730 1689 1758 9731 1689 1758 9732 2604 2707 9733 2602 2705 9734 2604 2707 9735 2605 2708 9736 2602 2705 9737 1552 1620 9738 2601 2704 9739 1553 1621 9740 2601 2704 9741 2599 2702 9742 1553 1621 9743 1855 1935 9744 2599 2702 9745 1854 1934 9746 2599 2702 9747 2596 2699 9748 1854 1934 9749 2604 2707 9750 1711 1781 9751 2605 2708 9752 1711 1781 9753 1713 1783 9754 2605 2708 9755 2606 2709 9756 1714 1784 9757 2607 2710 9758 1714 1784 9759 1699 1769 9760 2607 2710 9761 2597 2700 9762 2585 2688 9763 2598 2701 9764 2585 2688 9765 2608 2711 9766 2598 2701 9767 2609 2712 9768 2551 2652 9769 1714 1784 9770 2551 2652 9771 1450 1516 9772 1714 1784 9773 2610 2713 9774 1687 1756 9775 2611 2714 9776 1687 1756 9777 2603 2706 9778 2611 2714 9779 1714 1784 9780 2606 2709 9781 2609 2712 9782 2606 2709 9783 2612 2715 9784 2609 2712 9785 2613 2716 9786 1724 1796 9787 1693 1762 9788 1724 1796 9789 1694 1763 9790 1693 1762 9791 2554 2655 9792 2602 2705 9793 1601 1669 9794 2602 2705 9795 2605 2708 9796 1601 1669 9797 1599 1667 9798 1601 1669 9799 1713 1783 9800 1601 1669 9801 2605 2708 9802 1713 1783 9803 2608 2711 9804 2585 2688 9805 1697 1766 9806 2585 2688 9807 1683 1767 9808 1697 1766 9809 1704 1774 9810 2614 2717 9811 1702 1772 9812 2614 2717 9813 2615 2718 9814 1702 1772 9815 2611 2714 9816 2603 2706 9817 2552 2653 9818 2603 2706 9819 2553 2654 9820 2552 2653 9821 2616 2719 9822 1716 1786 9823 2610 2713 9824 1716 1786 9825 1687 1756 9826 2610 2713 9827 1709 1779 9828 1708 1778 9829 2592 2695 9830 1708 1778 9831 2591 2694 9832 2592 2695 9833 1734 1806 9834 1735 1807 9835 2617 2720 9836 1735 1807 9837 2618 2721 9838 2617 2720 9839 1732 1804 9840 1733 1805 9841 2619 2722 9842 1733 1805 9843 2620 2723 9844 2619 2722 9845 1508 1576 9846 1506 1574 9847 2621 2724 9848 1506 1574 9849 2622 2725 9850 2621 2724 9851 1506 1574 9852 1510 1578 9853 2622 2725 9854 1510 1578 9855 1732 1804 9856 2622 2725 9857 2617 2720 9858 2618 2721 9859 2623 2726 9860 2618 2721 9861 2624 2727 9862 2623 2726 9863 2520 2621 9864 2625 2728 9865 1550 1618 9866 2625 2728 9867 1727 1799 9868 1550 1618 9869 1736 1808 9870 1728 1800 9871 1737 1809 9872 1728 1800 9873 1731 1803 9874 1737 1809 9875 2621 2724 9876 2622 2725 9877 2626 2729 9878 2622 2725 9879 2627 2730 9880 2626 2729 9881 2623 2726 9882 2624 2727 9883 2626 2729 9884 2624 2727 9885 2621 2724 9886 2626 2729 9887 2627 2730 9888 2622 2725 9889 2619 2722 9890 2622 2725 9891 1732 1804 9892 2619 2722 9893 1727 1799 9894 2625 2728 9895 1728 1800 9896 2625 2728 9897 1730 1802 9898 1728 1800 9899 2624 2727 9900 1738 1810 9901 2621 2724 9902 1738 1810 9903 1508 1576 9904 2621 2724 9905 2618 2721 9906 1736 1808 9907 2624 2727 9908 1736 1808 9909 1738 1810 9910 2624 2727 9911 2618 2721 9912 1735 1807 9913 1736 1808 9914 1735 1807 9915 1729 1801 9916 1736 1808 9917 2628 2731 9918 2629 2732 9919 1739 1811 9920 2629 2732 9921 1740 1812 9922 1739 1811 9923 2630 2733 9924 2631 2734 9925 2628 2731 9926 2631 2734 9927 2629 2732 9928 2628 2731 9929 1739 1815 9930 1742 1814 9931 2628 2735 9932 1742 1814 9933 2632 2736 9934 2628 2735 9935 2628 2735 9936 2632 2736 9937 2630 2737 9938 2632 2736 9939 2633 2738 9940 2630 2737 9941 2634 2739 9942 1743 1816 9943 2635 2740 9944 1743 1816 9945 1745 1818 9946 2635 2740 9947 2630 2733 9948 2634 2739 9949 2631 2734 9950 2634 2739 9951 2635 2740 9952 2631 2734 9953 1743 1820 9954 2634 2741 9955 1746 1819 9956 2634 2741 9957 2636 2742 9958 1746 1819 9959 2634 2741 9960 2630 2737 9961 2636 2742 9962 2630 2737 9963 2633 2738 9964 2636 2742 9965 2637 2743 9966 2638 2744 9967 1801 1875 9968 2638 2744 9969 1773 1847 9970 1801 1875 9971 2639 2745 9972 2640 2746 9973 2641 2747 9974 2640 2746 9975 2642 2748 9976 2641 2747 9977 2642 2748 9978 2643 2749 9979 2641 2747 9980 2643 2749 9981 2644 2750 9982 2641 2747 9983 2644 2750 9984 2643 2749 9985 2645 2751 9986 2643 2749 9987 2646 2752 9988 2645 2751 9989 1930 2015 9990 2639 2745 9991 1933 2018 9992 2639 2745 9993 2641 2747 9994 1933 2018 9995 2645 2751 9996 2647 2753 9997 2644 2750 9998 2647 2753 9999 1925 2010 10000 2644 2750 10001 2639 2745 10002 2648 2754 10003 2640 2746 10004 2648 2754 10005 2649 2755 10006 2640 2746 10007 1925 2010 10008 1933 2018 10009 2644 2750 10010 1933 2018 10011 2641 2747 10012 2644 2750 10013 2650 2756 10014 1793 1867 10015 1821 1900 10016 1793 1867 10017 1794 1868 10018 1821 1900 10019 2651 2757 10020 2652 2758 10021 1838 1918 10022 2652 2758 10023 1842 1922 10024 1838 1918 10025 2638 2744 10026 1765 1839 10027 1773 1847 10028 1765 1839 10029 1748 1822 10030 1773 1847 10031 1791 1865 10032 1811 1890 10033 1792 1866 10034 1811 1890 10035 2653 2759 10036 1792 1866 10037 1925 2010 10038 2647 2753 10039 1798 1872 10040 2647 2753 10041 1799 1873 10042 1798 1872 10043 1930 2015 10044 1932 2017 10045 2639 2745 10046 1932 2017 10047 2648 2754 10048 2639 2745 10049 1749 1823 10050 1748 1822 10051 2651 2757 10052 1748 1822 10053 1764 1838 10054 2651 2757 10055 2652 2758 10056 1757 1831 10057 1842 1922 10058 1757 1831 10059 1759 1833 10060 1842 1922 10061 2654 2760 10062 2655 2761 10063 1835 1915 10064 2655 2761 10065 1934 2019 10066 1835 1915 10067 2654 2760 10068 2625 2762 10069 2656 2763 10070 2625 2762 10071 2520 2764 10072 2656 2763 10073 2655 2761 10074 2654 2760 10075 2657 2765 10076 2654 2760 10077 2656 2763 10078 2657 2765 10079 2649 2755 10080 2648 2754 10081 2657 2765 10082 2648 2754 10083 2655 2761 10084 2657 2765 10085 2655 2761 10086 2648 2754 10087 1934 2019 10088 2648 2754 10089 1932 2017 10090 1934 2019 10091 2625 2762 10092 2654 2760 10093 1730 1914 10094 2654 2760 10095 1835 1915 10096 1730 1914 10097 2658 2766 10098 557 2767 10099 2659 2768 10100 557 2767 10101 558 2769 10102 2659 2768 10103 1817 1896 10104 1816 1895 10105 1819 1898 10106 1816 1895 10107 2660 2770 10108 1819 1898 10109 1833 1912 10110 1831 1910 10111 2661 2771 10112 1831 1910 10113 1830 1909 10114 2661 2771 10115 2633 2738 10116 2662 2772 10117 2636 2742 10118 2662 2772 10119 2663 2773 10120 2636 2742 10121 2636 2742 10122 2663 2773 10123 1746 1819 10124 2663 2773 10125 1823 1902 10126 1746 1819 10127 2664 2774 10128 2665 2775 10129 2666 2776 10130 2665 2775 10131 2667 2777 10132 2666 2776 10133 2668 2778 10134 2669 2779 10135 2670 2780 10136 2669 2779 10137 2671 2781 10138 2670 2780 10139 2672 2782 10140 2673 2783 10141 2674 2784 10142 2673 2783 10143 2675 2785 10144 2674 2784 10145 2676 2786 10146 2677 2787 10147 2678 2788 10148 2677 2787 10149 2679 2789 10150 2678 2788 10151 2680 2790 10152 2664 2774 10153 2681 2791 10154 2664 2774 10155 2666 2776 10156 2681 2791 10157 1848 1928 10158 2668 2778 10159 1847 1927 10160 2668 2778 10161 2670 2780 10162 1847 1927 10163 2682 2792 10164 2672 2782 10165 2683 2793 10166 2672 2782 10167 2674 2784 10168 2683 2793 10169 1846 1926 10170 2676 2786 10171 1844 1924 10172 2676 2786 10173 2678 2788 10174 1844 1924 10175 2684 2794 10176 1852 1932 10177 2685 2795 10178 1852 1932 10179 1853 1933 10180 2685 2795 10181 2686 2796 10182 2687 2797 10183 2688 2798 10184 2687 2797 10185 2689 2799 10186 2688 2798 10187 2690 2800 10188 1849 1929 10189 2691 2801 10190 1849 1929 10191 1851 1931 10192 2691 2801 10193 2692 2802 10194 2693 2803 10195 2694 2804 10196 2693 2803 10197 2695 2805 10198 2694 2804 10199 2665 2775 10200 2684 2794 10201 2667 2777 10202 2684 2794 10203 2685 2795 10204 2667 2777 10205 2669 2779 10206 2686 2796 10207 2671 2781 10208 2686 2796 10209 2688 2798 10210 2671 2781 10211 2673 2783 10212 2690 2800 10213 2675 2785 10214 2690 2800 10215 2691 2801 10216 2675 2785 10217 2677 2787 10218 2692 2802 10219 2679 2789 10220 2692 2802 10221 2694 2804 10222 2679 2789 10223 674 695 10224 685 706 10225 2696 2806 10226 685 706 10227 2697 2807 10228 2696 2806 10229 2656 2763 10230 2520 2764 10231 2696 2806 10232 2520 2764 10233 2521 2808 10234 2696 2806 10235 2657 2765 10236 2656 2763 10237 2697 2807 10238 2656 2763 10239 2696 2806 10240 2697 2807 10241 2657 2765 10242 2697 2807 10243 2649 2755 10244 2697 2807 10245 2698 2809 10246 2649 2755 10247 685 706 10248 687 708 10249 2697 2807 10250 687 708 10251 2698 2809 10252 2697 2807 10253 1545 1941 10254 674 695 10255 2521 2808 10256 674 695 10257 2696 2806 10258 2521 2808 10259 1898 1981 10260 1916 2000 10261 1870 1953 10262 1916 2000 10263 2699 2810 10264 1870 1953 10265 2700 2811 10266 2701 2812 10267 2702 2813 10268 2701 2812 10269 2703 2814 10270 2702 2813 10271 2704 2815 10272 2642 2748 10273 2705 2816 10274 2642 2748 10275 2640 2746 10276 2705 2816 10277 2704 2815 10278 2706 2817 10279 2642 2748 10280 2706 2817 10281 2643 2749 10282 2642 2748 10283 2707 2818 10284 2646 2752 10285 2706 2817 10286 2646 2752 10287 2643 2749 10288 2706 2817 10289 693 714 10290 2704 2815 10291 694 715 10292 2704 2815 10293 2705 2816 10294 694 715 10295 2706 2817 10296 700 721 10297 2707 2818 10298 700 721 10299 2708 2819 10300 2707 2818 10301 2640 2746 10302 2649 2755 10303 2705 2816 10304 2649 2755 10305 2698 2809 10306 2705 2816 10307 2706 2817 10308 2704 2815 10309 700 721 10310 2704 2815 10311 693 714 10312 700 721 10313 2709 2820 10314 2701 2812 10315 2710 2821 10316 2701 2812 10317 2700 2811 10318 2710 2821 10319 2710 2821 10320 2711 2822 10321 2709 2820 10322 2711 2822 10323 2712 2823 10324 2709 2820 10325 1916 2000 10326 1919 2003 10327 2699 2810 10328 1919 2003 10329 2713 2824 10330 2699 2810 10331 1886 1969 10332 1873 1956 10333 2714 2825 10334 1873 1956 10335 1872 2826 10336 2714 2825 10337 1894 1977 10338 2653 2759 10339 1810 1889 10340 2653 2759 10341 1811 1890 10342 1810 1889 10343 668 689 10344 2715 2827 10345 700 721 10346 2715 2827 10347 2708 2819 10348 700 721 10349 2705 2816 10350 2698 2809 10351 694 715 10352 2698 2809 10353 687 708 10354 694 715 10355 1888 1971 10356 1869 1952 10357 1881 1964 10358 1869 1952 10359 1871 1954 10360 1881 1964 10361 1919 2003 10362 1864 1947 10363 2713 2824 10364 1864 1947 10365 1866 1949 10366 2713 2824 10367 1819 1898 10368 2660 2770 10369 1904 1988 10370 2660 2770 10371 1905 1989 10372 1904 1988 10373 2661 2771 10374 1830 1909 10375 1913 1997 10376 1830 1909 10377 1903 1987 10378 1913 1997 10379 2632 2736 10380 2716 2828 10381 2633 2738 10382 2716 2828 10383 2662 2772 10384 2633 2738 10385 1742 1814 10386 1909 1993 10387 2632 2736 10388 1909 1993 10389 2716 2828 10390 2632 2736 10391 2717 2829 10392 556 2830 10393 2658 2766 10394 556 2830 10395 557 2767 10396 2658 2766 10397 2718 2831 10398 2719 2832 10399 2720 2833 10400 2719 2832 10401 2721 2834 10402 2720 2833 10403 2719 2832 10404 2722 2835 10405 2721 2834 10406 2722 2835 10407 2723 2836 10408 2721 2834 10409 1927 2012 10410 1776 1850 10411 586 606 10412 1776 1850 10413 1929 2014 10414 586 606 10415 597 617 10416 1944 2029 10417 1802 1876 10418 1944 2029 10419 1941 2026 10420 1802 1876 10421 583 603 10422 1928 2013 10423 590 610 10424 1928 2013 10425 1941 2026 10426 590 610 10427 1931 2016 10428 1930 2015 10429 2724 2837 10430 1930 2015 10431 1926 2011 10432 2724 2837 10433 1928 2013 10434 2725 2838 10435 1776 1850 10436 2725 2838 10437 1929 2014 10438 1776 1850 10439 1937 2022 10440 2058 2150 10441 1943 2028 10442 2058 2150 10443 2050 2142 10444 1943 2028 10445 1947 2036 10446 713 734 10447 2722 2835 10448 713 734 10449 2723 2836 10450 2722 2835 10451 2058 2150 10452 759 787 10453 2050 2142 10454 759 787 10455 1946 2151 10456 2050 2142 10457 2725 2838 10458 1928 2013 10459 582 602 10460 1928 2013 10461 583 603 10462 582 602 10463 2720 2833 10464 2726 2839 10465 2718 2831 10466 2726 2839 10467 2727 2840 10468 2718 2831 10469 1938 2023 10470 2055 2147 10471 1936 2021 10472 2055 2147 10473 2039 2131 10474 1936 2021 10475 1164 1211 10476 2366 2462 10477 1167 1214 10478 2366 2462 10479 2365 2461 10480 1167 1214 10481 582 602 10482 601 622 10483 2725 2838 10484 601 622 10485 1929 2014 10486 2725 2838 10487 682 703 10488 1951 2041 10489 1952 2042 10490 682 703 10491 620 641 10492 1951 2041 10493 2728 2841 10494 620 641 10495 682 703 10496 2728 2841 10497 618 639 10498 620 641 10499 2729 2842 10500 618 639 10501 2728 2841 10502 2729 2842 10503 619 640 10504 618 639 10505 2730 2843 10506 619 640 10507 2729 2842 10508 2730 2843 10509 1174 1221 10510 619 640 10511 2731 2844 10512 1174 1221 10513 2730 2843 10514 2731 2844 10515 1172 1219 10516 1174 1221 10517 1228 1278 10518 1172 1219 10519 2731 2844 10520 1228 1278 10521 1264 1317 10522 1172 1219 10523 1185 1232 10524 1264 1317 10525 1228 1278 10526 1185 1232 10527 1265 1318 10528 1264 1317 10529 1187 1234 10530 1265 1318 10531 1185 1232 10532 1187 1234 10533 2368 2464 10534 1265 1318 10535 1237 1287 10536 2368 2464 10537 1187 1234 10538 1237 1287 10539 2341 2437 10540 2368 2464 10541 625 646 10542 627 648 10543 626 647 10544 625 646 10545 628 649 10546 627 648 10547 690 711 10548 628 649 10549 625 646 10550 690 711 10551 704 725 10552 628 649 10553 1175 1222 10554 704 725 10555 690 711 10556 1175 1222 10557 1176 1223 10558 704 725 10559 1172 1219 10560 1176 1223 10561 1175 1222 10562 1172 1219 10563 1177 1224 10564 1176 1223 10565 1264 1317 10566 1177 1224 10567 1172 1219 10568 1264 1317 10569 1227 1277 10570 1177 1224 10571 1266 1319 10572 1227 1277 10573 1264 1317 10574 1266 1319 10575 1225 1275 10576 1227 1277 10577 2367 2463 10578 1225 1275 10579 1266 1319 10580 2367 2463 10581 1238 1288 10582 1225 1275 10583 2340 2436 10584 1238 1288 10585 2367 2463 10586 2340 2436 10587 2352 2448 10588 1238 1288 10589 699 720 10590 1957 2047 10591 1954 2044 10592 699 720 10593 698 719 10594 1957 2047 10595 703 724 10596 698 719 10597 699 720 10598 703 724 10599 691 712 10600 698 719 10601 1178 1225 10602 691 712 10603 703 724 10604 1178 1225 10605 1173 1220 10606 691 712 10607 2732 2845 10608 1173 1220 10609 1178 1225 10610 2732 2845 10611 2733 2846 10612 1173 1220 10613 1224 1274 10614 2733 2846 10615 2732 2845 10616 1224 1274 10617 1232 1282 10618 2733 2846 10619 1182 1229 10620 1232 1282 10621 1224 1274 10622 1182 1229 10623 1230 1280 10624 1232 1282 10625 1234 1284 10626 1230 1280 10627 1182 1229 10628 1234 1284 10629 1240 1290 10630 1230 1280 10631 1241 1291 10632 1240 1290 10633 1234 1284 10634 1241 1291 10635 1222 1272 10636 1240 1290 10637 630 651 10638 2363 2459 10639 1945 2031 10640 630 651 10641 2361 2457 10642 2363 2459 10643 632 653 10644 2361 2457 10645 630 651 10646 632 653 10647 1167 1214 10648 2361 2457 10649 1958 2048 10650 1167 1214 10651 632 653 10652 1958 2048 10653 1165 1212 10654 1167 1214 10655 1959 2049 10656 1165 1212 10657 1958 2048 10658 1959 2049 10659 1163 1210 10660 1165 1212 10661 1960 2050 10662 1163 1210 10663 1959 2049 10664 1960 2050 10665 1275 1328 10666 1163 1210 10667 2369 2465 10668 1275 1328 10669 1960 2050 10670 2369 2465 10671 1961 2051 10672 1275 1328 10673 2370 2466 10674 1961 2051 10675 2369 2465 10676 2370 2466 10677 1962 2052 10678 1961 2051 10679 1276 1329 10680 1962 2052 10681 2370 2466 10682 1276 1329 10683 1166 1213 10684 1962 2052 10685 1964 2054 10686 1166 1213 10687 1276 1329 10688 1964 2054 10689 638 659 10690 1166 1213 10691 1963 2053 10692 638 659 10693 1964 2054 10694 1963 2053 10695 636 657 10696 638 659 10697 2339 2435 10698 636 657 10699 1963 2053 10700 2339 2435 10701 2360 2456 10702 636 657 10703 1189 1236 10704 2360 2456 10705 2339 2435 10706 1189 1236 10707 1188 1235 10708 2360 2456 10709 2734 2847 10710 640 661 10711 2735 2848 10712 2734 2847 10713 641 662 10714 640 661 10715 2736 2849 10716 641 662 10717 2734 2847 10718 2736 2849 10719 1061 1099 10720 641 662 10721 2737 2850 10722 1061 1099 10723 2736 2849 10724 2737 2850 10725 1021 1056 10726 1061 1099 10727 2738 2851 10728 1021 1056 10729 2737 2850 10730 2738 2851 10731 2739 2852 10732 1021 1056 10733 2740 2853 10734 2739 2852 10735 2738 2851 10736 2740 2853 10737 2741 2854 10738 2739 2852 10739 2284 2377 10740 2741 2854 10741 2740 2853 10742 2284 2377 10743 2742 2855 10744 2741 2854 10745 2281 2374 10746 2742 2855 10747 2284 2377 10748 2281 2374 10749 2287 2380 10750 2742 2855 10751 2282 2375 10752 2287 2380 10753 2281 2374 10754 2282 2375 10755 1029 1064 10756 2287 2380 10757 1050 1087 10758 1029 1064 10759 2282 2375 10760 1050 1087 10761 1037 1072 10762 1029 1064 10763 679 700 10764 640 661 10765 645 666 10766 679 700 10767 2735 2848 10768 640 661 10769 644 665 10770 2735 2848 10771 679 700 10772 644 665 10773 2734 2847 10774 2735 2848 10775 643 664 10776 2734 2847 10777 644 665 10778 643 664 10779 2736 2849 10780 2734 2847 10781 989 1021 10782 2736 2849 10783 643 664 10784 989 1021 10785 2737 2850 10786 2736 2849 10787 988 1020 10788 2737 2850 10789 989 1021 10790 988 1020 10791 2738 2851 10792 2737 2850 10793 1033 1068 10794 2738 2851 10795 988 1020 10796 1033 1068 10797 2740 2853 10798 2738 2851 10799 1032 1067 10800 2740 2853 10801 1033 1068 10802 1032 1067 10803 2284 2377 10804 2740 2853 10805 2272 2365 10806 2284 2377 10807 1032 1067 10808 2272 2365 10809 2274 2367 10810 2284 2377 10811 680 701 10812 978 1010 10813 1040 1075 10814 680 701 10815 642 663 10816 978 1010 10817 678 699 10818 642 663 10819 680 701 10820 678 699 10821 643 664 10822 642 663 10823 1020 1055 10824 643 664 10825 678 699 10826 1020 1055 10827 989 1021 10828 643 664 10829 2743 2856 10830 989 1021 10831 1020 1055 10832 2743 2856 10833 987 1019 10834 989 1021 10835 2744 2857 10836 987 1019 10837 2743 2856 10838 2744 2857 10839 990 1022 10840 987 1019 10841 2745 2858 10842 990 1022 10843 2744 2857 10844 2745 2858 10845 1027 1062 10846 990 1022 10847 2746 2859 10848 1027 1062 10849 2745 2858 10850 2746 2859 10851 1028 1063 10852 1027 1062 10853 2747 2860 10854 1028 1063 10855 2746 2859 10856 2747 2860 10857 1036 1071 10858 1028 1063 10859 1069 1107 10860 1036 1071 10861 2747 2860 10862 612 633 10863 1979 2069 10864 613 634 10865 612 633 10866 1974 2064 10867 1979 2069 10868 971 1003 10869 1974 2064 10870 612 633 10871 971 1003 10872 614 635 10873 1974 2064 10874 2286 2379 10875 614 635 10876 971 1003 10877 2286 2379 10878 615 636 10879 614 635 10880 1976 2066 10881 615 636 10882 2286 2379 10883 1976 2066 10884 656 677 10885 615 636 10886 1977 2067 10887 656 677 10888 1976 2066 10889 1977 2067 10890 2748 2861 10891 656 677 10892 2283 2376 10893 2748 2861 10894 1977 2067 10895 2283 2376 10896 1060 1098 10897 2748 2861 10898 1031 1066 10899 1060 1098 10900 2283 2376 10901 1031 1066 10902 1023 1058 10903 1060 1098 10904 1030 1065 10905 1023 1058 10906 1031 1066 10907 1030 1065 10908 1053 1090 10909 1023 1058 10910 1038 1073 10911 1053 1090 10912 1030 1065 10913 1038 1073 10914 2262 2355 10915 1053 1090 10916 1039 1074 10917 2262 2355 10918 1038 1073 10919 1039 1074 10920 963 995 10921 2262 2355 10922 1069 1107 10923 963 995 10924 1039 1074 10925 1999 2089 10926 658 679 10927 2000 2090 10928 1999 2089 10929 661 682 10930 658 679 10931 1994 2084 10932 661 682 10933 1999 2089 10934 1994 2084 10935 1984 2074 10936 661 682 10937 1993 2083 10938 1984 2074 10939 1994 2084 10940 1993 2083 10941 1983 2073 10942 1984 2074 10943 2011 2101 10944 1983 2073 10945 1993 2083 10946 2011 2101 10947 2004 2094 10948 1983 2073 10949 664 685 10950 2004 2094 10951 2011 2101 10952 664 685 10953 2003 2093 10954 2004 2094 10955 663 684 10956 2003 2093 10957 664 685 10958 663 684 10959 2001 2091 10960 2003 2093 10961 665 686 10962 2001 2091 10963 663 684 10964 665 686 10965 2002 2092 10966 2001 2091 10967 2006 2096 10968 2002 2092 10969 665 686 10970 2006 2096 10971 1981 2071 10972 2002 2092 10973 1987 2077 10974 1981 2071 10975 2006 2096 10976 1987 2077 10977 1982 2072 10978 1981 2071 10979 1988 2078 10980 1982 2072 10981 1987 2077 10982 1988 2078 10983 660 681 10984 1982 2072 10985 1998 2088 10986 660 681 10987 1988 2078 10988 1998 2088 10989 658 679 10990 660 681 10991 1997 2087 10992 658 679 10993 1998 2088 10994 1997 2087 10995 659 680 10996 658 679 10997 1986 2076 10998 659 680 10999 1997 2087 11000 1986 2076 11001 1992 2082 11002 659 680 11003 1985 2075 11004 1992 2082 11005 1986 2076 11006 1985 2075 11007 1991 2081 11008 1992 2082 11009 2005 2095 11010 1991 2081 11011 1985 2075 11012 2005 2095 11013 2010 2100 11014 1991 2081 11015 666 687 11016 2010 2100 11017 2005 2095 11018 666 687 11019 2009 2099 11020 2010 2100 11021 663 684 11022 2009 2099 11023 666 687 11024 663 684 11025 2007 2097 11026 2009 2099 11027 662 683 11028 2007 2097 11029 663 684 11030 662 683 11031 2008 2098 11032 2007 2097 11033 2012 2102 11034 2008 2098 11035 662 683 11036 2012 2102 11037 1989 2079 11038 2008 2098 11039 1995 2085 11040 1989 2079 11041 2012 2102 11042 1995 2085 11043 1990 2080 11044 1989 2079 11045 1996 2086 11046 1990 2080 11047 1995 2085 11048 1996 2086 11049 657 678 11050 1990 2080 11051 2000 2090 11052 657 678 11053 1996 2086 11054 2000 2090 11055 658 679 11056 657 678 11057 585 605 11058 1797 1871 11059 586 606 11060 585 605 11061 1935 2020 11062 1797 1871 11063 592 612 11064 1935 2020 11065 585 605 11066 592 612 11067 1926 2011 11068 1935 2020 11069 591 611 11070 1926 2011 11071 592 612 11072 591 611 11073 2724 2837 11074 1926 2011 11075 602 623 11076 2724 2837 11077 591 611 11078 602 623 11079 1931 2016 11080 2724 2837 11081 600 621 11082 1931 2016 11083 602 623 11084 600 621 11085 1942 2027 11086 1931 2016 11087 593 613 11088 1942 2027 11089 600 621 11090 593 613 11091 1939 2024 11092 1942 2027 11093 594 614 11094 1939 2024 11095 593 613 11096 594 614 11097 1940 2025 11098 1939 2024 11099 589 609 11100 1940 2025 11101 594 614 11102 589 609 11103 588 608 11104 1940 2025 11105 1668 1736 11106 2584 2687 11107 1666 1734 11108 1668 1736 11109 1639 1707 11110 2584 2687 11111 2582 2685 11112 1639 1707 11113 1668 1736 11114 2582 2685 11115 1640 1708 11116 1639 1707 11117 2581 2684 11118 1640 1708 11119 2582 2685 11120 2581 2684 11121 1652 1720 11122 1640 1708 11123 2583 2686 11124 1652 1720 11125 2581 2684 11126 2583 2686 11127 1661 1729 11128 1652 1720 11129 1673 1741 11130 1661 1729 11131 2583 2686 11132 1673 1741 11133 1670 1738 11134 1661 1729 11135 1672 1740 11136 1670 1738 11137 1673 1741 11138 1672 1740 11139 1656 1724 11140 1670 1738 11141 1648 1716 11142 1656 1724 11143 1672 1740 11144 1648 1716 11145 1657 1725 11146 1656 1724 11147 1650 1718 11148 1657 1725 11149 1648 1716 11150 1650 1718 11151 2577 2680 11152 1657 1725 11153 1546 1614 11154 2577 2680 11155 1650 1718 11156 1546 1614 11157 2579 2682 11158 2577 2680 11159 1548 1616 11160 2579 2682 11161 1546 1614 11162 1548 1616 11163 2580 2683 11164 2579 2682 11165 1654 1722 11166 2580 2683 11167 1548 1616 11168 1654 1722 11169 1686 1755 11170 2580 2683 11171 1665 1733 11172 1686 1755 11173 1654 1722 11174 579 599 11175 689 710 11176 573 592 11177 579 599 11178 696 717 11179 689 710 11180 581 601 11181 696 717 11182 579 599 11183 581 601 11184 2014 2104 11185 696 717 11186 571 590 11187 2014 2104 11188 581 601 11189 571 590 11190 692 713 11191 2014 2104 11192 570 589 11193 692 713 11194 571 590 11195 570 589 11196 669 690 11197 692 713 11198 566 585 11199 669 690 11200 570 589 11201 566 585 11202 667 688 11203 669 690 11204 565 584 11205 667 688 11206 566 585 11207 565 584 11208 2749 2862 11209 667 688 11210 701 722 11211 2749 2862 11212 565 584 11213 701 722 11214 702 723 11215 2749 2862 11216 2013 2103 11217 702 723 11218 701 722 11219 2013 2103 11220 697 718 11221 702 723 11222 563 582 11223 697 718 11224 2013 2103 11225 563 582 11226 562 581 11227 697 718 11228 710 731 11229 2750 2863 11230 712 733 11231 710 731 11232 2751 2864 11233 2750 2863 11234 709 730 11235 2751 2864 11236 710 731 11237 709 730 11238 2752 2865 11239 2751 2864 11240 721 742 11241 2752 2865 11242 709 730 11243 721 742 11244 2753 2866 11245 2752 2865 11246 2016 2108 11247 2753 2866 11248 721 742 11249 2016 2108 11250 2754 2867 11251 2753 2866 11252 2017 2109 11253 2754 2867 11254 2016 2108 11255 2017 2109 11256 2755 2868 11257 2754 2867 11258 714 735 11259 2755 2868 11260 2017 2109 11261 714 735 11262 2756 2869 11263 2755 2868 11264 716 737 11265 2756 2869 11266 714 735 11267 716 737 11268 2757 2870 11269 2756 2869 11270 718 739 11271 2757 2870 11272 716 737 11273 718 739 11274 2722 2835 11275 2757 2870 11276 1947 2036 11277 2722 2835 11278 718 739 11279 796 828 11280 710 731 11281 719 740 11282 796 828 11283 708 729 11284 710 731 11285 2758 2871 11286 708 729 11287 796 828 11288 2758 2871 11289 2019 2111 11290 708 729 11291 2759 2872 11292 2019 2111 11293 2758 2871 11294 2759 2872 11295 2018 2110 11296 2019 2111 11297 795 827 11298 2018 2110 11299 2759 2872 11300 795 827 11301 2020 2112 11302 2018 2110 11303 792 824 11304 2020 2112 11305 795 827 11306 792 824 11307 2022 2114 11308 2020 2112 11309 794 826 11310 2022 2114 11311 792 824 11312 794 826 11313 707 728 11314 2022 2114 11315 745 2034 11316 707 728 11317 794 826 11318 745 2034 11319 705 726 11320 707 728 11321 1948 2037 11322 705 726 11323 745 2034 11324 1948 2037 11325 718 739 11326 705 726 11327 1947 2036 11328 718 739 11329 1948 2037 11330 2750 2863 11331 713 734 11332 712 733 11333 2750 2863 11334 2723 2836 11335 713 734 11336 2751 2864 11337 2723 2836 11338 2750 2863 11339 2751 2864 11340 2721 2834 11341 2723 2836 11342 2752 2865 11343 2721 2834 11344 2751 2864 11345 2752 2865 11346 2720 2833 11347 2721 2834 11348 2753 2866 11349 2720 2833 11350 2752 2865 11351 2753 2866 11352 2726 2839 11353 2720 2833 11354 2754 2867 11355 2726 2839 11356 2753 2866 11357 2754 2867 11358 2727 2840 11359 2726 2839 11360 2755 2868 11361 2727 2840 11362 2754 2867 11363 2755 2868 11364 2718 2831 11365 2727 2840 11366 2756 2869 11367 2718 2831 11368 2755 2868 11369 2756 2869 11370 2719 2832 11371 2718 2831 11372 2757 2870 11373 2719 2832 11374 2756 2869 11375 2757 2870 11376 2722 2835 11377 2719 2832 11378 2024 2116 11379 2111 2204 11380 2030 2122 11381 2024 2116 11382 2760 2873 11383 2111 2204 11384 722 743 11385 2760 2873 11386 2024 2116 11387 722 743 11388 2761 2874 11389 2760 2873 11390 2762 2875 11391 2761 2874 11392 722 743 11393 2762 2875 11394 2763 2876 11395 2761 2874 11396 2764 2877 11397 2763 2876 11398 2762 2875 11399 2764 2877 11400 2765 2878 11401 2763 2876 11402 2035 2127 11403 2765 2878 11404 2764 2877 11405 2035 2127 11406 2766 2879 11407 2765 2878 11408 2031 2123 11409 2766 2879 11410 2035 2127 11411 2031 2123 11412 2767 2880 11413 2766 2879 11414 2033 2125 11415 2767 2880 11416 2031 2123 11417 2033 2125 11418 2768 2881 11419 2767 2880 11420 2113 2206 11421 2768 2881 11422 2033 2125 11423 2113 2206 11424 2118 2211 11425 2768 2881 11426 2117 2210 11427 2118 2211 11428 2113 2206 11429 2117 2210 11430 2119 2212 11431 2118 2211 11432 783 813 11433 2119 2212 11434 2117 2210 11435 783 813 11436 781 809 11437 2119 2212 11438 785 815 11439 781 809 11440 783 813 11441 785 815 11442 779 807 11443 781 809 11444 2331 2427 11445 779 807 11446 785 815 11447 2331 2427 11448 2107 2200 11449 779 807 11450 2333 2429 11451 2107 2200 11452 2331 2427 11453 2333 2429 11454 2115 2208 11455 2107 2200 11456 2335 2431 11457 2115 2208 11458 2333 2429 11459 2335 2431 11460 791 821 11461 2115 2208 11462 788 818 11463 791 821 11464 2335 2431 11465 788 818 11466 554 822 11467 791 821 11468 555 811 11469 554 822 11470 788 818 11471 724 745 11472 2762 2875 11473 722 743 11474 724 745 11475 2764 2877 11476 2762 2875 11477 727 750 11478 2764 2877 11479 724 745 11480 727 750 11481 2035 2127 11482 2764 2877 11483 733 758 11484 2035 2127 11485 727 750 11486 733 758 11487 2036 2128 11488 2035 2127 11489 725 746 11490 2036 2128 11491 733 758 11492 725 746 11493 2032 2124 11494 2036 2128 11495 558 748 11496 2032 2124 11497 725 746 11498 558 748 11499 2034 2126 11500 2032 2124 11501 557 2882 11502 2034 2126 11503 558 748 11504 557 2882 11505 2114 2207 11506 2034 2126 11507 556 810 11508 2114 2207 11509 557 2882 11510 556 810 11511 2116 2209 11512 2114 2207 11513 782 812 11514 2116 2209 11515 556 810 11516 782 812 11517 790 820 11518 2116 2209 11519 789 819 11520 790 820 11521 782 812 11522 789 819 11523 784 814 11524 790 820 11525 2769 2883 11526 2763 2876 11527 2770 2884 11528 2769 2883 11529 2761 2874 11530 2763 2876 11531 2771 2885 11532 2761 2874 11533 2769 2883 11534 2771 2885 11535 2760 2873 11536 2761 2874 11537 2772 2886 11538 2760 2873 11539 2771 2885 11540 2772 2886 11541 2111 2204 11542 2760 2873 11543 2773 2887 11544 2111 2204 11545 2772 2886 11546 2773 2887 11547 2110 2203 11548 2111 2204 11549 2774 2888 11550 2110 2203 11551 2773 2887 11552 2774 2888 11553 780 808 11554 2110 2203 11555 2775 2889 11556 780 808 11557 2774 2888 11558 2775 2889 11559 786 816 11560 780 808 11561 2776 2890 11562 786 816 11563 2775 2889 11564 2776 2890 11565 2118 2211 11566 786 816 11567 2777 2891 11568 2118 2211 11569 2776 2890 11570 2777 2891 11571 2768 2881 11572 2118 2211 11573 2778 2892 11574 2768 2881 11575 2777 2891 11576 2778 2892 11577 2767 2880 11578 2768 2881 11579 2779 2893 11580 2767 2880 11581 2778 2892 11582 2779 2893 11583 2766 2879 11584 2767 2880 11585 2780 2894 11586 2766 2879 11587 2779 2893 11588 2780 2894 11589 2765 2878 11590 2766 2879 11591 2770 2884 11592 2765 2878 11593 2780 2894 11594 2770 2884 11595 2763 2876 11596 2765 2878 11597 742 769 11598 2771 2885 11599 738 765 11600 742 769 11601 2772 2886 11602 2771 2885 11603 793 825 11604 2772 2886 11605 742 769 11606 793 825 11607 2773 2887 11608 2772 2886 11609 795 827 11610 2773 2887 11611 793 825 11612 795 827 11613 2774 2888 11614 2773 2887 11615 2759 2872 11616 2774 2888 11617 795 827 11618 2759 2872 11619 2775 2889 11620 2774 2888 11621 2758 2871 11622 2775 2889 11623 2759 2872 11624 2758 2871 11625 2776 2890 11626 2775 2889 11627 796 828 11628 2776 2890 11629 2758 2871 11630 796 828 11631 2777 2891 11632 2776 2890 11633 740 767 11634 2777 2891 11635 796 828 11636 740 767 11637 2778 2892 11638 2777 2891 11639 744 771 11640 2778 2892 11641 740 767 11642 744 771 11643 2779 2893 11644 2778 2892 11645 2045 2137 11646 2779 2893 11647 744 771 11648 2045 2137 11649 2780 2894 11650 2779 2893 11651 2043 2135 11652 2780 2894 11653 2045 2137 11654 2043 2135 11655 2770 2884 11656 2780 2894 11657 743 770 11658 2770 2884 11659 2043 2135 11660 743 770 11661 2769 2883 11662 2770 2884 11663 738 765 11664 2769 2883 11665 743 770 11666 738 765 11667 2771 2885 11668 2769 2883 11669 762 790 11670 1938 2023 11671 1943 2028 11672 762 790 11673 2053 2145 11674 1938 2023 11675 749 776 11676 2053 2145 11677 762 790 11678 749 776 11679 2056 2148 11680 2053 2145 11681 751 778 11682 2056 2148 11683 749 776 11684 751 778 11685 2057 2149 11686 2056 2148 11687 2047 2139 11688 2057 2149 11689 751 778 11690 2047 2139 11691 2052 2144 11692 2057 2149 11693 746 773 11694 2052 2144 11695 2047 2139 11696 746 773 11697 2051 2143 11698 2052 2144 11699 748 775 11700 2051 2143 11701 746 773 11702 748 775 11703 760 788 11704 2051 2143 11705 2044 2136 11706 760 788 11707 748 775 11708 2044 2136 11709 761 789 11710 760 788 11711 2045 2137 11712 761 789 11713 2044 2136 11714 2045 2137 11715 744 771 11716 761 789 11717 2781 2895 11718 2062 2155 11719 2782 2896 11720 2781 2895 11721 2061 2154 11722 2062 2155 11723 2783 2897 11724 2061 2154 11725 2781 2895 11726 2783 2897 11727 2089 2182 11728 2061 2154 11729 2784 2898 11730 2089 2182 11731 2783 2897 11732 2784 2898 11733 2081 2174 11734 2089 2182 11735 2785 2899 11736 2081 2174 11737 2784 2898 11738 2785 2899 11739 2082 2175 11740 2081 2174 11741 773 801 11742 2082 2175 11743 2785 2899 11744 773 801 11745 765 793 11746 2082 2175 11747 775 803 11748 765 793 11749 773 801 11750 775 803 11751 766 794 11752 765 793 11753 776 804 11754 766 794 11755 775 803 11756 776 804 11757 768 796 11758 766 794 11759 778 806 11760 768 796 11761 776 804 11762 778 806 11763 2085 2178 11764 768 796 11765 2786 2900 11766 2085 2178 11767 778 806 11768 2786 2900 11769 2083 2176 11770 2085 2178 11771 2094 2187 11772 2083 2176 11773 2786 2900 11774 2094 2187 11775 2093 2186 11776 2083 2176 11777 2095 2188 11778 2093 2186 11779 2094 2187 11780 2095 2188 11781 2100 2193 11782 2093 2186 11783 2103 2196 11784 2100 2193 11785 2095 2188 11786 2103 2196 11787 2101 2194 11788 2100 2193 11789 2104 2197 11790 2101 2194 11791 2103 2196 11792 2786 2900 11793 2076 2169 11794 2094 2187 11795 2786 2900 11796 2077 2170 11797 2076 2169 11798 778 806 11799 2077 2170 11800 2786 2900 11801 778 806 11802 772 800 11803 2077 2170 11804 777 805 11805 772 800 11806 778 806 11807 777 805 11808 771 799 11809 772 800 11810 774 802 11811 771 799 11812 777 805 11813 774 802 11814 769 797 11815 771 799 11816 773 801 11817 769 797 11818 774 802 11819 773 801 11820 2075 2168 11821 769 797 11822 2785 2899 11823 2075 2168 11824 773 801 11825 2785 2899 11826 2074 2167 11827 2075 2168 11828 2784 2898 11829 2074 2167 11830 2785 2899 11831 2784 2898 11832 2064 2157 11833 2074 2167 11834 2783 2897 11835 2064 2157 11836 2784 2898 11837 2783 2897 11838 2066 2159 11839 2064 2157 11840 2781 2895 11841 2066 2159 11842 2783 2897 11843 2781 2895 11844 2091 2184 11845 2066 2159 11846 2782 2896 11847 2091 2184 11848 2781 2895 11849 2125 2218 11850 2143 2236 11851 2128 2221 11852 2125 2218 11853 2787 2901 11854 2143 2236 11855 823 855 11856 2787 2901 11857 2125 2218 11858 823 855 11859 2788 2902 11860 2787 2901 11861 820 852 11862 2788 2902 11863 823 855 11864 820 852 11865 831 863 11866 2788 2902 11867 822 854 11868 831 863 11869 820 852 11870 822 854 11871 812 844 11872 831 863 11873 819 851 11874 812 844 11875 822 854 11876 819 851 11877 813 845 11878 812 844 11879 827 859 11880 813 845 11881 819 851 11882 827 859 11883 2124 2217 11884 813 845 11885 809 841 11886 2124 2217 11887 827 859 11888 809 841 11889 2122 2215 11890 2124 2217 11891 829 861 11892 2122 2215 11893 809 841 11894 829 861 11895 800 832 11896 2122 2215 11897 2120 2213 11898 800 832 11899 829 861 11900 2126 2219 11901 810 842 11902 821 853 11903 2126 2219 11904 811 843 11905 810 842 11906 2127 2220 11907 811 843 11908 2126 2219 11909 2127 2220 11910 815 847 11911 811 843 11912 2155 2248 11913 815 847 11914 2127 2220 11915 2155 2248 11916 2123 2216 11917 815 847 11918 2157 2250 11919 2123 2216 11920 2155 2248 11921 2157 2250 11922 836 868 11923 2123 2216 11924 2156 2249 11925 836 868 11926 2157 2250 11927 2156 2249 11928 2121 2214 11929 836 868 11930 2144 2237 11931 2121 2214 11932 2156 2249 11933 2144 2237 11934 818 850 11935 2121 2214 11936 2143 2236 11937 818 850 11938 2144 2237 11939 2143 2236 11940 828 860 11941 818 850 11942 2787 2901 11943 828 860 11944 2143 2236 11945 2787 2901 11946 808 840 11947 828 860 11948 2788 2902 11949 808 840 11950 2787 2901 11951 2788 2902 11952 802 834 11953 808 840 11954 831 863 11955 802 834 11956 2788 2902 11957 831 863 11958 803 835 11959 802 834 11960 814 846 11961 803 835 11962 831 863 11963 2789 2903 11964 2170 2263 11965 2790 2904 11966 2789 2903 11967 2168 2261 11968 2170 2263 11969 2791 2905 11970 2168 2261 11971 2789 2903 11972 2791 2905 11973 2165 2258 11974 2168 2261 11975 2792 2906 11976 2165 2258 11977 2791 2905 11978 2792 2906 11979 2164 2257 11980 2165 2258 11981 2793 2907 11982 2164 2257 11983 2792 2906 11984 2793 2907 11985 2161 2254 11986 2164 2257 11987 2794 2908 11988 2161 2254 11989 2793 2907 11990 2794 2908 11991 841 873 11992 2161 2254 11993 2795 2909 11994 841 873 11995 2794 2908 11996 2795 2909 11997 837 869 11998 841 873 11999 2142 2235 12000 837 869 12001 2795 2909 12002 2142 2235 12003 838 870 12004 837 869 12005 2140 2233 12006 838 870 12007 2142 2235 12008 2140 2233 12009 2160 2253 12010 838 870 12011 2138 2231 12012 2160 2253 12013 2140 2233 12014 2138 2231 12015 2159 2252 12016 2160 2253 12017 2151 2244 12018 2159 2252 12019 2138 2231 12020 2151 2244 12021 2154 2247 12022 2159 2252 12023 2157 2250 12024 2154 2247 12025 2151 2244 12026 2157 2250 12027 2155 2248 12028 2154 2247 12029 2794 2908 12030 2142 2235 12031 2795 2909 12032 2794 2908 12033 2141 2234 12034 2142 2235 12035 2793 2907 12036 2141 2234 12037 2794 2908 12038 2793 2907 12039 2145 2238 12040 2141 2234 12041 2792 2906 12042 2145 2238 12043 2793 2907 12044 2792 2906 12045 2146 2239 12046 2145 2238 12047 2791 2905 12048 2146 2239 12049 2792 2906 12050 2791 2905 12051 2167 2260 12052 2146 2239 12053 2789 2903 12054 2167 2260 12055 2791 2905 12056 2789 2903 12057 839 871 12058 2167 2260 12059 2790 2904 12060 839 871 12061 2789 2903 12062 2790 2904 12063 837 869 12064 839 871 12065 2170 2263 12066 837 869 12067 2790 2904 12068 2170 2263 12069 840 872 12070 837 869 12071 2171 2264 12072 840 872 12073 2170 2263 12074 2171 2264 12075 2150 2243 12076 840 872 12077 868 900 12078 883 915 12079 885 917 12080 868 900 12081 2176 2269 12082 883 915 12083 867 899 12084 2176 2269 12085 868 900 12086 867 899 12087 2180 2273 12088 2176 2269 12089 845 877 12090 2180 2273 12091 867 899 12092 845 877 12093 2181 2274 12094 2180 2273 12095 854 886 12096 2181 2274 12097 845 877 12098 854 886 12099 2172 2265 12100 2181 2274 12101 870 902 12102 2172 2265 12103 854 886 12104 870 902 12105 2173 2266 12106 2172 2265 12107 872 904 12108 2173 2266 12109 870 902 12110 872 904 12111 849 881 12112 2173 2266 12113 871 903 12114 849 881 12115 872 904 12116 871 903 12117 850 882 12118 849 881 12119 879 911 12120 850 882 12121 871 903 12122 879 911 12123 855 887 12124 850 882 12125 2179 2272 12126 855 887 12127 879 911 12128 2179 2272 12129 876 908 12130 855 887 12131 2796 2910 12132 2222 2315 12133 2797 2911 12134 2796 2910 12135 2219 2312 12136 2222 2315 12137 2798 2912 12138 2219 2312 12139 2796 2910 12140 2798 2912 12141 2202 2295 12142 2219 2312 12143 2799 2913 12144 2202 2295 12145 2798 2912 12146 2799 2913 12147 2201 2294 12148 2202 2295 12149 2213 2306 12150 2201 2294 12151 2799 2913 12152 2213 2306 12153 2196 2289 12154 2201 2294 12155 2207 2300 12156 2196 2289 12157 2213 2306 12158 2207 2300 12159 890 922 12160 2196 2289 12161 2208 2301 12162 890 922 12163 2207 2300 12164 2208 2301 12165 886 918 12166 890 922 12167 2206 2299 12168 886 918 12169 2208 2301 12170 2206 2299 12171 887 919 12172 886 918 12173 2215 2308 12174 887 919 12175 2206 2299 12176 2215 2308 12177 2204 2297 12178 887 919 12179 2799 2913 12180 2212 2305 12181 2213 2306 12182 2799 2913 12183 2218 2311 12184 2212 2305 12185 2798 2912 12186 2218 2311 12187 2799 2913 12188 2798 2912 12189 2220 2313 12190 2218 2311 12191 2796 2910 12192 2220 2313 12193 2798 2912 12194 2796 2910 12195 888 920 12196 2220 2313 12197 2797 2911 12198 888 920 12199 2796 2910 12200 2797 2911 12201 886 918 12202 888 920 12203 2222 2315 12204 886 918 12205 2797 2911 12206 2222 2315 12207 889 921 12208 886 918 12209 2189 2282 12210 889 921 12211 2222 2315 12212 2189 2282 12213 2192 2285 12214 889 921 12215 2187 2280 12216 2192 2285 12217 2189 2282 12218 2187 2280 12219 2190 2283 12220 2192 2285 12221 2210 2303 12222 2190 2283 12223 2187 2280 12224 2210 2303 12225 2198 2291 12226 2190 2283 12227 878 910 12228 2198 2291 12229 2210 2303 12230 878 910 12231 862 894 12232 2198 2291 12233 2241 2334 12234 2800 2914 12235 2239 2332 12236 2241 2334 12237 2235 2328 12238 2800 2914 12239 2242 2335 12240 2235 2328 12241 2241 2334 12242 2242 2335 12243 2236 2329 12244 2235 2328 12245 2252 2345 12246 2236 2329 12247 2242 2335 12248 2252 2345 12249 2249 2342 12250 2236 2329 12251 915 947 12252 2249 2342 12253 2252 2345 12254 915 947 12255 925 957 12256 2249 2342 12257 920 952 12258 925 957 12259 915 947 12260 920 952 12261 928 960 12262 925 957 12263 923 955 12264 928 960 12265 920 952 12266 923 955 12267 934 966 12268 928 960 12269 921 953 12270 934 966 12271 923 955 12272 921 953 12273 936 968 12274 934 966 12275 924 956 12276 936 968 12277 921 953 12278 924 956 12279 951 983 12280 936 968 12281 2237 2330 12282 2800 2914 12283 2235 2328 12284 2237 2330 12285 2231 2324 12286 2800 2914 12287 2238 2331 12288 2231 2324 12289 2237 2330 12290 2238 2331 12291 2232 2325 12292 2231 2324 12293 2250 2343 12294 2232 2325 12295 2238 2331 12296 2250 2343 12297 2247 2340 12298 2232 2325 12299 927 959 12300 2247 2340 12301 2250 2343 12302 927 959 12303 937 969 12304 2247 2340 12305 932 964 12306 937 969 12307 927 959 12308 932 964 12309 940 972 12310 937 969 12311 931 963 12312 940 972 12313 932 964 12314 931 963 12315 946 978 12316 940 972 12317 933 965 12318 946 978 12319 931 963 12320 933 965 12321 948 980 12322 946 978 12323 936 968 12324 948 980 12325 933 965 12326 936 968 12327 951 983 12328 948 980 12329 2233 2326 12330 2800 2914 12331 2231 2324 12332 2233 2326 12333 2227 2320 12334 2800 2914 12335 2234 2327 12336 2227 2320 12337 2233 2326 12338 2234 2327 12339 2228 2321 12340 2227 2320 12341 2248 2341 12342 2228 2321 12343 2234 2327 12344 2248 2341 12345 2245 2338 12346 2228 2321 12347 939 971 12348 2245 2338 12349 2248 2341 12350 939 971 12351 891 923 12352 2245 2338 12353 944 976 12354 891 923 12355 939 971 12356 944 976 12357 894 926 12358 891 923 12359 943 975 12360 894 926 12361 944 976 12362 943 975 12363 900 932 12364 894 926 12365 945 977 12366 900 932 12367 943 975 12368 945 977 12369 949 981 12370 900 932 12371 948 980 12372 949 981 12373 945 977 12374 948 980 12375 951 983 12376 949 981 12377 2229 2322 12378 2800 2914 12379 2227 2320 12380 2229 2322 12381 2223 2316 12382 2800 2914 12383 2230 2323 12384 2223 2316 12385 2229 2322 12386 2230 2323 12387 2224 2317 12388 2223 2316 12389 2246 2339 12390 2224 2317 12391 2230 2323 12392 2246 2339 12393 2243 2336 12394 2224 2317 12395 893 925 12396 2243 2336 12397 2246 2339 12398 893 925 12399 902 934 12400 2243 2336 12401 898 930 12402 902 934 12403 893 925 12404 898 930 12405 905 937 12406 902 934 12407 901 933 12408 905 937 12409 898 930 12410 901 933 12411 906 938 12412 905 937 12413 899 931 12414 906 938 12415 901 933 12416 899 931 12417 952 984 12418 906 938 12419 949 981 12420 952 984 12421 899 931 12422 949 981 12423 951 983 12424 952 984 12425 2225 2318 12426 2800 2914 12427 2223 2316 12428 2225 2318 12429 2239 2332 12430 2800 2914 12431 2226 2319 12432 2239 2332 12433 2225 2318 12434 2226 2319 12435 2240 2333 12436 2239 2332 12437 2244 2337 12438 2240 2333 12439 2226 2319 12440 2244 2337 12441 2251 2344 12442 2240 2333 12443 904 936 12444 2251 2344 12445 2244 2337 12446 904 936 12447 913 945 12448 2251 2344 12449 910 942 12450 913 945 12451 904 936 12452 910 942 12453 916 948 12454 913 945 12455 912 944 12456 916 948 12457 910 942 12458 912 944 12459 922 954 12460 916 948 12461 911 943 12462 922 954 12463 912 944 12464 911 943 12465 950 982 12466 922 954 12467 906 938 12468 950 982 12469 911 943 12470 906 938 12471 952 984 12472 950 982 12473 2259 2352 12474 2801 2915 12475 2258 2351 12476 2259 2352 12477 2802 2916 12478 2801 2915 12479 2260 2353 12480 2802 2916 12481 2259 2352 12482 2260 2353 12483 2803 2917 12484 2802 2916 12485 2253 2346 12486 2803 2917 12487 2260 2353 12488 2253 2346 12489 2804 2918 12490 2803 2917 12491 2254 2347 12492 2804 2918 12493 2253 2346 12494 2254 2347 12495 2805 2919 12496 2804 2918 12497 2255 2348 12498 2805 2919 12499 2254 2347 12500 2255 2348 12501 2806 2920 12502 2805 2919 12503 2256 2349 12504 2806 2920 12505 2255 2348 12506 2256 2349 12507 2807 2921 12508 2806 2920 12509 2257 2350 12510 2807 2921 12511 2256 2349 12512 2257 2350 12513 2808 2922 12514 2807 2921 12515 2258 2351 12516 2808 2922 12517 2257 2350 12518 2258 2351 12519 2801 2915 12520 2808 2922 12521 1019 2923 12522 2804 2918 12523 955 987 12524 1019 2923 12525 2803 2917 12526 2804 2918 12527 956 988 12528 2803 2917 12529 1019 2923 12530 956 988 12531 2802 2916 12532 2803 2917 12533 958 990 12534 2802 2916 12535 956 988 12536 958 990 12537 2801 2915 12538 2802 2916 12539 960 992 12540 2801 2915 12541 958 990 12542 960 992 12543 2808 2922 12544 2801 2915 12545 2278 2924 12546 2808 2922 12547 960 992 12548 2278 2924 12549 2807 2921 12550 2808 2922 12551 959 991 12552 2807 2921 12553 2278 2924 12554 959 991 12555 2806 2920 12556 2807 2921 12557 953 985 12558 2806 2920 12559 959 991 12560 953 985 12561 2805 2919 12562 2806 2920 12563 955 987 12564 2805 2919 12565 953 985 12566 955 987 12567 2804 2918 12568 2805 2919 12569 1971 2061 12570 1009 1041 12571 1006 1038 12572 1971 2061 12573 1970 2060 12574 1009 1041 12575 654 675 12576 1970 2060 12577 1971 2061 12578 654 675 12579 606 627 12580 1970 2060 12581 653 674 12582 606 627 12583 654 675 12584 653 674 12585 655 676 12586 606 627 12587 603 624 12588 655 676 12589 653 674 12590 603 624 12591 610 631 12592 655 676 12593 985 1017 12594 610 631 12595 603 624 12596 985 1017 12597 982 1014 12598 610 631 12599 984 1016 12600 982 1014 12601 985 1017 12602 984 1016 12603 981 1013 12604 982 1014 12605 2809 2925 12606 981 1013 12607 984 1016 12608 2809 2925 12609 2285 2378 12610 981 1013 12611 2742 2855 12612 2285 2378 12613 2809 2925 12614 2742 2855 12615 2287 2380 12616 2285 2378 12617 2746 2859 12618 1069 1107 12619 2747 2860 12620 2746 2859 12621 2275 2368 12622 1069 1107 12623 2745 2858 12624 2275 2368 12625 2746 2859 12626 2745 2858 12627 1025 1060 12628 2275 2368 12629 2289 2382 12630 1025 1060 12631 2745 2858 12632 2289 2382 12633 1060 1098 12634 1025 1060 12635 980 1012 12636 1060 1098 12637 2289 2382 12638 980 1012 12639 2748 2861 12640 1060 1098 12641 613 634 12642 2748 2861 12643 980 1012 12644 613 634 12645 656 677 12646 2748 2861 12647 1979 2069 12648 656 677 12649 613 634 12650 1979 2069 12651 616 637 12652 656 677 12653 1980 2070 12654 616 637 12655 1979 2069 12656 1980 2070 12657 1978 2068 12658 616 637 12659 1064 1102 12660 1978 2068 12661 1980 2070 12662 1064 1102 12663 1015 1047 12664 1978 2068 12665 1011 1043 12666 1015 1047 12667 1064 1102 12668 1011 1043 12669 1016 1048 12670 1015 1047 12671 1013 1045 12672 1016 1048 12673 1011 1043 12674 1013 1045 12675 1063 1101 12676 1016 1048 12677 2744 2857 12678 2289 2382 12679 2745 2858 12680 2744 2857 12681 2288 2381 12682 2289 2382 12683 2743 2856 12684 2288 2381 12685 2744 2857 12686 2743 2856 12687 983 1015 12688 2288 2381 12689 1020 1055 12690 983 1015 12691 2743 2856 12692 1020 1055 12693 648 669 12694 983 1015 12695 650 671 12696 648 669 12697 1020 1055 12698 650 671 12699 646 667 12700 648 669 12701 649 670 12702 646 667 12703 650 671 12704 649 670 12705 1967 2057 12706 646 667 12707 1966 2056 12708 1967 2057 12709 649 670 12710 1966 2056 12711 1001 1033 12712 1967 2057 12713 1059 1097 12714 1001 1033 12715 1966 2056 12716 1059 1097 12717 999 1031 12718 1001 1033 12719 1002 1034 12720 999 1031 12721 1059 1097 12722 1002 1034 12723 1058 1096 12724 999 1031 12725 1004 1036 12726 1058 1096 12727 1002 1034 12728 1965 2055 12729 1000 1032 12730 1003 1035 12731 1965 2055 12732 1968 2058 12733 1000 1032 12734 672 693 12735 1968 2058 12736 1965 2055 12737 672 693 12738 671 692 12739 1968 2058 12740 967 999 12741 671 692 12742 672 693 12743 967 999 12744 972 1004 12745 671 692 12746 673 694 12747 972 1004 12748 967 999 12749 673 694 12750 670 691 12751 972 1004 12752 1022 1057 12753 670 691 12754 673 694 12755 1022 1057 12756 986 1018 12757 670 691 12758 1021 1056 12759 986 1018 12760 1022 1057 12761 1021 1056 12762 984 1016 12763 986 1018 12764 2739 2852 12765 984 1016 12766 1021 1056 12767 2739 2852 12768 2809 2925 12769 984 1016 12770 2741 2854 12771 2809 2925 12772 2739 2852 12773 2741 2854 12774 2742 2855 12775 2809 2925 12776 2295 2389 12777 1080 1125 12778 1075 1120 12779 2295 2389 12780 2290 2383 12781 1080 1125 12782 1083 1128 12783 2290 2383 12784 2295 2389 12785 1083 1128 12786 1077 1122 12787 2290 2383 12788 1073 1115 12789 1077 1122 12790 1083 1128 12791 1073 1115 12792 1078 1123 12793 1077 1122 12794 1072 1113 12795 1078 1123 12796 1073 1115 12797 1072 1113 12798 2279 2372 12799 1078 1123 12800 1082 1127 12801 2279 2372 12802 1072 1113 12803 1082 1127 12804 2280 2373 12805 2279 2372 12806 2293 2386 12807 2280 2373 12808 1082 1127 12809 2293 2386 12810 1084 1131 12811 2280 2373 12812 2294 2387 12813 1084 1131 12814 2293 2386 12815 2294 2387 12816 1071 1109 12817 1084 1131 12818 2292 2385 12819 1071 1109 12820 2294 2387 12821 2292 2385 12822 1043 1111 12823 1071 1109 12824 1042 2391 12825 1043 1111 12826 2292 2385 12827 2314 2410 12828 2810 2926 12829 2312 2408 12830 2314 2410 12831 2296 2392 12832 2810 2926 12833 2315 2411 12834 2296 2392 12835 2314 2410 12836 2315 2411 12837 2297 2393 12838 2296 2392 12839 2325 2421 12840 2297 2393 12841 2315 2411 12842 2325 2421 12843 2316 2412 12844 2297 2393 12845 1110 1157 12846 2316 2412 12847 2325 2421 12848 1110 1157 12849 1097 1144 12850 2316 2412 12851 1119 1166 12852 1097 1144 12853 1110 1157 12854 1119 1166 12855 1104 1151 12856 1097 1144 12857 1118 1165 12858 1104 1151 12859 1119 1166 12860 1118 1165 12861 1107 1154 12862 1104 1151 12863 1114 1161 12864 1107 1154 12865 1118 1165 12866 1114 1161 12867 1145 1192 12868 1107 1154 12869 1115 1162 12870 1145 1192 12871 1114 1161 12872 1115 1162 12873 1146 1193 12874 1145 1192 12875 2310 2406 12876 2810 2926 12877 2308 2404 12878 2310 2406 12879 2312 2408 12880 2810 2926 12881 2311 2407 12882 2312 2408 12883 2310 2406 12884 2311 2407 12885 2313 2409 12886 2312 2408 12887 2323 2419 12888 2313 2409 12889 2311 2407 12890 2323 2419 12891 2324 2420 12892 2313 2409 12893 1122 1169 12894 2324 2420 12895 2323 2419 12896 1122 1169 12897 1108 1155 12898 2324 2420 12899 1128 1175 12900 1108 1155 12901 1122 1169 12902 1128 1175 12903 1117 1164 12904 1108 1155 12905 1127 1174 12906 1117 1164 12907 1128 1175 12908 1127 1174 12909 1116 1163 12910 1117 1164 12911 1125 1172 12912 1116 1163 12913 1127 1174 12914 1125 1172 12915 1115 1162 12916 1116 1163 12917 1131 1178 12918 1115 1162 12919 1125 1172 12920 1131 1178 12921 1146 1193 12922 1115 1162 12923 2306 2402 12924 2810 2926 12925 2304 2400 12926 2306 2402 12927 2308 2404 12928 2810 2926 12929 2307 2403 12930 2308 2404 12931 2306 2402 12932 2307 2403 12933 2309 2405 12934 2308 2404 12935 2321 2417 12936 2309 2405 12937 2307 2403 12938 2321 2417 12939 2322 2418 12940 2309 2405 12941 1134 1181 12942 2322 2418 12943 2321 2417 12944 1134 1181 12945 1120 1167 12946 2322 2418 12947 1140 1187 12948 1120 1167 12949 1134 1181 12950 1140 1187 12951 1126 1173 12952 1120 1167 12953 1141 1188 12954 1126 1173 12955 1140 1187 12956 1141 1188 12957 1130 1177 12958 1126 1173 12959 1137 1184 12960 1130 1177 12961 1141 1188 12962 1137 1184 12963 1131 1178 12964 1130 1177 12965 1143 1190 12966 1131 1178 12967 1137 1184 12968 1143 1190 12969 1146 1193 12970 1131 1178 12971 2302 2398 12972 2810 2926 12973 2300 2396 12974 2302 2398 12975 2304 2400 12976 2810 2926 12977 2303 2399 12978 2304 2400 12979 2302 2398 12980 2303 2399 12981 2305 2401 12982 2304 2400 12983 2319 2415 12984 2305 2401 12985 2303 2399 12986 2319 2415 12987 2320 2416 12988 2305 2401 12989 1087 1134 12990 2320 2416 12991 2319 2415 12992 1087 1134 12993 1132 1179 12994 2320 2416 12995 1094 1141 12996 1132 1179 12997 1087 1134 12998 1094 1141 12999 1138 1185 13000 1132 1179 13001 1095 1142 13002 1138 1185 13003 1094 1141 13004 1095 1142 13005 1142 1189 13006 1138 1185 13007 1091 1138 13008 1142 1189 13009 1095 1142 13010 1091 1138 13011 1143 1190 13012 1142 1189 13013 1096 1143 13014 1143 1190 13015 1091 1138 13016 1096 1143 13017 1146 1193 13018 1143 1190 13019 2298 2394 13020 2810 2926 13021 2296 2392 13022 2298 2394 13023 2300 2396 13024 2810 2926 13025 2299 2395 13026 2300 2396 13027 2298 2394 13028 2299 2395 13029 2301 2397 13030 2300 2396 13031 2317 2413 13032 2301 2397 13033 2299 2395 13034 2317 2413 13035 2318 2414 13036 2301 2397 13037 1099 1146 13038 2318 2414 13039 2317 2413 13040 1099 1146 13041 1085 1132 13042 2318 2414 13043 1105 1152 13044 1085 1132 13045 1099 1146 13046 1105 1152 13047 1092 1139 13048 1085 1132 13049 1106 1153 13050 1092 1139 13051 1105 1152 13052 1106 1153 13053 1093 1140 13054 1092 1139 13055 1103 1150 13056 1093 1140 13057 1106 1153 13058 1103 1150 13059 1144 1191 13060 1093 1140 13061 1107 1154 13062 1144 1191 13063 1103 1150 13064 1107 1154 13065 1145 1192 13066 1144 1191 13067 2811 2927 13068 2332 2428 13069 2812 2928 13070 2811 2927 13071 2334 2430 13072 2332 2428 13073 2813 2929 13074 2334 2430 13075 2811 2927 13076 2813 2929 13077 2336 2432 13078 2334 2430 13079 2814 2930 13080 2336 2432 13081 2813 2929 13082 2814 2930 13083 2327 2423 13084 2336 2432 13085 2815 2931 13086 2327 2423 13087 2814 2930 13088 2815 2931 13089 2326 2422 13090 2327 2423 13091 2816 2932 13092 2326 2422 13093 2815 2931 13094 2816 2932 13095 2328 2424 13096 2326 2422 13097 2817 2933 13098 2328 2424 13099 2816 2932 13100 2817 2933 13101 2329 2425 13102 2328 2424 13103 2818 2934 13104 2329 2425 13105 2817 2933 13106 2818 2934 13107 2330 2426 13108 2329 2425 13109 2812 2928 13110 2330 2426 13111 2818 2934 13112 2812 2928 13113 2332 2428 13114 2330 2426 13115 2813 2929 13116 1147 1194 13117 2814 2930 13118 2813 2929 13119 1216 2935 13120 1147 1194 13121 2811 2927 13122 1216 2935 13123 2813 2929 13124 2811 2927 13125 1152 1199 13126 1216 2935 13127 2812 2928 13128 1152 1199 13129 2811 2927 13130 2812 2928 13131 1150 1197 13132 1152 1199 13133 2818 2934 13134 1150 1197 13135 2812 2928 13136 2818 2934 13137 1154 1201 13138 1150 1197 13139 2817 2933 13140 1154 1201 13141 2818 2934 13142 2817 2933 13143 2357 2936 13144 1154 1201 13145 2816 2932 13146 2357 2936 13147 2817 2933 13148 2816 2932 13149 1153 1200 13150 2357 2936 13151 2815 2931 13152 1153 1200 13153 2816 2932 13154 2815 2931 13155 1149 1196 13156 1153 1200 13157 2814 2930 13158 1149 1196 13159 2815 2931 13160 2814 2930 13161 1147 1194 13162 1149 1196 13163 1243 1293 13164 1155 1202 13165 1223 1273 13166 1243 1293 13167 2338 2434 13168 1155 1202 13169 1242 1292 13170 2338 2434 13171 1243 1293 13172 1242 1292 13173 1256 1308 13174 2338 2434 13175 1229 1279 13176 1256 1308 13177 1242 1292 13178 1229 1279 13179 1220 1270 13180 1256 1308 13181 1228 1278 13182 1220 1270 13183 1229 1279 13184 1228 1278 13185 1263 1316 13186 1220 1270 13187 2731 2844 13188 1263 1316 13189 1228 1278 13190 2731 2844 13191 2819 2937 13192 1263 1316 13193 2730 2843 13194 2819 2937 13195 2731 2844 13196 2730 2843 13197 622 643 13198 2819 2937 13199 2729 2842 13200 622 643 13201 2730 2843 13202 2729 2842 13203 623 644 13204 622 643 13205 2728 2841 13206 623 644 13207 2729 2842 13208 2728 2841 13209 682 703 13210 623 644 13211 2354 2450 13212 1221 1271 13213 1223 1273 13214 2354 2450 13215 1231 1281 13216 1221 1271 13217 1218 1268 13218 1231 1281 13219 2354 2450 13220 1218 1268 13221 1232 1282 13222 1231 1281 13223 1263 1316 13224 1232 1282 13225 1218 1268 13226 1263 1316 13227 2733 2846 13228 1232 1282 13229 2819 2937 13230 2733 2846 13231 1263 1316 13232 2819 2937 13233 1173 1220 13234 2733 2846 13235 622 643 13236 1173 1220 13237 2819 2937 13238 622 643 13239 684 705 13240 1173 1220 13241 621 642 13242 684 705 13243 622 643 13244 621 642 13245 683 704 13246 684 705 13247 1953 2043 13248 683 704 13249 621 642 13250 1953 2043 13251 1950 2040 13252 683 704 13253 1213 1260 13254 1950 2040 13255 1953 2043 13256 1213 1260 13257 1269 1322 13258 1950 2040 13259 1212 1259 13260 1269 1322 13261 1213 1260 13262 1212 1259 13263 1211 1258 13264 1269 1322 13265 1268 1321 13266 1211 1258 13267 1212 1259 13268 1268 1321 13269 1209 1256 13270 1211 1258 13271 1180 1227 13272 1196 1243 13273 1183 1230 13274 1180 1227 13275 1276 1329 13276 1196 1243 13277 1224 1274 13278 1276 1329 13279 1180 1227 13280 1224 1274 13281 1274 1327 13282 1276 1329 13283 2732 2845 13284 1274 1327 13285 1224 1274 13286 2732 2845 13287 1275 1328 13288 1274 1327 13289 1178 1225 13290 1275 1328 13291 2732 2845 13292 1178 1225 13293 1163 1210 13294 1275 1328 13295 1945 2031 13296 1163 1210 13297 1178 1225 13298 1945 2031 13299 1164 1211 13300 1163 1210 13301 2363 2459 13302 1164 1211 13303 1945 2031 13304 2363 2459 13305 2366 2462 13306 1164 1211 13307 2364 2460 13308 2366 2462 13309 2363 2459 13310 2364 2460 13311 1262 1315 13312 2366 2462 13313 1197 1244 13314 1262 1315 13315 2364 2460 13316 1197 1244 13317 1202 1249 13318 1262 1315 13319 1199 1246 13320 1202 1249 13321 1197 1244 13322 1199 1246 13323 1200 1247 13324 1202 1249 13325 1261 1314 13326 1200 1247 13327 1199 1246 13328 2372 2468 13329 1287 1342 13330 1286 1341 13331 2372 2468 13332 2359 2455 13333 1287 1342 13334 1290 1345 13335 2359 2455 13336 2372 2468 13337 1290 1345 13338 2358 2454 13339 2359 2455 13340 1289 1344 13341 2358 2454 13342 1290 1345 13343 1289 1344 13344 1282 1337 13345 2358 2454 13346 2820 2938 13347 1282 1337 13348 1289 1344 13349 2820 2938 13350 1283 1338 13351 1282 1337 13352 2821 2939 13353 1283 1338 13354 2820 2938 13355 2821 2939 13356 2371 2467 13357 1283 1338 13358 2822 2940 13359 2371 2467 13360 2821 2939 13361 2822 2940 13362 1285 1340 13363 2371 2467 13364 2823 2941 13365 1285 1340 13366 2822 2940 13367 2823 2941 13368 1278 1332 13369 1285 1340 13370 1259 2942 13371 1278 1332 13372 2823 2941 13373 1259 2942 13374 1248 1330 13375 1278 1332 13376 2356 2943 13377 1279 1334 13378 1247 1346 13379 2356 2943 13380 2373 2469 13381 1279 1334 13382 1260 2944 13383 2373 2469 13384 2356 2943 13385 1260 2944 13386 1288 1343 13387 2373 2469 13388 1250 2945 13389 1288 1343 13390 1260 2944 13391 1250 2945 13392 1289 1344 13393 1288 1343 13394 1249 2946 13395 1289 1344 13396 1250 2945 13397 1249 2946 13398 2820 2938 13399 1289 1344 13400 1258 2947 13401 2820 2938 13402 1249 2946 13403 1258 2947 13404 2821 2939 13405 2820 2938 13406 1215 2948 13407 2821 2939 13408 1258 2947 13409 1215 2948 13410 2822 2940 13411 2821 2939 13412 1217 2949 13413 2822 2940 13414 1215 2948 13415 1217 2949 13416 2823 2941 13417 2822 2940 13418 1245 2950 13419 2823 2941 13420 1217 2949 13421 1245 2950 13422 1259 2942 13423 2823 2941 13424 1298 1354 13425 1316 1375 13426 1293 1349 13427 1298 1354 13428 1315 1374 13429 1316 1375 13430 1309 1365 13431 1315 1374 13432 1298 1354 13433 1309 1365 13434 1314 1372 13435 1315 1374 13436 1304 1360 13437 1314 1372 13438 1309 1365 13439 1304 1360 13440 1312 1370 13441 1314 1372 13442 1310 1366 13443 1312 1370 13444 1304 1360 13445 1310 1366 13446 1313 1371 13447 1312 1370 13448 1301 1357 13449 1313 1371 13450 1310 1366 13451 1301 1357 13452 1311 1368 13453 1313 1371 13454 1295 1351 13455 1311 1368 13456 1301 1357 13457 1295 1351 13458 1318 1379 13459 1311 1368 13460 1291 1347 13461 1318 1379 13462 1295 1351 13463 1291 1347 13464 1317 1377 13465 1318 1379 13466 1293 1349 13467 1317 1377 13468 1291 1347 13469 1293 1349 13470 1316 1375 13471 1317 1377 13472 2399 2495 13473 2375 2471 13474 2404 2500 13475 2399 2495 13476 2377 2473 13477 2375 2471 13478 1344 1408 13479 2377 2473 13480 2399 2495 13481 1344 1408 13482 1338 1402 13483 2377 2473 13484 1345 1409 13485 1338 1402 13486 1344 1408 13487 1345 1409 13488 1346 1410 13489 1338 1402 13490 1340 1404 13491 1346 1410 13492 1345 1409 13493 1340 1404 13494 2380 2476 13495 1346 1410 13496 1333 1397 13497 2380 2476 13498 1340 1404 13499 1333 1397 13500 2381 2477 13501 2380 2476 13502 1332 1396 13503 2381 2477 13504 1333 1397 13505 1332 1396 13506 1334 1398 13507 2381 2477 13508 2411 2507 13509 1334 1398 13510 1332 1396 13511 2411 2507 13512 1335 1399 13513 1334 1398 13514 2410 2506 13515 1335 1399 13516 2411 2507 13517 2410 2506 13518 2398 2494 13519 1335 1399 13520 2409 2505 13521 2398 2494 13522 2410 2506 13523 2409 2505 13524 2408 2504 13525 2398 2494 13526 2397 2493 13527 2383 2479 13528 2396 2492 13529 2397 2493 13530 2385 2481 13531 2383 2479 13532 1320 1384 13533 2385 2481 13534 2397 2493 13535 1320 1384 13536 2401 2497 13537 2385 2481 13538 1319 1383 13539 2401 2497 13540 1320 1384 13541 1319 1383 13542 1323 1387 13543 2401 2497 13544 2378 2474 13545 1323 1387 13546 1319 1383 13547 2378 2474 13548 1324 1388 13549 1323 1387 13550 2379 2475 13551 1324 1388 13552 2378 2474 13553 2379 2475 13554 1325 1389 13555 1324 1388 13556 1343 1407 13557 1325 1389 13558 2379 2475 13559 1343 1407 13560 1330 1394 13561 1325 1389 13562 1328 1392 13563 1330 1394 13564 1343 1407 13565 1328 1392 13566 1342 1406 13567 1330 1394 13568 2395 2491 13569 1342 1406 13570 1328 1392 13571 2395 2491 13572 2391 2487 13573 1342 1406 13574 2393 2489 13575 2391 2487 13576 2395 2491 13577 2393 2489 13578 2390 2486 13579 2391 2487 13580 2437 2533 13581 2413 2509 13582 2442 2538 13583 2437 2533 13584 2415 2511 13585 2413 2509 13586 1372 1436 13587 2415 2511 13588 2437 2533 13589 1372 1436 13590 1366 1430 13591 2415 2511 13592 1373 1437 13593 1366 1430 13594 1372 1436 13595 1373 1437 13596 1374 1438 13597 1366 1430 13598 1368 1432 13599 1374 1438 13600 1373 1437 13601 1368 1432 13602 2418 2514 13603 1374 1438 13604 1361 1425 13605 2418 2514 13606 1368 1432 13607 1361 1425 13608 2419 2515 13609 2418 2514 13610 1360 1424 13611 2419 2515 13612 1361 1425 13613 1360 1424 13614 1362 1426 13615 2419 2515 13616 2449 2545 13617 1362 1426 13618 1360 1424 13619 2449 2545 13620 1363 1427 13621 1362 1426 13622 2448 2544 13623 1363 1427 13624 2449 2545 13625 2448 2544 13626 2436 2532 13627 1363 1427 13628 2447 2543 13629 2436 2532 13630 2448 2544 13631 2447 2543 13632 2446 2542 13633 2436 2532 13634 2435 2531 13635 2421 2517 13636 2434 2530 13637 2435 2531 13638 2423 2519 13639 2421 2517 13640 1348 1412 13641 2423 2519 13642 2435 2531 13643 1348 1412 13644 2439 2535 13645 2423 2519 13646 1347 1411 13647 2439 2535 13648 1348 1412 13649 1347 1411 13650 1351 1415 13651 2439 2535 13652 2416 2512 13653 1351 1415 13654 1347 1411 13655 2416 2512 13656 1352 1416 13657 1351 1415 13658 2417 2513 13659 1352 1416 13660 2416 2512 13661 2417 2513 13662 1353 1417 13663 1352 1416 13664 1371 1435 13665 1353 1417 13666 2417 2513 13667 1371 1435 13668 1358 1422 13669 1353 1417 13670 1356 1420 13671 1358 1422 13672 1371 1435 13673 1356 1420 13674 1370 1434 13675 1358 1422 13676 2433 2529 13677 1370 1434 13678 1356 1420 13679 2433 2529 13680 2429 2525 13681 1370 1434 13682 2431 2527 13683 2429 2525 13684 2433 2529 13685 2431 2527 13686 2428 2524 13687 2429 2525 13688 2824 2951 13689 1395 1459 13690 2825 2952 13691 2824 2951 13692 1392 1456 13693 1395 1459 13694 2826 2953 13695 1392 1456 13696 2824 2951 13697 2826 2953 13698 2457 2553 13699 1392 1456 13700 2827 2954 13701 2457 2553 13702 2826 2953 13703 2827 2954 13704 2463 2559 13705 2457 2553 13706 2828 2955 13707 2463 2559 13708 2827 2954 13709 2828 2955 13710 2456 2552 13711 2463 2559 13712 2829 2956 13713 2456 2552 13714 2828 2955 13715 2829 2956 13716 1388 1452 13717 2456 2552 13718 2594 2697 13719 1388 1452 13720 2829 2956 13721 2594 2697 13722 1389 1453 13723 1388 1452 13724 1718 1788 13725 1389 1453 13726 2594 2697 13727 1718 1788 13728 1696 1765 13729 1389 1453 13730 1712 1782 13731 1696 1765 13732 1718 1788 13733 1712 1782 13734 1697 1766 13735 1696 1765 13736 1711 1781 13737 1697 1766 13738 1712 1782 13739 1711 1781 13740 2608 2711 13741 1697 1766 13742 2604 2707 13743 2608 2711 13744 1711 1781 13745 2604 2707 13746 2598 2701 13747 2608 2711 13748 1689 1758 13749 2598 2701 13750 2604 2707 13751 1689 1758 13752 1698 1768 13753 2598 2701 13754 1688 1757 13755 1698 1768 13756 1689 1758 13757 1688 1757 13758 1677 1745 13759 1698 1768 13760 1659 1727 13761 1677 1745 13762 1688 1757 13763 1659 1727 13764 1660 1728 13765 1677 1745 13766 1396 1460 13767 2451 2547 13768 1397 1461 13769 1396 1460 13770 2453 2549 13771 2451 2547 13772 1400 1464 13773 2453 2549 13774 1396 1460 13775 1400 1464 13776 2452 2548 13777 2453 2549 13778 1399 1463 13779 2452 2548 13780 1400 1464 13781 1399 1463 13782 2450 2546 13783 2452 2548 13784 1409 1473 13785 2450 2546 13786 1399 1463 13787 1409 1473 13788 2830 2957 13789 2450 2546 13790 2831 2958 13791 2830 2957 13792 1409 1473 13793 2831 2958 13794 2832 2959 13795 2830 2957 13796 2833 2960 13797 2832 2959 13798 2831 2958 13799 2833 2960 13800 2834 2961 13801 2832 2959 13802 2835 2962 13803 2834 2961 13804 2833 2960 13805 2835 2962 13806 2836 2963 13807 2834 2961 13808 2837 2964 13809 2836 2963 13810 2835 2962 13811 2837 2964 13812 2466 2563 13813 2836 2963 13814 2825 2952 13815 2466 2563 13816 2837 2964 13817 2825 2952 13818 1406 1470 13819 2466 2563 13820 1395 1459 13821 1406 1470 13822 2825 2952 13823 1395 1459 13824 1404 1468 13825 1406 1470 13826 1394 1458 13827 1404 1468 13828 1395 1459 13829 2829 2956 13830 2593 2696 13831 2594 2697 13832 2829 2956 13833 2838 2965 13834 2593 2696 13835 2828 2955 13836 2838 2965 13837 2829 2956 13838 2828 2955 13839 2839 2966 13840 2838 2965 13841 2827 2954 13842 2839 2966 13843 2828 2955 13844 2827 2954 13845 2840 2967 13846 2839 2966 13847 2826 2953 13848 2840 2967 13849 2827 2954 13850 2826 2953 13851 2841 2968 13852 2840 2967 13853 2824 2951 13854 2841 2968 13855 2826 2953 13856 2824 2951 13857 2842 2969 13858 2841 2968 13859 2825 2952 13860 2842 2969 13861 2824 2951 13862 2825 2952 13863 2843 2970 13864 2842 2969 13865 2837 2964 13866 2843 2970 13867 2825 2952 13868 2837 2964 13869 2844 2971 13870 2843 2970 13871 2835 2962 13872 2844 2971 13873 2837 2964 13874 2835 2962 13875 2845 2972 13876 2844 2971 13877 2833 2960 13878 2845 2972 13879 2835 2962 13880 2833 2960 13881 1410 1474 13882 2845 2972 13883 2831 2958 13884 1410 1474 13885 2833 2960 13886 2831 2958 13887 1409 1473 13888 1410 1474 13889 2834 2961 13890 1385 1449 13891 2832 2959 13892 2834 2961 13893 1414 1478 13894 1385 1449 13895 2836 2963 13896 1414 1478 13897 2834 2961 13898 2836 2963 13899 2465 2562 13900 1414 1478 13901 2466 2563 13902 2465 2562 13903 2836 2963 13904 2466 2563 13905 2468 2565 13906 2465 2562 13907 1520 1588 13908 2468 2565 13909 2466 2563 13910 1520 1588 13911 2467 2564 13912 2468 2565 13913 1519 1587 13914 2467 2564 13915 1520 1588 13916 1519 1587 13917 2460 2556 13918 2467 2564 13919 1503 1571 13920 2460 2556 13921 1519 1587 13922 1503 1571 13923 1376 1440 13924 2460 2556 13925 1502 1570 13926 1376 1440 13927 1503 1571 13928 1502 1570 13929 1377 1441 13930 1376 1440 13931 1500 1568 13932 1377 1441 13933 1502 1570 13934 1500 1568 13935 2462 2558 13936 1377 1441 13937 1499 1567 13938 2462 2558 13939 1500 1568 13940 1499 1567 13941 2461 2557 13942 2462 2558 13943 1526 1594 13944 2461 2557 13945 1499 1567 13946 1526 1594 13947 1738 1810 13948 2461 2557 13949 1508 1576 13950 1738 1810 13951 1526 1594 13952 2838 2965 13953 1564 1632 13954 2593 2696 13955 2838 2965 13956 1561 1629 13957 1564 1632 13958 2839 2966 13959 1561 1629 13960 2838 2965 13961 2839 2966 13962 1562 1630 13963 1561 1629 13964 2840 2967 13965 1562 1630 13966 2839 2966 13967 2840 2967 13968 2846 2973 13969 1562 1630 13970 2841 2968 13971 2846 2973 13972 2840 2967 13973 2841 2968 13974 2847 2974 13975 2846 2973 13976 2842 2969 13977 2847 2974 13978 2841 2968 13979 2842 2969 13980 2848 2975 13981 2847 2974 13982 2843 2970 13983 2848 2975 13984 2842 2969 13985 2843 2970 13986 2849 2976 13987 2848 2975 13988 2844 2971 13989 2849 2976 13990 2843 2970 13991 2844 2971 13992 2850 2977 13993 2849 2976 13994 2845 2972 13995 2850 2977 13996 2844 2971 13997 2845 2972 13998 1419 1484 13999 2850 2977 14000 1410 1474 14001 1419 1484 14002 2845 2972 14003 1410 1474 14004 1420 1485 14005 1419 1484 14006 1398 1462 14007 1420 1485 14008 1410 1474 14009 1398 1462 14010 1483 1550 14011 1420 1485 14012 1397 1461 14013 1483 1550 14014 1398 1462 14015 1397 1461 14016 2509 2610 14017 1483 1550 14018 2451 2547 14019 2509 2610 14020 1397 1461 14021 2451 2547 14022 1401 1465 14023 2509 2610 14024 2450 2546 14025 1401 1465 14026 2451 2547 14027 2450 2546 14028 1402 1466 14029 1401 1465 14030 2830 2957 14031 1402 1466 14032 2450 2546 14033 2830 2957 14034 1385 1449 14035 1402 1466 14036 2832 2959 14037 1385 1449 14038 2830 2957 14039 1481 1548 14040 2469 2566 14041 1482 1549 14042 1481 1548 14043 1462 1528 14044 2469 2566 14045 2496 2597 14046 1462 1528 14047 1481 1548 14048 2496 2597 14049 1427 1492 14050 1462 1528 14051 2495 2596 14052 1427 1492 14053 2496 2597 14054 2495 2596 14055 1433 1498 14056 1427 1492 14057 1480 1547 14058 1433 1498 14059 2495 2596 14060 1480 1547 14061 1415 1480 14062 1433 1498 14063 1479 1546 14064 1415 1480 14065 1480 1547 14066 1479 1546 14067 1478 1545 14068 1415 1480 14069 1452 1518 14070 1478 1545 14071 1479 1546 14072 1452 1518 14073 1423 1488 14074 1478 1545 14075 1451 1517 14076 1423 1488 14077 1452 1518 14078 1451 1517 14079 1421 1486 14080 1423 1488 14081 2491 2592 14082 1421 1486 14083 1451 1517 14084 2491 2592 14085 2851 2978 14086 1421 1486 14087 2492 2593 14088 2851 2978 14089 2491 2592 14090 2492 2593 14091 2524 2625 14092 2851 2978 14093 1505 1573 14094 1495 1563 14095 1510 1578 14096 1505 1573 14097 2852 2979 14098 1495 1563 14099 1507 1575 14100 2852 2979 14101 1505 1573 14102 1507 1575 14103 2853 2980 14104 2852 2979 14105 1525 1593 14106 2853 2980 14107 1507 1575 14108 1525 1593 14109 2854 2981 14110 2853 2980 14111 1524 1592 14112 2854 2981 14113 1525 1593 14114 1524 1592 14115 2855 2982 14116 2854 2981 14117 1517 1585 14118 2855 2982 14119 1524 1592 14120 1517 1585 14121 2856 2983 14122 2855 2982 14123 1512 1580 14124 2856 2983 14125 1517 1585 14126 1512 1580 14127 1521 1589 14128 2856 2983 14129 1492 1560 14130 1521 1589 14131 1512 1580 14132 1492 1560 14133 1513 1581 14134 1521 1589 14135 1494 1562 14136 1513 1581 14137 1492 1560 14138 1494 1562 14139 1394 1458 14140 1513 1581 14141 1404 1468 14142 1394 1458 14143 1494 1562 14144 1509 1577 14145 1536 1604 14146 1653 1721 14147 1509 1577 14148 1537 1605 14149 1536 1604 14150 1496 1564 14151 1537 1605 14152 1509 1577 14153 1496 1564 14154 2857 2984 14155 1537 1605 14156 1495 1563 14157 2857 2984 14158 1496 1564 14159 1495 1563 14160 2858 2985 14161 2857 2984 14162 2852 2979 14163 2858 2985 14164 1495 1563 14165 2852 2979 14166 2859 2986 14167 2858 2985 14168 2853 2980 14169 2859 2986 14170 2852 2979 14171 2853 2980 14172 2860 2987 14173 2859 2986 14174 2854 2981 14175 2860 2987 14176 2853 2980 14177 2854 2981 14178 1515 1583 14179 2860 2987 14180 2855 2982 14181 1515 1583 14182 2854 2981 14183 2855 2982 14184 1516 1584 14185 1515 1583 14186 2856 2983 14187 1516 1584 14188 2855 2982 14189 2856 2983 14190 1521 1589 14191 1516 1584 14192 2455 2551 14193 1538 1606 14194 1540 1608 14195 2455 2551 14196 1535 1603 14197 1538 1606 14198 1387 1751 14199 1535 1603 14200 2455 2551 14201 1387 1751 14202 1536 1604 14203 1535 1603 14204 1684 1753 14205 1536 1604 14206 1387 1751 14207 1684 1753 14208 1665 1733 14209 1536 1604 14210 2586 2689 14211 1665 1733 14212 1684 1753 14213 2586 2689 14214 1685 1754 14215 1665 1733 14216 2585 2688 14217 1685 1754 14218 2586 2689 14219 2585 2688 14220 2589 2692 14221 1685 1754 14222 2597 2700 14223 2589 2692 14224 2585 2688 14225 2597 2700 14226 2588 2691 14227 2589 2692 14228 1676 1744 14229 2588 2691 14230 2597 2700 14231 1676 1744 14232 2587 2690 14233 2588 2691 14234 1675 1743 14235 2587 2690 14236 1676 1744 14237 1675 1743 14238 2590 2693 14239 2587 2690 14240 1682 1750 14241 2590 2693 14242 1675 1743 14243 1682 1750 14244 1680 1748 14245 2590 2693 14246 1681 1749 14247 1680 1748 14248 1682 1750 14249 1681 1749 14250 1664 1732 14251 1680 1748 14252 1669 1737 14253 1664 1732 14254 1681 1749 14255 1532 1600 14256 1391 1455 14257 1390 1454 14258 1532 1600 14259 1529 1597 14260 1391 1455 14261 1531 1599 14262 1529 1597 14263 1532 1600 14264 1531 1599 14265 1530 1598 14266 1529 1597 14267 1534 1602 14268 1530 1598 14269 1531 1599 14270 1534 1602 14271 1514 1582 14272 1530 1598 14273 2511 2612 14274 1514 1582 14275 1534 1602 14276 2511 2612 14277 1515 1583 14278 1514 1582 14279 1528 1596 14280 1515 1583 14281 2511 2612 14282 1528 1596 14283 2860 2987 14284 1515 1583 14285 1527 1595 14286 2860 2987 14287 1528 1596 14288 1527 1595 14289 2859 2986 14290 2860 2987 14291 2510 2611 14292 2859 2986 14293 1527 1595 14294 2510 2611 14295 2858 2985 14296 2859 2986 14297 1539 1607 14298 2858 2985 14299 2510 2611 14300 1539 1607 14301 2857 2984 14302 2858 2985 14303 1537 1605 14304 2857 2984 14305 1539 1607 14306 1555 1623 14307 2518 2619 14308 2519 2620 14309 1555 1623 14310 2861 2988 14311 2518 2619 14312 1551 1619 14313 2861 2988 14314 1555 1623 14315 1551 1619 14316 2862 2989 14317 2861 2988 14318 1734 1806 14319 2862 2989 14320 1551 1619 14321 1734 1806 14322 2863 2990 14323 2862 2989 14324 2617 2720 14325 2863 2990 14326 1734 1806 14327 2617 2720 14328 2864 2991 14329 2863 2990 14330 2623 2726 14331 2864 2991 14332 2617 2720 14333 2623 2726 14334 2865 2992 14335 2864 2991 14336 2626 2729 14337 2865 2992 14338 2623 2726 14339 2626 2729 14340 2866 2993 14341 2865 2992 14342 2627 2730 14343 2866 2993 14344 2626 2729 14345 2627 2730 14346 2867 2994 14347 2866 2993 14348 2619 2722 14349 2867 2994 14350 2627 2730 14351 2619 2722 14352 2868 2995 14353 2867 2994 14354 2620 2723 14355 2868 2995 14356 2619 2722 14357 2620 2723 14358 1653 1721 14359 2868 2995 14360 1733 1805 14361 1653 1721 14362 2620 2723 14363 1733 1805 14364 1509 1577 14365 1653 1721 14366 1497 1565 14367 1509 1577 14368 1733 1805 14369 2863 2990 14370 2861 2988 14371 2862 2989 14372 2863 2990 14373 2518 2619 14374 2861 2988 14375 2864 2991 14376 2518 2619 14377 2863 2990 14378 2864 2991 14379 2516 2617 14380 2518 2619 14381 2865 2992 14382 2516 2617 14383 2864 2991 14384 2865 2992 14385 2522 2623 14386 2516 2617 14387 2866 2993 14388 2522 2623 14389 2865 2992 14390 2866 2993 14391 2523 2624 14392 2522 2623 14393 2867 2994 14394 2523 2624 14395 2866 2993 14396 2867 2994 14397 2512 2613 14398 2523 2624 14399 2868 2995 14400 2512 2613 14401 2867 2994 14402 2868 2995 14403 2513 2614 14404 2512 2613 14405 1653 1721 14406 2513 2614 14407 2868 2995 14408 1653 1721 14409 1549 1617 14410 2513 2614 14411 1654 1722 14412 1549 1617 14413 1653 1721 14414 1654 1722 14415 1548 1616 14416 1549 1617 14417 2869 2996 14418 1559 1627 14419 1556 1624 14420 2869 2996 14421 1560 1628 14422 1559 1627 14423 2870 2997 14424 1560 1628 14425 2869 2996 14426 2870 2997 14427 1418 1483 14428 1560 1628 14429 2871 2998 14430 1418 1483 14431 2870 2997 14432 2871 2998 14433 1419 1484 14434 1418 1483 14435 2872 2999 14436 1419 1484 14437 2871 2998 14438 2872 2999 14439 2850 2977 14440 1419 1484 14441 2873 3000 14442 2850 2977 14443 2872 2999 14444 2873 3000 14445 2849 2976 14446 2850 2977 14447 2874 3001 14448 2849 2976 14449 2873 3000 14450 2874 3001 14451 2848 2975 14452 2849 2976 14453 2875 3002 14454 2848 2975 14455 2874 3001 14456 2875 3002 14457 2847 2974 14458 2848 2975 14459 1563 1631 14460 2847 2974 14461 2875 3002 14462 1563 1631 14463 2846 2973 14464 2847 2974 14465 1562 1630 14466 2846 2973 14467 1563 1631 14468 1421 1486 14469 2869 2996 14470 1556 1624 14471 1421 1486 14472 2870 2997 14473 2869 2996 14474 2851 2978 14475 2870 2997 14476 1421 1486 14477 2851 2978 14478 2871 2998 14479 2870 2997 14480 2524 2625 14481 2871 2998 14482 2851 2978 14483 2524 2625 14484 2872 2999 14485 2871 2998 14486 2525 2626 14487 2872 2999 14488 2524 2625 14489 2525 2626 14490 2873 3000 14491 2872 2999 14492 2527 2628 14493 2873 3000 14494 2525 2626 14495 2527 2628 14496 2874 3001 14497 2873 3000 14498 2529 2630 14499 2874 3001 14500 2527 2628 14501 2529 2630 14502 2875 3002 14503 2874 3001 14504 2532 2633 14505 2875 3002 14506 2529 2630 14507 2532 2633 14508 1563 1631 14509 2875 3002 14510 2531 2632 14511 1563 1631 14512 2532 2633 14513 2531 2632 14514 1565 1633 14515 1563 1631 14516 2548 2649 14517 1565 1633 14518 2531 2632 14519 2548 2649 14520 1598 1666 14521 1565 1633 14522 2547 2648 14523 1598 1666 14524 2548 2649 14525 2547 2648 14526 1601 1669 14527 1598 1666 14528 2554 2655 14529 1601 1669 14530 2547 2648 14531 1585 1653 14532 1582 1650 14533 1570 1638 14534 1585 1653 14535 1575 1643 14536 1582 1650 14537 1584 1652 14538 1575 1643 14539 1585 1653 14540 1584 1652 14541 1579 1647 14542 1575 1643 14543 1587 1655 14544 1579 1647 14545 1584 1652 14546 1587 1655 14547 1580 1648 14548 1579 1647 14549 1577 1645 14550 1580 1648 14551 1587 1655 14552 1577 1645 14553 2539 2640 14554 1580 1648 14555 1576 1644 14556 2539 2640 14557 1577 1645 14558 1576 1644 14559 2541 2642 14560 2539 2640 14561 1578 1646 14562 2541 2642 14563 1576 1644 14564 1578 1646 14565 2540 2641 14566 2541 2642 14567 1567 1635 14568 2540 2641 14569 1578 1646 14570 1567 1635 14571 2535 2636 14572 2540 2641 14573 1566 1634 14574 2535 2636 14575 1567 1635 14576 1566 1634 14577 2537 2638 14578 2535 2636 14579 2534 2635 14580 2537 2638 14581 1566 1634 14582 2534 2635 14583 1384 1448 14584 2537 2638 14585 1412 1476 14586 1384 1448 14587 2534 2635 14588 1614 1682 14589 2570 2671 14590 2567 3003 14591 1614 1682 14592 2571 2672 14593 2570 2671 14594 1613 1681 14595 2571 2672 14596 1614 1682 14597 1613 1681 14598 2573 2674 14599 2571 2672 14600 1624 1692 14601 2573 2674 14602 1613 1681 14603 1624 1692 14604 2574 2675 14605 2573 2674 14606 1626 1694 14607 2574 2675 14608 1624 1692 14609 1626 1694 14610 2575 2676 14611 2574 2675 14612 1625 1693 14613 2575 2676 14614 1626 1694 14615 1625 1693 14616 1629 1697 14617 2575 2676 14618 1635 1703 14619 1629 1697 14620 1625 1693 14621 1635 1703 14622 1627 1695 14623 1629 1697 14624 1633 1701 14625 1627 1695 14626 1635 1703 14627 1633 1701 14628 1621 1689 14629 1627 1695 14630 1632 1700 14631 1621 1689 14632 1633 1701 14633 1632 1700 14634 1630 1698 14635 1621 1689 14636 1616 1684 14637 1630 1698 14638 1632 1700 14639 1616 1684 14640 1631 1699 14641 1630 1698 14642 2876 3004 14643 1620 1688 14644 1715 1785 14645 2876 3004 14646 1691 1760 14647 1620 1688 14648 2877 3005 14649 1691 1760 14650 2876 3004 14651 2877 3005 14652 1692 1761 14653 1691 1760 14654 2878 3006 14655 1692 1761 14656 2877 3005 14657 2878 3006 14658 2879 3007 14659 1692 1761 14660 2880 3008 14661 2879 3007 14662 2878 3006 14663 2880 3008 14664 2881 3009 14665 2879 3007 14666 2616 2719 14667 2881 3009 14668 2880 3008 14669 2616 2719 14670 2882 3010 14671 2881 3009 14672 2610 2713 14673 2882 3010 14674 2616 2719 14675 2610 2713 14676 2612 2715 14677 2882 3010 14678 2611 2714 14679 2612 2715 14680 2610 2713 14681 2611 2714 14682 2609 2712 14683 2612 2715 14684 2552 2653 14685 2609 2712 14686 2611 2714 14687 2552 2653 14688 2551 2652 14689 2609 2712 14690 1692 1761 14691 1721 1791 14692 1690 1759 14693 1692 1761 14694 1723 1793 14695 1721 1791 14696 2879 3007 14697 1723 1793 14698 1692 1761 14699 2879 3007 14700 1694 1763 14701 1723 1793 14702 2881 3009 14703 1694 1763 14704 2879 3007 14705 2881 3009 14706 1725 1797 14707 1694 1763 14708 2882 3010 14709 1725 1797 14710 2881 3009 14711 2882 3010 14712 2595 2698 14713 1725 1797 14714 2612 2715 14715 2595 2698 14716 2882 3010 14717 2612 2715 14718 1701 1771 14719 2595 2698 14720 2606 2709 14721 1701 1771 14722 2612 2715 14723 2606 2709 14724 1700 1770 14725 1701 1771 14726 2607 2710 14727 1700 1770 14728 2606 2709 14729 2607 2710 14730 2615 2718 14731 1700 1770 14732 1699 1769 14733 2615 2718 14734 2607 2710 14735 1699 1769 14736 1702 1772 14737 2615 2718 14738 1449 1515 14739 1702 1772 14740 1699 1769 14741 1449 1515 14742 1604 1672 14743 1702 1772 14744 2592 2695 14745 1726 1798 14746 1709 1779 14747 2592 2695 14748 1703 1773 14749 1726 1798 14750 1706 1776 14751 1703 1773 14752 2592 2695 14753 1706 1776 14754 1704 1774 14755 1703 1773 14756 1705 1775 14757 1704 1774 14758 1706 1776 14759 1705 1775 14760 2614 2717 14761 1704 1774 14762 1707 1777 14763 2614 2717 14764 1705 1775 14765 1707 1777 14766 2615 2718 14767 2614 2717 14768 2591 2694 14769 2615 2718 14770 1707 1777 14771 2591 2694 14772 1700 1770 14773 2615 2718 14774 1708 1778 14775 1700 1770 14776 2591 2694 14777 1708 1778 14778 1695 1764 14779 1700 1770 14780 1710 1780 14781 1695 1764 14782 1708 1778 14783 1710 1780 14784 1693 1762 14785 1695 1764 14786 1447 1513 14787 1693 1762 14788 1710 1780 14789 1447 1513 14790 2613 2716 14791 1693 1762 14792 1446 1512 14793 2613 2716 14794 1447 1513 14795 1716 1786 14796 1717 1787 14797 1688 1757 14798 1716 1786 14799 2584 2687 14800 1717 1787 14801 2616 2719 14802 2584 2687 14803 1716 1786 14804 2616 2719 14805 1666 1734 14806 2584 2687 14807 2880 3008 14808 1666 1734 14809 2616 2719 14810 2880 3008 14811 1667 1735 14812 1666 1734 14813 2878 3006 14814 1667 1735 14815 2880 3008 14816 2878 3006 14817 1646 1714 14818 1667 1735 14819 2877 3005 14820 1646 1714 14821 2878 3006 14822 2877 3005 14823 1647 1715 14824 1646 1714 14825 2876 3004 14826 1647 1715 14827 2877 3005 14828 2876 3004 14829 1643 1711 14830 1647 1715 14831 1715 1785 14832 1643 1711 14833 2876 3004 14834 1715 1785 14835 1644 1712 14836 1643 1711 14837 2600 2703 14838 1644 1712 14839 1715 1785 14840 2600 2703 14841 1674 1742 14842 1644 1712 14843 2601 2704 14844 1674 1742 14845 2600 2703 14846 2601 2704 14847 1655 1723 14848 1674 1742 14849 1552 1620 14850 1655 1723 14851 2601 2704 14852 1837 1917 14853 2651 2757 14854 1838 1918 14855 1837 1917 14856 1749 1823 14857 2651 2757 14858 1836 1916 14859 1749 1823 14860 1837 1917 14861 1836 1916 14862 1747 1821 14863 1749 1823 14864 1782 1856 14865 1747 1821 14866 1836 1916 14867 1782 1856 14868 1780 1854 14869 1747 1821 14870 1781 1855 14871 1780 1854 14872 1782 1856 14873 1781 1855 14874 1774 1848 14875 1780 1854 14876 1785 1859 14877 1774 1848 14878 1781 1855 14879 1785 1859 14880 1760 1834 14881 1774 1848 14882 1800 1874 14883 1760 1834 14884 1785 1859 14885 1800 1874 14886 1775 1849 14887 1760 1834 14888 2883 3011 14889 1775 1849 14890 1800 1874 14891 2883 3011 14892 1768 1842 14893 1775 1849 14894 2884 3012 14895 1768 1842 14896 2883 3011 14897 2884 3012 14898 1769 1843 14899 1768 1842 14900 2703 2814 14901 1769 1843 14902 2884 3012 14903 2703 2814 14904 1770 1844 14905 1769 1843 14906 2701 2812 14907 1770 1844 14908 2703 2814 14909 2701 2812 14910 1877 1960 14911 1770 1844 14912 2709 2820 14913 1877 1960 14914 2701 2812 14915 2709 2820 14916 1878 1961 14917 1877 1960 14918 2712 2823 14919 1878 1961 14920 2709 2820 14921 2712 2823 14922 1897 1980 14923 1878 1961 14924 2885 3013 14925 1897 1980 14926 2712 2823 14927 2885 3013 14928 1863 1946 14929 1897 1980 14930 2886 3014 14931 1863 1946 14932 2885 3013 14933 2886 3014 14934 1860 1942 14935 1863 1946 14936 2887 3015 14937 1860 1942 14938 2886 3014 14939 1767 1841 14940 2651 2757 14941 1764 1838 14942 1767 1841 14943 2652 2758 14944 2651 2757 14945 1766 1840 14946 2652 2758 14947 1767 1841 14948 1766 1840 14949 1757 1831 14950 2652 2758 14951 1762 1836 14952 1757 1831 14953 1766 1840 14954 1762 1836 14955 1758 1832 14956 1757 1831 14957 1763 1837 14958 1758 1832 14959 1762 1836 14960 1763 1837 14961 1840 1920 14962 1758 1832 14963 1754 1828 14964 1840 1920 14965 1763 1837 14966 1754 1828 14967 1843 1923 14968 1840 1920 14969 1808 1883 14970 1843 1923 14971 1754 1828 14972 1808 1883 14973 1783 1857 14974 1843 1923 14975 1806 1886 14976 1783 1857 14977 1808 1883 14978 1806 1886 14979 1784 1858 14980 1783 1857 14981 1809 1887 14982 1784 1858 14983 1806 1886 14984 1809 1887 14985 1776 1850 14986 1784 1858 14987 2884 3012 14988 2702 2813 14989 2703 2814 14990 2884 3012 14991 2650 2756 14992 2702 2813 14993 2883 3011 14994 2650 2756 14995 2884 3012 14996 2883 3011 14997 1793 1867 14998 2650 2756 14999 1800 1874 15000 1793 1867 15001 2883 3011 15002 1800 1874 15003 1795 1869 15004 1793 1867 15005 1779 1853 15006 1795 1869 15007 1800 1874 15008 1779 1853 15009 1786 1860 15010 1795 1869 15011 1777 1851 15012 1786 1860 15013 1779 1853 15014 1777 1851 15015 1787 1861 15016 1786 1860 15017 2888 3016 15018 1787 1861 15019 1777 1851 15020 2888 3016 15021 1789 1863 15022 1787 1861 15023 1790 1864 15024 1789 1863 15025 2888 3016 15026 1790 1864 15027 1796 1870 15028 1789 1863 15029 1792 1866 15030 1796 1870 15031 1790 1864 15032 1792 1866 15033 1824 1903 15034 1796 1870 15035 2653 2759 15036 1824 1903 15037 1792 1866 15038 2653 2759 15039 1896 1979 15040 1824 1903 15041 1894 1977 15042 1896 1979 15043 2653 2759 15044 1894 1977 15045 1893 1976 15046 1896 1979 15047 1895 1978 15048 1893 1976 15049 1894 1977 15050 1895 1978 15051 1891 1974 15052 1893 1976 15053 2889 3017 15054 1891 1974 15055 1895 1978 15056 2889 3017 15057 1883 1966 15058 1891 1974 15059 2749 2862 15060 1883 1966 15061 2889 3017 15062 2749 2862 15063 702 723 15064 1883 1966 15065 1927 2012 15066 1777 1851 15067 1776 1850 15068 1927 2012 15069 2888 3016 15070 1777 1851 15071 1797 1871 15072 2888 3016 15073 1927 2012 15074 1797 1871 15075 2890 3018 15076 2888 3016 15077 1799 1873 15078 2890 3018 15079 1797 1871 15080 1799 1873 15081 2891 3019 15082 2890 3018 15083 2647 2753 15084 2891 3019 15085 1799 1873 15086 2647 2753 15087 2892 3020 15088 2891 3019 15089 2645 2751 15090 2892 3020 15091 2647 2753 15092 2645 2751 15093 2893 3021 15094 2892 3020 15095 2646 2752 15096 2893 3021 15097 2645 2751 15098 2646 2752 15099 2894 3022 15100 2893 3021 15101 2707 2818 15102 2894 3022 15103 2646 2752 15104 2707 2818 15105 2895 3023 15106 2894 3022 15107 2708 2819 15108 2895 3023 15109 2707 2818 15110 2708 2819 15111 2896 3024 15112 2895 3023 15113 2715 2827 15114 2896 3024 15115 2708 2819 15116 2715 2827 15117 667 688 15118 2896 3024 15119 668 689 15120 667 688 15121 2715 2827 15122 1818 1897 15123 2650 2756 15124 1821 1900 15125 1818 1897 15126 2702 2813 15127 2650 2756 15128 1907 1991 15129 2702 2813 15130 1818 1897 15131 1907 1991 15132 2700 2811 15133 2702 2813 15134 1911 1995 15135 2700 2811 15136 1907 1991 15137 1911 1995 15138 2710 2821 15139 2700 2811 15140 1892 1975 15141 2710 2821 15142 1911 1995 15143 1892 1975 15144 2711 2822 15145 2710 2821 15146 1884 1967 15147 2711 2822 15148 1892 1975 15149 1884 1967 15150 2712 2823 15151 2711 2822 15152 1885 1968 15153 2712 2823 15154 1884 1967 15155 1885 1968 15156 2885 3013 15157 2712 2823 15158 1879 1962 15159 2885 3013 15160 1885 1968 15161 1879 1962 15162 2886 3014 15163 2885 3013 15164 1886 1969 15165 2886 3014 15166 1879 1962 15167 1886 1969 15168 2887 3015 15169 2886 3014 15170 2714 2825 15171 2887 3015 15172 1886 1969 15173 2714 2825 15174 2897 3025 15175 2887 3015 15176 2890 3018 15177 1790 1864 15178 2888 3016 15179 2890 3018 15180 1791 1865 15181 1790 1864 15182 2891 3019 15183 1791 1865 15184 2890 3018 15185 2891 3019 15186 1814 1893 15187 1791 1865 15188 2892 3020 15189 1814 1893 15190 2891 3019 15191 2892 3020 15192 1813 1892 15193 1814 1893 15194 2893 3021 15195 1813 1892 15196 2892 3020 15197 2893 3021 15198 1812 1891 15199 1813 1892 15200 2894 3022 15201 1812 1891 15202 2893 3021 15203 2894 3022 15204 1810 1889 15205 1812 1891 15206 2895 3023 15207 1810 1889 15208 2894 3022 15209 2895 3023 15210 1895 1978 15211 1810 1889 15212 2896 3024 15213 1895 1978 15214 2895 3023 15215 2896 3024 15216 2889 3017 15217 1895 1978 15218 667 688 15219 2889 3017 15220 2896 3024 15221 667 688 15222 2749 2862 15223 2889 3017 15224 552 763 15225 2898 3026 15226 560 3027 15227 552 763 15228 2899 3028 15229 2898 3026 15230 2029 2121 15231 2899 3028 15232 552 763 15233 2029 2121 15234 2900 3029 15235 2899 3028 15236 553 823 15237 2900 3029 15238 2029 2121 15239 553 823 15240 2901 3030 15241 2900 3029 15242 554 3031 15243 2901 3030 15244 553 823 15245 554 3031 15246 2902 3032 15247 2901 3030 15248 2717 2829 15249 2902 3032 15250 554 3031 15251 2717 2829 15252 2903 3033 15253 2902 3032 15254 2658 2766 15255 2903 3033 15256 2717 2829 15257 2658 2766 15258 2904 3034 15259 2903 3033 15260 2659 2768 15261 2904 3034 15262 2658 2766 15263 2659 2768 15264 2905 3035 15265 2904 3034 15266 560 3036 15267 2905 3035 15268 2659 2768 15269 560 3037 15270 2898 3026 15271 2905 3035 15272 2906 3038 15273 2900 3029 15274 1921 2005 15275 2906 3038 15276 2899 3028 15277 2900 3029 15278 2907 3039 15279 2899 3028 15280 2906 3038 15281 2907 3039 15282 2898 3026 15283 2899 3028 15284 2908 3040 15285 2898 3026 15286 2907 3039 15287 2908 3040 15288 2905 3035 15289 2898 3026 15290 2909 3041 15291 2905 3035 15292 2908 3040 15293 2909 3041 15294 2904 3034 15295 2905 3035 15296 2910 3042 15297 2904 3034 15298 2909 3041 15299 2910 3042 15300 2903 3033 15301 2904 3034 15302 2911 3043 15303 2903 3033 15304 2910 3042 15305 2911 3043 15306 2902 3032 15307 2903 3033 15308 1924 2008 15309 2902 3032 15310 2911 3043 15311 1924 2008 15312 2901 3030 15313 2902 3032 15314 1921 2005 15315 2901 3030 15316 1924 2008 15317 1921 2005 15318 2900 3029 15319 2901 3030 15320 2912 3044 15321 1921 2005 15322 1923 2007 15323 2912 3044 15324 2906 3038 15325 1921 2005 15326 2637 2743 15327 2906 3038 15328 2912 3044 15329 2637 2743 15330 2907 3039 15331 2906 3038 15332 1801 1875 15333 2907 3039 15334 2637 2743 15335 1801 1875 15336 2908 3040 15337 2907 3039 15338 1752 1826 15339 2908 3040 15340 1801 1875 15341 1752 1826 15342 2909 3041 15343 2908 3040 15344 1751 1825 15345 2909 3041 15346 1752 1826 15347 1751 1825 15348 2910 3042 15349 2909 3041 15350 1860 1942 15351 2910 3042 15352 1751 1825 15353 1860 1942 15354 2911 3043 15355 2910 3042 15356 2887 3015 15357 2911 3043 15358 1860 1942 15359 2887 3015 15360 1924 2008 15361 2911 3043 15362 2897 3025 15363 1924 2008 15364 2887 3015 15365 2897 3025 15366 1922 3045 15367 1924 2008 15368 1826 1905 15369 1828 1907 15370 1827 1906 15371 1826 1905 15372 1831 1910 15373 1828 1907 15374 1825 1904 15375 1831 1910 15376 1826 1905 15377 1825 1904 15378 1829 1908 15379 1831 1910 15380 1824 1903 15381 1829 1908 15382 1825 1904 15383 1824 1903 15384 1902 1986 15385 1829 1908 15386 1896 1979 15387 1902 1986 15388 1824 1903 15389 1896 1979 15390 1901 1985 15391 1902 1986 15392 1890 1973 15393 1901 1985 15394 1896 1979 15395 1890 1973 15396 1914 1998 15397 1901 1985 15398 1912 1996 15399 1914 1998 15400 1890 1973 15401 1912 1996 15402 1899 1983 15403 1914 1998 15404 1741 1813 15405 1899 1983 15406 1912 1996 15407 1741 1813 15408 1900 1984 15409 1899 1983 15410 1740 1812 15411 1900 1984 15412 1741 1813 15413 1740 1812 15414 1913 1997 15415 1900 1984 15416 2629 2732 15417 1913 1997 15418 1740 1812 15419 2629 2732 15420 2661 2771 15421 1913 1997 15422 2631 2734 15423 2661 2771 15424 2629 2732 15425 2631 2734 15426 1833 1912 15427 2661 2771 15428 2635 2740 15429 1833 1912 15430 2631 2734 15431 2635 2740 15432 1828 1907 15433 1833 1912 15434 1745 1818 15435 1828 1907 15436 2635 2740 15437 1745 1818 15438 1744 1817 15439 1828 1907 15440 1822 1901 15441 1794 1868 15442 1786 1860 15443 1822 1901 15444 1820 1899 15445 1794 1868 15446 1744 1817 15447 1820 1899 15448 1822 1901 15449 1744 1817 15450 1834 1913 15451 1820 1899 15452 1823 1902 15453 1834 1913 15454 1744 1817 15455 1823 1902 15456 1815 1894 15457 1834 1913 15458 2663 2773 15459 1815 1894 15460 1823 1902 15461 2663 2773 15462 1816 1895 15463 1815 1894 15464 2662 2772 15465 1816 1895 15466 2663 2773 15467 2662 2772 15468 2660 2770 15469 1816 1895 15470 2716 2828 15471 2660 2770 15472 2662 2772 15473 2716 2828 15474 1905 1989 15475 2660 2770 15476 1909 1993 15477 1905 1989 15478 2716 2828 15479 1909 1993 15480 1906 1990 15481 1905 1989 15482 1910 1994 15483 1906 1990 15484 1909 1993 15485 1910 1994 15486 1908 1992 15487 1906 1990 15488 1741 1813 15489 1908 1992 15490 1910 1994 15491 1741 1813 15492 1912 1996 15493 1908 1992 15494 2676 2786 15495 2667 2777 15496 2677 2787 15497 2676 2786 15498 2666 2776 15499 2667 2777 15500 1846 1926 15501 2666 2776 15502 2676 2786 15503 1846 1926 15504 2681 2791 15505 2666 2776 15506 1845 1925 15507 2681 2791 15508 1846 1926 15509 1845 1925 15510 2680 2790 15511 2681 2791 15512 1847 1927 15513 2680 2790 15514 1845 1925 15515 1847 1927 15516 2664 2774 15517 2680 2790 15518 2670 2780 15519 2664 2774 15520 1847 1927 15521 2670 2780 15522 2665 2775 15523 2664 2774 15524 2671 2781 15525 2665 2775 15526 2670 2780 15527 2671 2781 15528 2684 2794 15529 2665 2775 15530 2688 2798 15531 2684 2794 15532 2671 2781 15533 2688 2798 15534 1852 1932 15535 2684 2794 15536 2689 2799 15537 1852 1932 15538 2688 2798 15539 2689 2799 15540 1850 1930 15541 1852 1932 15542 2687 2797 15543 1850 1930 15544 2689 2799 15545 2687 2797 15546 1851 1931 15547 1850 1930 15548 2686 2796 15549 1851 1931 15550 2687 2797 15551 2686 2796 15552 2691 2801 15553 1851 1931 15554 2669 2779 15555 2691 2801 15556 2686 2796 15557 2669 2779 15558 2675 2785 15559 2691 2801 15560 2668 2778 15561 2675 2785 15562 2669 2779 15563 2668 2778 15564 2674 2784 15565 2675 2785 15566 1848 1928 15567 2674 2784 15568 2668 2778 15569 1848 1928 15570 2683 2793 15571 2674 2784 15572 1845 1925 15573 2683 2793 15574 1848 1928 15575 1845 1925 15576 2682 2792 15577 2683 2793 15578 1844 1924 15579 2682 2792 15580 1845 1925 15581 1844 1924 15582 2672 2782 15583 2682 2792 15584 2678 2788 15585 2672 2782 15586 1844 1924 15587 2678 2788 15588 2673 2783 15589 2672 2782 15590 2679 2789 15591 2673 2783 15592 2678 2788 15593 2679 2789 15594 2690 2800 15595 2673 2783 15596 2694 2804 15597 2690 2800 15598 2679 2789 15599 2694 2804 15600 1849 1929 15601 2690 2800 15602 2695 2805 15603 1849 1929 15604 2694 2804 15605 2695 2805 15606 1850 1930 15607 1849 1929 15608 2693 2803 15609 1850 1930 15610 2695 2805 15611 2693 2803 15612 1853 1933 15613 1850 1930 15614 2692 2802 15615 1853 1933 15616 2693 2803 15617 2692 2802 15618 2685 2795 15619 1853 1933 15620 2677 2787 15621 2685 2795 15622 2692 2802 15623 2677 2787 15624 2667 2777 15625 2685 2795 15626 1870 1953 15627 1873 1956 15628 1871 1954 15629 1870 1953 15630 1874 1957 15631 1873 1956 15632 2699 2810 15633 1874 1957 15634 1870 1953 15635 2699 2810 15636 1875 1958 15637 1874 1957 15638 2713 2824 15639 1875 1958 15640 2699 2810 15641 2713 2824 15642 1876 1959 15643 1875 1958 15644 1866 1949 15645 1876 1959 15646 2713 2824 15647 1866 1949 15648 1868 1951 15649 1876 1959 15650 1865 1948 15651 1868 1951 15652 1866 1949 15653 1865 1948 15654 1867 1950 15655 1868 1951 15656 1918 2002 15657 1867 1950 15658 1865 1948 15659 1918 2002 15660 1858 1939 15661 1867 1950 15662 1920 2004 15663 1858 1939 15664 1918 2002 15665 1920 2004 15666 1859 1940 15667 1858 1939 15668 1887 1970 15669 1859 1940 15670 1920 2004 15671 1887 1970 15672 1857 1938 15673 1859 1940 15674 1889 1972 15675 1857 1938 15676 1887 1970 15677 1889 1972 15678 695 716 15679 1857 1938 15680 702 723 15681 695 716 15682 1889 1972 15683</p>
        </triangles>
      </mesh>
    </geometry>
  </library_geometries>
  <library_controllers>
    <controller id="peach_skeleton_peach-skin" name="peach_skeleton">
      <skin source="#peach-mesh">
        <bind_shape_matrix>1 0 0 0 0 -4.37114e-8 -1 0 0 1 -4.37114e-8 0 0 0 0 1</bind_shape_matrix>
        <source id="peach_skeleton_peach-skin-joints">
          <Name_array id="peach_skeleton_peach-skin-joints-array" count="130">root root_motion MLOOP NOW peach_m0 obj1 obj2 root_body ske_body eff_body itemhook-body root_L_arm1 ske_L_arm1 eff_L_arm1 root_L_arm2 ske_L_arm2 eff_L_arm2 root_L_hand ske_L_hand eff3 itemhook-l root_L_middle ske_L_middle1 ske_L_middle2 eff_L_middle root_L_thumb ske_L_thumb1 ske_L_thumb2 eff_L_thumb ske_l_arm_child2 ske_l_arm_child1 root_neck ske_neck eff_neck root_head ske_head eff_head Rip_Bottom Rip_High root_eye_nvisib frame1 frame2 frame3 root_hair1 ske_hair1 eff_hair1 root_hair2 ske_hair2 eff_hair2 root_hair3 ske_hair3 eff_hair3 root_jaw ske_jaw eff_jaw root_R_arm1 ske_R_arm1 eff_R_arm1 root_R_arm2 ske_R_arm2 eff_R_arm2 root_R_hand ske_R_hand eff3_001 itemhook-r root_R_middle ske_R_middle1 ske_R_middle2 eff_R_middle root_R_thumb ske_R_thumb1 ske_R_thumb2 eff_r_thumb ske_r_arm_child2 ske_r_arm_child1 root_L_Dress L_Cloth root_L_foot ske_L_foot1 ske_L_foot2 eff_L_foot root_L_shoe ske_L_shoe1 itemhook-fl ske_L_shoe2 eff_L_shoe root_R_Dress R_Cloth root_R_foot ske_R_foot1 ske_R_foot2 eff_R_foot root_R_shoe ske_R_shoe1 itemhook-fr ske_R_shoe2 eff_R_shoe root_Skirt Skirt1 Skirt2 Skirt3 target1A target1B target2A target2B target3A target3B target4A target4B target5A target5B target6A target6B target7A target7B target8A target8B frame1_001 frame2_001 frame3_001 itemhook-body_001 itemhook-fl_001 itemhook-fr_001 itemhook-l_001 itemhook-r_001 obj1_8 obj1_9 obj2_10 obj2_11 obj2_12</Name_array>
          <technique_common>
            <accessor source="#peach_skeleton_peach-skin-joints-array" count="130" stride="1">
              <param name="JOINT" type="name"/>
            </accessor>
          </technique_common>
        </source>
        <source id="peach_skeleton_peach-skin-bind_poses">
          <float_array id="peach_skeleton_peach-skin-bind_poses-array" count="2080">1 0 -1.91986e-7 0 1.91986e-7 -4.45137e-7 1 0 0 -1 -4.45137e-7 0 0 0 0 1 1 0 -5.75969e-7 -4.46493e-7 5.75969e-7 0 1 -105.3952 0 -1 -1.10082e-6 -1.596076 0 0 0 1 1 0 0 -4.47555e-7 0 0 1 0 0 -1 0 -3.57628e-7 0 0 0 1 1 0 0 -4.47555e-7 0 0 1 0 0 -1 0 -3.57628e-7 0 0 0 1 1 0 0 -4.47555e-7 0 0 1 0 0 -1 0 -3.57628e-7 0 0 0 1 1 0 0 -4.47562e-7 0 0 1 5.96046e-7 0 -1 0 -4.11176e-7 0 0 0 1 1 0 0 -4.47562e-7 0 0 1 5.96046e-7 0 -1 0 -4.11176e-7 0 0 0 1 2.61557e-7 1 1.18278e-6 1.790551 5.75964e-7 0 1 -105.8971 1 -2.61556e-7 -5.75964e-7 -1.00909e-6 0 0 0 1 6.38933e-7 0.05544543 0.9984618 -105.6349 -2.86616e-7 -0.9984617 0.05544805 -7.659708 1 -3.21601e-7 -6.22058e-7 3.76453e-6 0 0 0 1 6.38933e-7 0.05544823 0.9984615 -132.9644 -2.86615e-7 -0.9984616 0.05544805 -7.659718 1 -3.21601e-7 -6.22057e-7 5.0263e-6 0 0 0 1 1 0 -3.4639e-7 1.56679e-5 3.0947e-7 1.28345e-5 1 -107.6638 0 -0.9999998 1.31112e-5 -1.73276 0 0 0 1 1 -1.26896e-7 -6.33299e-7 -14.99994 9.46224e-7 6.8816e-6 0.9999997 -127 -1.34179e-7 -0.9999999 6.70552e-6 2.009139 0 0 0 1 1 0 0 -15.00003 0 6.68927e-6 0.9999998 -127 0 -0.9999999 6.50994e-6 2.009163 0 0 0 1 0.9999999 0 0 -34.04002 -2.36556e-7 6.69066e-6 0.9999998 -127 0 -0.9999999 6.51181e-6 2.009162 0 0 0 1 1 0 0 -34.00002 -2.36556e-7 6.69066e-6 0.9999998 -127 0 -0.9999999 6.51181e-6 2.009162 0 0 0 1 0.9999501 -0.009999871 0 -33.97823 4.73112e-7 6.6901e-6 0.9999998 -127 -0.009999871 -0.9999499 6.50994e-6 2.349057 0 0 0 1 0.9999501 -0.009999871 0 -52.97823 0 6.52747e-6 0.9999999 -127 -0.009999871 -0.9999498 6.34603e-6 2.349078 0 0 0 1 0.9999999 0 0 -53.19747 -2.36945e-7 5.05126e-6 0.9999998 -127.209 0 -0.9999999 4.87082e-6 2.010231 0 0 0 1 0.999024 2.79788e-7 0.04417192 -58.76461 -0.04417169 5.05263e-6 0.9990238 -124.7351 0 -0.9999999 4.88199e-6 2.01023 0 0 0 1 0.999024 2.79782e-7 0.04417061 -68.22333 -0.04417055 5.05217e-6 0.9990239 -124.7351 0 -0.9999999 4.88199e-6 2.01023 0 0 0 1 0.9999999 -1.45175e-7 0 -57.86089 -2.36945e-7 4.63022e-7 0.9999998 -127.209 -1.41541e-7 -0.9999999 2.84985e-7 2.010825 0 0 0 1 1 0 0 -63.54015 0 5.04981e-6 0.9999998 -128.7846 0 -0.9999999 4.87082e-6 2.104007 0 0 0 1 0.9980291 2.52759e-7 0.06275451 -71.49673 -0.06275451 5.05118e-6 0.9980289 -124.5433 0 -0.9999999 4.87827e-6 2.104007 0 0 0 1 0.9988423 -2.95898e-7 -0.04810506 -61.24091 0.04810506 5.04908e-6 0.998842 -132.1342 0 -0.9999999 4.88013e-6 2.104006 0 0 0 1 0.9988424 -2.95902e-7 -0.04810577 -67.39906 0.04810583 5.04951e-6 0.9988421 -132.1342 0 -0.9999999 4.88013e-6 2.104006 0 0 0 1 1 -3.81438e-7 -5.36442e-7 -59.96664 3.85665e-7 1 1.45286e-7 4.315933 7.02764e-7 0 1 -125.7646 0 0 0 1 0.7069704 -0.7072432 2.41399e-6 -45.44743 0.707243 0.7069705 2.68221e-7 -39.3598 -1.99116e-6 1.87403e-6 0.9999999 -125.7644 0 0 0 1 0.8599681 -0.5103478 2.6226e-6 -56.4827 0.5103479 0.8599681 3.72529e-7 -26.20027 -2.34254e-6 1.17127e-6 1 -125.7644 0 0 0 1 0.8599658 -0.5103517 -1.93715e-6 -58.78157 0.5103518 0.8599658 3.27826e-7 -26.20054 1.52266e-6 -9.37019e-7 0.9999999 -125.7646 0 0 0 1 1 -2.12342e-7 0 -51.51768 2.36514e-7 4.6226e-7 0.9999998 -126.9775 -2.16044e-7 -0.9999999 2.83122e-7 1.98767 0 0 0 1 1 -2.1564e-7 0 -31.61653 0 4.61038e-7 0.9999998 -127.0625 -2.16067e-7 -0.9999999 2.83122e-7 1.987669 0 0 0 1 4.33126e-7 0.9999999 1.30292e-6 0.3095837 5.58509e-7 -1.12777e-6 0.9999999 -133.3744 1 -4.33125e-7 -5.58509e-7 -3.47526e-6 0 0 0 1 8.03718e-7 -0.2399396 0.9707875 -129.5526 -5.45391e-7 -0.9707875 -0.23994 31.70116 1 -3.36615e-7 -9.11101e-7 4.35813e-5 0 0 0 1 8.03722e-7 -0.2399413 0.9707894 -133.3581 -5.45392e-7 -0.9707873 -0.2399405 31.70127 1 -3.36613e-7 -9.11103e-7 4.50302e-5 0 0 0 1 4.33126e-7 0.9999998 1.23587e-6 1.18693 5.59016e-7 -8.17726e-6 0.9999997 -137.1917 1 -4.33123e-7 -5.59018e-7 -3.34525e-6 0 0 0 1 5.34602e-7 -0.170369 0.9853804 -135.3883 -5.16932e-7 -0.98538 -0.1703736 22.20411 1 -4.18292e-7 -6.14857e-7 4.33287e-6 0 0 0 1 5.3601e-7 -0.1703666 0.9853804 -177.8587 -5.16928e-7 -0.9853805 -0.1703683 22.20301 1 -4.18051e-7 -6.16242e-7 6.98976e-6 0 0 0 1 1 -2.38642e-7 -3.01932e-7 4.49127e-5 2.16783e-7 -1.05254e-6 0.9999999 -141.2701 -2.37902e-7 -0.9999999 -2.75671e-7 -13.57814 0 0 0 1 1 -2.38642e-7 -3.01932e-7 4.57056e-5 2.16784e-7 0 0.9999999 -143.1925 -2.37902e-7 -0.9999998 -2.83122e-7 -15.09516 0 0 0 1 1 -2.00348e-7 -3.31735e-7 -3.395e-7 2.02417e-7 2.92162e-6 0.9999999 0 -2.03982e-7 -0.9999998 2.51929e-6 8.74996e-5 0 0 0 1 1 -2.33402e-7 -3.33327e-7 -3.3834e-7 2.04009e-7 4.62928e-7 0.9999999 1.7881e-6 -2.37037e-7 -0.9999998 0 8.92879e-5 0 0 0 1 1 -2.33402e-7 -3.33327e-7 -3.3834e-7 2.04009e-7 4.62928e-7 0.9999999 1.7881e-6 -2.37037e-7 -0.9999998 0 8.92879e-5 0 0 0 1 1 -2.33402e-7 -3.33327e-7 -3.3834e-7 2.04009e-7 4.62928e-7 0.9999999 1.7881e-6 -2.37037e-7 -0.9999998 0 8.92879e-5 0 0 0 1 4.33125e-7 0.9999999 5.36442e-7 -14.00873 0 1.14725e-6 0.9999998 -153.9818 1 -4.33125e-7 0 -2.95345e-6 0 0 0 1 6.15583e-7 0.1392182 -0.9902616 150.5321 4.73274e-7 0.9902614 0.1392191 -35.30944 1 -5.54365e-7 5.43699e-7 -8.23667e-5 0 0 0 1 6.15583e-7 0.1392187 -0.9902616 129.1759 4.73274e-7 0.9902613 0.139219 -35.30942 1 -5.54366e-7 5.43699e-7 -7.13793e-5 0 0 0 1 5.52792e-7 0.9993519 -0.03599035 -12.38653 0 0.03599035 0.9993519 -132.7692 1 -5.51827e-7 0 -4.06419e-6 0 0 0 1 -0.01745223 0.1725912 -0.9848388 127.2714 4.72181e-7 0.9849889 0.1726183 -39.72599 0.9998477 0.003012061 -0.01719033 2.221523 0 0 0 1 -0.01745223 0.1725917 -0.9848387 110.6104 4.71249e-7 0.9849888 0.1726183 -39.72598 0.9998477 0.003012061 -0.01719033 2.221521 0 0 0 1 -0.00372672 0.9991234 -0.04169321 -15.69578 0.01705038 0.04175186 0.9989826 -115.1846 0.9998477 0.003012061 -0.01719105 2.221604 0 0 0 1 -0.06972116 0.2348279 -0.9695332 106.1318 0.001118063 0.971916 0.2353256 -46.84205 0.9975658 0.01532304 -0.06802564 7.786777 0 0 0 1 -0.06972622 0.2348281 -0.9695329 83.36224 0.001121282 0.971916 0.2353254 -46.84197 0.9975655 0.01532286 -0.0680257 7.786788 0 0 0 1 4.33126e-7 0.9999998 1.49384e-6 6.419407 5.59017e-7 -2.10691e-6 0.9999997 -141.392 1 -4.33124e-7 -5.59018e-7 -3.37233e-6 0 0 0 1 -6.32323e-7 -0.9565688 -0.2915045 35.0756 -4.09981e-7 0.2915035 -0.9565696 137.1227 1 -4.8535e-7 -5.76501e-7 -1.23577e-6 0 0 0 1 -6.25872e-7 -0.9565685 -0.2915051 27.98831 -4.09981e-7 0.2915045 -0.9565694 137.1226 1 -4.79178e-7 -5.7462e-7 -1.59415e-6 0 0 0 1 -1 3.48785e-7 1.9297e-6 -15.00027 1.89245e-6 1.24472e-5 1 -127 3.42852e-7 1 -1.22599e-5 -2.00844 0 0 0 1 -1 3.89422e-7 1.3113e-6 -15.00019 9.46224e-7 1.22712e-5 1 -127 3.87493e-7 1 -1.20848e-5 -2.008461 0 0 0 1 -1 3.89399e-7 -1.2815e-6 -34.03987 -1.18278e-6 1.22703e-5 1 -127.0001 3.94802e-7 1 -1.2083e-5 -2.008464 0 0 0 1 -1 3.89414e-7 -1.2517e-6 -33.99982 -1.18278e-6 4.69478e-7 1 -127.0001 3.87337e-7 1 -2.81259e-7 -2.009963 0 0 0 1 -0.9999502 -0.00999993 0 -33.97817 -4.73112e-7 4.69416e-7 1 -127.0001 -0.00999993 0.99995 -2.84985e-7 -2.349874 0 0 0 1 -0.9999502 -0.00999993 0 -52.97818 0 4.71264e-7 1 -127.0001 -0.00999993 0.9999499 -2.84985e-7 -2.349877 0 0 0 1 -1 -3.90224e-7 0 -53.19731 2.36946e-7 -5.1204e-7 1 -127.2092 -3.91135e-7 1 6.98492e-7 -2.010965 0 0 0 1 -0.9990239 -4.05834e-7 0.04417711 -58.76512 0.04417693 -5.13868e-7 0.9990237 -124.7349 -3.85044e-7 1 7.17118e-7 -2.010967 0 0 0 1 -0.9990237 -4.05834e-7 0.04417711 -68.22401 0.04417717 -5.12857e-7 0.9990239 -124.7348 -3.81377e-7 1 7.17118e-7 -2.010967 0 0 0 1 1 5.55878e-7 0 57.86094 0 4.70784e-7 0.9999999 -127.2092 5.55068e-7 -1 2.84985e-7 2.010852 0 0 0 1 -1 0 0 -63.54006 0 -1.83006e-7 1 -128.7847 0 1 3.68804e-7 -2.104693 0 0 0 1 -0.9980287 0 0.06275969 -71.49729 0.06275969 -1.85018e-7 0.9980286 -124.543 0 1 3.76254e-7 -2.104694 0 0 0 1 -0.9988424 0 -0.04810541 -61.24077 -0.04810523 -1.85647e-7 0.9988422 -132.1343 0 1 3.66941e-7 -2.104692 0 0 0 1 -0.9988424 0 -0.04810541 -67.399 -0.04810535 -1.85542e-7 0.9988422 -132.1343 0 1 3.66941e-7 -2.104692 0 0 0 1 -1 -3.97218e-7 1.57952e-6 -59.96678 -3.98999e-7 1 4.76837e-7 4.315886 -1.63978e-6 2.03813e-7 -1 125.7645 0 0 0 1 -0.7069701 -0.7072438 7.15256e-7 -45.4471 -0.7072437 0.7069699 2.08616e-7 -39.35974 -4.68509e-7 -4.68509e-7 -1 125.7646 0 0 0 1 -0.8599681 -0.5103479 1.96695e-6 -56.48249 -0.5103479 0.8599682 2.38419e-7 -26.20019 -1.87404e-6 -1.05415e-6 -1 125.7644 0 0 0 1 -0.8599678 -0.5103485 2.35438e-6 -58.78211 -0.5103485 0.8599678 1.93715e-7 -26.20022 -2.10829e-6 -1.17127e-6 -1 125.7644 0 0 0 1 -1 0 0 -51.51765 0 6.14722e-7 1 -126.9775 0 1 -4.28408e-7 -1.987672 0 0 0 1 -1 8.66252e-7 1.3411e-6 -31.61671 1.42003e-6 6.34259e-7 1 -127.0626 8.64129e-7 1 -4.47035e-7 -1.987642 0 0 0 1 1 0 0 3.77961e-7 0 0 1 -106.2142 0 -1 0 8.53518e-6 0 0 0 1 1 0 0 -28.18781 0 0 1 -85.39181 0 -1 -1.19209e-7 9.47904 0 0 0 1 1.49012e-7 1 1.51061e-6 1.033314 0 -1.51049e-6 1 -83.81279 1 -1.42347e-7 -5.81145e-7 -4.031311 0 0 0 1 0 -0.04163336 -0.9991329 83.69709 0 0.9991329 -0.04163336 4.521957 1 0 7.93487e-7 -4.031425 0 0 0 1 -7.9349e-7 0.06714695 -0.997743 53.25024 0 0.997743 0.06714695 -1.270195 1 0 3.20375e-7 -4.03136 0 0 0 1 3.12924e-7 0.06714695 -0.9977431 0.09470045 0 0.9977431 0.06714695 -1.270328 1 0 3.12883e-7 -4.031316 0 0 0 1 1.92348e-7 1 4.55137e-6 -0.1645711 6.96683e-7 -4.46191e-6 1 -11.68841 1 -1.94706e-7 -6.55651e-7 -4.031314 0 0 0 1 1.00175e-6 -0.5816183 -0.8134623 9.603759 0 0.813462 -0.581618 6.664358 1 5.21541e-7 7.45058e-7 -4.03133 0 0 0 1 0.9976478 -0.06689888 -0.01494228 -4.40002 0.01470321 -0.004064202 0.9998838 -0.1326566 -0.06695181 -0.9977517 -0.003071308 3.227986 0 0 0 1 1.29453e-6 -0.9767275 -0.214486 -5.677215 -7.45016e-7 0.2144858 -0.9767272 3.854066 1 1.37091e-6 -4.17232e-7 -4.031305 0 0 0 1 1.16455e-6 -0.9767274 -0.2144852 -13.66869 -6.06558e-7 0.2144851 -0.9767274 3.854057 1 1.46031e-6 -3.42727e-7 -4.031292 0 0 0 1 1 0 0 3.77961e-7 0 0 1 -106.2142 0 -1 0 8.53518e-6 0 0 0 1 -1 0 0 -28.18781 0 0 -1 85.39181 0 -1 -1.19209e-7 9.47904 0 0 0 1 2.82625e-7 1 1.18278e-6 1.033342 1.24891e-6 -1.18269e-6 1 -83.81278 1 -2.61556e-7 -1.22935e-6 4.031397 0 0 0 1 0 -0.04162287 -0.9991333 83.69713 0 0.9991333 -0.04162299 4.521084 1 0 7.89762e-7 4.031228 0 0 0 1 -7.9349e-7 0.06714427 -0.9977431 53.2502 6.74581e-7 0.9977432 0.06714415 -1.27035 1 -6.66361e-7 1.3411e-7 4.031322 0 0 0 1 1.78814e-7 0.06714433 -0.9977433 0.09468537 6.25849e-7 0.9977433 0.06714415 -1.270345 1 -6.65576e-7 1.33122e-7 4.031385 0 0 0 1 4.30675e-7 1 -1.03656e-6 -0.1645869 1.21919e-6 8.42907e-7 0.9999998 -11.68838 1 -4.33125e-7 -1.3113e-6 4.031389 0 0 0 1 3.00525e-6 -0.5816249 -0.8134573 9.603753 -7.53232e-7 0.8134574 -0.5816247 6.664355 1 2.33948e-6 2.17557e-6 4.031348 0 0 0 1 1 0 -1.33129e-6 4.02131 1.48895e-6 5.02268e-6 1 -3.46362e-5 -1.19209e-7 -1 4.93329e-6 2.935926 0 0 0 1 1.84834e-6 -0.9767267 -0.2144891 -5.677174 -1.3217e-6 0.2144889 -0.9767263 3.854121 0.9999999 1.96695e-6 -9.08971e-7 4.031401 0 0 0 1 1.67011e-6 -0.9767264 -0.2144896 -13.66865 -1.25915e-6 0.2144896 -0.9767262 3.854125 1 1.99676e-6 -8.9407e-7 4.03142 0 0 0 1 1 0 0 3.91376e-7 0 0 0.9999999 -105.9785 0 -1 0 -1.737273 0 0 0 1 1 0 0 3.9194e-7 0 0 1 -97.57596 0 -1 0 -1.737274 0 0 0 1 1 0 0 9.25434e-7 0 0 1 -70.66053 0 -1 0 -1.202737 0 0 0 1 1 0 0 8.55238e-7 0 0 1 -30.65839 0 -1 0 -1.362752 0 0 0 1 1 0 -8.72665e-7 1.32769e-5 8.72665e-7 5.1856e-6 1 -23.78994 0 -1 5.20199e-6 -46.25102 0 0 0 1 1 0 -8.72666e-7 7.27693e-6 8.72666e-7 5.20199e-6 1 1.50066e-4 0 -1 5.20199e-6 -54.78665 0 0 0 1 0.7262126 0.6874701 0 -1.432117 0 0 1 -23.79015 0.6874701 -0.7262126 0 -47.60646 0 0 0 1 0.7262126 0.6874701 -5.75457e-7 -1.696362 4.06294e-7 4.07874e-7 1 -8.79301e-5 0.6874702 -0.7262126 0 -56.39236 0 0 0 1 2.12109e-7 1 3.70634e-7 -0.1801857 1.04308e-5 -3.70636e-7 1 -23.79059 1 -2.12159e-7 -1.04198e-5 -46.43082 0 0 0 1 1.94646e-7 1 2.88684e-7 -0.2134649 1.04198e-5 -2.88686e-7 1 -5.15814e-4 1 -1.94705e-7 -1.04198e-5 -54.9995 0 0 0 1 -0.7441135 0.6680532 0 2.448045 0 0 1 -23.79005 0.6680532 0.7441136 0 -47.82018 0 0 0 1 -0.7441135 0.6680532 0 2.899983 0 0 1 3.32748e-5 0.6680533 0.7441135 0 -56.64551 0 0 0 1 -1 -3.71958e-7 8.55212e-7 1.32894e-5 8.55211e-7 5.1856e-6 1 -23.79026 -3.71963e-7 1 -5.20199e-6 -46.61112 0 0 0 1 -1 -3.89412e-7 8.55215e-7 1.27999e-5 8.55213e-7 5.20199e-6 1 -1.96171e-4 -3.89417e-7 1 -5.20199e-6 -55.21292 0 0 0 1 -0.7063923 -0.7078206 0 0.1757638 -1.19209e-7 0 1 -23.79006 -0.7078205 0.7063923 0 -47.88249 0 0 0 1 -0.7063923 -0.7078205 5.75968e-7 0.2081751 1.3214e-6 -5.0501e-7 1 1.03831e-4 -0.7078206 0.7063923 1.29205e-6 -56.71926 0 0 0 1 1.77184e-7 -1 0 0.1801861 1.5676e-5 0 1 -23.78939 -1 -1.77254e-7 1.56647e-5 -46.43144 0 0 0 1 0 -1 0 0.2135028 5.17502e-6 0 1 1.45402e-4 -1 0 5.17502e-6 -55.00001 0 0 0 1 0.6958565 -0.7181808 0 -0.6244448 -1.49012e-7 0 1 -23.79016 -0.7181809 -0.6958565 0 -47.62391 0 0 0 1 0.6958565 -0.7181808 -6.37785e-7 -0.7396974 3.86392e-7 -5.13675e-7 1 -9.09806e-5 -0.7181808 -0.6958566 0 -56.41291 0 0 0 1 1 0 0 0 0 0 1 0 0 -1 0 0 0 0 0 1 1 0 0 0 0 0 1 0 0 -1 0 0 0 0 0 1 1 0 0 0 0 0 1 0 0 -1 0 0 0 0 0 1 1 0 0 0 0 0 1 0 0 -1 0 0 0 0 0 1 1 0 0 0 0 0 1 0 0 -1 0 0 0 0 0 1 1 0 0 0 0 0 1 0 0 -1 0 0 0 0 0 1 1 0 0 0 0 0 1 0 0 -1 0 0 0 0 0 1 1 0 0 0 0 0 1 0 0 -1 0 0 0 0 0 1 1 0 0 0 0 0 1 0 0 -1 0 0 0 0 0 1 1 0 0 0 0 0 1 0 0 -1 0 0 0 0 0 1 1 0 0 0 0 0 1 0 0 -1 0 0 0 0 0 1 1 0 0 0 0 0 1 0 0 -1 0 0 0 0 0 1 1 0 0 0 0 0 1 0 0 -1 0 0 0 0 0 1</float_array>
          <technique_common>
            <accessor source="#peach_skeleton_peach-skin-bind_poses-array" count="130" stride="16">
              <param name="TRANSFORM" type="float4x4"/>
            </accessor>
          </technique_common>
        </source>
        <source id="peach_skeleton_peach-skin-weights">
          <float_array id="peach_skeleton_peach-skin-weights-array" count="3124">1 1 1 1 1 1 1 1 1 1 1 1 1 1 1 1 1 1 1 1 1 1 1 1 1 1 1 1 1 1 1 1 1 1 1 1 1 1 1 1 1 1 1 1 1 1 1 1 1 1 1 1 1 1 1 1 1 1 1 1 1 1 1 1 1 1 1 1 1 1 1 1 1 1 1 1 1 1 1 1 1 1 1 1 1 1 1 1 1 1 1 1 1 1 1 1 1 1 1 1 1 1 1 1 1 1 1 1 1 1 1 1 1 1 1 1 1 1 1 1 1 1 1 1 1 1 1 1 1 1 1 1 1 1 1 1 1 1 1 1 1 1 1 1 1 1 1 1 1 1 1 1 1 1 1 1 1 1 1 1 1 1 1 1 1 1 1 1 1 1 1 1 1 1 1 1 1 1 1 1 1 1 1 1 1 1 1 1 1 1 1 1 1 1 1 1 1 1 1 1 1 1 1 1 1 1 1 1 1 1 1 1 1 1 1 1 1 1 1 1 1 1 1 1 1 1 1 1 1 1 1 1 1 1 1 1 1 1 1 1 1 1 1 1 1 1 1 1 1 1 1 1 1 1 1 1 1 1 1 1 1 1 1 1 1 1 1 1 1 1 1 1 1 1 1 1 1 1 1 1 1 1 1 1 1 1 1 1 1 1 1 1 1 1 1 1 1 1 1 1 1 1 1 1 1 1 1 1 1 1 1 1 1 1 1 1 1 1 1 1 1 1 1 1 1 1 1 1 1 1 1 1 1 1 1 1 1 1 1 1 1 1 1 1 1 1 1 1 1 1 1 1 1 1 1 1 1 1 1 1 1 1 1 1 1 1 1 1 1 1 1 1 1 1 1 1 1 1 1 1 1 1 1 1 1 1 1 1 1 1 1 1 1 1 1 0.5 0.5 1 0.5 0.5 0.5 0.5 0.5 0.5 0.5 0.5 1 0.5 0.5 1 0.5 0.5 1 1 1 1 1 0.5 0.5 0.5 0.5 0.5 0.5 0.5 0.5 0.5 0.5 0.5 0.5 0.5 0.5 0.5 0.5 0.5 0.5 0.5 0.5 1 0.5 0.5 0.5 0.5 0.5 0.5 1 0.5 0.5 0.5 0.5 0.5 0.5 1 0.5 0.5 0.5 0.5 0.5 0.5 1 0.5 0.5 0.5 0.5 0.5 0.5 1 0.5 0.5 0.5 0.5 0.5 0.5 1 0.5 0.5 0.5 0.5 0.5 0.5 1 0.5 0.5 0.5 0.5 0.5 0.5 1 0.5 0.5 0.5 0.5 1 1 1 1 1 1 1 1 1 1 1 1 1 1 1 1 1 1 1 1 1 1 1 1 1 1 1 1 1 1 1 1 1 0.5 0.5 0.5 0.5 1 0.5 0.5 1 0.5 0.5 1 0.5 0.5 1 0.5 0.5 1 0.5 0.5 1 0.5 0.5 1 1 1 1 1 1 1 1 1 1 1 1 1 1 1 1 1 1 1 1 1 1 1 1 1 1 1 1 1 1 1 1 1 1 1 1 1 1 1 1 1 1 1 1 1 1 1 1 1 1 1 1 1 1 1 1 1 1 1 1 1 1 1 1 1 1 1 1 1 1 1 1 1 1 1 1 1 1 1 1 1 1 1 1 1 1 1 1 1 1 1 1 1 1 1 1 1 1 1 1 1 1 1 1 1 1 1 1 1 1 1 1 1 1 1 1 1 1 1 1 0.5 0.5 1 1 1 1 1 1 0.5 0.5 1 1 0.5 0.5 1 1 1 0.5 0.5 0.5 0.5 0.6 0.4 0.5 0.5 0.5 0.5 0.5 0.5 0.5 0.5 0.5 0.5 0.5 0.5 0.5 0.5 0.5 0.5 0.6 0.4 0.5 0.5 0.5 0.5 1 1 1 1 1 1 1 0.5 0.5 1 0.5 0.5 1 1 1 1 1 1 1 1 1 1 1 1 1 1 1 1 1 1 1 1 1 1 0.6 0.4 0.5 0.5 0.5 0.5 1 1 1 1 1 1 1 1 1 1 1 1 1 1 1 1 1 1 1 1 1 1 1 1 1 1 1 1 1 1 1 1 1 1 1 1 1 1 1 1 1 1 1 1 1 1 1 1 1 1 1 1 1 1 1 1 1 1 1 1 1 1 1 1 1 1 1 1 1 1 1 1 1 1 1 1 1 1 1 1 1 1 1 1 1 1 1 1 1 1 1 1 1 1 1 1 1 1 1 1 1 1 1 1 1 1 1 1 1 1 1 1 1 1 1 1 1 1 1 1 1 1 1 1 1 1 1 1 1 1 1 1 1 1 1 1 1 1 1 1 1 1 1 1 1 1 1 1 1 1 1 1 1 1 1 1 1 1 1 1 1 1 1 1 1 1 1 1 1 1 1 1 1 1 1 1 1 1 1 1 1 1 1 1 1 1 1 1 1 1 1 1 1 1 1 1 1 1 1 1 1 1 1 1 1 1 1 1 1 1 1 1 1 1 1 1 1 1 1 1 1 1 1 1 1 1 1 1 1 1 1 1 1 1 1 1 1 1 1 1 1 1 1 1 1 1 1 1 1 1 1 1 1 1 1 1 1 1 1 1 1 1 1 1 1 1 1 1 1 1 1 1 1 1 1 1 0.5 0.5 1 1 1 1 1 1 1 1 1 0.5 0.5 1 0.5 0.5 0.5 0.5 0.5 0.5 0.5 0.5 1 1 1 0.2 0.8 1 0.2 0.8 1 1 1 1 1 1 1 1 1 1 1 1 1 0.5 0.5 1 1 1 1 0.2 0.8 1 1 1 1 1 1 1 1 1 1 1 1 1 1 1 1 1 1 1 1 1 1 1 1 1 1 1 1 0.5 0.5 1 1 1 1 1 0.5 0.5 1 0.5 0.5 0.5 0.5 1 1 1 1 0.2 0.8 1 1 1 1 1 1 1 1 1 0.5 0.5 1 1 1 1 1 1 1 1 1 1 0.9 0.1 1 1 1 1 1 1 1 1 0.5 0.5 0.5 0.5 1 1 1 1 1 1 1 1 0.5 0.5 1 1 1 1 1 1 1 1 1 1 1 1 1 1 1 1 1 1 1 1 1 1 1 1 1 1 1 1 1 1 1 1 1 1 1 1 1 1 1 1 1 1 1 1 1 1 1 1 1 1 1 1 1 1 1 1 1 1 1 1 1 1 1 1 1 1 1 1 1 1 0.5 0.5 1 1 1 1 1 1 0.5 0.5 0.5 0.5 1 1 1 1 1 1 0.5 0.5 1 1 1 1 0.5 0.5 1 1 1 1 1 1 1 1 1 1 1 1 0.5 0.5 1 1 0.5 0.5 1 1 1 1 0.3 0.7 1 1 1 1 1 1 1 1 1 1 1 1 1 1 1 1 1 1 1 1 1 1 1 1 1 1 1 1 1 1 1 1 1 1 1 1 1 1 1 1 0.5 0.5 0.5 0.5 0.5 0.5 0.5 0.5 0.5 0.5 0.5 0.5 1 1 0.5 0.5 1 1 0.2 0.8 1 1 1 1 1 1 1 1 1 1 1 1 1 1 1 1 1 1 1 1 1 1 1 1 1 1 1 1 1 1 1 1 0.5 0.5 0.5 0.5 1 1 1 1 1 1 0.5 0.5 0.5 0.5 1 1 1 1 1 1 1 1 1 1 1 1 1 1 1 1 1 1 1 1 1 1 1 1 1 1 1 1 1 1 1 1 1 1 1 1 1 1 1 1 1 1 1 1 1 1 1 1 1 1 1 1 1 1 1 1 1 1 1 1 1 1 1 1 1 1 1 1 1 1 1 1 1 1 1 1 1 1 1 1 1 1 1 1 1 1 1 1 1 1 1 1 1 1 1 1 1 1 1 1 1 1 1 1 1 1 1 1 1 1 1 1 1 1 1 1 1 1 1 1 1 1 1 1 1 1 1 1 1 1 1 1 1 1 1 1 0.5 0.5 1 1 1 1 1 1 1 1 1 1 1 1 1 1 1 1 1 1 1 1 1 1 1 1 1 1 1 1 0.5 0.5 0.5 0.5 0.5 0.5 1 1 1 1 1 1 1 1 1 1 1 1 1 1 1 0.5 0.5 1 1 1 1 1 1 0.5 0.5 1 1 1 1 1 0.5 0.5 0.5 0.5 1 1 1 1 1 1 1 1 1 1 1 1 1 1 1 1 1 1 1 1 1 1 1 1 1 1 1 1 1 1 1 1 1 1 1 1 1 1 1 1 1 1 1 1 1 1 1 1 1 1 1 1 1 1 1 1 1 1 1 1 1 1 1 1 1 1 1 1 1 1 1 1 1 1 1 0.5 0.5 1 1 1 1 1 1 1 1 1 1 1 1 1 1 1 1 1 0.50047 0.49953 1 1 1 1 1 1 1 1 1 1 1 1 1 1 1 1 1 0.5 0.5 1 1 1 1 1 0.5 0.5 0.5 0.5 0.5 0.5 1 1 1 1 1 1 1 1 1 1 1 1 1 1 1 1 1 1 1 0.50047 0.49953 1 1 1 1 1 1 1 1 1 1 1 1 1 1 1 1 1 1 1 1 1 1 1 1 1 1 1 1 1 1 1 1 1 1 1 1 1 1 1 1 1 1 1 1 1 1 1 1 1 1 1 1 1 1 1 1 1 1 1 1 1 1 1 1 1 1 1 1 1 1 1 1 1 1 1 1 1 1 1 1 1 1 1 1 1 1 1 1 1 1 1 1 1 1 1 1 1 1 1 1 1 0.5 0.5 1 1 1 1 1 1 1 1 1 1 1 1 1 0.8 0.2 1 0.5 0.5 1 1 0.8 0.2 0.5 0.5 1 1 1 1 1 1 1 1 1 1 1 1 1 1 1 1 1 1 1 1 1 1 1 1 1 1 1 1 0.5 0.5 1 1 1 1 1 1 1 1 1 1 1 1 1 1 1 1 1 1 1 1 1 1 1 1 0.5 0.5 1 1 1 1 1 1 1 1 1 1 1 1 1 1 0.5 0.5 1 1 1 1 0.5 0.5 1 1 0.5 0.5 1 1 0.8 0.2 1 0.8 0.2 1 1 1 1 1 0.5 0.5 1 1 1 1 1 1 1 1 1 1 1 1 1 1 1 1 1 1 1 1 1 1 1 1 1 1 1 1 1 1 1 1 1 1 1 1 1 1 1 1 1 1 1 1 1 1 1 1 1 1 1 1 1 1 1 1 1 1 1 1 1 1 0.5 0.5 1 1 0.8 0.2 0.8 0.2 1 1 1 1 0.5 0.5 1 0.5 0.5 0.5 0.5 0.5 0.5 1 1 1 1 1 1 1 1 1 1 1 1 1 1 1 1 1 1 1 1 1 1 1 1 1 1 1 1 1 1 1 1 1 1 1 1 1 1 1 1 1 1 1 1 1 1 1 0.5 0.5 1 1 0.9 0.1 0.9 0.1 0.5 0.5 0.6 0.4 1 1 1 1 1 1 1 1 1 1 1 1 1 1 1 1 1 1 1 1 1 1 1 1 1 1 1 1 1 1 1 1 1 1 1 1 1 1 1 1 1 1 1 1 1 1 1 1 1 1 1 1 1 1 1 1 1 1 1 1 1 1 1 1 1 1 1 1 1 1 1 1 1 1 1 1 1 1 1 1 1 1 1 1 1 1 1 1 1 1 1 1 1 1 1 1 1 1 1 1 1 1 1 1 1 1 1 1 1 1 1 1 1 1 1 1 1 1 1 1 1 1 1 1 1 1 1 1 1 1 1 1 1 1 1 1 1 1 1 1 1 1 1 1 1 1 1 1 1 1 1 1 1 1 1 1 1 1 1 1 1 1 1 1 1 1 1 1 1 1 1 1 1 1 1 1 1 1 1 1 1 1 1 1 1 1 1 1 1 1 1 1 1 1 1 1 1 1 1 1 1 1 1 1 1 1 1 1 1 1 1 1 1 1 1 1 1 1 1 1 1 1 1 1 1 1 1 1 1 1 1 1 1 1 1 1 1 1 1 1 1 1 1 1 1 1 1 1 1 1 1 1 1 1 1 1 1 1 1 1 1 1 1 1 1 1 1 1 1 1 1 1 1 1 1 1 1 1 1 1 1 1 1 1 1 1 1 1 1 1 1 1 1 1 1 1 1 1 1 1 0.5 0.5 0.5 0.5 1 0.5 0.5 1 1 0.5 0.5 0.5 0.5 1 0.5 0.5 1 1 1 1 1 1 0.5 0.5 0.5 0.5 1 0.5 0.5 1 0.5 0.5 1 1 1 0.5 0.5 1 1 0.5 0.5 0.5 0.5 1 1 1 1 1 1 1 1 1 1 1 1 1 1 1 1 1 1 1 1 1 1 1 1 1 1 1 1 1 1 1 1 1 1 1 1 1 1 1 1 1 1 1 1 0.2 0.8 0.5 0.5 0.5 0.5 1 1 1 1 0.5 0.5 1 0.5 0.5 0.5 0.5 1 1 0.5 0.5 1 1 1 1 1 1 1 0.3 0.7 1 1 1 1 1 1 0.5 0.5 0.5 0.5 1 1 0.5 0.5 1 1 1 1 1 1 1 1 1 1 1 1 1 1 1 1 1 1 1 1 1 1 1 1 1 1 1 1 1 1 1 1 1 1 1 1 1 1 1 1 1 1 1 1 1 1 1 1 1 1 1 1 1 1 1 1 1 1 1 1 1 1 1 1 1 1 1 1 1 1 1 1 1 1 1 1 1 1 1 1 1 1 1 1 1 1 1 1 1 1 1 1 1 1 1 1 1 1 1 1 1 1 0.5 0.5 1 0.5 0.5 1 1 0.5 0.5 0.5 0.5 1 1 1 1 1 0.5 0.5 0.5 0.5 1 1 0.5 0.5 0.5 0.5 1 1 1 1 1 1 1 0.5 0.5 0.5 0.5 1 1 0.5 0.5 1 1 1 1 1 0.5 0.5 1 1 1 1 1 1 1 1 1 1 1 1 1 1 1 0.2 0.8 0.2 0.8 1 1 1 1 1 1 1 1 1 1 1 1 1 1 1 1 1 1 1 1 1 1 0.2 0.8 0.2 0.8 0.2 0.8 1 1 1 0.5 0.5 0.5 0.5 1 1 1 1 0.5 0.5 1 1 1 1 1 1 1 1 1 1 1 1 1 1 1 1 1 1 1 1 1 1 1 1 1 1 1 1 1 1 1 1 1 1 1 1 1 1 1 1 1 1 1 1 1 1 1 0.2 0.8 1 1 1 1 1 1 1 1 1 1 1 1 1 1 1 1 1 1 1 1 1 1 1 1 1 1 1 1 1 1 1 1 1 1 1 1 1 1 1 1 1 1 1 1 1 1 1 1 1 1 1 1 1 1 1 1 1 1 1 1 1 1 1 1 1 1 1 1 1 1 1 1 1 1 1 1 1 1 1 1 1 1 1 1 1 1 1 1 1 1 1 1 1 1 1 1 1 1 1 1 1 1 0.5 0.5 1 1 1 1 1 1 1 1 1 1 1 1 1 1 1 0.5 0.5 1 1 1 1 1 0.5 0.5 0.5 0.5 0.9 0.1 1 1 1 1 1 1 1 1 1 1 1 1 1 1 1 1 1 1 1 1 1 1 1 1 1 1 1 1 1 1 1 1 1 1 1 1 1 1 1 1 1 1 1 1 1 1 1 1 1 1 1 1 0.5 0.5 0.5 0.5 0.5 0.5 1 1 1 1 0.5 0.5 0.5 0.5 0.5 0.5 1 1 1 1 1 1 1 1 1 1 1 1 1 1 1 1 1 1 1 1 1 1 1 1 1 1 1 1 1 1 1 1 1 1 1 1 1 1 1 1 1 1 1 1 1 0.2 0.8 1 1 1 1 1 0.2 0.8 0.5 0.5 1 1 1 1 1 1 1 1 1 1 1 1 1 1 1 1 1 1 0.5 0.5 1 0.2 0.8 1 1 1 1 1 1 1 1 1 1 1 1 1 1 1 1 1 1 1 1 1 1 1 1 1 1 1 1 1 1 1 1 1 1 1 1 1 1 1 1</float_array>
          <technique_common>
            <accessor source="#peach_skeleton_peach-skin-weights-array" count="3124" stride="1">
              <param name="WEIGHT" type="float"/>
            </accessor>
          </technique_common>
        </source>
        <joints>
          <input semantic="JOINT" source="#peach_skeleton_peach-skin-joints"/>
          <input semantic="INV_BIND_MATRIX" source="#peach_skeleton_peach-skin-bind_poses"/>
        </joints>
        <vertex_weights count="2913">
          <input semantic="JOINT" source="#peach_skeleton_peach-skin-joints" offset="0"/>
          <input semantic="WEIGHT" source="#peach_skeleton_peach-skin-weights" offset="1"/>
          <vcount>1 1 1 1 1 1 1 1 1 1 1 1 1 1 1 1 1 1 1 1 1 1 1 1 1 1 1 1 1 1 1 1 1 1 1 1 1 1 1 1 1 1 1 1 1 1 1 1 1 1 1 1 1 1 1 1 1 1 1 1 1 1 1 1 1 1 1 1 1 1 1 1 1 1 1 1 1 1 1 1 1 1 1 1 1 1 1 1 1 1 1 1 1 1 1 1 1 1 1 1 1 1 1 1 1 1 1 1 1 1 1 1 1 1 1 1 1 1 1 1 1 1 1 1 1 1 1 1 1 1 1 1 1 1 1 1 1 1 1 1 1 1 1 1 1 1 1 1 1 1 1 1 1 1 1 1 1 1 1 1 1 1 1 1 1 1 1 1 1 1 1 1 1 1 1 1 1 1 1 1 1 1 1 1 1 1 1 1 1 1 1 1 1 1 1 1 1 1 1 1 1 1 1 1 1 1 1 1 1 1 1 1 1 1 1 1 1 1 1 1 1 1 1 1 1 1 1 1 1 1 1 1 1 1 1 1 1 1 1 1 1 1 1 1 1 1 1 1 1 1 1 1 1 1 1 1 1 1 1 1 1 1 1 1 1 1 1 1 1 1 1 1 1 1 1 1 1 1 1 1 1 1 1 1 1 1 1 1 1 1 1 1 1 1 1 1 1 1 1 1 1 1 1 1 1 1 1 1 1 1 1 1 1 1 1 1 1 1 1 1 1 1 1 1 1 1 1 1 1 1 1 1 1 1 1 1 1 1 1 1 1 1 1 1 1 1 1 1 1 1 1 1 1 1 1 1 1 1 1 1 1 1 1 1 1 1 1 1 1 1 1 1 1 1 1 1 1 1 1 1 1 1 1 1 1 1 1 1 1 1 1 1 1 1 1 2 1 2 2 2 2 1 2 1 2 1 1 1 1 1 2 2 2 2 2 2 2 2 2 2 1 2 2 2 1 2 2 2 1 2 2 2 1 2 2 2 1 2 2 2 1 2 2 2 1 2 2 2 1 2 2 1 1 1 1 1 1 1 1 1 1 1 1 1 1 1 1 1 1 1 1 1 1 1 1 1 1 1 1 1 1 1 1 1 2 2 1 2 1 2 1 2 1 2 1 2 1 2 1 1 1 1 1 1 1 1 1 1 1 1 1 1 1 1 1 1 1 1 1 1 1 1 1 1 1 1 1 1 1 1 1 1 1 1 1 1 1 1 1 1 1 1 1 1 1 1 1 1 1 1 1 1 1 1 1 1 1 1 1 1 1 1 1 1 1 1 1 1 1 1 1 1 1 1 1 1 1 1 1 1 1 1 1 1 1 1 1 1 1 1 1 1 1 1 1 1 1 1 1 1 1 1 1 1 1 1 1 1 1 1 1 1 1 1 1 1 1 1 2 1 1 1 1 1 1 2 1 1 2 1 1 1 2 2 2 2 2 2 2 2 2 2 2 2 2 2 1 1 1 1 1 1 1 2 1 2 1 1 1 1 1 1 1 1 1 1 1 1 1 1 1 1 1 1 1 1 1 1 2 2 2 1 1 1 1 1 1 1 1 1 1 1 1 1 1 1 1 1 1 1 1 1 1 1 1 1 1 1 1 1 1 1 1 1 1 1 1 1 1 1 1 1 1 1 1 1 1 1 1 1 1 1 1 1 1 1 1 1 1 1 1 1 1 1 1 1 1 1 1 1 1 1 1 1 1 1 1 1 1 1 1 1 1 1 1 1 1 1 1 1 1 1 1 1 1 1 1 1 1 1 1 1 1 1 1 1 1 1 1 1 1 1 1 1 1 1 1 1 1 1 1 1 1 1 1 1 1 1 1 1 1 1 1 1 1 1 1 1 1 1 1 1 1 1 1 1 1 1 1 1 1 1 1 1 1 1 1 1 1 1 1 1 1 1 1 1 1 1 1 1 1 1 1 1 1 1 1 1 1 1 1 1 1 1 1 1 1 1 1 1 1 1 1 1 1 1 1 1 1 1 1 1 1 1 1 1 1 1 1 1 1 1 1 1 1 1 1 1 1 1 1 1 1 1 1 1 1 1 1 1 1 1 1 1 1 1 1 1 1 1 1 1 1 1 1 1 1 1 1 1 1 1 1 1 1 1 1 1 1 1 1 1 1 1 1 1 1 1 1 1 1 1 1 1 1 1 1 2 1 1 1 1 1 1 1 1 1 2 1 2 2 2 2 1 1 1 2 1 2 1 1 1 1 1 1 1 1 1 1 1 1 1 2 1 1 1 1 2 1 1 1 1 1 1 1 1 1 1 1 1 1 1 1 1 1 1 1 1 1 1 1 1 1 1 1 1 2 1 1 1 1 1 2 1 2 2 1 1 1 1 2 1 1 1 1 1 1 1 1 1 2 1 1 1 1 1 1 1 1 1 1 2 1 1 1 1 1 1 1 1 2 2 1 1 1 1 1 1 1 1 2 1 1 1 1 1 1 1 1 1 1 1 1 1 1 1 1 1 1 1 1 1 1 1 1 1 1 1 1 1 1 1 1 1 1 1 1 1 1 1 1 1 1 1 1 1 1 1 1 1 1 1 1 1 1 1 1 1 1 1 1 1 1 1 1 1 1 1 1 1 1 2 1 1 1 1 1 1 2 2 1 1 1 1 1 1 2 1 1 1 1 2 1 1 1 1 1 1 1 1 1 1 1 1 2 1 1 2 1 1 1 1 2 1 1 1 1 1 1 1 1 1 1 1 1 1 1 1 1 1 1 1 1 1 1 1 1 1 1 1 1 1 1 1 1 1 1 1 1 1 1 1 1 2 2 2 2 2 2 1 1 2 1 1 2 1 1 1 1 1 1 1 1 1 1 1 1 1 1 1 1 1 1 1 1 1 1 1 1 1 1 1 1 1 1 1 1 2 2 1 1 1 1 1 1 2 2 1 1 1 1 1 1 1 1 1 1 1 1 1 1 1 1 1 1 1 1 1 1 1 1 1 1 1 1 1 1 1 1 1 1 1 1 1 1 1 1 1 1 1 1 1 1 1 1 1 1 1 1 1 1 1 1 1 1 1 1 1 1 1 1 1 1 1 1 1 1 1 1 1 1 1 1 1 1 1 1 1 1 1 1 1 1 1 1 1 1 1 1 1 1 1 1 1 1 1 1 1 1 1 1 1 1 1 1 1 1 1 1 1 1 1 1 1 1 1 1 1 1 1 1 1 1 1 1 1 1 1 1 1 1 1 1 2 1 1 1 1 1 1 1 1 1 1 1 1 1 1 1 1 1 1 1 1 1 1 1 1 1 1 1 1 2 2 2 1 1 1 1 1 1 1 1 1 1 1 1 1 1 1 2 1 1 1 1 1 1 2 1 1 1 1 1 2 2 1 1 1 1 1 1 1 1 1 1 1 1 1 1 1 1 1 1 1 1 1 1 1 1 1 1 1 1 1 1 1 1 1 1 1 1 1 1 1 1 1 1 1 1 1 1 1 1 1 1 1 1 1 1 1 1 1 1 1 1 1 1 1 1 1 1 1 1 1 1 1 1 1 1 1 2 1 1 1 1 1 1 1 1 1 1 1 1 1 1 1 1 1 2 1 1 1 1 1 1 1 1 1 1 1 1 1 1 1 1 1 2 1 1 1 1 1 2 2 2 1 1 1 1 1 1 1 1 1 1 1 1 1 1 1 1 1 1 1 2 1 1 1 1 1 1 1 1 1 1 1 1 1 1 1 1 1 1 1 1 1 1 1 1 1 1 1 1 1 1 1 1 1 1 1 1 1 1 1 1 1 1 1 1 1 1 1 1 1 1 1 1 1 1 1 1 1 1 1 1 1 1 1 1 1 1 1 1 1 1 1 1 1 1 1 1 1 1 1 1 1 1 1 1 1 1 1 1 1 1 1 1 1 1 1 1 1 1 1 1 1 2 1 1 1 1 1 1 1 1 1 1 1 1 1 2 1 2 1 1 2 2 1 1 1 1 1 1 1 1 1 1 1 1 1 1 1 1 1 1 1 1 1 1 1 1 1 1 1 1 2 1 1 1 1 1 1 1 1 1 1 1 1 1 1 1 1 1 1 1 1 1 1 1 1 2 1 1 1 1 1 1 1 1 1 1 1 1 1 1 2 1 1 1 1 2 1 1 2 1 1 2 1 2 1 1 1 1 1 2 1 1 1 1 1 1 1 1 1 1 1 1 1 1 1 1 1 1 1 1 1 1 1 1 1 1 1 1 1 1 1 1 1 1 1 1 1 1 1 1 1 1 1 1 1 1 1 1 1 1 1 1 1 1 1 1 1 1 1 1 1 1 2 1 1 2 2 1 1 1 1 2 1 2 2 2 1 1 1 1 1 1 1 1 1 1 1 1 1 1 1 1 1 1 1 1 1 1 1 1 1 1 1 1 1 1 1 1 1 1 1 1 1 1 1 1 1 1 1 1 1 1 1 2 1 1 2 2 2 2 1 1 1 1 1 1 1 1 1 1 1 1 1 1 1 1 1 1 1 1 1 1 1 1 1 1 1 1 1 1 1 1 1 1 1 1 1 1 1 1 1 1 1 1 1 1 1 1 1 1 1 1 1 1 1 1 1 1 1 1 1 1 1 1 1 1 1 1 1 1 1 1 1 1 1 1 1 1 1 1 1 1 1 1 1 1 1 1 1 1 1 1 1 1 1 1 1 1 1 1 1 1 1 1 1 1 1 1 1 1 1 1 1 1 1 1 1 1 1 1 1 1 1 1 1 1 1 1 1 1 1 1 1 1 1 1 1 1 1 1 1 1 1 1 1 1 1 1 1 1 1 1 1 1 1 1 1 1 1 1 1 1 1 1 1 1 1 1 1 1 1 1 1 1 1 1 1 1 1 1 1 1 1 1 1 1 1 1 1 1 1 1 1 1 1 1 1 1 1 1 1 1 1 1 1 1 1 1 1 1 1 1 1 1 1 1 1 1 1 1 1 1 1 1 1 1 1 1 1 1 1 1 1 1 1 1 1 1 1 1 1 1 1 1 1 1 1 1 1 1 1 1 1 1 1 1 1 1 1 1 1 1 1 1 1 1 1 1 1 1 1 1 1 1 1 1 1 1 1 1 1 1 1 1 1 1 1 1 1 1 1 1 1 1 1 1 1 1 1 1 2 2 1 2 1 1 2 2 1 2 1 1 1 1 1 1 2 2 1 2 1 2 1 1 1 2 1 1 2 2 1 1 1 1 1 1 1 1 1 1 1 1 1 1 1 1 1 1 1 1 1 1 1 1 1 1 1 1 1 1 1 1 1 1 1 1 1 1 1 1 1 1 1 1 2 2 2 1 1 1 1 2 1 2 2 1 1 2 1 1 1 1 1 1 1 2 1 1 1 1 1 1 2 2 1 1 2 1 1 1 1 1 1 1 1 1 1 1 1 1 1 1 1 1 1 1 1 1 1 1 1 1 1 1 1 1 1 1 1 1 1 1 1 1 1 1 1 1 1 1 1 1 1 1 1 1 1 1 1 1 1 1 1 1 1 1 1 1 1 1 1 1 1 1 1 1 1 1 1 1 1 1 1 1 1 1 1 1 1 1 1 1 1 1 1 1 1 1 1 1 1 1 1 1 1 1 1 1 1 2 1 2 1 1 2 2 1 1 1 1 1 2 2 1 1 2 2 1 1 1 1 1 1 1 2 2 1 1 2 1 1 1 1 1 2 1 1 1 1 1 1 1 1 1 1 1 1 1 1 1 2 2 1 1 1 1 1 1 1 1 1 1 1 1 1 1 1 1 1 1 1 1 1 1 2 2 2 1 1 1 2 2 1 1 1 1 2 1 1 1 1 1 1 1 1 1 1 1 1 1 1 1 1 1 1 1 1 1 1 1 1 1 1 1 1 1 1 1 1 1 1 1 1 1 1 1 1 1 1 1 1 1 1 1 2 1 1 1 1 1 1 1 1 1 1 1 1 1 1 1 1 1 1 1 1 1 1 1 1 1 1 1 1 1 1 1 1 1 1 1 1 1 1 1 1 1 1 1 1 1 1 1 1 1 1 1 1 1 1 1 1 1 1 1 1 1 1 1 1 1 1 1 1 1 1 1 1 1 1 1 1 1 1 1 1 1 1 1 1 1 1 1 1 1 1 1 1 1 1 1 1 1 1 1 1 1 1 2 1 1 1 1 1 1 1 1 1 1 1 1 1 1 1 2 1 1 1 1 1 2 2 2 1 1 1 1 1 1 1 1 1 1 1 1 1 1 1 1 1 1 1 1 1 1 1 1 1 1 1 1 1 1 1 1 1 1 1 1 1 1 1 1 1 1 1 1 1 1 1 1 1 1 1 1 2 2 2 1 1 1 1 2 2 2 1 1 1 1 1 1 1 1 1 1 1 1 1 1 1 1 1 1 1 1 1 1 1 1 1 1 1 1 1 1 1 1 1 1 1 1 1 1 1 1 1 1 1 1 1 2 1 1 1 1 1 2 2 1 1 1 1 1 1 1 1 1 1 1 1 1 1 1 1 1 1 2 1 2 1 1 1 1 1 1 1 1 1 1 1 1 1 1 1 1 1 1 1 1 1 1 1 1 1 1 1 1 1 1 1 1 1 1 1 1 1 1 1 1 </vcount>
          <v>40 0 40 1 40 2 40 3 40 4 40 5 40 6 40 7 40 8 40 9 40 10 40 11 40 12 40 13 40 14 40 15 40 16 40 17 40 18 40 19 40 20 40 21 40 22 40 23 40 24 40 25 40 26 40 27 40 28 40 29 40 30 40 31 40 32 40 33 40 34 40 35 40 36 40 37 40 38 40 39 40 40 40 41 40 42 40 43 40 44 40 45 40 46 40 47 40 48 40 49 40 50 40 51 40 52 40 53 40 54 40 55 40 56 40 57 40 58 40 59 40 60 40 61 40 62 40 63 40 64 40 65 40 66 40 67 40 68 40 69 40 70 40 71 40 72 40 73 40 74 40 75 40 76 40 77 40 78 40 79 40 80 40 81 40 82 40 83 41 84 41 85 41 86 41 87 41 88 41 89 41 90 41 91 41 92 41 93 41 94 41 95 41 96 41 97 41 98 41 99 41 100 41 101 41 102 41 103 41 104 41 105 41 106 41 107 41 108 41 109 41 110 41 111 41 112 41 113 41 114 41 115 41 116 41 117 41 118 41 119 41 120 41 121 41 122 41 123 41 124 41 125 41 126 41 127 41 128 41 129 41 130 41 131 41 132 41 133 41 134 41 135 41 136 41 137 41 138 41 139 41 140 41 141 41 142 41 143 41 144 41 145 41 146 41 147 41 148 41 149 41 150 41 151 41 152 41 153 41 154 41 155 41 156 41 157 41 158 41 159 41 160 41 161 41 162 41 163 41 164 41 165 41 166 41 167 41 168 41 169 41 170 41 171 41 172 41 173 41 174 41 175 41 176 41 177 41 178 41 179 41 180 41 181 41 182 41 183 41 184 41 185 41 186 41 187 41 188 41 189 41 190 41 191 41 192 41 193 41 194 41 195 41 196 41 197 41 198 41 199 41 200 41 201 41 202 41 203 41 204 41 205 41 206 41 207 41 208 41 209 41 210 41 211 41 212 41 213 41 214 41 215 41 216 41 217 41 218 41 219 41 220 41 221 41 222 41 223 41 224 41 225 41 226 41 227 41 228 41 229 41 230 41 231 41 232 41 233 41 234 41 235 41 236 41 237 41 238 41 239 41 240 41 241 41 242 41 243 41 244 41 245 41 246 41 247 41 248 41 249 41 250 41 251 41 252 41 253 41 254 41 255 41 256 41 257 42 258 42 259 42 260 42 261 42 262 42 263 42 264 42 265 42 266 42 267 42 268 42 269 42 270 42 271 42 272 42 273 42 274 42 275 42 276 42 277 42 278 42 279 42 280 42 281 42 282 42 283 42 284 42 285 42 286 42 287 42 288 42 289 42 290 42 291 42 292 42 293 42 294 42 295 42 296 42 297 42 298 42 299 42 300 42 301 42 302 42 303 42 304 42 305 42 306 42 307 42 308 42 309 42 310 42 311 42 312 42 313 42 314 42 315 42 316 42 317 42 318 42 319 42 320 42 321 42 322 42 323 42 324 42 325 42 326 42 327 42 328 42 329 42 330 42 331 42 332 42 333 42 334 42 335 42 336 42 337 42 338 42 339 42 340 42 341 42 342 42 343 42 344 42 345 42 346 42 347 42 348 42 349 42 350 42 351 42 352 42 353 42 354 42 355 42 356 42 357 42 358 42 359 42 360 42 361 42 362 42 363 42 364 42 365 42 366 42 367 42 368 42 369 42 370 42 371 42 372 42 373 42 374 42 375 42 376 42 377 42 378 42 379 42 380 42 381 42 382 42 383 42 384 42 385 42 386 42 387 42 388 42 389 100 390 100 391 100 392 100 393 100 394 105 395 107 396 100 397 113 398 115 399 113 400 114 401 101 402 103 403 109 404 111 405 100 406 111 407 112 408 100 409 111 410 113 411 100 412 100 413 100 414 100 415 100 416 103 417 104 418 103 419 105 420 107 421 108 422 107 423 109 424 115 425 116 426 101 427 115 428 101 429 102 430 105 431 106 432 109 433 110 434 111 435 113 436 114 437 113 438 114 439 112 440 114 441 111 442 112 443 112 444 109 445 111 446 110 447 112 448 109 449 110 450 110 451 107 452 109 453 108 454 110 455 107 456 108 457 108 458 105 459 107 460 106 461 108 462 105 463 106 464 106 465 103 466 105 467 104 468 106 469 103 470 104 471 104 472 101 473 103 474 102 475 104 476 101 477 102 478 102 479 101 480 115 481 102 482 116 483 115 484 116 485 116 486 113 487 115 488 114 489 116 490 99 491 98 492 99 493 98 494 99 495 98 496 99 497 98 498 99 499 98 500 99 501 98 502 99 503 98 504 99 505 98 506 99 507 98 508 99 509 98 510 99 511 98 512 99 513 98 514 99 515 98 516 99 517 98 518 99 519 98 520 99 521 98 522 103 523 103 524 105 525 101 526 103 527 101 528 101 529 115 530 115 531 113 532 115 533 113 534 111 535 113 536 111 537 109 538 111 539 109 540 107 541 109 542 107 543 105 544 107 545 105 546 100 547 100 548 100 549 100 550 100 551 100 552 100 553 100 554 100 555 100 556 100 557 100 558 100 559 100 560 100 561 100 562 97 563 97 564 97 565 97 566 97 567 97 568 97 569 97 570 97 571 97 572 97 573 97 574 97 575 97 576 97 577 97 578 8 579 8 580 8 581 8 582 8 583 8 584 8 585 8 586 8 587 8 588 8 589 8 590 8 591 8 592 8 593 8 594 8 595 8 596 8 597 8 598 8 599 8 600 8 601 8 602 8 603 8 604 8 605 8 606 8 607 8 608 35 609 35 610 35 611 35 612 35 613 35 614 35 615 35 616 35 617 35 618 35 619 35 620 35 621 35 622 35 623 35 624 35 625 35 626 35 627 35 628 35 629 35 630 35 631 35 632 35 633 35 634 35 635 35 636 35 637 35 638 35 639 35 640 35 641 35 642 35 643 35 644 35 645 35 646 35 647 35 648 35 649 35 650 22 651 22 652 22 653 23 654 22 655 23 656 22 657 22 658 22 659 22 660 22 661 23 662 22 663 23 664 66 665 66 666 67 667 66 668 67 669 67 670 66 671 66 672 66 673 66 674 67 675 67 676 67 677 66 678 67 679 66 680 66 681 66 682 66 683 67 684 66 685 67 686 66 687 67 688 66 689 67 690 66 691 67 692 66 693 67 694 66 695 67 696 22 697 23 698 22 699 23 700 22 701 23 702 22 703 23 704 22 705 23 706 22 707 23 708 22 709 23 710 23 711 22 712 22 713 23 714 22 715 22 716 23 717 22 718 23 719 23 720 22 721 23 722 22 723 35 724 35 725 35 726 35 727 35 728 35 729 35 730 35 731 35 732 35 733 35 734 35 735 35 736 22 737 23 738 23 739 22 740 35 741 35 742 35 743 35 744 22 745 23 746 22 747 23 748 22 749 23 750 35 751 67 752 67 753 66 754 35 755 35 756 35 757 35 758 35 759 66 760 66 761 35 762 35 763 35 764 35 765 35 766 35 767 67 768 67 769 35 770 35 771 35 772 66 773 66 774 87 775 87 776 87 777 87 778 87 779 87 780 97 781 97 782 97 783 87 784 87 785 87 786 87 787 87 788 97 789 87 790 87 791 8 792 8 793 8 794 8 795 8 796 8 797 8 798 8 799 8 800 8 801 8 802 8 803 8 804 8 805 8 806 97 807 97 808 97 809 97 810 97 811 97 812 97 813 97 814 97 815 76 816 76 817 76 818 76 819 76 820 76 821 76 822 97 823 76 824 76 825 76 826 76 827 76 828 97 829 76 830 76 831 76 832 76 833 76 834 8 835 8 836 8 837 8 838 8 839 8 840 8 841 8 842 8 843 8 844 8 845 8 846 8 847 8 848 8 849 8 850 8 851 8 852 8 853 8 854 8 855 8 856 8 857 8 858 8 859 8 860 8 861 97 862 97 863 97 864 97 865 97 866 87 867 87 868 82 869 82 870 82 871 84 872 84 873 82 874 82 875 82 876 82 877 82 878 82 879 82 880 82 881 84 882 84 883 84 884 82 885 82 886 82 887 82 888 84 889 84 890 84 891 84 892 84 893 82 894 82 895 82 896 84 897 82 898 82 899 82 900 84 901 82 902 82 903 82 904 82 905 82 906 79 907 79 908 79 909 78 910 78 911 93 912 93 913 93 914 93 915 95 916 95 917 93 918 93 919 93 920 93 921 93 922 93 923 93 924 93 925 95 926 95 927 95 928 95 929 93 930 93 931 93 932 95 933 95 934 93 935 93 936 93 937 93 938 95 939 95 940 95 941 95 942 93 943 93 944 93 945 93 946 93 947 93 948 95 949 93 950 93 951 93 952 93 953 93 954 93 955 90 956 89 957 89 958 90 959 90 960 12 961 12 962 12 963 12 964 12 965 12 966 12 967 12 968 12 969 12 970 12 971 12 972 12 973 12 974 12 975 12 976 12 977 12 978 12 979 12 980 12 981 12 982 12 983 12 984 12 985 12 986 12 987 12 988 12 989 12 990 12 991 12 992 12 993 12 994 12 995 12 996 12 997 12 998 12 999 12 1000 12 1001 12 1002 12 1003 12 1004 12 1005 12 1006 12 1007 12 1008 12 1009 12 1010 12 1011 12 1012 12 1013 12 1014 12 1015 12 1016 12 1017 12 1018 12 1019 12 1020 12 1021 12 1022 30 1023 30 1024 30 1025 30 1026 15 1027 30 1028 30 1029 30 1030 30 1031 26 1032 26 1033 26 1034 26 1035 27 1036 26 1037 22 1038 23 1039 15 1040 15 1041 29 1042 15 1043 29 1044 22 1045 23 1046 22 1047 23 1048 26 1049 26 1050 27 1051 22 1052 23 1053 23 1054 22 1055 23 1056 22 1057 18 1058 18 1059 22 1060 18 1061 18 1062 22 1063 22 1064 18 1065 18 1066 18 1067 18 1068 18 1069 18 1070 29 1071 18 1072 23 1073 23 1074 23 1075 22 1076 23 1077 23 1078 23 1079 23 1080 23 1081 23 1082 23 1083 23 1084 23 1085 23 1086 23 1087 23 1088 23 1089 23 1090 23 1091 23 1092 23 1093 23 1094 23 1095 23 1096 30 1097 30 1098 30 1099 18 1100 18 1101 22 1102 18 1103 26 1104 18 1105 18 1106 29 1107 18 1108 18 1109 18 1110 18 1111 18 1112 18 1113 29 1114 18 1115 18 1116 29 1117 18 1118 29 1119 18 1120 18 1121 18 1122 18 1123 22 1124 23 1125 30 1126 30 1127 30 1128 30 1129 30 1130 30 1131 27 1132 27 1133 27 1134 18 1135 29 1136 27 1137 27 1138 18 1139 27 1140 30 1141 30 1142 30 1143 23 1144 23 1145 18 1146 22 1147 23 1148 27 1149 23 1150 23 1151 23 1152 23 1153 18 1154 18 1155 18 1156 15 1157 30 1158 15 1159 30 1160 30 1161 30 1162 15 1163 30 1164 30 1165 30 1166 15 1167 15 1168 15 1169 30 1170 15 1171 30 1172 30 1173 15 1174 56 1175 56 1176 56 1177 56 1178 56 1179 56 1180 56 1181 56 1182 56 1183 56 1184 56 1185 56 1186 56 1187 56 1188 56 1189 56 1190 56 1191 56 1192 56 1193 56 1194 56 1195 56 1196 56 1197 56 1198 56 1199 56 1200 56 1201 56 1202 56 1203 56 1204 56 1205 56 1206 56 1207 56 1208 56 1209 56 1210 56 1211 56 1212 56 1213 56 1214 56 1215 56 1216 56 1217 56 1218 56 1219 56 1220 56 1221 56 1222 56 1223 56 1224 56 1225 56 1226 56 1227 56 1228 56 1229 56 1230 56 1231 56 1232 56 1233 56 1234 56 1235 56 1236 56 1237 56 1238 56 1239 56 1240 56 1241 73 1242 56 1243 56 1244 56 1245 70 1246 70 1247 70 1248 66 1249 67 1250 66 1251 67 1252 70 1253 71 1254 70 1255 66 1256 67 1257 66 1258 66 1259 67 1260 67 1261 71 1262 70 1263 70 1264 66 1265 67 1266 62 1267 62 1268 66 1269 66 1270 66 1271 62 1272 62 1273 66 1274 62 1275 62 1276 62 1277 62 1278 62 1279 73 1280 62 1281 62 1282 62 1283 73 1284 67 1285 67 1286 67 1287 67 1288 66 1289 67 1290 67 1291 62 1292 62 1293 62 1294 67 1295 67 1296 67 1297 67 1298 67 1299 67 1300 67 1301 67 1302 67 1303 67 1304 67 1305 67 1306 67 1307 67 1308 67 1309 67 1310 67 1311 67 1312 56 1313 56 1314 56 1315 62 1316 70 1317 62 1318 62 1319 62 1320 62 1321 62 1322 62 1323 62 1324 62 1325 62 1326 62 1327 62 1328 62 1329 62 1330 62 1331 73 1332 62 1333 73 1334 62 1335 73 1336 59 1337 73 1338 59 1339 73 1340 62 1341 73 1342 62 1343 62 1344 62 1345 73 1346 62 1347 62 1348 66 1349 67 1350 56 1351 56 1352 56 1353 56 1354 56 1355 56 1356 71 1357 71 1358 71 1359 71 1360 71 1361 62 1362 71 1363 56 1364 56 1365 56 1366 67 1367 67 1368 62 1369 62 1370 62 1371 62 1372 71 1373 67 1374 67 1375 67 1376 67 1377 62 1378 62 1379 62 1380 62 1381 62 1382 56 1383 73 1384 56 1385 73 1386 56 1387 59 1388 59 1389 59 1390 74 1391 59 1392 56 1393 73 1394 56 1395 73 1396 59 1397 56 1398 74 1399 74 1400 35 1401 35 1402 35 1403 35 1404 35 1405 35 1406 35 1407 35 1408 35 1409 35 1410 35 1411 35 1412 35 1413 35 1414 35 1415 35 1416 35 1417 35 1418 35 1419 35 1420 35 1421 35 1422 35 1423 35 1424 35 1425 35 1426 35 1427 35 1428 35 1429 35 1430 35 1431 35 1432 35 1433 35 1434 35 1435 35 1436 35 1437 35 1438 35 1439 35 1440 35 1441 35 1442 35 1443 35 1444 35 1445 35 1446 35 1447 35 1448 35 1449 35 1450 35 1451 35 1452 35 1453 35 1454 35 1455 35 1456 35 1457 35 1458 35 1459 35 1460 35 1461 35 1462 35 1463 35 1464 35 1465 35 1466 35 1467 35 1468 35 1469 35 1470 35 1471 35 1472 35 1473 35 1474 35 1475 35 1476 35 1477 35 1478 35 1479 35 1480 35 1481 35 1482 35 1483 35 1484 35 1485 35 1486 35 1487 35 1488 44 1489 35 1490 35 1491 35 1492 35 1493 35 1494 44 1495 35 1496 35 1497 35 1498 35 1499 35 1500 35 1501 35 1502 35 1503 35 1504 35 1505 44 1506 44 1507 44 1508 44 1509 44 1510 44 1511 44 1512 35 1513 35 1514 35 1515 35 1516 35 1517 35 1518 44 1519 44 1520 35 1521 35 1522 35 1523 44 1524 50 1525 50 1526 50 1527 44 1528 44 1529 44 1530 47 1531 47 1532 47 1533 50 1534 50 1535 50 1536 50 1537 50 1538 50 1539 50 1540 50 1541 35 1542 35 1543 50 1544 50 1545 50 1546 50 1547 50 1548 50 1549 50 1550 35 1551 47 1552 35 1553 35 1554 50 1555 35 1556 35 1557 35 1558 44 1559 44 1560 44 1561 47 1562 47 1563 50 1564 47 1565 50 1566 47 1567 50 1568 50 1569 50 1570 50 1571 50 1572 50 1573 50 1574 50 1575 50 1576 50 1577 50 1578 50 1579 50 1580 50 1581 50 1582 50 1583 47 1584 50 1585 50 1586 50 1587 35 1588 35 1589 50 1590 50 1591 47 1592 50 1593 50 1594 50 1595 50 1596 50 1597 50 1598 44 1599 47 1600 44 1601 47 1602 50 1603 50 1604 50 1605 50 1606 50 1607 50 1608 47 1609 35 1610 35 1611 35 1612 35 1613 35 1614 35 1615 35 1616 35 1617 35 1618 35 1619 35 1620 35 1621 35 1622 35 1623 35 1624 35 1625 35 1626 35 1627 35 1628 35 1629 35 1630 35 1631 35 1632 35 1633 35 1634 35 1635 35 1636 35 1637 35 1638 35 1639 35 1640 35 1641 35 1642 35 1643 35 1644 35 1645 35 1646 35 1647 35 1648 35 1649 35 1650 35 1651 35 1652 35 1653 35 1654 35 1655 35 1656 35 1657 35 1658 35 1659 35 1660 35 1661 35 1662 35 1663 35 1664 35 1665 35 1666 35 1667 35 1668 35 1669 35 1670 35 1671 35 1672 35 1673 47 1674 47 1675 47 1676 47 1677 44 1678 47 1679 35 1680 35 1681 35 1682 35 1683 35 1684 35 1685 35 1686 35 1687 35 1688 35 1689 35 1690 35 1691 35 1692 35 1693 35 1694 35 1695 35 1696 35 1697 53 1698 35 1699 35 1700 35 1701 35 1702 35 1703 35 1704 35 1705 35 1706 35 1707 35 1708 35 1709 47 1710 47 1711 47 1712 47 1713 47 1714 47 1715 44 1716 47 1717 47 1718 35 1719 35 1720 35 1721 35 1722 44 1723 47 1724 44 1725 47 1726 44 1727 47 1728 50 1729 50 1730 50 1731 50 1732 50 1733 50 1734 47 1735 35 1736 35 1737 35 1738 35 1739 35 1740 35 1741 35 1742 35 1743 35 1744 35 1745 35 1746 35 1747 35 1748 53 1749 35 1750 35 1751 35 1752 35 1753 35 1754 35 1755 35 1756 35 1757 35 1758 35 1759 35 1760 35 1761 35 1762 35 1763 35 1764 35 1765 35 1766 35 1767 35 1768 35 1769 35 1770 35 1771 35 1772 35 1773 35 1774 35 1775 35 1776 35 1777 35 1778 35 1779 35 1780 35 1781 35 1782 35 1783 35 1784 35 1785 35 1786 35 1787 35 1788 35 1789 35 1790 35 1791 35 1792 35 1793 35 1794 35 1795 35 1796 35 1797 35 1798 35 1799 35 1800 35 1801 35 1802 35 1803 35 1804 35 1805 35 1806 35 1807 35 1808 35 1809 35 1810 35 1811 35 1812 35 1813 35 1814 35 1815 35 1816 35 1817 35 1818 35 1819 44 1820 35 1821 35 1822 35 1823 44 1824 44 1825 44 1826 44 1827 44 1828 44 1829 44 1830 44 1831 44 1832 44 1833 44 1834 44 1835 35 1836 35 1837 35 1838 44 1839 35 1840 35 1841 35 1842 35 1843 35 1844 35 1845 35 1846 35 1847 35 1848 35 1849 44 1850 44 1851 47 1852 35 1853 35 1854 35 1855 35 1856 35 1857 35 1858 35 1859 35 1860 35 1861 35 1862 35 1863 35 1864 35 1865 35 1866 37 1867 37 1868 35 1869 53 1870 35 1871 37 1872 35 1873 37 1874 35 1875 53 1876 35 1877 35 1878 35 1879 53 1880 35 1881 35 1882 35 1883 35 1884 35 1885 35 1886 35 1887 35 1888 35 1889 35 1890 35 1891 35 1892 35 1893 35 1894 35 1895 35 1896 35 1897 53 1898 53 1899 53 1900 53 1901 53 1902 35 1903 35 1904 35 1905 53 1906 35 1907 35 1908 35 1909 35 1910 35 1911 35 1912 35 1913 35 1914 35 1915 35 1916 35 1917 35 1918 37 1919 35 1920 35 1921 35 1922 35 1923 53 1924 53 1925 53 1926 35 1927 35 1928 35 1929 35 1930 35 1931 53 1932 35 1933 35 1934 35 1935 35 1936 35 1937 35 1938 35 1939 35 1940 35 1941 35 1942 35 1943 35 1944 35 1945 35 1946 35 1947 53 1948 53 1949 53 1950 53 1951 53 1952 35 1953 53 1954 53 1955 37 1956 35 1957 53 1958 35 1959 35 1960 35 1961 37 1962 37 1963 35 1964 37 1965 35 1966 38 1967 38 1968 37 1969 38 1970 35 1971 53 1972 35 1973 35 1974 35 1975 35 1976 35 1977 35 1978 35 1979 35 1980 35 1981 35 1982 35 1983 35 1984 35 1985 35 1986 35 1987 35 1988 35 1989 35 1990 35 1991 35 1992 35 1993 35 1994 35 1995 35 1996 35 1997 35 1998 53 1999 35 2000 35 2001 35 2002 35 2003 35 2004 35 2005 35 2006 35 2007 35 2008 35 2009 35 2010 35 2011 35 2012 35 2013 35 2014 53 2015 53 2016 35 2017 35 2018 35 2019 35 2020 35 2021 35 2022 35 2023 35 2024 35 2025 35 2026 35 2027 37 2028 35 2029 35 2030 35 2031 35 2032 35 2033 35 2034 35 2035 53 2036 35 2037 37 2038 35 2039 37 2040 35 2041 37 2042 35 2043 38 2044 53 2045 53 2046 35 2047 53 2048 53 2049 35 2050 53 2051 35 2052 53 2053 35 2054 53 2055 53 2056 37 2057 38 2058 37 2059 35 2060 35 2061 35 2062 35 2063 35 2064 35 2065 32 2066 35 2067 35 2068 32 2069 35 2070 35 2071 35 2072 35 2073 35 2074 35 2075 35 2076 35 2077 35 2078 35 2079 35 2080 76 2081 76 2082 76 2083 35 2084 35 2085 35 2086 35 2087 76 2088 35 2089 66 2090 76 2091 87 2092 87 2093 15 2094 67 2095 67 2096 67 2097 67 2098 67 2099 67 2100 67 2101 67 2102 66 2103 67 2104 66 2105 66 2106 66 2107 67 2108 66 2109 67 2110 66 2111 67 2112 66 2113 67 2114 23 2115 23 2116 23 2117 23 2118 23 2119 23 2120 23 2121 23 2122 23 2123 23 2124 23 2125 22 2126 22 2127 23 2128 23 2129 23 2130 35 2131 35 2132 35 2133 35 2134 35 2135 35 2136 35 2137 35 2138 35 2139 35 2140 35 2141 35 2142 35 2143 35 2144 35 2145 35 2146 35 2147 35 2148 35 2149 35 2150 35 2151 35 2152 35 2153 35 2154 35 2155 35 2156 35 2157 35 2158 35 2159 35 2160 35 2161 35 2162 35 2163 35 2164 87 2165 87 2166 87 2167 87 2168 87 2169 87 2170 87 2171 87 2172 87 2173 8 2174 8 2175 8 2176 8 2177 8 2178 8 2179 8 2180 8 2181 8 2182 8 2183 8 2184 8 2185 8 2186 76 2187 76 2188 76 2189 76 2190 76 2191 76 2192 97 2193 76 2194 97 2195 76 2196 76 2197 76 2198 76 2199 76 2200 76 2201 76 2202 76 2203 76 2204 76 2205 76 2206 76 2207 76 2208 8 2209 8 2210 8 2211 8 2212 8 2213 8 2214 8 2215 8 2216 8 2217 8 2218 8 2219 8 2220 8 2221 8 2222 8 2223 8 2224 8 2225 8 2226 8 2227 8 2228 8 2229 8 2230 8 2231 8 2232 8 2233 8 2234 8 2235 8 2236 8 2237 8 2238 8 2239 8 2240 8 2241 8 2242 8 2243 8 2244 8 2245 8 2246 8 2247 8 2248 8 2249 8 2250 8 2251 8 2252 8 2253 8 2254 8 2255 8 2256 8 2257 8 2258 8 2259 8 2260 8 2261 8 2262 8 2263 8 2264 8 2265 8 2266 8 2267 8 2268 8 2269 82 2270 82 2271 82 2272 82 2273 84 2274 82 2275 82 2276 82 2277 82 2278 79 2279 79 2280 79 2281 79 2282 79 2283 79 2284 79 2285 79 2286 79 2287 79 2288 79 2289 79 2290 79 2291 79 2292 82 2293 82 2294 79 2295 79 2296 79 2297 79 2298 78 2299 78 2300 79 2301 79 2302 79 2303 79 2304 82 2305 82 2306 82 2307 79 2308 79 2309 79 2310 78 2311 78 2312 78 2313 78 2314 78 2315 78 2316 79 2317 78 2318 78 2319 78 2320 78 2321 93 2322 93 2323 93 2324 93 2325 93 2326 93 2327 93 2328 95 2329 93 2330 93 2331 90 2332 90 2333 90 2334 90 2335 90 2336 90 2337 90 2338 90 2339 90 2340 90 2341 90 2342 90 2343 90 2344 90 2345 90 2346 90 2347 90 2348 90 2349 90 2350 90 2351 90 2352 89 2353 89 2354 89 2355 89 2356 90 2357 90 2358 90 2359 90 2360 90 2361 89 2362 90 2363 89 2364 89 2365 89 2366 89 2367 89 2368 90 2369 89 2370 89 2371 90 2372 12 2373 12 2374 12 2375 12 2376 12 2377 12 2378 12 2379 12 2380 12 2381 12 2382 12 2383 12 2384 12 2385 12 2386 12 2387 12 2388 12 2389 12 2390 12 2391 12 2392 12 2393 12 2394 12 2395 12 2396 12 2397 12 2398 12 2399 12 2400 12 2401 12 2402 12 2403 12 2404 12 2405 12 2406 12 2407 12 2408 12 2409 12 2410 26 2411 26 2412 15 2413 15 2414 15 2415 29 2416 15 2417 29 2418 15 2419 15 2420 29 2421 15 2422 15 2423 15 2424 29 2425 15 2426 29 2427 15 2428 15 2429 29 2430 18 2431 15 2432 30 2433 30 2434 15 2435 15 2436 18 2437 29 2438 18 2439 29 2440 18 2441 18 2442 29 2443 18 2444 22 2445 23 2446 18 2447 18 2448 18 2449 15 2450 30 2451 30 2452 30 2453 15 2454 30 2455 15 2456 30 2457 30 2458 56 2459 56 2460 56 2461 56 2462 56 2463 56 2464 56 2465 56 2466 56 2467 56 2468 56 2469 56 2470 56 2471 56 2472 56 2473 56 2474 56 2475 56 2476 56 2477 56 2478 56 2479 56 2480 56 2481 56 2482 56 2483 56 2484 56 2485 56 2486 56 2487 56 2488 56 2489 56 2490 56 2491 56 2492 56 2493 8 2494 56 2495 8 2496 56 2497 8 2498 56 2499 70 2500 70 2501 66 2502 67 2503 59 2504 73 2505 59 2506 73 2507 59 2508 59 2509 59 2510 59 2511 59 2512 73 2513 59 2514 59 2515 73 2516 59 2517 73 2518 59 2519 59 2520 59 2521 73 2522 59 2523 62 2524 59 2525 56 2526 56 2527 59 2528 59 2529 66 2530 67 2531 67 2532 67 2533 67 2534 67 2535 67 2536 67 2537 62 2538 73 2539 62 2540 73 2541 62 2542 62 2543 56 2544 73 2545 74 2546 56 2547 35 2548 35 2549 35 2550 35 2551 35 2552 35 2553 35 2554 35 2555 35 2556 35 2557 35 2558 35 2559 35 2560 35 2561 35 2562 35 2563 35 2564 35 2565 35 2566 35 2567 35 2568 35 2569 35 2570 35 2571 35 2572 35 2573 35 2574 35 2575 35 2576 35 2577 35 2578 35 2579 35 2580 35 2581 35 2582 35 2583 35 2584 35 2585 35 2586 35 2587 35 2588 35 2589 35 2590 35 2591 35 2592 35 2593 35 2594 35 2595 35 2596 35 2597 35 2598 35 2599 35 2600 35 2601 35 2602 35 2603 35 2604 35 2605 35 2606 35 2607 35 2608 35 2609 35 2610 35 2611 35 2612 35 2613 35 2614 35 2615 35 2616 35 2617 35 2618 35 2619 35 2620 35 2621 35 2622 35 2623 44 2624 44 2625 44 2626 44 2627 35 2628 35 2629 35 2630 35 2631 35 2632 35 2633 35 2634 35 2635 35 2636 35 2637 35 2638 44 2639 35 2640 35 2641 35 2642 50 2643 50 2644 50 2645 47 2646 47 2647 47 2648 50 2649 50 2650 47 2651 50 2652 50 2653 50 2654 47 2655 50 2656 47 2657 50 2658 47 2659 47 2660 50 2661 50 2662 50 2663 47 2664 50 2665 47 2666 50 2667 50 2668 50 2669 44 2670 47 2671 44 2672 47 2673 44 2674 44 2675 50 2676 50 2677 50 2678 50 2679 50 2680 47 2681 50 2682 47 2683 50 2684 50 2685 50 2686 47 2687 50 2688 50 2689 50 2690 47 2691 47 2692 47 2693 44 2694 47 2695 35 2696 35 2697 35 2698 35 2699 35 2700 35 2701 35 2702 35 2703 35 2704 35 2705 35 2706 35 2707 35 2708 35 2709 44 2710 35 2711 44 2712 35 2713 44 2714 35 2715 35 2716 35 2717 35 2718 35 2719 35 2720 35 2721 35 2722 35 2723 35 2724 35 2725 35 2726 35 2727 35 2728 35 2729 35 2730 35 2731 35 2732 35 2733 44 2734 35 2735 35 2736 35 2737 44 2738 35 2739 44 2740 35 2741 44 2742 35 2743 35 2744 35 2745 47 2746 50 2747 47 2748 50 2749 50 2750 50 2751 50 2752 50 2753 47 2754 50 2755 50 2756 50 2757 47 2758 47 2759 47 2760 35 2761 35 2762 35 2763 35 2764 35 2765 35 2766 35 2767 35 2768 35 2769 35 2770 35 2771 35 2772 35 2773 35 2774 35 2775 35 2776 35 2777 35 2778 35 2779 35 2780 35 2781 35 2782 35 2783 35 2784 44 2785 44 2786 35 2787 35 2788 44 2789 35 2790 35 2791 35 2792 35 2793 35 2794 35 2795 35 2796 35 2797 35 2798 35 2799 44 2800 44 2801 35 2802 35 2803 44 2804 35 2805 35 2806 44 2807 35 2808 44 2809 44 2810 35 2811 35 2812 35 2813 35 2814 35 2815 35 2816 35 2817 35 2818 35 2819 35 2820 35 2821 35 2822 35 2823 38 2824 35 2825 38 2826 53 2827 53 2828 35 2829 38 2830 53 2831 35 2832 35 2833 35 2834 35 2835 35 2836 35 2837 35 2838 35 2839 35 2840 35 2841 35 2842 35 2843 35 2844 53 2845 35 2846 35 2847 35 2848 35 2849 35 2850 35 2851 35 2852 8 2853 8 2854 53 2855 38 2856 53 2857 53 2858 35 2859 35 2860 35 2861 35 2862 35 2863 35 2864 35 2865 35 2866 35 2867 35 2868 35 2869 35 2870 35 2871 35 2872 35 2873 35 2874 35 2875 35 2876 35 2877 35 2878 35 2879 35 2880 35 2881 35 2882 35 2883 35 2884 35 2885 35 2886 35 2887 35 2888 35 2889 35 2890 35 2891 35 2892 35 2893 35 2894 53 2895 53 2896 53 2897 53 2898 35 2899 35 2900 35 2901 35 2902 35 2903 53 2904 53 2905 53 2906 35 2907 53 2908 35 2909 35 2910 35 2911 53 2912 8 2913 87 2914 87 2915 87 2916 87 2917 87 2918 87 2919 35 2920 35 2921 87 2922 87 2923 66 2924 67 2925 66 2926 66 2927 62 2928 62 2929 62 2930 22 2931 23 2932 22 2933 23 2934 22 2935 23 2936 18 2937 18 2938 18 2939 18 2940 18 2941 18 2942 18 2943 18 2944 18 2945 18 2946 18 2947 18 2948 35 2949 87 2950 87 2951 87 2952 87 2953 87 2954 87 2955 87 2956 87 2957 97 2958 97 2959 8 2960 8 2961 8 2962 8 2963 8 2964 8 2965 8 2966 8 2967 8 2968 8 2969 8 2970 8 2971 8 2972 8 2973 8 2974 8 2975 8 2976 8 2977 8 2978 8 2979 8 2980 8 2981 8 2982 8 2983 8 2984 8 2985 8 2986 82 2987 84 2988 78 2989 79 2990 78 2991 79 2992 78 2993 79 2994 79 2995 79 2996 79 2997 78 2998 89 2999 90 3000 89 3001 90 3002 89 3003 90 3004 90 3005 12 3006 30 3007 30 3008 30 3009 30 3010 30 3011 30 3012 30 3013 30 3014 18 3015 56 3016 56 3017 56 3018 56 3019 56 3020 56 3021 56 3022 56 3023 56 3024 62 3025 74 3026 56 3027 56 3028 56 3029 35 3030 35 3031 35 3032 35 3033 35 3034 35 3035 44 3036 44 3037 44 3038 44 3039 44 3040 44 3041 44 3042 35 3043 35 3044 35 3045 35 3046 35 3047 35 3048 35 3049 35 3050 44 3051 44 3052 35 3053 35 3054 35 3055 35 3056 35 3057 44 3058 44 3059 47 3060 35 3061 35 3062 35 3063 35 3064 35 3065 35 3066 35 3067 35 3068 35 3069 35 3070 35 3071 35 3072 35 3073 35 3074 35 3075 35 3076 35 3077 47 3078 44 3079 47 3080 44 3081 35 3082 44 3083 35 3084 35 3085 35 3086 35 3087 35 3088 35 3089 35 3090 35 3091 44 3092 44 3093 53 3094 53 3095 35 3096 35 3097 35 3098 35 3099 35 3100 35 3101 35 3102 35 3103 35 3104 35 3105 35 3106 35 3107 35 3108 8 3109 8 3110 8 3111 8 3112 8 3113 8 3114 8 3115 8 3116 32 3117 32 3118 32 3119 32 3120 32 3121 32 3122 35 3123</v>
        </vertex_weights>
      </skin>
    </controller>
  </library_controllers>
  <library_visual_scenes>
    <visual_scene id="mario" name="mario">
      <node id="peach_skeleton" name="peach_skeleton" type="NODE">
        <matrix sid="transform">1 0 0 0 0 -4.37114e-8 -1 0 0 1 -4.37114e-8 0 0 0 0 1</matrix>
        <node id="peach_skeleton_root" name="root" sid="root" type="JOINT">
          <matrix sid="transform">1 1.91986e-7 -7.70682e-14 0 -1.91986e-7 1 -4.01426e-7 0 0 4.01426e-7 1 0 0 0 0 1</matrix>
          <node id="peach_skeleton_root_motion" name="root_motion" sid="root_motion" type="JOINT">
            <matrix sid="transform">1 3.83983e-7 5.23596e-8 4.1e-5 -3.83983e-7 1 -6.55604e-7 105.3952 -5.23599e-8 6.55604e-7 1 1.596145 0 0 0 1</matrix>
            <node id="peach_skeleton_MLOOP" name="MLOOP" sid="MLOOP" type="JOINT">
              <matrix sid="transform">1 -5.75959e-7 -5.23605e-8 1.06982e-9 5.75959e-7 1 9.83405e-7 -105.3952 5.23599e-8 -9.83427e-7 1 -1.596076 0 0 0 1</matrix>
              <extra>
                <technique profile="blender">
                  <layer sid="layer" type="string">0</layer>
                  <roll sid="roll" type="float">0</roll>
                  <tip_x sid="tip_x" type="float">0</tip_x>
                  <tip_y sid="tip_y" type="float">0.727326</tip_y>
                  <tip_z sid="tip_z" type="float">0</tip_z>
                </technique>
              </extra>
            </node>
            <node id="peach_skeleton_NOW" name="NOW" sid="NOW" type="JOINT">
              <matrix sid="transform">1 -5.75959e-7 -5.23605e-8 1.06982e-9 5.75959e-7 1 9.83405e-7 -105.3952 5.23599e-8 -9.83427e-7 1 -1.596076 0 0 0 1</matrix>
              <extra>
                <technique profile="blender">
                  <layer sid="layer" type="string">0</layer>
                  <roll sid="roll" type="float">0</roll>
                  <tip_x sid="tip_x" type="float">0</tip_x>
                  <tip_y sid="tip_y" type="float">0.727326</tip_y>
                  <tip_z sid="tip_z" type="float">0</tip_z>
                </technique>
              </extra>
            </node>
            <node id="peach_skeleton_peach_m0" name="peach_m0" sid="peach_m0" type="JOINT">
              <matrix sid="transform">1 -5.75959e-7 -5.23605e-8 1.06982e-9 5.75959e-7 1 9.83405e-7 -105.3952 5.23599e-8 -9.83427e-7 1 -1.596076 0 0 0 1</matrix>
              <node id="peach_skeleton_obj1" name="obj1" sid="obj1" type="JOINT">
                <matrix sid="transform">1 -9.72203e-12 3.55201e-15 7.07701e-12 9.72203e-12 1 7.36238e-8 -5.96046e-7 -3.55271e-15 -7.36238e-8 1 5.35485e-8 0 0 0 1</matrix>
                <extra>
                  <technique profile="blender">
                    <layer sid="layer" type="string">0</layer>
                    <roll sid="roll" type="float">0</roll>
                    <tip_x sid="tip_x" type="float">0</tip_x>
                    <tip_y sid="tip_y" type="float">0.727326</tip_y>
                    <tip_z sid="tip_z" type="float">0</tip_z>
                  </technique>
                </extra>
              </node>
              <node id="peach_skeleton_obj2" name="obj2" sid="obj2" type="JOINT">
                <matrix sid="transform">1 -9.72203e-12 3.55201e-15 7.07701e-12 9.72203e-12 1 7.36238e-8 -5.96046e-7 -3.55271e-15 -7.36238e-8 1 5.35485e-8 0 0 0 1</matrix>
                <extra>
                  <technique profile="blender">
                    <layer sid="layer" type="string">0</layer>
                    <roll sid="roll" type="float">0</roll>
                    <tip_x sid="tip_x" type="float">0</tip_x>
                    <tip_y sid="tip_y" type="float">0.727326</tip_y>
                    <tip_z sid="tip_z" type="float">0</tip_z>
                  </technique>
                </extra>
              </node>
              <extra>
                <technique profile="blender">
                  <layer sid="layer" type="string">0</layer>
                  <roll sid="roll" type="float">0</roll>
                  <tip_x sid="tip_x" type="float">0</tip_x>
                  <tip_y sid="tip_y" type="float">0.727326</tip_y>
                  <tip_z sid="tip_z" type="float">0</tip_z>
                </technique>
              </extra>
            </node>
            <node id="peach_skeleton_root_body" name="root_body" sid="root_body" type="JOINT">
              <matrix sid="transform">3.13916e-7 -4.89133e-12 1 -1.27898e-12 8.19504e-8 1 4.88079e-12 0.5018463 -1 8.19288e-8 3.13916e-7 0.1944832 0 0 0 1</matrix>
              <node id="peach_skeleton_ske_body" name="ske_body" sid="ske_body" type="JOINT">
                <matrix sid="transform">0.05544925 -0.9984616 -6.00466e-8 0 0.9984616 0.05544943 -4.60931e-8 -7.62939e-6 4.93516e-8 -5.73984e-8 1 -2.6148e-12 0 0 0 1</matrix>
                <node id="peach_skeleton_eff_body" name="eff_body" sid="eff_body" type="JOINT">
                  <matrix sid="transform">1 0 1.10134e-13 27.32954 -3.72529e-9 0.9999999 -1.7053e-12 1.00136e-5 1.24345e-14 1.7053e-12 1 -1.26178e-6 0 0 0 1</matrix>
                  <extra>
                    <technique profile="blender">
                      <layer sid="layer" type="string">0</layer>
                      <roll sid="roll" type="float">1.570795</roll>
                      <tip_x sid="tip_x" type="float">-2.08463e-7</tip_x>
                      <tip_y sid="tip_y" type="float">0.04032897</tip_y>
                      <tip_z sid="tip_z" type="float">0.7262071</tip_z>
                    </technique>
                  </extra>
                </node>
                <node id="peach_skeleton_itemhook-body" name="itemhook-body" sid="itemhook-body" type="JOINT">
                  <matrix sid="transform">3.28157e-7 0.9984621 -0.05543497 1.767288 -2.71701e-7 0.05543495 0.9984623 0.0387249 0.9999999 -2.75672e-7 2.89518e-7 -4.10816e-5 0 0 0 1</matrix>
                  <extra>
                    <technique profile="blender">
                      <layer sid="layer" type="string">0</layer>
                      <roll sid="roll" type="float">0</roll>
                      <tip_x sid="tip_x" type="float">2.5038e-7</tip_x>
                      <tip_y sid="tip_y" type="float">0.7273254</tip_y>
                      <tip_z sid="tip_z" type="float">-9.53674e-6</tip_z>
                    </technique>
                  </extra>
                </node>
                <node id="peach_skeleton_root_L_arm1" name="root_L_arm1" sid="root_L_arm1" type="JOINT">
                  <matrix sid="transform">-3.72529e-8 0.9984621 -0.05544138 21.28123 -1.97208e-7 0.05544137 0.9984619 -2.624704 1 -9.64506e-15 1.94707e-7 14.99995 0 0 0 1</matrix>
                  <node id="peach_skeleton_ske_L_arm1" name="ske_L_arm1" sid="ske_L_arm1" type="JOINT">
                    <matrix sid="transform">1 -6.44541e-7 5.08759e-8 0 9.09336e-7 0.9999999 -1.92329e-7 0 -5.82945e-8 1.94194e-7 1 -4.76837e-7 0 0 0 1</matrix>
                    <node id="peach_skeleton_eff_L_arm1" name="eff_L_arm1" sid="eff_L_arm1" type="JOINT">
                      <matrix sid="transform">1 3.65997e-9 5.96856e-13 19.04 -3.68876e-8 1 1.38607e-9 -7.62939e-6 1.37762e-9 -9.0813e-10 1 -2.38419e-7 0 0 0 1</matrix>
                      <extra>
                        <technique profile="blender">
                          <layer sid="layer" type="string">0</layer>
                          <roll sid="roll" type="float">0</roll>
                          <tip_x sid="tip_x" type="float">0</tip_x>
                          <tip_y sid="tip_y" type="float">0.7273254</tip_y>
                          <tip_z sid="tip_z" type="float">-4.76837e-6</tip_z>
                        </technique>
                      </extra>
                    </node>
                    <node id="peach_skeleton_root_L_arm2" name="root_L_arm2" sid="root_L_arm2" type="JOINT">
                      <matrix sid="transform">1 3.65997e-9 5.96856e-13 19 -3.68876e-8 1 1.38652e-9 0 1.37762e-9 -9.08585e-10 1 -2.38419e-7 0 0 0 1</matrix>
                      <node id="peach_skeleton_ske_L_arm2" name="ske_L_arm2" sid="ske_L_arm2" type="JOINT">
                        <matrix sid="transform">0.9999499 -1.12417e-8 -0.009999832 -3.8147e-6 -2.73434e-7 1 2.25873e-9 -7.62939e-6 0.009999841 1.42973e-9 0.99995 0 0 0 0 1</matrix>
                        <node id="peach_skeleton_eff_L_arm2" name="eff_L_arm2" sid="eff_L_arm2" type="JOINT">
                          <matrix sid="transform">1 -1.71862e-8 -1.86265e-9 18.99999 2.66997e-7 1 -1.66789e-7 0 1.86265e-9 1.65771e-7 0.9999999 0 0 0 0 1</matrix>
                          <extra>
                            <technique profile="blender">
                              <layer sid="layer" type="string">0</layer>
                              <roll sid="roll" type="float">-0.01000005</roll>
                              <tip_x sid="tip_x" type="float">0</tip_x>
                              <tip_y sid="tip_y" type="float">0.7273254</tip_y>
                              <tip_z sid="tip_z" type="float">-4.64916e-6</tip_z>
                            </technique>
                          </extra>
                        </node>
                        <node id="peach_skeleton_root_L_hand" name="root_L_hand" sid="root_L_hand" type="JOINT">
                          <matrix sid="transform">0.99995 -1.71862e-8 0.009999972 19.19647 2.83402e-7 1 -1.63915e-6 0.209053 -0.009999971 1.64088e-6 0.9999499 -0.192838 0 0 0 1</matrix>
                          <node id="peach_skeleton_ske_L_hand" name="ske_L_hand" sid="ske_L_hand" type="JOINT">
                            <matrix sid="transform">0.999024 -0.0441719 -6.99894e-9 -7.62939e-6 0.04417188 0.9990239 8.798e-9 -2.28882e-5 5.64521e-9 -9.68976e-9 0.9999999 4.76837e-7 0 0 0 1</matrix>
                            <node id="peach_skeleton_eff3" name="eff3" sid="eff3" type="JOINT">
                              <matrix sid="transform">1 1.32248e-6 1.42109e-13 9.458889 -1.13621e-6 1 -4.57931e-10 0 3.57801e-10 3.2469e-10 0.9999999 2.38419e-7 0 0 0 1</matrix>
                              <extra>
                                <technique profile="blender">
                                  <layer sid="layer" type="string">0</layer>
                                  <roll sid="roll" type="float">1.73069e-7</roll>
                                  <tip_x sid="tip_x" type="float">-0.03212738</tip_x>
                                  <tip_y sid="tip_y" type="float">0.7266159</tip_y>
                                  <tip_z sid="tip_z" type="float">-3.57628e-6</tip_z>
                                </technique>
                              </extra>
                            </node>
                            <node id="peach_skeleton_itemhook-l" name="itemhook-l" sid="itemhook-l" type="JOINT">
                              <matrix sid="transform">0.999024 0.04417197 -4.04368e-7 4.658886 -0.04417178 0.999024 -4.58364e-6 -0.2060089 2.01869e-7 4.59692e-6 0.9999999 1.43051e-6 0 0 0 1</matrix>
                              <extra>
                                <technique profile="blender">
                                  <layer sid="layer" type="string">0</layer>
                                  <roll sid="roll" type="float">-1.45175e-7</roll>
                                  <tip_x sid="tip_x" type="float">0</tip_x>
                                  <tip_y sid="tip_y" type="float">0.7273254</tip_y>
                                  <tip_z sid="tip_z" type="float">-2.38419e-7</tip_z>
                                </technique>
                              </extra>
                            </node>
                            <node id="peach_skeleton_root_L_middle" name="root_L_middle" sid="root_L_middle" type="JOINT">
                              <matrix sid="transform">0.999024 0.04417197 -1.14582e-7 10.40219 -0.04417178 0.999024 -5.1873e-9 1.117119 1.14605e-7 1.01268e-8 0.9999999 -0.0937686 0 0 0 1</matrix>
                              <node id="peach_skeleton_ske_L_middle1" name="ske_L_middle1" sid="ske_L_middle1" type="JOINT">
                                <matrix sid="transform">0.998029 -0.06275447 -6.81371e-9 -1.14441e-5 0.06275441 0.9980291 7.2796e-9 0 7.49219e-9 -6.9499e-9 0.9999999 0 0 0 0 1</matrix>
                                <node id="peach_skeleton_ske_L_middle2" name="ske_L_middle2" sid="ske_L_middle2" type="JOINT">
                                  <matrix sid="transform">0.9938547 0.1106921 1.20551e-8 3.994057 -0.1106921 0.9938548 -3.75621e-10 0 -1.2511e-8 1.86674e-9 0.9999999 2.38419e-7 0 0 0 1</matrix>
                                  <node id="peach_skeleton_eff_L_middle" name="eff_L_middle" sid="eff_L_middle" type="JOINT">
                                    <matrix sid="transform">0.9999999 6.74276e-7 2.84217e-14 6.15823 -6.8173e-7 0.9999998 4.26098e-10 0 -1.40622e-9 1.97588e-9 0.9999999 4.76837e-7 0 0 0 1</matrix>
                                    <extra>
                                      <technique profile="blender">
                                        <layer sid="layer" type="string">0</layer>
                                        <roll sid="roll" type="float">-1.79667e-7</roll>
                                        <tip_x sid="tip_x" type="float">0.0349884</tip_x>
                                        <tip_y sid="tip_y" type="float">0.7264862</tip_y>
                                        <tip_z sid="tip_z" type="float">-3.57628e-6</tip_z>
                                      </technique>
                                    </extra>
                                  </node>
                                  <extra>
                                    <technique profile="blender">
                                      <layer sid="layer" type="string">0</layer>
                                      <roll sid="roll" type="float">-1.79667e-7</roll>
                                      <tip_x sid="tip_x" type="float">0.0349884</tip_x>
                                      <tip_y sid="tip_y" type="float">0.7264862</tip_y>
                                      <tip_z sid="tip_z" type="float">-3.57628e-6</tip_z>
                                    </technique>
                                  </extra>
                                </node>
                                <extra>
                                  <technique profile="blender">
                                    <layer sid="layer" type="string">0</layer>
                                    <roll sid="roll" type="float">0</roll>
                                    <tip_x sid="tip_x" type="float">-0.04564285</tip_x>
                                    <tip_y sid="tip_y" type="float">0.7258911</tip_y>
                                    <tip_z sid="tip_z" type="float">-3.57628e-6</tip_z>
                                  </technique>
                                </extra>
                              </node>
                              <extra>
                                <technique profile="blender">
                                  <layer sid="layer" type="string">0</layer>
                                  <roll sid="roll" type="float">0</roll>
                                  <tip_x sid="tip_x" type="float">0</tip_x>
                                  <tip_y sid="tip_y" type="float">0.7273254</tip_y>
                                  <tip_z sid="tip_z" type="float">-3.57628e-6</tip_z>
                                </technique>
                              </extra>
                            </node>
                            <node id="peach_skeleton_root_L_thumb" name="root_L_thumb" sid="root_L_thumb" type="JOINT">
                              <matrix sid="transform">0.9990241 6.55603e-7 0.04417252 6.698841 -0.04417233 4.91702e-6 0.9990239 -1.742188 4.38129e-7 -0.9999998 5.03083e-6 6.32682 0 0 0 1</matrix>
                              <node id="peach_skeleton_ske_L_thumb1" name="ske_L_thumb1" sid="ske_L_thumb1" type="JOINT">
                                <matrix sid="transform">0.7069708 0.7072428 -2.46907e-6 -1.52588e-5 -0.7072429 0.7069708 1.64744e-6 -4.76837e-7 3.00578e-6 6.69001e-7 1 -2.28882e-5 0 0 0 1</matrix>
                                <node id="peach_skeleton_ske_L_thumb2" name="ske_L_thumb2" sid="ske_L_thumb2" type="JOINT">
                                  <matrix sid="transform">0.968912 -0.2474056 4.52712e-9 2.797226 0.2474057 0.9689119 -7.24953e-7 0 1.25507e-7 7.39073e-7 1 -1.52588e-5 0 0 0 1</matrix>
                                  <node id="peach_skeleton_eff_L_thumb" name="eff_L_thumb" sid="eff_L_thumb" type="JOINT">
                                    <matrix sid="transform">1 4.67896e-6 4.52849e-6 2.299576 -4.55976e-6 1 3.67681e-8 0 -4.41971e-6 9.54481e-9 1 0 0 0 0 1</matrix>
                                    <extra>
                                      <technique profile="blender">
                                        <layer sid="layer" type="string">0</layer>
                                        <roll sid="roll" type="float">-0.5355919</roll>
                                        <tip_x sid="tip_x" type="float">0.3711929</tip_x>
                                        <tip_y sid="tip_y" type="float">0</tip_y>
                                        <tip_z sid="tip_z" type="float">-0.6254768</tip_z>
                                      </technique>
                                    </extra>
                                  </node>
                                  <extra>
                                    <technique profile="blender">
                                      <layer sid="layer" type="string">0</layer>
                                      <roll sid="roll" type="float">-0.5355919</roll>
                                      <tip_x sid="tip_x" type="float">0.3711891</tip_x>
                                      <tip_y sid="tip_y" type="float">0</tip_y>
                                      <tip_z sid="tip_z" type="float">-0.6254768</tip_z>
                                    </technique>
                                  </extra>
                                </node>
                                <extra>
                                  <technique profile="blender">
                                    <layer sid="layer" type="string">0</layer>
                                    <roll sid="roll" type="float">-0.7855935</roll>
                                    <tip_x sid="tip_x" type="float">0.5143967</tip_x>
                                    <tip_y sid="tip_y" type="float">0</tip_y>
                                    <tip_z sid="tip_z" type="float">-0.5141983</tip_z>
                                  </technique>
                                </extra>
                              </node>
                              <extra>
                                <technique profile="blender">
                                  <layer sid="layer" type="string">0</layer>
                                  <roll sid="roll" type="float">5.96046e-7</roll>
                                  <tip_x sid="tip_x" type="float">0</tip_x>
                                  <tip_y sid="tip_y" type="float">0</tip_y>
                                  <tip_z sid="tip_z" type="float">-0.7273259</tip_z>
                                </technique>
                              </extra>
                            </node>
                            <extra>
                              <technique profile="blender">
                                <layer sid="layer" type="string">0</layer>
                                <roll sid="roll" type="float">1.73069e-7</roll>
                                <tip_x sid="tip_x" type="float">-0.03212738</tip_x>
                                <tip_y sid="tip_y" type="float">0.7266159</tip_y>
                                <tip_z sid="tip_z" type="float">-3.57628e-6</tip_z>
                              </technique>
                            </extra>
                          </node>
                          <extra>
                            <technique profile="blender">
                              <layer sid="layer" type="string">0</layer>
                              <roll sid="roll" type="float">0</roll>
                              <tip_x sid="tip_x" type="float">0</tip_x>
                              <tip_y sid="tip_y" type="float">0.7273254</tip_y>
                              <tip_z sid="tip_z" type="float">-3.57628e-6</tip_z>
                            </technique>
                          </extra>
                        </node>
                        <node id="peach_skeleton_ske_l_arm_child2" name="ske_l_arm_child2" sid="ske_l_arm_child2" type="JOINT">
                          <matrix sid="transform">0.99995 -1.71862e-8 0.009999696 17.51699 3.29293e-7 1 -6.22814e-6 -0.02250671 -0.009999695 6.23011e-6 0.9999499 -0.152884 0 0 0 1</matrix>
                          <extra>
                            <technique profile="blender">
                              <layer sid="layer" type="string">0</layer>
                              <roll sid="roll" type="float">-2.1141e-7</roll>
                              <tip_x sid="tip_x" type="float">0</tip_x>
                              <tip_y sid="tip_y" type="float">0.7273254</tip_y>
                              <tip_z sid="tip_z" type="float">-2.38419e-7</tip_z>
                            </technique>
                          </extra>
                        </node>
                        <extra>
                          <technique profile="blender">
                            <layer sid="layer" type="string">0</layer>
                            <roll sid="roll" type="float">-0.01000005</roll>
                            <tip_x sid="tip_x" type="float">0</tip_x>
                            <tip_y sid="tip_y" type="float">0.7273254</tip_y>
                            <tip_z sid="tip_z" type="float">-4.76837e-6</tip_z>
                          </technique>
                        </extra>
                      </node>
                      <extra>
                        <technique profile="blender">
                          <layer sid="layer" type="string">0</layer>
                          <roll sid="roll" type="float">0</roll>
                          <tip_x sid="tip_x" type="float">0</tip_x>
                          <tip_y sid="tip_y" type="float">0.7273254</tip_y>
                          <tip_z sid="tip_z" type="float">-4.76837e-6</tip_z>
                        </technique>
                      </extra>
                    </node>
                    <node id="peach_skeleton_ske_l_arm_child1" name="ske_l_arm_child1" sid="ske_l_arm_child1" type="JOINT">
                      <matrix sid="transform">1 3.65997e-9 -1.39625e-7 16.61651 -3.68885e-8 1 -6.22824e-6 0.06256866 1.41003e-7 6.22871e-6 1 0.0222888 0 0 0 1</matrix>
                      <extra>
                        <technique profile="blender">
                          <layer sid="layer" type="string">0</layer>
                          <roll sid="roll" type="float">-2.1564e-7</roll>
                          <tip_x sid="tip_x" type="float">0</tip_x>
                          <tip_y sid="tip_y" type="float">0.7273254</tip_y>
                          <tip_z sid="tip_z" type="float">-2.38419e-7</tip_z>
                        </technique>
                      </extra>
                    </node>
                    <extra>
                      <technique profile="blender">
                        <layer sid="layer" type="string">0</layer>
                        <roll sid="roll" type="float">0</roll>
                        <tip_x sid="tip_x" type="float">0</tip_x>
                        <tip_y sid="tip_y" type="float">0.7273254</tip_y>
                        <tip_z sid="tip_z" type="float">-4.76837e-6</tip_z>
                      </technique>
                    </extra>
                  </node>
                  <extra>
                    <technique profile="blender">
                      <layer sid="layer" type="string">0</layer>
                      <roll sid="roll" type="float">0</roll>
                      <tip_x sid="tip_x" type="float">0</tip_x>
                      <tip_y sid="tip_y" type="float">0.7273254</tip_y>
                      <tip_z sid="tip_z" type="float">-4.76837e-6</tip_z>
                    </technique>
                  </extra>
                </node>
                <node id="peach_skeleton_root_neck" name="root_neck" sid="root_neck" type="JOINT">
                  <matrix sid="transform">0.05544937 0.9984615 5.72667e-8 27.51725 -0.9984615 0.05544936 1.14874e-7 0.04492903 1.11522e-7 -6.35481e-8 1 -1.27045e-6 0 0 0 1</matrix>
                  <node id="peach_skeleton_ske_neck" name="ske_neck" sid="ske_neck" type="JOINT">
                    <matrix sid="transform">-0.2399389 -0.9707881 9.651e-8 -5.96046e-8 0.9707881 -0.2399386 -3.52592e-7 0 3.65448e-7 9.0904e-9 1 -1.36424e-12 0 0 0 1</matrix>
                    <node id="peach_skeleton_eff_neck" name="eff_neck" sid="eff_neck" type="JOINT">
                      <matrix sid="transform">0.9999999 -1.49012e-8 7.81597e-14 3.805252 0 0.9999999 8.52651e-14 -3.43323e-5 -1.77636e-13 -1.7053e-13 1 -1.4485e-6 0 0 0 1</matrix>
                      <extra>
                        <technique profile="blender">
                          <layer sid="layer" type="string">0</layer>
                          <roll sid="roll" type="float">1.570795</roll>
                          <tip_x sid="tip_x" type="float">-3.96678e-7</tip_x>
                          <tip_y sid="tip_y" type="float">-0.1745147</tip_y>
                          <tip_z sid="tip_z" type="float">0.7060806</tip_z>
                        </technique>
                      </extra>
                    </node>
                    <node id="peach_skeleton_root_head" name="root_head" sid="root_head" type="JOINT">
                      <matrix sid="transform">-0.2399388 0.970788 3.64954e-7 3.91626 -0.9707879 -0.2399389 9.21236e-9 -0.06419945 9.65099e-8 -3.52083e-7 1 -1.49076e-6 0 0 0 1</matrix>
                      <node id="peach_skeleton_ske_head" name="ske_head" sid="ske_head" type="JOINT">
                        <matrix sid="transform">-0.1703722 -0.9853798 1.48326e-8 0 0.9853798 -0.1703722 -5.58377e-8 0 5.75484e-8 5.10252e-9 1 -3.18323e-12 0 0 0 1</matrix>
                        <node id="peach_skeleton_eff_head" name="eff_head" sid="eff_head" type="JOINT">
                          <matrix sid="transform">1 5.24521e-6 -1.40671e-9 42.47038 -5.26011e-6 0.9999999 -1.53477e-12 1.39236e-4 1.4067e-9 1.53477e-12 1 -2.40678e-6 0 0 0 1</matrix>
                          <extra>
                            <technique profile="blender">
                              <layer sid="layer" type="string">0</layer>
                              <roll sid="roll" type="float">1.570795</roll>
                              <tip_x sid="tip_x" type="float">-3.75978e-7</tip_x>
                              <tip_y sid="tip_y" type="float">-0.1239166</tip_y>
                              <tip_z sid="tip_z" type="float">0.716692</tip_z>
                            </technique>
                          </extra>
                        </node>
                        <node id="peach_skeleton_Rip_Bottom" name="Rip_Bottom" sid="Rip_Bottom" type="JOINT">
                          <matrix sid="transform">3.61519e-7 0.9853795 0.1703732 6.129898 -2.45574e-7 -0.1703732 0.9853796 11.51506 0.9999999 -3.12924e-7 1.7965e-7 -8.23474e-5 0 0 0 1</matrix>
                          <extra>
                            <technique profile="blender">
                              <layer sid="layer" type="string">0</layer>
                              <roll sid="roll" type="float">-2.17828e-7</roll>
                              <tip_x sid="tip_x" type="float">2.18987e-7</tip_x>
                              <tip_y sid="tip_y" type="float">0.7273254</tip_y>
                              <tip_z sid="tip_z" type="float">0</tip_z>
                            </technique>
                          </extra>
                        </node>
                        <node id="peach_skeleton_Rip_High" name="Rip_High" sid="Rip_High" type="JOINT">
                          <matrix sid="transform">3.61519e-7 0.9853795 0.1703732 8.282639 -2.45574e-7 -0.1703732 0.9853796 12.68238 0.9999999 -3.12924e-7 1.7965e-7 -8.34694e-5 0 0 0 1</matrix>
                          <extra>
                            <technique profile="blender">
                              <layer sid="layer" type="string">0</layer>
                              <roll sid="roll" type="float">-2.17828e-7</roll>
                              <tip_x sid="tip_x" type="float">2.18987e-7</tip_x>
                              <tip_y sid="tip_y" type="float">0.7273254</tip_y>
                              <tip_z sid="tip_z" type="float">0</tip_z>
                            </technique>
                          </extra>
                        </node>
                        <node id="peach_skeleton_root_eye_nvisib" name="root_eye_nvisib" sid="root_eye_nvisib" type="JOINT">
                          <matrix sid="transform">3.69896e-7 0.985379 0.1703759 -135.3882 -2.81446e-7 -0.1703759 0.9853791 22.20399 0.9999999 -2.83122e-7 2.17944e-7 4.6723e-6 0 0 0 1</matrix>
                          <node id="peach_skeleton_frame1" name="frame1" sid="frame1" type="JOINT">
                            <matrix sid="transform">1 1.59202e-9 -3.30545e-8 -1.1579e-9 -1.59209e-9 1 -2.45869e-6 -1.78814e-6 3.30545e-8 2.45869e-6 1 -1.78827e-6 0 0 0 1</matrix>
                            <extra>
                              <technique profile="blender">
                                <layer sid="layer" type="string">0</layer>
                                <roll sid="roll" type="float">-2.33402e-7</roll>
                                <tip_x sid="tip_x" type="float">2.42437e-7</tip_x>
                                <tip_y sid="tip_y" type="float">0.727326</tip_y>
                                <tip_z sid="tip_z" type="float">0</tip_z>
                              </technique>
                            </extra>
                          </node>
                          <node id="peach_skeleton_frame2" name="frame2" sid="frame2" type="JOINT">
                            <matrix sid="transform">1 1.59202e-9 -3.30545e-8 -1.1579e-9 -1.59209e-9 1 -2.45869e-6 -1.78814e-6 3.30545e-8 2.45869e-6 1 -1.78827e-6 0 0 0 1</matrix>
                            <extra>
                              <technique profile="blender">
                                <layer sid="layer" type="string">0</layer>
                                <roll sid="roll" type="float">-2.33402e-7</roll>
                                <tip_x sid="tip_x" type="float">2.42437e-7</tip_x>
                                <tip_y sid="tip_y" type="float">0.727326</tip_y>
                                <tip_z sid="tip_z" type="float">0</tip_z>
                              </technique>
                            </extra>
                          </node>
                          <node id="peach_skeleton_frame3" name="frame3" sid="frame3" type="JOINT">
                            <matrix sid="transform">1 1.59202e-9 -3.30545e-8 -1.1579e-9 -1.59209e-9 1 -2.45869e-6 -1.78814e-6 3.30545e-8 2.45869e-6 1 -1.78827e-6 0 0 0 1</matrix>
                            <extra>
                              <technique profile="blender">
                                <layer sid="layer" type="string">0</layer>
                                <roll sid="roll" type="float">-2.33402e-7</roll>
                                <tip_x sid="tip_x" type="float">2.42437e-7</tip_x>
                                <tip_y sid="tip_y" type="float">0.727326</tip_y>
                                <tip_z sid="tip_z" type="float">0</tip_z>
                              </technique>
                            </extra>
                          </node>
                          <extra>
                            <technique profile="blender">
                              <layer sid="layer" type="string">0</layer>
                              <roll sid="roll" type="float">-2.33402e-7</roll>
                              <tip_x sid="tip_x" type="float">2.42437e-7</tip_x>
                              <tip_y sid="tip_y" type="float">0.727326</tip_y>
                              <tip_z sid="tip_z" type="float">0</tip_z>
                            </technique>
                          </extra>
                        </node>
                        <node id="peach_skeleton_root_hair1" name="root_hair1" sid="root_hair1" type="JOINT">
                          <matrix sid="transform">-0.170373 0.9853796 6.25085e-7 13.9557 -0.9853796 -0.1703729 -9.30251e-8 -17.83417 1.48326e-8 -6.31795e-7 1 -8.97908e-5 0 0 0 1</matrix>
                          <node id="peach_skeleton_ske_hair1" name="ske_hair1" sid="ske_hair1" type="JOINT">
                            <matrix sid="transform">0.1392185 0.9902617 -1.2124e-7 -1.90735e-6 -0.9902617 0.1392185 5.26761e-7 0 5.3851e-7 4.67248e-8 1 3.63798e-12 0 0 0 1</matrix>
                            <node id="peach_skeleton_eff_hair1" name="eff_hair1" sid="eff_hair1" type="JOINT">
                              <matrix sid="transform">1 -1.49012e-8 8.52651e-14 21.35612 1.49012e-8 1 0 -3.8147e-6 -1.63425e-13 0 1 -1.09874e-5 0 0 0 1</matrix>
                              <extra>
                                <technique profile="blender">
                                  <layer sid="layer" type="string">0</layer>
                                  <roll sid="roll" type="float">1.570795</roll>
                                  <tip_x sid="tip_x" type="float">3.44225e-7</tip_x>
                                  <tip_y sid="tip_y" type="float">0.1012573</tip_y>
                                  <tip_z sid="tip_z" type="float">-0.7202435</tip_z>
                                </technique>
                              </extra>
                            </node>
                            <node id="peach_skeleton_root_hair2" name="root_hair2" sid="root_hair2" type="JOINT">
                              <matrix sid="transform">0.1747688 -0.9846095 5.02401e-7 21.97093 0.9846095 0.1747687 -6.80682e-8 0.09037781 -2.07833e-8 5.06565e-7 1 -1.13037e-5 0 0 0 1</matrix>
                              <node id="peach_skeleton_ske_hair2" name="ske_hair2" sid="ske_hair2" type="JOINT">
                                <matrix sid="transform">0.207925 0.978138 0.003629407 -9.53674e-7 -0.977989 0.2079565 -0.01707084 0 -0.01745239 -6.8917e-8 0.9998477 -4.54747e-13 0 0 0 1</matrix>
                                <node id="peach_skeleton_eff_hair2" name="eff_hair2" sid="eff_hair2" type="JOINT">
                                  <matrix sid="transform">0.9999999 0 -1.60071e-8 16.661 -1.49012e-8 0.9999999 0 -7.62939e-6 1.46683e-8 2.32831e-10 1 -2.38419e-7 0 0 0 1</matrix>
                                  <extra>
                                    <technique profile="blender">
                                      <layer sid="layer" type="string">0</layer>
                                      <roll sid="roll" type="float">1.588249</roll>
                                      <tip_x sid="tip_x" type="float">3.27826e-7</tip_x>
                                      <tip_y sid="tip_y" type="float">0.1255493</tip_y>
                                      <tip_z sid="tip_z" type="float">-0.7164078</tip_z>
                                    </technique>
                                  </extra>
                                </node>
                                <node id="peach_skeleton_root_hair3" name="root_hair3" sid="root_hair3" type="JOINT">
                                  <matrix sid="transform">0.213567 -0.9769284 6.88713e-7 18.09645 0.9769284 0.213567 -1.41794e-7 0.2072868 -8.84756e-9 7.04269e-7 1 -2.38419e-7 0 0 0 1</matrix>
                                  <node id="peach_skeleton_ske_hair3" name="ske_hair3" sid="ske_hair3" type="JOINT">
                                    <matrix sid="transform">0.2753059 0.9612485 0.01442822 -1.90735e-6 -0.9599311 0.2756836 -0.05030778 7.62939e-6 -0.05233589 -7.05477e-8 0.9986296 -2.38419e-7 0 0 0 1</matrix>
                                    <node id="peach_skeleton_eff_hair3" name="eff_hair3" sid="eff_hair3" type="JOINT">
                                      <matrix sid="transform">1 -2.98023e-8 2.14204e-8 22.76957 4.47035e-8 1 -2.35625e-7 -5.34058e-5 -1.44355e-8 2.34693e-7 1 -1.90735e-6 0 0 0 1</matrix>
                                      <extra>
                                        <technique profile="blender">
                                          <layer sid="layer" type="string">0</layer>
                                          <roll sid="roll" type="float">1.639694</roll>
                                          <tip_x sid="tip_x" type="float">8.13246e-4</tip_x>
                                          <tip_y sid="tip_y" type="float">0.1711578</tip_y>
                                          <tip_z sid="tip_z" type="float">-0.7068997</tip_z>
                                        </technique>
                                      </extra>
                                    </node>
                                    <extra>
                                      <technique profile="blender">
                                        <layer sid="layer" type="string">0</layer>
                                        <roll sid="roll" type="float">1.639694</roll>
                                        <tip_x sid="tip_x" type="float">8.13216e-4</tip_x>
                                        <tip_y sid="tip_y" type="float">0.1711578</tip_y>
                                        <tip_z sid="tip_z" type="float">-0.7068997</tip_z>
                                      </technique>
                                    </extra>
                                  </node>
                                  <extra>
                                    <technique profile="blender">
                                      <layer sid="layer" type="string">0</layer>
                                      <roll sid="roll" type="float">1.574167</roll>
                                      <tip_x sid="tip_x" type="float">0.01240116</tip_x>
                                      <tip_y sid="tip_y" type="float">0.7265854</tip_y>
                                      <tip_z sid="tip_z" type="float">-0.03036689</tip_z>
                                    </technique>
                                  </extra>
                                </node>
                                <extra>
                                  <technique profile="blender">
                                    <layer sid="layer" type="string">0</layer>
                                    <roll sid="roll" type="float">1.588249</roll>
                                    <tip_x sid="tip_x" type="float">3.40591e-7</tip_x>
                                    <tip_y sid="tip_y" type="float">0.1255493</tip_y>
                                    <tip_z sid="tip_z" type="float">-0.7164078</tip_z>
                                  </technique>
                                </extra>
                              </node>
                              <extra>
                                <technique profile="blender">
                                  <layer sid="layer" type="string">0</layer>
                                  <roll sid="roll" type="float">1.570796</roll>
                                  <tip_x sid="tip_x" type="float">0</tip_x>
                                  <tip_y sid="tip_y" type="float">0.7268524</tip_y>
                                  <tip_z sid="tip_z" type="float">-0.02617645</tip_z>
                                </technique>
                              </extra>
                            </node>
                            <extra>
                              <technique profile="blender">
                                <layer sid="layer" type="string">0</layer>
                                <roll sid="roll" type="float">1.570795</roll>
                                <tip_x sid="tip_x" type="float">3.44225e-7</tip_x>
                                <tip_y sid="tip_y" type="float">0.1012573</tip_y>
                                <tip_z sid="tip_z" type="float">-0.7202435</tip_z>
                              </technique>
                            </extra>
                          </node>
                          <extra>
                            <technique profile="blender">
                              <layer sid="layer" type="string">0</layer>
                              <roll sid="roll" type="float">1.570796</roll>
                              <tip_x sid="tip_x" type="float">0</tip_x>
                              <tip_y sid="tip_y" type="float">0.7273254</tip_y>
                              <tip_z sid="tip_z" type="float">0</tip_z>
                            </technique>
                          </extra>
                        </node>
                        <node id="peach_skeleton_root_jaw" name="root_jaw" sid="root_jaw" type="JOINT">
                          <matrix sid="transform">-0.1703719 0.9853798 5.75486e-8 5.030396 -0.9853798 -0.170372 5.10252e-9 4.440392 1.48326e-8 -5.58379e-8 1 -2.85086e-7 0 0 0 1</matrix>
                          <node id="peach_skeleton_ske_jaw" name="ske_jaw" sid="ske_jaw" type="JOINT">
                            <matrix sid="transform">-0.9565706 0.2915033 -5.22249e-8 0 -0.2915033 -0.9565699 -1.74819e-8 0 -5.50528e-8 -1.49893e-9 1 -2.72848e-12 0 0 0 1</matrix>
                            <node id="peach_skeleton_eff_jaw" name="eff_jaw" sid="eff_jaw" type="JOINT">
                              <matrix sid="transform">1 -6.55651e-7 -6.45176e-9 7.087379 6.25849e-7 1 6.25278e-13 0 6.45173e-9 -5.68434e-13 1 1.77861e-7 0 0 0 1</matrix>
                              <extra>
                                <technique profile="blender">
                                  <layer sid="layer" type="string">0</layer>
                                  <roll sid="roll" type="float">1.5708</roll>
                                  <tip_x sid="tip_x" type="float">-2.98191e-7</tip_x>
                                  <tip_y sid="tip_y" type="float">-0.6957398</tip_y>
                                  <tip_z sid="tip_z" type="float">-0.2120199</tip_z>
                                </technique>
                              </extra>
                            </node>
                            <extra>
                              <technique profile="blender">
                                <layer sid="layer" type="string">0</layer>
                                <roll sid="roll" type="float">1.5708</roll>
                                <tip_x sid="tip_x" type="float">-2.98191e-7</tip_x>
                                <tip_y sid="tip_y" type="float">-0.6957398</tip_y>
                                <tip_z sid="tip_z" type="float">-0.2120194</tip_z>
                              </technique>
                            </extra>
                          </node>
                          <extra>
                            <technique profile="blender">
                              <layer sid="layer" type="string">0</layer>
                              <roll sid="roll" type="float">1.570796</roll>
                              <tip_x sid="tip_x" type="float">4.06588e-7</tip_x>
                              <tip_y sid="tip_y" type="float">0.7273254</tip_y>
                              <tip_z sid="tip_z" type="float">9.53674e-7</tip_z>
                            </technique>
                          </extra>
                        </node>
                        <extra>
                          <technique profile="blender">
                            <layer sid="layer" type="string">0</layer>
                            <roll sid="roll" type="float">1.570795</roll>
                            <tip_x sid="tip_x" type="float">-3.75978e-7</tip_x>
                            <tip_y sid="tip_y" type="float">-0.1239166</tip_y>
                            <tip_z sid="tip_z" type="float">0.7166919</tip_z>
                          </technique>
                        </extra>
                      </node>
                      <extra>
                        <technique profile="blender">
                          <layer sid="layer" type="string">0</layer>
                          <roll sid="roll" type="float">1.570796</roll>
                          <tip_x sid="tip_x" type="float">4.06588e-7</tip_x>
                          <tip_y sid="tip_y" type="float">0.7273254</tip_y>
                          <tip_z sid="tip_z" type="float">8.34465e-7</tip_z>
                        </technique>
                      </extra>
                    </node>
                    <extra>
                      <technique profile="blender">
                        <layer sid="layer" type="string">0</layer>
                        <roll sid="roll" type="float">1.570795</roll>
                        <tip_x sid="tip_x" type="float">-3.96678e-7</tip_x>
                        <tip_y sid="tip_y" type="float">-0.1745147</tip_y>
                        <tip_z sid="tip_z" type="float">0.7060806</tip_z>
                      </technique>
                    </extra>
                  </node>
                  <extra>
                    <technique profile="blender">
                      <layer sid="layer" type="string">0</layer>
                      <roll sid="roll" type="float">1.570796</roll>
                      <tip_x sid="tip_x" type="float">4.06217e-7</tip_x>
                      <tip_y sid="tip_y" type="float">0.7273254</tip_y>
                      <tip_z sid="tip_z" type="float">8.64267e-7</tip_z>
                    </technique>
                  </extra>
                </node>
                <node id="peach_skeleton_root_R_arm1" name="root_R_arm1" sid="root_R_arm1" type="JOINT">
                  <matrix sid="transform">1.33567e-6 0.9984621 0.05543581 21.28123 4.68907e-8 0.0554358 -0.9984621 -2.624708 -0.9999999 1.30758e-6 2.71655e-8 -15.0001 0 0 0 1</matrix>
                  <node id="peach_skeleton_ske_R_arm1" name="ske_R_arm1" sid="ske_R_arm1" type="JOINT">
                    <matrix sid="transform">1 6.18562e-7 -4.0645e-8 -9.53674e-7 -5.52673e-7 0.9999999 1.75968e-7 -1.52588e-5 4.66134e-8 -1.75964e-7 1 2.38419e-7 0 0 0 1</matrix>
                    <node id="peach_skeleton_eff_R_arm1" name="eff_R_arm1" sid="eff_R_arm1" type="JOINT">
                      <matrix sid="transform">1 2.62258e-6 -8.01492e-12 19.04 -2.22886e-6 0.9999999 8.78572e-10 0 1.98111e-9 -1.7526e-9 1 1.90735e-6 0 0 0 1</matrix>
                      <extra>
                        <technique profile="blender">
                          <layer sid="layer" type="string">0</layer>
                          <roll sid="roll" type="float">3.141592</roll>
                          <tip_x sid="tip_x" type="float">0</tip_x>
                          <tip_y sid="tip_y" type="float">0.7273254</tip_y>
                          <tip_z sid="tip_z" type="float">-8.82149e-6</tip_z>
                        </technique>
                      </extra>
                    </node>
                    <node id="peach_skeleton_root_R_arm2" name="root_R_arm2" sid="root_R_arm2" type="JOINT">
                      <matrix sid="transform">1 2.62258e-6 7.44649e-12 18.99995 -2.22886e-6 0.9999999 1.18017e-5 -7.62939e-6 1.99657e-9 -1.18026e-5 1 1.90735e-6 0 0 0 1</matrix>
                      <node id="peach_skeleton_ske_R_arm2" name="ske_R_arm2" sid="ske_R_arm2" type="JOINT">
                        <matrix sid="transform">0.99995 -1.19212e-6 0.01000036 0 1.1518e-6 1 9.68009e-9 -7.62939e-6 -0.01000036 2.79974e-9 0.99995 0 0 0 0 1</matrix>
                        <node id="peach_skeleton_eff_R_arm2" name="eff_R_arm2" sid="eff_R_arm2" type="JOINT">
                          <matrix sid="transform">1 -3.31628e-9 1.86265e-9 19 4.47297e-7 1 -5.06361e-10 2.28882e-5 4.65661e-9 -3.46205e-10 0.9999999 2.6226e-6 0 0 0 1</matrix>
                          <extra>
                            <technique profile="blender">
                              <layer sid="layer" type="string">0</layer>
                              <roll sid="roll" type="float">-3.131592</roll>
                              <tip_x sid="tip_x" type="float">0</tip_x>
                              <tip_y sid="tip_y" type="float">0.7273254</tip_y>
                              <tip_z sid="tip_z" type="float">-2.38419e-7</tip_z>
                            </technique>
                          </extra>
                        </node>
                        <node id="peach_skeleton_root_R_hand" name="root_R_hand" sid="root_R_hand" type="JOINT">
                          <matrix sid="transform">0.9999501 -3.31628e-9 -0.009999583 19.19638 4.57103e-7 1 9.78377e-7 0.2091446 0.009999588 -9.83751e-7 0.9999499 0.1928167 0 0 0 1</matrix>
                          <node id="peach_skeleton_ske_R_hand" name="ske_R_hand" sid="ske_R_hand" type="JOINT">
                            <matrix sid="transform">0.9990236 -0.04417716 -7.48778e-9 0 0.04417692 0.9990238 1.92556e-8 -7.62939e-6 3.78253e-9 -2.02473e-8 1 -2.38419e-7 0 0 0 1</matrix>
                            <node id="peach_skeleton_eff3_001" name="eff3.001" sid="eff3_001" type="JOINT">
                              <matrix sid="transform">1 -2.60768e-8 2.84217e-14 9.458893 1.82539e-7 1 -1.01127e-9 -1.52588e-5 2.2076e-9 1.3427e-9 1 -2.38419e-7 0 0 0 1</matrix>
                              <extra>
                                <technique profile="blender">
                                  <layer sid="layer" type="string">0</layer>
                                  <roll sid="roll" type="float">-3.141592</roll>
                                  <tip_x sid="tip_x" type="float">0.03213119</tip_x>
                                  <tip_y sid="tip_y" type="float">0.7266159</tip_y>
                                  <tip_z sid="tip_z" type="float">4.76837e-7</tip_z>
                                </technique>
                              </extra>
                            </node>
                            <node id="peach_skeleton_itemhook-r" name="itemhook-r" sid="itemhook-r" type="JOINT">
                              <matrix sid="transform">-0.9990238 0.04417717 -1.28703e-7 4.659069 0.04417701 0.9990239 1.00875e-6 -0.2060089 1.7095e-7 1.00251e-6 -1 2.38419e-6 0 0 0 1</matrix>
                              <extra>
                                <technique profile="blender">
                                  <layer sid="layer" type="string">0</layer>
                                  <roll sid="roll" type="float">6.12688e-7</roll>
                                  <tip_x sid="tip_x" type="float">0</tip_x>
                                  <tip_y sid="tip_y" type="float">0.7273254</tip_y>
                                  <tip_z sid="tip_z" type="float">-2.38419e-7</tip_z>
                                </technique>
                              </extra>
                            </node>
                            <node id="peach_skeleton_root_R_middle" name="root_R_middle" sid="root_R_middle" type="JOINT">
                              <matrix sid="transform">0.9990238 0.04417716 -3.10412e-7 10.40224 -0.04417701 0.9990237 -3.34903e-7 1.117073 2.97504e-7 3.48718e-7 1 0.09378982 0 0 0 1</matrix>
                              <node id="peach_skeleton_ske_R_middle1" name="ske_R_middle1" sid="ske_R_middle1" type="JOINT">
                                <matrix sid="transform">0.9980287 -0.06275975 1.23011e-9 0 0.06275971 0.9980287 7.95194e-9 -1.52588e-5 -3.43913e-9 -7.34724e-9 1 -2.38419e-7 0 0 0 1</matrix>
                                <node id="peach_skeleton_ske_R_middle2" name="ske_R_middle2" sid="ske_R_middle2" type="JOINT">
                                  <matrix sid="transform">0.993854 0.1106976 -2.95683e-9 3.994064 -0.1106976 0.9938541 -9.08273e-9 -7.62939e-6 -9.13587e-10 9.11893e-9 1 -4.76837e-7 0 0 0 1</matrix>
                                  <node id="peach_skeleton_eff_R_middle" name="eff_R_middle" sid="eff_R_middle" type="JOINT">
                                    <matrix sid="transform">1 -2.6077e-8 1.42109e-14 6.15823 -1.19209e-7 0.9999999 -1.05047e-10 -1.52588e-5 6.39091e-10 -2.52669e-11 1 -2.38419e-7 0 0 0 1</matrix>
                                    <extra>
                                      <technique profile="blender">
                                        <layer sid="layer" type="string">0</layer>
                                        <roll sid="roll" type="float">3.141593</roll>
                                        <tip_x sid="tip_x" type="float">-0.0349884</tip_x>
                                        <tip_y sid="tip_y" type="float">0.7264862</tip_y>
                                        <tip_z sid="tip_z" type="float">2.38419e-7</tip_z>
                                      </technique>
                                    </extra>
                                  </node>
                                  <extra>
                                    <technique profile="blender">
                                      <layer sid="layer" type="string">0</layer>
                                      <roll sid="roll" type="float">3.141593</roll>
                                      <tip_x sid="tip_x" type="float">-0.0349884</tip_x>
                                      <tip_y sid="tip_y" type="float">0.7264862</tip_y>
                                      <tip_z sid="tip_z" type="float">2.38419e-7</tip_z>
                                    </technique>
                                  </extra>
                                </node>
                                <extra>
                                  <technique profile="blender">
                                    <layer sid="layer" type="string">0</layer>
                                    <roll sid="roll" type="float">3.141593</roll>
                                    <tip_x sid="tip_x" type="float">0.04564666</tip_x>
                                    <tip_y sid="tip_y" type="float">0.7258911</tip_y>
                                    <tip_z sid="tip_z" type="float">2.38419e-7</tip_z>
                                  </technique>
                                </extra>
                              </node>
                              <extra>
                                <technique profile="blender">
                                  <layer sid="layer" type="string">0</layer>
                                  <roll sid="roll" type="float">3.141593</roll>
                                  <tip_x sid="tip_x" type="float">0</tip_x>
                                  <tip_y sid="tip_y" type="float">0.7273254</tip_y>
                                  <tip_z sid="tip_z" type="float">2.38419e-7</tip_z>
                                </technique>
                              </extra>
                            </node>
                            <node id="peach_skeleton_root_R_thumb" name="root_R_thumb" sid="root_R_thumb" type="JOINT">
                              <matrix sid="transform">0.9990239 5.68434e-14 -0.04417552 6.69883 -0.04417537 -3.27802e-7 -0.9990237 -1.742188 -1.229e-8 0.9999999 -2.38527e-7 -6.326822 0 0 0 1</matrix>
                              <node id="peach_skeleton_ske_R_thumb1" name="ske_R_thumb1" sid="ske_R_thumb1" type="JOINT">
                                <matrix sid="transform">0.7069702 0.7072433 -9.42951e-7 -1.90735e-5 -0.7072433 0.7069703 -8.49857e-7 0 9.24586e-8 1.29445e-6 1 4.57764e-5 0 0 0 1</matrix>
                                <node id="peach_skeleton_ske_R_thumb2" name="ske_R_thumb2" sid="ske_R_thumb2" type="JOINT">
                                  <matrix sid="transform">0.9689119 -0.2474063 1.18338e-6 2.79723 0.2474063 0.9689118 5.13103e-7 3.8147e-6 -1.2628e-6 -2.06855e-7 0.9999999 7.62939e-6 0 0 0 1</matrix>
                                  <node id="peach_skeleton_eff_r_thumb" name="eff_r_thumb" sid="eff_r_thumb" type="JOINT">
                                    <matrix sid="transform">0.9999999 6.85453e-7 3.63043e-7 2.299595 -6.55651e-7 0.9999999 -3.46094e-8 3.8147e-6 -3.33535e-7 7.82983e-8 0.9999999 -7.62939e-6 0 0 0 1</matrix>
                                    <extra>
                                      <technique profile="blender">
                                        <layer sid="layer" type="string">0</layer>
                                        <roll sid="roll" type="float">-2.606001</roll>
                                        <tip_x sid="tip_x" type="float">-0.3711891</tip_x>
                                        <tip_y sid="tip_y" type="float">0</tip_y>
                                        <tip_z sid="tip_z" type="float">-0.6254764</tip_z>
                                      </technique>
                                    </extra>
                                  </node>
                                  <extra>
                                    <technique profile="blender">
                                      <layer sid="layer" type="string">0</layer>
                                      <roll sid="roll" type="float">-2.606001</roll>
                                      <tip_x sid="tip_x" type="float">-0.3711891</tip_x>
                                      <tip_y sid="tip_y" type="float">0</tip_y>
                                      <tip_z sid="tip_z" type="float">-0.6254768</tip_z>
                                    </technique>
                                  </extra>
                                </node>
                                <extra>
                                  <technique profile="blender">
                                    <layer sid="layer" type="string">0</layer>
                                    <roll sid="roll" type="float">-2.356</roll>
                                    <tip_x sid="tip_x" type="float">-0.5143967</tip_x>
                                    <tip_y sid="tip_y" type="float">0</tip_y>
                                    <tip_z sid="tip_z" type="float">-0.5141976</tip_z>
                                  </technique>
                                </extra>
                              </node>
                              <extra>
                                <technique profile="blender">
                                  <layer sid="layer" type="string">0</layer>
                                  <roll sid="roll" type="float">-3.141591</roll>
                                  <tip_x sid="tip_x" type="float">0</tip_x>
                                  <tip_y sid="tip_y" type="float">0</tip_y>
                                  <tip_z sid="tip_z" type="float">-0.7273259</tip_z>
                                </technique>
                              </extra>
                            </node>
                            <extra>
                              <technique profile="blender">
                                <layer sid="layer" type="string">0</layer>
                                <roll sid="roll" type="float">-3.141592</roll>
                                <tip_x sid="tip_x" type="float">0.03213119</tip_x>
                                <tip_y sid="tip_y" type="float">0.7266159</tip_y>
                                <tip_z sid="tip_z" type="float">4.76837e-7</tip_z>
                              </technique>
                            </extra>
                          </node>
                          <extra>
                            <technique profile="blender">
                              <layer sid="layer" type="string">0</layer>
                              <roll sid="roll" type="float">-3.141592</roll>
                              <tip_x sid="tip_x" type="float">0</tip_x>
                              <tip_y sid="tip_y" type="float">0.7273254</tip_y>
                              <tip_z sid="tip_z" type="float">4.76837e-7</tip_z>
                            </technique>
                          </extra>
                        </node>
                        <node id="peach_skeleton_ske_r_arm_child2" name="ske_r_arm_child2" sid="ske_r_arm_child2" type="JOINT">
                          <matrix sid="transform">0.9999501 -3.31627e-9 -0.01000006 17.51703 4.45836e-7 1 -1.48385e-7 -0.02253723 0.01000006 1.43067e-7 0.9999499 0.1528966 0 0 0 1</matrix>
                          <extra>
                            <technique profile="blender">
                              <layer sid="layer" type="string">0</layer>
                              <roll sid="roll" type="float">-3.141593</roll>
                              <tip_x sid="tip_x" type="float">0</tip_x>
                              <tip_y sid="tip_y" type="float">0.7273254</tip_y>
                              <tip_z sid="tip_z" type="float">-3.57628e-7</tip_z>
                            </technique>
                          </extra>
                        </node>
                        <extra>
                          <technique profile="blender">
                            <layer sid="layer" type="string">0</layer>
                            <roll sid="roll" type="float">-3.131592</roll>
                            <tip_x sid="tip_x" type="float">0</tip_x>
                            <tip_y sid="tip_y" type="float">0.7273254</tip_y>
                            <tip_z sid="tip_z" type="float">-2.38419e-7</tip_z>
                          </technique>
                        </extra>
                      </node>
                      <extra>
                        <technique profile="blender">
                          <layer sid="layer" type="string">0</layer>
                          <roll sid="roll" type="float">3.141592</roll>
                          <tip_x sid="tip_x" type="float">0</tip_x>
                          <tip_y sid="tip_y" type="float">0.7273254</tip_y>
                          <tip_z sid="tip_z" type="float">-2.38419e-7</tip_z>
                        </technique>
                      </extra>
                    </node>
                    <node id="peach_skeleton_ske_r_arm_child1" name="ske_r_arm_child1" sid="ske_r_arm_child1" type="JOINT">
                      <matrix sid="transform">1 1.64128e-10 -4.7683e-7 16.61651 3.93556e-7 0.9999999 1.1637e-5 0.06253052 4.78803e-7 -1.16378e-5 1 -0.02228343 0 0 0 1</matrix>
                      <extra>
                        <technique profile="blender">
                          <layer sid="layer" type="string">0</layer>
                          <roll sid="roll" type="float">3.141592</roll>
                          <tip_x sid="tip_x" type="float">0</tip_x>
                          <tip_y sid="tip_y" type="float">0.7273254</tip_y>
                          <tip_z sid="tip_z" type="float">-3.57628e-7</tip_z>
                        </technique>
                      </extra>
                    </node>
                    <extra>
                      <technique profile="blender">
                        <layer sid="layer" type="string">0</layer>
                        <roll sid="roll" type="float">3.141592</roll>
                        <tip_x sid="tip_x" type="float">9.53674e-7</tip_x>
                        <tip_y sid="tip_y" type="float">0.7273254</tip_y>
                        <tip_z sid="tip_z" type="float">-8.82149e-6</tip_z>
                      </technique>
                    </extra>
                  </node>
                  <extra>
                    <technique profile="blender">
                      <layer sid="layer" type="string">0</layer>
                      <roll sid="roll" type="float">3.141592</roll>
                      <tip_x sid="tip_x" type="float">9.53674e-7</tip_x>
                      <tip_y sid="tip_y" type="float">0.7273254</tip_y>
                      <tip_z sid="tip_z" type="float">-8.82149e-6</tip_z>
                    </technique>
                  </extra>
                </node>
                <extra>
                  <technique profile="blender">
                    <layer sid="layer" type="string">0</layer>
                    <roll sid="roll" type="float">1.570795</roll>
                    <tip_x sid="tip_x" type="float">-2.08463e-7</tip_x>
                    <tip_y sid="tip_y" type="float">0.04032897</tip_y>
                    <tip_z sid="tip_z" type="float">0.7262071</tip_z>
                  </technique>
                </extra>
              </node>
              <extra>
                <technique profile="blender">
                  <layer sid="layer" type="string">0</layer>
                  <roll sid="roll" type="float">1.570796</roll>
                  <tip_x sid="tip_x" type="float">4.18913e-7</tip_x>
                  <tip_y sid="tip_y" type="float">0.7273254</tip_y>
                  <tip_z sid="tip_z" type="float">8.34465e-7</tip_z>
                </technique>
              </extra>
            </node>
            <node id="peach_skeleton_root_L_Dress" name="root_L_Dress" sid="root_L_Dress" type="JOINT">
              <matrix sid="transform">1 -5.75964e-7 -5.23605e-8 -6.2e-5 5.75964e-7 1 9.83405e-7 0.8190155 5.23599e-8 -9.83427e-7 1 -1.596189 0 0 0 1</matrix>
              <node id="peach_skeleton_L_Cloth" name="L_Cloth" sid="L_Cloth" type="JOINT">
                <matrix sid="transform">1 2.45937e-16 3.55271e-15 28.18781 0 0.9999999 0 -20.82241 -3.55266e-15 0 1 -9.479031 0 0 0 1</matrix>
                <extra>
                  <technique profile="blender">
                    <layer sid="layer" type="string">0</layer>
                    <roll sid="roll" type="float">0</roll>
                    <tip_x sid="tip_x" type="float">0</tip_x>
                    <tip_y sid="tip_y" type="float">0.7273254</tip_y>
                    <tip_z sid="tip_z" type="float">0</tip_z>
                  </technique>
                </extra>
              </node>
              <extra>
                <technique profile="blender">
                  <layer sid="layer" type="string">0</layer>
                  <roll sid="roll" type="float">0</roll>
                  <tip_x sid="tip_x" type="float">0</tip_x>
                  <tip_y sid="tip_y" type="float">0.7273254</tip_y>
                  <tip_z sid="tip_z" type="float">0</tip_z>
                </technique>
              </extra>
            </node>
            <node id="peach_skeleton_root_L_foot" name="root_L_foot" sid="root_L_foot" type="JOINT">
              <matrix sid="transform">1.94707e-7 -1.99573e-14 1 4.03131 4.09752e-7 1 -7.69085e-14 -21.58241 -1 4.09731e-7 1.94707e-7 -0.5627271 0 0 0 1</matrix>
              <node id="peach_skeleton_ske_L_foot1" name="ske_L_foot1" sid="ske_L_foot1" type="JOINT">
                <matrix sid="transform">-0.04163492 0.9991329 1.81875e-7 0 -0.9991329 -0.04163488 7.90099e-7 0 1.37363e-6 -1.18123e-7 1 0 0 0 0 1</matrix>
                <node id="peach_skeleton_ske_L_foot2" name="ske_L_foot2" sid="ske_L_foot2" type="JOINT">
                  <matrix sid="transform">0.9940825 -0.1086282 -3.1069e-7 30.62398 0.1086282 0.9940826 -6.45425e-8 1.5831e-4 -4.79331e-7 8.71935e-8 1 -4.05312e-5 0 0 0 1</matrix>
                  <node id="peach_skeleton_eff_L_foot" name="eff_L_foot" sid="eff_L_foot" type="JOINT">
                    <matrix sid="transform">0.9999999 0 -3.13612e-7 53.15554 7.45058e-9 0.9999999 -3.20695e-10 1.33395e-4 -4.45147e-11 -3.9492e-11 1 -4.33922e-5 0 0 0 1</matrix>
                    <extra>
                      <technique profile="blender">
                        <layer sid="layer" type="string">0</layer>
                        <roll sid="roll" type="float">1.570796</roll>
                        <tip_x sid="tip_x" type="float">0</tip_x>
                        <tip_y sid="tip_y" type="float">0.0488395</tip_y>
                        <tip_z sid="tip_z" type="float">-0.7256844</tip_z>
                      </technique>
                    </extra>
                  </node>
                  <node id="peach_skeleton_root_L_shoe" name="root_L_shoe" sid="root_L_shoe" type="JOINT">
                    <matrix sid="transform">0.06714253 -0.9977433 6.40873e-7 41.59925 0.9977432 0.06714241 -2.38276e-7 -0.3212079 1.73289e-7 9.6835e-7 1 -3.38554e-5 0 0 0 1</matrix>
                    <node id="peach_skeleton_ske_L_shoe1" name="ske_L_shoe1" sid="ske_L_shoe1" type="JOINT">
                      <matrix sid="transform">-0.5816215 0.8134593 7.10073e-7 1.49012e-7 -0.8134593 -0.5816217 1.421e-6 -2.86102e-6 1.53691e-6 2.23084e-7 1 0 0 0 0 1</matrix>
                      <node id="peach_skeleton_itemhook-fl" name="itemhook-fl" sid="itemhook-fl" type="JOINT">
                        <matrix sid="transform">0.05106559 -0.8110035 0.5828084 7.839566 -0.04572895 -0.5848566 -0.8098467 8.999739 0.9976478 0.014704 -0.06695236 0.5764112 0 0 0 1</matrix>
                        <extra>
                          <technique profile="blender">
                            <layer sid="layer" type="string">0</layer>
                            <roll sid="roll" type="float">-0.06697934</roll>
                            <tip_x sid="tip_x" type="float">0.01069402</tip_x>
                            <tip_y sid="tip_y" type="float">0.7272414</tip_y>
                            <tip_z sid="tip_z" type="float">0.002955436</tip_z>
                          </technique>
                        </extra>
                      </node>
                      <node id="peach_skeleton_ske_L_shoe2" name="ske_L_shoe2" sid="ske_L_shoe2" type="JOINT">
                        <matrix sid="transform">0.7425582 0.6697817 4.78986e-7 11.23804 -0.6697815 0.7425581 1.50753e-6 3.33786e-6 6.57492e-7 -1.34272e-6 0.9999999 -1.7643e-5 0 0 0 1</matrix>
                        <node id="peach_skeleton_eff_L_shoe" name="eff_L_shoe" sid="eff_L_shoe" type="JOINT">
                          <matrix sid="transform">1 6.55651e-7 -7.31814e-8 7.991478 -6.85453e-7 0.9999999 -2.76421e-8 -2.38419e-7 9.26261e-8 4.65677e-8 1 -1.14441e-5 0 0 0 1</matrix>
                          <extra>
                            <technique profile="blender">
                              <layer sid="layer" type="string">0</layer>
                              <roll sid="roll" type="float">1.570801</roll>
                              <tip_x sid="tip_x" type="float">-4.76837e-7</tip_x>
                              <tip_y sid="tip_y" type="float">-0.7103991</tip_y>
                              <tip_z sid="tip_z" type="float">-0.156001</tip_z>
                            </technique>
                          </extra>
                        </node>
                        <extra>
                          <technique profile="blender">
                            <layer sid="layer" type="string">0</layer>
                            <roll sid="roll" type="float">1.570801</roll>
                            <tip_x sid="tip_x" type="float">-4.76837e-7</tip_x>
                            <tip_y sid="tip_y" type="float">-0.7103992</tip_y>
                            <tip_z sid="tip_z" type="float">-0.156001</tip_z>
                          </technique>
                        </extra>
                      </node>
                      <extra>
                        <technique profile="blender">
                          <layer sid="layer" type="string">0</layer>
                          <roll sid="roll" type="float">1.570795</roll>
                          <tip_x sid="tip_x" type="float">0</tip_x>
                          <tip_y sid="tip_y" type="float">-0.4230261</tip_y>
                          <tip_z sid="tip_z" type="float">-0.5916522</tip_z>
                        </technique>
                      </extra>
                    </node>
                    <extra>
                      <technique profile="blender">
                        <layer sid="layer" type="string">0</layer>
                        <roll sid="roll" type="float">1.570796</roll>
                        <tip_x sid="tip_x" type="float">4.76837e-7</tip_x>
                        <tip_y sid="tip_y" type="float">0.7273264</tip_y>
                        <tip_z sid="tip_z" type="float">3.44217e-6</tip_z>
                      </technique>
                    </extra>
                  </node>
                  <extra>
                    <technique profile="blender">
                      <layer sid="layer" type="string">0</layer>
                      <roll sid="roll" type="float">1.570796</roll>
                      <tip_x sid="tip_x" type="float">0</tip_x>
                      <tip_y sid="tip_y" type="float">0.04883956</tip_y>
                      <tip_z sid="tip_z" type="float">-0.7256844</tip_z>
                    </technique>
                  </extra>
                </node>
                <extra>
                  <technique profile="blender">
                    <layer sid="layer" type="string">0</layer>
                    <roll sid="roll" type="float">1.570796</roll>
                    <tip_x sid="tip_x" type="float">0</tip_x>
                    <tip_y sid="tip_y" type="float">-0.03028106</tip_y>
                    <tip_z sid="tip_z" type="float">-0.7266955</tip_z>
                  </technique>
                </extra>
              </node>
              <extra>
                <technique profile="blender">
                  <layer sid="layer" type="string">0</layer>
                  <roll sid="roll" type="float">1.570796</roll>
                  <tip_x sid="tip_x" type="float">4.76837e-7</tip_x>
                  <tip_y sid="tip_y" type="float">0.7273254</tip_y>
                  <tip_z sid="tip_z" type="float">1.07288e-6</tip_z>
                </technique>
              </extra>
            </node>
            <node id="peach_skeleton_root_R_Dress" name="root_R_Dress" sid="root_R_Dress" type="JOINT">
              <matrix sid="transform">1 -5.75964e-7 -5.23605e-8 -6.2e-5 5.75964e-7 1 9.83405e-7 0.8190155 5.23599e-8 -9.83427e-7 1 -1.596189 0 0 0 1</matrix>
              <node id="peach_skeleton_R_Cloth" name="R_Cloth" sid="R_Cloth" type="JOINT">
                <matrix sid="transform">-1 -2.45937e-16 3.55266e-15 -28.18781 0 -0.9999999 0 -20.82241 3.55261e-15 0 1 -9.479031 0 0 0 1</matrix>
                <extra>
                  <technique profile="blender">
                    <layer sid="layer" type="string">0</layer>
                    <roll sid="roll" type="float">0</roll>
                    <tip_x sid="tip_x" type="float">0</tip_x>
                    <tip_y sid="tip_y" type="float">-0.7273254</tip_y>
                    <tip_z sid="tip_z" type="float">0</tip_z>
                  </technique>
                </extra>
              </node>
              <extra>
                <technique profile="blender">
                  <layer sid="layer" type="string">0</layer>
                  <roll sid="roll" type="float">0</roll>
                  <tip_x sid="tip_x" type="float">0</tip_x>
                  <tip_y sid="tip_y" type="float">0.7273254</tip_y>
                  <tip_z sid="tip_z" type="float">0</tip_z>
                </technique>
              </extra>
            </node>
            <node id="peach_skeleton_root_R_foot" name="root_R_foot" sid="root_R_foot" type="JOINT">
              <matrix sid="transform">3.13917e-7 6.55604e-7 1 -4.031343 8.19501e-8 1 -6.55604e-7 -21.58241 -1 8.19289e-8 3.13916e-7 -0.5627283 0 0 0 1</matrix>
              <node id="peach_skeleton_ske_R_foot1" name="ske_R_foot1" sid="ske_R_foot1" type="JOINT">
                <matrix sid="transform">-0.04162419 0.9991334 3.15632e-7 0 -0.9991334 -0.04162406 2.03896e-6 0 2.02991e-6 -2.10253e-7 1 4.76837e-7 0 0 0 1</matrix>
                <node id="peach_skeleton_ske_R_foot2" name="ske_R_foot2" sid="ske_R_foot2" type="JOINT">
                  <matrix sid="transform">0.9940839 -0.1086151 -1.03234e-7 30.62398 0.1086151 0.9940838 -7.00981e-7 1.45912e-4 -6.12717e-7 7.42152e-7 1 -5.96046e-5 0 0 0 1</matrix>
                  <node id="peach_skeleton_eff_R_foot" name="eff_R_foot" sid="eff_R_foot" type="JOINT">
                    <matrix sid="transform">0.9999999 -7.45058e-9 -1.33488e-7 53.15553 7.45058e-9 0.9999998 -9.64633e-10 -4.88758e-6 6.39501e-9 -1.21719e-9 1 -6.34193e-5 0 0 0 1</matrix>
                    <extra>
                      <technique profile="blender">
                        <layer sid="layer" type="string">0</layer>
                        <roll sid="roll" type="float">1.570796</roll>
                        <tip_x sid="tip_x" type="float">4.76837e-7</tip_x>
                        <tip_y sid="tip_y" type="float">0.04883563</tip_y>
                        <tip_z sid="tip_z" type="float">-0.7256847</tip_z>
                      </technique>
                    </extra>
                  </node>
                  <node id="peach_skeleton_root_R_shoe" name="root_R_shoe" sid="root_R_shoe" type="JOINT">
                    <matrix sid="transform">0.06714516 -0.9977432 1.31756e-6 41.59925 0.9977431 0.06714523 1.34362e-7 -0.3213158 -2.33237e-7 1.43222e-6 1 -5.00679e-5 0 0 0 1</matrix>
                    <node id="peach_skeleton_ske_R_shoe1" name="ske_R_shoe1" sid="ske_R_shoe1" type="JOINT">
                      <matrix sid="transform">-0.5816237 0.8134577 2.79508e-6 3.27826e-7 -0.8134577 -0.581624 3.40459e-6 -3.8147e-6 4.47152e-6 -2.41907e-7 0.9999999 4.76837e-7 0 0 0 1</matrix>
                      <node id="peach_skeleton_itemhook-fr" name="itemhook-fr" sid="itemhook-fr" type="JOINT">
                        <matrix sid="transform">4.4893e-6 -0.81346 0.5816206 7.89611 1.74176e-7 -0.5816206 -0.8134601 9.052594 0.9999998 3.53667e-6 -2.4595e-6 0.01004553 0 0 0 1</matrix>
                        <extra>
                          <technique profile="blender">
                            <layer sid="layer" type="string">0</layer>
                            <roll sid="roll" type="float">-1.48906e-7</roll>
                            <tip_x sid="tip_x" type="float">9.53674e-7</tip_x>
                            <tip_y sid="tip_y" type="float">0.727326</tip_y>
                            <tip_z sid="tip_z" type="float">-3.8147e-6</tip_z>
                          </technique>
                        </extra>
                      </node>
                      <node id="peach_skeleton_ske_R_shoe2" name="ske_R_shoe2" sid="ske_R_shoe2" type="JOINT">
                        <matrix sid="transform">0.7425658 0.669773 2.78507e-6 11.23803 -0.669773 0.7425659 1.57722e-6 -7.62939e-6 -9.86143e-7 -2.98192e-6 1 -4.76837e-5 0 0 0 1</matrix>
                        <node id="peach_skeleton_eff_R_shoe" name="eff_R_shoe" sid="eff_R_shoe" type="JOINT">
                          <matrix sid="transform">1 -6.70552e-7 -9.4553e-8 7.99148 6.4075e-7 1 8.60188e-8 4.52995e-6 -5.29683e-8 5.55877e-8 1 -2.00272e-5 0 0 0 1</matrix>
                          <extra>
                            <technique profile="blender">
                              <layer sid="layer" type="string">0</layer>
                              <roll sid="roll" type="float">1.570807</roll>
                              <tip_x sid="tip_x" type="float">-9.53674e-7</tip_x>
                              <tip_y sid="tip_y" type="float">-0.7103984</tip_y>
                              <tip_z sid="tip_z" type="float">-0.1560039</tip_z>
                            </technique>
                          </extra>
                        </node>
                        <extra>
                          <technique profile="blender">
                            <layer sid="layer" type="string">0</layer>
                            <roll sid="roll" type="float">1.570807</roll>
                            <tip_x sid="tip_x" type="float">-9.53674e-7</tip_x>
                            <tip_y sid="tip_y" type="float">-0.7103984</tip_y>
                            <tip_z sid="tip_z" type="float">-0.1560039</tip_z>
                          </technique>
                        </extra>
                      </node>
                      <extra>
                        <technique profile="blender">
                          <layer sid="layer" type="string">0</layer>
                          <roll sid="roll" type="float">1.570794</roll>
                          <tip_x sid="tip_x" type="float">-4.76837e-7</tip_x>
                          <tip_y sid="tip_y" type="float">-0.4230309</tip_y>
                          <tip_z sid="tip_z" type="float">-0.5916484</tip_z>
                        </technique>
                      </extra>
                    </node>
                    <extra>
                      <technique profile="blender">
                        <layer sid="layer" type="string">0</layer>
                        <roll sid="roll" type="float">1.570796</roll>
                        <tip_x sid="tip_x" type="float">9.53674e-7</tip_x>
                        <tip_y sid="tip_y" type="float">0.7273264</tip_y>
                        <tip_z sid="tip_z" type="float">-4.61936e-7</tip_z>
                      </technique>
                    </extra>
                  </node>
                  <extra>
                    <technique profile="blender">
                      <layer sid="layer" type="string">0</layer>
                      <roll sid="roll" type="float">1.570796</roll>
                      <tip_x sid="tip_x" type="float">4.76837e-7</tip_x>
                      <tip_y sid="tip_y" type="float">0.04883575</tip_y>
                      <tip_z sid="tip_z" type="float">-0.7256847</tip_z>
                    </technique>
                  </extra>
                </node>
                <extra>
                  <technique profile="blender">
                    <layer sid="layer" type="string">0</layer>
                    <roll sid="roll" type="float">1.570796</roll>
                    <tip_x sid="tip_x" type="float">0</tip_x>
                    <tip_y sid="tip_y" type="float">-0.03027343</tip_y>
                    <tip_z sid="tip_z" type="float">-0.7266959</tip_z>
                  </technique>
                </extra>
              </node>
              <extra>
                <technique profile="blender">
                  <layer sid="layer" type="string">0</layer>
                  <roll sid="roll" type="float">1.570796</roll>
                  <tip_x sid="tip_x" type="float">9.53674e-7</tip_x>
                  <tip_y sid="tip_y" type="float">0.7273254</tip_y>
                  <tip_z sid="tip_z" type="float">8.34465e-7</tip_z>
                </technique>
              </extra>
            </node>
            <node id="peach_skeleton_root_Skirt" name="root_Skirt" sid="root_Skirt" type="JOINT">
              <matrix sid="transform">1 -5.75974e-7 -6.98138e-8 -6.2e-5 5.75974e-7 1 1.04487e-6 0.5832901 6.98132e-8 -1.04489e-6 1 0.141086 0 0 0 1</matrix>
              <node id="peach_skeleton_Skirt1" name="Skirt1" sid="Skirt1" type="JOINT">
                <matrix sid="transform">1 5.28744e-12 0 -4.81748e-11 -5.28754e-12 1 1.30385e-8 -8.402527 0 -1.39158e-8 1 -1.19209e-7 0 0 0 1</matrix>
                <node id="peach_skeleton_Skirt2" name="Skirt2" sid="Skirt2" type="JOINT">
                  <matrix sid="transform">1 -3.49064e-8 0 -3e-6 3.49064e-8 1 0 -26.91543 0 -8.77321e-10 1 -0.534537 0 0 0 1</matrix>
                  <node id="peach_skeleton_Skirt3" name="Skirt3" sid="Skirt3" type="JOINT">
                    <matrix sid="transform">1 -3.49069e-8 1.77636e-15 -9.99993e-7 3.49069e-8 1 0 -40.00214 -1.77636e-15 -8.77321e-10 1 0.1600152 0 0 0 1</matrix>
                    <node id="peach_skeleton_target1A" name="target1A" sid="target1A" type="JOINT">
                      <matrix sid="transform">1 9.42478e-7 4.38227e-12 10e-6 -9.42478e-7 1 5.24483e-6 -6.86821 5.59552e-13 -5.24571e-6 1 44.88815 0 0 0 1</matrix>
                      <node id="peach_skeleton_target1B" name="target1B" sid="target1B" type="JOINT">
                        <matrix sid="transform">1 1.27268e-12 5.32907e-15 6e-6 -1.28526e-12 1 4.97039e-10 -23.79009 -4.44089e-14 -7.67509e-8 1 8.535625 0 0 0 1</matrix>
                        <extra>
                          <technique profile="blender">
                            <layer sid="layer" type="string">0</layer>
                            <roll sid="roll" type="float">0</roll>
                            <tip_x sid="tip_x" type="float">6.34712e-7</tip_x>
                            <tip_y sid="tip_y" type="float">0.727326</tip_y>
                            <tip_z sid="tip_z" type="float">-3.8147e-6</tip_z>
                          </technique>
                        </extra>
                      </node>
                      <extra>
                        <technique profile="blender">
                          <layer sid="layer" type="string">0</layer>
                          <roll sid="roll" type="float">0</roll>
                          <tip_x sid="tip_x" type="float">6.34712e-7</tip_x>
                          <tip_y sid="tip_y" type="float">0.7273254</tip_y>
                          <tip_z sid="tip_z" type="float">-3.8147e-6</tip_z>
                        </technique>
                      </extra>
                    </node>
                    <node id="peach_skeleton_target2A" name="target2A" sid="target2A" type="JOINT">
                      <matrix sid="transform">0.7262126 0 0.6874702 33.76805 -4.996e-16 1 -3.33067e-16 -6.868238 -0.6874702 -8.77321e-10 0.7262126 32.22513 0 0 0 1</matrix>
                      <node id="peach_skeleton_target2B" name="target2B" sid="target2B" type="JOINT">
                        <matrix sid="transform">0.9999999 6.55604e-7 0 0.2642449 -6.28305e-7 1 -1.39877e-8 -23.79007 1.19209e-7 8.52651e-14 1 8.785896 0 0 0 1</matrix>
                        <extra>
                          <technique profile="blender">
                            <layer sid="layer" type="string">0</layer>
                            <roll sid="roll" type="float">0.7579997</roll>
                            <tip_x sid="tip_x" type="float">0</tip_x>
                            <tip_y sid="tip_y" type="float">0.727326</tip_y>
                            <tip_z sid="tip_z" type="float">0</tip_z>
                          </technique>
                        </extra>
                      </node>
                      <extra>
                        <technique profile="blender">
                          <layer sid="layer" type="string">0</layer>
                          <roll sid="roll" type="float">0.7579997</roll>
                          <tip_x sid="tip_x" type="float">0</tip_x>
                          <tip_y sid="tip_y" type="float">0.7273254</tip_y>
                          <tip_z sid="tip_z" type="float">0</tip_z>
                        </technique>
                      </extra>
                    </node>
                    <node id="peach_skeleton_target3A" name="target3A" sid="target3A" type="JOINT">
                      <matrix sid="transform">1.94709e-7 1.04897e-5 1 46.43108 3.278e-7 1 -1.04897e-5 -6.868294 -1 3.26925e-7 1.94705e-7 -1.542921 0 0 0 1</matrix>
                      <node id="peach_skeleton_target3B" name="target3B" sid="target3B" type="JOINT">
                        <matrix sid="transform">1 8.19504e-8 1.73994e-8 0.03328006 -8.19505e-8 1 1.09686e-8 -23.79007 -1.74534e-8 -8.57521e-13 0.9999999 8.568676 0 0 0 1</matrix>
                        <extra>
                          <technique profile="blender">
                            <layer sid="layer" type="string">0</layer>
                            <roll sid="roll" type="float">1.570796</roll>
                            <tip_x sid="tip_x" type="float">7.62939e-6</tip_x>
                            <tip_y sid="tip_y" type="float">0.727326</tip_y>
                            <tip_z sid="tip_z" type="float">1.78814e-7</tip_z>
                          </technique>
                        </extra>
                      </node>
                      <extra>
                        <technique profile="blender">
                          <layer sid="layer" type="string">0</layer>
                          <roll sid="roll" type="float">1.570796</roll>
                          <tip_x sid="tip_x" type="float">7.62939e-6</tip_x>
                          <tip_y sid="tip_y" type="float">0.7273254</tip_y>
                          <tip_z sid="tip_z" type="float">2.08616e-7</tip_z>
                        </technique>
                      </extra>
                    </node>
                    <node id="peach_skeleton_target4A" name="target4A" sid="target4A" type="JOINT">
                      <matrix sid="transform">-0.7441135 0 0.6680532 33.76805 0 0.9999999 2.16493e-15 -6.86834 -0.6680532 -8.77321e-10 -0.7441135 -35.31097 0 0 0 1</matrix>
                      <node id="peach_skeleton_target4B" name="target4B" sid="target4B" type="JOINT">
                        <matrix sid="transform">1 3.33067e-15 -5.96046e-8 -0.4519391 9.46038e-9 0.9999999 7.04292e-8 -23.79008 0 5.77316e-15 1 8.825329 0 0 0 1</matrix>
                        <extra>
                          <technique profile="blender">
                            <layer sid="layer" type="string">0</layer>
                            <roll sid="roll" type="float">2.410003</roll>
                            <tip_x sid="tip_x" type="float">0</tip_x>
                            <tip_y sid="tip_y" type="float">0.727326</tip_y>
                            <tip_z sid="tip_z" type="float">0</tip_z>
                          </technique>
                        </extra>
                      </node>
                      <extra>
                        <technique profile="blender">
                          <layer sid="layer" type="string">0</layer>
                          <roll sid="roll" type="float">2.410003</roll>
                          <tip_x sid="tip_x" type="float">0</tip_x>
                          <tip_y sid="tip_y" type="float">0.7273254</tip_y>
                          <tip_z sid="tip_z" type="float">0</tip_z>
                        </technique>
                      </extra>
                    </node>
                    <node id="peach_skeleton_target5A" name="target5A" sid="target5A" type="JOINT">
                      <matrix sid="transform">-1 9.25024e-7 -3.89417e-7 1.8e-5 9.25026e-7 1 -5.24483e-6 -6.86837 3.89412e-7 -5.24571e-6 -1 -47.974 0 0 0 1</matrix>
                      <node id="peach_skeleton_target5B" name="target5B" sid="target5B" type="JOINT">
                        <matrix sid="transform">1 -2.17856e-12 1.7454e-8 1.45316e-6 2.10702e-12 0.9999999 -4.97039e-10 -23.79007 -1.74541e-8 3.65062e-8 1 8.601795 0 0 0 1</matrix>
                        <extra>
                          <technique profile="blender">
                            <layer sid="layer" type="string">0</layer>
                            <roll sid="roll" type="float">-3.141592</roll>
                            <tip_x sid="tip_x" type="float">6.22016e-7</tip_x>
                            <tip_y sid="tip_y" type="float">0.727326</tip_y>
                            <tip_z sid="tip_z" type="float">-3.8147e-6</tip_z>
                          </technique>
                        </extra>
                      </node>
                      <extra>
                        <technique profile="blender">
                          <layer sid="layer" type="string">0</layer>
                          <roll sid="roll" type="float">-3.141592</roll>
                          <tip_x sid="tip_x" type="float">6.22016e-7</tip_x>
                          <tip_y sid="tip_y" type="float">0.7273254</tip_y>
                          <tip_z sid="tip_z" type="float">-3.8147e-6</tip_z>
                        </technique>
                      </extra>
                    </node>
                    <node id="peach_skeleton_target6A" name="target6A" sid="target6A" type="JOINT">
                      <matrix sid="transform">-0.7063923 0 -0.7078205 -33.76805 -9.4369e-16 1 1.9984e-15 -6.868334 0.7078205 -8.77321e-10 -0.7063923 -35.31098 0 0 0 1</matrix>
                      <node id="peach_skeleton_target6B" name="target6B" sid="target6B" type="JOINT">
                        <matrix sid="transform">1 -6.55602e-7 -5.96046e-8 -0.03241451 6.91159e-7 1 1.3034e-6 -23.79009 -8.9407e-8 -1.3112e-6 1 8.836773 0 0 0 1</matrix>
                        <extra>
                          <technique profile="blender">
                            <layer sid="layer" type="string">0</layer>
                            <roll sid="roll" type="float">-2.355185</roll>
                            <tip_x sid="tip_x" type="float">0</tip_x>
                            <tip_y sid="tip_y" type="float">0.727326</tip_y>
                            <tip_z sid="tip_z" type="float">0</tip_z>
                          </technique>
                        </extra>
                      </node>
                      <extra>
                        <technique profile="blender">
                          <layer sid="layer" type="string">0</layer>
                          <roll sid="roll" type="float">-2.355185</roll>
                          <tip_x sid="tip_x" type="float">0</tip_x>
                          <tip_y sid="tip_y" type="float">0.7273254</tip_y>
                          <tip_z sid="tip_z" type="float">0</tip_z>
                        </technique>
                      </extra>
                    </node>
                    <node id="peach_skeleton_target7A" name="target7A" sid="target7A" type="JOINT">
                      <matrix sid="transform">1.94707e-7 1.57345e-5 -1 -46.43107 -3.63792e-12 1 1.57345e-5 -6.868271 1 -8.77321e-10 1.94707e-7 -1.54293 0 0 0 1</matrix>
                      <node id="peach_skeleton_target7B" name="target7B" sid="target7B" type="JOINT">
                        <matrix sid="transform">1 6.14628e-8 -1.01686e-7 -0.03332235 -6.14639e-8 1 -1.0501e-5 -23.79011 1.01755e-7 1.04897e-5 1 8.568569 0 0 0 1</matrix>
                        <extra>
                          <technique profile="blender">
                            <layer sid="layer" type="string">0</layer>
                            <roll sid="roll" type="float">-1.570796</roll>
                            <tip_x sid="tip_x" type="float">3.8147e-6</tip_x>
                            <tip_y sid="tip_y" type="float">0.727326</tip_y>
                            <tip_z sid="tip_z" type="float">0</tip_z>
                          </technique>
                        </extra>
                      </node>
                      <extra>
                        <technique profile="blender">
                          <layer sid="layer" type="string">0</layer>
                          <roll sid="roll" type="float">-1.570796</roll>
                          <tip_x sid="tip_x" type="float">1.14441e-5</tip_x>
                          <tip_y sid="tip_y" type="float">0.7273254</tip_y>
                          <tip_z sid="tip_z" type="float">0</tip_z>
                        </technique>
                      </extra>
                    </node>
                    <node id="peach_skeleton_target8A" name="target8A" sid="target8A" type="JOINT">
                      <matrix sid="transform">0.6958565 0 -0.7181808 -33.76805 -2.44249e-15 1 6.66134e-16 -6.868233 0.7181808 -8.77321e-10 0.6958565 32.22512 0 0 0 1</matrix>
                      <node id="peach_skeleton_target8B" name="target8B" sid="target8B" type="JOINT">
                        <matrix sid="transform">1 6.55602e-7 0 0.115253 -6.9001e-7 1 -6.05576e-9 -23.79007 5.96046e-8 2.84217e-14 0.9999999 8.788998 0 0 0 1</matrix>
                        <extra>
                          <technique profile="blender">
                            <layer sid="layer" type="string">0</layer>
                            <roll sid="roll" type="float">-0.8011845</roll>
                            <tip_x sid="tip_x" type="float">0</tip_x>
                            <tip_y sid="tip_y" type="float">0.727326</tip_y>
                            <tip_z sid="tip_z" type="float">0</tip_z>
                          </technique>
                        </extra>
                      </node>
                      <extra>
                        <technique profile="blender">
                          <layer sid="layer" type="string">0</layer>
                          <roll sid="roll" type="float">-0.8011845</roll>
                          <tip_x sid="tip_x" type="float">0</tip_x>
                          <tip_y sid="tip_y" type="float">0.7273254</tip_y>
                          <tip_z sid="tip_z" type="float">0</tip_z>
                        </technique>
                      </extra>
                    </node>
                    <extra>
                      <technique profile="blender">
                        <layer sid="layer" type="string">0</layer>
                        <roll sid="roll" type="float">0</roll>
                        <tip_x sid="tip_x" type="float">0</tip_x>
                        <tip_y sid="tip_y" type="float">0.7273254</tip_y>
                        <tip_z sid="tip_z" type="float">0</tip_z>
                      </technique>
                    </extra>
                  </node>
                  <extra>
                    <technique profile="blender">
                      <layer sid="layer" type="string">0</layer>
                      <roll sid="roll" type="float">0</roll>
                      <tip_x sid="tip_x" type="float">0</tip_x>
                      <tip_y sid="tip_y" type="float">0.7273254</tip_y>
                      <tip_z sid="tip_z" type="float">0</tip_z>
                    </technique>
                  </extra>
                </node>
                <extra>
                  <technique profile="blender">
                    <layer sid="layer" type="string">0</layer>
                    <roll sid="roll" type="float">0</roll>
                    <tip_x sid="tip_x" type="float">0</tip_x>
                    <tip_y sid="tip_y" type="float">0.7273254</tip_y>
                    <tip_z sid="tip_z" type="float">0</tip_z>
                  </technique>
                </extra>
              </node>
              <extra>
                <technique profile="blender">
                  <layer sid="layer" type="string">0</layer>
                  <roll sid="roll" type="float">0</roll>
                  <tip_x sid="tip_x" type="float">0</tip_x>
                  <tip_y sid="tip_y" type="float">0.7273254</tip_y>
                  <tip_z sid="tip_z" type="float">0</tip_z>
                </technique>
              </extra>
            </node>
            <extra>
              <technique profile="blender">
                <layer sid="layer" type="string">0</layer>
                <roll sid="roll" type="float">0</roll>
                <tip_x sid="tip_x" type="float">4.18913e-7</tip_x>
                <tip_y sid="tip_y" type="float">0.7273254</tip_y>
                <tip_z sid="tip_z" type="float">8.34465e-7</tip_z>
              </technique>
            </extra>
          </node>
          <extra>
            <technique profile="blender">
              <layer sid="layer" type="string">0</layer>
              <roll sid="roll" type="float">0</roll>
              <tip_x sid="tip_x" type="float">1.39637e-7</tip_x>
              <tip_y sid="tip_y" type="float">0.727326</tip_y>
              <tip_z sid="tip_z" type="float">2.91967e-7</tip_z>
            </technique>
          </extra>
        </node>
        <node id="peach_skeleton_frame1_001" name="frame1.001" sid="frame1_001" type="JOINT">
          <matrix sid="transform">1 0 0 0 0 1 0 0 0 0 1 0 0 0 0 1</matrix>
          <extra>
            <technique profile="blender">
              <layer sid="layer" type="string">0</layer>
              <tip_x sid="tip_x" type="float">0</tip_x>
              <tip_y sid="tip_y" type="float">0.727326</tip_y>
              <tip_z sid="tip_z" type="float">0</tip_z>
            </technique>
          </extra>
        </node>
        <node id="peach_skeleton_frame2_001" name="frame2.001" sid="frame2_001" type="JOINT">
          <matrix sid="transform">1 0 0 0 0 1 0 0 0 0 1 0 0 0 0 1</matrix>
          <extra>
            <technique profile="blender">
              <layer sid="layer" type="string">0</layer>
              <tip_x sid="tip_x" type="float">0</tip_x>
              <tip_y sid="tip_y" type="float">0.727326</tip_y>
              <tip_z sid="tip_z" type="float">0</tip_z>
            </technique>
          </extra>
        </node>
        <node id="peach_skeleton_frame3_001" name="frame3.001" sid="frame3_001" type="JOINT">
          <matrix sid="transform">1 0 0 0 0 1 0 0 0 0 1 0 0 0 0 1</matrix>
          <extra>
            <technique profile="blender">
              <layer sid="layer" type="string">0</layer>
              <tip_x sid="tip_x" type="float">0</tip_x>
              <tip_y sid="tip_y" type="float">0.727326</tip_y>
              <tip_z sid="tip_z" type="float">0</tip_z>
            </technique>
          </extra>
        </node>
        <node id="peach_skeleton_itemhook-body_001" name="itemhook-body.001" sid="itemhook-body_001" type="JOINT">
          <matrix sid="transform">1 0 0 0 0 1 0 0 0 0 1 0 0 0 0 1</matrix>
          <extra>
            <technique profile="blender">
              <layer sid="layer" type="string">0</layer>
              <tip_x sid="tip_x" type="float">0</tip_x>
              <tip_y sid="tip_y" type="float">0.727326</tip_y>
              <tip_z sid="tip_z" type="float">0</tip_z>
            </technique>
          </extra>
        </node>
        <node id="peach_skeleton_itemhook-fl_001" name="itemhook-fl.001" sid="itemhook-fl_001" type="JOINT">
          <matrix sid="transform">1 0 0 0 0 1 0 0 0 0 1 0 0 0 0 1</matrix>
          <extra>
            <technique profile="blender">
              <layer sid="layer" type="string">0</layer>
              <tip_x sid="tip_x" type="float">0</tip_x>
              <tip_y sid="tip_y" type="float">0.727326</tip_y>
              <tip_z sid="tip_z" type="float">0</tip_z>
            </technique>
          </extra>
        </node>
        <node id="peach_skeleton_itemhook-fr_001" name="itemhook-fr.001" sid="itemhook-fr_001" type="JOINT">
          <matrix sid="transform">1 0 0 0 0 1 0 0 0 0 1 0 0 0 0 1</matrix>
          <extra>
            <technique profile="blender">
              <layer sid="layer" type="string">0</layer>
              <tip_x sid="tip_x" type="float">0</tip_x>
              <tip_y sid="tip_y" type="float">0.727326</tip_y>
              <tip_z sid="tip_z" type="float">0</tip_z>
            </technique>
          </extra>
        </node>
        <node id="peach_skeleton_itemhook-l_001" name="itemhook-l.001" sid="itemhook-l_001" type="JOINT">
          <matrix sid="transform">1 0 0 0 0 1 0 0 0 0 1 0 0 0 0 1</matrix>
          <extra>
            <technique profile="blender">
              <layer sid="layer" type="string">0</layer>
              <tip_x sid="tip_x" type="float">0</tip_x>
              <tip_y sid="tip_y" type="float">0.727326</tip_y>
              <tip_z sid="tip_z" type="float">0</tip_z>
            </technique>
          </extra>
        </node>
        <node id="peach_skeleton_itemhook-r_001" name="itemhook-r.001" sid="itemhook-r_001" type="JOINT">
          <matrix sid="transform">1 0 0 0 0 1 0 0 0 0 1 0 0 0 0 1</matrix>
          <extra>
            <technique profile="blender">
              <layer sid="layer" type="string">0</layer>
              <tip_x sid="tip_x" type="float">0</tip_x>
              <tip_y sid="tip_y" type="float">0.727326</tip_y>
              <tip_z sid="tip_z" type="float">0</tip_z>
            </technique>
          </extra>
        </node>
        <node id="peach_skeleton_obj1_8" name="obj1_8" sid="obj1_8" type="JOINT">
          <matrix sid="transform">1 0 0 0 0 1 0 0 0 0 1 0 0 0 0 1</matrix>
          <extra>
            <technique profile="blender">
              <layer sid="layer" type="string">0</layer>
              <tip_x sid="tip_x" type="float">0</tip_x>
              <tip_y sid="tip_y" type="float">0.727326</tip_y>
              <tip_z sid="tip_z" type="float">0</tip_z>
            </technique>
          </extra>
        </node>
        <node id="peach_skeleton_obj1_9" name="obj1_9" sid="obj1_9" type="JOINT">
          <matrix sid="transform">1 0 0 0 0 1 0 0 0 0 1 0 0 0 0 1</matrix>
          <extra>
            <technique profile="blender">
              <layer sid="layer" type="string">0</layer>
              <tip_x sid="tip_x" type="float">0</tip_x>
              <tip_y sid="tip_y" type="float">0.727326</tip_y>
              <tip_z sid="tip_z" type="float">0</tip_z>
            </technique>
          </extra>
        </node>
        <node id="peach_skeleton_obj2_10" name="obj2_10" sid="obj2_10" type="JOINT">
          <matrix sid="transform">1 0 0 0 0 1 0 0 0 0 1 0 0 0 0 1</matrix>
          <extra>
            <technique profile="blender">
              <layer sid="layer" type="string">0</layer>
              <tip_x sid="tip_x" type="float">0</tip_x>
              <tip_y sid="tip_y" type="float">0.727326</tip_y>
              <tip_z sid="tip_z" type="float">0</tip_z>
            </technique>
          </extra>
        </node>
        <node id="peach_skeleton_obj2_11" name="obj2_11" sid="obj2_11" type="JOINT">
          <matrix sid="transform">1 0 0 0 0 1 0 0 0 0 1 0 0 0 0 1</matrix>
          <extra>
            <technique profile="blender">
              <layer sid="layer" type="string">0</layer>
              <tip_x sid="tip_x" type="float">0</tip_x>
              <tip_y sid="tip_y" type="float">0.727326</tip_y>
              <tip_z sid="tip_z" type="float">0</tip_z>
            </technique>
          </extra>
        </node>
        <node id="peach_skeleton_obj2_12" name="obj2_12" sid="obj2_12" type="JOINT">
          <matrix sid="transform">1 0 0 0 0 1 0 0 0 0 1 0 0 0 0 1</matrix>
          <extra>
            <technique profile="blender">
              <layer sid="layer" type="string">0</layer>
              <tip_x sid="tip_x" type="float">0</tip_x>
              <tip_y sid="tip_y" type="float">0.727326</tip_y>
              <tip_z sid="tip_z" type="float">0</tip_z>
            </technique>
          </extra>
        </node>
      </node>
      <node id="peach" name="peach" type="NODE">
        <translate sid="location">0 0 0</translate>
        <rotate sid="rotationZ">0 0 1 0</rotate>
        <rotate sid="rotationY">0 1 0 0</rotate>
        <rotate sid="rotationX">1 0 0 0</rotate>
        <scale sid="scale">1 1 1</scale>
        <instance_controller url="#peach_skeleton_peach-skin">
          <skeleton>#peach_skeleton_root</skeleton>
          <skeleton>#peach_skeleton_frame1_001</skeleton>
          <skeleton>#peach_skeleton_frame2_001</skeleton>
          <skeleton>#peach_skeleton_frame3_001</skeleton>
          <skeleton>#peach_skeleton_itemhook-body_001</skeleton>
          <skeleton>#peach_skeleton_itemhook-fl_001</skeleton>
          <skeleton>#peach_skeleton_itemhook-fr_001</skeleton>
          <skeleton>#peach_skeleton_itemhook-l_001</skeleton>
          <skeleton>#peach_skeleton_itemhook-r_001</skeleton>
          <skeleton>#peach_skeleton_obj1_8</skeleton>
          <skeleton>#peach_skeleton_obj1_9</skeleton>
          <skeleton>#peach_skeleton_obj2_10</skeleton>
          <skeleton>#peach_skeleton_obj2_11</skeleton>
          <skeleton>#peach_skeleton_obj2_12</skeleton>
          <bind_material>
            <technique_common>
              <instance_material symbol="s3c002m0_eye_png-material" target="#s3c002m0_eye_png-material"/>
              <instance_material symbol="s3c002m0_eye___png-material" target="#s3c002m0_eye___png-material"/>
              <instance_material symbol="c002m1_Skirt_png-material" target="#c002m1_Skirt_png-material"/>
              <instance_material symbol="c002m0_Alfa_png-material" target="#c002m0_Alfa_png-material"/>
              <instance_material symbol="s3c002m0_r_eye_png-material" target="#s3c002m0_r_eye_png-material"/>
              <instance_material symbol="s3c002m0_l_eye_png-material" target="#s3c002m0_l_eye_png-material"/>
              <instance_material symbol="s3c002m0_png-material" target="#s3c002m0_png-material"/>
            </technique_common>
          </bind_material>
        </instance_controller>
      </node>
    </visual_scene>
  </library_visual_scenes>
  <scene>
    <instance_visual_scene url="#mario"/>
  </scene>
</COLLADA>