# Wavefront OBJ file
# Exported by Misfit Model 3D 1.3.8
# Sun Jul 15 06:57:00 2018

mtllib daisy.mtl

# 2710 Vertices
v 0.964074 10.748815 0.632447
v 0.952463 10.80315 0.644281
v 1.017726 10.827948 0.552014
v 0.98252 10.560666 0.615649
v 0.988019 10.611283 0.626245
v 1.037933 10.597043 0.550549
v -0.952463 10.80315 0.644281
v -0.964074 10.748815 0.632446
v -1.017726 10.827948 0.552014
v -0.98802 10.611283 0.626245
v -0.98252 10.560666 0.615648
v -1.037933 10.597043 0.550549
v 0.845796 10.791524 0.688879
v 0.870398 10.709511 0.678625
v 0.799858 10.702847 0.655587
v 0.767005 10.806994 0.660893
v 0.908815 10.62123 0.660335
v 0.901004 10.540017 0.651821
v 0.808305 10.531254 0.635882
v 0.802425 10.63052 0.644513
v -0.870398 10.709511 0.678625
v -0.845796 10.791524 0.688879
v -0.767005 10.806994 0.660893
v -0.799858 10.702847 0.655586
v -0.901004 10.540017 0.651821
v -0.908815 10.62123 0.660335
v -0.802425 10.63052 0.644513
v -0.808305 10.531254 0.635882
v -0.710691 6.862454 1.202245
v -0.82975 7.035794 1.154315
v -0.0 7.332818 0.917678
v 3.57608 8.780846 -0.123836
v 2.465851 8.776655 -0.357254
v 2.465851 8.779679 0.079283
v -2.465851 8.776657 -0.357255
v -3.574512 8.780816 -0.127098
v -2.465851 8.779679 0.079282
v -3.574372 8.820309 -0.275417
v -3.572017 8.819604 0.025538
v -0.575642 9.950948 -0.298171
v 0.0 9.81022 -0.450981
v 0.575642 9.950948 -0.298171
v 0.11955 10.143249 1.1539
v 0.072931 10.18609 1.207853
v 0.120793 10.223632 1.106722
v 0.0 10.278586 1.232643
v 0.074117 10.293664 1.124592
v 0.036465 10.232922 1.220318
v 0.146766 10.143607 1.100991
v -0.119551 10.143249 1.1539
v -0.072931 10.18609 1.207853
v -0.062739 10.142707 1.196246
v -4.974527 8.966985 -0.403838
v -4.918297 9.056309 -0.361686
v -4.914519 8.946723 -0.403417
v 4.527169 8.892893 -0.402405
v 4.359109 8.889861 -0.493268
v 4.387646 8.835602 -0.393547
v -3.710389 8.827598 -0.274951
v -3.579945 8.778412 -0.138331
v -3.583162 8.818909 -0.277125
v 0.507821 0.718631 -0.239934
v 0.51199 0.60452 -0.231979
v 0.588544 0.687015 -0.001666
v 0.165305 0.44439 -0.08723
v 0.14197 0.49357 -0.236325
v 0.098607 0.60452 -0.231979
v 0.445294 0.44439 -0.08723
v 0.594495 0.508576 -0.001666
v 0.089412 0.37467 0.370946
v 0.104708 0.586711 0.319365
v 0.151883 0.347152 0.485621
v 0.561509 0.169291 0.499444
v 0.598754 0.361817 0.244388
v 0.571707 0.022029 0.373851
v 0.054215 0.524239 0.214495
v 0.539122 0.374671 0.370946
v 0.036029 0.361817 0.244388
v 0.287733 0.022029 1.016366
v 0.463224 0.022029 0.750345
v 0.147373 0.022029 0.750345
v 0.305298 0.49357 -0.318963
v 0.377541 0.393527 -0.240432
v 0.468624 0.49357 -0.236325
v 0.045378 0.508576 -0.001666
v 0.478856 0.811984 -0.216371
v 0.048396 0.687015 -0.001666
v 0.15399 0.113794 0.729956
v 0.287733 0.233972 0.735537
v 0.287733 0.108321 0.98889
v 0.287733 0.35285 0.58289
v 0.277414 0.022029 -0.241552
v 0.218091 0.393527 -0.1456
v 0.305297 0.022029 -0.192205
v 0.392504 0.393527 -0.1456
v 0.333186 0.022029 -0.241552
v 0.233056 0.393527 -0.240432
v 0.072157 0.169291 0.490443
v 0.571758 0.524239 0.214495
v 0.565823 0.324613 0.138877
v 0.456607 0.113794 0.729956
v 0.109937 0.842514 0.202002
v 0.130403 0.975623 -0.179073
v 0.305297 0.393527 -0.291142
v -0.098607 0.60452 -0.231979
v -0.048396 0.687015 -0.001666
v -0.102776 0.71863 -0.239934
v -0.131741 0.811984 -0.216371
v -0.14197 0.49357 -0.236325
v -0.165305 0.44439 -0.087231
v -0.594495 0.508576 -0.001666
v -0.445294 0.44439 -0.087231
v -0.51199 0.60452 -0.23198
v -0.505886 0.586711 0.319365
v -0.458723 0.347152 0.48562
v -0.539122 0.374671 0.370946
v -0.074817 0.324613 0.138877
v -0.039008 0.022029 0.364852
v -0.036029 0.361817 0.244388
v -0.571758 0.524239 0.214495
v -0.561509 0.169291 0.499444
v -0.598754 0.361817 0.244388
v -0.054215 0.524239 0.214495
v -0.089412 0.374671 0.370946
v -0.463224 0.022029 0.750345
v -0.287733 0.022029 1.016366
v -0.147373 0.022029 0.750345
v -0.377541 0.393527 -0.240432
v -0.305298 0.49357 -0.318963
v -0.468624 0.49357 -0.236325
v -0.072157 0.169291 0.490443
v -0.045378 0.508576 -0.001666
v -0.588544 0.687015 -0.001666
v -0.287733 0.233972 0.735537
v -0.456607 0.113794 0.729956
v -0.287733 0.108321 0.98889
v -0.218091 0.393527 -0.1456
v -0.277413 0.022029 -0.241552
v -0.305297 0.022029 -0.192205
v -0.333186 0.022029 -0.241552
v -0.392504 0.393527 -0.1456
v -0.233056 0.393527 -0.240432
v -0.50066 0.842514 0.202002
v -0.15399 0.113794 0.729956
v -0.287733 0.35285 0.58289
v -0.476687 0.975623 -0.179073
v -0.305297 0.393527 -0.291143
v 0.500606 7.73845 -0.300618
v 0.727116 7.833549 0.046473
v 0.611114 7.863207 -0.309195
v 0.534717 7.659462 0.402647
v 0.37142 7.764197 0.534013
v 0.621688 7.789251 0.333315
v 0.650061 7.687339 0.223916
v 0.327609 7.740727 -0.379015
v 0.222282 9.583271 -0.459435
v 0.0 9.598324 -0.517113
v 0.0 9.445832 -0.556971
v 0.0 9.194295 0.417823
v 0.0 9.363299 0.343927
v 0.222282 9.378352 0.286249
v 0.661043 7.72622 -0.07159
v 0.0 7.74522 -0.478086
v 0.349101 7.89061 -0.395997
v 0.346871 7.613329 0.60455
v 0.684715 9.099641 0.305064
v 0.769917 8.994967 0.227935
v 0.861271 8.805259 0.353818
v 0.710403 9.066226 -0.534219
v 0.676406 8.907056 -0.632661
v 0.834766 8.802022 -0.481335
v 0.581415 9.341034 -0.165357
v 0.624481 9.267398 0.096083
v 0.480414 9.32704 0.030695
v 0.45913 9.380449 -0.211758
v 0.419004 8.146026 -0.531965
v 0.0 7.890121 -0.440152
v 0.798499 8.584873 -0.5199
v 0.935485 8.630061 -0.135917
v 0.893686 8.596816 0.300595
v 0.890156 8.753524 0.156542
v 0.490777 8.590484 -0.732283
v 0.50918 9.343961 -0.413617
v 0.618384 9.108421 -0.604528
v 0.336231 9.423021 -0.433293
v 0.0 9.445832 -0.556971
v 0.628087 9.300603 -0.401496
v 0.405379 9.482526 -0.0763
v 0.744666 8.138301 -0.350009
v 0.0 8.141881 -0.57219
v -0.0 7.567308 0.709594
v 0.171767 7.503257 0.78327
v 0.281508 7.719909 -0.534717
v 0.0 7.651557 -0.703749
v -0.727116 7.833549 0.046473
v -0.500606 7.73845 -0.300618
v -0.611114 7.863207 -0.309195
v -0.37142 7.764197 0.534013
v -0.534717 7.659462 0.402647
v -0.621688 7.789251 0.333315
v -0.650061 7.687339 0.223915
v -0.327609 7.740727 -0.379015
v -0.222282 9.583271 -0.459435
v -0.45913 9.380449 -0.211758
v -0.336231 9.423021 -0.433293
v -0.405379 9.482526 -0.0763
v -0.480414 9.32704 0.030695
v -0.222282 9.378352 0.286249
v -0.661043 7.72622 -0.07159
v -0.349101 7.89061 -0.395997
v -0.346872 7.613329 0.60455
v -0.769917 8.994965 0.227935
v -0.684715 9.099641 0.305064
v -0.861271 8.805259 0.353818
v -0.676405 8.907056 -0.632661
v -0.710403 9.066226 -0.534219
v -0.834766 8.802021 -0.481335
v -0.624481 9.267398 0.096083
v -0.581415 9.341033 -0.165357
v -0.271641 9.241345 0.284668
v -0.935485 8.63006 -0.135917
v -0.798499 8.584873 -0.5199
v -0.893686 8.596816 0.300595
v -0.890155 8.753522 0.156542
v -0.490776 8.590484 -0.732283
v -0.50918 9.343961 -0.413617
v -0.618384 9.108421 -0.604528
v -0.40443 9.22716 -0.647761
v -0.222282 9.583271 -0.459435
v -0.628087 9.300603 -0.401496
v -0.480699 8.912451 -0.745724
v -0.419004 8.146026 -0.531965
v -0.171767 7.503257 0.78327
v -0.281508 7.719909 -0.534717
v -0.249565 7.456253 -1.094323
v -0.062442 7.469886 -0.977424
v -1.71371 6.655821 0.613429
v -1.682944 6.76068 0.611
v -1.40527 6.804769 0.873861
v 2.465851 9.18517 -0.331724
v 3.566086 9.164255 -0.131295
v 2.465851 9.163559 0.070644
v -0.382056 6.85709 -1.693319
v -0.840189 6.581968 -1.834013
v -0.740862 6.469574 -1.859582
v -0.165934 7.224732 -1.382038
v -0.54813 7.021139 -1.604279
v -1.293939 6.770531 1.087948
v -1.639515 6.500719 0.931732
v -0.995739 7.059958 0.975767
v -1.312112 6.643287 -1.496529
v -1.119734 7.185984 0.806702
v -0.0 7.332817 0.917678
v -1.191723 6.95186 -1.430515
v -0.402862 7.234442 -1.374258
v -0.994762 7.111894 -1.280106
v -1.49095 6.28835 -1.57092
v 0.249566 7.456253 -1.094323
v 0.0 7.651556 -0.703749
v 0.062442 7.469886 -0.977424
v 0.84019 6.581968 -1.834013
v 0.382056 6.85709 -1.693319
v 0.740862 6.469574 -1.859582
v 0.54813 7.021139 -1.604279
v 0.165934 7.224731 -1.382038
v 1.191724 6.95186 -1.430515
v 0.402862 7.234442 -1.374258
v 1.639515 6.500719 0.931732
v 1.293938 6.770531 1.087948
v 1.40527 6.804769 0.873862
v 1.312112 6.643287 -1.496529
v 0.995739 7.059958 0.975767
v 1.119734 7.185984 0.806702
v 1.490951 6.28835 -1.570919
v 0.883882 9.222758 -0.829446
v 0.883882 8.783812 -0.829446
v 1.189107 8.764264 -0.889612
v 0.883882 8.428694 -0.57144
v 1.189107 8.377514 -0.608625
v 0.883882 8.293054 -0.153976
v 1.189107 8.229793 -0.153976
v 0.883882 8.428694 0.263487
v 0.883882 8.783812 0.521494
v 1.189107 8.764264 0.581663
v 0.883882 9.222758 0.521494
v 1.189107 9.24231 0.581663
v 0.883882 9.577877 0.263488
v 1.189107 9.629061 0.300673
v 0.883882 9.713521 -0.153976
v 0.883882 9.577877 -0.57144
v 1.189107 9.629061 -0.608624
v 0.464244 9.10123 -0.455414
v 0.464244 9.259707 -0.340275
v 0.396378 9.003287 -0.153976
v 0.464244 8.905344 -0.455414
v 0.464244 8.746869 -0.340275
v 0.464244 8.686335 -0.153976
v 0.430039 8.730716 0.044059
v 0.464244 8.905344 0.147464
v 0.464244 9.10123 0.147464
v 0.464244 9.259707 0.032323
v 0.464244 9.320238 -0.153976
v 1.494682 9.003289 0.581169
v 1.494682 9.435397 0.440769
v 1.458983 8.778578 0.537602
v 1.69229 9.024408 0.393995
v 1.458983 9.227997 0.537603
v 1.69229 9.183404 0.393555
v 1.785315 9.138422 0.268641
v 1.69229 8.866939 0.272484
v 1.69229 9.312296 0.300452
v 1.458983 9.591583 0.273444
v 1.69229 9.368269 0.109592
v 1.604341 9.138697 0.123989
v 1.604341 8.976434 0.165628
v 1.604341 8.814169 0.123989
v 1.189107 9.776783 -0.153976
v 1.494682 9.702452 0.073196
v 1.494682 9.702452 -0.381145
v 1.69229 9.532497 -0.002622
v 1.458983 9.730456 -0.153976
v 1.69229 9.581211 -0.153976
v 1.785315 9.445472 -0.153976
v 1.69229 9.532497 -0.305327
v 1.458983 9.591583 -0.581394
v 1.69229 9.368269 -0.417542
v 1.604341 9.30096 -0.157059
v 1.189107 9.24231 -0.889612
v 1.494682 9.435397 -0.748718
v 1.494682 9.003289 -0.889119
v 1.69229 9.312296 -0.608404
v 1.458983 9.227997 -0.845555
v 1.69229 9.183404 -0.701504
v 1.785315 9.138422 -0.576591
v 1.69229 9.024408 -0.701945
v 1.69229 8.866939 -0.580434
v 1.604341 8.814169 -0.438105
v 1.458983 8.778578 -0.845555
v 1.604341 9.138697 -0.438105
v 1.494682 8.571177 -0.748718
v 1.494682 8.304123 -0.381146
v 1.69229 8.668118 -0.58618
v 1.69229 8.539745 -0.492366
v 1.69229 8.490195 -0.341286
v 1.785315 8.641611 -0.415167
v 1.69229 8.668118 -0.58618
v 1.785315 8.641609 -0.415167
v 1.458983 8.276118 -0.153976
v 1.458983 8.414996 -0.581394
v 1.69229 8.557097 -0.153976
v 1.604341 8.651904 -0.15706
v 1.189107 8.377514 0.300672
v 1.494682 8.304126 0.073196
v 1.494682 8.571177 0.440768
v 1.69229 8.490195 0.033336
v 1.69229 8.539748 0.184417
v 1.69229 8.668118 0.278227
v 1.785315 8.641609 0.107215
v 1.458983 8.414996 0.273444
v 1.604341 8.976434 -0.479745
v 1.604341 8.696978 0.004284
v 1.604341 8.651906 -0.157059
v 1.604341 8.696977 -0.318403
v 1.604341 9.255889 -0.318403
v 1.604341 9.255889 0.004284
v 1.604341 9.138698 0.123989
v 3.5548 9.108418 0.02123
v 3.572215 8.808082 0.03058
v 1.864226 8.776079 0.076197
v 1.864226 9.17681 0.056105
v 1.864226 9.192294 -0.335327
v 1.864226 8.798617 -0.390026
v 4.525928 9.118246 -0.337131
v 4.535551 8.963788 -0.237412
v 4.41381 8.819955 0.449958
v 4.37775 8.896415 0.467999
v 4.396263 8.896505 0.485206
v 4.407844 8.900275 -0.03966
v 4.532968 8.995943 -0.054204
v 4.490161 8.967062 0.512947
v 4.524408 8.899003 0.566525
v 4.478933 8.897166 0.564439
v 5.011096 9.02581 0.128499
v 5.002117 9.146076 0.070947
v 4.984924 9.023353 0.128724
v 4.210878 8.819505 -0.176136
v 4.250305 8.835726 -0.015067
v 3.833435 8.885264 0.11106
v 3.965609 8.788602 0.198779
v 3.834509 8.824919 0.037859
v 4.388715 8.952637 0.234395
v 4.522059 8.973715 0.137087
v 4.362408 8.873259 0.19032
v 4.000504 8.758837 0.104044
v 4.16511 8.793566 -0.369433
v 4.100131 8.786689 -0.150099
v 3.972139 8.793765 -0.323794
v 4.002112 8.840792 -0.436933
v 3.837617 8.836284 -0.272776
v 3.839554 9.103292 0.019786
v 4.021865 9.037745 0.219067
v 3.838626 9.015827 0.100136
v 3.97211 8.894188 0.238278
v 4.255911 8.895281 0.369654
v 4.177243 9.044413 0.280943
v 4.268067 9.033846 0.313756
v 5.004177 8.994273 -0.407772
v 5.012487 9.052103 -0.434616
v 4.974526 8.966983 -0.403837
v 5.012424 9.056326 -0.380546
v 5.227869 9.123117 -0.205415
v 5.204987 9.070889 -0.234367
v 5.121325 9.137324 -0.182832
v 5.099432 9.138199 0.077097
v 5.162706 9.069205 0.127633
v 5.182481 9.130908 0.102301
v 4.403929 9.027834 -0.501106
v 4.499708 9.067751 -0.483972
v 4.426722 9.079313 -0.479791
v 4.150179 8.84692 -0.470768
v 4.476941 9.192288 -0.149011
v 4.135867 9.189623 0.034134
v 4.137249 9.166909 -0.315905
v 4.132743 9.003011 -0.473401
v 3.826723 8.998097 -0.373653
v 3.83231 9.123701 -0.278732
v 4.109746 8.766913 0.195812
v 5.226287 9.120019 -0.270012
v 5.285637 9.155324 -0.021275
v 5.285599 9.154797 -0.084612
v 5.265762 9.084978 -0.05255
v 5.182595 9.1306 0.155522
v 5.18599 9.157161 0.003153
v 4.392074 8.889431 0.271432
v 4.088044 8.763955 0.000471
v 5.09669 9.137823 0.178315
v 5.093967 9.042183 0.128366
v 4.369552 9.144808 0.238815
v 4.353199 9.031004 0.270012
v 4.4867 8.835377 0.526147
v 4.430263 8.984845 0.436969
v 4.507544 8.888753 0.394498
v 4.484722 8.88921 0.365516
v 1.604341 9.255889 -0.318403
v 1.604341 8.696979 -0.318403
v 1.604341 8.696977 0.004284
v -0.883882 8.783813 -0.829446
v -0.883882 9.222758 -0.829446
v -1.189107 8.764264 -0.889613
v -0.883882 8.428695 -0.57144
v -1.189107 8.377514 -0.608625
v -0.883882 8.293055 -0.153976
v -1.189107 8.229793 -0.153976
v -0.883882 8.428695 0.263487
v -0.883882 8.783813 0.521493
v -1.189107 8.764264 0.581662
v -0.883882 9.222758 0.521494
v -1.189107 9.242311 0.581663
v -0.883882 9.577876 0.263488
v -1.189107 9.629059 0.300672
v -0.883882 9.71352 -0.153976
v -0.883882 9.577876 -0.57144
v -1.189107 9.629059 -0.608625
v -0.464244 9.259707 -0.340275
v -0.464244 9.101231 -0.455414
v -0.396378 9.003287 -0.153976
v -0.464244 8.905345 -0.455414
v -0.464244 8.746869 -0.340275
v -0.464244 8.686335 -0.153976
v -0.430039 8.730717 0.044059
v -0.464244 8.905345 0.147464
v -0.464244 9.101231 0.147464
v -0.464244 9.259707 0.032323
v -0.464244 9.320239 -0.153976
v -1.494682 9.003289 0.581169
v -1.494682 9.435396 0.440769
v -1.458983 8.778579 0.537602
v -1.69229 9.024409 0.393995
v -1.458983 9.227997 0.537602
v -1.69229 9.183405 0.393554
v -1.69229 8.866939 0.272484
v -1.785315 9.138423 0.268641
v -1.69229 9.312297 0.300452
v -1.458983 9.591581 0.273444
v -1.69229 9.368269 0.109592
v -1.604341 9.138698 0.123989
v -1.604341 8.814169 0.123989
v -1.604341 8.976435 0.165628
v -1.189107 9.776781 -0.153976
v -1.494682 9.702451 0.073196
v -1.494682 9.702451 -0.381146
v -1.69229 9.532496 -0.002623
v -1.458983 9.730455 -0.153976
v -1.69229 9.58121 -0.153976
v -1.785315 9.445471 -0.153976
v -1.69229 9.532496 -0.305327
v -1.458982 9.591581 -0.581394
v -1.69229 9.368269 -0.417542
v -1.604341 9.30096 -0.15706
v -1.189107 9.242311 -0.889613
v -1.494682 9.435396 -0.748718
v -1.494682 9.003289 -0.889119
v -1.69229 9.312297 -0.608405
v -1.458982 9.227997 -0.845555
v -1.69229 9.183405 -0.701505
v -1.785315 9.138423 -0.576591
v -1.69229 9.024409 -0.701945
v -1.604341 8.814169 -0.438106
v -1.69229 8.866939 -0.580434
v -1.458982 8.778579 -0.845555
v -1.604341 9.138698 -0.438106
v -1.494682 8.571178 -0.748718
v -1.494682 8.304124 -0.381146
v -1.69229 8.668118 -0.58618
v -1.69229 8.539746 -0.492367
v -1.69229 8.490195 -0.341286
v -1.785315 8.64161 -0.415167
v -1.458983 8.276119 -0.153976
v -1.458982 8.414997 -0.581394
v -1.69229 8.557098 -0.153976
v -1.604341 8.651905 -0.15706
v -1.189107 8.377514 0.300672
v -1.494682 8.304127 0.073196
v -1.494682 8.571178 0.440768
v -1.69229 8.490195 0.033336
v -1.69229 8.539749 0.184416
v -1.69229 8.668118 0.278227
v -1.785315 8.64161 0.107215
v -1.458983 8.414997 0.273444
v -1.604341 8.976435 -0.479745
v -1.604341 8.696978 0.004284
v -1.604341 8.696978 -0.318404
v -1.604341 9.255889 -0.318404
v -1.604341 9.255889 0.004284
v -1.604341 8.651904 -0.15706
v -1.604341 9.300961 -0.15706
v -1.864226 8.776079 0.076197
v -1.864226 9.17681 0.056105
v 3.577372 9.133107 -0.28382
v -3.579573 9.15616 -0.136944
v -2.465851 9.16356 0.070644
v -3.579945 9.107108 0.023482
v -1.864226 9.192295 -0.335327
v -1.864226 8.798618 -0.390026
v -4.532968 8.995945 -0.054205
v -4.547056 9.194737 0.036523
v -4.522059 8.973717 0.137086
v -4.37775 8.896415 0.467999
v -4.413811 8.819955 0.449958
v -4.396263 8.896505 0.485205
v -4.535551 8.96379 -0.237413
v -4.387646 8.835605 -0.393548
v -4.527169 8.892894 -0.402406
v -4.484722 8.88921 0.365515
v -4.507544 8.888753 0.394497
v -4.524409 8.899003 0.566524
v -4.490161 8.967062 0.512946
v -4.478934 8.897166 0.564438
v -4.210878 8.819508 -0.176136
v -4.407844 8.900277 -0.03966
v -4.250305 8.835728 -0.015068
v -4.388716 8.952639 0.234394
v -4.362408 8.873261 0.190319
v -4.132743 9.003014 -0.473402
v -4.426723 9.079316 -0.479792
v -4.40393 9.027836 -0.501107
v -3.83231 9.123701 -0.278733
v -3.826723 8.998098 -0.373654
v -4.35911 8.889863 -0.493269
v -4.165111 8.793569 -0.369434
v -4.100132 8.786691 -0.1501
v -3.97214 8.793768 -0.323795
v -4.002113 8.840794 -0.436933
v -3.837617 8.836286 -0.272777
v -3.838627 9.015828 0.128296
v -4.021866 9.037747 0.219066
v -3.839554 9.103294 0.019786
v -5.012487 9.052104 -0.434616
v -5.004178 8.994275 -0.407772
v -5.012425 9.056326 -0.380547
v -5.285599 9.154798 -0.084613
v -5.265763 9.084979 -0.05255
v -5.185996 9.153569 -0.108202
v -5.162707 9.069206 0.127633
v -5.099433 9.138201 0.077096
v -5.182482 9.130909 0.1023
v -3.834509 8.824919 0.037858
v -4.088044 8.763958 0.00047
v -4.000505 8.75884 0.104044
v -4.499709 9.067753 -0.483973
v -4.15018 8.846923 -0.470768
v -4.135868 9.189625 0.034134
v -4.476942 9.192291 -0.149012
v -4.13725 9.166911 -0.315906
v -3.96561 8.788604 0.198779
v -3.972111 8.89419 0.238278
v -3.833436 8.885266 0.13922
v -4.109747 8.766916 0.195811
v -4.255912 8.895284 0.369653
v -5.204987 9.07089 -0.234368
v -5.226288 9.120021 -0.270013
v -5.22787 9.123119 -0.205416
v -5.285638 9.155325 -0.021276
v -5.182596 9.130602 0.155521
v -4.392074 8.889432 0.271431
v -5.011097 9.025811 0.128498
v -4.999412 9.145748 0.187178
v -4.984925 9.023354 0.128723
v -4.4867 8.835377 0.526146
v -4.430263 8.984845 0.436968
v -4.344836 8.995363 0.359116
v -4.353199 9.031006 0.270012
v -4.268068 9.033848 0.313755
v -4.468524 9.153201 -0.332864
v -4.462901 9.226573 0.03335
v -4.177244 9.044415 0.280943
v -1.604341 8.696977 -0.318404
v -1.604341 8.696977 0.004284
v 0.180618 10.420511 1.005796
v 0.196217 10.608977 1.003356
v 0.239801 10.483377 0.949158
v 0.205965 10.822144 1.059334
v 0.2924 10.849375 0.984474
v 0.271958 10.63349 0.959671
v 0.305953 10.965954 1.0511
v 0.464392 11.069998 0.983069
v 0.18658 10.997298 1.110437
v 0.351754 11.245496 1.086084
v 0.333699 10.779288 0.942142
v 0.428102 10.872908 0.904771
v 0.886277 10.345831 0.534703
v 0.923428 10.347181 0.441598
v 0.93329 10.246487 0.451243
v 0.894975 10.243931 0.6213
v 0.837513 10.340733 0.620088
v 0.786526 10.24156 0.757585
v 0.524957 10.912701 0.866918
v 0.657226 11.081445 0.880747
v 0.713172 10.901728 0.757862
v 0.745268 10.344018 0.692491
v 0.780897 10.429389 0.644049
v 0.808986 10.439342 0.631695
v 0.828598 10.737697 0.648459
v 0.807119 10.616084 0.649113
v 0.789419 10.701063 0.658836
v 0.752416 10.780145 0.693035
v 0.696796 10.832991 0.760894
v 0.60308 10.85174 0.818331
v 0.532793 10.842366 0.86296
v 0.260168 10.296699 0.936666
v 0.266684 10.467846 0.94103
v 0.832522 10.540608 0.628001
v 0.802764 10.521542 0.640284
v -0.196217 10.608977 1.003356
v -0.180618 10.420511 1.005796
v -0.239801 10.483377 0.949158
v -0.205965 10.822144 1.059334
v -0.2924 10.849375 0.984473
v -0.271958 10.63349 0.959671
v -0.305953 10.965954 1.0511
v -0.464392 11.069998 0.983069
v -0.18658 10.997298 1.110437
v -0.351754 11.245496 1.086084
v -0.923428 10.347181 0.441598
v -0.886277 10.345831 0.534703
v -0.93329 10.246487 0.451242
v -0.837513 10.340733 0.620088
v -0.894975 10.243931 0.6213
v -0.786526 10.24156 0.757584
v -0.745268 10.344018 0.692491
v -0.808986 10.439342 0.631695
v -0.596383 10.282347 0.833853
v -0.424078 10.25335 0.908084
v -0.539692 10.224376 0.920962
v -0.517596 10.256981 0.883467
v -0.780898 10.429389 0.644049
v -0.807119 10.616084 0.649113
v -0.828598 10.737697 0.648459
v -0.789419 10.701063 0.658836
v -0.752416 10.780145 0.693035
v -0.713173 10.901728 0.757862
v -0.696796 10.832991 0.760893
v -0.524958 10.912701 0.866918
v -0.60308 10.85174 0.818331
v -0.532793 10.842366 0.86296
v -0.260168 10.296699 0.936666
v -0.266684 10.467846 0.94103
v -0.832523 10.540608 0.628001
v -0.802764 10.521542 0.640284
v 0.30582 9.715292 0.904648
v 0.504084 9.768196 0.842853
v 0.481784 9.70287 0.777172
v 0.231514 10.137858 1.07479
v 0.308473 9.649765 0.222475
v 0.613083 9.768827 0.256315
v 0.401282 9.758489 -0.006093
v 0.323155 9.811438 -0.341791
v 0.642793 11.421363 0.908559
v 0.609867 11.623886 0.859118
v 0.835924 11.415108 0.727771
v 0.062738 10.142707 1.196246
v 0.95156 10.253799 0.134992
v 0.754903 9.93434 0.130422
v 0.881442 10.139208 0.036545
v 0.682004 9.951424 -0.066433
v 0.921038 10.199253 -0.087468
v 0.929655 10.169934 0.137723
v -0.0 9.508585 0.757512
v 0.170974 9.593683 0.867323
v 0.236405 9.556882 0.710581
v 0.786703 9.986674 0.763739
v 0.518582 9.84352 0.887927
v 0.547579 9.98417 0.93503
v 0.821285 9.883416 0.434851
v 0.811003 9.876077 0.617498
v 0.894073 9.996415 0.447639
v -0.0 11.005385 1.143087
v -0.0 11.237298 1.145535
v 0.862405 9.989252 0.619418
v 0.798853 9.926377 0.698116
v 1.082508 10.776235 0.04189
v 1.098113 10.877527 0.123063
v 1.115765 10.839829 -0.0955
v 0.136261 10.608118 1.037723
v 1.044085 10.681359 0.127481
v 0.692563 9.785034 0.440329
v 0.988702 10.669531 0.438943
v 0.31722 9.908285 0.995521
v 0.321861 9.988742 1.025724
v 0.332255 9.503564 0.088651
v 0.282654 9.605435 0.419743
v 0.397129 9.636045 0.385458
v 0.290454 9.634629 0.837515
v 0.31152 9.795526 0.950084
v -0.504084 9.768196 0.842853
v -0.30582 9.715292 0.904648
v -0.481784 9.70287 0.777172
v -0.236405 9.556882 0.710581
v -0.290454 9.634629 0.837515
v -0.170975 9.593683 0.867323
v -0.613083 9.768827 0.256315
v -0.308473 9.649765 0.222475
v -0.401282 9.758489 -0.006093
v -0.323154 9.811438 -0.341791
v -0.609867 11.623886 0.859117
v -0.642793 11.421363 0.908559
v -0.835924 11.415108 0.727771
v -0.120793 10.223632 1.106722
v -0.146767 10.143607 1.100991
v -0.95156 10.253799 0.134992
v -0.102983 10.817453 1.104623
v -0.881442 10.139208 0.036545
v -0.754903 9.93434 0.130422
v -0.682004 9.951424 -0.066434
v -0.921038 10.199253 -0.087469
v -0.929655 10.169934 0.137723
v -0.518582 9.84352 0.887927
v -0.786703 9.986674 0.763739
v -0.547579 9.98417 0.93503
v -1.098114 10.877527 0.123063
v -1.082508 10.776235 0.04189
v -1.115765 10.839829 -0.0955
v -0.136261 10.608118 1.037723
v -1.044085 10.681359 0.127481
v -0.811003 9.876077 0.617498
v -0.692563 9.785034 0.440329
v -0.821285 9.883416 0.434851
v -0.894073 9.996415 0.447639
v -0.926811 10.134912 0.452004
v -0.988702 10.669531 0.438943
v -0.31722 9.908285 0.995521
v -0.321861 9.988742 1.025724
v -0.332255 9.503564 0.088651
v -0.282654 9.605435 0.419743
v -0.397129 9.636045 0.385458
v -0.31152 9.795526 0.950084
v 1.3156 10.558601 -0.330601
v 1.311073 10.707293 -0.16727
v 1.301457 10.736934 -0.274517
v 1.203438 10.810506 -0.045065
v 1.138191 10.393534 -0.102951
v 1.140976 10.624959 -0.064417
v 1.021241 10.388474 -0.19319
v 1.264475 10.357401 -0.300406
v 1.088051 10.615894 -0.218051
v 1.21663 10.817693 -0.166535
v 1.33217 10.535535 -0.208213
v -1.301457 10.736934 -0.274517
v -1.088051 10.615894 -0.218051
v -1.140976 10.624959 -0.064417
v -1.33217 10.535535 -0.208213
v -1.311073 10.707293 -0.16727
v -1.203438 10.810506 -0.045065
v -1.021241 10.388474 -0.19319
v -1.264475 10.357401 -0.300406
v -1.3156 10.558601 -0.330602
v -0.985388 10.12885 -0.028814
v -1.142665 10.187409 -0.181459
v -1.131296 10.183416 -0.073594
v -1.019983 10.135849 0.082874
v -1.21663 10.817693 -0.166535
v 0.052747 10.082944 1.162458
v -0.0 10.145369 1.222697
v 0.267576 9.918634 1.009332
v 0.245387 9.952413 1.004503
v 0.276354 9.992645 1.042348
v 0.163302 9.671893 0.9289
v 0.200739 9.909118 1.008763
v 0.111436 9.864849 1.0447
v 0.103929 9.903666 1.03463
v 0.0 10.051713 1.102907
v 0.0 10.082944 1.162458
v 0.086371 10.075059 1.106509
v 0.132508 10.050121 1.092623
v -0.0 9.926507 1.032734
v -0.0 9.918561 1.049419
v 0.096029 9.923727 1.039782
v 0.181443 9.932394 1.005291
v 0.093448 9.935977 1.078442
v 0.202396 9.947567 1.032613
v 0.153537 9.972781 1.07071
v -0.0 9.931429 1.100705
v -0.0 9.967667 1.116006
v 0.203554 9.860698 0.996282
v 0.099678 9.789429 0.964785
v 0.101685 9.826958 1.028379
v 0.150858 9.932273 1.014904
v 0.104666 9.996857 1.108683
v 0.0 10.003356 1.102936
v -0.0 10.213926 1.247241
v 0.201339 9.770803 0.957622
v 0.098188 9.744868 0.95236
v -0.111436 9.864849 1.0447
v -0.200739 9.909118 1.008763
v -0.10393 9.903666 1.03463
v -0.052748 10.082944 1.162458
v -0.132509 10.050121 1.092623
v -0.086372 10.075059 1.106509
v -0.096029 9.923727 1.039782
v -0.181444 9.932394 1.005291
v -0.093448 9.935977 1.078442
v -0.245387 9.952413 1.004503
v -0.202396 9.947567 1.032613
v -0.153538 9.972781 1.07071
v -0.104667 9.996857 1.108683
v -0.099678 9.789429 0.964785
v -0.203554 9.860698 0.996282
v -0.101685 9.826958 1.028379
v -0.150859 9.932273 1.014904
v -0.201339 9.770803 0.957622
v -0.230321 10.04161 0.739118
v -0.204829 9.994043 0.940012
v -0.204829 9.916705 0.9217
v 0.204829 9.916705 0.921702
v 0.204829 9.994043 0.944748
v 0.230321 10.04161 0.743856
v -0.187823 9.913738 0.646535
v -0.0 9.921817 1.038434
v -0.100027 9.92569 1.018326
v 0.187823 9.913738 0.646535
v 0.100026 9.92569 1.018326
v -0.110711 12.695602 0.521139
v -0.107651 12.780407 0.501156
v -0.056895 12.834566 0.521685
v -0.06058 12.377624 0.397804
v -0.114626 12.436471 0.416256
v -0.117673 12.495227 0.487901
v 0.056895 12.834566 0.521685
v 0.107651 12.780407 0.501158
v 0.110711 12.695602 0.521139
v -0.082336 12.5771 0.571731
v -0.153482 12.600449 0.498447
v -0.103782 12.692682 0.509767
v -0.248765 12.675344 0.428135
v -0.16821 12.597037 0.509472
v 0.268862 12.626252 0.415519
v 0.16821 12.597037 0.509472
v 0.248765 12.675344 0.428135
v 0.258335 12.574176 0.411986
v 0.198536 12.521416 0.421296
v 0.117673 12.495227 0.487901
v 0.114626 12.436471 0.416256
v 0.06058 12.377624 0.397804
v 0.0 12.359268 0.40332
v 0.0 12.440584 0.482771
v -0.268862 12.626252 0.415519
v -0.258335 12.574176 0.411986
v 0.0 12.738771 0.547883
v 0.186456 12.714761 0.455581
v -0.186456 12.714761 0.455579
v 0.0 12.732695 0.534558
v -0.063456 12.648443 0.566442
v 0.063446 12.64899 0.564713
v 0.103782 12.692682 0.509767
v 0.082336 12.5771 0.571731
v -0.066551 12.511754 0.549192
v -0.110149 12.50586 0.479627
v 0.0 12.454437 0.475613
v 0.153479 12.600449 0.498447
v 0.110149 12.50586 0.479627
v 0.066549 12.512344 0.547489
v 0.0 12.84492 0.536411
v -0.198538 12.521416 0.421294
v -0.107651 12.780407 -0.810703
v -0.110711 12.695602 -0.830686
v -0.056895 12.834566 -0.831233
v -0.114626 12.436471 -0.725804
v -0.06058 12.377624 -0.707352
v -0.117673 12.495227 -0.797448
v 0.107651 12.780407 -0.810706
v 0.056895 12.834566 -0.831233
v 0.110711 12.695602 -0.830686
v -0.153482 12.600449 -0.807995
v -0.082336 12.5771 -0.881278
v -0.103782 12.692682 -0.819315
v -0.248765 12.675344 -0.737683
v -0.16821 12.597037 -0.81902
v 0.16821 12.597037 -0.81902
v 0.268862 12.626252 -0.725066
v 0.248765 12.675344 -0.737683
v 0.258335 12.574176 -0.721533
v 0.198536 12.521416 -0.730844
v 0.117673 12.495227 -0.797448
v 0.114626 12.436471 -0.725804
v 0.06058 12.377624 -0.707352
v 0.0 12.440584 -0.792319
v 0.0 12.359268 -0.712868
v -0.268862 12.626252 -0.725066
v -0.258335 12.574176 -0.721533
v 0.0 12.738771 -0.857431
v 0.186456 12.714761 -0.765129
v -0.186456 12.714761 -0.765127
v 0.0 12.732695 -0.844106
v -0.063456 12.648443 -0.87599
v 0.063446 12.64899 -0.87426
v 0.103782 12.692682 -0.819315
v 0.082336 12.5771 -0.881278
v -0.066551 12.511754 -0.858739
v -0.110149 12.50586 -0.789175
v 0.0 12.454437 -0.78516
v 0.153479 12.600449 -0.807995
v 0.110149 12.50586 -0.789175
v 0.066549 12.512344 -0.857037
v 0.0 12.84492 -0.845958
v -0.198538 12.521416 -0.730841
v -0.619971 12.778705 -0.150145
v -0.636856 12.694376 -0.248899
v -0.578109 12.747338 -0.267083
v -0.650502 12.593498 -0.252401
v -0.541054 12.624093 -0.321005
v -0.529591 12.488828 -0.274659
v -0.609659 12.502554 -0.254563
v -0.546556 12.435789 -0.150145
v -0.609659 12.502554 -0.045729
v -0.529591 12.488828 -0.02563
v -0.636856 12.694376 -0.051391
v -0.676123 12.683161 -0.150145
v -0.541054 12.624093 0.020715
v -0.648469 12.490158 -0.150145
v 0.636856 12.694376 -0.248899
v 0.619971 12.778705 -0.150145
v 0.578109 12.747338 -0.267083
v 0.650502 12.593498 -0.252401
v 0.541054 12.624093 -0.321005
v 0.609659 12.502554 -0.04573
v 0.546556 12.435789 -0.150145
v 0.529591 12.488828 -0.025631
v 0.636856 12.694376 -0.051391
v 0.650502 12.593498 -0.047889
v 0.541054 12.624093 0.020715
v 0.578109 12.747338 -0.033207
v 0.676123 12.683161 -0.150145
v 0.609659 12.502554 -0.254563
v -0.957667 10.307827 0.237812
v -1.034165 10.386954 0.207449
v -1.072716 10.409629 0.102402
v -0.945626 10.387279 0.24113
v -0.907945 10.347835 0.286213
v -0.908663 10.277493 0.293915
v -0.917135 10.134269 0.302099
v -0.969737 10.103734 0.249473
v -0.924736 10.063914 0.302438
v -0.974332 10.209221 0.2929
v -0.987867 10.213471 0.353228
v -0.953372 10.271345 0.38318
v -1.082411 10.005359 0.277096
v -1.03319 9.99508 0.33102
v -0.967091 10.024306 0.26187
v -0.988573 10.017487 0.376078
v -0.955701 10.089843 0.402549
v -1.101579 9.921612 0.130288
v -1.199866 9.893371 0.164864
v -1.142674 9.893486 0.226066
v -1.055204 10.031205 0.227778
v -1.056295 9.952527 0.175033
v -1.246908 10.005027 0.101063
v -1.232178 9.936875 0.125036
v -1.143214 9.952351 0.08202
v -1.211907 10.103244 -0.009684
v -1.199837 10.30734 -0.021346
v -1.255743 10.208656 -0.00825
v -1.096856 10.001439 0.125727
v -1.19591 10.030926 0.077203
v -1.260908 10.133581 -0.065788
v -1.261629 10.063237 -0.058085
v -1.223948 10.023791 -0.013002
v -1.039855 10.200479 0.072086
v -1.113277 10.458544 0.053094
v -1.17487 10.386672 0.056874
v -1.199516 10.48915 0.093479
v -1.222311 10.420923 0.077297
v -1.252439 10.276801 -0.073972
v -1.344514 10.270559 -0.035394
v -1.316857 10.212807 0.001162
v -1.297358 9.994548 0.048323
v -1.057816 10.421253 0.25333
v -1.007364 10.431729 0.30607
v -1.080776 10.402488 0.367393
v -1.104887 10.118939 0.375738
v -1.092817 10.323035 0.364075
v -1.04898 10.217623 0.362641
v -1.108812 10.395357 0.27719
v -1.207866 10.424839 0.228665
v -1.203146 10.504667 0.224104
v -1.161509 10.473927 0.272373
v -1.043814 10.292699 0.420178
v -1.043096 10.363045 0.412478
v -1.102242 10.039515 0.388135
v -1.129852 10.039608 0.297516
v -1.16205 10.532794 0.128326
v -1.104858 10.532909 0.189528
v -1.379989 10.362368 0.051955
v -1.349022 10.336436 -0.048156
v -1.316151 10.408791 -0.021685
v -1.278364 9.967559 0.208283
v -1.33039 10.217058 0.061491
v -1.396059 10.14879 0.060477
v -1.334988 10.322547 0.104917
v -1.347058 10.118454 0.116581
v -1.38759 10.292007 0.052294
v -1.359099 10.038998 0.113263
v -1.396779 10.078444 0.068178
v -1.26487 10.2258 0.282305
v -1.232007 10.016647 0.251991
v -1.270558 10.039325 0.146941
v -1.248427 10.473753 0.179357
v -1.249518 10.395071 0.126615
v -1.337631 10.401974 0.092521
v -1.351351 10.154932 -0.028787
v -1.23673 9.936819 0.256552
v -1.244838 10.347159 -0.07431
v 1.105207 9.937131 0.260914
v 1.056295 9.952527 0.175033
v 1.082411 10.005359 0.277096
v 0.917135 10.134269 0.302099
v 0.974332 10.209221 0.2929
v 0.987867 10.213471 0.353229
v 1.034165 10.386954 0.207449
v 0.957667 10.307827 0.237812
v 1.072716 10.409629 0.102403
v 0.969737 10.103734 0.249473
v 0.945626 10.387279 0.24113
v 0.907945 10.347835 0.286213
v 0.908663 10.277493 0.293916
v 0.924736 10.063914 0.302438
v 1.072544 10.489405 0.229355
v 1.057816 10.421253 0.253331
v 1.026358 10.458717 0.14611
v 0.953372 10.271345 0.38318
v 0.988573 10.017487 0.376078
v 0.955701 10.089843 0.402549
v 1.199866 9.893371 0.164864
v 1.101579 9.921612 0.130289
v 1.142674 9.893486 0.226066
v 0.960211 10.155719 0.389787
v 1.055204 10.031205 0.227778
v 0.967091 10.024306 0.26187
v 1.271535 10.4312 0.023373
v 1.222311 10.420923 0.077297
v 1.202481 10.386765 -0.033742
v 1.067995 10.489457 0.097839
v 1.16205 10.532794 0.128326
v 1.104858 10.532909 0.189528
v 1.199837 10.30734 -0.021345
v 1.211907 10.103244 -0.009684
v 1.255743 10.208656 -0.00825
v 1.260908 10.133581 -0.065788
v 1.17487 10.386672 0.056874
v 1.261629 10.063237 -0.058085
v 1.223948 10.023791 -0.013002
v 1.19591 10.030926 0.077203
v 1.297358 9.994548 0.048323
v 1.246908 10.005027 0.101063
v 1.143214 9.952351 0.082021
v 1.096856 10.001439 0.125728
v 1.039855 10.200479 0.072086
v 1.007364 10.431729 0.30607
v 1.080776 10.402488 0.367393
v 1.191445 9.967732 0.301299
v 1.108812 10.395357 0.27719
v 1.207866 10.424839 0.228666
v 1.092817 10.323035 0.364075
v 1.104887 10.118939 0.375739
v 1.04898 10.217623 0.362641
v 1.129852 10.039608 0.297516
v 1.232007 10.016647 0.251991
v 1.203146 10.504667 0.224105
v 1.161509 10.473927 0.272373
v 1.043814 10.292699 0.420179
v 1.043096 10.363045 0.412479
v 1.052285 10.149478 0.428362
v 1.349022 10.336436 -0.048155
v 1.379989 10.362368 0.051955
v 1.316151 10.408791 -0.021685
v 1.337631 10.401974 0.092521
v 1.396059 10.14879 0.060478
v 1.33039 10.217058 0.061491
v 1.316857 10.212807 0.001162
v 1.347058 10.118454 0.116581
v 1.334988 10.322547 0.104918
v 1.38759 10.292007 0.052294
v 1.396779 10.078444 0.068178
v 1.359099 10.038998 0.113263
v 1.26487 10.2258 0.282305
v 1.270558 10.039325 0.146942
v 1.249518 10.395071 0.126615
v 1.248427 10.473753 0.179357
v 1.351351 10.154932 -0.028787
v 1.059886 10.079121 0.428701
v -0.334855 8.613461 0.785132
v -0.28165 8.686485 0.750122
v -0.263133 8.727931 0.836578
v -0.32928 8.81441 0.75735
v -0.337179 8.89612 0.649624
v -0.246028 8.969696 0.682905
v -0.212991 8.859037 0.765176
v -0.124868 8.961039 0.716276
v -0.100834 8.931043 0.800823
v -0.131566 8.482534 0.954222
v 0.0 8.446359 0.971564
v -0.083252 8.35552 0.977342
v -0.131566 8.973332 0.718932
v -0.226442 8.868718 0.769084
v -0.065281 9.08518 0.558986
v 0.0 9.105757 0.549124
v -0.083252 9.070898 0.634388
v -0.140824 8.949152 0.624199
v -0.108701 9.035287 0.582906
v -0.32928 8.612008 0.854382
v -0.337179 8.476853 0.850622
v -0.353273 8.54802 0.816503
v 0.0 9.009505 0.70159
v 0.0 8.455748 0.958515
v -0.124868 8.488175 0.942969
v -0.100834 8.572874 0.972531
v 0.0 8.993469 0.700729
v -0.10348 8.850349 0.596794
v -0.226156 8.962259 0.617916
v -0.287991 8.946714 0.625368
v -0.334855 8.759511 0.715113
v -0.353273 8.824949 0.683742
v -0.246028 8.456723 0.928827
v -0.226442 8.587147 0.90407
v -0.226156 8.410711 0.882329
v -0.287991 8.426255 0.874878
v -0.065281 8.28779 0.94126
v -0.108701 8.337687 0.917337
v -0.28165 8.686484 0.750122
v -0.140824 8.423819 0.876046
v -0.20167 8.75406 0.891062
v -0.082527 8.853491 0.877586
v -0.082527 8.681289 0.96014
v -0.212991 8.590177 0.894068
v -0.10348 8.85035 0.596794
v -0.10348 8.464328 0.781855
v 0.0 8.267215 0.951122
v 0.246028 8.969696 0.682905
v 0.131566 8.973331 0.718932
v 0.226156 8.962259 0.617916
v 0.108701 8.337687 0.917337
v 0.083252 8.35552 0.977342
v 0.131566 8.482534 0.954222
v 0.337176 8.476853 0.850622
v 0.287991 8.426255 0.874878
v 0.246028 8.456723 0.928827
v 0.334855 8.613461 0.785132
v 0.263133 8.727931 0.836578
v 0.281648 8.686486 0.750122
v 0.10348 8.464328 0.781855
v 0.140824 8.423819 0.876046
v 0.10348 8.85035 0.596794
v 0.140824 8.949152 0.624199
v 0.108701 9.035287 0.582906
v 0.32928 8.612008 0.854382
v 0.226442 8.587147 0.90407
v 0.226442 8.868718 0.769084
v 0.065281 9.08518 0.558986
v 0.083252 9.070898 0.634388
v 0.353273 8.54802 0.816503
v 0.100834 8.572874 0.972531
v 0.124868 8.488175 0.942969
v 0.124868 8.961039 0.716276
v 0.100834 8.931043 0.800823
v 0.287991 8.946714 0.625368
v 0.334855 8.759511 0.715113
v 0.32928 8.81441 0.75735
v 0.353273 8.824949 0.683742
v 0.226156 8.410712 0.882329
v 0.065281 8.28779 0.941259
v 0.212991 8.590177 0.894068
v 0.20167 8.75406 0.891062
v 0.082527 8.853491 0.877586
v 0.212991 8.859037 0.765176
v 0.082527 8.681289 0.96014
v 0.337179 8.89612 0.649624
v 1.543226 12.011884 0.721834
v 1.371931 11.730283 1.139873
v 1.349205 12.212523 0.926849
v 0.735687 12.211414 1.300492
v 0.364659 12.270354 1.147486
v 0.683071 12.492808 1.00102
v 1.548871 11.329972 -0.310725
v 1.567536 11.426975 -0.141676
v 1.328171 11.097509 -0.201741
v 1.088866 10.712497 -0.132407
v 1.153973 10.810249 -0.023771
v 1.344674 10.88133 -0.330062
v 1.35294 10.819069 0.059968
v 1.644909 10.944073 -0.107321
v 1.572235 11.339468 0.182743
v 1.555628 11.400068 0.541571
v 1.595064 11.658018 0.175916
v 1.617748 11.617311 -0.090428
v 1.403868 12.133037 -0.05726
v 1.497664 11.746341 -0.135869
v 1.57377 11.993208 0.219832
v 1.296766 11.274196 1.127162
v 1.220197 11.016787 1.01827
v 1.016085 11.135933 1.243104
v 0.0 12.342558 0.070534
v 0.119392 12.3351 0.0776
v 0.136316 12.388605 0.38681
v 0.531536 11.478811 1.430479
v 0.765116 11.74903 1.4706
v 0.83113 11.308108 1.387347
v 0.640952 12.574614 0.7287
v 0.311275 12.46472 0.760187
v 0.326339 12.475011 0.37881
v 1.325689 11.489295 -0.209555
v 1.60734 11.854065 0.500633
v -0.0 11.709983 1.350815
v -0.0 11.931854 1.1907
v 0.136592 11.745867 1.414385
v 0.318163 11.581438 1.370428
v 0.459147 11.324267 1.329406
v 0.320381 11.386939 1.040701
v 0.193607 11.470522 1.071653
v 0.350163 11.389494 1.241159
v 0.108118 11.305945 1.249686
v -0.0 11.476448 1.058889
v -0.0 11.536348 1.280738
v 0.486438 12.453874 0.082439
v 0.545434 12.528017 0.35822
v 0.401558 11.108437 1.149
v 0.205358 11.230592 1.171298
v 1.178089 11.966568 -0.222752
v 1.094539 12.28189 -0.137417
v 1.613545 11.252102 -0.45279
v 1.827428 11.299385 -0.502439
v 1.569857 11.687426 -0.393665
v 1.440441 11.148461 0.859042
v 1.353953 10.933305 0.700828
v 1.069589 11.466418 1.396984
v 0.252757 11.298333 1.33323
v 1.720558 11.045625 -0.430441
v 1.786345 11.149508 -0.103089
v 1.486143 10.856646 0.313606
v 1.694423 11.056118 0.233894
v 1.196875 10.792762 0.154088
v 1.155971 10.800119 0.28015
v 1.22153 10.80129 0.441927
v 1.044177 10.814819 0.339171
v 0.838463 10.935115 0.683205
v 1.038116 10.816809 0.627089
v 1.558058 11.065065 0.591044
v 1.70923 11.310489 -0.244312
v -0.0 12.168726 0.828632
v 0.273184 11.802922 1.390341
v 1.146266 10.671667 0.08397
v 1.156957 10.675895 0.186446
v 0.983347 10.407032 0.20231
v 1.033867 10.680121 0.258375
v 1.086931 10.678007 0.260225
v 1.102307 10.713557 0.046069
v 1.111277 10.912678 -0.042849
v 0.90128 10.912427 0.899913
v 1.49001 12.294732 0.349983
v 1.285946 12.493658 0.559233
v 1.046022 12.409326 1.040829
v 1.498832 11.513219 0.886494
v 0.899868 12.217405 -0.131923
v 0.444651 11.946347 1.425541
v 1.075088 12.045125 1.307986
v 1.243733 12.437429 0.067489
v 0.973925 12.592034 0.663552
v 0.889347 12.584662 0.301074
v 0.842313 12.475737 0.005085
v -1.371931 11.730283 1.139873
v -1.543227 12.011884 0.721834
v -1.349206 12.212523 0.926849
v -0.683071 12.492808 1.00102
v -1.046022 12.409326 1.040829
v -0.973926 12.592034 0.663551
v -0.364659 12.270354 1.147486
v -0.735687 12.211414 1.300492
v -1.567536 11.426975 -0.141676
v -1.548871 11.329972 -0.310725
v -1.328171 11.097509 -0.201741
v -1.153973 10.810249 -0.023771
v -1.088866 10.712497 -0.132407
v -1.344673 10.88133 -0.330062
v -1.35294 10.819069 0.059967
v -1.644909 10.944073 -0.107321
v -1.555628 11.400068 0.541571
v -1.572235 11.339468 0.182743
v -1.595064 11.658018 0.175916
v -1.617748 11.617311 -0.090429
v -1.497664 11.746341 -0.13587
v -1.403868 12.133037 -0.05726
v -1.57377 11.993208 0.219831
v -1.016085 11.135933 1.243103
v -1.069589 11.466418 1.396984
v -0.831131 11.308108 1.387347
v -0.765116 11.74903 1.470599
v -0.531536 11.478811 1.430479
v -0.311276 12.46472 0.760187
v -0.640953 12.574614 0.7287
v -0.32634 12.475011 0.37881
v -1.325689 11.489295 -0.209555
v -1.60734 11.854065 0.500633
v -0.136592 11.745867 1.414385
v -0.318163 11.581438 1.370428
v -0.459147 11.324267 1.329405
v -0.193608 11.470522 1.071653
v -0.320381 11.386939 1.040701
v -0.350163 11.389494 1.241159
v -0.108118 11.305945 1.249686
v -0.401558 11.108437 1.149
v -0.205358 11.230592 1.171298
v -1.178089 11.966568 -0.222752
v -1.094539 12.28189 -0.137417
v -1.827428 11.299385 -0.502439
v -1.613545 11.252102 -0.45279
v -1.569857 11.687426 -0.393665
v -1.440441 11.148461 0.859042
v -1.220198 11.016787 1.01827
v -1.353953 10.933305 0.700828
v -1.296766 11.274196 1.127162
v -0.252757 11.298333 1.33323
v -1.720558 11.045625 -0.430442
v -1.786345 11.149508 -0.103089
v -1.486143 10.856646 0.313606
v -1.694423 11.056118 0.233894
v -1.155971 10.800119 0.28015
v -1.196875 10.792762 0.154088
v -1.22153 10.80129 0.441927
v -1.558058 11.065065 0.591044
v -1.70923 11.310489 -0.244312
v -0.842313 12.475737 0.005085
v -0.456232 12.375473 -0.001219
v -0.486438 12.453874 0.082439
v -0.899868 12.217405 -0.131923
v -0.273184 11.802922 1.390341
v -1.156957 10.675895 0.186446
v -1.146266 10.671667 0.08397
v -1.038116 10.816809 0.627089
v -1.033867 10.680121 0.258375
v -0.983347 10.407032 0.20231
v -1.086931 10.678007 0.260225
v -1.044177 10.814819 0.33917
v -1.102307 10.713557 0.046069
v -1.111277 10.912678 -0.04285
v -0.136316 12.388605 0.38681
v -1.49001 12.294732 0.349983
v -1.285946 12.493658 0.559233
v -1.498832 11.513219 0.886493
v -0.119392 12.3351 0.0776
v -0.444651 11.946347 1.425541
v -1.075088 12.045125 1.307986
v -0.545434 12.528017 0.35822
v -1.243733 12.437429 0.067489
v 1.241849 11.971433 -0.413433
v 1.058902 12.200944 -0.355566
v 0.775815 12.398284 -0.312966
v 0.424308 12.462416 -0.263617
v 0.693431 12.407287 -0.588286
v 1.342891 11.159632 -0.484052
v 1.350611 11.623221 -0.476368
v 1.283922 10.563688 -0.353987
v 1.323694 9.767153 0.142057
v 1.071577 9.994977 0.095759
v 1.447295 9.966667 0.014239
v 1.671141 9.625541 -0.678704
v 1.870971 9.865157 -0.644733
v 1.632873 9.922456 -0.6383
v 1.667448 9.994474 -0.284278
v 1.307199 9.96833 -0.568226
v 0.0 12.316076 -0.377605
v 0.084389 12.381487 -0.303939
v 0.122795 12.36888 -0.821661
v 0.456232 12.375473 -0.001219
v 0.677059 12.252024 -1.144077
v 0.147936 12.195376 -1.23104
v 1.024699 9.847631 -1.08136
v 1.353046 9.842569 -0.964161
v 1.170928 10.005151 -0.87131
v 0.383856 9.495083 -2.063489
v 0.360383 9.440778 -1.689427
v 0.0 9.289293 -1.766254
v 0.0 9.485425 -1.600177
v 0.700427 9.437818 -1.679461
v 0.645528 9.516842 -1.458077
v 0.993192 9.621718 -1.486504
v 0.856721 9.711519 -1.285572
v 1.117903 10.48139 -0.813615
v 0.540418 9.768643 -1.267485
v 0.777588 9.931636 -1.224844
v 1.177617 9.642493 -1.221819
v 1.451834 9.741541 -0.645691
v 1.662278 10.010743 -1.15765
v 1.752684 9.800693 -0.942794
v 1.663255 9.646096 0.095842
v 1.721816 9.866216 0.065893
v 1.935377 10.110788 -0.333951
v 1.367094 10.140858 -0.296263
v 1.037311 10.180494 -0.102467
v 0.846695 10.133052 -0.005817
v 0.321167 9.607343 -1.46035
v 0.258359 9.919912 -1.358186
v 1.124684 9.730152 -1.743904
v 1.283409 9.494217 -1.375342
v 1.494501 9.750957 -1.357697
v 1.944513 9.867543 -0.066784
v 0.0 9.779943 -1.354732
v 0.0 12.285756 -0.828717
v 0.0 12.140537 -1.175185
v 1.011132 12.209476 -0.693925
v 0.729498 10.384449 -1.244534
v -0.424308 12.462416 -0.263617
v -0.775815 12.398284 -0.312966
v -0.693431 12.407287 -0.588286
v -1.283922 10.563688 -0.353987
v -1.342891 11.159632 -0.484052
v -1.071577 9.994977 0.095759
v -1.323694 9.767152 0.142056
v -1.447295 9.966667 0.014238
v -1.870971 9.865157 -0.644733
v -1.671141 9.625541 -0.678704
v -1.632872 9.922456 -0.6383
v -1.667448 9.994474 -0.284278
v -1.307198 9.96833 -0.568226
v -0.084389 12.381487 -0.303939
v -0.122795 12.36888 -0.821661
v -0.677058 12.252024 -1.144078
v -0.147936 12.195376 -1.23104
v -1.353046 9.842569 -0.964161
v -1.024699 9.847631 -1.08136
v -1.170928 10.005151 -0.87131
v -0.360383 9.440779 -1.689427
v -0.383855 9.495084 -2.063489
v -0.645528 9.516842 -1.458077
v -0.700427 9.437819 -1.679461
v -1.117903 10.48139 -0.813615
v -0.856721 9.711519 -1.285572
v -0.540418 9.768643 -1.267485
v -0.777588 9.931636 -1.224844
v -1.177617 9.642493 -1.221819
v -1.451833 9.741541 -0.645691
v -1.662278 10.010743 -1.15765
v -1.752683 9.800693 -0.942795
v -1.663255 9.646096 0.095841
v -1.721815 9.866216 0.065892
v -1.935377 10.110788 -0.333951
v -1.367094 10.140858 -0.296263
v -1.350611 11.623221 -0.476369
v -1.037311 10.180494 -0.102467
v -0.846695 10.133052 -0.005817
v -0.993192 9.621719 -1.486505
v -1.124684 9.730153 -1.743904
v -1.283409 9.494218 -1.375342
v -1.494501 9.750957 -1.357698
v -1.944513 9.867543 -0.066784
v -0.321166 9.607343 -1.46035
v -1.058902 12.200944 -0.355566
v -0.228069 10.339747 -1.388812
v -0.258359 9.919912 -1.358186
v 0.0 10.313073 -1.384256
v -1.011132 12.209476 -0.693925
v -0.729498 10.384449 -1.244534
v 1.116423 8.995486 -0.990596
v 0.89633 9.088663 -0.70378
v 1.262425 8.971464 -0.921869
v 0.683835 9.374963 -1.920263
v 1.385628 9.547816 -1.646477
v 0.0 9.289293 -1.766254
v 0.131071 9.374679 -2.015445
v 1.379686 9.35695 -1.408236
v 1.753837 9.458492 -1.196075
v 0.847607 9.695819 -0.117038
v 2.041582 9.865104 -0.337385
v 0.428317 9.150565 -2.194129
v 0.054882 9.041749 -2.072214
v 0.452673 8.94429 -0.937303
v 0.286777 8.685905 -1.29533
v 0.0 8.881611 -0.99509
v 0.828893 8.75282 -1.161938
v 0.551603 8.938981 -1.256818
v 0.0 9.911139 -0.210711
v 0.508641 9.582184 -0.236266
v 0.0 9.451881 -0.487278
v 0.460573 9.989619 -0.159057
v 1.409948 9.201683 -0.488376
v 0.993565 8.818399 -1.441131
v 0.751007 9.054419 -1.783096
v 0.70611 8.934369 -1.594707
v 1.836623 9.571855 -0.618247
v 1.597545 9.379074 -0.576047
v 0.958275 9.340251 -0.305722
v 1.197281 9.445092 -0.181589
v 2.009532 9.617429 -0.325535
v 1.589744 9.37101 -0.171986
v 0.0 8.775318 -1.43235
v 0.471115 9.138069 -0.492618
v 0.0 9.135248 -0.701858
v 0.36809 8.83662 -2.100231
v 0.732589 9.087564 -1.991791
v 1.207431 9.010011 -1.790856
v -0.683835 9.374965 -1.920263
v -1.385628 9.547816 -1.646477
v -0.13107 9.37468 -2.015445
v -1.753837 9.458492 -1.196076
v -1.379686 9.356951 -1.408237
v -1.197281 9.445091 -0.181589
v -1.597545 9.379074 -0.576047
v -1.589744 9.37101 -0.171986
v -0.847607 9.695819 -0.117038
v -2.041582 9.865104 -0.337385
v -0.428317 9.150565 -2.194129
v -0.054882 9.041749 -2.072214
v -0.828893 8.75282 -1.161938
v -0.452673 8.944291 -0.937303
v -0.551603 8.938982 -1.256818
v -0.508641 9.582184 -0.236266
v -0.460573 9.989619 -0.159057
v -0.89633 9.088663 -0.70378
v -0.958275 9.34025 -0.305723
v -0.471115 9.138069 -0.492618
v -1.409948 9.201683 -0.488376
v -1.262424 8.971464 -0.921869
v -0.751007 9.054419 -1.783096
v -0.993565 8.818399 -1.441131
v -0.70611 8.934369 -1.594707
v -1.836623 9.571855 -0.618247
v -2.009531 9.617429 -0.325535
v -0.286777 8.685905 -1.29533
v -0.36809 8.83662 -2.100231
v -0.732589 9.087564 -1.991791
v -1.207431 9.010011 -1.790856
v 0.165934 7.224732 -1.382038
v -4.329308 8.819732 0.369852
v -4.278298 8.812519 0.325436
v -0.036466 10.232922 1.220318
v -0.216454 10.296242 1.025545
v -0.231514 10.137858 1.07479
v -0.320473 10.132291 1.041593
v 0.216454 10.296242 1.025545
v 0.320473 10.132291 1.041593
v -0.0 9.567746 0.892373
v 3.576403 8.824293 -0.267029
v -2.465851 9.185172 -0.331724
v -3.579249 9.12526 -0.28309
v 3.709286 8.999595 0.100216
v 3.707227 8.817923 0.033671
v 3.579945 8.778412 -0.13833
v 3.579945 8.810929 0.029484
v 3.579945 9.166452 -0.138329
v 3.713978 9.104759 0.022444
v 3.588403 9.106225 0.025102
v 3.706127 9.129407 -0.282085
v 3.579945 9.135116 -0.285439
v 3.70987 8.825052 -0.276871
v 3.582122 8.81382 -0.280965
v -3.711376 8.994084 0.132483
v -3.711134 9.111309 0.022871
v -3.580032 9.174098 -0.140043
v -3.582713 9.119323 0.025956
v -3.707227 8.817923 0.033671
v -3.706127 9.129409 -0.282086
v -3.579945 9.135117 -0.285439
v -3.579945 8.810927 0.029483
v -1.130854 6.609752 1.185773
v 2.465874 9.001954 -0.458307
v 2.311728 8.998389 -0.45062
v 2.311728 8.779917 -0.372299
v 2.311728 8.979573 0.152876
v 2.465851 8.971619 0.147848
v 2.311728 8.774451 0.094673
v 3.563508 8.95825 0.098789
v -2.311728 8.774453 0.094673
v -2.311728 8.779919 -0.3723
v 2.311728 9.175519 0.064001
v 1.896949 6.145766 0.659386
v 2.077723 6.024963 0.275356
v 2.116712 5.927345 -0.434166
v 1.895496 5.935718 -1.133855
v 4.701777 9.066253 -0.345049
v 4.688563 8.919022 -0.404572
v 0.087296 3.052773 -0.272221
v 0.376632 3.052773 -0.439788
v 0.370775 3.632692 -0.324313
v 0.094769 3.626064 -0.180451
v 0.395024 3.789522 0.407517
v 0.071463 3.789521 0.218962
v 0.066909 3.951404 0.237523
v 0.397667 3.951404 0.42359
v 0.38181 3.587152 0.313344
v 0.676026 3.789522 0.20555
v 0.662979 3.604625 0.199204
v 0.708478 3.951404 0.211985
v 0.465492 1.414697 0.115076
v 0.448982 1.414697 -0.156933
v 0.437875 1.162844 -0.153571
v 0.463959 1.094711 0.129712
v 0.361354 2.590973 0.283837
v 0.312222 1.414699 0.184152
v 0.153341 1.414697 0.115562
v 0.107992 2.590973 0.191697
v 0.309459 1.414697 -0.214478
v 0.361835 2.590973 -0.44261
v 0.092984 2.590973 -0.267345
v 0.173264 1.414697 -0.163445
v 0.305297 1.177298 -0.209537
v 0.651787 2.590973 -0.258492
v 0.101429 4.339789 -0.210487
v 0.084285 4.339789 0.240072
v 0.078478 3.951404 -0.1778
v 0.149569 1.162844 -0.156708
v 0.135351 1.092177 0.135373
v 0.305297 0.999548 -0.26425
v 0.476687 0.975623 -0.179073
v 0.50066 0.842514 0.202002
v 0.426337 4.339789 0.470997
v 0.793636 4.339789 0.247095
v 0.383754 3.951404 -0.309162
v 0.417057 4.339789 -0.358345
v 0.300173 1.046587 0.212017
v 0.370331 3.052773 0.303617
v 0.103704 3.052773 0.200092
v 0.11806 3.605394 0.168184
v 0.301487 0.80282 0.319319
v 0.072529 3.789521 -0.172117
v 0.371008 3.789522 -0.291758
v 0.642522 3.789522 -0.167646
v 0.676229 3.951404 -0.175977
v 0.669008 3.052773 0.204169
v 0.642993 2.590973 0.194706
v 0.767931 4.339789 -0.215904
v 0.642952 3.626366 -0.173776
v 0.681177 3.052773 -0.251072
v -0.376632 3.052773 -0.439788
v -0.087296 3.052773 -0.272221
v -0.094769 3.626064 -0.180451
v -0.370775 3.632691 -0.324313
v -0.071463 3.789521 0.218962
v -0.395024 3.789521 0.407517
v -0.397667 3.951404 0.42359
v -0.066909 3.951404 0.237523
v -0.38181 3.587152 0.313344
v -0.662979 3.604625 0.199204
v -0.676026 3.789521 0.20555
v -0.708478 3.951404 0.211985
v -0.312222 1.414699 0.184152
v -0.361354 2.590973 0.283837
v -0.107992 2.590973 0.191697
v -0.153342 1.414698 0.115562
v -0.092984 2.590973 -0.267345
v -0.173264 1.414698 -0.163445
v -0.361835 2.590973 -0.44261
v -0.309459 1.414698 -0.214478
v -0.305297 1.177299 -0.209537
v -0.448982 1.414698 -0.156933
v -0.437875 1.162844 -0.153571
v -0.651787 2.590973 -0.258492
v -0.642522 3.789521 -0.167646
v -0.676229 3.951404 -0.175977
v -0.642952 3.626366 -0.173776
v -0.669008 3.052773 0.204169
v -0.681177 3.052773 -0.251072
v -0.149569 1.162844 -0.156708
v -0.135351 1.092177 0.135373
v -0.130403 0.975623 -0.179073
v -0.109937 0.842514 0.202002
v -0.305297 0.999548 -0.26425
v -0.463959 1.094711 0.129712
v -0.426337 4.339788 0.470997
v -0.084285 4.339788 0.240072
v -0.793636 4.339788 0.247095
v -0.767931 4.339789 -0.215904
v -0.417057 4.339788 -0.358345
v -0.383754 3.951404 -0.309162
v -0.078478 3.951404 -0.1778
v -0.101429 4.339789 -0.210487
v -0.300173 1.046587 0.212017
v -0.370331 3.052773 0.303617
v -0.11806 3.605394 0.168184
v -0.103705 3.052773 0.200091
v -0.301487 0.80282 0.319319
v -0.371008 3.789521 -0.291758
v -0.072529 3.789521 -0.172117
v -0.465492 1.414698 0.115076
v -0.642994 2.590973 0.194706
v 0.3053 0.022029 -0.241552
v 0.305298 0.739678 -0.393901
v 0.305298 0.626418 -0.38944
v 0.074817 0.324613 0.138877
v 0.039008 0.022029 0.364852
v 0.305297 0.858453 -0.328281
v 0.131741 0.811984 -0.216371
v 0.102776 0.718631 -0.239934
v 0.297346 0.59717 0.435202
v -0.3053 0.022029 -0.241552
v -0.565823 0.324613 0.138877
v -0.571707 0.022029 0.373851
v -0.297346 0.59717 0.435202
v -0.305298 0.626418 -0.38944
v -0.507821 0.71863 -0.239934
v -0.305298 0.739678 -0.393901
v -0.305297 0.858453 -0.328281
v -0.478856 0.811984 -0.216371
v -0.0 7.74077 0.641401
v 0.40443 9.22716 -0.647761
v 0.0 9.235419 -0.711297
v 0.0 8.917599 -0.79925
v 0.480699 8.912451 -0.745724
v 0.0 8.59009 -0.77853
v 0.271641 9.241345 0.284668
v 0.459089 9.054558 0.443124
v 0.635026 8.469548 0.714843
v 0.567072 8.824799 0.637303
v -0.459089 9.054558 0.443124
v -0.0 8.975655 0.600379
v -0.0 8.776816 0.735355
v -0.567073 8.824799 0.637302
v -0.635026 8.469548 0.714843
v -0.0 8.444164 0.825578
v 0.0 9.235418 -0.711297
v -2.115018 6.136826 -0.427318
v -1.977222 6.397494 -0.408092
v -1.997962 6.453087 0.290684
v -2.083928 6.220861 0.286246
v -2.116712 5.927345 -0.434167
v -2.077723 6.024963 0.275356
v -1.358392 7.274818 0.274076
v -1.375961 7.276076 -0.262042
v -1.903069 6.141765 -1.124461
v -1.895496 5.935718 -1.133855
v -1.455912 6.097671 -1.582103
v -1.440749 6.883926 -0.977087
v -1.653545 6.69722 -1.090891
v -1.778223 6.744814 0.278238
v -1.921617 6.608648 0.266214
v -1.937439 6.618064 -0.401702
v -1.713974 6.781487 -0.376694
v -1.716124 6.446304 -1.099568
v -0.797496 7.382179 -1.06773
v -1.167912 7.327048 -0.787387
v -1.907998 6.338518 0.662928
v -1.896949 6.145766 0.659386
v -1.251936 7.255954 0.55178
v -1.842693 6.563594 0.65062
v 1.977222 6.397494 -0.408092
v 2.115018 6.136826 -0.427318
v 2.083928 6.220861 0.286246
v 1.997962 6.453087 0.290684
v 1.937439 6.618064 -0.401702
v 1.653545 6.69722 -1.09089
v 1.716124 6.446304 -1.099567
v 1.842693 6.563594 0.65062
v 1.71371 6.655821 0.613429
v 1.921617 6.608648 0.266214
v 0.82975 7.035794 1.154315
v 1.903069 6.141765 -1.124461
v 1.358392 7.274818 0.274077
v 1.375961 7.276076 -0.262042
v 1.713974 6.781487 -0.376694
v 1.778223 6.744814 0.278238
v 0.797497 7.382179 -1.06773
v 1.167912 7.327048 -0.787386
v 1.440749 6.883926 -0.977087
v 1.251936 7.255954 0.55178
v 1.682944 6.76068 0.611
v 1.907998 6.338518 0.662928
v 0.994762 7.111894 -1.280106
v 0.657513 9.477089 -0.498211
v 0.657513 9.58894 -0.153976
v 0.657513 9.477089 0.190259
v 0.657513 9.184262 0.403011
v 0.657513 8.82231 0.403011
v 0.657513 8.529487 0.190259
v 0.657513 8.417638 -0.153976
v 0.657513 8.529487 -0.498212
v 0.657513 8.82231 -0.71096
v 0.657513 9.184262 -0.71096
v 2.311728 9.193918 -0.334805
v 1.864226 8.972071 0.142997
v 1.864226 9.01856 -0.448057
v 0.710691 6.862454 1.202245
v 1.130853 6.609752 1.185773
v -1.621098 6.305316 0.959421
v 2.154194 8.788018 -0.38242
v 2.156075 8.769526 0.070342
v 2.154639 9.008679 -0.443878
v 2.152035 9.173561 0.057172
v 2.153504 9.186283 -0.330263
v 2.152035 8.97366 0.139063
v 1.621098 6.305316 0.959421
v 1.455912 6.097671 -1.582103
v 4.344836 8.995363 0.359117
v 4.308691 8.899041 0.407147
v 4.541212 9.166237 0.215713
v 5.185995 9.153568 -0.108201
v 5.058322 9.164992 0.010113
v 5.059318 9.157399 -0.118324
v 4.809126 9.003564 -0.237422
v 4.816103 9.119754 -0.311414
v 4.995438 9.014736 -0.236384
v 5.003418 9.119977 -0.300785
v 5.113785 9.031807 -0.235419
v 5.116767 9.119418 -0.295458
v 4.823598 9.058805 -0.353032
v 4.813803 8.929994 -0.404763
v 4.278297 8.812516 0.325436
v 4.795886 9.158071 0.199512
v 4.779489 9.007977 0.132052
v 4.547056 9.194735 0.036524
v 4.799375 9.158827 0.058142
v 4.546119 8.890056 0.463927
v 4.697407 9.049452 -0.477914
v 4.820268 9.045348 -0.467426
v 4.917413 9.043911 -0.459283
v 4.918296 9.056308 -0.361685
v 3.703334 8.996533 -0.370866
v 3.579946 8.994972 -0.368079
v 4.999411 9.145747 0.187178
v 4.856925 9.176245 0.016004
v 4.858891 9.161275 -0.128368
v 3.579946 8.983365 0.100295
v 4.914518 8.946722 -0.403416
v 4.462901 9.226571 0.033351
v 4.468523 9.153199 -0.332863
v 4.550272 8.893709 0.520587
v 4.813283 9.009833 0.131998
v 4.329308 8.819732 0.369852
v 1.604341 8.976435 -0.479745
v 1.604341 8.81417 -0.438105
v -0.657513 9.588939 -0.153976
v -0.657513 9.477088 -0.498212
v -0.657513 9.477088 0.190259
v -0.657513 9.184263 0.403011
v -0.657513 8.82231 0.40301
v -0.657513 8.529487 0.190259
v -0.657513 8.417638 -0.153976
v -0.657513 8.529487 -0.498212
v -0.657513 8.82231 -0.71096
v -0.657513 9.184263 -0.71096
v -2.311728 9.19392 -0.334805
v -2.311728 9.175521 0.064001
v -2.465851 8.983979 0.173755
v -2.311728 8.979574 0.152876
v -1.864226 8.972072 0.142997
v -1.864226 9.018561 -0.448057
v -2.465851 8.998592 -0.446086
v -3.568918 8.993855 -0.349398
v -3.576698 8.969976 0.147142
v -2.311728 8.998392 -0.450621
v -2.152035 9.173561 0.057171
v -2.152035 8.97366 0.139062
v -2.154194 8.78802 -0.38242
v -2.156074 8.769527 0.070342
v -2.154639 9.008678 -0.443878
v -2.153503 9.186283 -0.330263
v -4.558485 9.172638 -0.14811
v -4.856925 9.176246 0.016003
v -4.858891 9.161276 -0.128369
v -4.917414 9.043913 -0.459284
v -4.816103 9.119755 -0.311415
v -4.525929 9.118248 -0.337132
v -4.818169 9.149752 -0.168673
v -5.058322 9.164993 0.010112
v -5.050971 9.041224 -0.053494
v -5.178252 9.05926 -0.052473
v -5.185991 9.157163 0.003152
v -5.093967 9.042184 0.128365
v -5.09669 9.137823 0.178314
v -5.059319 9.1574 -0.118325
v -4.697407 9.049454 -0.477915
v -4.688563 8.919024 -0.404573
v -4.308691 8.899041 0.407146
v -4.541213 9.166239 0.215712
v -4.795886 9.158072 0.199511
v -4.799375 9.158829 0.058141
v -4.546119 8.890056 0.463926
v -4.701777 9.066254 -0.34505
v -4.823598 9.058805 -0.353033
v -4.820268 9.045349 -0.467426
v -4.813804 8.929995 -0.404764
v -3.584125 8.97234 0.164831
v -5.002118 9.146077 0.070946
v -4.841847 9.025775 -0.054277
v -5.006853 9.141463 -0.17572
v -5.121326 9.137325 -0.182833
v -5.116768 9.119419 -0.295459
v -5.003419 9.119978 -0.300786
v -4.995438 9.014738 -0.236385
v -5.113785 9.031808 -0.23542
v -3.699885 8.996447 -0.364868
v -4.369552 9.14481 0.238815
v 3.576726 8.970957 -0.355651
v -4.550272 8.893709 0.520586
v -4.813283 9.009836 0.131998
v -4.779489 9.007979 0.132051
v -1.604341 8.814168 0.123989
v 0.881973 10.785793 0.648968
v 1.039495 11.067704 0.440836
v 0.942044 10.669563 0.583498
v 0.650246 11.24416 0.927482
v 0.424078 10.25335 0.908084
v 0.539692 10.224376 0.920962
v 0.804739 10.935229 0.733142
v 0.966711 11.232802 0.591643
v 0.355089 10.719894 0.933687
v 0.293947 10.599228 0.950517
v 0.434391 10.800177 0.898453
v -1.039495 11.067704 0.440836
v -0.881973 10.785793 0.648967
v -0.942044 10.669563 0.583498
v -0.657226 11.081445 0.880747
v -0.650246 11.24416 0.927482
v -0.966711 11.232802 0.591643
v -0.804739 10.935229 0.733142
v -0.293947 10.599228 0.950517
v -0.434391 10.800177 0.898453
v -0.428102 10.872908 0.904771
v -0.333699 10.779288 0.942142
v -0.355089 10.719894 0.933687
v 0.447826 9.63918 0.610785
v 0.892567 10.127306 0.624436
v 0.795467 10.120966 0.776871
v 0.12127 10.42594 1.044648
v 0.0 9.307664 0.222576
v 0.0 9.446307 0.246876
v 0.328011 9.359486 0.072958
v 0.276144 9.622218 -0.345262
v 0.276661 9.479099 -0.355886
v 0.0 9.652542 -0.469056
v 0.0 9.503186 -0.488405
v 0.0 9.584717 0.285035
v 0.554219 10.125573 0.942485
v -0.0 9.53515 0.491358
v -0.0 11.418651 1.115223
v -0.0 11.645209 1.051097
v 0.318959 11.639885 0.989591
v 0.344632 11.424718 1.055001
v 0.06813 10.608052 1.070907
v 0.060635 10.433573 1.067572
v -0.0 10.441208 1.076158
v -0.0 10.607988 1.080352
v 0.102983 10.817453 1.104623
v -0.0 10.812762 1.123711
v 0.926811 10.134912 0.452004
v -0.892567 10.127306 0.624436
v -0.795467 10.120966 0.776871
v -0.121271 10.42594 1.044648
v -0.328011 9.359486 0.072958
v -0.276661 9.479099 -0.355886
v -0.276144 9.622218 -0.345262
v -0.862405 9.989252 0.619418
v -0.554219 10.125573 0.942484
v -0.318959 11.639885 0.989591
v -0.344632 11.424718 1.055
v -0.06813 10.608052 1.070907
v -0.060635 10.433573 1.067572
v -0.447826 9.63918 0.610785
v 1.131296 10.183416 -0.073594
v 1.142665 10.187409 -0.181458
v 0.985388 10.12885 -0.028813
v 1.019983 10.135849 0.082874
v 1.278289 10.339935 -0.195045
v -1.138191 10.393534 -0.102951
v -1.278289 10.339935 -0.195045
v -0.0 9.654164 0.938234
v -0.0 9.738459 0.954565
v -0.0 9.891439 1.050371
v -0.0 9.795377 0.962084
v -0.0 9.819728 1.04271
v -0.0 9.850559 1.056659
v -0.163302 9.671893 0.9289
v -0.098188 9.744868 0.95236
v -0.15849 9.979289 1.002335
v -0.15849 9.893514 0.982026
v -0.080297 9.882048 1.012945
v -0.080297 9.971747 1.034183
v 0.080297 9.971747 1.034183
v 0.080297 9.882048 1.012945
v 0.15849 9.893514 0.982026
v 0.15849 9.979289 1.002335
v -0.188243 12.314956 -0.604602
v -0.233849 12.867351 -0.714708
v -0.402129 12.706739 -0.552274
v -0.347827 12.314956 -0.497972
v -0.233851 12.867351 0.414418
v -0.188243 12.314956 0.304313
v -0.347827 12.314956 0.197682
v -0.402129 12.706739 0.251984
v -0.313043 12.314956 0.162898
v -0.169419 12.314956 0.258866
v -0.207535 12.885716 0.350888
v -0.361916 12.744418 0.211771
v 0.0 12.314956 0.292566
v 0.0 13.08354 0.466462
v -0.169419 12.314956 -0.559156
v -0.313043 12.314956 -0.463188
v -0.361916 12.744418 -0.512061
v -0.207535 12.885716 -0.651178
v 0.0 13.08354 -0.766751
v 0.0 12.314956 -0.592856
v 0.0 13.08354 0.534974
v 0.0 13.08354 -0.835264
v 0.233851 12.867351 -0.714708
v 0.188243 12.314956 -0.604602
v 0.347827 12.314956 -0.497972
v 0.402129 12.706739 -0.552274
v 0.207535 12.885716 -0.651178
v 0.361916 12.744418 -0.512059
v 0.188243 12.314956 0.304313
v 0.233849 12.867351 0.414418
v 0.402129 12.706739 0.251984
v 0.347827 12.314956 0.197682
v 0.361916 12.744418 0.211771
v 0.207535 12.885716 0.350888
v 0.313043 12.314956 0.162898
v 0.169419 12.314956 0.258866
v 0.169419 12.314956 -0.559156
v 0.313046 12.314956 -0.463188
v 0.0 12.314956 0.341756
v 0.0 12.314956 -0.642046
v -0.454457 12.314956 0.038096
v -0.564563 12.867351 0.083704
v -0.564563 12.867351 -0.383994
v -0.454457 12.314956 -0.338386
v -0.442711 12.314956 -0.150145
v -0.409011 12.314956 0.019274
v -0.501035 12.885716 0.05739
v -0.616609 13.08354 -0.150145
v -0.409011 12.314956 -0.319564
v -0.501035 12.885716 -0.35768
v -0.685121 13.08354 -0.150145
v 0.454457 12.314956 -0.338386
v 0.564563 12.867351 -0.383994
v 0.564563 12.867351 0.083704
v 0.454457 12.314956 0.038098
v 0.442711 12.314956 -0.150145
v 0.616609 13.08354 -0.150145
v 0.501035 12.885716 0.05739
v 0.409011 12.314956 0.019274
v 0.409011 12.314956 -0.319561
v 0.501035 12.885716 -0.35768
v 0.685121 13.08354 -0.150145
v -0.491901 12.314956 -0.150145
v 0.491901 12.314956 -0.150145
v -0.693426 12.581577 -0.150145
v -0.650502 12.593498 -0.047889
v -0.506639 12.633981 0.053632
v -0.547606 12.62237 0.043199
v -0.590604 12.762547 -0.017889
v -0.555661 12.783202 -0.010262
v -0.488065 12.471843 -0.001198
v -0.531132 12.468194 -0.009321
v -0.517316 12.405524 -0.150145
v -0.548191 12.408874 -0.150145
v -0.488065 12.471843 -0.299092
v -0.531132 12.468194 -0.290969
v -0.578109 12.747338 -0.033207
v -0.635951 12.79865 -0.150145
v -0.590604 12.762547 -0.282401
v -0.547606 12.62237 -0.343489
v -0.614147 12.818026 -0.150145
v -0.555659 12.783202 -0.290031
v -0.506639 12.633981 -0.353921
v 0.648469 12.490158 -0.150145
v 0.693426 12.581577 -0.150145
v 0.547606 12.62237 0.043199
v 0.506639 12.633981 0.053632
v 0.555661 12.783202 -0.010262
v 0.590604 12.762547 -0.017889
v 0.531132 12.468194 -0.009321
v 0.488065 12.471843 -0.001198
v 0.548191 12.408874 -0.150145
v 0.517316 12.405524 -0.150145
v 0.531132 12.468194 -0.290969
v 0.488065 12.471843 -0.299092
v 0.635951 12.79865 -0.150145
v 0.590604 12.762547 -0.282401
v 0.529591 12.488828 -0.27466
v 0.547606 12.62237 -0.343489
v 0.614147 12.818026 -0.150145
v 0.555659 12.783202 -0.290031
v 0.506638 12.633981 -0.353922
v -0.960211 10.155719 0.389787
v -0.94107 10.337257 0.388411
v -1.339335 10.016782 0.000714
v -1.072544 10.489405 0.229355
v -0.965389 10.409498 0.353677
v -1.363655 10.089021 -0.034018
v 0.94107 10.337257 0.388412
v 1.232178 9.936875 0.125036
v 1.339335 10.016782 0.000714
v 0.965389 10.409498 0.353678
v 1.363655 10.089021 -0.034018
v 1.344514 10.270559 -0.035394
v 0.249735 8.724607 0.829623
v -0.249735 8.724607 0.829623
v 0.141882 11.550105 1.424207
v 0.684217 11.121986 1.228324
v 0.555528 11.160037 0.95096
v 0.0 12.275295 0.345524
v -0.90128 10.912427 0.899913
v -0.684217 11.121986 1.228324
v -0.141882 11.550105 1.424207
v -0.889347 12.584662 0.301074
v -0.555528 11.160037 0.95096
v -0.838463 10.935115 0.683205
v 1.176827 11.982338 -0.812243
v 0.332632 8.647062 -1.820104
v 1.541246 9.086747 -1.0567
v 1.195037 9.393777 -1.852363
v 0.930078 9.468681 -1.899095
v 1.32891 9.139778 -1.250051
v 0.0 8.954927 -1.892793
v 0.0 8.954929 -1.892793
v -1.541245 9.086747 -1.0567
v -0.930078 9.468682 -1.899095
v -1.195036 9.393779 -1.852363
v -1.116423 8.995486 -0.990596
v -1.32891 9.139778 -1.250051
v -0.332632 8.647062 -1.820104
v -0.798853 9.926377 0.698116
v -0.074117 10.293664 1.124592
v -0.0 10.327011 1.13559
v -3.573048 8.994796 -0.356082
v 0.204439 10.021955 1.072284
v 4.558484 9.172636 -0.148109
v 4.818169 9.149751 -0.168672
v 5.006852 9.141461 -0.17572
v 0.08709 2.807289 -0.278489
v 0.368657 2.807289 -0.460242
v 0.683383 2.807289 -0.269297
v -0.683383 2.807289 -0.269297
v -0.368657 2.807289 -0.460242
v -0.08709 2.807289 -0.278489
v 0.505886 0.586711 0.319365
v 0.458723 0.347152 0.485621
v -0.104708 0.586711 0.319365
v -0.151883 0.347152 0.485621
v 0.460919 8.359835 -0.638109
v 0.801145 8.362504 -0.432323
v 0.921807 8.362814 -0.069761
v 0.841459 8.133864 -0.004756
v 0.871246 8.375252 0.358024
v 0.732925 8.11282 0.341274
v 0.443604 8.088184 0.580161
v -0.0 8.05794 0.680322
v -0.443604 8.088184 0.580161
v -0.871246 8.375252 0.358024
v -0.732925 8.11282 0.341274
v -0.921807 8.362814 -0.069761
v -0.841459 8.133864 -0.004756
v -0.801145 8.362504 -0.432323
v -0.744666 8.138301 -0.350009
v -0.460919 8.359835 -0.638109
v 0.0 8.359835 -0.696303
v 5.178251 9.059259 -0.052472
v 5.05097 9.041223 -0.053493
v 4.841847 9.025773 -0.054276
v -4.809126 9.003566 -0.237423
v 0.596382 10.282347 0.833854
v 0.517595 10.256981 0.883467
v -0.204439 10.021955 1.072284
v -0.276354 9.992645 1.042347
v -0.267576 9.918634 1.009332
v 0.186456 12.742893 0.374259
v 0.246778 12.703426 0.339952
v 0.266724 12.654806 0.324743
v 0.256347 12.602494 0.320765
v 0.198089 12.550695 0.333601
v 0.117673 12.53895 0.361512
v 0.114626 12.463218 0.338941
v 0.06058 12.397052 0.341642
v 0.0 12.374647 0.358864
v -0.06058 12.397052 0.34164
v -0.114626 12.463218 0.338941
v -0.117673 12.53895 0.361512
v -0.198089 12.550695 0.333601
v -0.256347 12.602494 0.320762
v -0.266727 12.654806 0.324743
v -0.246778 12.703426 0.339952
v -0.186456 12.742893 0.374259
v -0.110512 12.73651 0.401262
v -0.107651 12.805526 0.428547
v -0.056895 12.852817 0.46894
v 0.0 12.859365 0.494657
v 0.056895 12.852817 0.46894
v 0.107651 12.805526 0.428547
v 0.110512 12.73651 0.401262
v 0.246778 12.703426 -0.6495
v 0.186456 12.742893 -0.683806
v 0.110512 12.73651 -0.71081
v 0.107651 12.805526 -0.738094
v 0.056895 12.852817 -0.778488
v 0.0 12.859365 -0.804205
v -0.056895 12.852817 -0.778488
v -0.107651 12.805526 -0.738094
v -0.110512 12.73651 -0.71081
v -0.186456 12.742893 -0.683806
v -0.246778 12.703426 -0.6495
v -0.266727 12.654806 -0.634291
v -0.256347 12.602494 -0.63031
v -0.198089 12.550695 -0.643149
v -0.117673 12.53895 -0.671059
v -0.114626 12.463218 -0.648489
v -0.06058 12.397052 -0.651188
v 0.0 12.374647 -0.668411
v 0.06058 12.397052 -0.65119
v 0.114626 12.463218 -0.648489
v 0.117673 12.53895 -0.671059
v 0.198089 12.550695 -0.643149
v 0.256347 12.602494 -0.630312
v 0.266724 12.654806 -0.634291
v -1.026358 10.458717 0.14611
v -1.067995 10.489457 0.097839
v -1.271535 10.4312 0.023373
v -1.202481 10.386765 -0.033742
v -1.191446 9.967732 0.301299
v -1.105207 9.937131 0.260914
v -1.059886 10.079121 0.428701
v -1.052285 10.149478 0.428362
v 1.102242 10.039515 0.388135
v 1.03319 9.99508 0.331021
v 1.236729 9.936819 0.256552
v 1.278364 9.967559 0.208283
v 1.252439 10.276801 -0.073972
v 1.244838 10.347159 -0.07431
v 1.199516 10.48915 0.093479
v 1.113277 10.458544 0.053094
v 1.260362 11.141522 -0.921162
v 1.270495 11.636758 -0.885095
v 0.777547 11.088177 -1.469648
v 0.775801 11.604175 -1.464848
v 0.183825 11.045651 -1.585154
v 0.175499 11.595539 -1.575057
v 0.0 11.036934 -1.527798
v 0.0 11.587765 -1.510574
v -0.183825 11.045651 -1.585154
v -0.175498 11.595539 -1.575057
v -0.777546 11.088177 -1.469648
v -0.7758 11.604175 -1.464848
v -1.260362 11.141522 -0.921162
v -1.270495 11.636758 -0.885095
v 0.750476 11.953261 -1.34161
v 0.163235 11.945726 -1.450724
v 0.0 11.945726 -1.412081
v -0.163235 11.945726 -1.450724
v -0.750475 11.953261 -1.34161
v -1.176827 11.982338 -0.812244
v -1.241849 11.971433 -0.413433
v 0.228069 10.339747 -1.388812
v -0.000189 3.832601 -0.000457
v 2.689181 1.644651 1.115586
v 3.007829 1.645008 -0.000458
v 2.689181 1.644652 -1.116505
v 3.614656 0.683534 0.401352
v 3.614656 0.683534 -0.402266
v 2.126801 1.645008 2.130486
v -2.68956 1.644652 -1.116505
v -3.008207 1.645008 -0.000456
v -2.689559 1.644651 1.115587
v -3.615033 0.683534 -0.402266
v -3.615033 0.683534 0.401352
v -2.127178 1.645008 2.130488
v -1.114163 1.644651 2.693917
v -2.839865 0.683534 2.276256
v -2.272677 0.683534 2.844501
v -2.127179 1.645008 -2.131401
v 2.126799 1.645008 -2.131403
v 2.839486 0.683534 2.276256
v 2.272298 0.683534 2.8445
v 1.113785 1.644652 -2.694831
v -1.114164 1.644652 -2.69483
v -2.272677 0.683535 -2.845415
v -2.839865 0.683535 -2.277173
v -0.000189 1.645007 3.013157
v -0.00019 1.645008 -3.014073
v 2.839487 0.683535 -2.277173
v 2.272298 0.683535 -2.845415
v 0.400874 0.683534 3.621112
v -0.401252 0.683534 3.621112
v 0.400874 0.683535 -3.622029
v -0.401252 0.683535 -3.622029
v 3.231726 0.683106 -1.341653
v -3.232104 0.683106 -1.341653
v 1.338515 0.683105 3.237472
v 1.113786 1.644651 2.693916
v -3.232104 0.683106 1.340734
v -1.338893 0.683105 3.237472
v -1.338893 0.683106 -3.238386
v 3.231726 0.683106 1.340734
v 1.338515 0.683106 -3.238386
v 0.0 9.612857 -0.528468
v 0.0 9.338544 -0.126223
v -0.228957 9.60731 -0.466209
v -0.396562 9.583361 -0.298469
v -0.457911 9.534646 -0.073623
v -0.396562 9.467413 0.146255
v -0.228957 9.410721 0.305214
v 0.0 9.38513 0.362097
v 0.228957 9.410721 0.305214
v 0.396562 9.467413 0.146255
v 0.457911 9.534646 -0.073623
v 0.396562 9.583361 -0.298469
v 0.228957 9.60731 -0.466209
v 0.45698 7.705025 -0.310926
v 0.576019 7.111138 -1.329487
v 1.064346 7.085387 -1.025583
v -0.45698 7.705025 -0.310926
v -1.390632 7.047712 -0.554207
v -1.064346 7.085387 -1.025583
v -0.576019 7.111138 -1.329487
v 0.576019 6.932227 1.151253
v 0.45698 7.598983 0.535329
v 1.064346 6.948703 0.914234
v 1.390637 6.973649 0.517397
v -0.45698 7.598983 0.535329
v -0.576019 6.932227 1.151253
v -1.064346 6.948703 0.914234
v 0.0 6.926374 1.243077
v 0.224169 5.804892 1.911072
v -0.224164 5.804892 1.911072
v 1.665594 5.834702 1.271357
v 1.363372 5.822875 1.529683
v 1.50521 7.003079 0.012091
v 2.132781 5.896914 -0.22542
v 2.140318 5.878566 0.211019
v 1.3571 5.962083 -1.6401
v 1.683275 5.947751 -1.367072
v -1.363368 5.822875 1.529683
v -1.665593 5.834702 1.271357
v -1.50521 7.003079 0.012091
v -2.140318 5.878566 0.211019
v -2.132781 5.896914 -0.22542
v -1.683274 5.947751 -1.367072
v -1.3571 5.962083 -1.6401
v 0.21716 5.984026 -2.113412
v 0.0 7.120186 -1.449472
v -0.21716 5.984026 -2.113412
v -1.390632 6.973649 0.517397
v 1.390637 7.047712 -0.554207
v 1.604341 8.976434 0.165628
v 1.804892 8.976434 0.225311
v 1.804892 8.785105 0.174332
v 1.604341 8.814169 0.123989
v 1.804892 8.645291 0.034127
v 1.604341 8.696977 0.004284
v 1.604341 8.651906 -0.157059
v 1.804892 8.593773 -0.15706
v 1.804892 8.645291 -0.348244
v 1.604341 8.696977 -0.318403
v 1.604341 8.976434 -0.479745
v 1.804892 8.976434 -0.539428
v 1.804892 9.167764 -0.488448
v 1.604341 9.138697 -0.438105
v 1.804892 9.307577 -0.348244
v 1.604341 9.255889 -0.318403
v 1.604341 9.30096 -0.157059
v 1.804892 9.359091 -0.157059
v 1.804892 9.307577 0.034127
v 1.604341 9.255889 0.004284
v 1.604341 9.138698 0.123989
v 1.804892 9.167764 0.174332
v 1.804892 8.593774 -0.157059
v 1.604341 8.651904 -0.15706
v 1.804892 8.645292 -0.348244
v 1.804892 8.785105 -0.488449
v 1.604341 8.814169 -0.438105
v 1.804892 9.359091 -0.157059
v 1.804892 9.307578 0.034127
v 1.96883 9.229293 0.280907
v 1.96883 8.976434 0.348283
v 1.96883 8.723571 0.280907
v 1.96883 8.538794 0.095612
v 1.96883 8.470712 -0.15706
v 1.96883 8.538794 -0.409728
v 1.96883 8.723571 -0.595026
v 1.96883 8.976434 -0.662399
v 1.96883 9.229293 -0.595026
v 1.96883 9.41407 -0.409728
v 1.96883 9.482158 -0.157059
v 1.96883 9.41407 0.095612
v -1.804892 8.976434 0.225311
v -1.604341 8.976435 0.165628
v -1.604341 8.814169 0.123989
v -1.804892 8.785105 0.174332
v -1.604341 8.696978 0.004284
v -1.804892 8.645292 0.034127
v -1.804892 8.593774 -0.15706
v -1.604341 8.651905 -0.15706
v -1.604341 8.696978 -0.318404
v -1.804891 8.645292 -0.348244
v -1.804891 8.976434 -0.539428
v -1.604341 8.976435 -0.479745
v -1.604341 9.138698 -0.438106
v -1.804891 9.167764 -0.488449
v -1.604341 9.255889 -0.318404
v -1.804891 9.307578 -0.348244
v -1.804892 9.359091 -0.15706
v -1.604341 9.300961 -0.15706
v -1.604341 9.255889 0.004284
v -1.804892 9.307578 0.034127
v -1.804892 9.167764 0.174332
v -1.604341 9.138698 0.123989
v -1.604341 8.651904 -0.15706
v -1.804891 8.785105 -0.488449
v -1.604341 8.814169 -0.438106
v -3.391147 8.707221 -0.454827
v -3.391147 8.971782 -0.583837
v -3.573048 8.994796 -0.356082
v -3.583162 8.818909 -0.277125
v -3.579945 8.778412 -0.138331
v -3.391147 8.597639 -0.14337
v -3.391147 9.236342 0.168085
v -3.391147 8.971782 0.297095
v -3.584125 8.97234 0.164831
v -3.582713 9.119323 0.025956
v -3.391147 9.345925 -0.14337
v -3.580032 9.174098 -0.140043
v -3.391147 8.707221 0.168085
v -3.579945 8.810927 0.029483
v -3.391147 9.236342 -0.454826
v -3.579945 9.135117 -0.285439
v 3.391147 9.345927 -0.143369
v 3.391147 9.236341 -0.454826
v 3.579945 9.135116 -0.285439
v 3.579945 9.166452 -0.138329
v 3.391147 8.597638 -0.143369
v 3.579945 8.778412 -0.13833
v 3.582122 8.81382 -0.280965
v 3.391147 8.70722 -0.454826
v 3.391147 8.70722 0.168085
v 3.579945 8.810929 0.029484
v 3.391147 8.971781 0.297096
v 3.391147 9.236341 0.168085
v 3.588403 9.106225 0.025102
v 3.579946 8.983365 0.100295
v 3.391147 8.971781 -0.583836
v 3.579946 8.994972 -0.368079
v 2.272488 0.673895 -2.844958
v 2.107284 1.582166 -2.637614
v 1.241383 1.62432 -3.002544
v 1.338704 0.673467 -3.237929
v -1.338704 0.673466 3.237931
v -2.272488 0.673894 2.84496
v -2.107284 1.582165 2.638662
v -1.241383 1.624319 3.002542
v -0.371908 1.582165 3.358817
v -0.401063 0.673894 3.621572
v 3.231915 0.673466 -1.341195
v 2.996967 1.624319 -1.243692
v 2.633239 1.582166 -2.110681
v 2.839676 0.673895 -2.276715
v 0.371908 1.582166 -3.357769
v 0.401063 0.673895 -3.621571
v 0.0 7.579682 0.686424
v 0.646268 7.645581 0.123732
v -0.646268 7.645581 0.123732
v -1.964876 5.922502 -0.828551
v -0.811404 5.974942 -1.94096
v -1.964876 5.855821 0.764135
v -0.797329 5.812617 1.747415
v 0.811404 5.974942 -1.94096
v 1.964876 5.922502 -0.828551
v 1.964876 5.855821 0.764135
v 0.797329 5.812617 1.747415
v 0.0 7.731078 -0.48724
v 0.516779 9.426265 -0.097592
v 0.447543 9.483911 -0.355728
v 0.258391 9.515821 -0.533537
v 0.0 9.526019 -0.602745
v -0.258391 9.515821 -0.533537
v -0.447543 9.483911 -0.355728
v -0.516779 9.426265 -0.097592
v -0.447543 9.353304 0.151336
v -0.258391 9.294289 0.332058
v 0.0 9.269056 0.397236
v 0.258391 9.294289 0.332058
v 0.447543 9.353304 0.151336
v -0.360871 9.091177 0.476916
v 0.0 9.066033 0.570652
v 0.360871 9.091177 0.476916
v 0.625049 9.159866 0.22083
v 0.721745 9.253701 -0.128989
v 0.625049 9.34159 -0.501646
v 0.360871 9.399668 -0.718167
v 0.0 9.42481 -0.811901
v -0.360871 9.399668 -0.718167
v -0.625049 9.34159 -0.501646
v -0.721745 9.253701 -0.128989
v -0.625049 9.159866 0.22083
v -1.96883 8.976434 0.348283
v -1.96883 9.229293 0.280907
v -1.96883 9.414069 0.095611
v -1.96883 9.482157 -0.15706
v -1.96883 9.414069 -0.409728
v -1.96883 9.229293 -0.595026
v -1.96883 8.976434 -0.6624
v -1.96883 8.723572 -0.595026
v -1.96883 8.538795 -0.409729
v -1.96883 8.470712 -0.15706
v -1.96883 8.538795 0.095611
v -1.96883 8.723572 0.280907
v -2.633239 1.582165 2.111729
v -2.839676 0.673894 2.276715
v -2.996967 1.624319 1.243694
v -3.231915 0.673466 1.341192
v -3.352057 1.582166 0.373122
v -3.614844 0.673895 0.40181
v -3.352057 1.582166 -0.372075
v -3.614844 0.673895 -0.401808
v -2.996966 1.624319 -1.243692
v -3.231915 0.673466 -1.341195
v -2.633239 1.582166 -2.110681
v -2.839675 0.673895 -2.276715
v -2.107284 1.582166 -2.637614
v -2.272488 0.673895 -2.844958
v -1.241383 1.62432 -3.002544
v -1.338704 0.673467 -3.237929
v -0.371908 1.582166 -3.357769
v -0.401063 0.673895 -3.621571
v 3.352057 1.582166 -0.372075
v 3.614845 0.673895 -0.401808
v 3.352057 1.582166 0.373122
v 3.614845 0.673895 0.40181
v 2.996967 1.624319 1.243694
v 3.231915 0.673466 1.341192
v 2.633239 1.582165 2.111729
v 2.839675 0.673894 2.276714
v 2.107284 1.582165 2.638662
v 2.272488 0.673894 2.844959
v 1.241383 1.624321 3.002544
v 1.338704 0.673466 3.23793
v 0.371908 1.582165 3.358817
v 0.401063 0.673894 3.621572
v -3.93765 0.042201 -0.462537
v -3.456902 0.04216 -1.445891
v -3.108237 0.042201 -2.484493
v -2.460441 0.042201 -3.138621
v -1.431895 0.042161 -3.490694
v -0.45806 0.042201 -3.976144
v 0.45806 0.042201 -3.976144
v 1.431895 0.042161 -3.490694
v 2.460444 0.042201 -3.138621
v 3.108237 0.042201 -2.484493
v 3.456902 0.04216 -1.445891
v 3.937653 0.042201 -0.462537
v 3.937653 0.042201 0.462539
v 3.456902 0.04216 1.445892
v 3.108236 0.0422 2.484494
v 2.460444 0.0422 3.138623
v 1.431895 0.04216 3.490696
v 0.45806 0.0422 3.976145
v -0.45806 0.0422 3.976145
v -1.431895 0.04216 3.490696
v -2.460441 0.0422 3.138623
v -3.108237 0.0422 2.484495
v -3.456902 0.04216 1.445893
v -3.937651 0.042201 0.462539
v 0.375665 1.590661 3.392743
v 0.304616 4.098437 2.527199
v 1.253922 1.633243 3.032872
v 0.998905 4.119619 2.289235
v 2.128569 1.590661 2.665314
v 1.667887 4.106713 1.99778
v 2.659837 1.590661 2.133059
v 2.098676 4.112978 1.588103
v 3.027239 1.633244 1.256256
v 2.405916 4.14028 0.959989
v 3.385916 1.590662 0.37689
v 2.656373 4.133093 0.285538
v 3.385916 1.590662 -0.375834
v 2.656373 4.142461 -0.315671
v 3.027239 1.633244 -1.256255
v 2.407576 4.170894 -1.028183
v 2.659837 1.590662 -2.132001
v 2.09632 4.164204 -1.709265
v 2.128569 1.590662 -2.664257
v 1.665531 4.171088 -2.132814
v 1.253922 1.633244 -3.032871
v 0.998905 4.193359 -2.408956
v 0.375665 1.590662 -3.391686
v 0.304616 4.180093 -2.687786
v -0.375665 1.590662 -3.391686
v -0.304616 4.180093 -2.687786
v -1.253922 1.633244 -3.032871
v -0.998905 4.193359 -2.408956
v -2.128569 1.590662 -2.664257
v -1.665531 4.171088 -2.132814
v -2.659837 1.590662 -2.132001
v -2.09632 4.164204 -1.709265
v -3.027239 1.633244 -1.256255
v -2.407571 4.170894 -1.028183
v -3.385916 1.590662 -0.375834
v -2.656373 4.142461 -0.315671
v -3.385916 1.590662 0.37689
v -2.656373 4.133093 0.285538
v -3.027239 1.633244 1.256256
v -2.405916 4.14028 0.959989
v -2.659837 1.590661 2.133059
v -2.098676 4.112978 1.588103
v -2.128569 1.590661 2.665314
v -1.667887 4.106713 1.99778
v -1.253922 1.633243 3.032872
v -0.998905 4.119619 2.289235
v -0.375665 1.590661 3.392743
v -0.304616 4.098437 2.527199
v -0.436394 0.935629 -3.772119
v -1.36417 0.984696 -3.325591
v -2.333262 0.935629 -2.978729
v -2.950415 0.935629 -2.355541
v -3.293395 0.984696 -1.377503
v -3.736123 0.935628 -0.440133
v -3.736123 0.935628 0.441188
v -3.293395 0.984695 1.377503
v -2.950415 0.935628 2.356598
v -2.333262 0.935628 2.979786
v -1.36417 0.984695 3.325591
v -0.436394 0.935628 3.773174
v 0.436394 0.935628 3.773174
v 1.36417 0.984695 3.325591
v 2.333262 0.935628 2.979786
v 2.950414 0.935628 2.356598
v 3.293395 0.984695 1.377503
v 3.736123 0.935628 0.441188
v 3.736123 0.935628 -0.440133
v 3.293395 0.984696 -1.377503
v 2.950415 0.935629 -2.355541
v 2.333262 0.935629 -2.978729
v 1.36417 0.984696 -3.325591
v 0.436394 0.935629 -3.772119
v 0.434391 10.800177 0.898453
v 0.479796 10.459873 0.916586
v 0.355089 10.719894 0.933687
v 0.424078 10.25335 0.908084
v 0.260168 10.296699 0.936666
v 0.266684 10.467846 0.94103
v 0.517595 10.256981 0.883467
v 0.596382 10.282347 0.833854
v 0.293947 10.599228 0.950517
v 0.780897 10.429389 0.644049
v 0.745268 10.344018 0.692491
v 0.744098 10.487886 0.695902
v 0.68925 10.473861 0.762117
v 0.802764 10.521542 0.640284
v 0.807119 10.616084 0.649113
v 0.557099 10.459855 0.872458
v 0.634402 10.459837 0.828331
v 0.532793 10.842366 0.86296
v 0.60308 10.85174 0.818331
v 0.789419 10.701063 0.658836
v 0.752416 10.780145 0.693035
v 0.696796 10.832991 0.760894
v -0.479796 10.459873 0.916585
v -0.434391 10.800177 0.898453
v -0.355089 10.719894 0.933687
v -0.260168 10.296699 0.936666
v -0.424078 10.25335 0.908084
v -0.266684 10.467846 0.94103
v -0.517596 10.256981 0.883467
v -0.596383 10.282347 0.833853
v -0.293947 10.599228 0.950517
v -0.745268 10.344018 0.692491
v -0.780898 10.429389 0.644049
v -0.744098 10.487886 0.695902
v -0.68925 10.473861 0.762117
v -0.802764 10.521542 0.640284
v -0.807119 10.616084 0.649113
v -0.557099 10.459855 0.872458
v -0.634402 10.459837 0.828331
v -0.532793 10.842366 0.86296
v -0.60308 10.85174 0.818331
v -0.789419 10.701063 0.658836
v -0.752416 10.780145 0.693035
v -0.696796 10.832991 0.760893

# 14409 Texture Coordinates
vt 0.5341 0.4986
vt 0.5357 0.5001
vt 0.5348 0.5024
vt 0.5341 0.4986
vt 0.5357 0.5001
vt 0.5348 0.5024
vt 0.5341 0.4986
vt 0.5348 0.5024
vt 0.5357 0.5001
vt 0.5341 0.4986
vt 0.5348 0.5024
vt 0.5357 0.5001
vt 0.5411 0.5052
vt 0.5384 0.5047
vt 0.5396 0.501
vt 0.5427 0.5005
vt 0.5411 0.5052
vt 0.5396 0.501
vt 0.5384 0.5047
vt 0.5348 0.5024
vt 0.5357 0.5001
vt 0.5396 0.501
vt 0.5384 0.5047
vt 0.5357 0.5001
vt 0.5411 0.5052
vt 0.5384 0.5047
vt 0.5396 0.501
vt 0.5427 0.5005
vt 0.5411 0.5052
vt 0.5396 0.501
vt 0.5384 0.5047
vt 0.5348 0.5024
vt 0.5357 0.5001
vt 0.5396 0.501
vt 0.5384 0.5047
vt 0.5357 0.5001
vt 0.5427 0.5005
vt 0.5396 0.501
vt 0.5384 0.5047
vt 0.5411 0.5052
vt 0.5427 0.5005
vt 0.5384 0.5047
vt 0.5396 0.501
vt 0.5357 0.5001
vt 0.5348 0.5024
vt 0.5384 0.5047
vt 0.5396 0.501
vt 0.5348 0.5024
vt 0.5427 0.5005
vt 0.5396 0.501
vt 0.5384 0.5047
vt 0.5411 0.5052
vt 0.5427 0.5005
vt 0.5384 0.5047
vt 0.5396 0.501
vt 0.5357 0.5001
vt 0.5348 0.5024
vt 0.5384 0.5047
vt 0.5396 0.501
vt 0.5348 0.5024
vt 0.0169 0.4807
vt 0.0286 0.4
vt 0.0151 0.3896
vt 0.5508 0.3281
vt 0.5508 0.3281
vt 0.5508 0.3281
vt 0.5508 0.3281
vt 0.5508 0.3281
vt 0.5508 0.3281
vt 0.5508 0.3281
vt 0.5508 0.3281
vt 0.5508 0.3281
vt 0.5508 0.3281
vt 0.5508 0.3281
vt 0.5508 0.3281
vt 0.4688 0.2031
vt 0.4688 0.2031
vt 0.4688 0.2031
vt 0.2751 0.0957
vt 0.2645 0.1009
vt 0.2748 0.0868
vt 0.265 0.0967
vt 0.2678 0.1012
vt 0.2605 0.1017
vt 0.2781 0.0874
vt 0.2751 0.0957
vt 0.2748 0.0868
vt 0.26 0.0863
vt 0.2695 0.0918
vt 0.2748 0.0868
vt 0.6563 0.5243
vt 0.6564 0.5315
vt 0.6568 0.5243
vt 0.6522 0.5242
vt 0.652 0.5249
vt 0.6533 0.5242
vt 0.6641 0.5234
vt 0.6641 0.5234
vt 0.6641 0.5234
vt 0.2995 0.5936
vt 0.305 0.6042
vt 0.2967 0.6076
vt 0.331 0.6184
vt 0.3296 0.611
vt 0.3252 0.611
vt 0.305 0.6042
vt 0.3089 0.5898
vt 0.3128 0.5949
vt 0.2775 0.5577
vt 0.2775 0.5716
vt 0.2696 0.5657
vt 0.3168 0.5417
vt 0.3089 0.5736
vt 0.305 0.5457
vt 0.2775 0.5716
vt 0.2696 0.5776
vt 0.2696 0.5657
vt 0.3089 0.5736
vt 0.301 0.5657
vt 0.305 0.5457
vt 0.2696 0.5657
vt 0.2696 0.5776
vt 0.2596 0.5725
vt 0.3312 0.5142
vt 0.3626 0.5142
vt 0.3469 0.5062
vt 0.3501 0.611
vt 0.3515 0.606
vt 0.3398 0.6122
vt 0.2647 0.6042
vt 0.2578 0.5949
vt 0.2617 0.5898
vt 0.3501 0.611
vt 0.3486 0.6184
vt 0.3545 0.611
vt 0.2995 0.5936
vt 0.2967 0.6076
vt 0.2932 0.6028
vt 0.2696 0.5776
vt 0.2712 0.5936
vt 0.2596 0.5725
vt 0.2647 0.6042
vt 0.2617 0.5898
vt 0.2712 0.5936
vt 0.3089 0.5736
vt 0.3089 0.5898
vt 0.2995 0.5936
vt 0.2853 0.5377
vt 0.2775 0.5577
vt 0.2775 0.5297
vt 0.2853 0.5217
vt 0.2853 0.5377
vt 0.2775 0.5297
vt 0.2853 0.5377
vt 0.2853 0.5537
vt 0.2775 0.5577
vt 0.3223 0.5813
vt 0.3223 0.606
vt 0.334 0.5813
vt 0.3633 0.5813
vt 0.3471 0.5813
vt 0.3574 0.606
vt 0.3223 0.606
vt 0.3281 0.606
vt 0.334 0.5813
vt 0.3633 0.5813
vt 0.3574 0.606
vt 0.3691 0.606
vt 0.2696 0.5657
vt 0.2596 0.5725
vt 0.2657 0.5457
vt 0.301 0.5776
vt 0.3089 0.5736
vt 0.2995 0.5936
vt 0.2617 0.5898
vt 0.2596 0.5725
vt 0.2712 0.5936
vt 0.2775 0.5577
vt 0.2696 0.5657
vt 0.2657 0.5457
vt 0.3089 0.5898
vt 0.3089 0.5736
vt 0.3168 0.5776
vt 0.3168 0.5417
vt 0.3168 0.5776
vt 0.3089 0.5736
vt 0.3089 0.5898
vt 0.3168 0.5776
vt 0.3128 0.5949
vt 0.2853 0.508
vt 0.301 0.5137
vt 0.2932 0.5297
vt 0.3089 0.5736
vt 0.301 0.5776
vt 0.301 0.5657
vt 0.2775 0.5577
vt 0.2657 0.5457
vt 0.2775 0.5297
vt 0.3471 0.5813
vt 0.3515 0.606
vt 0.3574 0.606
vt 0.3296 0.611
vt 0.3398 0.6122
vt 0.3281 0.606
vt 0.2775 0.5716
vt 0.2775 0.5776
vt 0.2696 0.5776
vt 0.2696 0.5776
vt 0.2775 0.5776
vt 0.2712 0.5936
vt 0.305 0.6042
vt 0.2995 0.5936
vt 0.3089 0.5898
vt 0.2775 0.5776
vt 0.2794 0.5956
vt 0.2712 0.5936
vt 0.3398 0.6048
vt 0.3398 0.6122
vt 0.3515 0.606
vt 0.3398 0.6048
vt 0.3281 0.606
vt 0.3398 0.6122
vt 0.2739 0.6076
vt 0.2712 0.5936
vt 0.2647 0.6042
vt 0.2775 0.6028
vt 0.2712 0.5936
vt 0.2739 0.6076
vt 0.331 0.6184
vt 0.3252 0.611
vt 0.3296 0.611
vt 0.305 0.6042
vt 0.3128 0.5949
vt 0.3089 0.5898
vt 0.301 0.5657
vt 0.2932 0.5577
vt 0.2932 0.5716
vt 0.2596 0.5725
vt 0.2539 0.5417
vt 0.2539 0.5776
vt 0.2932 0.5716
vt 0.301 0.5776
vt 0.301 0.5657
vt 0.3089 0.5736
vt 0.305 0.5457
vt 0.301 0.5657
vt 0.2696 0.5657
vt 0.2596 0.5725
vt 0.2696 0.5776
vt 0.3312 0.5142
vt 0.3469 0.5062
vt 0.3626 0.5142
vt 0.3501 0.611
vt 0.3398 0.6122
vt 0.3515 0.606
vt 0.2596 0.5725
vt 0.2657 0.5457
vt 0.2539 0.5417
vt 0.2647 0.6042
vt 0.2617 0.5898
vt 0.2578 0.5949
vt 0.3501 0.611
vt 0.3545 0.611
vt 0.3486 0.6184
vt 0.2696 0.5776
vt 0.2596 0.5725
vt 0.2712 0.5936
vt 0.2647 0.6042
vt 0.2712 0.5936
vt 0.2617 0.5898
vt 0.3089 0.5736
vt 0.2995 0.5936
vt 0.3089 0.5898
vt 0.2932 0.5577
vt 0.2932 0.5297
vt 0.2853 0.5377
vt 0.2853 0.5377
vt 0.2932 0.5297
vt 0.2853 0.5217
vt 0.305 0.5457
vt 0.2932 0.5297
vt 0.2932 0.5577
vt 0.3223 0.5813
vt 0.334 0.5813
vt 0.3223 0.606
vt 0.3633 0.5813
vt 0.3574 0.606
vt 0.3471 0.5813
vt 0.3223 0.606
vt 0.334 0.5813
vt 0.3281 0.606
vt 0.3633 0.5813
vt 0.3691 0.606
vt 0.3574 0.606
vt 0.2932 0.5716
vt 0.2932 0.5776
vt 0.301 0.5776
vt 0.301 0.5657
vt 0.305 0.5457
vt 0.2932 0.5577
vt 0.2696 0.5657
vt 0.2657 0.5457
vt 0.2596 0.5725
vt 0.2539 0.5776
vt 0.2617 0.5898
vt 0.2596 0.5725
vt 0.301 0.5776
vt 0.2995 0.5936
vt 0.3089 0.5736
vt 0.2617 0.5898
vt 0.2712 0.5936
vt 0.2596 0.5725
vt 0.2539 0.5776
vt 0.2578 0.5949
vt 0.2617 0.5898
vt 0.2696 0.5137
vt 0.2775 0.5297
vt 0.2853 0.508
vt 0.2932 0.5577
vt 0.2853 0.5377
vt 0.2853 0.5537
vt 0.3089 0.5736
vt 0.301 0.5657
vt 0.301 0.5776
vt 0.3471 0.5813
vt 0.3574 0.606
vt 0.3515 0.606
vt 0.3296 0.611
vt 0.3281 0.606
vt 0.3398 0.6122
vt 0.301 0.5776
vt 0.2932 0.5776
vt 0.2995 0.5936
vt 0.305 0.6042
vt 0.3089 0.5898
vt 0.2995 0.5936
vt 0.2932 0.5776
vt 0.2912 0.5956
vt 0.2995 0.5936
vt 0.3398 0.6048
vt 0.3515 0.606
vt 0.3398 0.6122
vt 0.3398 0.6048
vt 0.3398 0.6122
vt 0.3281 0.606
vt 0.162 0.0653
vt 0.1236 0.0653
vt 0.162 0.0463
vt 0.0852 0.0582
vt 0.0385 0.0551
vt 0.0834 0.0411
vt 0.0852 0.0582
vt 0.1236 0.0454
vt 0.1236 0.0653
vt 0.162 0.0653
vt 0.162 0.0463
vt 0.2004 0.0469
vt 0.2388 0.2278
vt 0.238 0.2387
vt 0.2098 0.2387
vt 0.0359 0.2196
vt 0.0084 0.2172
vt 0.0084 0.1995
vt 0.162 0.0463
vt 0.1236 0.0653
vt 0.1428 0.0458
vt 0.2004 0.0668
vt 0.2004 0.0469
vt 0.2385 0.048
vt 0.0385 0.0551
vt 0.0344 0.0295
vt 0.0834 0.0411
vt 0.0852 0.0582
vt 0.0834 0.0411
vt 0.1236 0.0454
vt 0.1236 0.0454
vt 0.1428 0.0458
vt 0.1236 0.0653
vt 0.0776 0.1581
vt 0.088 0.1794
vt 0.0776 0.1887
vt 0.1568 0.1551
vt 0.1774 0.1642
vt 0.1627 0.1838
vt 0.095 0.2146
vt 0.0979 0.2026
vt 0.1259 0.2155
vt 0.0776 0.1887
vt 0.0979 0.2026
vt 0.095 0.2146
vt 0.1259 0.2155
vt 0.1353 0.2261
vt 0.095 0.2146
vt 0.0776 0.1887
vt 0.088 0.1794
vt 0.0979 0.2026
vt 0.162 0.0653
vt 0.2004 0.0469
vt 0.2004 0.0668
vt 0.2004 0.0923
vt 0.162 0.0653
vt 0.2004 0.0668
vt 0.2004 0.0923
vt 0.2004 0.0668
vt 0.2385 0.0667
vt 0.1568 0.1551
vt 0.1241 0.1396
vt 0.162 0.1359
vt 0.0948 0.1549
vt 0.0852 0.1374
vt 0.1241 0.1396
vt 0.0776 0.1581
vt 0.0948 0.1549
vt 0.088 0.1794
vt 0.2004 0.1359
vt 0.1774 0.1642
vt 0.162 0.1359
vt 0.0776 0.1581
vt 0.0852 0.1374
vt 0.0948 0.1549
vt 0.1353 0.2261
vt 0.1259 0.2155
vt 0.1697 0.2137
vt 0.1774 0.1642
vt 0.1774 0.1854
vt 0.1627 0.1838
vt 0.1774 0.1642
vt 0.1568 0.1551
vt 0.162 0.1359
vt 0.2388 0.2278
vt 0.2098 0.2387
vt 0.2004 0.2278
vt 0.1507 0.2034
vt 0.1697 0.2137
vt 0.1259 0.2155
vt 0.2098 0.2387
vt 0.118 0.2321
vt 0.2004 0.2278
vt 0.2004 0.0923
vt 0.162 0.0935
vt 0.162 0.0653
vt 0.2385 0.0919
vt 0.2004 0.0923
vt 0.2385 0.0667
vt 0.0084 0.0017
vt 0.0205 0.0145
vt 0.0084 0.0224
vt 0.2385 0.048
vt 0.2004 0.0469
vt 0.2158 0.0388
vt 0.2004 0.0469
vt 0.162 0.0463
vt 0.2158 0.0388
vt 0.0084 0.0224
vt 0.0205 0.0145
vt 0.0344 0.0295
vt 0.2385 0.0313
vt 0.2385 0.048
vt 0.2158 0.0388
vt 0.162 0.0653
vt 0.162 0.0463
vt 0.1236 0.0653
vt 0.0852 0.0582
vt 0.0834 0.0411
vt 0.0385 0.0551
vt 0.0852 0.0582
vt 0.1236 0.0653
vt 0.1236 0.0454
vt 0.162 0.0653
vt 0.2004 0.0469
vt 0.162 0.0463
vt 0.2388 0.2278
vt 0.2098 0.2387
vt 0.238 0.2387
vt 0.118 0.2321
vt 0.2004 0.2278
vt 0.1353 0.2261
vt 0.0359 0.2196
vt 0.118 0.2321
vt 0.095 0.2146
vt 0.0359 0.2196
vt 0.0084 0.1995
vt 0.0084 0.2172
vt 0.162 0.0463
vt 0.1428 0.0458
vt 0.1236 0.0653
vt 0.2004 0.0668
vt 0.2385 0.048
vt 0.2004 0.0469
vt 0.0385 0.0551
vt 0.0834 0.0411
vt 0.0344 0.0295
vt 0.0852 0.0582
vt 0.1236 0.0454
vt 0.0834 0.0411
vt 0.1236 0.0454
vt 0.1236 0.0653
vt 0.1428 0.0458
vt 0.0776 0.1581
vt 0.0776 0.1887
vt 0.088 0.1794
vt 0.1568 0.1551
vt 0.1627 0.1838
vt 0.1774 0.1642
vt 0.095 0.2146
vt 0.1259 0.2155
vt 0.0979 0.2026
vt 0.0776 0.1887
vt 0.095 0.2146
vt 0.0979 0.2026
vt 0.1259 0.2155
vt 0.095 0.2146
vt 0.1353 0.2261
vt 0.0776 0.1887
vt 0.0979 0.2026
vt 0.088 0.1794
vt 0.162 0.0653
vt 0.2004 0.0668
vt 0.2004 0.0469
vt 0.0377 0.2051
vt 0.0084 0.1995
vt 0.0359 0.2196
vt 0.1568 0.1551
vt 0.162 0.1359
vt 0.1241 0.1396
vt 0.0948 0.1549
vt 0.1241 0.1396
vt 0.0852 0.1374
vt 0.0776 0.1581
vt 0.088 0.1794
vt 0.0948 0.1549
vt 0.2004 0.1359
vt 0.162 0.1359
vt 0.1774 0.1642
vt 0.0776 0.1581
vt 0.0948 0.1549
vt 0.0852 0.1374
vt 0.1353 0.2261
vt 0.2004 0.2278
vt 0.1697 0.2137
vt 0.1353 0.2261
vt 0.1697 0.2137
vt 0.1259 0.2155
vt 0.1774 0.1642
vt 0.1627 0.1838
vt 0.1774 0.1854
vt 0.1774 0.1642
vt 0.162 0.1359
vt 0.1568 0.1551
vt 0.2004 0.2278
vt 0.2004 0.2011
vt 0.1697 0.2137
vt 0.1353 0.2261
vt 0.095 0.2146
vt 0.118 0.2321
vt 0.2388 0.2278
vt 0.2004 0.2278
vt 0.2098 0.2387
vt 0.1507 0.2034
vt 0.1259 0.2155
vt 0.1697 0.2137
vt 0.2004 0.1359
vt 0.1774 0.1642
vt 0.2004 0.1642
vt 0.2098 0.2387
vt 0.2004 0.2278
vt 0.118 0.2321
vt 0.0359 0.2196
vt 0.095 0.2146
vt 0.0377 0.2051
vt 0.2385 0.0919
vt 0.2385 0.0667
vt 0.2004 0.0923
vt 0.0084 0.0017
vt 0.0084 0.0224
vt 0.0205 0.0145
vt 0.2385 0.048
vt 0.2158 0.0388
vt 0.2004 0.0469
vt 0.2004 0.0469
vt 0.2158 0.0388
vt 0.162 0.0463
vt 0.0084 0.0224
vt 0.0344 0.0295
vt 0.0205 0.0145
vt 0.2385 0.0313
vt 0.2158 0.0388
vt 0.2385 0.048
vt 0.1774 0.1854
vt 0.1697 0.2137
vt 0.2004 0.2011
vt 0.2224 0.4705
vt 0.2155 0.4611
vt 0.2064 0.4855
vt 0.0632 0.3686
vt 0.0843 0.3656
vt 0.0838 0.3541
vt 0.5508 0.3281
vt 0.5508 0.3281
vt 0.5508 0.3281
vt 0.2339 0.3878
vt 0.2279 0.3895
vt 0.2338 0.4162
vt 0.2338 0.4162
vt 0.2227 0.4169
vt 0.2308 0.4479
vt 0.0632 0.3686
vt 0.0538 0.3369
vt 0.0441 0.3651
vt 0.051 0.4855
vt 0.0446 0.3967
vt 0.017 0.4806
vt 0.2338 0.4162
vt 0.2279 0.3895
vt 0.2227 0.4169
vt 0.2227 0.4169
vt 0.2279 0.3895
vt 0.1971 0.3745
vt 0.0632 0.3686
vt 0.0446 0.3967
vt 0.0715 0.4246
vt 0.0446 0.3967
vt 0.0287 0.4002
vt 0.017 0.4806
vt 0.1899 0.4115
vt 0.2196 0.4386
vt 0.1952 0.3958
vt 0.2039 0.3551
vt 0.1971 0.3745
vt 0.2279 0.3895
vt 0.2224 0.4705
vt 0.2064 0.4855
vt 0.2155 0.4611
vt 0.2339 0.3878
vt 0.2338 0.4162
vt 0.2279 0.3895
vt 0.2338 0.4162
vt 0.2308 0.4479
vt 0.2227 0.4169
vt 0.2227 0.4169
vt 0.2196 0.4386
vt 0.1952 0.3958
vt 0.0632 0.3686
vt 0.0441 0.3651
vt 0.0538 0.3369
vt 0.2338 0.4162
vt 0.2227 0.4169
vt 0.2279 0.3895
vt 0.2227 0.4169
vt 0.1971 0.3745
vt 0.2279 0.3895
vt 0.1971 0.3745
vt 0.2227 0.4169
vt 0.1952 0.3958
vt 0.0632 0.3686
vt 0.0715 0.4246
vt 0.0446 0.3967
vt 0.2227 0.4169
vt 0.2308 0.4479
vt 0.2196 0.4386
vt 0.2039 0.3551
vt 0.2279 0.3895
vt 0.1971 0.3745
vt 0.9328 0.4884
vt 0.9147 0.4831
vt 0.9147 0.4352
vt 0.9328 0.4352
vt 0.9147 0.4352
vt 0.9328 0.3821
vt 0.9328 0.4884
vt 0.9147 0.4831
vt 0.9147 0.4352
vt 0.9328 0.3821
vt 0.9147 0.4352
vt 0.9147 0.3874
vt 0.9328 0.4884
vt 0.9147 0.4831
vt 0.9147 0.4352
vt 0.9328 0.4352
vt 0.9147 0.4352
vt 0.9328 0.3821
vt 0.9328 0.4884
vt 0.9147 0.4831
vt 0.9147 0.4352
vt 0.9328 0.3821
vt 0.9147 0.4352
vt 0.9147 0.3874
vt 0.9328 0.4884
vt 0.9147 0.4831
vt 0.9147 0.4352
vt 0.8786 0.4352
vt 0.8846 0.4092
vt 0.8846 0.4352
vt 0.8786 0.4352
vt 0.8846 0.4352
vt 0.8846 0.4613
vt 0.8786 0.4352
vt 0.8846 0.4092
vt 0.8846 0.4352
vt 0.8786 0.4352
vt 0.8846 0.4352
vt 0.8846 0.4613
vt 0.8786 0.4352
vt 0.8846 0.4092
vt 0.8846 0.4352
vt 0.8786 0.4352
vt 0.8846 0.4352
vt 0.8846 0.4613
vt 0.8786 0.4352
vt 0.8846 0.4092
vt 0.8846 0.4352
vt 0.8786 0.4352
vt 0.8846 0.4352
vt 0.8846 0.4613
vt 0.8786 0.4352
vt 0.8846 0.4092
vt 0.8846 0.4352
vt 0.8786 0.4352
vt 0.8846 0.4352
vt 0.8846 0.4613
vt 0.9509 0.4097
vt 0.9328 0.4352
vt 0.9328 0.3821
vt 0.9509 0.4608
vt 0.9328 0.4884
vt 0.9328 0.4352
vt 0.969 0.4134
vt 0.9509 0.4097
vt 0.9483 0.3842
vt 0.969 0.4352
vt 0.9509 0.4608
vt 0.9483 0.4352
vt 0.969 0.4134
vt 0.9771 0.3966
vt 0.9754 0.4352
vt 0.9754 0.4352
vt 0.969 0.4571
vt 0.969 0.4352
vt 0.969 0.4571
vt 0.9483 0.4863
vt 0.9509 0.4608
vt 0.969 0.4352
vt 0.9483 0.4352
vt 0.9509 0.4097
vt 0.969 0.4352
vt 0.969 0.4134
vt 0.9754 0.4352
vt 0.9483 0.4352
vt 0.9328 0.4352
vt 0.9509 0.4097
vt 0.9483 0.3842
vt 0.9509 0.4097
vt 0.9328 0.3821
vt 0.9483 0.4352
vt 0.9509 0.4608
vt 0.9328 0.4352
vt 0.9483 0.4863
vt 0.9328 0.4884
vt 0.9509 0.4608
vt 0.969 0.4571
vt 0.9754 0.4352
vt 0.9771 0.4739
vt 0.9861 0.4427
vt 0.9771 0.4739
vt 0.9754 0.4352
vt 0.9328 0.3821
vt 0.9147 0.4352
vt 0.9147 0.3874
vt 0.9754 0.4352
vt 0.9861 0.4278
vt 0.9861 0.4352
vt 0.9771 0.3966
vt 0.969 0.4134
vt 0.9483 0.3842
vt 0.9771 0.4739
vt 0.9483 0.4863
vt 0.969 0.4571
vt 0.9509 0.4097
vt 0.9328 0.4352
vt 0.9328 0.3821
vt 0.9509 0.4608
vt 0.9328 0.4884
vt 0.9328 0.4352
vt 0.969 0.4134
vt 0.9509 0.4097
vt 0.9483 0.3842
vt 0.969 0.4352
vt 0.9509 0.4608
vt 0.9483 0.4352
vt 0.969 0.4134
vt 0.9771 0.3966
vt 0.9754 0.4352
vt 0.9754 0.4352
vt 0.969 0.4571
vt 0.969 0.4352
vt 0.969 0.4571
vt 0.9483 0.4863
vt 0.9509 0.4608
vt 0.969 0.4352
vt 0.9483 0.4352
vt 0.9509 0.4097
vt 0.969 0.4352
vt 0.969 0.4134
vt 0.9754 0.4352
vt 0.9483 0.4352
vt 0.9328 0.4352
vt 0.9509 0.4097
vt 0.9483 0.3842
vt 0.9509 0.4097
vt 0.9328 0.3821
vt 0.9483 0.4352
vt 0.9509 0.4608
vt 0.9328 0.4352
vt 0.9483 0.4863
vt 0.9328 0.4884
vt 0.9509 0.4608
vt 0.969 0.4571
vt 0.9754 0.4352
vt 0.9771 0.4739
vt 0.9771 0.4739
vt 0.9754 0.4352
vt 0.9861 0.4352
vt 0.9771 0.3966
vt 0.9861 0.4352
vt 0.9754 0.4352
vt 0.9771 0.3966
vt 0.969 0.4134
vt 0.9483 0.3842
vt 0.9771 0.4739
vt 0.9483 0.4863
vt 0.969 0.4571
vt 0.9509 0.4097
vt 0.9328 0.4352
vt 0.9328 0.3821
vt 0.9509 0.4608
vt 0.9328 0.4884
vt 0.9328 0.4352
vt 0.969 0.4134
vt 0.9509 0.4097
vt 0.9483 0.3842
vt 0.969 0.4352
vt 0.9509 0.4608
vt 0.9483 0.4352
vt 0.969 0.4134
vt 0.9771 0.3966
vt 0.9754 0.4352
vt 0.9754 0.4352
vt 0.969 0.4571
vt 0.969 0.4352
vt 0.9754 0.4352
vt 0.9861 0.4427
vt 0.9771 0.4739
vt 0.969 0.4571
vt 0.9483 0.4863
vt 0.9509 0.4608
vt 0.969 0.4134
vt 0.969 0.4352
vt 0.9509 0.4097
vt 0.969 0.4352
vt 0.969 0.4134
vt 0.9754 0.4352
vt 0.9483 0.4352
vt 0.9328 0.4352
vt 0.9509 0.4097
vt 0.9483 0.3842
vt 0.9509 0.4097
vt 0.9328 0.3821
vt 0.9483 0.4352
vt 0.9509 0.4608
vt 0.9328 0.4352
vt 0.9483 0.4863
vt 0.9328 0.4884
vt 0.9509 0.4608
vt 0.969 0.4571
vt 0.9754 0.4352
vt 0.9771 0.4739
vt 0.9861 0.4278
vt 0.9754 0.4352
vt 0.9771 0.3966
vt 0.9771 0.3966
vt 0.969 0.4134
vt 0.9483 0.3842
vt 0.9771 0.4739
vt 0.9483 0.4863
vt 0.969 0.4571
vt 0.9509 0.4097
vt 0.9328 0.4352
vt 0.9328 0.3821
vt 0.9509 0.4608
vt 0.9328 0.4884
vt 0.9328 0.4352
vt 0.969 0.4134
vt 0.9509 0.4097
vt 0.9483 0.3842
vt 0.969 0.4571
vt 0.9509 0.4608
vt 0.969 0.4352
vt 0.969 0.4134
vt 0.9771 0.3966
vt 0.9754 0.4352
vt 0.9754 0.4352
vt 0.969 0.4571
vt 0.969 0.4352
vt 0.969 0.4571
vt 0.9483 0.4863
vt 0.9509 0.4608
vt 0.969 0.4134
vt 0.969 0.4352
vt 0.9509 0.4097
vt 0.969 0.4352
vt 0.969 0.4134
vt 0.9754 0.4352
vt 0.9483 0.4352
vt 0.9328 0.4352
vt 0.9509 0.4097
vt 0.9483 0.3842
vt 0.9509 0.4097
vt 0.9328 0.3821
vt 0.9483 0.4352
vt 0.9509 0.4608
vt 0.9328 0.4352
vt 0.9483 0.4863
vt 0.9328 0.4884
vt 0.9509 0.4608
vt 0.969 0.4571
vt 0.9754 0.4352
vt 0.9771 0.4739
vt 0.9861 0.4427
vt 0.9771 0.4739
vt 0.9754 0.4352
vt 0.9861 0.4278
vt 0.9754 0.4352
vt 0.9771 0.3966
vt 0.9771 0.3966
vt 0.969 0.4134
vt 0.9483 0.3842
vt 0.9771 0.4739
vt 0.9483 0.4863
vt 0.969 0.4571
vt 0.9509 0.4097
vt 0.9328 0.4352
vt 0.9328 0.3821
vt 0.9509 0.4608
vt 0.9328 0.4884
vt 0.9328 0.4352
vt 0.969 0.4134
vt 0.9509 0.4097
vt 0.9483 0.3842
vt 0.969 0.4571
vt 0.9509 0.4608
vt 0.969 0.4352
vt 0.969 0.4134
vt 0.9771 0.3966
vt 0.9754 0.4352
vt 0.9754 0.4352
vt 0.969 0.4571
vt 0.969 0.4352
vt 0.969 0.4571
vt 0.9483 0.4863
vt 0.9509 0.4608
vt 0.969 0.4352
vt 0.9483 0.4352
vt 0.9509 0.4097
vt 0.969 0.4352
vt 0.969 0.4134
vt 0.9754 0.4352
vt 0.9483 0.4352
vt 0.9328 0.4352
vt 0.9509 0.4097
vt 0.9483 0.3842
vt 0.9509 0.4097
vt 0.9328 0.3821
vt 0.9483 0.4352
vt 0.9509 0.4608
vt 0.9328 0.4352
vt 0.9483 0.4863
vt 0.9328 0.4884
vt 0.9509 0.4608
vt 0.9754 0.4352
vt 0.9861 0.4278
vt 0.9861 0.4352
vt 0.969 0.4571
vt 0.9754 0.4352
vt 0.9771 0.4739
vt 0.9861 0.4427
vt 0.9771 0.4739
vt 0.9754 0.4352
vt 0.9861 0.4278
vt 0.9754 0.4352
vt 0.9771 0.3966
vt 0.9771 0.3966
vt 0.969 0.4134
vt 0.9483 0.3842
vt 0.9771 0.4739
vt 0.9483 0.4863
vt 0.969 0.4571
vt 0.9328 0.4352
vt 0.9328 0.4884
vt 0.9147 0.4352
vt 0.9328 0.3821
vt 0.9147 0.4352
vt 0.9147 0.3874
vt 0.9328 0.4352
vt 0.9328 0.4884
vt 0.9147 0.4352
vt 0.9328 0.4352
vt 0.9147 0.4352
vt 0.9328 0.3821
vt 0.9328 0.4352
vt 0.9328 0.4884
vt 0.9147 0.4352
vt 0.9328 0.3821
vt 0.9147 0.4352
vt 0.9147 0.3874
vt 0.9328 0.4352
vt 0.9328 0.4884
vt 0.9147 0.4352
vt 0.9328 0.4352
vt 0.9147 0.4352
vt 0.9328 0.3821
vt 0.9328 0.4352
vt 0.9328 0.4884
vt 0.9147 0.4352
vt 0.9328 0.4352
vt 0.9147 0.4352
vt 0.9328 0.3821
vt 0.969 0.4571
vt 0.9509 0.4608
vt 0.969 0.4352
vt 0.969 0.4134
vt 0.969 0.4352
vt 0.9509 0.4097
vt 0.969 0.4571
vt 0.9509 0.4608
vt 0.969 0.4352
vt 0.969 0.4134
vt 0.969 0.4352
vt 0.9509 0.4097
vt 0.969 0.4352
vt 0.9509 0.4608
vt 0.9483 0.4352
vt 0.969 0.4134
vt 0.969 0.4352
vt 0.9509 0.4097
vt 0.969 0.4352
vt 0.9483 0.4352
vt 0.9509 0.4097
vt 0.969 0.4352
vt 0.9509 0.4608
vt 0.9483 0.4352
vt 0.969 0.4571
vt 0.9509 0.4608
vt 0.969 0.4352
vt 0.969 0.4352
vt 0.9483 0.4352
vt 0.9509 0.4097
vt 0.9861 0.4278
vt 0.9754 0.4352
vt 0.9771 0.3966
vt 0.9754 0.4352
vt 0.9861 0.4352
vt 0.9861 0.4427
vt 0.9754 0.4352
vt 0.9861 0.4352
vt 0.9861 0.4427
vt 0.9771 0.4739
vt 0.9861 0.439
vt 0.9861 0.4427
vt 0.9771 0.3966
vt 0.9861 0.4315
vt 0.9861 0.4352
vt 0.9754 0.4352
vt 0.9861 0.4352
vt 0.9861 0.4427
vt 0.9754 0.4352
vt 0.9861 0.4278
vt 0.9861 0.4352
vt 0.9754 0.4352
vt 0.9861 0.4278
vt 0.9861 0.4352
vt 0.9754 0.4352
vt 0.9861 0.4352
vt 0.9861 0.4427
vt 0.9771 0.4739
vt 0.9861 0.4352
vt 0.9861 0.439
vt 0.9771 0.3966
vt 0.9861 0.4278
vt 0.9861 0.4315
vt 0.5508 0.3281
vt 0.5508 0.3281
vt 0.5508 0.3281
vt 0.5508 0.3281
vt 0.5508 0.3281
vt 0.5508 0.3281
vt 0.5194 0.463
vt 0.6182 0.4596
vt 0.5194 0.389
vt 0.546 0.4829
vt 0.546 0.389
vt 0.5612 0.4861
vt 0.5764 0.4826
vt 0.5612 0.4861
vt 0.5764 0.389
vt 0.546 0.389
vt 0.5764 0.389
vt 0.5612 0.4861
vt 0.6068 0.4671
vt 0.6068 0.389
vt 0.6182 0.4596
vt 0.5194 0.389
vt 0.6182 0.4596
vt 0.6068 0.389
vt 0.6534 0.5231
vt 0.6533 0.5242
vt 0.6533 0.5314
vt 0.6523 0.518
vt 0.6521 0.5181
vt 0.6524 0.5182
vt 0.7314 0.5573
vt 0.7174 0.5559
vt 0.7317 0.5737
vt 0.6529 0.525
vt 0.6533 0.525
vt 0.653 0.5254
vt 0.6569 0.5205
vt 0.6571 0.5285
vt 0.6571 0.5205
vt 0.6998 0.5537
vt 0.6954 0.5682
vt 0.7174 0.5559
vt 0.6563 0.5352
vt 0.6563 0.5352
vt 0.6563 0.5352
vt 0.652 0.5201
vt 0.6533 0.5204
vt 0.6522 0.5197
vt 0.6563 0.5352
vt 0.6563 0.5352
vt 0.6563 0.5352
vt 0.6505 0.524
vt 0.652 0.5249
vt 0.6522 0.5242
vt 0.6954 0.5682
vt 0.6903 0.5856
vt 0.7151 0.5878
vt 0.6687 0.5815
vt 0.6903 0.5856
vt 0.683 0.5659
vt 0.6475 0.5233
vt 0.6492 0.5245
vt 0.649 0.5237
vt 0.649 0.5237
vt 0.6492 0.5245
vt 0.6505 0.524
vt 0.6474 0.5283
vt 0.6493 0.5274
vt 0.6474 0.5288
vt 0.6474 0.5282
vt 0.6489 0.5273
vt 0.6474 0.5283
vt 0.6513 0.5268
vt 0.6505 0.527
vt 0.6512 0.5188
vt 0.6568 0.5243
vt 0.6571 0.5245
vt 0.657 0.5243
vt 0.657 0.5243
vt 0.6571 0.5241
vt 0.6568 0.5243
vt 0.658 0.5303
vt 0.6586 0.5231
vt 0.6589 0.5304
vt 0.6584 0.5207
vt 0.6583 0.5205
vt 0.6579 0.5284
vt 0.7174 0.5559
vt 0.7314 0.5573
vt 0.7302 0.5401
vt 0.683 0.5659
vt 0.6903 0.5856
vt 0.6954 0.5682
vt 0.6525 0.5324
vt 0.6531 0.5324
vt 0.6523 0.5325
vt 0.6504 0.5247
vt 0.652 0.5249
vt 0.6505 0.524
vt 0.6502 0.5312
vt 0.6502 0.5287
vt 0.6529 0.53
vt 0.6563 0.5352
vt 0.6563 0.5352
vt 0.6563 0.5352
vt 0.6687 0.5815
vt 0.683 0.5659
vt 0.6479 0.5769
vt 0.6563 0.5352
vt 0.6563 0.5352
vt 0.6563 0.5352
vt 0.6491 0.5321
vt 0.6502 0.5323
vt 0.6503 0.5323
vt 0.652 0.5325
vt 0.6503 0.5323
vt 0.6502 0.5323
vt 0.6502 0.5323
vt 0.6474 0.5309
vt 0.6502 0.5312
vt 0.6474 0.5283
vt 0.6489 0.5273
vt 0.6493 0.5274
vt 0.6563 0.5352
vt 0.6563 0.5352
vt 0.6563 0.5352
vt 0.6492 0.5245
vt 0.6504 0.5247
vt 0.6505 0.524
vt 0.6563 0.5352
vt 0.6563 0.5352
vt 0.6563 0.5352
vt 0.6563 0.5352
vt 0.6563 0.5352
vt 0.6563 0.5352
vt 0.6588 0.5229
vt 0.6586 0.5231
vt 0.6588 0.5233
vt 0.6591 0.5218
vt 0.6592 0.522
vt 0.6592 0.5216
vt 0.6583 0.5205
vt 0.6584 0.5207
vt 0.6584 0.5203
vt 0.6571 0.5241
vt 0.657 0.5243
vt 0.6571 0.5245
vt 0.6586 0.529
vt 0.6591 0.5218
vt 0.6594 0.5291
vt 0.6522 0.5197
vt 0.6522 0.5195
vt 0.652 0.5201
vt 0.6816 0.5523
vt 0.683 0.5659
vt 0.6998 0.5537
vt 0.683 0.5659
vt 0.6954 0.5682
vt 0.6998 0.5537
vt 0.6583 0.5205
vt 0.6585 0.5279
vt 0.6578 0.5277
vt 0.6579 0.5284
vt 0.6583 0.5205
vt 0.6577 0.5205
vt 0.6519 0.5271
vt 0.6522 0.5197
vt 0.6521 0.5273
vt 0.7174 0.5559
vt 0.6954 0.5682
vt 0.7151 0.5878
vt 0.6529 0.525
vt 0.653 0.5177
vt 0.6533 0.525
vt 0.6521 0.5181
vt 0.6523 0.518
vt 0.6525 0.5259
vt 0.653 0.5264
vt 0.6525 0.5259
vt 0.6532 0.5262
vt 0.6563 0.5352
vt 0.6563 0.5352
vt 0.6563 0.5352
vt 0.6563 0.5352
vt 0.6563 0.5352
vt 0.6563 0.5352
vt 0.6998 0.5537
vt 0.7123 0.5353
vt 0.6839 0.5349
vt 0.6474 0.5288
vt 0.6493 0.5274
vt 0.6502 0.5287
vt 0.6493 0.5274
vt 0.6505 0.527
vt 0.6502 0.5287
vt 0.7304 0.5245
vt 0.7364 0.5245
vt 0.7334 0.5254
vt 0.7304 0.5127
vt 0.7334 0.5117
vt 0.7364 0.5127
vt 0.9328 0.4884
vt 0.9147 0.4352
vt 0.9147 0.4831
vt 0.9328 0.4352
vt 0.9328 0.3821
vt 0.9147 0.4352
vt 0.9328 0.4884
vt 0.9147 0.4352
vt 0.9147 0.4831
vt 0.9328 0.3821
vt 0.9147 0.3874
vt 0.9147 0.4352
vt 0.9328 0.4884
vt 0.9147 0.4352
vt 0.9147 0.4831
vt 0.9328 0.4352
vt 0.9328 0.3821
vt 0.9147 0.4352
vt 0.9328 0.4884
vt 0.9147 0.4352
vt 0.9147 0.4831
vt 0.9328 0.3821
vt 0.9147 0.3874
vt 0.9147 0.4352
vt 0.9328 0.4884
vt 0.9147 0.4352
vt 0.9147 0.4831
vt 0.8786 0.4352
vt 0.8846 0.4352
vt 0.8846 0.4092
vt 0.8786 0.4352
vt 0.8846 0.4613
vt 0.8846 0.4352
vt 0.8786 0.4352
vt 0.8846 0.4352
vt 0.8846 0.4092
vt 0.8786 0.4352
vt 0.8846 0.4613
vt 0.8846 0.4352
vt 0.8786 0.4352
vt 0.8846 0.4352
vt 0.8846 0.4092
vt 0.8786 0.4352
vt 0.8846 0.4613
vt 0.8846 0.4352
vt 0.8786 0.4352
vt 0.8846 0.4352
vt 0.8846 0.4092
vt 0.8786 0.4352
vt 0.8846 0.4613
vt 0.8846 0.4352
vt 0.8786 0.4352
vt 0.8846 0.4352
vt 0.8846 0.4092
vt 0.8786 0.4352
vt 0.8846 0.4613
vt 0.8846 0.4352
vt 0.9509 0.4097
vt 0.9328 0.3821
vt 0.9328 0.4352
vt 0.9509 0.4608
vt 0.9328 0.4352
vt 0.9328 0.4884
vt 0.969 0.4134
vt 0.9483 0.3842
vt 0.9509 0.4097
vt 0.969 0.4352
vt 0.9483 0.4352
vt 0.9509 0.4608
vt 0.969 0.4134
vt 0.9754 0.4352
vt 0.9771 0.3966
vt 0.9754 0.4352
vt 0.969 0.4352
vt 0.969 0.4571
vt 0.969 0.4571
vt 0.9509 0.4608
vt 0.9483 0.4863
vt 0.969 0.4352
vt 0.9509 0.4097
vt 0.9483 0.4352
vt 0.969 0.4352
vt 0.9754 0.4352
vt 0.969 0.4134
vt 0.9483 0.4352
vt 0.9509 0.4097
vt 0.9328 0.4352
vt 0.9483 0.3842
vt 0.9328 0.3821
vt 0.9509 0.4097
vt 0.9483 0.4352
vt 0.9328 0.4352
vt 0.9509 0.4608
vt 0.9483 0.4863
vt 0.9509 0.4608
vt 0.9328 0.4884
vt 0.969 0.4571
vt 0.9771 0.4739
vt 0.9754 0.4352
vt 0.9861 0.4427
vt 0.9754 0.4352
vt 0.9771 0.4739
vt 0.9328 0.3821
vt 0.9147 0.3874
vt 0.9147 0.4352
vt 0.9754 0.4352
vt 0.9861 0.4352
vt 0.9861 0.4278
vt 0.9771 0.3966
vt 0.9483 0.3842
vt 0.969 0.4134
vt 0.9771 0.4739
vt 0.969 0.4571
vt 0.9483 0.4863
vt 0.9509 0.4097
vt 0.9328 0.3821
vt 0.9328 0.4352
vt 0.9509 0.4608
vt 0.9328 0.4352
vt 0.9328 0.4884
vt 0.969 0.4134
vt 0.9483 0.3842
vt 0.9509 0.4097
vt 0.969 0.4352
vt 0.9483 0.4352
vt 0.9509 0.4608
vt 0.969 0.4134
vt 0.9754 0.4352
vt 0.9771 0.3966
vt 0.9754 0.4352
vt 0.969 0.4352
vt 0.969 0.4571
vt 0.969 0.4571
vt 0.9509 0.4608
vt 0.9483 0.4863
vt 0.969 0.4352
vt 0.9509 0.4097
vt 0.9483 0.4352
vt 0.969 0.4352
vt 0.9754 0.4352
vt 0.969 0.4134
vt 0.9483 0.4352
vt 0.9509 0.4097
vt 0.9328 0.4352
vt 0.9483 0.3842
vt 0.9328 0.3821
vt 0.9509 0.4097
vt 0.9483 0.4352
vt 0.9328 0.4352
vt 0.9509 0.4608
vt 0.9483 0.4863
vt 0.9509 0.4608
vt 0.9328 0.4884
vt 0.969 0.4571
vt 0.9771 0.4739
vt 0.9754 0.4352
vt 0.9771 0.4739
vt 0.9861 0.4352
vt 0.9754 0.4352
vt 0.9771 0.3966
vt 0.9754 0.4352
vt 0.9861 0.4352
vt 0.9771 0.3966
vt 0.9483 0.3842
vt 0.969 0.4134
vt 0.9771 0.4739
vt 0.969 0.4571
vt 0.9483 0.4863
vt 0.9509 0.4097
vt 0.9328 0.3821
vt 0.9328 0.4352
vt 0.9509 0.4608
vt 0.9328 0.4352
vt 0.9328 0.4884
vt 0.969 0.4134
vt 0.9483 0.3842
vt 0.9509 0.4097
vt 0.969 0.4352
vt 0.9483 0.4352
vt 0.9509 0.4608
vt 0.969 0.4134
vt 0.9754 0.4352
vt 0.9771 0.3966
vt 0.9754 0.4352
vt 0.969 0.4352
vt 0.969 0.4571
vt 0.9754 0.4352
vt 0.9771 0.4739
vt 0.9861 0.4427
vt 0.969 0.4571
vt 0.9509 0.4608
vt 0.9483 0.4863
vt 0.969 0.4134
vt 0.9509 0.4097
vt 0.969 0.4352
vt 0.969 0.4352
vt 0.9754 0.4352
vt 0.969 0.4134
vt 0.9483 0.4352
vt 0.9509 0.4097
vt 0.9328 0.4352
vt 0.9483 0.3842
vt 0.9328 0.3821
vt 0.9509 0.4097
vt 0.9483 0.4352
vt 0.9328 0.4352
vt 0.9509 0.4608
vt 0.9483 0.4863
vt 0.9509 0.4608
vt 0.9328 0.4884
vt 0.969 0.4571
vt 0.9771 0.4739
vt 0.9754 0.4352
vt 0.9861 0.4278
vt 0.9771 0.3966
vt 0.9754 0.4352
vt 0.9771 0.3966
vt 0.9483 0.3842
vt 0.969 0.4134
vt 0.9771 0.4739
vt 0.969 0.4571
vt 0.9483 0.4863
vt 0.9509 0.4097
vt 0.9328 0.3821
vt 0.9328 0.4352
vt 0.9509 0.4608
vt 0.9328 0.4352
vt 0.9328 0.4884
vt 0.969 0.4134
vt 0.9483 0.3842
vt 0.9509 0.4097
vt 0.969 0.4571
vt 0.969 0.4352
vt 0.9509 0.4608
vt 0.969 0.4134
vt 0.9754 0.4352
vt 0.9771 0.3966
vt 0.9754 0.4352
vt 0.969 0.4352
vt 0.969 0.4571
vt 0.969 0.4571
vt 0.9509 0.4608
vt 0.9483 0.4863
vt 0.969 0.4134
vt 0.9509 0.4097
vt 0.969 0.4352
vt 0.969 0.4352
vt 0.9754 0.4352
vt 0.969 0.4134
vt 0.9483 0.4352
vt 0.9509 0.4097
vt 0.9328 0.4352
vt 0.9483 0.3842
vt 0.9328 0.3821
vt 0.9509 0.4097
vt 0.9483 0.4352
vt 0.9328 0.4352
vt 0.9509 0.4608
vt 0.9483 0.4863
vt 0.9509 0.4608
vt 0.9328 0.4884
vt 0.969 0.4571
vt 0.9771 0.4739
vt 0.9754 0.4352
vt 0.9861 0.4427
vt 0.9754 0.4352
vt 0.9771 0.4739
vt 0.9861 0.4278
vt 0.9771 0.3966
vt 0.9754 0.4352
vt 0.9771 0.3966
vt 0.9483 0.3842
vt 0.969 0.4134
vt 0.9771 0.4739
vt 0.969 0.4571
vt 0.9483 0.4863
vt 0.9509 0.4097
vt 0.9328 0.3821
vt 0.9328 0.4352
vt 0.9509 0.4608
vt 0.9328 0.4352
vt 0.9328 0.4884
vt 0.969 0.4134
vt 0.9483 0.3842
vt 0.9509 0.4097
vt 0.969 0.4571
vt 0.969 0.4352
vt 0.9509 0.4608
vt 0.969 0.4134
vt 0.9754 0.4352
vt 0.9771 0.3966
vt 0.9754 0.4352
vt 0.969 0.4352
vt 0.969 0.4571
vt 0.969 0.4571
vt 0.9509 0.4608
vt 0.9483 0.4863
vt 0.969 0.4352
vt 0.9509 0.4097
vt 0.9483 0.4352
vt 0.969 0.4352
vt 0.9754 0.4352
vt 0.969 0.4134
vt 0.9483 0.4352
vt 0.9509 0.4097
vt 0.9328 0.4352
vt 0.9483 0.3842
vt 0.9328 0.3821
vt 0.9509 0.4097
vt 0.9483 0.4352
vt 0.9328 0.4352
vt 0.9509 0.4608
vt 0.9483 0.4863
vt 0.9509 0.4608
vt 0.9328 0.4884
vt 0.9754 0.4352
vt 0.9861 0.4352
vt 0.9861 0.4278
vt 0.969 0.4571
vt 0.9771 0.4739
vt 0.9754 0.4352
vt 0.9861 0.4427
vt 0.9754 0.4352
vt 0.9771 0.4739
vt 0.9861 0.4278
vt 0.9771 0.3966
vt 0.9754 0.4352
vt 0.9771 0.3966
vt 0.9483 0.3842
vt 0.969 0.4134
vt 0.9771 0.4739
vt 0.969 0.4571
vt 0.9483 0.4863
vt 0.9328 0.4352
vt 0.9147 0.4352
vt 0.9328 0.4884
vt 0.9328 0.3821
vt 0.9147 0.3874
vt 0.9147 0.4352
vt 0.9328 0.4352
vt 0.9147 0.4352
vt 0.9328 0.4884
vt 0.9328 0.4352
vt 0.9328 0.3821
vt 0.9147 0.4352
vt 0.9328 0.4352
vt 0.9147 0.4352
vt 0.9328 0.4884
vt 0.9328 0.3821
vt 0.9147 0.3874
vt 0.9147 0.4352
vt 0.9328 0.4352
vt 0.9147 0.4352
vt 0.9328 0.4884
vt 0.9328 0.4352
vt 0.9328 0.3821
vt 0.9147 0.4352
vt 0.9328 0.4352
vt 0.9147 0.4352
vt 0.9328 0.4884
vt 0.9328 0.4352
vt 0.9328 0.3821
vt 0.9147 0.4352
vt 0.969 0.4571
vt 0.969 0.4352
vt 0.9509 0.4608
vt 0.969 0.4134
vt 0.9509 0.4097
vt 0.969 0.4352
vt 0.969 0.4571
vt 0.969 0.4352
vt 0.9509 0.4608
vt 0.969 0.4134
vt 0.9509 0.4097
vt 0.969 0.4352
vt 0.969 0.4352
vt 0.9483 0.4352
vt 0.9509 0.4608
vt 0.969 0.4134
vt 0.9509 0.4097
vt 0.969 0.4352
vt 0.969 0.4352
vt 0.9509 0.4097
vt 0.9483 0.4352
vt 0.969 0.4352
vt 0.9483 0.4352
vt 0.9509 0.4608
vt 0.969 0.4571
vt 0.969 0.4352
vt 0.9509 0.4608
vt 0.969 0.4352
vt 0.9509 0.4097
vt 0.9483 0.4352
vt 0.9861 0.4278
vt 0.9771 0.3966
vt 0.9754 0.4352
vt 0.9754 0.4352
vt 0.9861 0.4427
vt 0.9861 0.4352
vt 0.9754 0.4352
vt 0.9861 0.4427
vt 0.9861 0.4352
vt 0.9771 0.4739
vt 0.9861 0.4427
vt 0.9861 0.439
vt 0.9771 0.3966
vt 0.9861 0.4352
vt 0.9861 0.4315
vt 0.9754 0.4352
vt 0.9861 0.4427
vt 0.9861 0.4352
vt 0.9754 0.4352
vt 0.9861 0.4352
vt 0.9861 0.4278
vt 0.9754 0.4352
vt 0.9861 0.4352
vt 0.9861 0.4278
vt 0.9754 0.4352
vt 0.9861 0.4427
vt 0.9861 0.4352
vt 0.9771 0.4739
vt 0.9861 0.439
vt 0.9861 0.4352
vt 0.9771 0.3966
vt 0.9861 0.4315
vt 0.9861 0.4278
vt 0.5194 0.463
vt 0.5194 0.389
vt 0.6182 0.4596
vt 0.546 0.4829
vt 0.5612 0.4861
vt 0.546 0.389
vt 0.5508 0.3281
vt 0.5508 0.3281
vt 0.5508 0.3281
vt 0.546 0.2603
vt 0.546 0.3436
vt 0.5612 0.2603
vt 0.5764 0.4826
vt 0.5764 0.389
vt 0.5612 0.4861
vt 0.546 0.389
vt 0.5612 0.4861
vt 0.5764 0.389
vt 0.6068 0.4671
vt 0.6182 0.4596
vt 0.6068 0.389
vt 0.5194 0.389
vt 0.6068 0.389
vt 0.6182 0.4596
vt 0.6533 0.5204
vt 0.6535 0.5287
vt 0.6533 0.5218
vt 0.6523 0.518
vt 0.6524 0.5182
vt 0.6521 0.5181
vt 0.7307 0.5886
vt 0.7151 0.5878
vt 0.7317 0.5737
vt 0.6532 0.5186
vt 0.653 0.5188
vt 0.6524 0.5182
vt 0.6529 0.525
vt 0.653 0.5254
vt 0.6533 0.525
vt 0.6998 0.5537
vt 0.7174 0.5559
vt 0.6954 0.5682
vt 0.6563 0.5352
vt 0.6563 0.5352
vt 0.6563 0.5352
vt 0.652 0.5201
vt 0.6522 0.5197
vt 0.6533 0.5204
vt 0.6523 0.5325
vt 0.6525 0.5324
vt 0.6502 0.5323
vt 0.6473 0.5316
vt 0.6502 0.5323
vt 0.6474 0.5309
vt 0.6522 0.5242
vt 0.6533 0.5242
vt 0.652 0.5249
vt 0.6505 0.524
vt 0.6522 0.5242
vt 0.652 0.5249
vt 0.6954 0.5682
vt 0.7151 0.5878
vt 0.6903 0.5856
vt 0.6687 0.5815
vt 0.683 0.5659
vt 0.6903 0.5856
vt 0.6475 0.5233
vt 0.649 0.5237
vt 0.6492 0.5245
vt 0.649 0.5237
vt 0.6505 0.524
vt 0.6492 0.5245
vt 0.6641 0.5234
vt 0.6641 0.5234
vt 0.6641 0.5234
vt 0.657 0.5243
vt 0.6571 0.5245
vt 0.6568 0.5243
vt 0.6572 0.5317
vt 0.6568 0.5243
vt 0.6564 0.5315
vt 0.6568 0.5243
vt 0.6571 0.5241
vt 0.657 0.5243
vt 0.6586 0.5297
vt 0.6591 0.5218
vt 0.6592 0.522
vt 0.6584 0.5207
vt 0.6579 0.5284
vt 0.6583 0.5205
vt 0.7174 0.5559
vt 0.7302 0.5401
vt 0.7314 0.5573
vt 0.6492 0.5207
vt 0.6499 0.5214
vt 0.6475 0.5211
vt 0.683 0.5659
vt 0.6954 0.5682
vt 0.6903 0.5856
vt 0.6525 0.5324
vt 0.6523 0.5325
vt 0.6531 0.5324
vt 0.6504 0.5247
vt 0.6505 0.524
vt 0.652 0.5249
vt 0.6502 0.5312
vt 0.6529 0.53
vt 0.6502 0.5287
vt 0.6473 0.5316
vt 0.6474 0.5309
vt 0.6491 0.5321
vt 0.6687 0.5815
vt 0.6479 0.5769
vt 0.683 0.5659
vt 0.6502 0.5323
vt 0.6473 0.5316
vt 0.6491 0.5321
vt 0.6491 0.5321
vt 0.6503 0.5323
vt 0.6502 0.5323
vt 0.652 0.5325
vt 0.6502 0.5323
vt 0.6503 0.5323
vt 0.6502 0.5323
vt 0.6502 0.5312
vt 0.6474 0.5309
vt 0.6475 0.5206
vt 0.649 0.5197
vt 0.6489 0.52
vt 0.6523 0.5325
vt 0.6502 0.5323
vt 0.652 0.5325
vt 0.6492 0.5245
vt 0.6505 0.524
vt 0.6504 0.5247
vt 0.6492 0.5207
vt 0.6489 0.52
vt 0.65 0.52
vt 0.649 0.5197
vt 0.6512 0.5188
vt 0.6489 0.52
vt 0.6475 0.5211
vt 0.6475 0.5206
vt 0.6489 0.52
vt 0.6489 0.52
vt 0.6492 0.5207
vt 0.6475 0.5211
vt 0.6588 0.5229
vt 0.6588 0.5233
vt 0.6586 0.5231
vt 0.6591 0.5218
vt 0.6592 0.5216
vt 0.6592 0.522
vt 0.6583 0.5205
vt 0.6584 0.5203
vt 0.6584 0.5207
vt 0.6571 0.5241
vt 0.6571 0.5245
vt 0.657 0.5243
vt 0.6522 0.5197
vt 0.652 0.5201
vt 0.6522 0.5195
vt 0.6816 0.5523
vt 0.6998 0.5537
vt 0.683 0.5659
vt 0.683 0.5659
vt 0.6998 0.5537
vt 0.6954 0.5682
vt 0.6569 0.5205
vt 0.6571 0.5277
vt 0.6571 0.5205
vt 0.7174 0.5559
vt 0.7151 0.5878
vt 0.6954 0.5682
vt 0.6529 0.525
vt 0.6533 0.525
vt 0.653 0.5177
vt 0.6521 0.5181
vt 0.6525 0.5259
vt 0.6523 0.518
vt 0.653 0.5264
vt 0.6532 0.5262
vt 0.6525 0.5259
vt 0.6513 0.5268
vt 0.6519 0.5271
vt 0.6519 0.5264
vt 0.6528 0.5313
vt 0.6529 0.53
vt 0.6502 0.5312
vt 0.6528 0.5287
vt 0.6502 0.5287
vt 0.6529 0.53
vt 0.6476 0.549
vt 0.683 0.5659
vt 0.6479 0.5769
vt 0.683 0.5659
vt 0.6476 0.549
vt 0.6816 0.5523
vt 0.6998 0.5537
vt 0.6839 0.5349
vt 0.7123 0.5353
vt 0.6641 0.5234
vt 0.6641 0.5234
vt 0.6641 0.5234
vt 0.6493 0.5274
vt 0.6502 0.5287
vt 0.6505 0.527
vt 0.6563 0.5352
vt 0.6563 0.5352
vt 0.6563 0.5352
vt 0.7304 0.5245
vt 0.7334 0.5254
vt 0.7364 0.5245
vt 0.7304 0.5127
vt 0.7364 0.5127
vt 0.7334 0.5117
vt 0.6707 0.1054
vt 0.6542 0.1491
vt 0.6484 0.0837
vt 0.6904 0.2324
vt 0.6579 0.223
vt 0.6542 0.1491
vt 0.6827 0.1577
vt 0.6904 0.2324
vt 0.6542 0.1491
vt 0.7551 0.3089
vt 0.6955 0.2728
vt 0.6904 0.2324
vt 0.6955 0.2728
vt 0.6506 0.2837
vt 0.6579 0.223
vt 0.6955 0.2728
vt 0.6579 0.223
vt 0.6904 0.2324
vt 0.7128 0.3698
vt 0.6955 0.2728
vt 0.7551 0.3089
vt 0.7128 0.3698
vt 0.6506 0.2837
vt 0.6955 0.2728
vt 0.6827 0.1577
vt 0.6542 0.1491
vt 0.6707 0.1054
vt 0.7417 0.2406
vt 0.6904 0.2324
vt 0.7057 0.208
vt 0.9316 0.0234
vt 0.9278 0.0583
vt 0.9139 0.0578
vt 0.7057 0.208
vt 0.6904 0.2324
vt 0.6827 0.1577
vt 0.9139 0.0578
vt 0.8955 0.0561
vt 0.9171 0.0225
vt 0.9316 0.0234
vt 0.9139 0.0578
vt 0.9171 0.0225
vt 0.7551 0.3089
vt 0.6904 0.2324
vt 0.7417 0.2406
vt 0.8763 0.0217
vt 0.9171 0.0225
vt 0.8955 0.0561
vt 0.7417 0.2406
vt 0.7782 0.2544
vt 0.7551 0.3089
vt 0.7782 0.2544
vt 0.8489 0.2506
vt 0.8277 0.3129
vt 0.7551 0.3089
vt 0.7782 0.2544
vt 0.8277 0.3129
vt 0.8848 0.0902
vt 0.8791 0.0952
vt 0.8659 0.0608
vt 0.8738 0.1851
vt 0.8802 0.1603
vt 0.8923 0.1936
vt 0.8402 0.2254
vt 0.8574 0.2108
vt 0.8489 0.2506
vt 0.8489 0.2506
vt 0.7782 0.2544
vt 0.815 0.2333
vt 0.7807 0.2301
vt 0.815 0.2333
vt 0.7782 0.2544
vt 0.6787 0.1046
vt 0.6707 0.1054
vt 0.6787 0.0434
vt 0.8402 0.2254
vt 0.8489 0.2506
vt 0.815 0.2333
vt 0.8738 0.1851
vt 0.8923 0.1936
vt 0.8574 0.2108
vt 0.8489 0.2506
vt 0.8574 0.2108
vt 0.8923 0.1936
vt 0.8826 0.1282
vt 0.8938 0.1254
vt 0.8802 0.1603
vt 0.8938 0.1254
vt 0.8923 0.1936
vt 0.8802 0.1603
vt 0.6707 0.1054
vt 0.6484 0.0837
vt 0.6542 0.1491
vt 0.6904 0.2324
vt 0.6542 0.1491
vt 0.6579 0.223
vt 0.6827 0.1577
vt 0.6542 0.1491
vt 0.6904 0.2324
vt 0.7551 0.3089
vt 0.6904 0.2324
vt 0.6955 0.2728
vt 0.6955 0.2728
vt 0.6579 0.223
vt 0.6506 0.2837
vt 0.6955 0.2728
vt 0.6904 0.2324
vt 0.6579 0.223
vt 0.7128 0.3698
vt 0.7551 0.3089
vt 0.6955 0.2728
vt 0.7128 0.3698
vt 0.6955 0.2728
vt 0.6506 0.2837
vt 0.6827 0.1577
vt 0.6707 0.1054
vt 0.6542 0.1491
vt 0.9316 0.0234
vt 0.9139 0.0578
vt 0.9278 0.0583
vt 0.9139 0.0578
vt 0.9171 0.0225
vt 0.8955 0.0561
vt 0.9316 0.0234
vt 0.9171 0.0225
vt 0.9139 0.0578
vt 0.8763 0.0217
vt 0.8955 0.0561
vt 0.9171 0.0225
vt 0.8848 0.0902
vt 0.8955 0.0561
vt 0.8659 0.0608
vt 0.8659 0.0608
vt 0.8763 0.0217
vt 0.8049 0.0358
vt 0.7751 0.0271
vt 0.7753 0.0083
vt 0.7398 0.0258
vt 0.8848 0.0902
vt 0.8659 0.0608
vt 0.8791 0.0952
vt 0.8738 0.1851
vt 0.8923 0.1936
vt 0.8802 0.1603
vt 0.8402 0.2254
vt 0.8489 0.2506
vt 0.8574 0.2108
vt 0.8489 0.2506
vt 0.815 0.2333
vt 0.7782 0.2544
vt 0.7807 0.2301
vt 0.7782 0.2544
vt 0.815 0.2333
vt 0.6787 0.1046
vt 0.6787 0.0434
vt 0.6707 0.1054
vt 0.8402 0.2254
vt 0.815 0.2333
vt 0.8489 0.2506
vt 0.8738 0.1851
vt 0.8574 0.2108
vt 0.8923 0.1936
vt 0.8489 0.2506
vt 0.8923 0.1936
vt 0.8574 0.2108
vt 0.8826 0.1282
vt 0.8802 0.1603
vt 0.8938 0.1254
vt 0.8938 0.1254
vt 0.8802 0.1603
vt 0.8923 0.1936
vt 0.8763 0.0217
vt 0.8659 0.0608
vt 0.8955 0.0561
vt 0.3174 0.0406
vt 0.3193 0.048
vt 0.297 0.0424
vt 0.2781 0.0874
vt 0.2883 0.0867
vt 0.2751 0.0957
vt 0.4389 0.0998
vt 0.3502 0.0335
vt 0.3794 0.0554
vt 0.4761 0.1098
vt 0.4882 0.1095
vt 0.4713 0.136
vt 0.3588 0.222
vt 0.3324 0.2425
vt 0.3362 0.2226
vt 0.26 0.0863
vt 0.2748 0.0868
vt 0.2645 0.1009
vt 0.3697 0.0977
vt 0.3923 0.0965
vt 0.3694 0.1084
vt 0.4456 0.1361
vt 0.4342 0.1715
vt 0.4238 0.1329
vt 0.4713 0.136
vt 0.4479 0.1828
vt 0.4456 0.1361
vt 0.4456 0.1361
vt 0.4479 0.1828
vt 0.4342 0.1715
vt 0.3964 0.0714
vt 0.3913 0.0773
vt 0.3747 0.0489
vt 0.2954 0.0203
vt 0.2877 0.0278
vt 0.2677 0.0152
vt 0.3251 0.0704
vt 0.3212 0.0555
vt 0.3531 0.0706
vt 0.3678 0.0717
vt 0.3544 0.0589
vt 0.3645 0.0566
vt 0.2605 0.2031
vt 0.2605 0.1786
vt 0.2828 0.1758
vt 0.3678 0.0717
vt 0.3619 0.0709
vt 0.3544 0.0589
vt 0.3531 0.0706
vt 0.3537 0.0648
vt 0.3619 0.0709
vt 0.4031 0.1606
vt 0.3968 0.1577
vt 0.4003 0.1498
vt 0.2605 0.2031
vt 0.2828 0.1758
vt 0.3021 0.2048
vt 0.2851 0.1591
vt 0.2769 0.1365
vt 0.2839 0.1366
vt 0.4003 0.1498
vt 0.3968 0.1577
vt 0.3946 0.1423
vt 0.3645 0.0566
vt 0.3544 0.0589
vt 0.3488 0.0436
vt 0.3768 0.1431
vt 0.3694 0.1084
vt 0.3946 0.1423
vt 0.3923 0.0965
vt 0.3946 0.1423
vt 0.3694 0.1084
vt 0.2986 0.0708
vt 0.2981 0.0623
vt 0.3251 0.0704
vt 0.4389 0.0998
vt 0.4246 0.0841
vt 0.4398 0.0592
vt 0.3245 0.021
vt 0.3175 0.018
vt 0.3794 0.0554
vt 0.3794 0.0554
vt 0.3502 0.0335
vt 0.3245 0.021
vt 0.2877 0.0278
vt 0.2988 0.0326
vt 0.297 0.0424
vt 0.3251 0.0704
vt 0.2981 0.0623
vt 0.3212 0.0555
vt 0.2981 0.0623
vt 0.2975 0.0524
vt 0.3212 0.0555
vt 0.3174 0.0406
vt 0.297 0.0424
vt 0.3193 0.048
vt 0.2877 0.0278
vt 0.2988 0.0326
vt 0.2954 0.0203
vt 0.4389 0.0998
vt 0.3794 0.0554
vt 0.3502 0.0335
vt 0.4761 0.1098
vt 0.4713 0.136
vt 0.4882 0.1095
vt 0.3588 0.222
vt 0.3362 0.2226
vt 0.3324 0.2425
vt 0.2895 0.0873
vt 0.2748 0.0868
vt 0.2751 0.0957
vt 0.3697 0.0977
vt 0.3694 0.1084
vt 0.3923 0.0965
vt 0.2851 0.1591
vt 0.2728 0.1586
vt 0.2828 0.1758
vt 0.4456 0.1361
vt 0.4238 0.1329
vt 0.4342 0.1715
vt 0.4713 0.136
vt 0.4456 0.1361
vt 0.4479 0.1828
vt 0.4456 0.1361
vt 0.4342 0.1715
vt 0.4479 0.1828
vt 0.3964 0.0714
vt 0.3747 0.0489
vt 0.3913 0.0773
vt 0.2954 0.0203
vt 0.2677 0.0152
vt 0.2877 0.0278
vt 0.3251 0.0704
vt 0.3531 0.0706
vt 0.3212 0.0555
vt 0.4031 0.1606
vt 0.4003 0.1498
vt 0.3968 0.1577
vt 0.2851 0.1591
vt 0.2839 0.1366
vt 0.2769 0.1365
vt 0.4003 0.1498
vt 0.3946 0.1423
vt 0.3968 0.1577
vt 0.3645 0.0566
vt 0.3488 0.0436
vt 0.3544 0.0589
vt 0.3698 0.0859
vt 0.3913 0.0773
vt 0.3678 0.0717
vt 0.3747 0.0489
vt 0.3678 0.0717
vt 0.3913 0.0773
vt 0.3768 0.1431
vt 0.3946 0.1423
vt 0.3694 0.1084
vt 0.3923 0.0965
vt 0.3694 0.1084
vt 0.3946 0.1423
vt 0.2986 0.0708
vt 0.3251 0.0704
vt 0.2981 0.0623
vt 0.4389 0.0998
vt 0.4398 0.0592
vt 0.4246 0.0841
vt 0.3245 0.021
vt 0.3794 0.0554
vt 0.3175 0.018
vt 0.3794 0.0554
vt 0.3245 0.021
vt 0.3502 0.0335
vt 0.2877 0.0278
vt 0.297 0.0424
vt 0.2988 0.0326
vt 0.3251 0.0704
vt 0.3212 0.0555
vt 0.2981 0.0623
vt 0.2981 0.0623
vt 0.3212 0.0555
vt 0.2975 0.0524
vt 0.718 0.4705
vt 0.6996 0.4673
vt 0.7211 0.4475
vt 0.6395 0.4775
vt 0.6721 0.4834
vt 0.6813 0.4932
vt 0.6646 0.4557
vt 0.6312 0.4646
vt 0.6738 0.4238
vt 0.629 0.4051
vt 0.6738 0.4238
vt 0.6312 0.4646
vt 0.7206 0.4176
vt 0.718 0.3896
vt 0.7395 0.4207
vt 0.7211 0.4475
vt 0.7364 0.4673
vt 0.718 0.4705
vt 0.6935 0.4829
vt 0.6996 0.4673
vt 0.718 0.4705
vt 0.6996 0.4673
vt 0.7067 0.444
vt 0.7211 0.4475
vt 0.7364 0.4673
vt 0.718 0.4705
vt 0.6813 0.4932
vt 0.6996 0.4673
vt 0.7067 0.444
vt 0.6646 0.4557
vt 0.6996 0.4673
vt 0.6646 0.4557
vt 0.6721 0.4834
vt 0.7206 0.4176
vt 0.7395 0.4207
vt 0.718 0.3896
vt 0.7211 0.4475
vt 0.718 0.4705
vt 0.7364 0.4673
vt 0.7058 0.3989
vt 0.718 0.3896
vt 0.667 0.3896
vt 0.6568 0.3802
vt 0.667 0.3896
vt 0.718 0.3896
vt 0.7206 0.4176
vt 0.718 0.3896
vt 0.7058 0.3989
vt 0.6751 0.3989
vt 0.7206 0.4176
vt 0.7058 0.3989
vt 0.629 0.4051
vt 0.6476 0.3906
vt 0.627 0.3906
vt 0.6935 0.4829
vt 0.6996 0.4673
vt 0.6721 0.4834
vt 0.5256 0.2152
vt 0.5054 0.2151
vt 0.5232 0.1913
vt 0.5301 0.2298
vt 0.5054 0.2151
vt 0.5256 0.2152
vt 0.5982 0.1696
vt 0.5898 0.1489
vt 0.6074 0.1309
vt 0.6128 0.0677
vt 0.5599 0.0526
vt 0.5633 0.0252
vt 0.5406 0.1301
vt 0.5432 0.119
vt 0.5734 0.1329
vt 0.5054 0.1913
vt 0.5054 0.1843
vt 0.5232 0.1913
vt 0.5054 0.1913
vt 0.5232 0.1913
vt 0.5054 0.2151
vt 0.5054 0.1843
vt 0.5503 0.1837
vt 0.5347 0.1924
vt 0.5379 0.1391
vt 0.5054 0.1373
vt 0.5054 0.1363
vt 0.5371 0.1437
vt 0.5379 0.1391
vt 0.5669 0.1421
vt 0.5669 0.1421
vt 0.5898 0.1489
vt 0.5695 0.1477
vt 0.5695 0.1477
vt 0.5552 0.1565
vt 0.5371 0.1437
vt 0.5371 0.1437
vt 0.5054 0.1547
vt 0.5054 0.1431
vt 0.5371 0.1437
vt 0.5054 0.1373
vt 0.5379 0.1391
vt 0.5398 0.1029
vt 0.5392 0.0928
vt 0.5727 0.1163
vt 0.5054 0.1431
vt 0.5054 0.1373
vt 0.5371 0.1437
vt 0.5734 0.1329
vt 0.5898 0.1489
vt 0.5565 0.1413
vt 0.6074 0.1309
vt 0.5898 0.1489
vt 0.5734 0.1329
vt 0.5256 0.2152
vt 0.5232 0.1913
vt 0.5404 0.2157
vt 0.5054 0.1675
vt 0.5054 0.1547
vt 0.5409 0.1653
vt 0.5054 0.2402
vt 0.5054 0.2151
vt 0.5301 0.2298
vt 0.5347 0.1924
vt 0.5232 0.1913
vt 0.5054 0.1843
vt 0.5371 0.1437
vt 0.5669 0.1421
vt 0.5695 0.1477
vt 0.6164 0.1168
vt 0.5744 0.0861
vt 0.6146 0.0923
vt 0.5371 0.1437
vt 0.5409 0.1653
vt 0.5054 0.1547
vt 0.5599 0.0526
vt 0.6128 0.0677
vt 0.5744 0.0861
vt 0.5383 0.0774
vt 0.5599 0.0526
vt 0.5744 0.0861
vt 0.5406 0.1301
vt 0.5734 0.1329
vt 0.5432 0.119
vt 0.5054 0.1913
vt 0.5232 0.1913
vt 0.5054 0.1843
vt 0.5054 0.1913
vt 0.5054 0.2151
vt 0.5232 0.1913
vt 0.5054 0.1843
vt 0.5347 0.1924
vt 0.5503 0.1837
vt 0.5379 0.1391
vt 0.5054 0.1363
vt 0.5054 0.1373
vt 0.5371 0.1437
vt 0.5669 0.1421
vt 0.5379 0.1391
vt 0.5669 0.1421
vt 0.5695 0.1477
vt 0.5898 0.1489
vt 0.5409 0.1653
vt 0.5552 0.1565
vt 0.5371 0.1437
vt 0.5371 0.1437
vt 0.5054 0.1431
vt 0.5054 0.1547
vt 0.5371 0.1437
vt 0.5379 0.1391
vt 0.5054 0.1373
vt 0.5398 0.1029
vt 0.5727 0.1163
vt 0.5392 0.0928
vt 0.5054 0.1431
vt 0.5371 0.1437
vt 0.5054 0.1373
vt 0.5734 0.1329
vt 0.5565 0.1413
vt 0.5898 0.1489
vt 0.5054 0.1675
vt 0.5409 0.1653
vt 0.5054 0.1547
vt 0.5054 0.2402
vt 0.5301 0.2298
vt 0.5054 0.2151
vt 0.5347 0.1924
vt 0.5054 0.1843
vt 0.5232 0.1913
vt 0.5371 0.1437
vt 0.5695 0.1477
vt 0.5669 0.1421
vt 0.6164 0.1168
vt 0.6146 0.0923
vt 0.5744 0.0861
vt 0.5371 0.1437
vt 0.5054 0.1547
vt 0.5409 0.1653
vt 0.7392 0.5143
vt 0.7392 0.5162
vt 0.7402 0.5174
vt 0.7207 0.5174
vt 0.7218 0.5162
vt 0.7218 0.5143
vt 0.8385 0.3977
vt 0.8149 0.3936
vt 0.8508 0.4636
vt 0.8505 0.3995
vt 0.8385 0.3977
vt 0.8508 0.4636
vt 0.8508 0.4636
vt 0.8423 0.4928
vt 0.8585 0.4867
vt 0.8508 0.4636
vt 0.8585 0.4867
vt 0.8644 0.4831
vt 0.8715 0.4072
vt 0.8505 0.3995
vt 0.8508 0.4636
vt 0.8149 0.4941
vt 0.8423 0.4928
vt 0.8508 0.4636
vt 0.8149 0.3936
vt 0.8385 0.3977
vt 0.8508 0.4636
vt 0.8385 0.3977
vt 0.8505 0.3995
vt 0.8508 0.4636
vt 0.8423 0.4928
vt 0.8508 0.4636
vt 0.8585 0.4867
vt 0.8585 0.4867
vt 0.8508 0.4636
vt 0.8644 0.4831
vt 0.8505 0.3995
vt 0.8715 0.4072
vt 0.8508 0.4636
vt 0.8423 0.4928
vt 0.8149 0.4941
vt 0.8508 0.4636
vt 0.8508 0.4636
vt 0.8149 0.3936
vt 0.8508 0.4636
vt 0.8508 0.4636
vt 0.8508 0.4636
vt 0.8149 0.4941
vt 0.8473 0.7379
vt 0.8247 0.7101
vt 0.8144 0.6813
vt 0.8108 0.5667
vt 0.8216 0.5403
vt 0.8456 0.5107
vt 0.93 0.6813
vt 0.9205 0.7101
vt 0.8979 0.7379
vt 0.818 0.6778
vt 0.7985 0.6257
vt 0.8309 0.6251
vt 0.7896 0.6257
vt 0.8144 0.6813
vt 0.7619 0.6516
vt 0.9832 0.6516
vt 0.9467 0.6257
vt 0.9922 0.6273
vt 0.9922 0.6273
vt 0.9467 0.6257
vt 0.9875 0.6029
vt 0.9336 0.5667
vt 0.9609 0.58
vt 0.9875 0.6029
vt 0.8995 0.5107
vt 0.9236 0.5403
vt 0.9336 0.5667
vt 0.93 0.6813
vt 0.9467 0.6257
vt 0.9832 0.6516
vt 0.8995 0.5107
vt 0.8722 0.5375
vt 0.8726 0.5031
vt 0.7577 0.6029
vt 0.7896 0.6257
vt 0.753 0.6273
vt 0.753 0.6273
vt 0.7896 0.6257
vt 0.7619 0.6516
vt 0.8722 0.7079
vt 0.8473 0.7379
vt 0.8144 0.6813
vt 0.8722 0.7079
vt 0.93 0.6813
vt 0.8979 0.7379
vt 0.93 0.6813
vt 0.9832 0.6516
vt 0.9555 0.6736
vt 0.8144 0.6813
vt 0.7896 0.6736
vt 0.7619 0.6516
vt 0.8108 0.5667
vt 0.7896 0.6257
vt 0.7577 0.6029
vt 0.9467 0.6257
vt 0.9336 0.5667
vt 0.9875 0.6029
vt 0.8404 0.661
vt 0.8722 0.7002
vt 0.818 0.6778
vt 0.8722 0.5375
vt 0.8995 0.5107
vt 0.9336 0.5667
vt 0.8722 0.5375
vt 0.8108 0.5667
vt 0.8456 0.5107
vt 0.9263 0.6778
vt 0.8722 0.7002
vt 0.904 0.661
vt 0.9134 0.6251
vt 0.9263 0.6778
vt 0.904 0.661
vt 0.8147 0.5711
vt 0.8388 0.5879
vt 0.8309 0.6251
vt 0.8388 0.5879
vt 0.8147 0.5711
vt 0.8722 0.549
vt 0.9297 0.5711
vt 0.9459 0.6257
vt 0.9134 0.6251
vt 0.8388 0.5879
vt 0.8722 0.549
vt 0.9055 0.5879
vt 0.8722 0.7002
vt 0.8404 0.661
vt 0.904 0.661
vt 0.8722 0.549
vt 0.9297 0.5711
vt 0.9055 0.5879
vt 0.7985 0.6257
vt 0.8147 0.5711
vt 0.8309 0.6251
vt 0.818 0.6778
vt 0.8309 0.6251
vt 0.8404 0.661
vt 0.9134 0.6251
vt 0.9459 0.6257
vt 0.9263 0.6778
vt 0.9055 0.5879
vt 0.9297 0.5711
vt 0.9134 0.6251
vt 0.8726 0.7447
vt 0.8722 0.7079
vt 0.8979 0.7379
vt 0.8473 0.7379
vt 0.8722 0.7079
vt 0.8726 0.7447
vt 0.7577 0.6029
vt 0.7843 0.58
vt 0.8108 0.5667
vt 0.8726 0.5031
vt 0.8722 0.5375
vt 0.8456 0.5107
vt 0.8473 0.7379
vt 0.8144 0.6813
vt 0.8247 0.7101
vt 0.8108 0.5667
vt 0.8456 0.5107
vt 0.8216 0.5403
vt 0.93 0.6813
vt 0.8979 0.7379
vt 0.9205 0.7101
vt 0.818 0.6778
vt 0.8309 0.6251
vt 0.7985 0.6257
vt 0.7896 0.6257
vt 0.7619 0.6516
vt 0.8144 0.6813
vt 0.9832 0.6516
vt 0.9922 0.6273
vt 0.9467 0.6257
vt 0.9922 0.6273
vt 0.9875 0.6029
vt 0.9467 0.6257
vt 0.9336 0.5667
vt 0.9875 0.6029
vt 0.9609 0.58
vt 0.8995 0.5107
vt 0.9336 0.5667
vt 0.9236 0.5403
vt 0.93 0.6813
vt 0.9832 0.6516
vt 0.9467 0.6257
vt 0.8995 0.5107
vt 0.8726 0.5031
vt 0.8722 0.5375
vt 0.7577 0.6029
vt 0.753 0.6273
vt 0.7896 0.6257
vt 0.753 0.6273
vt 0.7619 0.6516
vt 0.7896 0.6257
vt 0.8722 0.7079
vt 0.8144 0.6813
vt 0.8473 0.7379
vt 0.8722 0.7079
vt 0.8979 0.7379
vt 0.93 0.6813
vt 0.93 0.6813
vt 0.9555 0.6736
vt 0.9832 0.6516
vt 0.8144 0.6813
vt 0.7619 0.6516
vt 0.7896 0.6736
vt 0.8108 0.5667
vt 0.7577 0.6029
vt 0.7896 0.6257
vt 0.9467 0.6257
vt 0.9875 0.6029
vt 0.9336 0.5667
vt 0.8404 0.661
vt 0.818 0.6778
vt 0.8722 0.7002
vt 0.8722 0.5375
vt 0.9336 0.5667
vt 0.8995 0.5107
vt 0.8722 0.5375
vt 0.8456 0.5107
vt 0.8108 0.5667
vt 0.9263 0.6778
vt 0.904 0.661
vt 0.8722 0.7002
vt 0.9134 0.6251
vt 0.904 0.661
vt 0.9263 0.6778
vt 0.8147 0.5711
vt 0.8309 0.6251
vt 0.8388 0.5879
vt 0.8388 0.5879
vt 0.8722 0.549
vt 0.8147 0.5711
vt 0.9297 0.5711
vt 0.9134 0.6251
vt 0.9459 0.6257
vt 0.8388 0.5879
vt 0.9055 0.5879
vt 0.8722 0.549
vt 0.8722 0.7002
vt 0.904 0.661
vt 0.8404 0.661
vt 0.8722 0.549
vt 0.9055 0.5879
vt 0.9297 0.5711
vt 0.7985 0.6257
vt 0.8309 0.6251
vt 0.8147 0.5711
vt 0.818 0.6778
vt 0.8404 0.661
vt 0.8309 0.6251
vt 0.9134 0.6251
vt 0.9263 0.6778
vt 0.9459 0.6257
vt 0.9055 0.5879
vt 0.9134 0.6251
vt 0.9297 0.5711
vt 0.8726 0.7447
vt 0.8979 0.7379
vt 0.8722 0.7079
vt 0.8473 0.7379
vt 0.8726 0.7447
vt 0.8722 0.7079
vt 0.7577 0.6029
vt 0.8108 0.5667
vt 0.7843 0.58
vt 0.8726 0.5031
vt 0.8456 0.5107
vt 0.8722 0.5375
vt 0.4408 0.4447
vt 0.4219 0.4225
vt 0.3766 0.4678
vt 0.4681 0.373
vt 0.4219 0.3727
vt 0.4219 0.4225
vt 0.3774 0.2759
vt 0.4219 0.3211
vt 0.4427 0.2988
vt 0.4425 0.2991
vt 0.4219 0.3211
vt 0.3774 0.2759
vt 0.3766 0.4678
vt 0.3769 0.4207
vt 0.4218 0.4225
vt 0.4679 0.3728
vt 0.4219 0.3211
vt 0.4425 0.2991
vt 0.3774 0.2759
vt 0.4219 0.3211
vt 0.3772 0.3217
vt 0.4681 0.373
vt 0.4219 0.4225
vt 0.4408 0.4447
vt 0.3774 0.2759
vt 0.3772 0.3217
vt 0.4219 0.3211
vt 0.3766 0.4678
vt 0.4219 0.4225
vt 0.3769 0.4207
vt 0.4408 0.4447
vt 0.3766 0.4678
vt 0.4219 0.4225
vt 0.4681 0.373
vt 0.4219 0.4225
vt 0.4219 0.3727
vt 0.4425 0.2991
vt 0.3774 0.2759
vt 0.4219 0.3211
vt 0.4679 0.3728
vt 0.4219 0.3727
vt 0.4218 0.4225
vt 0.4408 0.4447
vt 0.4679 0.3728
vt 0.4218 0.4225
vt 0.4679 0.3728
vt 0.4425 0.2991
vt 0.4219 0.3211
vt 0.4681 0.373
vt 0.4408 0.4447
vt 0.4219 0.4225
vt 0.3766 0.4678
vt 0.3769 0.4207
vt 0.4219 0.4225
vt 0.4679 0.3728
vt 0.4219 0.3211
vt 0.4219 0.3727
vt 0.4681 0.373
vt 0.4219 0.3727
vt 0.4219 0.3211
vt 0.2569 0.444
vt 0.2958 0.4393
vt 0.3201 0.4081
vt 0.3201 0.4081
vt 0.2958 0.4393
vt 0.3253 0.4382
vt 0.348 0.3989
vt 0.3201 0.4081
vt 0.3465 0.4237
vt 0.3465 0.4237
vt 0.3201 0.4081
vt 0.3253 0.4382
vt 0.348 0.323
vt 0.3206 0.337
vt 0.3485 0.3478
vt 0.348 0.3989
vt 0.3341 0.3736
vt 0.3201 0.4081
vt 0.348 0.3989
vt 0.3615 0.3941
vt 0.3449 0.3731
vt 0.3258 0.3074
vt 0.3278 0.2951
vt 0.3009 0.2988
vt 0.3661 0.329
vt 0.3511 0.3031
vt 0.348 0.323
vt 0.2725 0.2585
vt 0.2724 0.2587
vt 0.2569 0.2717
vt 0.348 0.3989
vt 0.3449 0.3731
vt 0.3341 0.3736
vt 0.3258 0.3074
vt 0.3009 0.2988
vt 0.2958 0.3074
vt 0.3009 0.2988
vt 0.2792 0.2827
vt 0.2958 0.3074
vt 0.2792 0.2827
vt 0.2911 0.2743
vt 0.3011 0.2987
vt 0.3341 0.3736
vt 0.3201 0.4081
vt 0.3206 0.337
vt 0.2792 0.2827
vt 0.2957 0.3077
vt 0.2569 0.3026
vt 0.3485 0.3478
vt 0.3341 0.3736
vt 0.3206 0.337
vt 0.3258 0.3074
vt 0.348 0.323
vt 0.3206 0.337
vt 0.3485 0.3478
vt 0.3206 0.337
vt 0.348 0.323
vt 0.2569 0.3026
vt 0.2957 0.3077
vt 0.3206 0.337
vt 0.2569 0.3026
vt 0.3206 0.337
vt 0.2569 0.3731
vt 0.2569 0.444
vt 0.2958 0.4393
vt 0.2802 0.4624
vt 0.3015 0.4473
vt 0.2907 0.472
vt 0.2802 0.4624
vt 0.345 0.3731
vt 0.3616 0.394
vt 0.348 0.3989
vt 0.3206 0.337
vt 0.2957 0.3077
vt 0.3258 0.3074
vt 0.3011 0.2987
vt 0.3278 0.2951
vt 0.3258 0.3074
vt 0.2569 0.2717
vt 0.2792 0.2827
vt 0.2569 0.3026
vt 0.2958 0.4393
vt 0.3015 0.4473
vt 0.2802 0.4624
vt 0.2957 0.3077
vt 0.3011 0.2987
vt 0.3258 0.3074
vt 0.2957 0.3077
vt 0.2792 0.2827
vt 0.3011 0.2987
vt 0.3253 0.4382
vt 0.3278 0.4517
vt 0.3015 0.4473
vt 0.3341 0.3736
vt 0.3201 0.4081
vt 0.3206 0.337
vt 0.3253 0.4382
vt 0.2958 0.4393
vt 0.3201 0.4081
vt 0.2802 0.4624
vt 0.2569 0.4745
vt 0.2569 0.4435
vt 0.3465 0.4237
vt 0.3201 0.4081
vt 0.348 0.3989
vt 0.3253 0.4382
vt 0.3201 0.4081
vt 0.3465 0.4237
vt 0.3201 0.4081
vt 0.3341 0.3736
vt 0.348 0.3989
vt 0.3206 0.337
vt 0.2958 0.3074
vt 0.3258 0.3074
vt 0.3009 0.2988
vt 0.3278 0.2951
vt 0.3258 0.3074
vt 0.2719 0.4877
vt 0.2721 0.4876
vt 0.2569 0.4745
vt 0.2958 0.4393
vt 0.3253 0.4382
vt 0.3015 0.4473
vt 0.2958 0.3074
vt 0.3009 0.2988
vt 0.3258 0.3074
vt 0.3507 0.4434
vt 0.366 0.4176
vt 0.3465 0.4237
vt 0.3011 0.2987
vt 0.2911 0.2743
vt 0.2792 0.2827
vt 0.345 0.3731
vt 0.3485 0.3478
vt 0.3341 0.3736
vt 0.3341 0.3736
vt 0.3206 0.337
vt 0.3201 0.4081
vt 0.3206 0.337
vt 0.3341 0.3736
vt 0.3485 0.3478
vt 0.348 0.3989
vt 0.3201 0.4081
vt 0.3465 0.4237
vt 0.3206 0.337
vt 0.348 0.323
vt 0.3258 0.3074
vt 0.348 0.323
vt 0.3206 0.337
vt 0.3485 0.3478
vt 0.2569 0.4435
vt 0.3201 0.4081
vt 0.2569 0.3731
vt 0.3206 0.337
vt 0.2958 0.3074
vt 0.2569 0.3022
vt 0.2569 0.3022
vt 0.2569 0.3731
vt 0.3206 0.337
vt 0.2802 0.4624
vt 0.2907 0.472
vt 0.3015 0.4473
vt 0.348 0.3989
vt 0.3341 0.3736
vt 0.3201 0.4081
vt 0.348 0.3989
vt 0.3616 0.394
vt 0.345 0.3731
vt 0.3258 0.3074
vt 0.2958 0.3074
vt 0.3206 0.337
vt 0.2802 0.4624
vt 0.3015 0.4473
vt 0.2958 0.4393
vt 0.3015 0.4473
vt 0.3257 0.4379
vt 0.2958 0.4393
vt 0.348 0.3989
vt 0.345 0.3731
vt 0.3341 0.3736
vt 0.345 0.3731
vt 0.3616 0.3526
vt 0.3485 0.3478
vt 0.2725 0.2585
vt 0.2569 0.2712
vt 0.2724 0.2587
vt 0.3507 0.4434
vt 0.3465 0.4237
vt 0.366 0.4176
vt 0.2569 0.3026
vt 0.2569 0.3731
vt 0.3206 0.337
vt 0.2569 0.3731
vt 0.3201 0.4081
vt 0.3206 0.337
vt 0.2569 0.3731
vt 0.3206 0.337
vt 0.3201 0.4081
vt 0.3009 0.2988
vt 0.2792 0.2827
vt 0.2911 0.2741
vt 0.3449 0.3731
vt 0.3341 0.3736
vt 0.3485 0.3478
vt 0.2569 0.444
vt 0.3201 0.4081
vt 0.2958 0.4393
vt 0.3206 0.337
vt 0.3485 0.3478
vt 0.3341 0.3736
vt 0.3201 0.4081
vt 0.3253 0.4382
vt 0.2958 0.4393
vt 0.348 0.3989
vt 0.3465 0.4237
vt 0.3201 0.4081
vt 0.3465 0.4237
vt 0.3253 0.4382
vt 0.3201 0.4081
vt 0.348 0.323
vt 0.3485 0.3478
vt 0.3206 0.337
vt 0.3341 0.3736
vt 0.3201 0.4081
vt 0.3206 0.337
vt 0.2802 0.4624
vt 0.3015 0.4473
vt 0.2906 0.4721
vt 0.348 0.3989
vt 0.3201 0.4081
vt 0.3341 0.3736
vt 0.348 0.3989
vt 0.3449 0.3731
vt 0.3615 0.3941
vt 0.3661 0.329
vt 0.348 0.323
vt 0.3511 0.3031
vt 0.2725 0.2585
vt 0.2569 0.2717
vt 0.2724 0.2587
vt 0.348 0.3989
vt 0.3341 0.3736
vt 0.3449 0.3731
vt 0.3449 0.3731
vt 0.3485 0.3478
vt 0.362 0.3526
vt 0.3258 0.3074
vt 0.2958 0.3074
vt 0.3009 0.2988
vt 0.3009 0.2988
vt 0.2958 0.3074
vt 0.2792 0.2827
vt 0.3253 0.4382
vt 0.3015 0.4473
vt 0.3275 0.4514
vt 0.2719 0.4877
vt 0.2721 0.4876
vt 0.2569 0.475
vt 0.3341 0.3736
vt 0.3206 0.337
vt 0.3201 0.4081
vt 0.3485 0.3478
vt 0.3206 0.337
vt 0.3341 0.3736
vt 0.3253 0.4382
vt 0.3201 0.4081
vt 0.2958 0.4393
vt 0.3258 0.3074
vt 0.3206 0.337
vt 0.348 0.323
vt 0.3485 0.3478
vt 0.348 0.323
vt 0.3206 0.337
vt 0.3206 0.337
vt 0.3258 0.3074
vt 0.2957 0.3077
vt 0.3011 0.2987
vt 0.3258 0.3074
vt 0.3278 0.2951
vt 0.2569 0.2717
vt 0.2569 0.3026
vt 0.2792 0.2827
vt 0.2958 0.4393
vt 0.3015 0.4473
vt 0.3253 0.4382
vt 0.2957 0.3077
vt 0.3258 0.3074
vt 0.3011 0.2987
vt 0.2569 0.444
vt 0.2569 0.3731
vt 0.3201 0.4081
vt 0.3253 0.4382
vt 0.3015 0.4473
vt 0.3278 0.4517
vt 0.2792 0.2827
vt 0.3009 0.2988
vt 0.2911 0.2741
vt 0.3201 0.4081
vt 0.2569 0.4435
vt 0.2958 0.4393
vt 0.3341 0.3736
vt 0.3206 0.337
vt 0.3201 0.4081
vt 0.2792 0.2827
vt 0.2569 0.3022
vt 0.2958 0.3074
vt 0.3253 0.4382
vt 0.3201 0.4081
vt 0.2958 0.4393
vt 0.2802 0.4624
vt 0.2569 0.4435
vt 0.2569 0.4745
vt 0.3465 0.4237
vt 0.348 0.3989
vt 0.3201 0.4081
vt 0.3253 0.4382
vt 0.3465 0.4237
vt 0.3201 0.4081
vt 0.2569 0.4435
vt 0.2802 0.4624
vt 0.2958 0.4393
vt 0.3015 0.4473
vt 0.2802 0.4624
vt 0.2906 0.4721
vt 0.3201 0.4081
vt 0.348 0.3989
vt 0.3341 0.3736
vt 0.2719 0.4877
vt 0.2569 0.4745
vt 0.2721 0.4876
vt 0.2958 0.4393
vt 0.2802 0.4624
vt 0.3015 0.4473
vt 0.2958 0.4393
vt 0.3015 0.4473
vt 0.3253 0.4382
vt 0.3485 0.3478
vt 0.3449 0.3731
vt 0.362 0.3526
vt 0.2958 0.3074
vt 0.3009 0.2988
vt 0.2792 0.2827
vt 0.3507 0.4434
vt 0.3465 0.4237
vt 0.366 0.4176
vt 0.3015 0.4473
vt 0.3257 0.4379
vt 0.3275 0.4514
vt 0.345 0.3731
vt 0.3341 0.3736
vt 0.3485 0.3478
vt 0.3206 0.337
vt 0.3485 0.3478
vt 0.3341 0.3736
vt 0.348 0.3989
vt 0.3465 0.4237
vt 0.3201 0.4081
vt 0.3206 0.337
vt 0.3258 0.3074
vt 0.348 0.323
vt 0.348 0.323
vt 0.3485 0.3478
vt 0.3206 0.337
vt 0.2569 0.4435
vt 0.2569 0.3731
vt 0.3201 0.4081
vt 0.3206 0.337
vt 0.2569 0.3022
vt 0.2958 0.3074
vt 0.3258 0.3074
vt 0.3206 0.337
vt 0.2958 0.3074
vt 0.2802 0.4624
vt 0.2958 0.4393
vt 0.3015 0.4473
vt 0.3015 0.4473
vt 0.2958 0.4393
vt 0.3257 0.4379
vt 0.345 0.3731
vt 0.3485 0.3478
vt 0.3616 0.3526
vt 0.3661 0.329
vt 0.3511 0.3031
vt 0.348 0.323
vt 0.2569 0.3026
vt 0.3206 0.337
vt 0.2569 0.3731
vt 0.2569 0.4435
vt 0.3201 0.4081
vt 0.2569 0.3731
vt 0.2569 0.3731
vt 0.3201 0.4081
vt 0.3206 0.337
vt 0.2569 0.3731
vt 0.3206 0.337
vt 0.3201 0.4081
vt 0.7902 0.6239
vt 0.7844 0.6238
vt 0.7677 0.6031
vt 0.7955 0.6967
vt 0.767 0.6834
vt 0.7695 0.6526
vt 0.841 0.6747
vt 0.8335 0.691
vt 0.8059 0.662
vt 0.8465 0.5223
vt 0.8726 0.5439
vt 0.8314 0.5542
vt 0.7955 0.6967
vt 0.8017 0.6638
vt 0.8314 0.6936
vt 0.8465 0.7254
vt 0.8726 0.7429
vt 0.8521 0.737
vt 0.8314 0.6936
vt 0.8385 0.7229
vt 0.8285 0.6984
vt 0.7619 0.5845
vt 0.767 0.5643
vt 0.7695 0.5951
vt 0.8726 0.7038
vt 0.8465 0.7254
vt 0.8314 0.6936
vt 0.841 0.573
vt 0.8335 0.5567
vt 0.8726 0.5475
vt 0.8335 0.691
vt 0.841 0.6747
vt 0.8726 0.7002
vt 0.7824 0.6977
vt 0.8018 0.7021
vt 0.8402 0.6786
vt 0.8465 0.7254
vt 0.8521 0.737
vt 0.8385 0.7229
vt 0.8314 0.6936
vt 0.8465 0.7254
vt 0.8385 0.7229
vt 0.8017 0.6638
vt 0.7695 0.6526
vt 0.7902 0.6239
vt 0.7695 0.6526
vt 0.7619 0.6632
vt 0.7677 0.6446
vt 0.7902 0.6239
vt 0.7695 0.6526
vt 0.7677 0.6446
vt 0.7955 0.6967
vt 0.8018 0.7021
vt 0.7824 0.6977
vt 0.7695 0.5951
vt 0.7677 0.6031
vt 0.7619 0.5845
vt 0.8017 0.5839
vt 0.7955 0.551
vt 0.8314 0.5542
vt 0.8314 0.5542
vt 0.7955 0.551
vt 0.8018 0.5455
vt 0.7955 0.551
vt 0.7824 0.5499
vt 0.8018 0.5455
vt 0.8465 0.5223
vt 0.8385 0.5248
vt 0.8521 0.5106
vt 0.7695 0.6526
vt 0.8017 0.6638
vt 0.7955 0.6967
vt 0.7824 0.6977
vt 0.767 0.6834
vt 0.7955 0.6967
vt 0.8314 0.6936
vt 0.8018 0.7021
vt 0.7955 0.6967
vt 0.8465 0.5223
vt 0.8314 0.5542
vt 0.8385 0.5248
vt 0.7695 0.6526
vt 0.767 0.6834
vt 0.7619 0.6632
vt 0.8285 0.6984
vt 0.8018 0.7021
vt 0.8314 0.6936
vt 0.7844 0.6238
vt 0.7902 0.6239
vt 0.7677 0.6446
vt 0.7695 0.5951
vt 0.7902 0.6239
vt 0.7677 0.6031
vt 0.8285 0.5492
vt 0.8314 0.5542
vt 0.8018 0.5455
vt 0.8314 0.5542
vt 0.8285 0.5492
vt 0.8385 0.5248
vt 0.8467 0.5995
vt 0.8467 0.6484
vt 0.8094 0.6239
vt 0.8467 0.5995
vt 0.8094 0.6239
vt 0.8059 0.5857
vt 0.8402 0.6786
vt 0.8521 0.737
vt 0.8726 0.7429
vt 0.8018 0.7021
vt 0.8285 0.6984
vt 0.8402 0.6786
vt 0.8402 0.6786
vt 0.7844 0.6238
vt 0.767 0.6834
vt 0.8726 0.5048
vt 0.8521 0.5106
vt 0.8402 0.569
vt 0.8285 0.5492
vt 0.8018 0.5455
vt 0.8402 0.569
vt 0.767 0.5643
vt 0.7844 0.6238
vt 0.8402 0.569
vt 0.7844 0.6238
vt 0.7619 0.6632
vt 0.767 0.6834
vt 0.7619 0.5845
vt 0.7844 0.6238
vt 0.767 0.5643
vt 0.8285 0.6984
vt 0.8385 0.7229
vt 0.8402 0.6786
vt 0.8385 0.5248
vt 0.8285 0.5492
vt 0.8402 0.569
vt 0.767 0.6834
vt 0.7824 0.6977
vt 0.8402 0.6786
vt 0.8385 0.7229
vt 0.8521 0.737
vt 0.8402 0.6786
vt 0.7677 0.6446
vt 0.7619 0.6632
vt 0.7844 0.6238
vt 0.7677 0.6031
vt 0.7844 0.6238
vt 0.7619 0.5845
vt 0.8018 0.5455
vt 0.7824 0.5499
vt 0.8402 0.569
vt 0.8521 0.5106
vt 0.8385 0.5248
vt 0.8402 0.569
vt 0.9434 0.7021
vt 0.9138 0.6936
vt 0.9497 0.6967
vt 0.9138 0.5542
vt 0.8987 0.5223
vt 0.9066 0.5248
vt 0.9497 0.551
vt 0.9628 0.5499
vt 0.9782 0.5643
vt 0.9608 0.6238
vt 0.955 0.6239
vt 0.9775 0.6031
vt 0.8521 0.5106
vt 0.8726 0.5048
vt 0.8465 0.5223
vt 0.9628 0.5499
vt 0.905 0.569
vt 0.9782 0.5643
vt 0.9167 0.5492
vt 0.9066 0.5248
vt 0.905 0.569
vt 0.9066 0.7229
vt 0.9167 0.6984
vt 0.905 0.6786
vt 0.8726 0.5439
vt 0.8987 0.5223
vt 0.9138 0.5542
vt 0.9435 0.5839
vt 0.9757 0.5951
vt 0.955 0.6239
vt 0.9435 0.6638
vt 0.9497 0.6967
vt 0.9138 0.6936
vt 0.8726 0.7429
vt 0.8987 0.7254
vt 0.893 0.737
vt 0.9066 0.7229
vt 0.9138 0.6936
vt 0.9167 0.6984
vt 0.9782 0.5643
vt 0.9832 0.5845
vt 0.9757 0.5951
vt 0.8987 0.7254
vt 0.8726 0.7038
vt 0.9138 0.6936
vt 0.9117 0.5567
vt 0.9042 0.573
vt 0.8726 0.5475
vt 0.9042 0.6747
vt 0.9117 0.691
vt 0.8726 0.7002
vt 0.9434 0.7021
vt 0.9497 0.6967
vt 0.9628 0.6977
vt 0.9775 0.6031
vt 0.9757 0.5951
vt 0.9832 0.5845
vt 0.9757 0.6526
vt 0.955 0.6239
vt 0.9775 0.6446
vt 0.9832 0.6632
vt 0.9757 0.6526
vt 0.9775 0.6446
vt 0.8987 0.7254
vt 0.9138 0.6936
vt 0.9066 0.7229
vt 0.893 0.737
vt 0.8987 0.7254
vt 0.9066 0.7229
vt 0.9497 0.551
vt 0.9435 0.5839
vt 0.9138 0.5542
vt 0.9497 0.551
vt 0.9138 0.5542
vt 0.9434 0.5455
vt 0.9628 0.5499
vt 0.9497 0.551
vt 0.9434 0.5455
vt 0.9066 0.5248
vt 0.8987 0.5223
vt 0.893 0.5106
vt 0.9435 0.5839
vt 0.9497 0.551
vt 0.9757 0.5951
vt 0.8726 0.5048
vt 0.893 0.5106
vt 0.8987 0.5223
vt 0.9042 0.573
vt 0.9117 0.5567
vt 0.9393 0.5857
vt 0.9393 0.662
vt 0.8984 0.6484
vt 0.9358 0.6239
vt 0.955 0.6239
vt 0.9757 0.5951
vt 0.9775 0.6031
vt 0.9138 0.5542
vt 0.9167 0.5492
vt 0.9434 0.5455
vt 0.9167 0.5492
vt 0.9138 0.5542
vt 0.9066 0.5248
vt 0.8984 0.6484
vt 0.8984 0.5995
vt 0.9358 0.6239
vt 0.893 0.737
vt 0.905 0.6786
vt 0.8726 0.7429
vt 0.9167 0.6984
vt 0.9434 0.7021
vt 0.905 0.6786
vt 0.9608 0.6238
vt 0.905 0.6786
vt 0.9782 0.6834
vt 0.893 0.5106
vt 0.8726 0.5048
vt 0.905 0.569
vt 0.9434 0.5455
vt 0.9167 0.5492
vt 0.905 0.569
vt 0.9608 0.6238
vt 0.9782 0.5643
vt 0.905 0.569
vt 0.9832 0.6632
vt 0.9608 0.6238
vt 0.9782 0.6834
vt 0.9608 0.6238
vt 0.9832 0.5845
vt 0.9782 0.5643
vt 0.9434 0.7021
vt 0.9628 0.6977
vt 0.905 0.6786
vt 0.893 0.737
vt 0.9066 0.7229
vt 0.905 0.6786
vt 0.9832 0.6632
vt 0.9775 0.6446
vt 0.9608 0.6238
vt 0.9608 0.6238
vt 0.9775 0.6031
vt 0.9832 0.5845
vt 0.9628 0.5499
vt 0.9434 0.5455
vt 0.905 0.569
vt 0.9066 0.5248
vt 0.893 0.5106
vt 0.905 0.569
vt 0.8465 0.5223
vt 0.8987 0.5223
vt 0.8726 0.5439
vt 0.8465 0.7254
vt 0.8987 0.7254
vt 0.8726 0.7429
vt 0.8465 0.7254
vt 0.8726 0.7038
vt 0.8987 0.7254
vt 0.841 0.573
vt 0.8726 0.5475
vt 0.9042 0.573
vt 0.841 0.6747
vt 0.9042 0.6747
vt 0.8726 0.7002
vt 0.8465 0.5223
vt 0.8726 0.5048
vt 0.8987 0.5223
vt 0.8402 0.6786
vt 0.8726 0.7429
vt 0.905 0.6786
vt 0.8402 0.569
vt 0.905 0.569
vt 0.8726 0.5048
vt 0.9782 0.6834
vt 0.9757 0.6526
vt 0.9832 0.6632
vt 0.9497 0.551
vt 0.9782 0.5643
vt 0.9757 0.5951
vt 0.9434 0.7021
vt 0.9167 0.6984
vt 0.9138 0.6936
vt 0.955 0.6239
vt 0.9608 0.6238
vt 0.9775 0.6446
vt 0.1955 0.8871
vt 0.1951 0.8345
vt 0.2359 0.8716
vt 0.1207 0.9082
vt 0.0797 0.8896
vt 0.1207 0.8782
vt 0.2932 0.9946
vt 0.2746 0.9698
vt 0.2932 0.9514
vt 0.344 0.7402
vt 0.2975 0.7034
vt 0.3347 0.6887
vt 0.344 0.7402
vt 0.2975 0.7218
vt 0.2975 0.7034
vt 0.344 0.7402
vt 0.3254 0.7586
vt 0.2975 0.7218
vt 0.2928 0.8504
vt 0.2603 0.8106
vt 0.2975 0.8096
vt 0.2975 0.8096
vt 0.3192 0.8167
vt 0.3167 0.8412
vt 0.2281 0.9514
vt 0.2374 0.9698
vt 0.2044 0.9712
vt 0.1579 0.7677
vt 0.1951 0.7586
vt 0.1951 0.7953
vt 0.0369 0.9693
vt 0.0369 0.9946
vt 0.009 0.9946
vt 0.1315 0.7861
vt 0.1198 0.8341
vt 0.087 0.7998
vt 0.0741 0.9693
vt 0.0741 0.929
vt 0.1207 0.931
vt 0.2932 0.9946
vt 0.2416 0.9946
vt 0.2746 0.9698
vt 0.2603 0.864
vt 0.2928 0.8504
vt 0.2887 0.8871
vt 0.0281 0.8412
vt 0.009 0.8596
vt 0.009 0.8137
vt 0.0741 0.7677
vt 0.087 0.7998
vt 0.0555 0.8137
vt 0.0555 0.8137
vt 0.0462 0.7218
vt 0.0699 0.7124
vt 0.0555 0.8137
vt 0.0698 0.7494
vt 0.0462 0.7218
vt 0.009 0.7788
vt 0.0183 0.738
vt 0.0156 0.731
vt 0.0741 0.9693
vt 0.1207 0.9693
vt 0.1207 0.9877
vt 0.0698 0.7494
vt 0.0741 0.6851
vt 0.0462 0.7218
vt 0.0183 0.738
vt 0.0292 0.7095
vt 0.0156 0.731
vt 0.1951 0.9892
vt 0.2044 0.9712
vt 0.2044 0.9946
vt 0.2044 0.9946
vt 0.2374 0.9698
vt 0.2416 0.9946
vt 0.2932 0.9514
vt 0.3068 0.9147
vt 0.3161 0.9514
vt 0.2932 0.9946
vt 0.2932 0.9514
vt 0.3161 0.9514
vt 0.2928 0.8504
vt 0.3167 0.8412
vt 0.3167 0.8688
vt 0.2044 0.9712
vt 0.2374 0.9698
vt 0.2044 0.9946
vt 0.2928 0.8504
vt 0.2975 0.8096
vt 0.3167 0.8412
vt 0.2928 0.8504
vt 0.2603 0.864
vt 0.2603 0.8106
vt 0.2416 0.9946
vt 0.256 0.9422
vt 0.2746 0.9698
vt 0.2329 0.7541
vt 0.2263 0.7861
vt 0.1951 0.7586
vt 0.1579 0.8137
vt 0.1579 0.7677
vt 0.1951 0.7953
vt 0.2263 0.7861
vt 0.1951 0.7953
vt 0.1951 0.7586
vt 0.0698 0.7494
vt 0.0462 0.7356
vt 0.0741 0.6851
vt 0.3161 0.9514
vt 0.3347 0.9331
vt 0.3347 0.9946
vt 0.3161 0.9514
vt 0.3347 0.9946
vt 0.2932 0.9946
vt 0.3347 0.9331
vt 0.3161 0.9514
vt 0.3068 0.9147
vt 0.3287 0.7861
vt 0.3254 0.7586
vt 0.3545 0.771
vt 0.3067 0.7769
vt 0.2882 0.7538
vt 0.3254 0.7586
vt 0.2416 0.7126
vt 0.2509 0.6943
vt 0.27 0.6943
vt 0.2044 0.6943
vt 0.1579 0.6862
vt 0.2416 0.6759
vt 0.2975 0.8096
vt 0.2603 0.8106
vt 0.2603 0.781
vt 0.3568 0.8456
vt 0.3167 0.8412
vt 0.3192 0.8167
vt 0.3353 0.8143
vt 0.3353 0.8037
vt 0.3719 0.8045
vt 0.2975 0.8096
vt 0.2603 0.781
vt 0.3067 0.7769
vt 0.2374 0.9698
vt 0.256 0.9422
vt 0.2416 0.9946
vt 0.3287 0.7861
vt 0.3545 0.771
vt 0.3719 0.8045
vt 0.2975 0.8096
vt 0.3353 0.8037
vt 0.3192 0.8167
vt 0.3192 0.8167
vt 0.3353 0.8037
vt 0.3353 0.8143
vt 0.0741 0.929
vt 0.009 0.9243
vt 0.0797 0.8896
vt 0.087 0.7998
vt 0.0523 0.8412
vt 0.0555 0.8137
vt 0.3257 0.6878
vt 0.3171 0.6575
vt 0.3253 0.6575
vt 0.2416 0.7126
vt 0.2044 0.6943
vt 0.2509 0.6943
vt 0.3016 0.6575
vt 0.2961 0.6575
vt 0.3067 0.631
vt 0.2509 0.6943
vt 0.2044 0.6943
vt 0.2416 0.6759
vt 0.306 0.6575
vt 0.3067 0.631
vt 0.2961 0.6575
vt 0.3545 0.771
vt 0.3254 0.7586
vt 0.344 0.7402
vt 0.2975 0.6931
vt 0.3347 0.6887
vt 0.2975 0.7034
vt 0.0462 0.7218
vt 0.0741 0.6851
vt 0.0292 0.7095
vt 0.2975 0.7218
vt 0.3254 0.7586
vt 0.2882 0.7538
vt 0.2044 0.6943
vt 0.1579 0.7037
vt 0.1579 0.6862
vt 0.3171 0.6575
vt 0.3016 0.6575
vt 0.3067 0.631
vt 0.3067 0.631
vt 0.306 0.6575
vt 0.3253 0.6575
vt 0.3067 0.7769
vt 0.2603 0.781
vt 0.2882 0.7538
vt 0.0741 0.929
vt 0.0741 0.9693
vt 0.0369 0.9693
vt 0.19 0.9365
vt 0.1955 0.8871
vt 0.2044 0.9514
vt 0.2887 0.8871
vt 0.2928 0.8504
vt 0.3167 0.8688
vt 0.1955 0.8871
vt 0.19 0.9365
vt 0.1579 0.8977
vt 0.1951 0.7953
vt 0.2263 0.7861
vt 0.2241 0.8161
vt 0.1858 0.9946
vt 0.1951 0.9892
vt 0.2044 0.9946
vt 0.2975 0.8096
vt 0.3067 0.7769
vt 0.3287 0.7861
vt 0.2975 0.8096
vt 0.3287 0.7861
vt 0.3353 0.8037
vt 0.3353 0.8037
vt 0.3287 0.7861
vt 0.3719 0.8045
vt 0.1207 0.9082
vt 0.0741 0.929
vt 0.0797 0.8896
vt 0.0797 0.8896
vt 0.0834 0.8529
vt 0.1207 0.8782
vt 0.0834 0.8529
vt 0.087 0.7998
vt 0.1198 0.8341
vt 0.1951 0.8345
vt 0.1579 0.8137
vt 0.1951 0.7953
vt 0.0797 0.8896
vt 0.009 0.8596
vt 0.0834 0.8529
vt 0.1207 0.8782
vt 0.0834 0.8529
vt 0.1198 0.8341
vt 0.1951 0.8345
vt 0.157 0.8613
vt 0.1579 0.8137
vt 0.157 0.8613
vt 0.1951 0.8345
vt 0.1955 0.8871
vt 0.1951 0.8345
vt 0.1951 0.7953
vt 0.2241 0.8161
vt 0.0834 0.8529
vt 0.0523 0.8412
vt 0.087 0.7998
vt 0.3167 0.8688
vt 0.3167 0.8412
vt 0.3568 0.8456
vt 0.0741 0.9693
vt 0.1207 0.9877
vt 0.0369 0.9946
vt 0.0741 0.9693
vt 0.1207 0.931
vt 0.1207 0.9693
vt 0.1207 0.931
vt 0.0741 0.929
vt 0.1207 0.9082
vt 0.0183 0.738
vt 0.0462 0.7218
vt 0.0292 0.7095
vt 0.0555 0.8137
vt 0.0699 0.7124
vt 0.0741 0.7677
vt 0.3287 0.7861
vt 0.3067 0.7769
vt 0.3254 0.7586
vt 0.3171 0.6575
vt 0.3067 0.631
vt 0.3253 0.6575
vt 0.0369 0.9946
vt 0.0369 0.9693
vt 0.0741 0.9693
vt 0.2044 0.9514
vt 0.1951 0.979
vt 0.19 0.9365
vt 0.1955 0.8871
vt 0.1579 0.8977
vt 0.157 0.8613
vt 0.3257 0.6878
vt 0.3253 0.6575
vt 0.3367 0.6878
vt 0.0292 0.7095
vt 0.0741 0.6851
vt 0.0156 0.731
vt 0.0462 0.7356
vt 0.0156 0.731
vt 0.0741 0.6851
vt 0.0281 0.8412
vt 0.0523 0.8412
vt 0.009 0.8596
vt 0.2359 0.8716
vt 0.2044 0.9514
vt 0.1955 0.8871
vt 0.2241 0.8161
vt 0.2359 0.8716
vt 0.1951 0.8345
vt 0.1579 0.933
vt 0.1579 0.8977
vt 0.19 0.9365
vt 0.0523 0.8412
vt 0.0834 0.8529
vt 0.009 0.8596
vt 0.009 0.8596
vt 0.0797 0.8896
vt 0.009 0.9243
vt 0.1579 0.9877
vt 0.1532 0.9693
vt 0.1951 0.979
vt 0.1955 0.8871
vt 0.2359 0.8716
vt 0.1951 0.8345
vt 0.1579 0.933
vt 0.1579 0.8977
vt 0.1207 0.9082
vt 0.1207 0.9082
vt 0.1207 0.8782
vt 0.0797 0.8896
vt 0.1579 0.8977
vt 0.1207 0.8782
vt 0.1207 0.9082
vt 0.2932 0.9946
vt 0.2932 0.9514
vt 0.2746 0.9698
vt 0.344 0.7402
vt 0.3347 0.6887
vt 0.2975 0.7034
vt 0.344 0.7402
vt 0.2975 0.7034
vt 0.2975 0.7218
vt 0.344 0.7402
vt 0.2975 0.7218
vt 0.3254 0.7586
vt 0.2928 0.8504
vt 0.2975 0.8096
vt 0.2603 0.8106
vt 0.2975 0.8096
vt 0.3167 0.8412
vt 0.3192 0.8167
vt 0.2281 0.9514
vt 0.2044 0.9712
vt 0.2374 0.9698
vt 0.1315 0.7861
vt 0.1579 0.8137
vt 0.1579 0.7677
vt 0.1315 0.7861
vt 0.087 0.7998
vt 0.1198 0.8341
vt 0.0741 0.9693
vt 0.1207 0.931
vt 0.0741 0.929
vt 0.2932 0.9946
vt 0.2746 0.9698
vt 0.2416 0.9946
vt 0.2603 0.864
vt 0.2887 0.8871
vt 0.2928 0.8504
vt 0.0281 0.8412
vt 0.009 0.8137
vt 0.009 0.8596
vt 0.0741 0.7677
vt 0.0555 0.8137
vt 0.087 0.7998
vt 0.0555 0.8137
vt 0.0699 0.7124
vt 0.0462 0.7218
vt 0.0555 0.8137
vt 0.0462 0.7218
vt 0.0698 0.7494
vt 0.009 0.7788
vt 0.0156 0.731
vt 0.0183 0.738
vt 0.0698 0.7494
vt 0.0462 0.7218
vt 0.0741 0.6851
vt 0.0183 0.738
vt 0.0156 0.731
vt 0.0292 0.7095
vt 0.1579 0.933
vt 0.1207 0.9082
vt 0.1207 0.931
vt 0.1951 0.9892
vt 0.2044 0.9946
vt 0.2044 0.9712
vt 0.2044 0.9946
vt 0.2416 0.9946
vt 0.2374 0.9698
vt 0.2932 0.9514
vt 0.3161 0.9514
vt 0.3068 0.9147
vt 0.2932 0.9946
vt 0.3161 0.9514
vt 0.2932 0.9514
vt 0.2928 0.8504
vt 0.3167 0.8688
vt 0.3167 0.8412
vt 0.2044 0.9712
vt 0.2044 0.9946
vt 0.2374 0.9698
vt 0.2928 0.8504
vt 0.3167 0.8412
vt 0.2975 0.8096
vt 0.2928 0.8504
vt 0.2603 0.8106
vt 0.2603 0.864
vt 0.2416 0.9946
vt 0.2746 0.9698
vt 0.256 0.9422
vt 0.2329 0.7541
vt 0.1951 0.7586
vt 0.2263 0.7861
vt 0.1198 0.8341
vt 0.1579 0.8137
vt 0.1315 0.7861
vt 0.2263 0.7861
vt 0.1951 0.7586
vt 0.1951 0.7953
vt 0.0698 0.7494
vt 0.0741 0.6851
vt 0.0462 0.7356
vt 0.3161 0.9514
vt 0.3347 0.9946
vt 0.3347 0.9331
vt 0.3161 0.9514
vt 0.2932 0.9946
vt 0.3347 0.9946
vt 0.3347 0.9331
vt 0.3068 0.9147
vt 0.3161 0.9514
vt 0.3287 0.7861
vt 0.3545 0.771
vt 0.3254 0.7586
vt 0.3067 0.7769
vt 0.3254 0.7586
vt 0.2882 0.7538
vt 0.2416 0.7126
vt 0.27 0.6943
vt 0.2509 0.6943
vt 0.2975 0.8096
vt 0.2603 0.781
vt 0.2603 0.8106
vt 0.3568 0.8456
vt 0.3192 0.8167
vt 0.3167 0.8412
vt 0.3353 0.8143
vt 0.3719 0.8045
vt 0.3353 0.8037
vt 0.2975 0.8096
vt 0.3067 0.7769
vt 0.2603 0.781
vt 0.2374 0.9698
vt 0.2416 0.9946
vt 0.256 0.9422
vt 0.3287 0.7861
vt 0.3719 0.8045
vt 0.3545 0.771
vt 0.1207 0.9877
vt 0.1207 0.9946
vt 0.1579 0.9877
vt 0.1207 0.9946
vt 0.1858 0.9946
vt 0.1579 0.9877
vt 0.2975 0.8096
vt 0.3192 0.8167
vt 0.3353 0.8037
vt 0.3192 0.8167
vt 0.3353 0.8143
vt 0.3353 0.8037
vt 0.0741 0.929
vt 0.0797 0.8896
vt 0.009 0.9243
vt 0.087 0.7998
vt 0.0555 0.8137
vt 0.0523 0.8412
vt 0.3257 0.6878
vt 0.3253 0.6575
vt 0.3171 0.6575
vt 0.2416 0.7126
vt 0.2509 0.6943
vt 0.2044 0.6943
vt 0.3016 0.6575
vt 0.3067 0.631
vt 0.2961 0.6575
vt 0.2509 0.6943
vt 0.2416 0.6759
vt 0.2044 0.6943
vt 0.306 0.6575
vt 0.2961 0.6575
vt 0.3067 0.631
vt 0.3545 0.771
vt 0.344 0.7402
vt 0.3254 0.7586
vt 0.2975 0.6931
vt 0.2975 0.7034
vt 0.3347 0.6887
vt 0.0462 0.7218
vt 0.0292 0.7095
vt 0.0741 0.6851
vt 0.2975 0.7218
vt 0.2882 0.7538
vt 0.3254 0.7586
vt 0.3171 0.6575
vt 0.3067 0.631
vt 0.3016 0.6575
vt 0.3067 0.631
vt 0.3253 0.6575
vt 0.306 0.6575
vt 0.3067 0.7769
vt 0.2882 0.7538
vt 0.2603 0.781
vt 0.0741 0.929
vt 0.0369 0.9693
vt 0.0741 0.9693
vt 0.19 0.9365
vt 0.2044 0.9514
vt 0.1955 0.8871
vt 0.2887 0.8871
vt 0.3167 0.8688
vt 0.2928 0.8504
vt 0.1951 0.7953
vt 0.2241 0.8161
vt 0.2263 0.7861
vt 0.0369 0.9946
vt 0.1207 0.9946
vt 0.1207 0.9877
vt 0.1858 0.9946
vt 0.2044 0.9946
vt 0.1951 0.9892
vt 0.2975 0.8096
vt 0.3287 0.7861
vt 0.3067 0.7769
vt 0.2975 0.8096
vt 0.3353 0.8037
vt 0.3287 0.7861
vt 0.3353 0.8037
vt 0.3719 0.8045
vt 0.3287 0.7861
vt 0.1207 0.9082
vt 0.0797 0.8896
vt 0.0741 0.929
vt 0.0797 0.8896
vt 0.1207 0.8782
vt 0.0834 0.8529
vt 0.0834 0.8529
vt 0.1198 0.8341
vt 0.087 0.7998
vt 0.0797 0.8896
vt 0.0834 0.8529
vt 0.009 0.8596
vt 0.157 0.8613
vt 0.1579 0.8137
vt 0.1198 0.8341
vt 0.1207 0.8782
vt 0.1198 0.8341
vt 0.0834 0.8529
vt 0.1951 0.8345
vt 0.2241 0.8161
vt 0.1951 0.7953
vt 0.157 0.8613
vt 0.1198 0.8341
vt 0.1207 0.8782
vt 0.0834 0.8529
vt 0.087 0.7998
vt 0.0523 0.8412
vt 0.3167 0.8688
vt 0.3568 0.8456
vt 0.3167 0.8412
vt 0.0741 0.9693
vt 0.1207 0.9693
vt 0.1207 0.931
vt 0.1207 0.931
vt 0.1207 0.9082
vt 0.0741 0.929
vt 0.0183 0.738
vt 0.0292 0.7095
vt 0.0462 0.7218
vt 0.0555 0.8137
vt 0.0741 0.7677
vt 0.0699 0.7124
vt 0.3287 0.7861
vt 0.3254 0.7586
vt 0.3067 0.7769
vt 0.3171 0.6575
vt 0.3253 0.6575
vt 0.3067 0.631
vt 0.2044 0.9514
vt 0.19 0.9365
vt 0.1951 0.979
vt 0.1579 0.8977
vt 0.157 0.8613
vt 0.1207 0.8782
vt 0.3257 0.6878
vt 0.3367 0.6878
vt 0.3253 0.6575
vt 0.0292 0.7095
vt 0.0156 0.731
vt 0.0741 0.6851
vt 0.0462 0.7356
vt 0.0741 0.6851
vt 0.0156 0.731
vt 0.0281 0.8412
vt 0.009 0.8596
vt 0.0523 0.8412
vt 0.2359 0.8716
vt 0.1955 0.8871
vt 0.2044 0.9514
vt 0.2241 0.8161
vt 0.1951 0.8345
vt 0.2359 0.8716
vt 0.0523 0.8412
vt 0.009 0.8596
vt 0.0834 0.8529
vt 0.009 0.8596
vt 0.009 0.9243
vt 0.0797 0.8896
vt 0.4237 0.9294
vt 0.3797 0.8963
vt 0.4237 0.8963
vt 0.4823 0.9562
vt 0.4338 0.9735
vt 0.4237 0.9514
vt 0.4237 0.8306
vt 0.3797 0.8191
vt 0.3797 0.797
vt 0.3797 0.8411
vt 0.3797 0.8191
vt 0.4237 0.8306
vt 0.3797 0.8963
vt 0.3797 0.8411
vt 0.4237 0.8576
vt 0.3797 0.797
vt 0.3797 0.7834
vt 0.4237 0.7755
vt 0.397 0.7203
vt 0.3797 0.7387
vt 0.3797 0.7203
vt 0.4508 0.6652
vt 0.4508 0.6313
vt 0.4599 0.6313
vt 0.4508 0.7203
vt 0.4237 0.6652
vt 0.4508 0.6652
vt 0.7369 0.992
vt 0.7093 0.9704
vt 0.7371 0.9673
vt 0.5837 0.9489
vt 0.7027 0.9458
vt 0.6331 0.9745
vt 0.3801 0.9735
vt 0.4237 0.9514
vt 0.4338 0.9735
vt 0.7027 0.9294
vt 0.7027 0.9458
vt 0.6122 0.9294
vt 0.4869 0.7387
vt 0.4869 0.6836
vt 0.5495 0.7203
vt 0.7371 0.6468
vt 0.6945 0.6652
vt 0.6945 0.6318
vt 0.6945 0.6652
vt 0.7371 0.6468
vt 0.7371 0.6836
vt 0.6945 0.6652
vt 0.6488 0.6836
vt 0.6488 0.6468
vt 0.6033 0.7019
vt 0.6033 0.6652
vt 0.6488 0.6836
vt 0.4869 0.7755
vt 0.4508 0.7203
vt 0.4869 0.7387
vt 0.6033 0.7387
vt 0.6033 0.7019
vt 0.6488 0.7203
vt 0.4508 0.7203
vt 0.4869 0.6836
vt 0.4869 0.7387
vt 0.4869 0.6836
vt 0.5495 0.6652
vt 0.5495 0.7203
vt 0.4599 0.6652
vt 0.4869 0.6836
vt 0.4508 0.7203
vt 0.5495 0.6652
vt 0.4869 0.6836
vt 0.4869 0.6313
vt 0.4692 0.6313
vt 0.4599 0.6652
vt 0.4599 0.6313
vt 0.397 0.6652
vt 0.3797 0.7203
vt 0.3797 0.6652
vt 0.4508 0.6313
vt 0.4508 0.6652
vt 0.4237 0.6313
vt 0.4508 0.6652
vt 0.4237 0.6652
vt 0.4237 0.6313
vt 0.4599 0.6652
vt 0.4508 0.6652
vt 0.4599 0.6313
vt 0.4508 0.7203
vt 0.4508 0.6652
vt 0.4599 0.6652
vt 0.4508 0.7203
vt 0.4237 0.7387
vt 0.4237 0.6652
vt 0.397 0.7203
vt 0.397 0.6652
vt 0.4237 0.6652
vt 0.4237 0.8576
vt 0.3797 0.8411
vt 0.4237 0.8306
vt 0.4237 0.7755
vt 0.3797 0.7834
vt 0.3867 0.7651
vt 0.3797 0.7834
vt 0.3797 0.7651
vt 0.3867 0.7651
vt 0.6945 0.7019
vt 0.6488 0.7203
vt 0.6488 0.6836
vt 0.6945 0.7019
vt 0.6945 0.7387
vt 0.6488 0.7203
vt 0.6488 0.6468
vt 0.6033 0.6652
vt 0.6033 0.6318
vt 0.6488 0.6468
vt 0.6488 0.6836
vt 0.6033 0.6652
vt 0.6033 0.6652
vt 0.5589 0.6468
vt 0.6033 0.6318
vt 0.5495 0.6652
vt 0.4869 0.6313
vt 0.5229 0.6313
vt 0.4869 0.6313
vt 0.4599 0.6652
vt 0.4692 0.6313
vt 0.4869 0.6836
vt 0.4599 0.6652
vt 0.4869 0.6313
vt 0.5229 0.6313
vt 0.5495 0.6313
vt 0.5495 0.6652
vt 0.397 0.6313
vt 0.4237 0.6313
vt 0.397 0.6652
vt 0.3867 0.7651
vt 0.3797 0.7651
vt 0.3797 0.7387
vt 0.397 0.6652
vt 0.397 0.7203
vt 0.3797 0.7203
vt 0.4237 0.6652
vt 0.397 0.6652
vt 0.4237 0.6313
vt 0.397 0.6313
vt 0.397 0.6652
vt 0.3797 0.6652
vt 0.4237 0.7755
vt 0.3867 0.7651
vt 0.4237 0.7387
vt 0.6945 0.7019
vt 0.6945 0.6652
vt 0.7371 0.6836
vt 0.3801 0.9735
vt 0.3797 0.9404
vt 0.4237 0.9514
vt 0.6033 0.6652
vt 0.5589 0.6836
vt 0.5589 0.6468
vt 0.6488 0.7203
vt 0.6033 0.7019
vt 0.6488 0.6836
vt 0.6945 0.6318
vt 0.6945 0.6652
vt 0.6488 0.6468
vt 0.6945 0.6652
vt 0.6945 0.7019
vt 0.6488 0.6836
vt 0.7371 0.7203
vt 0.6945 0.7019
vt 0.7371 0.6836
vt 0.397 0.7203
vt 0.4237 0.6652
vt 0.4237 0.7387
vt 0.4237 0.9514
vt 0.3797 0.9404
vt 0.4237 0.9294
vt 0.4869 0.7387
vt 0.5589 0.7203
vt 0.4869 0.7755
vt 0.7371 0.7203
vt 0.6945 0.7387
vt 0.6945 0.7019
vt 0.7027 0.9294
vt 0.7371 0.9391
vt 0.7027 0.9458
vt 0.3797 0.7387
vt 0.397 0.7203
vt 0.3867 0.7651
vt 0.7369 0.992
vt 0.6796 0.992
vt 0.7093 0.9704
vt 0.7027 0.9294
vt 0.7371 0.9294
vt 0.7371 0.9391
vt 0.4237 0.9294
vt 0.3797 0.9404
vt 0.3797 0.8963
vt 0.4824 0.9294
vt 0.6122 0.9294
vt 0.4823 0.9562
vt 0.4869 0.7755
vt 0.5589 0.7203
vt 0.6033 0.7755
vt 0.7093 0.9704
vt 0.6331 0.9745
vt 0.7027 0.9458
vt 0.4823 0.9562
vt 0.6122 0.9294
vt 0.7027 0.9458
vt 0.4237 0.7387
vt 0.3867 0.7651
vt 0.397 0.7203
vt 0.4823 0.9562
vt 0.4237 0.9514
vt 0.4338 0.9735
vt 0.4237 0.8306
vt 0.4237 0.7755
vt 0.3797 0.797
vt 0.4237 0.8306
vt 0.3797 0.797
vt 0.3797 0.8191
vt 0.3797 0.8411
vt 0.4237 0.8306
vt 0.3797 0.8191
vt 0.3797 0.797
vt 0.4237 0.7755
vt 0.3797 0.7834
vt 0.397 0.7203
vt 0.3797 0.7203
vt 0.3797 0.7387
vt 0.4508 0.6652
vt 0.4599 0.6313
vt 0.4508 0.6313
vt 0.4508 0.7203
vt 0.4508 0.6652
vt 0.4237 0.6652
vt 0.7369 0.992
vt 0.7371 0.9673
vt 0.7093 0.9704
vt 0.5837 0.9489
vt 0.6331 0.9745
vt 0.7027 0.9458
vt 0.3801 0.9735
vt 0.4338 0.9735
vt 0.4237 0.9514
vt 0.7027 0.9294
vt 0.6122 0.9294
vt 0.7027 0.9458
vt 0.4869 0.7387
vt 0.5495 0.7203
vt 0.4869 0.6836
vt 0.7371 0.6468
vt 0.6945 0.6318
vt 0.6945 0.6652
vt 0.6945 0.6652
vt 0.7371 0.6836
vt 0.7371 0.6468
vt 0.6945 0.6652
vt 0.6488 0.6468
vt 0.6488 0.6836
vt 0.4869 0.7755
vt 0.4869 0.7387
vt 0.4508 0.7203
vt 0.6033 0.7387
vt 0.6488 0.7203
vt 0.6033 0.7019
vt 0.5589 0.7203
vt 0.6033 0.7387
vt 0.6033 0.7019
vt 0.4508 0.7203
vt 0.4869 0.7387
vt 0.4869 0.6836
vt 0.5589 0.7203
vt 0.6033 0.7019
vt 0.5589 0.6836
vt 0.4869 0.6836
vt 0.5495 0.7203
vt 0.5495 0.6652
vt 0.4599 0.6652
vt 0.4508 0.7203
vt 0.4869 0.6836
vt 0.5495 0.6652
vt 0.4869 0.6313
vt 0.4869 0.6836
vt 0.4692 0.6313
vt 0.4599 0.6313
vt 0.4599 0.6652
vt 0.397 0.6652
vt 0.3797 0.6652
vt 0.3797 0.7203
vt 0.4508 0.6313
vt 0.4237 0.6313
vt 0.4508 0.6652
vt 0.4508 0.6652
vt 0.4237 0.6313
vt 0.4237 0.6652
vt 0.4599 0.6652
vt 0.4599 0.6313
vt 0.4508 0.6652
vt 0.4508 0.7203
vt 0.4599 0.6652
vt 0.4508 0.6652
vt 0.4508 0.7203
vt 0.4237 0.6652
vt 0.4237 0.7387
vt 0.397 0.7203
vt 0.4237 0.6652
vt 0.397 0.6652
vt 0.4237 0.8576
vt 0.4237 0.8306
vt 0.3797 0.8411
vt 0.4237 0.7755
vt 0.3867 0.7651
vt 0.3797 0.7834
vt 0.3797 0.7834
vt 0.3867 0.7651
vt 0.3797 0.7651
vt 0.6488 0.6468
vt 0.6033 0.6318
vt 0.6033 0.6652
vt 0.6488 0.6468
vt 0.6033 0.6652
vt 0.6488 0.6836
vt 0.6033 0.6652
vt 0.6033 0.6318
vt 0.5589 0.6468
vt 0.5495 0.6652
vt 0.5229 0.6313
vt 0.4869 0.6313
vt 0.4869 0.6313
vt 0.4692 0.6313
vt 0.4599 0.6652
vt 0.4869 0.6836
vt 0.4869 0.6313
vt 0.4599 0.6652
vt 0.5229 0.6313
vt 0.5495 0.6652
vt 0.5495 0.6313
vt 0.397 0.6313
vt 0.397 0.6652
vt 0.4237 0.6313
vt 0.3867 0.7651
vt 0.3797 0.7387
vt 0.3797 0.7651
vt 0.397 0.6652
vt 0.3797 0.7203
vt 0.397 0.7203
vt 0.4237 0.6652
vt 0.4237 0.6313
vt 0.397 0.6652
vt 0.397 0.6313
vt 0.3797 0.6652
vt 0.397 0.6652
vt 0.4237 0.7755
vt 0.4237 0.7387
vt 0.3867 0.7651
vt 0.6945 0.7019
vt 0.7371 0.6836
vt 0.6945 0.6652
vt 0.3801 0.9735
vt 0.4237 0.9514
vt 0.3797 0.9404
vt 0.6945 0.6318
vt 0.6488 0.6468
vt 0.6945 0.6652
vt 0.6945 0.6652
vt 0.6488 0.6836
vt 0.6945 0.7019
vt 0.7371 0.7203
vt 0.7371 0.6836
vt 0.6945 0.7019
vt 0.397 0.7203
vt 0.4237 0.7387
vt 0.4237 0.6652
vt 0.4237 0.9514
vt 0.4237 0.9294
vt 0.3797 0.9404
vt 0.4869 0.7387
vt 0.4869 0.7755
vt 0.5589 0.7203
vt 0.7371 0.7755
vt 0.6945 0.7387
vt 0.6945 0.7755
vt 0.7027 0.9294
vt 0.7027 0.9458
vt 0.7371 0.9391
vt 0.3797 0.7387
vt 0.3867 0.7651
vt 0.397 0.7203
vt 0.7369 0.992
vt 0.7093 0.9704
vt 0.6796 0.992
vt 0.7027 0.9294
vt 0.7371 0.9391
vt 0.7371 0.9294
vt 0.4824 0.9294
vt 0.4823 0.9562
vt 0.6122 0.9294
vt 0.6033 0.7387
vt 0.5589 0.7203
vt 0.6033 0.7755
vt 0.4869 0.7755
vt 0.6033 0.7755
vt 0.5589 0.7203
vt 0.6033 0.7387
vt 0.6033 0.7755
vt 0.6488 0.7203
vt 0.7093 0.9704
vt 0.7027 0.9458
vt 0.6331 0.9745
vt 0.4823 0.9562
vt 0.7027 0.9458
vt 0.6122 0.9294
vt 0.4237 0.7387
vt 0.397 0.7203
vt 0.3867 0.7651
vt 0.8864 0.8686
vt 0.8752 0.905
vt 0.8752 0.8747
vt 0.7845 0.7543
vt 0.8148 0.7655
vt 0.8027 0.7837
vt 0.8752 0.7655
vt 0.8631 0.7837
vt 0.845 0.7543
vt 0.7664 0.7837
vt 0.7543 0.7655
vt 0.7845 0.7543
vt 0.8812 0.7958
vt 0.8933 0.814
vt 0.8752 0.814
vt 0.8933 0.814
vt 0.9054 0.7837
vt 0.9175 0.7958
vt 0.8812 0.7958
vt 0.9054 0.7837
vt 0.8933 0.814
vt 0.9779 0.9475
vt 0.9658 0.9779
vt 0.9218 0.9657
vt 0.9658 0.7837
vt 0.9951 0.814
vt 0.9658 0.814
vt 0.9477 0.9961
vt 0.9218 0.9657
vt 0.9658 0.9779
vt 0.7881 0.7837
vt 0.7845 0.7543
vt 0.8027 0.7837
vt 0.7881 0.7837
vt 0.7661 0.814
vt 0.7664 0.7837
vt 0.7845 0.7543
vt 0.7881 0.7837
vt 0.7664 0.7837
vt 0.7543 0.905
vt 0.7845 0.8747
vt 0.8148 0.905
vt 0.8148 0.8747
vt 0.845 0.8747
vt 0.8148 0.905
vt 0.7543 0.9657
vt 0.8659 0.9657
vt 0.7543 0.9961
vt 0.9477 0.9961
vt 0.8752 0.9961
vt 0.9218 0.9657
vt 0.8812 0.7958
vt 0.8752 0.814
vt 0.8752 0.7837
vt 0.8864 0.8686
vt 0.9233 0.8732
vt 0.8752 0.905
vt 0.845 0.8747
vt 0.8752 0.905
vt 0.8148 0.905
vt 0.7845 0.8747
vt 0.8148 0.8747
vt 0.8148 0.905
vt 0.8148 0.8444
vt 0.8148 0.814
vt 0.845 0.8444
vt 0.8933 0.814
vt 0.9175 0.7958
vt 0.9356 0.814
vt 0.9658 0.7837
vt 0.9658 0.814
vt 0.9477 0.814
vt 0.9396 0.8444
vt 0.9356 0.814
vt 0.9477 0.814
vt 0.9276 0.8444
vt 0.9356 0.814
vt 0.9396 0.8444
vt 0.9296 0.9354
vt 0.9218 0.9657
vt 0.9024 0.9354
vt 0.9779 0.9475
vt 0.9218 0.9657
vt 0.9296 0.9354
vt 0.9905 0.8747
vt 0.964 0.8747
vt 0.9658 0.8444
vt 0.8752 0.7655
vt 0.8752 0.814
vt 0.8631 0.7837
vt 0.7543 0.8747
vt 0.7845 0.8747
vt 0.7543 0.905
vt 0.7543 0.9354
vt 0.845 0.9354
vt 0.7543 0.9657
vt 0.8752 0.9657
vt 0.9218 0.9657
vt 0.8752 0.9961
vt 0.804 0.814
vt 0.8148 0.814
vt 0.7845 0.814
vt 0.845 0.814
vt 0.845 0.8444
vt 0.8148 0.814
vt 0.845 0.9354
vt 0.9024 0.9354
vt 0.8659 0.9657
vt 0.9218 0.9657
vt 0.8752 0.9657
vt 0.9024 0.9354
vt 0.8659 0.9657
vt 0.7543 0.9657
vt 0.845 0.9354
vt 0.8469 0.9961
vt 0.7543 0.9961
vt 0.8659 0.9657
vt 0.7845 0.7543
vt 0.8027 0.7837
vt 0.8148 0.7655
vt 0.8752 0.7655
vt 0.845 0.7543
vt 0.8631 0.7837
vt 0.7664 0.7837
vt 0.7845 0.7543
vt 0.7543 0.7655
vt 0.8812 0.7958
vt 0.8752 0.814
vt 0.8933 0.814
vt 0.8933 0.814
vt 0.9175 0.7958
vt 0.9054 0.7837
vt 0.8812 0.7958
vt 0.8933 0.814
vt 0.9054 0.7837
vt 0.964 0.8747
vt 0.9276 0.8444
vt 0.9296 0.9354
vt 0.9779 0.9475
vt 0.9218 0.9657
vt 0.9658 0.9779
vt 0.9658 0.7837
vt 0.9658 0.814
vt 0.9951 0.814
vt 0.9477 0.9961
vt 0.9658 0.9779
vt 0.9218 0.9657
vt 0.7881 0.7837
vt 0.8027 0.7837
vt 0.7845 0.7543
vt 0.7881 0.7837
vt 0.7664 0.7837
vt 0.7661 0.814
vt 0.7845 0.7543
vt 0.7664 0.7837
vt 0.7881 0.7837
vt 0.8148 0.8747
vt 0.8148 0.905
vt 0.845 0.8747
vt 0.7543 0.9657
vt 0.7543 0.9961
vt 0.8659 0.9657
vt 0.9477 0.9961
vt 0.9218 0.9657
vt 0.8752 0.9961
vt 0.845 0.9354
vt 0.9024 0.9354
vt 0.8752 0.905
vt 0.8812 0.7958
vt 0.8752 0.7837
vt 0.8752 0.814
vt 0.8864 0.8686
vt 0.8752 0.905
vt 0.9233 0.8732
vt 0.845 0.8747
vt 0.8148 0.905
vt 0.8752 0.905
vt 0.8148 0.8444
vt 0.845 0.8444
vt 0.8148 0.814
vt 0.8933 0.814
vt 0.9356 0.814
vt 0.9175 0.7958
vt 0.9658 0.7837
vt 0.9477 0.814
vt 0.9658 0.814
vt 0.9396 0.8444
vt 0.9477 0.814
vt 0.9356 0.814
vt 0.9276 0.8444
vt 0.9396 0.8444
vt 0.9356 0.814
vt 0.9296 0.9354
vt 0.9024 0.9354
vt 0.9218 0.9657
vt 0.9779 0.9475
vt 0.9296 0.9354
vt 0.9218 0.9657
vt 0.9276 0.8444
vt 0.9233 0.8732
vt 0.9296 0.9354
vt 0.9905 0.8747
vt 0.9658 0.8444
vt 0.964 0.8747
vt 0.8752 0.7655
vt 0.8631 0.7837
vt 0.8752 0.814
vt 0.7543 0.8747
vt 0.7543 0.905
vt 0.7845 0.8747
vt 0.7543 0.9354
vt 0.7543 0.9657
vt 0.845 0.9354
vt 0.8752 0.9657
vt 0.8752 0.9961
vt 0.9218 0.9657
vt 0.804 0.814
vt 0.7845 0.814
vt 0.8148 0.814
vt 0.845 0.814
vt 0.8148 0.814
vt 0.845 0.8444
vt 0.845 0.9354
vt 0.8659 0.9657
vt 0.9024 0.9354
vt 0.9296 0.9354
vt 0.9233 0.8732
vt 0.9024 0.9354
vt 0.9233 0.8732
vt 0.8752 0.905
vt 0.9024 0.9354
vt 0.9218 0.9657
vt 0.9024 0.9354
vt 0.8752 0.9657
vt 0.8148 0.905
vt 0.845 0.9354
vt 0.8752 0.905
vt 0.845 0.9354
vt 0.8148 0.905
vt 0.7543 0.9354
vt 0.8659 0.9657
vt 0.845 0.9354
vt 0.7543 0.9657
vt 0.8469 0.9961
vt 0.8659 0.9657
vt 0.7543 0.9961
vt 0.1328 0.2773
vt 0.1328 0.2773
vt 0.1328 0.2773
vt 0.1328 0.2773
vt 0.1328 0.2773
vt 0.1328 0.2773
vt 0.7314 0.5573
vt 0.7317 0.5737
vt 0.7174 0.5559
vt 0.7151 0.5878
vt 0.7174 0.5559
vt 0.7317 0.5737
vt 0.6514 0.5191
vt 0.6518 0.5188
vt 0.6522 0.5195
vt 0.7307 0.5886
vt 0.7317 0.5737
vt 0.7151 0.5878
vt 0.7174 0.5559
vt 0.7151 0.5878
vt 0.7317 0.5737
vt 0.2695 0.0918
vt 0.2605 0.0947
vt 0.265 0.0967
vt 0.5695 0.1477
vt 0.5371 0.1437
vt 0.5552 0.1565
vt 0.2985 0.0861
vt 0.2883 0.0867
vt 0.2863 0.1034
vt 0.2985 0.0861
vt 0.2863 0.1034
vt 0.2883 0.0867
vt 0.5409 0.1653
vt 0.5371 0.1437
vt 0.5552 0.1565
vt 0.3544 0.0589
vt 0.3619 0.0709
vt 0.3537 0.0648
vt 0.6128 0.0677
vt 0.5744 0.0861
vt 0.6146 0.0923
vt 0.6128 0.0677
vt 0.6146 0.0923
vt 0.5744 0.0861
vt 0.3174 0.0406
vt 0.2988 0.0326
vt 0.297 0.0424
vt 0.2877 0.0278
vt 0.2954 0.0203
vt 0.2988 0.0326
vt 0.3174 0.0406
vt 0.297 0.0424
vt 0.2988 0.0326
vt 0.2609 0.0235
vt 0.2677 0.0152
vt 0.2877 0.0278
vt 0.2609 0.0235
vt 0.2877 0.0278
vt 0.2677 0.0152
vt 0.2863 0.1034
vt 0.2751 0.0957
vt 0.2883 0.0867
vt 0.5586 0.332
vt 0.5586 0.332
vt 0.5586 0.332
vt 0.5764 0.2603
vt 0.5612 0.2603
vt 0.5764 0.3436
vt 0.546 0.3436
vt 0.5764 0.3436
vt 0.5612 0.2603
vt 0.1328 0.2773
vt 0.1328 0.2773
vt 0.1328 0.2773
vt 0.1328 0.2773
vt 0.1328 0.2773
vt 0.1328 0.2773
vt 0.6641 0.5234
vt 0.6641 0.5234
vt 0.6641 0.5234
vt 0.6641 0.5234
vt 0.6641 0.5234
vt 0.6641 0.5234
vt 0.6563 0.5352
vt 0.6563 0.5352
vt 0.6563 0.5352
vt 0.6563 0.5352
vt 0.6563 0.5352
vt 0.6563 0.5352
vt 0.6458 0.5288
vt 0.6466 0.5288
vt 0.6458 0.5299
vt 0.6458 0.531
vt 0.6458 0.5299
vt 0.6466 0.531
vt 0.6466 0.5288
vt 0.6466 0.531
vt 0.6458 0.5299
vt 0.6563 0.5352
vt 0.6563 0.5352
vt 0.6563 0.5352
vt 0.6563 0.5352
vt 0.6563 0.5352
vt 0.6563 0.5352
vt 0.6563 0.5352
vt 0.6563 0.5352
vt 0.6563 0.5352
vt 0.6563 0.5352
vt 0.6563 0.5352
vt 0.6563 0.5352
vt 0.6641 0.5234
vt 0.6641 0.5234
vt 0.6641 0.5234
vt 0.6641 0.5234
vt 0.6641 0.5234
vt 0.6641 0.5234
vt 0.6641 0.5234
vt 0.6641 0.5234
vt 0.6641 0.5234
vt 0.6641 0.5234
vt 0.6641 0.5234
vt 0.6641 0.5234
vt 0.6641 0.5234
vt 0.6641 0.5234
vt 0.6641 0.5234
vt 0.6641 0.5234
vt 0.6641 0.5234
vt 0.6641 0.5234
vt 0.6641 0.5234
vt 0.6558 0.5223
vt 0.6641 0.5234
vt 0.6641 0.5234
vt 0.6641 0.5234
vt 0.6558 0.5223
vt 0.125 0.2695
vt 0.125 0.2695
vt 0.125 0.2695
vt 0.125 0.2695
vt 0.125 0.2695
vt 0.125 0.2695
vt 0.5586 0.332
vt 0.5586 0.332
vt 0.5586 0.332
vt 0.5586 0.332
vt 0.5586 0.332
vt 0.5586 0.332
vt 0.5508 0.3281
vt 0.5508 0.3281
vt 0.5508 0.3281
vt 0.5508 0.3281
vt 0.5508 0.3281
vt 0.5508 0.3281
vt 0.5508 0.3281
vt 0.5508 0.3281
vt 0.5508 0.3281
vt 0.5508 0.3281
vt 0.5508 0.3281
vt 0.5508 0.3281
vt 0.5508 0.3281
vt 0.5508 0.3281
vt 0.5508 0.3281
vt 0.5508 0.3281
vt 0.5508 0.3281
vt 0.5508 0.3281
vt 0.5508 0.3281
vt 0.5508 0.3281
vt 0.5508 0.3281
vt 0.5508 0.3281
vt 0.5508 0.3281
vt 0.5508 0.3281
vt 0.5508 0.3281
vt 0.5508 0.3281
vt 0.5508 0.3281
vt 0.5508 0.3281
vt 0.5508 0.3281
vt 0.5508 0.3281
vt 0.5508 0.3281
vt 0.5508 0.3281
vt 0.5508 0.3281
vt 0.5508 0.3281
vt 0.5508 0.3281
vt 0.5508 0.3281
vt 0.1328 0.2773
vt 0.1328 0.2773
vt 0.1328 0.2773
vt 0.1328 0.2773
vt 0.1328 0.2773
vt 0.1328 0.2773
vt 0.6547 0.5314
vt 0.6533 0.5314
vt 0.6533 0.5242
vt 0.6546 0.5243
vt 0.6547 0.5314
vt 0.6533 0.5242
vt 0.6563 0.5352
vt 0.6563 0.5352
vt 0.6563 0.5352
vt 0.6563 0.5352
vt 0.6563 0.5352
vt 0.6563 0.5352
vt 0.9689 0.0473
vt 0.969 0.0455
vt 0.9639 0.0455
vt 0.964 0.0473
vt 0.9689 0.0473
vt 0.9639 0.0455
vt 0.9636 0.0483
vt 0.9636 0.0478
vt 0.9694 0.0478
vt 0.9694 0.0483
vt 0.9636 0.0483
vt 0.9694 0.0478
vt 0.9744 0.0478
vt 0.9694 0.0478
vt 0.9691 0.0472
vt 0.9741 0.0472
vt 0.9744 0.0478
vt 0.9691 0.0472
vt 0.9694 0.0483
vt 0.9694 0.0478
vt 0.9744 0.0478
vt 0.9749 0.0483
vt 0.9694 0.0483
vt 0.9744 0.0478
vt 0.9701 0.0392
vt 0.9703 0.04
vt 0.9706 0.04
vt 0.9706 0.039
vt 0.9701 0.0392
vt 0.9706 0.04
vt 0.9651 0.04
vt 0.9679 0.04
vt 0.9688 0.044
vt 0.9643 0.044
vt 0.9651 0.04
vt 0.9688 0.044
vt 0.964 0.044
vt 0.9688 0.044
vt 0.9679 0.04
vt 0.9654 0.04
vt 0.964 0.044
vt 0.9679 0.04
vt 0.9701 0.0392
vt 0.9678 0.0393
vt 0.9679 0.04
vt 0.9703 0.04
vt 0.9701 0.0392
vt 0.9679 0.04
vt 0.9703 0.04
vt 0.9679 0.04
vt 0.9688 0.044
vt 0.9739 0.044
vt 0.9703 0.04
vt 0.9688 0.044
vt 0.9636 0.0483
vt 0.9639 0.0496
vt 0.9642 0.0496
vt 0.9638 0.0483
vt 0.9636 0.0483
vt 0.9642 0.0496
vt 0.9678 0.0393
vt 0.965 0.0392
vt 0.9654 0.04
vt 0.9679 0.04
vt 0.9678 0.0393
vt 0.9654 0.04
vt 0.9643 0.0382
vt 0.9648 0.039
vt 0.965 0.0392
vt 0.9647 0.0386
vt 0.9643 0.0382
vt 0.965 0.0392
vt 0.9708 0.0386
vt 0.9678 0.0387
vt 0.9678 0.0393
vt 0.9701 0.0392
vt 0.9708 0.0386
vt 0.9678 0.0393
vt 0.9678 0.0387
vt 0.9647 0.0386
vt 0.965 0.0392
vt 0.9678 0.0393
vt 0.9678 0.0387
vt 0.965 0.0392
vt 0.9708 0.0386
vt 0.9701 0.0392
vt 0.9706 0.039
vt 0.9712 0.0382
vt 0.9708 0.0386
vt 0.9706 0.039
vt 0.9694 0.0483
vt 0.9699 0.0496
vt 0.9639 0.0496
vt 0.9636 0.0483
vt 0.9694 0.0483
vt 0.9639 0.0496
vt 0.9699 0.0496
vt 0.9694 0.0483
vt 0.9749 0.0483
vt 0.9764 0.0496
vt 0.9699 0.0496
vt 0.9749 0.0483
vt 0.9642 0.0496
vt 0.9698 0.0496
vt 0.9692 0.0483
vt 0.9638 0.0483
vt 0.9642 0.0496
vt 0.9692 0.0483
vt 0.9648 0.039
vt 0.9677 0.0389
vt 0.9679 0.04
vt 0.9651 0.04
vt 0.9648 0.039
vt 0.9679 0.04
vt 0.9642 0.0455
vt 0.9689 0.0455
vt 0.9691 0.0472
vt 0.9645 0.0472
vt 0.9642 0.0455
vt 0.9691 0.0472
vt 0.9648 0.039
vt 0.9643 0.0382
vt 0.9677 0.0381
vt 0.9677 0.0389
vt 0.9648 0.039
vt 0.9677 0.0381
vt 0.9638 0.0483
vt 0.9637 0.0478
vt 0.9636 0.0478
vt 0.9636 0.0483
vt 0.9638 0.0483
vt 0.9636 0.0478
vt 0.9738 0.0478
vt 0.9689 0.0478
vt 0.9692 0.0483
vt 0.9744 0.0483
vt 0.9738 0.0478
vt 0.9692 0.0483
vt 0.9642 0.0455
vt 0.9645 0.0472
vt 0.964 0.0473
vt 0.9639 0.0455
vt 0.9642 0.0455
vt 0.964 0.0473
vt 0.9741 0.0472
vt 0.9691 0.0472
vt 0.9689 0.0455
vt 0.9742 0.0455
vt 0.9741 0.0472
vt 0.9689 0.0455
vt 0.9706 0.04
vt 0.9703 0.04
vt 0.9739 0.044
vt 0.9738 0.044
vt 0.9706 0.04
vt 0.9739 0.044
vt 0.9689 0.0478
vt 0.9689 0.0473
vt 0.964 0.0473
vt 0.9637 0.0478
vt 0.9689 0.0478
vt 0.964 0.0473
vt 0.964 0.0473
vt 0.9645 0.0472
vt 0.9636 0.0478
vt 0.9637 0.0478
vt 0.964 0.0473
vt 0.9636 0.0478
vt 0.965 0.0392
vt 0.9648 0.039
vt 0.9651 0.04
vt 0.9654 0.04
vt 0.965 0.0392
vt 0.9651 0.04
vt 0.9694 0.0478
vt 0.9636 0.0478
vt 0.9645 0.0472
vt 0.9691 0.0472
vt 0.9694 0.0478
vt 0.9645 0.0472
vt 0.9679 0.04
vt 0.9706 0.04
vt 0.9738 0.044
vt 0.9688 0.044
vt 0.9679 0.04
vt 0.9738 0.044
vt 0.9677 0.0389
vt 0.9706 0.039
vt 0.9706 0.04
vt 0.9679 0.04
vt 0.9677 0.0389
vt 0.9706 0.04
vt 0.9677 0.0381
vt 0.9712 0.0382
vt 0.9706 0.039
vt 0.9677 0.0389
vt 0.9677 0.0381
vt 0.9706 0.039
vt 0.9692 0.0483
vt 0.9698 0.0496
vt 0.976 0.0496
vt 0.9744 0.0483
vt 0.9692 0.0483
vt 0.976 0.0496
vt 0.9692 0.0483
vt 0.9689 0.0478
vt 0.9637 0.0478
vt 0.9638 0.0483
vt 0.9692 0.0483
vt 0.9637 0.0478
vt 0.9689 0.0473
vt 0.9689 0.0478
vt 0.9738 0.0478
vt 0.9738 0.0473
vt 0.9689 0.0473
vt 0.9738 0.0478
vt 0.9689 0.0473
vt 0.9738 0.0473
vt 0.9744 0.0455
vt 0.969 0.0455
vt 0.9689 0.0473
vt 0.9744 0.0455
vt 0.964 0.0473
vt 0.9639 0.0455
vt 0.969 0.0455
vt 0.9689 0.0473
vt 0.964 0.0473
vt 0.969 0.0455
vt 0.9694 0.0483
vt 0.9694 0.0478
vt 0.9636 0.0478
vt 0.9636 0.0483
vt 0.9694 0.0483
vt 0.9636 0.0478
vt 0.9741 0.0472
vt 0.9691 0.0472
vt 0.9694 0.0478
vt 0.9744 0.0478
vt 0.9741 0.0472
vt 0.9694 0.0478
vt 0.9749 0.0483
vt 0.9744 0.0478
vt 0.9694 0.0478
vt 0.9694 0.0483
vt 0.9749 0.0483
vt 0.9694 0.0478
vt 0.9643 0.044
vt 0.9688 0.044
vt 0.9679 0.04
vt 0.9651 0.04
vt 0.9643 0.044
vt 0.9679 0.04
vt 0.9654 0.04
vt 0.964 0.044
vt 0.9643 0.044
vt 0.9651 0.04
vt 0.9654 0.04
vt 0.9643 0.044
vt 0.9654 0.04
vt 0.9679 0.04
vt 0.9688 0.044
vt 0.964 0.044
vt 0.9654 0.04
vt 0.9688 0.044
vt 0.9703 0.04
vt 0.9679 0.04
vt 0.9678 0.0393
vt 0.9701 0.0392
vt 0.9703 0.04
vt 0.9678 0.0393
vt 0.9739 0.044
vt 0.9688 0.044
vt 0.9679 0.04
vt 0.9703 0.04
vt 0.9739 0.044
vt 0.9679 0.04
vt 0.9744 0.0483
vt 0.9738 0.0478
vt 0.9744 0.0478
vt 0.9749 0.0483
vt 0.9744 0.0483
vt 0.9744 0.0478
vt 0.9741 0.0472
vt 0.9744 0.0478
vt 0.9738 0.0478
vt 0.9738 0.0473
vt 0.9741 0.0472
vt 0.9738 0.0478
vt 0.9742 0.0455
vt 0.9741 0.0472
vt 0.9738 0.0473
vt 0.9744 0.0455
vt 0.9742 0.0455
vt 0.9738 0.0473
vt 0.9679 0.04
vt 0.9654 0.04
vt 0.965 0.0392
vt 0.9678 0.0393
vt 0.9679 0.04
vt 0.965 0.0392
vt 0.9647 0.0386
vt 0.965 0.0392
vt 0.9648 0.039
vt 0.9643 0.0382
vt 0.9647 0.0386
vt 0.9648 0.039
vt 0.9701 0.0392
vt 0.9678 0.0393
vt 0.9678 0.0387
vt 0.9708 0.0386
vt 0.9701 0.0392
vt 0.9678 0.0387
vt 0.9678 0.0393
vt 0.965 0.0392
vt 0.9647 0.0386
vt 0.9678 0.0387
vt 0.9678 0.0393
vt 0.9647 0.0386
vt 0.9712 0.0382
vt 0.9706 0.039
vt 0.9701 0.0392
vt 0.9708 0.0386
vt 0.9712 0.0382
vt 0.9701 0.0392
vt 0.9636 0.0483
vt 0.9639 0.0496
vt 0.9699 0.0496
vt 0.9694 0.0483
vt 0.9636 0.0483
vt 0.9699 0.0496
vt 0.9764 0.0496
vt 0.9749 0.0483
vt 0.9694 0.0483
vt 0.9699 0.0496
vt 0.9764 0.0496
vt 0.9694 0.0483
vt 0.9749 0.0483
vt 0.9764 0.0496
vt 0.976 0.0496
vt 0.9744 0.0483
vt 0.9749 0.0483
vt 0.976 0.0496
vt 0.9638 0.0483
vt 0.9692 0.0483
vt 0.9698 0.0496
vt 0.9642 0.0496
vt 0.9638 0.0483
vt 0.9698 0.0496
vt 0.9651 0.04
vt 0.9679 0.04
vt 0.9677 0.0389
vt 0.9648 0.039
vt 0.9651 0.04
vt 0.9677 0.0389
vt 0.9645 0.0472
vt 0.9691 0.0472
vt 0.9689 0.0455
vt 0.9642 0.0455
vt 0.9645 0.0472
vt 0.9689 0.0455
vt 0.9677 0.0389
vt 0.9677 0.0381
vt 0.9643 0.0382
vt 0.9648 0.039
vt 0.9677 0.0389
vt 0.9643 0.0382
vt 0.9744 0.0483
vt 0.9692 0.0483
vt 0.9689 0.0478
vt 0.9738 0.0478
vt 0.9744 0.0483
vt 0.9689 0.0478
vt 0.9742 0.0455
vt 0.9689 0.0455
vt 0.9691 0.0472
vt 0.9741 0.0472
vt 0.9742 0.0455
vt 0.9691 0.0472
vt 0.9637 0.0478
vt 0.964 0.0473
vt 0.9689 0.0473
vt 0.9689 0.0478
vt 0.9637 0.0478
vt 0.9689 0.0473
vt 0.9654 0.04
vt 0.9651 0.04
vt 0.9648 0.039
vt 0.965 0.0392
vt 0.9654 0.04
vt 0.9648 0.039
vt 0.9691 0.0472
vt 0.9645 0.0472
vt 0.9636 0.0478
vt 0.9694 0.0478
vt 0.9691 0.0472
vt 0.9636 0.0478
vt 0.9688 0.044
vt 0.9738 0.044
vt 0.9706 0.04
vt 0.9679 0.04
vt 0.9688 0.044
vt 0.9706 0.04
vt 0.9679 0.04
vt 0.9706 0.04
vt 0.9706 0.039
vt 0.9677 0.0389
vt 0.9679 0.04
vt 0.9706 0.039
vt 0.9677 0.0389
vt 0.9706 0.039
vt 0.9712 0.0382
vt 0.9677 0.0381
vt 0.9677 0.0389
vt 0.9712 0.0382
vt 0.9744 0.0483
vt 0.976 0.0496
vt 0.9698 0.0496
vt 0.9692 0.0483
vt 0.9744 0.0483
vt 0.9698 0.0496
vt 0.9638 0.0483
vt 0.9637 0.0478
vt 0.9689 0.0478
vt 0.9692 0.0483
vt 0.9638 0.0483
vt 0.9689 0.0478
vt 0.9738 0.0473
vt 0.9738 0.0478
vt 0.9689 0.0478
vt 0.9689 0.0473
vt 0.9738 0.0473
vt 0.9689 0.0478
vt 0.969 0.0455
vt 0.9744 0.0455
vt 0.9738 0.0473
vt 0.9689 0.0473
vt 0.969 0.0455
vt 0.9738 0.0473
vt 0.3398 0.6048
vt 0.3515 0.606
vt 0.3471 0.5813
vt 0.3406 0.5813
vt 0.3398 0.6048
vt 0.3471 0.5813
vt 0.3281 0.606
vt 0.3223 0.606
vt 0.3252 0.611
vt 0.3296 0.611
vt 0.3281 0.606
vt 0.3252 0.611
vt 0.305 0.6042
vt 0.2853 0.6176
vt 0.2853 0.6116
vt 0.2967 0.6076
vt 0.305 0.6042
vt 0.2853 0.6116
vt 0.3626 0.5541
vt 0.3705 0.5461
vt 0.3233 0.5461
vt 0.3312 0.5541
vt 0.3626 0.5541
vt 0.3233 0.5461
vt 0.3705 0.5461
vt 0.3705 0.5302
vt 0.3233 0.5302
vt 0.3233 0.5461
vt 0.3705 0.5461
vt 0.3233 0.5302
vt 0.3574 0.606
vt 0.3515 0.606
vt 0.3501 0.611
vt 0.3545 0.611
vt 0.3574 0.606
vt 0.3501 0.611
vt 0.372 0.611
vt 0.3691 0.606
vt 0.3574 0.606
vt 0.3545 0.611
vt 0.372 0.611
vt 0.3574 0.606
vt 0.3233 0.5302
vt 0.3705 0.5302
vt 0.3626 0.5142
vt 0.3312 0.5142
vt 0.3233 0.5302
vt 0.3626 0.5142
vt 0.3486 0.6184
vt 0.3501 0.611
vt 0.3398 0.6122
vt 0.3398 0.6209
vt 0.3486 0.6184
vt 0.3398 0.6122
vt 0.2932 0.6028
vt 0.2967 0.6076
vt 0.2853 0.6116
vt 0.2853 0.6051
vt 0.2932 0.6028
vt 0.2853 0.6116
vt 0.3398 0.6209
vt 0.3398 0.6122
vt 0.3296 0.611
vt 0.331 0.6184
vt 0.3398 0.6209
vt 0.3296 0.611
vt 0.2853 0.6116
vt 0.2739 0.6076
vt 0.2775 0.6028
vt 0.2853 0.6051
vt 0.2853 0.6116
vt 0.2775 0.6028
vt 0.331 0.5776
vt 0.3281 0.5738
vt 0.3223 0.5813
vt 0.334 0.5813
vt 0.331 0.5776
vt 0.3223 0.5813
vt 0.2775 0.5577
vt 0.2853 0.5537
vt 0.2852 0.5697
vt 0.2775 0.5716
vt 0.2775 0.5577
vt 0.2852 0.5697
vt 0.2852 0.5697
vt 0.2853 0.5756
vt 0.2775 0.5776
vt 0.2775 0.5716
vt 0.2852 0.5697
vt 0.2775 0.5776
vt 0.3398 0.6048
vt 0.3406 0.5813
vt 0.334 0.5813
vt 0.3281 0.606
vt 0.3398 0.6048
vt 0.334 0.5813
vt 0.3406 0.5813
vt 0.3471 0.5813
vt 0.3515 0.606
vt 0.3398 0.6048
vt 0.3406 0.5813
vt 0.3515 0.606
vt 0.3296 0.611
vt 0.3252 0.611
vt 0.3223 0.606
vt 0.3281 0.606
vt 0.3296 0.611
vt 0.3223 0.606
vt 0.3312 0.5541
vt 0.3233 0.5461
vt 0.3705 0.5461
vt 0.3626 0.5541
vt 0.3312 0.5541
vt 0.3705 0.5461
vt 0.3233 0.5461
vt 0.3233 0.5302
vt 0.3705 0.5302
vt 0.3705 0.5461
vt 0.3233 0.5461
vt 0.3705 0.5302
vt 0.3545 0.611
vt 0.3501 0.611
vt 0.3515 0.606
vt 0.3574 0.606
vt 0.3545 0.611
vt 0.3515 0.606
vt 0.3545 0.611
vt 0.3574 0.606
vt 0.3691 0.606
vt 0.372 0.611
vt 0.3545 0.611
vt 0.3691 0.606
vt 0.3312 0.5142
vt 0.3626 0.5142
vt 0.3705 0.5302
vt 0.3233 0.5302
vt 0.3312 0.5142
vt 0.3705 0.5302
vt 0.2932 0.5716
vt 0.2932 0.5577
vt 0.2853 0.5537
vt 0.2852 0.5697
vt 0.2932 0.5716
vt 0.2853 0.5537
vt 0.3398 0.6209
vt 0.3398 0.6122
vt 0.3501 0.611
vt 0.3486 0.6184
vt 0.3398 0.6209
vt 0.3501 0.611
vt 0.2853 0.6051
vt 0.2853 0.6116
vt 0.2967 0.6076
vt 0.2932 0.6028
vt 0.2853 0.6051
vt 0.2967 0.6076
vt 0.331 0.6184
vt 0.3296 0.611
vt 0.3398 0.6122
vt 0.3398 0.6209
vt 0.331 0.6184
vt 0.3398 0.6122
vt 0.2853 0.6051
vt 0.2775 0.6028
vt 0.2739 0.6076
vt 0.2853 0.6116
vt 0.2853 0.6051
vt 0.2739 0.6076
vt 0.334 0.5813
vt 0.3223 0.5813
vt 0.3281 0.5738
vt 0.331 0.5776
vt 0.334 0.5813
vt 0.3281 0.5738
vt 0.2852 0.5697
vt 0.2853 0.5756
vt 0.2932 0.5776
vt 0.2932 0.5716
vt 0.2852 0.5697
vt 0.2932 0.5776
vt 0.3281 0.606
vt 0.334 0.5813
vt 0.3406 0.5813
vt 0.3398 0.6048
vt 0.3281 0.606
vt 0.3406 0.5813
vt 0.0084 0.0224
vt 0.0344 0.0295
vt 0.0385 0.0551
vt 0.0084 0.053
vt 0.0084 0.0224
vt 0.0385 0.0551
vt 0.2385 0.1642
vt 0.2385 0.2014
vt 0.2004 0.2011
vt 0.2004 0.1642
vt 0.2385 0.1642
vt 0.2004 0.2011
vt 0.2385 0.1359
vt 0.2385 0.1642
vt 0.2004 0.1642
vt 0.2004 0.1359
vt 0.2385 0.1359
vt 0.2004 0.1642
vt 0.0776 0.1887
vt 0.095 0.2146
vt 0.0377 0.2051
vt 0.0501 0.183
vt 0.0776 0.1887
vt 0.0377 0.2051
vt 0.1627 0.1838
vt 0.1774 0.1854
vt 0.1697 0.2137
vt 0.1507 0.2034
vt 0.1627 0.1838
vt 0.1697 0.2137
vt 0.0776 0.1581
vt 0.051 0.1601
vt 0.0528 0.125
vt 0.0852 0.1374
vt 0.0776 0.1581
vt 0.0528 0.125
vt 0.2004 0.2011
vt 0.2385 0.2014
vt 0.2388 0.2278
vt 0.2004 0.2278
vt 0.2004 0.2011
vt 0.2388 0.2278
vt 0.0501 0.183
vt 0.051 0.1601
vt 0.0776 0.1581
vt 0.0776 0.1887
vt 0.0501 0.183
vt 0.0776 0.1581
vt 0.0084 0.1553
vt 0.0084 0.1751
vt 0.0501 0.183
vt 0.051 0.1601
vt 0.0084 0.1553
vt 0.0501 0.183
vt 0.0084 0.1553
vt 0.051 0.1601
vt 0.0528 0.125
vt 0.0084 0.1225
vt 0.0084 0.1553
vt 0.0528 0.125
vt 0.0084 0.053
vt 0.0385 0.0551
vt 0.0344 0.0295
vt 0.0084 0.0224
vt 0.0084 0.053
vt 0.0344 0.0295
vt 0.2004 0.1642
vt 0.2004 0.2011
vt 0.2385 0.2014
vt 0.2385 0.1642
vt 0.2004 0.1642
vt 0.2385 0.2014
vt 0.1774 0.1642
vt 0.1774 0.1854
vt 0.2004 0.2011
vt 0.2004 0.1642
vt 0.1774 0.1642
vt 0.2004 0.2011
vt 0.2004 0.1359
vt 0.2004 0.1642
vt 0.2385 0.1642
vt 0.2385 0.1359
vt 0.2004 0.1359
vt 0.2385 0.1642
vt 0.0501 0.183
vt 0.0377 0.2051
vt 0.095 0.2146
vt 0.0776 0.1887
vt 0.0501 0.183
vt 0.095 0.2146
vt 0.1507 0.2034
vt 0.1697 0.2137
vt 0.1774 0.1854
vt 0.1627 0.1838
vt 0.1507 0.2034
vt 0.1774 0.1854
vt 0.0377 0.2051
vt 0.0501 0.183
vt 0.0084 0.1751
vt 0.0084 0.1995
vt 0.0377 0.2051
vt 0.0084 0.1751
vt 0.0852 0.1374
vt 0.0528 0.125
vt 0.051 0.1601
vt 0.0776 0.1581
vt 0.0852 0.1374
vt 0.051 0.1601
vt 0.2004 0.2278
vt 0.2388 0.2278
vt 0.2385 0.2014
vt 0.2004 0.2011
vt 0.2004 0.2278
vt 0.2385 0.2014
vt 0.0776 0.1887
vt 0.0776 0.1581
vt 0.051 0.1601
vt 0.0501 0.183
vt 0.0776 0.1887
vt 0.051 0.1601
vt 0.1047 0.34
vt 0.1399 0.3462
vt 0.1405 0.326
vt 0.1039 0.3209
vt 0.1047 0.34
vt 0.1405 0.326
vt 0.1039 0.3209
vt 0.1405 0.326
vt 0.1408 0.3077
vt 0.1039 0.3077
vt 0.1039 0.3209
vt 0.1408 0.3077
vt 0.1335 0.4855
vt 0.1365 0.421
vt 0.1081 0.4177
vt 0.1099 0.4855
vt 0.1335 0.4855
vt 0.1081 0.4177
vt 0.2103 0.346
vt 0.178 0.3218
vt 0.1744 0.337
vt 0.2039 0.3551
vt 0.2103 0.346
vt 0.1744 0.337
vt 0.1688 0.3875
vt 0.1899 0.4115
vt 0.1952 0.3958
vt 0.1718 0.3695
vt 0.1688 0.3875
vt 0.1952 0.3958
vt 0.0441 0.3651
vt 0.0287 0.4002
vt 0.0446 0.3967
vt 0.0632 0.3686
vt 0.0441 0.3651
vt 0.0446 0.3967
vt 0.1403 0.3566
vt 0.107 0.3515
vt 0.1057 0.3669
vt 0.1396 0.3733
vt 0.1403 0.3566
vt 0.1057 0.3669
vt 0.1744 0.337
vt 0.1405 0.326
vt 0.1399 0.3462
vt 0.1727 0.3564
vt 0.1744 0.337
vt 0.1399 0.3462
vt 0.1057 0.3669
vt 0.1081 0.4177
vt 0.1365 0.421
vt 0.1396 0.3733
vt 0.1057 0.3669
vt 0.1365 0.421
vt 0.0797 0.4854
vt 0.0715 0.4246
vt 0.0446 0.3967
vt 0.051 0.4855
vt 0.0797 0.4854
vt 0.0446 0.3967
vt 0.0285 0.4004
vt 0.0441 0.3652
vt 0.0242 0.352
vt 0.0148 0.3895
vt 0.0285 0.4004
vt 0.0242 0.352
vt 0.2064 0.4855
vt 0.2155 0.4611
vt 0.1858 0.4366
vt 0.17 0.4855
vt 0.2064 0.4855
vt 0.1858 0.4366
vt 0.17 0.4855
vt 0.1858 0.4366
vt 0.1626 0.426
vt 0.1517 0.4855
vt 0.17 0.4855
vt 0.1626 0.426
vt 0.1365 0.421
vt 0.1626 0.426
vt 0.1688 0.3875
vt 0.1396 0.3733
vt 0.1365 0.421
vt 0.1688 0.3875
vt 0.1405 0.326
vt 0.1744 0.337
vt 0.178 0.3218
vt 0.1408 0.3077
vt 0.1405 0.326
vt 0.178 0.3218
vt 0.1039 0.3077
vt 0.0771 0.3133
vt 0.0777 0.3249
vt 0.1039 0.3209
vt 0.1039 0.3077
vt 0.0777 0.3249
vt 0.1718 0.3695
vt 0.1403 0.3566
vt 0.1396 0.3733
vt 0.1688 0.3875
vt 0.1718 0.3695
vt 0.1396 0.3733
vt 0.1727 0.3564
vt 0.1971 0.3745
vt 0.2039 0.3551
vt 0.1744 0.337
vt 0.1727 0.3564
vt 0.2039 0.3551
vt 0.2279 0.3895
vt 0.2339 0.3878
vt 0.2103 0.346
vt 0.2039 0.3551
vt 0.2279 0.3895
vt 0.2103 0.346
vt 0.0843 0.3656
vt 0.0912 0.4186
vt 0.1081 0.4177
vt 0.1057 0.3669
vt 0.0843 0.3656
vt 0.1081 0.4177
vt 0.0954 0.4855
vt 0.0912 0.4186
vt 0.0715 0.4246
vt 0.0797 0.4854
vt 0.0954 0.4855
vt 0.0715 0.4246
vt 0.1099 0.4855
vt 0.1081 0.4177
vt 0.0912 0.4186
vt 0.0954 0.4855
vt 0.1099 0.4855
vt 0.0912 0.4186
vt 0.0715 0.4246
vt 0.0912 0.4186
vt 0.0843 0.3656
vt 0.0632 0.3686
vt 0.0715 0.4246
vt 0.0843 0.3656
vt 0.0843 0.3656
vt 0.1057 0.3669
vt 0.107 0.3515
vt 0.0838 0.3541
vt 0.0843 0.3656
vt 0.107 0.3515
vt 0.0812 0.3436
vt 0.1047 0.34
vt 0.1039 0.3209
vt 0.0777 0.3249
vt 0.0812 0.3436
vt 0.1039 0.3209
vt 0.1899 0.4115
vt 0.1688 0.3875
vt 0.1626 0.426
vt 0.1858 0.4366
vt 0.1899 0.4115
vt 0.1626 0.426
vt 0.1335 0.4855
vt 0.1517 0.4855
vt 0.1626 0.426
vt 0.1365 0.421
vt 0.1335 0.4855
vt 0.1626 0.426
vt 0.125 0.2695
vt 0.125 0.2695
vt 0.125 0.2695
vt 0.125 0.2695
vt 0.125 0.2695
vt 0.125 0.2695
vt 0.2196 0.4386
vt 0.1899 0.4115
vt 0.1858 0.4366
vt 0.2155 0.4611
vt 0.2196 0.4386
vt 0.1858 0.4366
vt 0.1039 0.3209
vt 0.1405 0.326
vt 0.1399 0.3462
vt 0.1047 0.34
vt 0.1039 0.3209
vt 0.1399 0.3462
vt 0.2308 0.4479
vt 0.2224 0.4705
vt 0.2155 0.4611
vt 0.2196 0.4386
vt 0.2308 0.4479
vt 0.2155 0.4611
vt 0.1718 0.3695
vt 0.1403 0.3566
vt 0.1399 0.3462
vt 0.1727 0.3564
vt 0.1718 0.3695
vt 0.1399 0.3462
vt 0.107 0.3515
vt 0.0838 0.3541
vt 0.0812 0.3436
vt 0.1047 0.34
vt 0.107 0.3515
vt 0.0812 0.3436
vt 0.0632 0.3686
vt 0.0446 0.3967
vt 0.0287 0.4002
vt 0.0441 0.3651
vt 0.0632 0.3686
vt 0.0287 0.4002
vt 0.1727 0.3564
vt 0.1399 0.3462
vt 0.1405 0.326
vt 0.1744 0.337
vt 0.1727 0.3564
vt 0.1405 0.326
vt 0.1396 0.3733
vt 0.1365 0.421
vt 0.1081 0.4177
vt 0.1057 0.3669
vt 0.1396 0.3733
vt 0.1081 0.4177
vt 0.1517 0.4855
vt 0.1626 0.426
vt 0.1858 0.4366
vt 0.17 0.4855
vt 0.1517 0.4855
vt 0.1858 0.4366
vt 0.1396 0.3733
vt 0.1688 0.3875
vt 0.1626 0.426
vt 0.1365 0.421
vt 0.1396 0.3733
vt 0.1626 0.426
vt 0.1047 0.34
vt 0.1399 0.3462
vt 0.1403 0.3566
vt 0.107 0.3515
vt 0.1047 0.34
vt 0.1403 0.3566
vt 0.1727 0.3564
vt 0.1971 0.3745
vt 0.1952 0.3958
vt 0.1718 0.3695
vt 0.1727 0.3564
vt 0.1952 0.3958
vt 0.1744 0.337
vt 0.2039 0.3551
vt 0.1971 0.3745
vt 0.1727 0.3564
vt 0.1744 0.337
vt 0.1971 0.3745
vt 0.1057 0.3669
vt 0.1081 0.4177
vt 0.0912 0.4186
vt 0.0843 0.3656
vt 0.1057 0.3669
vt 0.0912 0.4186
vt 0.0632 0.3686
vt 0.0843 0.3656
vt 0.0912 0.4186
vt 0.0715 0.4246
vt 0.0632 0.3686
vt 0.0912 0.4186
vt 0.0777 0.3249
vt 0.1039 0.3209
vt 0.1047 0.34
vt 0.0812 0.3436
vt 0.0777 0.3249
vt 0.1047 0.34
vt 0.1858 0.4366
vt 0.1626 0.426
vt 0.1688 0.3875
vt 0.1899 0.4115
vt 0.1858 0.4366
vt 0.1688 0.3875
vt 0.1365 0.421
vt 0.1626 0.426
vt 0.1517 0.4855
vt 0.1335 0.4855
vt 0.1365 0.421
vt 0.1517 0.4855
vt 0.8967 0.4749
vt 0.8846 0.4613
vt 0.8846 0.4352
vt 0.8967 0.4352
vt 0.8967 0.4749
vt 0.8846 0.4352
vt 0.8967 0.4352
vt 0.8846 0.4352
vt 0.8846 0.4092
vt 0.8967 0.3956
vt 0.8967 0.4352
vt 0.8846 0.4092
vt 0.8967 0.4749
vt 0.8846 0.4613
vt 0.8846 0.4352
vt 0.8967 0.4352
vt 0.8967 0.4749
vt 0.8846 0.4352
vt 0.8967 0.4352
vt 0.8846 0.4352
vt 0.8846 0.4092
vt 0.8967 0.3956
vt 0.8967 0.4352
vt 0.8846 0.4092
vt 0.8967 0.4749
vt 0.8846 0.4613
vt 0.8846 0.4352
vt 0.8967 0.4352
vt 0.8967 0.4749
vt 0.8846 0.4352
vt 0.8967 0.4352
vt 0.8846 0.4352
vt 0.8846 0.4092
vt 0.8967 0.3956
vt 0.8967 0.4352
vt 0.8846 0.4092
vt 0.8967 0.4749
vt 0.8846 0.4613
vt 0.8846 0.4352
vt 0.8967 0.4352
vt 0.8967 0.4749
vt 0.8846 0.4352
vt 0.8967 0.4352
vt 0.8846 0.4352
vt 0.8846 0.4092
vt 0.8967 0.3956
vt 0.8967 0.4352
vt 0.8846 0.4092
vt 0.8967 0.4749
vt 0.8846 0.4613
vt 0.8846 0.4352
vt 0.8967 0.4352
vt 0.8967 0.4749
vt 0.8846 0.4352
vt 0.8967 0.4352
vt 0.8846 0.4352
vt 0.8846 0.4092
vt 0.8967 0.3956
vt 0.8967 0.4352
vt 0.8846 0.4092
vt 0.9147 0.4831
vt 0.8967 0.4749
vt 0.8967 0.4352
vt 0.9147 0.4352
vt 0.9147 0.4831
vt 0.8967 0.4352
vt 0.9147 0.4352
vt 0.8967 0.4352
vt 0.8967 0.3956
vt 0.9147 0.3874
vt 0.9147 0.4352
vt 0.8967 0.3956
vt 0.9147 0.4831
vt 0.8967 0.4749
vt 0.8967 0.4352
vt 0.9147 0.4352
vt 0.9147 0.4831
vt 0.8967 0.4352
vt 0.9147 0.4352
vt 0.8967 0.4352
vt 0.8967 0.3956
vt 0.9147 0.3874
vt 0.9147 0.4352
vt 0.8967 0.3956
vt 0.9147 0.4831
vt 0.8967 0.4749
vt 0.8967 0.4352
vt 0.9147 0.4352
vt 0.9147 0.4831
vt 0.8967 0.4352
vt 0.9147 0.4352
vt 0.8967 0.4352
vt 0.8967 0.3956
vt 0.9147 0.3874
vt 0.9147 0.4352
vt 0.8967 0.3956
vt 0.9147 0.4831
vt 0.8967 0.4749
vt 0.8967 0.4352
vt 0.9147 0.4352
vt 0.9147 0.4831
vt 0.8967 0.4352
vt 0.9147 0.4352
vt 0.8967 0.4352
vt 0.8967 0.3956
vt 0.9147 0.3874
vt 0.9147 0.4352
vt 0.8967 0.3956
vt 0.9147 0.4831
vt 0.8967 0.4749
vt 0.8967 0.4352
vt 0.9147 0.4352
vt 0.9147 0.4831
vt 0.8967 0.4352
vt 0.9147 0.4352
vt 0.8967 0.4352
vt 0.8967 0.3956
vt 0.9147 0.3874
vt 0.9147 0.4352
vt 0.8967 0.3956
vt 0.546 0.3625
vt 0.546 0.3436
vt 0.5764 0.3436
vt 0.5764 0.3625
vt 0.546 0.3625
vt 0.5764 0.3436
vt 0.5308 0.472
vt 0.5308 0.389
vt 0.546 0.389
vt 0.546 0.4829
vt 0.5308 0.472
vt 0.546 0.389
vt 0.5194 0.463
vt 0.5194 0.389
vt 0.5308 0.389
vt 0.5308 0.472
vt 0.5194 0.463
vt 0.5308 0.389
vt 0.5916 0.4764
vt 0.5916 0.389
vt 0.6068 0.389
vt 0.6068 0.4671
vt 0.5916 0.4764
vt 0.6068 0.389
vt 0.5916 0.4764
vt 0.5764 0.4826
vt 0.5764 0.389
vt 0.5916 0.389
vt 0.5916 0.4764
vt 0.5764 0.389
vt 0.1328 0.2773
vt 0.1328 0.2773
vt 0.1328 0.2773
vt 0.1328 0.2773
vt 0.1328 0.2773
vt 0.1328 0.2773
vt 0.1328 0.2773
vt 0.1328 0.2773
vt 0.1328 0.2773
vt 0.1328 0.2773
vt 0.1328 0.2773
vt 0.1328 0.2773
vt 0.1328 0.2773
vt 0.1328 0.2773
vt 0.1328 0.2773
vt 0.1328 0.2773
vt 0.1328 0.2773
vt 0.1328 0.2773
vt 0.0439 0.3652
vt 0.0537 0.3369
vt 0.0518 0.3223
vt 0.0244 0.3525
vt 0.0439 0.3652
vt 0.0518 0.3223
vt 0.5194 0.3739
vt 0.6068 0.3739
vt 0.6068 0.3625
vt 0.5194 0.3625
vt 0.5194 0.3739
vt 0.6068 0.3625
vt 0.5916 0.3739
vt 0.5916 0.3625
vt 0.6068 0.3625
vt 0.6068 0.3739
vt 0.5916 0.3739
vt 0.6068 0.3625
vt 0.5586 0.332
vt 0.5586 0.332
vt 0.5586 0.332
vt 0.5586 0.332
vt 0.5586 0.332
vt 0.5586 0.332
vt 0.5194 0.3739
vt 0.5194 0.3625
vt 0.5308 0.3625
vt 0.5308 0.3739
vt 0.5194 0.3739
vt 0.5308 0.3625
vt 0.1328 0.2773
vt 0.1328 0.2773
vt 0.1328 0.2773
vt 0.1328 0.2773
vt 0.1328 0.2773
vt 0.1328 0.2773
vt 0.5916 0.389
vt 0.5916 0.3739
vt 0.6068 0.3739
vt 0.6068 0.389
vt 0.5916 0.389
vt 0.6068 0.3739
vt 0.6068 0.389
vt 0.6068 0.3739
vt 0.5194 0.3739
vt 0.5194 0.389
vt 0.6068 0.389
vt 0.5194 0.3739
vt 0.5194 0.389
vt 0.5194 0.3739
vt 0.5308 0.3739
vt 0.5308 0.389
vt 0.5194 0.389
vt 0.5308 0.3739
vt 0.5308 0.389
vt 0.5308 0.3739
vt 0.546 0.3739
vt 0.546 0.389
vt 0.5308 0.389
vt 0.546 0.3739
vt 0.546 0.389
vt 0.546 0.3739
vt 0.5764 0.3739
vt 0.5764 0.389
vt 0.546 0.389
vt 0.5764 0.3739
vt 0.5764 0.389
vt 0.5764 0.3739
vt 0.5916 0.3739
vt 0.5916 0.389
vt 0.5764 0.389
vt 0.5916 0.3739
vt 0.6521 0.5181
vt 0.6525 0.5259
vt 0.6519 0.5264
vt 0.6516 0.5185
vt 0.6521 0.5181
vt 0.6519 0.5264
vt 0.6534 0.5275
vt 0.6521 0.5273
vt 0.6522 0.5197
vt 0.6533 0.5204
vt 0.6534 0.5275
vt 0.6522 0.5197
vt 0.6525 0.5259
vt 0.6523 0.518
vt 0.6529 0.5174
vt 0.653 0.5254
vt 0.6525 0.5259
vt 0.6529 0.5174
vt 0.6575 0.5289
vt 0.6586 0.529
vt 0.6586 0.5297
vt 0.6576 0.5298
vt 0.6575 0.5289
vt 0.6586 0.5297
vt 0.6555 0.5231
vt 0.6534 0.5231
vt 0.6533 0.5314
vt 0.6556 0.5312
vt 0.6555 0.5231
vt 0.6533 0.5314
vt 0.6556 0.5312
vt 0.6571 0.5311
vt 0.657 0.5231
vt 0.6555 0.5231
vt 0.6556 0.5312
vt 0.657 0.5231
vt 0.6571 0.5311
vt 0.658 0.5311
vt 0.6579 0.5231
vt 0.657 0.5231
vt 0.6571 0.5311
vt 0.6579 0.5231
vt 0.6502 0.5287
vt 0.6502 0.5312
vt 0.6474 0.5309
vt 0.6474 0.5288
vt 0.6502 0.5287
vt 0.6474 0.5309
vt 0.6524 0.5182
vt 0.653 0.5177
vt 0.6529 0.5174
vt 0.6523 0.518
vt 0.6524 0.5182
vt 0.6529 0.5174
vt 0.6546 0.5243
vt 0.6555 0.5243
vt 0.6557 0.5315
vt 0.6547 0.5314
vt 0.6546 0.5243
vt 0.6557 0.5315
vt 0.6514 0.5191
vt 0.65 0.52
vt 0.652 0.5201
vt 0.6522 0.5195
vt 0.6514 0.5191
vt 0.652 0.5201
vt 0.6533 0.5204
vt 0.6553 0.5205
vt 0.6555 0.5276
vt 0.6534 0.5275
vt 0.6533 0.5204
vt 0.6555 0.5276
vt 0.6555 0.5286
vt 0.6535 0.5287
vt 0.6534 0.5275
vt 0.6555 0.5276
vt 0.6555 0.5286
vt 0.6534 0.5275
vt 0.6535 0.5257
vt 0.6532 0.5262
vt 0.6525 0.5259
vt 0.653 0.5254
vt 0.6535 0.5257
vt 0.6525 0.5259
vt 0.6533 0.5314
vt 0.6547 0.5314
vt 0.6547 0.5323
vt 0.6531 0.5324
vt 0.6533 0.5314
vt 0.6547 0.5323
vt 0.6547 0.5314
vt 0.6557 0.5315
vt 0.6556 0.5323
vt 0.6547 0.5323
vt 0.6547 0.5314
vt 0.6556 0.5323
vt 0.6564 0.5322
vt 0.6556 0.5323
vt 0.6557 0.5315
vt 0.6564 0.5315
vt 0.6564 0.5322
vt 0.6557 0.5315
vt 0.6563 0.5352
vt 0.6563 0.5352
vt 0.6563 0.5352
vt 0.6563 0.5352
vt 0.6563 0.5352
vt 0.6563 0.5352
vt 0.6571 0.5277
vt 0.6578 0.5277
vt 0.6579 0.5284
vt 0.6571 0.5285
vt 0.6571 0.5277
vt 0.6579 0.5284
vt 0.6555 0.5276
vt 0.6571 0.5277
vt 0.6571 0.5285
vt 0.6555 0.5286
vt 0.6555 0.5276
vt 0.6571 0.5285
vt 0.6559 0.5289
vt 0.6575 0.5289
vt 0.6576 0.5298
vt 0.656 0.5299
vt 0.6559 0.5289
vt 0.6576 0.5298
vt 0.6563 0.5352
vt 0.6563 0.5352
vt 0.6563 0.5352
vt 0.6563 0.5352
vt 0.6563 0.5352
vt 0.6563 0.5352
vt 0.6817 0.5522
vt 0.6996 0.5537
vt 0.6841 0.5348
vt 0.6719 0.543
vt 0.6817 0.5522
vt 0.6841 0.5348
vt 0.6555 0.5243
vt 0.6563 0.5243
vt 0.6564 0.5315
vt 0.6557 0.5315
vt 0.6555 0.5243
vt 0.6564 0.5315
vt 0.6522 0.5273
vt 0.6519 0.5271
vt 0.6519 0.5264
vt 0.6522 0.5271
vt 0.6522 0.5273
vt 0.6519 0.5264
vt 0.6535 0.5287
vt 0.6528 0.5287
vt 0.6521 0.5273
vt 0.6534 0.5275
vt 0.6535 0.5287
vt 0.6521 0.5273
vt 0.6473 0.5316
vt 0.6466 0.5313
vt 0.6563 0.5352
vt 0.6563 0.5352
vt 0.6473 0.5316
vt 0.6563 0.5352
vt 0.6458 0.5288
vt 0.6466 0.5285
vt 0.6466 0.5288
vt 0.6458 0.5288
vt 0.6458 0.5288
vt 0.6466 0.5288
vt 0.6474 0.5309
vt 0.6466 0.531
vt 0.6466 0.5288
vt 0.6474 0.5288
vt 0.6474 0.5309
vt 0.6466 0.5288
vt 0.6563 0.5352
vt 0.6563 0.5352
vt 0.6563 0.5352
vt 0.6563 0.5352
vt 0.6563 0.5352
vt 0.6563 0.5352
vt 0.6528 0.5313
vt 0.6533 0.5314
vt 0.6531 0.5324
vt 0.6525 0.5324
vt 0.6528 0.5313
vt 0.6531 0.5324
vt 0.6585 0.5283
vt 0.6579 0.5284
vt 0.6578 0.5277
vt 0.6585 0.5279
vt 0.6585 0.5283
vt 0.6578 0.5277
vt 0.6533 0.525
vt 0.6535 0.5253
vt 0.6535 0.5257
vt 0.653 0.5254
vt 0.6533 0.525
vt 0.6535 0.5257
vt 0.6535 0.5181
vt 0.6535 0.5253
vt 0.6533 0.525
vt 0.653 0.5177
vt 0.6535 0.5181
vt 0.6533 0.525
vt 0.7302 0.5401
vt 0.7123 0.5353
vt 0.6998 0.5537
vt 0.7174 0.5559
vt 0.7302 0.5401
vt 0.6998 0.5537
vt 0.6569 0.5205
vt 0.6555 0.5205
vt 0.6555 0.5286
vt 0.6571 0.5285
vt 0.6569 0.5205
vt 0.6555 0.5286
vt 0.6577 0.5205
vt 0.6571 0.5205
vt 0.6571 0.5285
vt 0.6579 0.5284
vt 0.6577 0.5205
vt 0.6571 0.5285
vt 0.6594 0.5291
vt 0.6594 0.5296
vt 0.6586 0.5297
vt 0.6586 0.529
vt 0.6594 0.5291
vt 0.6586 0.5297
vt 0.6521 0.5181
vt 0.6516 0.5185
vt 0.6518 0.5188
vt 0.6524 0.5182
vt 0.6521 0.5181
vt 0.6518 0.5188
vt 0.653 0.5177
vt 0.6524 0.5182
vt 0.6532 0.5186
vt 0.6535 0.5181
vt 0.653 0.5177
vt 0.6532 0.5186
vt 0.6522 0.5271
vt 0.6519 0.5264
vt 0.6525 0.5259
vt 0.653 0.5264
vt 0.6522 0.5271
vt 0.6525 0.5259
vt 0.6489 0.5273
vt 0.6512 0.5188
vt 0.6505 0.527
vt 0.6493 0.5274
vt 0.6489 0.5273
vt 0.6505 0.527
vt 0.7281 0.5152
vt 0.7387 0.5152
vt 0.7394 0.5186
vt 0.7273 0.5186
vt 0.7281 0.5152
vt 0.7394 0.5186
vt 0.7273 0.5186
vt 0.7394 0.5186
vt 0.7387 0.522
vt 0.7281 0.522
vt 0.7273 0.5186
vt 0.7387 0.522
vt 0.7281 0.522
vt 0.7387 0.522
vt 0.7364 0.5245
vt 0.7304 0.5245
vt 0.7281 0.522
vt 0.7364 0.5245
vt 0.7304 0.5127
vt 0.7364 0.5127
vt 0.7387 0.5152
vt 0.7281 0.5152
vt 0.7304 0.5127
vt 0.7387 0.5152
vt 0.8967 0.4352
vt 0.8846 0.4352
vt 0.8846 0.4613
vt 0.8967 0.4749
vt 0.8967 0.4352
vt 0.8846 0.4613
vt 0.8967 0.3956
vt 0.8846 0.4092
vt 0.8846 0.4352
vt 0.8967 0.4352
vt 0.8967 0.3956
vt 0.8846 0.4352
vt 0.8967 0.4352
vt 0.8846 0.4352
vt 0.8846 0.4613
vt 0.8967 0.4749
vt 0.8967 0.4352
vt 0.8846 0.4613
vt 0.8967 0.3956
vt 0.8846 0.4092
vt 0.8846 0.4352
vt 0.8967 0.4352
vt 0.8967 0.3956
vt 0.8846 0.4352
vt 0.8967 0.4352
vt 0.8846 0.4352
vt 0.8846 0.4613
vt 0.8967 0.4749
vt 0.8967 0.4352
vt 0.8846 0.4613
vt 0.8967 0.3956
vt 0.8846 0.4092
vt 0.8846 0.4352
vt 0.8967 0.4352
vt 0.8967 0.3956
vt 0.8846 0.4352
vt 0.8967 0.4352
vt 0.8846 0.4352
vt 0.8846 0.4613
vt 0.8967 0.4749
vt 0.8967 0.4352
vt 0.8846 0.4613
vt 0.8967 0.3956
vt 0.8846 0.4092
vt 0.8846 0.4352
vt 0.8967 0.4352
vt 0.8967 0.3956
vt 0.8846 0.4352
vt 0.8967 0.4352
vt 0.8846 0.4352
vt 0.8846 0.4613
vt 0.8967 0.4749
vt 0.8967 0.4352
vt 0.8846 0.4613
vt 0.8967 0.3956
vt 0.8846 0.4092
vt 0.8846 0.4352
vt 0.8967 0.4352
vt 0.8967 0.3956
vt 0.8846 0.4352
vt 0.9147 0.4352
vt 0.8967 0.4352
vt 0.8967 0.4749
vt 0.9147 0.4831
vt 0.9147 0.4352
vt 0.8967 0.4749
vt 0.9147 0.3874
vt 0.8967 0.3956
vt 0.8967 0.4352
vt 0.9147 0.4352
vt 0.9147 0.3874
vt 0.8967 0.4352
vt 0.9147 0.4352
vt 0.8967 0.4352
vt 0.8967 0.4749
vt 0.9147 0.4831
vt 0.9147 0.4352
vt 0.8967 0.4749
vt 0.9147 0.3874
vt 0.8967 0.3956
vt 0.8967 0.4352
vt 0.9147 0.4352
vt 0.9147 0.3874
vt 0.8967 0.4352
vt 0.9147 0.4352
vt 0.8967 0.4352
vt 0.8967 0.4749
vt 0.9147 0.4831
vt 0.9147 0.4352
vt 0.8967 0.4749
vt 0.9147 0.3874
vt 0.8967 0.3956
vt 0.8967 0.4352
vt 0.9147 0.4352
vt 0.9147 0.3874
vt 0.8967 0.4352
vt 0.9147 0.4352
vt 0.8967 0.4352
vt 0.8967 0.4749
vt 0.9147 0.4831
vt 0.9147 0.4352
vt 0.8967 0.4749
vt 0.9147 0.3874
vt 0.8967 0.3956
vt 0.8967 0.4352
vt 0.9147 0.4352
vt 0.9147 0.3874
vt 0.8967 0.4352
vt 0.9147 0.4352
vt 0.8967 0.4352
vt 0.8967 0.4749
vt 0.9147 0.4831
vt 0.9147 0.4352
vt 0.8967 0.4749
vt 0.9147 0.3874
vt 0.8967 0.3956
vt 0.8967 0.4352
vt 0.9147 0.4352
vt 0.9147 0.3874
vt 0.8967 0.4352
vt 0.1328 0.2773
vt 0.1328 0.2773
vt 0.1328 0.2773
vt 0.1328 0.2773
vt 0.1328 0.2773
vt 0.1328 0.2773
vt 0.5764 0.3625
vt 0.5764 0.3436
vt 0.546 0.3436
vt 0.546 0.3625
vt 0.5764 0.3625
vt 0.546 0.3436
vt 0.5308 0.3436
vt 0.5194 0.3436
vt 0.5194 0.3625
vt 0.5308 0.3625
vt 0.5308 0.3436
vt 0.5194 0.3625
vt 0.546 0.4829
vt 0.546 0.389
vt 0.5308 0.389
vt 0.5308 0.472
vt 0.546 0.4829
vt 0.5308 0.389
vt 0.5308 0.472
vt 0.5308 0.389
vt 0.5194 0.389
vt 0.5194 0.463
vt 0.5308 0.472
vt 0.5194 0.389
vt 0.6068 0.4671
vt 0.6068 0.389
vt 0.5916 0.389
vt 0.5916 0.4764
vt 0.6068 0.4671
vt 0.5916 0.389
vt 0.5916 0.389
vt 0.5764 0.389
vt 0.5764 0.4826
vt 0.5916 0.4764
vt 0.5916 0.389
vt 0.5764 0.4826
vt 0.5916 0.3436
vt 0.6068 0.3436
vt 0.6068 0.2603
vt 0.5916 0.2603
vt 0.5916 0.3436
vt 0.6068 0.2603
vt 0.5194 0.3436
vt 0.5308 0.3436
vt 0.5308 0.2603
vt 0.5194 0.2603
vt 0.5194 0.3436
vt 0.5308 0.2603
vt 0.5308 0.3436
vt 0.546 0.3436
vt 0.546 0.2603
vt 0.5308 0.2603
vt 0.5308 0.3436
vt 0.546 0.2603
vt 0.5916 0.3436
vt 0.5916 0.2603
vt 0.5764 0.2603
vt 0.5764 0.3436
vt 0.5916 0.3436
vt 0.5764 0.2603
vt 0.6068 0.3625
vt 0.6068 0.3436
vt 0.5916 0.3436
vt 0.5916 0.3625
vt 0.6068 0.3625
vt 0.5916 0.3436
vt 0.5916 0.3625
vt 0.5916 0.3436
vt 0.5764 0.3436
vt 0.5764 0.3625
vt 0.5916 0.3625
vt 0.5764 0.3436
vt 0.546 0.3739
vt 0.546 0.3625
vt 0.5308 0.3625
vt 0.5308 0.3739
vt 0.546 0.3739
vt 0.5308 0.3625
vt 0.5194 0.3625
vt 0.6068 0.3625
vt 0.6068 0.3739
vt 0.5194 0.3739
vt 0.5194 0.3625
vt 0.6068 0.3739
vt 0.6068 0.3739
vt 0.6068 0.3625
vt 0.5916 0.3625
vt 0.5916 0.3739
vt 0.6068 0.3739
vt 0.5916 0.3625
vt 0.5916 0.3625
vt 0.5764 0.3625
vt 0.5764 0.3739
vt 0.5916 0.3739
vt 0.5916 0.3625
vt 0.5764 0.3739
vt 0.5764 0.3625
vt 0.546 0.3625
vt 0.546 0.3739
vt 0.5764 0.3739
vt 0.5764 0.3625
vt 0.546 0.3739
vt 0.5308 0.3739
vt 0.5308 0.3625
vt 0.5194 0.3625
vt 0.5194 0.3739
vt 0.5308 0.3739
vt 0.5194 0.3625
vt 0.5308 0.3625
vt 0.546 0.3625
vt 0.546 0.3436
vt 0.5308 0.3436
vt 0.5308 0.3625
vt 0.546 0.3436
vt 0.6068 0.389
vt 0.6068 0.3739
vt 0.5916 0.3739
vt 0.5916 0.389
vt 0.6068 0.389
vt 0.5916 0.3739
vt 0.5194 0.389
vt 0.5194 0.3739
vt 0.6068 0.3739
vt 0.6068 0.389
vt 0.5194 0.389
vt 0.6068 0.3739
vt 0.5308 0.389
vt 0.5308 0.3739
vt 0.5194 0.3739
vt 0.5194 0.389
vt 0.5308 0.389
vt 0.5194 0.3739
vt 0.546 0.389
vt 0.546 0.3739
vt 0.5308 0.3739
vt 0.5308 0.389
vt 0.546 0.389
vt 0.5308 0.3739
vt 0.5764 0.389
vt 0.5764 0.3739
vt 0.546 0.3739
vt 0.546 0.389
vt 0.5764 0.389
vt 0.546 0.3739
vt 0.5916 0.389
vt 0.5916 0.3739
vt 0.5764 0.3739
vt 0.5764 0.389
vt 0.5916 0.389
vt 0.5764 0.3739
vt 0.6559 0.5289
vt 0.6535 0.5287
vt 0.6536 0.53
vt 0.656 0.5299
vt 0.6559 0.5289
vt 0.6536 0.53
vt 0.6563 0.5243
vt 0.6568 0.5243
vt 0.6572 0.532
vt 0.6564 0.5322
vt 0.6563 0.5243
vt 0.6572 0.532
vt 0.6536 0.53
vt 0.6533 0.5314
vt 0.6556 0.5312
vt 0.6556 0.5302
vt 0.6536 0.53
vt 0.6556 0.5312
vt 0.6584 0.5218
vt 0.6574 0.5218
vt 0.6575 0.5289
vt 0.6586 0.529
vt 0.6584 0.5218
vt 0.6575 0.5289
vt 0.6577 0.5205
vt 0.6571 0.5205
vt 0.6571 0.5277
vt 0.6578 0.5277
vt 0.6577 0.5205
vt 0.6571 0.5277
vt 0.653 0.5254
vt 0.6529 0.5174
vt 0.6523 0.518
vt 0.6525 0.5259
vt 0.653 0.5254
vt 0.6523 0.518
vt 0.6576 0.5298
vt 0.6586 0.5297
vt 0.6586 0.529
vt 0.6575 0.5289
vt 0.6576 0.5298
vt 0.6586 0.529
vt 0.6547 0.5323
vt 0.6531 0.5324
vt 0.6533 0.5242
vt 0.6546 0.5243
vt 0.6547 0.5323
vt 0.6533 0.5242
vt 0.6474 0.5288
vt 0.6474 0.5309
vt 0.6502 0.5312
vt 0.6502 0.5287
vt 0.6474 0.5288
vt 0.6502 0.5312
vt 0.6523 0.518
vt 0.6529 0.5174
vt 0.653 0.5177
vt 0.6524 0.5182
vt 0.6523 0.518
vt 0.653 0.5177
vt 0.6514 0.5191
vt 0.6512 0.5188
vt 0.6516 0.5185
vt 0.6518 0.5188
vt 0.6514 0.5191
vt 0.6516 0.5185
vt 0.6522 0.5195
vt 0.652 0.5201
vt 0.65 0.52
vt 0.6514 0.5191
vt 0.6522 0.5195
vt 0.65 0.52
vt 0.6555 0.5276
vt 0.6534 0.5275
vt 0.6535 0.5287
vt 0.6555 0.5286
vt 0.6555 0.5276
vt 0.6535 0.5287
vt 0.653 0.5254
vt 0.6525 0.5259
vt 0.6532 0.5262
vt 0.6535 0.5257
vt 0.653 0.5254
vt 0.6532 0.5262
vt 0.653 0.5188
vt 0.6522 0.5195
vt 0.6518 0.5188
vt 0.6524 0.5182
vt 0.653 0.5188
vt 0.6518 0.5188
vt 0.6531 0.5324
vt 0.6547 0.5323
vt 0.6547 0.5314
vt 0.6533 0.5314
vt 0.6531 0.5324
vt 0.6547 0.5314
vt 0.6547 0.5323
vt 0.6556 0.5323
vt 0.6557 0.5315
vt 0.6547 0.5314
vt 0.6547 0.5323
vt 0.6557 0.5315
vt 0.6547 0.5323
vt 0.6546 0.5243
vt 0.6555 0.5243
vt 0.6556 0.5323
vt 0.6547 0.5323
vt 0.6555 0.5243
vt 0.6564 0.5315
vt 0.6557 0.5315
vt 0.6556 0.5323
vt 0.6564 0.5322
vt 0.6564 0.5315
vt 0.6556 0.5323
vt 0.6564 0.5322
vt 0.6556 0.5323
vt 0.6555 0.5243
vt 0.6563 0.5243
vt 0.6564 0.5322
vt 0.6555 0.5243
vt 0.6641 0.5234
vt 0.6641 0.5234
vt 0.6641 0.5234
vt 0.6641 0.5234
vt 0.6641 0.5234
vt 0.6641 0.5234
vt 0.6571 0.5285
vt 0.6579 0.5284
vt 0.6578 0.5277
vt 0.6571 0.5277
vt 0.6571 0.5285
vt 0.6578 0.5277
vt 0.6555 0.5286
vt 0.6571 0.5285
vt 0.6571 0.5277
vt 0.6555 0.5276
vt 0.6555 0.5286
vt 0.6571 0.5277
vt 0.656 0.5299
vt 0.6576 0.5298
vt 0.6575 0.5289
vt 0.6559 0.5289
vt 0.656 0.5299
vt 0.6575 0.5289
vt 0.65 0.52
vt 0.6489 0.52
vt 0.6512 0.5188
vt 0.6514 0.5191
vt 0.65 0.52
vt 0.6512 0.5188
vt 0.6719 0.543
vt 0.6841 0.5348
vt 0.6996 0.5537
vt 0.6817 0.5522
vt 0.6719 0.543
vt 0.6996 0.5537
vt 0.6575 0.5289
vt 0.6574 0.5218
vt 0.6558 0.5218
vt 0.6559 0.5289
vt 0.6575 0.5289
vt 0.6558 0.5218
vt 0.658 0.5311
vt 0.658 0.5303
vt 0.6571 0.5302
vt 0.6571 0.5311
vt 0.658 0.5311
vt 0.6571 0.5302
vt 0.6579 0.5231
vt 0.657 0.5231
vt 0.6571 0.5302
vt 0.658 0.5303
vt 0.6579 0.5231
vt 0.6571 0.5302
vt 0.6556 0.5312
vt 0.6571 0.5311
vt 0.6571 0.5302
vt 0.6556 0.5302
vt 0.6556 0.5312
vt 0.6571 0.5302
vt 0.6563 0.5243
vt 0.6555 0.5243
vt 0.6557 0.5315
vt 0.6564 0.5315
vt 0.6563 0.5243
vt 0.6557 0.5315
vt 0.6473 0.5316
vt 0.6466 0.5313
vt 0.6466 0.5309
vt 0.6474 0.5309
vt 0.6473 0.5316
vt 0.6466 0.5309
vt 0.6522 0.5271
vt 0.6519 0.5264
vt 0.6519 0.5271
vt 0.6522 0.5273
vt 0.6522 0.5271
vt 0.6519 0.5271
vt 0.6534 0.5275
vt 0.6521 0.5273
vt 0.6528 0.5287
vt 0.6535 0.5287
vt 0.6534 0.5275
vt 0.6528 0.5287
vt 0.6521 0.5273
vt 0.6505 0.527
vt 0.6502 0.5287
vt 0.6528 0.5287
vt 0.6521 0.5273
vt 0.6502 0.5287
vt 0.6528 0.5287
vt 0.6529 0.53
vt 0.6536 0.53
vt 0.6535 0.5287
vt 0.6528 0.5287
vt 0.6536 0.53
vt 0.6525 0.5324
vt 0.6528 0.5313
vt 0.6502 0.5312
vt 0.6502 0.5323
vt 0.6525 0.5324
vt 0.6502 0.5312
vt 0.6523 0.5325
vt 0.652 0.5249
vt 0.6533 0.5242
vt 0.6531 0.5324
vt 0.6523 0.5325
vt 0.6533 0.5242
vt 0.5586 0.332
vt 0.5586 0.332
vt 0.5586 0.332
vt 0.5586 0.332
vt 0.5586 0.332
vt 0.5586 0.332
vt 0.6641 0.5234
vt 0.6641 0.5234
vt 0.6641 0.5234
vt 0.6641 0.5234
vt 0.6641 0.5234
vt 0.6641 0.5234
vt 0.5586 0.332
vt 0.5586 0.332
vt 0.5586 0.332
vt 0.5586 0.332
vt 0.5586 0.332
vt 0.5586 0.332
vt 0.6525 0.5324
vt 0.6531 0.5324
vt 0.6533 0.5314
vt 0.6528 0.5313
vt 0.6525 0.5324
vt 0.6533 0.5314
vt 0.6564 0.5322
vt 0.6572 0.532
vt 0.6572 0.5317
vt 0.6564 0.5315
vt 0.6564 0.5322
vt 0.6572 0.5317
vt 0.653 0.5254
vt 0.6535 0.5257
vt 0.6535 0.5253
vt 0.6533 0.525
vt 0.653 0.5254
vt 0.6535 0.5253
vt 0.653 0.5177
vt 0.6533 0.525
vt 0.6535 0.5253
vt 0.6535 0.5181
vt 0.653 0.5177
vt 0.6535 0.5253
vt 0.6641 0.5234
vt 0.6641 0.5234
vt 0.6641 0.5234
vt 0.6641 0.5234
vt 0.6641 0.5234
vt 0.6641 0.5234
vt 0.5586 0.332
vt 0.5586 0.332
vt 0.5586 0.332
vt 0.5586 0.332
vt 0.5586 0.332
vt 0.5586 0.332
vt 0.7174 0.5559
vt 0.6998 0.5537
vt 0.7123 0.5353
vt 0.7302 0.5401
vt 0.7174 0.5559
vt 0.7123 0.5353
vt 0.6536 0.53
vt 0.6529 0.53
vt 0.6528 0.5313
vt 0.6533 0.5314
vt 0.6536 0.53
vt 0.6528 0.5313
vt 0.6569 0.5205
vt 0.6555 0.5205
vt 0.6555 0.5276
vt 0.6571 0.5277
vt 0.6569 0.5205
vt 0.6555 0.5276
vt 0.6555 0.5286
vt 0.6535 0.5287
vt 0.6533 0.5204
vt 0.6553 0.5205
vt 0.6555 0.5286
vt 0.6533 0.5204
vt 0.6558 0.5218
vt 0.6533 0.5218
vt 0.6535 0.5287
vt 0.6559 0.5289
vt 0.6558 0.5218
vt 0.6535 0.5287
vt 0.6524 0.5182
vt 0.6518 0.5188
vt 0.6516 0.5185
vt 0.6521 0.5181
vt 0.6524 0.5182
vt 0.6516 0.5185
vt 0.6535 0.5181
vt 0.6532 0.5186
vt 0.6524 0.5182
vt 0.653 0.5177
vt 0.6535 0.5181
vt 0.6524 0.5182
vt 0.653 0.5264
vt 0.6525 0.5259
vt 0.6519 0.5264
vt 0.6522 0.5271
vt 0.653 0.5264
vt 0.6519 0.5264
vt 0.6493 0.5274
vt 0.6505 0.527
vt 0.6512 0.5188
vt 0.6489 0.5273
vt 0.6493 0.5274
vt 0.6512 0.5188
vt 0.5586 0.332
vt 0.5586 0.332
vt 0.5586 0.332
vt 0.5586 0.332
vt 0.5586 0.332
vt 0.5586 0.332
vt 0.7273 0.5186
vt 0.7394 0.5186
vt 0.7387 0.5152
vt 0.7281 0.5152
vt 0.7273 0.5186
vt 0.7387 0.5152
vt 0.7281 0.522
vt 0.7387 0.522
vt 0.7394 0.5186
vt 0.7273 0.5186
vt 0.7281 0.522
vt 0.7394 0.5186
vt 0.7304 0.5245
vt 0.7364 0.5245
vt 0.7387 0.522
vt 0.7281 0.522
vt 0.7304 0.5245
vt 0.7387 0.522
vt 0.7281 0.5152
vt 0.7387 0.5152
vt 0.7364 0.5127
vt 0.7304 0.5127
vt 0.7281 0.5152
vt 0.7364 0.5127
vt 0.9524 0.1701
vt 0.9715 0.3081
vt 0.9122 0.2104
vt 0.9348 0.1701
vt 0.9524 0.1701
vt 0.9122 0.2104
vt 0.8251 0.3693
vt 0.7128 0.3698
vt 0.7551 0.3089
vt 0.8277 0.3129
vt 0.8251 0.3693
vt 0.7551 0.3089
vt 0.9278 0.0583
vt 0.9524 0.1701
vt 0.9348 0.1701
vt 0.9139 0.0578
vt 0.9278 0.0583
vt 0.9348 0.1701
vt 0.7753 0.0083
vt 0.7398 0.0258
vt 0.6787 0.0434
vt 0.6607 0.0304
vt 0.7753 0.0083
vt 0.6787 0.0434
vt 0.6607 0.0304
vt 0.6787 0.0434
vt 0.6707 0.1054
vt 0.6484 0.0837
vt 0.6607 0.0304
vt 0.6707 0.1054
vt 0.9715 0.3081
vt 0.9441 0.3654
vt 0.8832 0.2622
vt 0.9122 0.2104
vt 0.9715 0.3081
vt 0.8832 0.2622
vt 0.6931 0.1504
vt 0.7167 0.1883
vt 0.7057 0.208
vt 0.6827 0.1577
vt 0.6931 0.1504
vt 0.7057 0.208
vt 0.8826 0.1282
vt 0.8791 0.0952
vt 0.8848 0.0902
vt 0.8938 0.1254
vt 0.8826 0.1282
vt 0.8848 0.0902
vt 0.6787 0.1046
vt 0.6931 0.1504
vt 0.6827 0.1577
vt 0.6707 0.1054
vt 0.6787 0.1046
vt 0.6827 0.1577
vt 0.7167 0.1883
vt 0.7463 0.2159
vt 0.7417 0.2406
vt 0.7057 0.208
vt 0.7167 0.1883
vt 0.7417 0.2406
vt 0.7463 0.2159
vt 0.7807 0.2301
vt 0.7782 0.2544
vt 0.7417 0.2406
vt 0.7463 0.2159
vt 0.7782 0.2544
vt 0.9348 0.1701
vt 0.9122 0.2104
vt 0.9715 0.3081
vt 0.9524 0.1701
vt 0.9348 0.1701
vt 0.9715 0.3081
vt 0.8277 0.3129
vt 0.7551 0.3089
vt 0.7128 0.3698
vt 0.8251 0.3693
vt 0.8277 0.3129
vt 0.7128 0.3698
vt 0.8277 0.3129
vt 0.8251 0.3693
vt 0.9441 0.3654
vt 0.8832 0.2622
vt 0.8277 0.3129
vt 0.9441 0.3654
vt 0.8955 0.0561
vt 0.8848 0.0902
vt 0.8938 0.1254
vt 0.9139 0.0578
vt 0.8955 0.0561
vt 0.8938 0.1254
vt 0.6607 0.0304
vt 0.6787 0.0434
vt 0.7398 0.0258
vt 0.7753 0.0083
vt 0.6607 0.0304
vt 0.7398 0.0258
vt 0.7753 0.0083
vt 0.7751 0.0271
vt 0.8049 0.0358
vt 0.8763 0.0217
vt 0.7753 0.0083
vt 0.8049 0.0358
vt 0.6484 0.0837
vt 0.6707 0.1054
vt 0.6787 0.0434
vt 0.6607 0.0304
vt 0.6484 0.0837
vt 0.6787 0.0434
vt 0.9122 0.2104
vt 0.8832 0.2622
vt 0.9441 0.3654
vt 0.9715 0.3081
vt 0.9122 0.2104
vt 0.9441 0.3654
vt 0.8938 0.1254
vt 0.8848 0.0902
vt 0.8791 0.0952
vt 0.8826 0.1282
vt 0.8938 0.1254
vt 0.8791 0.0952
vt 0.6707 0.1054
vt 0.6827 0.1577
vt 0.6931 0.1504
vt 0.6787 0.1046
vt 0.6707 0.1054
vt 0.6931 0.1504
vt 0.7057 0.208
vt 0.7417 0.2406
vt 0.7463 0.2159
vt 0.7167 0.1883
vt 0.7057 0.208
vt 0.7463 0.2159
vt 0.7417 0.2406
vt 0.7782 0.2544
vt 0.7807 0.2301
vt 0.7463 0.2159
vt 0.7417 0.2406
vt 0.7807 0.2301
vt 0.3174 0.0406
vt 0.2988 0.0326
vt 0.2954 0.0203
vt 0.3201 0.0291
vt 0.3174 0.0406
vt 0.2954 0.0203
vt 0.3541 0.0849
vt 0.3655 0.0855
vt 0.3657 0.0977
vt 0.353 0.0975
vt 0.3541 0.0849
vt 0.3657 0.0977
vt 0.2821 0.1166
vt 0.2751 0.1172
vt 0.2751 0.0957
vt 0.2863 0.1034
vt 0.2821 0.1166
vt 0.2751 0.0957
vt 0.4398 0.0592
vt 0.4096 0.0402
vt 0.4136 0.0149
vt 0.4415 0.0321
vt 0.4398 0.0592
vt 0.4136 0.0149
vt 0.4415 0.0321
vt 0.4776 0.0472
vt 0.4765 0.0741
vt 0.4398 0.0592
vt 0.4415 0.0321
vt 0.4765 0.0741
vt 0.495 0.0517
vt 0.4929 0.0798
vt 0.4765 0.0741
vt 0.4776 0.0472
vt 0.495 0.0517
vt 0.4765 0.0741
vt 0.3531 0.0706
vt 0.3619 0.0709
vt 0.3655 0.0855
vt 0.3541 0.0849
vt 0.3531 0.0706
vt 0.3655 0.0855
vt 0.3822 0.185
vt 0.3768 0.1431
vt 0.3946 0.1423
vt 0.3968 0.1577
vt 0.3822 0.185
vt 0.3946 0.1423
vt 0.4398 0.0592
vt 0.4246 0.0841
vt 0.404 0.0567
vt 0.4096 0.0402
vt 0.4398 0.0592
vt 0.404 0.0567
vt 0.2985 0.0861
vt 0.2986 0.0708
vt 0.3251 0.0704
vt 0.3258 0.0853
vt 0.2985 0.0861
vt 0.3251 0.0704
vt 0.2904 0.0052
vt 0.3794 0.0554
vt 0.3175 0.018
vt 0.2792 0.0103
vt 0.2904 0.0052
vt 0.3175 0.018
vt 0.3362 0.2226
vt 0.3369 0.2038
vt 0.3741 0.2026
vt 0.3588 0.222
vt 0.3362 0.2226
vt 0.3741 0.2026
vt 0.2983 0.2425
vt 0.2605 0.2425
vt 0.2605 0.2223
vt 0.3013 0.2236
vt 0.2983 0.2425
vt 0.2605 0.2223
vt 0.3324 0.2425
vt 0.2983 0.2425
vt 0.3013 0.2236
vt 0.3362 0.2226
vt 0.3324 0.2425
vt 0.3013 0.2236
vt 0.3747 0.0489
vt 0.3502 0.0335
vt 0.4389 0.0998
vt 0.4456 0.1361
vt 0.3747 0.0489
vt 0.4389 0.0998
vt 0.2605 0.1188
vt 0.2678 0.118
vt 0.2687 0.1365
vt 0.2605 0.1364
vt 0.2605 0.1188
vt 0.2687 0.1365
vt 0.2605 0.2223
vt 0.2605 0.2031
vt 0.3021 0.2048
vt 0.3013 0.2236
vt 0.2605 0.2223
vt 0.3021 0.2048
vt 0.3021 0.2048
vt 0.3369 0.2038
vt 0.3362 0.2226
vt 0.3013 0.2236
vt 0.3021 0.2048
vt 0.3362 0.2226
vt 0.2605 0.1581
vt 0.2728 0.1586
vt 0.2828 0.1758
vt 0.2605 0.1786
vt 0.2605 0.1581
vt 0.2828 0.1758
vt 0.4765 0.0741
vt 0.4761 0.1098
vt 0.4389 0.0998
vt 0.4398 0.0592
vt 0.4765 0.0741
vt 0.4389 0.0998
vt 0.4765 0.0741
vt 0.4929 0.0798
vt 0.4882 0.1095
vt 0.4761 0.1098
vt 0.4765 0.0741
vt 0.4882 0.1095
vt 0.4456 0.1361
vt 0.4389 0.0998
vt 0.4761 0.1098
vt 0.4713 0.136
vt 0.4456 0.1361
vt 0.4761 0.1098
vt 0.3678 0.0717
vt 0.3698 0.0859
vt 0.3655 0.0855
vt 0.3619 0.0709
vt 0.3678 0.0717
vt 0.3655 0.0855
vt 0.3697 0.0977
vt 0.3657 0.0977
vt 0.3655 0.0855
vt 0.3698 0.0859
vt 0.3697 0.0977
vt 0.3655 0.0855
vt 0.2605 0.1364
vt 0.2687 0.1365
vt 0.2728 0.1586
vt 0.2605 0.1581
vt 0.2605 0.1364
vt 0.2728 0.1586
vt 0.3201 0.0291
vt 0.3488 0.0436
vt 0.3544 0.0589
vt 0.3174 0.0406
vt 0.3201 0.0291
vt 0.3544 0.0589
vt 0.3258 0.0853
vt 0.3251 0.0704
vt 0.3531 0.0706
vt 0.3541 0.0849
vt 0.3258 0.0853
vt 0.3531 0.0706
vt 0.3241 0.0958
vt 0.3258 0.0853
vt 0.3541 0.0849
vt 0.353 0.0975
vt 0.3241 0.0958
vt 0.3541 0.0849
vt 0.3241 0.0958
vt 0.2863 0.1034
vt 0.2985 0.0861
vt 0.3258 0.0853
vt 0.3241 0.0958
vt 0.2985 0.0861
vt 0.2821 0.1166
vt 0.2839 0.1366
vt 0.2769 0.1365
vt 0.2751 0.1172
vt 0.2821 0.1166
vt 0.2769 0.1365
vt 0.2751 0.0957
vt 0.2863 0.1034
vt 0.2883 0.0867
vt 0.2781 0.0874
vt 0.2751 0.0957
vt 0.2883 0.0867
vt 0.3923 0.0965
vt 0.3913 0.0773
vt 0.3698 0.0859
vt 0.3697 0.0977
vt 0.3923 0.0965
vt 0.3698 0.0859
vt 0.353 0.0975
vt 0.3657 0.0977
vt 0.3655 0.0855
vt 0.3541 0.0849
vt 0.353 0.0975
vt 0.3655 0.0855
vt 0.2863 0.1034
vt 0.2751 0.0957
vt 0.2751 0.1172
vt 0.2821 0.1166
vt 0.2863 0.1034
vt 0.2751 0.1172
vt 0.4415 0.0321
vt 0.4136 0.0149
vt 0.4096 0.0402
vt 0.4398 0.0592
vt 0.4415 0.0321
vt 0.4096 0.0402
vt 0.4398 0.0592
vt 0.4765 0.0741
vt 0.4776 0.0472
vt 0.4415 0.0321
vt 0.4398 0.0592
vt 0.4776 0.0472
vt 0.4776 0.0472
vt 0.4765 0.0741
vt 0.4929 0.0798
vt 0.495 0.0517
vt 0.4776 0.0472
vt 0.4929 0.0798
vt 0.3541 0.0849
vt 0.3655 0.0855
vt 0.3619 0.0709
vt 0.3531 0.0706
vt 0.3541 0.0849
vt 0.3619 0.0709
vt 0.3968 0.1577
vt 0.3946 0.1423
vt 0.3768 0.1431
vt 0.3822 0.185
vt 0.3968 0.1577
vt 0.3768 0.1431
vt 0.4096 0.0402
vt 0.404 0.0567
vt 0.4246 0.0841
vt 0.4398 0.0592
vt 0.4096 0.0402
vt 0.4246 0.0841
vt 0.3258 0.0853
vt 0.3251 0.0704
vt 0.2986 0.0708
vt 0.2985 0.0861
vt 0.3258 0.0853
vt 0.2986 0.0708
vt 0.2792 0.0103
vt 0.3175 0.018
vt 0.3794 0.0554
vt 0.2904 0.0052
vt 0.2792 0.0103
vt 0.3794 0.0554
vt 0.3588 0.222
vt 0.3741 0.2026
vt 0.3369 0.2038
vt 0.3362 0.2226
vt 0.3588 0.222
vt 0.3369 0.2038
vt 0.3362 0.2226
vt 0.3013 0.2236
vt 0.2983 0.2425
vt 0.3324 0.2425
vt 0.3362 0.2226
vt 0.2983 0.2425
vt 0.4456 0.1361
vt 0.4389 0.0998
vt 0.3502 0.0335
vt 0.3747 0.0489
vt 0.4456 0.1361
vt 0.3502 0.0335
vt 0.2751 0.1172
vt 0.2678 0.118
vt 0.2687 0.1365
vt 0.2769 0.1365
vt 0.2751 0.1172
vt 0.2687 0.1365
vt 0.3013 0.2236
vt 0.3362 0.2226
vt 0.3369 0.2038
vt 0.3021 0.2048
vt 0.3013 0.2236
vt 0.3369 0.2038
vt 0.4398 0.0592
vt 0.4389 0.0998
vt 0.4761 0.1098
vt 0.4765 0.0741
vt 0.4398 0.0592
vt 0.4761 0.1098
vt 0.4761 0.1098
vt 0.4882 0.1095
vt 0.4929 0.0798
vt 0.4765 0.0741
vt 0.4761 0.1098
vt 0.4929 0.0798
vt 0.4713 0.136
vt 0.4761 0.1098
vt 0.4389 0.0998
vt 0.4456 0.1361
vt 0.4713 0.136
vt 0.4389 0.0998
vt 0.3619 0.0709
vt 0.3655 0.0855
vt 0.3698 0.0859
vt 0.3678 0.0717
vt 0.3619 0.0709
vt 0.3698 0.0859
vt 0.3698 0.0859
vt 0.3655 0.0855
vt 0.3657 0.0977
vt 0.3697 0.0977
vt 0.3698 0.0859
vt 0.3657 0.0977
vt 0.2769 0.1365
vt 0.2687 0.1365
vt 0.2728 0.1586
vt 0.2851 0.1591
vt 0.2769 0.1365
vt 0.2728 0.1586
vt 0.3174 0.0406
vt 0.3544 0.0589
vt 0.3488 0.0436
vt 0.3201 0.0291
vt 0.3174 0.0406
vt 0.3488 0.0436
vt 0.3541 0.0849
vt 0.3531 0.0706
vt 0.3251 0.0704
vt 0.3258 0.0853
vt 0.3541 0.0849
vt 0.3251 0.0704
vt 0.353 0.0975
vt 0.3541 0.0849
vt 0.3258 0.0853
vt 0.3241 0.0958
vt 0.353 0.0975
vt 0.3258 0.0853
vt 0.3258 0.0853
vt 0.2985 0.0861
vt 0.2863 0.1034
vt 0.3241 0.0958
vt 0.3258 0.0853
vt 0.2863 0.1034
vt 0.2751 0.1172
vt 0.2769 0.1365
vt 0.2839 0.1366
vt 0.2821 0.1166
vt 0.2751 0.1172
vt 0.2839 0.1366
vt 0.667 0.3896
vt 0.7058 0.3989
vt 0.6751 0.3989
vt 0.6476 0.3906
vt 0.667 0.3896
vt 0.6751 0.3989
vt 0.6395 0.4775
vt 0.6312 0.4646
vt 0.6646 0.4557
vt 0.6721 0.4834
vt 0.6395 0.4775
vt 0.6646 0.4557
vt 0.7211 0.4475
vt 0.7206 0.4176
vt 0.7395 0.4207
vt 0.7364 0.4673
vt 0.7211 0.4475
vt 0.7395 0.4207
vt 0.7067 0.444
vt 0.7058 0.4176
vt 0.7206 0.4176
vt 0.7211 0.4475
vt 0.7067 0.444
vt 0.7206 0.4176
vt 0.6751 0.3989
vt 0.6738 0.4238
vt 0.629 0.4051
vt 0.6476 0.3906
vt 0.6751 0.3989
vt 0.629 0.4051
vt 0.6476 0.3906
vt 0.667 0.3896
vt 0.6568 0.3802
vt 0.627 0.3906
vt 0.6476 0.3906
vt 0.6568 0.3802
vt 0.7364 0.4673
vt 0.7395 0.4207
vt 0.7206 0.4176
vt 0.7211 0.4475
vt 0.7364 0.4673
vt 0.7206 0.4176
vt 0.6738 0.4238
vt 0.6646 0.4557
vt 0.7067 0.444
vt 0.7058 0.4176
vt 0.6738 0.4238
vt 0.7067 0.444
vt 0.5054 0.0751
vt 0.5054 0.0459
vt 0.5599 0.0526
vt 0.5383 0.0774
vt 0.5054 0.0751
vt 0.5599 0.0526
vt 0.5054 0.0459
vt 0.5054 0.0159
vt 0.5633 0.0252
vt 0.5599 0.0526
vt 0.5054 0.0459
vt 0.5633 0.0252
vt 0.5054 0.1258
vt 0.5406 0.1301
vt 0.5393 0.1391
vt 0.5054 0.137
vt 0.5054 0.1258
vt 0.5393 0.1391
vt 0.5398 0.1029
vt 0.5054 0.0989
vt 0.5054 0.0949
vt 0.5392 0.0928
vt 0.5398 0.1029
vt 0.5054 0.0949
vt 0.5054 0.1258
vt 0.5054 0.1141
vt 0.5432 0.119
vt 0.5406 0.1301
vt 0.5054 0.1258
vt 0.5432 0.119
vt 0.5734 0.1329
vt 0.5565 0.1413
vt 0.5393 0.1391
vt 0.5406 0.1301
vt 0.5734 0.1329
vt 0.5393 0.1391
vt 0.5383 0.0774
vt 0.5599 0.0526
vt 0.5054 0.0459
vt 0.5054 0.0751
vt 0.5383 0.0774
vt 0.5054 0.0459
vt 0.5599 0.0526
vt 0.5633 0.0252
vt 0.5054 0.0159
vt 0.5054 0.0459
vt 0.5599 0.0526
vt 0.5054 0.0159
vt 0.5054 0.137
vt 0.5393 0.1391
vt 0.5406 0.1301
vt 0.5054 0.1258
vt 0.5054 0.137
vt 0.5406 0.1301
vt 0.5392 0.0928
vt 0.5054 0.0949
vt 0.5054 0.0989
vt 0.5398 0.1029
vt 0.5392 0.0928
vt 0.5054 0.0989
vt 0.5406 0.1301
vt 0.5432 0.119
vt 0.5054 0.1141
vt 0.5054 0.1258
vt 0.5406 0.1301
vt 0.5054 0.1141
vt 0.5406 0.1301
vt 0.5393 0.1391
vt 0.5565 0.1413
vt 0.5734 0.1329
vt 0.5406 0.1301
vt 0.5565 0.1413
vt 0.7372 0.5159
vt 0.7392 0.5162
vt 0.7392 0.5143
vt 0.7372 0.5138
vt 0.7372 0.5159
vt 0.7392 0.5143
vt 0.7271 0.5157
vt 0.7339 0.5157
vt 0.7339 0.5135
vt 0.7271 0.5135
vt 0.7271 0.5157
vt 0.7339 0.5135
vt 0.7218 0.5162
vt 0.7237 0.5159
vt 0.7237 0.5138
vt 0.7218 0.5143
vt 0.7218 0.5162
vt 0.7237 0.5138
vt 0.7339 0.5157
vt 0.7372 0.5159
vt 0.7372 0.5138
vt 0.7339 0.5135
vt 0.7339 0.5157
vt 0.7372 0.5138
vt 0.7237 0.5159
vt 0.7271 0.5157
vt 0.7271 0.5135
vt 0.7237 0.5138
vt 0.7237 0.5159
vt 0.7271 0.5135
vt 0.4934 0.5579
vt 0.473 0.5793
vt 0.473 0.5096
vt 0.4934 0.5096
vt 0.4934 0.5579
vt 0.473 0.5096
vt 0.4934 0.5096
vt 0.473 0.5096
vt 0.473 0.5793
vt 0.4934 0.5579
vt 0.4934 0.5096
vt 0.473 0.5793
vt 0.4152 0.5967
vt 0.4152 0.5154
vt 0.3844 0.5154
vt 0.3844 0.5633
vt 0.4152 0.5967
vt 0.3844 0.5154
vt 0.4306 0.6152
vt 0.4306 0.5154
vt 0.4152 0.5154
vt 0.4152 0.5967
vt 0.4306 0.6152
vt 0.4152 0.5154
vt 0.3844 0.5633
vt 0.3844 0.5154
vt 0.4152 0.5154
vt 0.4152 0.5967
vt 0.3844 0.5633
vt 0.4152 0.5154
vt 0.4152 0.5154
vt 0.4306 0.5154
vt 0.4306 0.6152
vt 0.4152 0.5967
vt 0.4152 0.5154
vt 0.4306 0.6152
vt 0.4411 0.6156
vt 0.4411 0.621
vt 0.4729 0.5855
vt 0.473 0.5793
vt 0.4411 0.6156
vt 0.4729 0.5855
vt 0.473 0.5793
vt 0.4729 0.5855
vt 0.4934 0.5636
vt 0.4934 0.5579
vt 0.473 0.5793
vt 0.4934 0.5636
vt 0.4729 0.5855
vt 0.473 0.5793
vt 0.4934 0.5579
vt 0.4934 0.5636
vt 0.4729 0.5855
vt 0.4934 0.5579
vt 0.4411 0.621
vt 0.4411 0.6156
vt 0.473 0.5793
vt 0.4729 0.5855
vt 0.4411 0.621
vt 0.473 0.5793
vt 0.4934 0.5096
vt 0.473 0.5096
vt 0.473 0.5793
vt 0.4934 0.5579
vt 0.4934 0.5096
vt 0.473 0.5793
vt 0.4411 0.621
vt 0.4729 0.5855
vt 0.473 0.5793
vt 0.4411 0.6156
vt 0.4411 0.621
vt 0.473 0.5793
vt 0.4729 0.5855
vt 0.4934 0.5636
vt 0.4934 0.5579
vt 0.473 0.5793
vt 0.4729 0.5855
vt 0.4934 0.5579
vt 0.4934 0.5579
vt 0.473 0.5793
vt 0.473 0.5096
vt 0.4934 0.5096
vt 0.4934 0.5579
vt 0.473 0.5096
vt 0.473 0.5793
vt 0.4934 0.5579
vt 0.4934 0.5636
vt 0.4729 0.5855
vt 0.473 0.5793
vt 0.4934 0.5636
vt 0.4411 0.6156
vt 0.473 0.5793
vt 0.4729 0.5855
vt 0.4411 0.621
vt 0.4411 0.6156
vt 0.4729 0.5855
vt 0.4152 0.5967
vt 0.3844 0.5633
vt 0.3844 0.5154
vt 0.4152 0.5154
vt 0.4152 0.5967
vt 0.3844 0.5154
vt 0.4306 0.6152
vt 0.4152 0.5967
vt 0.4152 0.5154
vt 0.4306 0.5154
vt 0.4306 0.6152
vt 0.4152 0.5154
vt 0.3844 0.5633
vt 0.4152 0.5967
vt 0.4152 0.5154
vt 0.3844 0.5154
vt 0.3844 0.5633
vt 0.4152 0.5154
vt 0.4152 0.5154
vt 0.4152 0.5967
vt 0.4306 0.6152
vt 0.4306 0.5154
vt 0.4152 0.5154
vt 0.4306 0.6152
vt 0.473 0.5793
vt 0.4411 0.6156
vt 0.4411 0.5096
vt 0.473 0.5096
vt 0.473 0.5793
vt 0.4411 0.5096
vt 0.473 0.5793
vt 0.473 0.5096
vt 0.4411 0.5096
vt 0.4411 0.6156
vt 0.473 0.5793
vt 0.4411 0.5096
vt 0.473 0.5096
vt 0.4411 0.5096
vt 0.4411 0.6156
vt 0.473 0.5793
vt 0.473 0.5096
vt 0.4411 0.6156
vt 0.473 0.5793
vt 0.4411 0.6156
vt 0.4411 0.5096
vt 0.473 0.5096
vt 0.473 0.5793
vt 0.4411 0.5096
vt 0.8388 0.5879
vt 0.9055 0.5879
vt 0.9134 0.6251
vt 0.8309 0.6251
vt 0.8388 0.5879
vt 0.9134 0.6251
vt 0.8309 0.6251
vt 0.9134 0.6251
vt 0.904 0.661
vt 0.8404 0.661
vt 0.8309 0.6251
vt 0.904 0.661
vt 0.8309 0.6251
vt 0.9134 0.6251
vt 0.9055 0.5879
vt 0.8388 0.5879
vt 0.8309 0.6251
vt 0.9055 0.5879
vt 0.8404 0.661
vt 0.904 0.661
vt 0.9134 0.6251
vt 0.8309 0.6251
vt 0.8404 0.661
vt 0.9134 0.6251
vt 0.5362 0.5089
vt 0.5576 0.5089
vt 0.5576 0.5579
vt 0.5362 0.5795
vt 0.5362 0.5089
vt 0.5576 0.5579
vt 0.5362 0.5089
vt 0.5362 0.5795
vt 0.5576 0.5579
vt 0.5576 0.5089
vt 0.5362 0.5089
vt 0.5576 0.5579
vt 0.415 0.597
vt 0.415 0.5139
vt 0.4298 0.5139
vt 0.4298 0.6159
vt 0.415 0.597
vt 0.4298 0.5139
vt 0.3854 0.5628
vt 0.3854 0.5139
vt 0.415 0.5139
vt 0.415 0.597
vt 0.3854 0.5628
vt 0.415 0.5139
vt 0.4298 0.6159
vt 0.4298 0.5139
vt 0.415 0.5139
vt 0.415 0.597
vt 0.4298 0.6159
vt 0.415 0.5139
vt 0.415 0.597
vt 0.415 0.5139
vt 0.3854 0.5139
vt 0.3854 0.5628
vt 0.415 0.597
vt 0.3854 0.5139
vt 0.5576 0.5579
vt 0.5576 0.5637
vt 0.5361 0.5859
vt 0.5362 0.5795
vt 0.5576 0.5579
vt 0.5361 0.5859
vt 0.5361 0.5859
vt 0.5027 0.6218
vt 0.5027 0.6163
vt 0.5362 0.5795
vt 0.5361 0.5859
vt 0.5027 0.6163
vt 0.5361 0.5859
vt 0.5362 0.5795
vt 0.5027 0.6163
vt 0.5027 0.6218
vt 0.5361 0.5859
vt 0.5027 0.6163
vt 0.5576 0.5637
vt 0.5576 0.5579
vt 0.5362 0.5795
vt 0.5361 0.5859
vt 0.5576 0.5637
vt 0.5362 0.5795
vt 0.5362 0.5089
vt 0.5576 0.5089
vt 0.5576 0.5579
vt 0.5362 0.5795
vt 0.5362 0.5089
vt 0.5576 0.5579
vt 0.5362 0.5089
vt 0.5362 0.5795
vt 0.5576 0.5579
vt 0.5576 0.5089
vt 0.5362 0.5089
vt 0.5576 0.5579
vt 0.415 0.597
vt 0.4298 0.6159
vt 0.4298 0.5139
vt 0.415 0.5139
vt 0.415 0.597
vt 0.4298 0.5139
vt 0.3854 0.5628
vt 0.415 0.597
vt 0.415 0.5139
vt 0.3854 0.5139
vt 0.3854 0.5628
vt 0.415 0.5139
vt 0.4298 0.6159
vt 0.415 0.597
vt 0.415 0.5139
vt 0.4298 0.5139
vt 0.4298 0.6159
vt 0.415 0.5139
vt 0.415 0.597
vt 0.3854 0.5628
vt 0.3854 0.5139
vt 0.415 0.5139
vt 0.415 0.597
vt 0.3854 0.5139
vt 0.5576 0.5579
vt 0.5362 0.5795
vt 0.5361 0.5859
vt 0.5576 0.5637
vt 0.5576 0.5579
vt 0.5361 0.5859
vt 0.5361 0.5859
vt 0.5362 0.5795
vt 0.5027 0.6163
vt 0.5027 0.6218
vt 0.5361 0.5859
vt 0.5027 0.6163
vt 0.5361 0.5859
vt 0.5027 0.6218
vt 0.5027 0.6163
vt 0.5362 0.5795
vt 0.5361 0.5859
vt 0.5027 0.6163
vt 0.5576 0.5637
vt 0.5361 0.5859
vt 0.5362 0.5795
vt 0.5576 0.5579
vt 0.5576 0.5637
vt 0.5362 0.5795
vt 0.5027 0.6163
vt 0.5362 0.5795
vt 0.5362 0.5089
vt 0.5027 0.5089
vt 0.5027 0.6163
vt 0.5362 0.5089
vt 0.5027 0.5089
vt 0.5362 0.5089
vt 0.5362 0.5795
vt 0.5027 0.6163
vt 0.5027 0.5089
vt 0.5362 0.5795
vt 0.5027 0.6163
vt 0.5362 0.5795
vt 0.5362 0.5089
vt 0.5027 0.5089
vt 0.5027 0.6163
vt 0.5362 0.5089
vt 0.5362 0.5795
vt 0.5027 0.6163
vt 0.5027 0.5089
vt 0.5362 0.5089
vt 0.5362 0.5795
vt 0.5027 0.5089
vt 0.4219 0.4225
vt 0.4219 0.3727
vt 0.377 0.3727
vt 0.3769 0.4207
vt 0.4219 0.4225
vt 0.377 0.3727
vt 0.377 0.3727
vt 0.4219 0.3727
vt 0.4218 0.4225
vt 0.3769 0.4207
vt 0.377 0.3727
vt 0.4218 0.4225
vt 0.4468 0.4516
vt 0.4764 0.3728
vt 0.4928 0.3734
vt 0.4585 0.4651
vt 0.4468 0.4516
vt 0.4928 0.3734
vt 0.4764 0.3728
vt 0.4479 0.2939
vt 0.4593 0.2809
vt 0.4928 0.3734
vt 0.4764 0.3728
vt 0.4593 0.2809
vt 0.4479 0.2939
vt 0.3775 0.2683
vt 0.3775 0.2517
vt 0.4593 0.2809
vt 0.4479 0.2939
vt 0.3775 0.2517
vt 0.3775 0.2683
vt 0.4479 0.2939
vt 0.4596 0.2806
vt 0.3775 0.2517
vt 0.3775 0.2683
vt 0.4596 0.2806
vt 0.4408 0.4447
vt 0.4679 0.3728
vt 0.4764 0.3728
vt 0.4468 0.4516
vt 0.4408 0.4447
vt 0.4764 0.3728
vt 0.4408 0.4447
vt 0.3766 0.4678
vt 0.3766 0.4754
vt 0.4468 0.4516
vt 0.4408 0.4447
vt 0.3766 0.4754
vt 0.4679 0.3728
vt 0.4425 0.2991
vt 0.4479 0.2939
vt 0.4764 0.3728
vt 0.4679 0.3728
vt 0.4479 0.2939
vt 0.4425 0.2991
vt 0.3774 0.2759
vt 0.3775 0.2683
vt 0.4479 0.2939
vt 0.4425 0.2991
vt 0.3775 0.2683
vt 0.3774 0.2759
vt 0.4427 0.2988
vt 0.4479 0.2939
vt 0.3775 0.2683
vt 0.3774 0.2759
vt 0.4479 0.2939
vt 0.4681 0.373
vt 0.4408 0.4447
vt 0.4468 0.4516
vt 0.4766 0.373
vt 0.4681 0.373
vt 0.4468 0.4516
vt 0.4468 0.4516
vt 0.3766 0.4754
vt 0.3765 0.4925
vt 0.4583 0.4655
vt 0.4468 0.4516
vt 0.3765 0.4925
vt 0.4766 0.373
vt 0.4468 0.4516
vt 0.4583 0.4655
vt 0.4928 0.373
vt 0.4766 0.373
vt 0.4583 0.4655
vt 0.377 0.3727
vt 0.3772 0.3217
vt 0.4219 0.3211
vt 0.4219 0.3727
vt 0.377 0.3727
vt 0.4219 0.3211
vt 0.3769 0.4207
vt 0.377 0.3727
vt 0.4219 0.3727
vt 0.4219 0.4225
vt 0.3769 0.4207
vt 0.4219 0.3727
vt 0.4585 0.4651
vt 0.4928 0.3734
vt 0.4764 0.3728
vt 0.4468 0.4516
vt 0.4585 0.4651
vt 0.4764 0.3728
vt 0.4928 0.3734
vt 0.4593 0.2809
vt 0.4479 0.2939
vt 0.4764 0.3728
vt 0.4928 0.3734
vt 0.4479 0.2939
vt 0.4593 0.2809
vt 0.3775 0.2517
vt 0.3775 0.2683
vt 0.4479 0.2939
vt 0.4593 0.2809
vt 0.3775 0.2683
vt 0.3775 0.2517
vt 0.4596 0.2806
vt 0.4479 0.2939
vt 0.3775 0.2683
vt 0.3775 0.2517
vt 0.4479 0.2939
vt 0.4468 0.4516
vt 0.4764 0.3728
vt 0.4679 0.3728
vt 0.4408 0.4447
vt 0.4468 0.4516
vt 0.4679 0.3728
vt 0.4468 0.4516
vt 0.3766 0.4754
vt 0.3766 0.4678
vt 0.4408 0.4447
vt 0.4468 0.4516
vt 0.3766 0.4678
vt 0.4764 0.3728
vt 0.4479 0.2939
vt 0.4425 0.2991
vt 0.4679 0.3728
vt 0.4764 0.3728
vt 0.4425 0.2991
vt 0.4479 0.2939
vt 0.3775 0.2683
vt 0.3774 0.2759
vt 0.4425 0.2991
vt 0.4479 0.2939
vt 0.3774 0.2759
vt 0.3775 0.2683
vt 0.4479 0.2939
vt 0.4427 0.2988
vt 0.3774 0.2759
vt 0.3775 0.2683
vt 0.4427 0.2988
vt 0.4766 0.373
vt 0.4468 0.4516
vt 0.4408 0.4447
vt 0.4681 0.373
vt 0.4766 0.373
vt 0.4408 0.4447
vt 0.4583 0.4655
vt 0.3765 0.4925
vt 0.3766 0.4754
vt 0.4468 0.4516
vt 0.4583 0.4655
vt 0.3766 0.4754
vt 0.4928 0.373
vt 0.4583 0.4655
vt 0.4468 0.4516
vt 0.4766 0.373
vt 0.4928 0.373
vt 0.4468 0.4516
vt 0.3485 0.3478
vt 0.362 0.3526
vt 0.3661 0.329
vt 0.348 0.323
vt 0.3485 0.3478
vt 0.3661 0.329
vt 0.3661 0.4178
vt 0.3615 0.3941
vt 0.348 0.3989
vt 0.3465 0.4237
vt 0.3661 0.4178
vt 0.348 0.3989
vt 0.2569 0.2717
vt 0.2724 0.2587
vt 0.2911 0.2743
vt 0.2792 0.2827
vt 0.2569 0.2717
vt 0.2911 0.2743
vt 0.3258 0.3074
vt 0.3278 0.2951
vt 0.3509 0.3031
vt 0.348 0.323
vt 0.3258 0.3074
vt 0.3509 0.3031
vt 0.348 0.3989
vt 0.3616 0.394
vt 0.366 0.4176
vt 0.3465 0.4237
vt 0.348 0.3989
vt 0.366 0.4176
vt 0.2906 0.4721
vt 0.2719 0.4877
vt 0.2569 0.4745
vt 0.2802 0.4624
vt 0.2906 0.4721
vt 0.2569 0.4745
vt 0.3278 0.4517
vt 0.3253 0.4382
vt 0.3465 0.4237
vt 0.3506 0.4436
vt 0.3278 0.4517
vt 0.3465 0.4237
vt 0.2792 0.2827
vt 0.2911 0.2743
vt 0.2724 0.2587
vt 0.2569 0.2712
vt 0.2792 0.2827
vt 0.2724 0.2587
vt 0.3485 0.3478
vt 0.3616 0.3526
vt 0.3662 0.329
vt 0.348 0.323
vt 0.3485 0.3478
vt 0.3662 0.329
vt 0.366 0.4176
vt 0.3616 0.394
vt 0.348 0.3989
vt 0.3465 0.4237
vt 0.366 0.4176
vt 0.348 0.3989
vt 0.2906 0.4721
vt 0.2719 0.4877
vt 0.2569 0.475
vt 0.2802 0.4624
vt 0.2906 0.4721
vt 0.2569 0.475
vt 0.348 0.323
vt 0.3661 0.329
vt 0.362 0.3526
vt 0.3485 0.3478
vt 0.348 0.323
vt 0.362 0.3526
vt 0.3465 0.4237
vt 0.348 0.3989
vt 0.3615 0.3941
vt 0.3661 0.4178
vt 0.3465 0.4237
vt 0.3615 0.3941
vt 0.2792 0.2827
vt 0.2911 0.2743
vt 0.2724 0.2587
vt 0.2569 0.2717
vt 0.2792 0.2827
vt 0.2724 0.2587
vt 0.348 0.323
vt 0.3509 0.3031
vt 0.3278 0.2951
vt 0.3258 0.3074
vt 0.348 0.323
vt 0.3278 0.2951
vt 0.2802 0.4624
vt 0.2569 0.4745
vt 0.2719 0.4877
vt 0.2906 0.4721
vt 0.2802 0.4624
vt 0.2719 0.4877
vt 0.3485 0.3478
vt 0.362 0.3526
vt 0.3661 0.329
vt 0.348 0.323
vt 0.3485 0.3478
vt 0.3661 0.329
vt 0.3506 0.4436
vt 0.3465 0.4237
vt 0.3253 0.4382
vt 0.3278 0.4517
vt 0.3506 0.4436
vt 0.3253 0.4382
vt 0.348 0.323
vt 0.3662 0.329
vt 0.3616 0.3526
vt 0.3485 0.3478
vt 0.348 0.323
vt 0.3616 0.3526
vt 0.3465 0.4237
vt 0.348 0.3989
vt 0.3616 0.394
vt 0.366 0.4176
vt 0.3465 0.4237
vt 0.3616 0.394
vt 0.8467 0.5995
vt 0.8984 0.5995
vt 0.8984 0.6484
vt 0.8467 0.6484
vt 0.8467 0.5995
vt 0.8984 0.6484
vt 0.9435 0.5839
vt 0.955 0.6239
vt 0.9508 0.6239
vt 0.9393 0.5857
vt 0.9435 0.5839
vt 0.9508 0.6239
vt 0.8726 0.5439
vt 0.9138 0.5542
vt 0.9117 0.5567
vt 0.8726 0.5475
vt 0.8726 0.5439
vt 0.9117 0.5567
vt 0.8726 0.5439
vt 0.8726 0.5475
vt 0.8335 0.5567
vt 0.8314 0.5542
vt 0.8726 0.5439
vt 0.8335 0.5567
vt 0.8017 0.6638
vt 0.8059 0.662
vt 0.8335 0.691
vt 0.8314 0.6936
vt 0.8017 0.6638
vt 0.8335 0.691
vt 0.9117 0.5567
vt 0.9138 0.5542
vt 0.9435 0.5839
vt 0.9393 0.5857
vt 0.9117 0.5567
vt 0.9435 0.5839
vt 0.9117 0.691
vt 0.9138 0.6936
vt 0.8726 0.7038
vt 0.8726 0.7002
vt 0.9117 0.691
vt 0.8726 0.7038
vt 0.8335 0.691
vt 0.8726 0.7002
vt 0.8726 0.7038
vt 0.8314 0.6936
vt 0.8335 0.691
vt 0.8726 0.7038
vt 0.7944 0.6239
vt 0.8059 0.662
vt 0.8017 0.6638
vt 0.7902 0.6239
vt 0.7944 0.6239
vt 0.8017 0.6638
vt 0.0156 0.731
vt 0.0462 0.7356
vt 0.0274 0.8052
vt 0.009 0.7788
vt 0.0156 0.731
vt 0.0274 0.8052
vt 0.3016 0.6575
vt 0.3171 0.6575
vt 0.3257 0.6878
vt 0.2998 0.6878
vt 0.3016 0.6575
vt 0.3257 0.6878
vt 0.285 0.6878
vt 0.2961 0.6575
vt 0.3016 0.6575
vt 0.2998 0.6878
vt 0.285 0.6878
vt 0.3016 0.6575
vt 0.306 0.6878
vt 0.3367 0.6878
vt 0.3253 0.6575
vt 0.306 0.6575
vt 0.306 0.6878
vt 0.3253 0.6575
vt 0.2961 0.6575
vt 0.285 0.6878
vt 0.306 0.6878
vt 0.306 0.6575
vt 0.2961 0.6575
vt 0.306 0.6878
vt 0.0281 0.8412
vt 0.009 0.8137
vt 0.009 0.7788
vt 0.0274 0.8052
vt 0.0281 0.8412
vt 0.009 0.7788
vt 0.0281 0.8412
vt 0.0274 0.8052
vt 0.0555 0.8137
vt 0.0523 0.8412
vt 0.0281 0.8412
vt 0.0555 0.8137
vt 0.1067 0.7448
vt 0.0741 0.7677
vt 0.0699 0.7124
vt 0.1021 0.7034
vt 0.1067 0.7448
vt 0.0699 0.7124
vt 0.1579 0.7037
vt 0.2044 0.6943
vt 0.1951 0.7586
vt 0.1579 0.7677
vt 0.1579 0.7037
vt 0.1951 0.7586
vt 0.0741 0.7677
vt 0.1067 0.7448
vt 0.1315 0.7861
vt 0.087 0.7998
vt 0.0741 0.7677
vt 0.1315 0.7861
vt 0.1951 0.7586
vt 0.2044 0.6943
vt 0.2416 0.7126
vt 0.2329 0.7541
vt 0.1951 0.7586
vt 0.2416 0.7126
vt 0.0369 0.9693
vt 0.009 0.9693
vt 0.009 0.9243
vt 0.0741 0.929
vt 0.0369 0.9693
vt 0.009 0.9243
vt 0.1021 0.7034
vt 0.1579 0.6862
vt 0.1579 0.7037
vt 0.1067 0.7448
vt 0.1021 0.7034
vt 0.1579 0.7037
vt 0.0462 0.7356
vt 0.0698 0.7494
vt 0.0555 0.8137
vt 0.0274 0.8052
vt 0.0462 0.7356
vt 0.0555 0.8137
vt 0.1579 0.933
vt 0.19 0.9365
vt 0.1951 0.979
vt 0.1532 0.9693
vt 0.1579 0.933
vt 0.1951 0.979
vt 0.1315 0.7861
vt 0.1579 0.7677
vt 0.1579 0.7037
vt 0.1067 0.7448
vt 0.1315 0.7861
vt 0.1579 0.7037
vt 0.009 0.7788
vt 0.0274 0.8052
vt 0.0462 0.7356
vt 0.0156 0.731
vt 0.009 0.7788
vt 0.0462 0.7356
vt 0.2998 0.6878
vt 0.3257 0.6878
vt 0.3171 0.6575
vt 0.3016 0.6575
vt 0.2998 0.6878
vt 0.3171 0.6575
vt 0.2998 0.6878
vt 0.3016 0.6575
vt 0.2961 0.6575
vt 0.285 0.6878
vt 0.2998 0.6878
vt 0.2961 0.6575
vt 0.306 0.6575
vt 0.3253 0.6575
vt 0.3367 0.6878
vt 0.306 0.6878
vt 0.306 0.6575
vt 0.3367 0.6878
vt 0.306 0.6575
vt 0.306 0.6878
vt 0.285 0.6878
vt 0.2961 0.6575
vt 0.306 0.6575
vt 0.285 0.6878
vt 0.1207 0.931
vt 0.1207 0.9693
vt 0.1532 0.9693
vt 0.1579 0.933
vt 0.1207 0.931
vt 0.1532 0.9693
vt 0.0274 0.8052
vt 0.009 0.7788
vt 0.009 0.8137
vt 0.0281 0.8412
vt 0.0274 0.8052
vt 0.009 0.8137
vt 0.0523 0.8412
vt 0.0555 0.8137
vt 0.0274 0.8052
vt 0.0281 0.8412
vt 0.0523 0.8412
vt 0.0274 0.8052
vt 0.1021 0.7034
vt 0.0699 0.7124
vt 0.0741 0.7677
vt 0.1067 0.7448
vt 0.1021 0.7034
vt 0.0741 0.7677
vt 0.087 0.7998
vt 0.1315 0.7861
vt 0.1067 0.7448
vt 0.0741 0.7677
vt 0.087 0.7998
vt 0.1067 0.7448
vt 0.2329 0.7541
vt 0.2416 0.7126
vt 0.2044 0.6943
vt 0.1951 0.7586
vt 0.2329 0.7541
vt 0.2044 0.6943
vt 0.0741 0.929
vt 0.009 0.9243
vt 0.009 0.9693
vt 0.0369 0.9693
vt 0.0741 0.929
vt 0.009 0.9693
vt 0.1067 0.7448
vt 0.1579 0.7037
vt 0.1579 0.6862
vt 0.1021 0.7034
vt 0.1067 0.7448
vt 0.1579 0.6862
vt 0.0274 0.8052
vt 0.0555 0.8137
vt 0.0698 0.7494
vt 0.0462 0.7356
vt 0.0274 0.8052
vt 0.0698 0.7494
vt 0.4237 0.8963
vt 0.4935 0.8963
vt 0.4824 0.9294
vt 0.4237 0.9294
vt 0.4237 0.8963
vt 0.4824 0.9294
vt 0.7093 0.9704
vt 0.7027 0.9458
vt 0.7371 0.9391
vt 0.7371 0.9673
vt 0.7093 0.9704
vt 0.7371 0.9391
vt 0.4869 0.7755
vt 0.4237 0.7755
vt 0.4237 0.7387
vt 0.4508 0.7203
vt 0.4869 0.7755
vt 0.4237 0.7387
vt 0.3801 0.9735
vt 0.6331 0.9745
vt 0.7093 0.9704
vt 0.3801 0.9932
vt 0.3801 0.9735
vt 0.7093 0.9704
vt 0.4237 0.9294
vt 0.4824 0.9294
vt 0.4823 0.9562
vt 0.4237 0.9514
vt 0.4237 0.9294
vt 0.4823 0.9562
vt 0.7371 0.9673
vt 0.7371 0.9391
vt 0.7027 0.9458
vt 0.7093 0.9704
vt 0.7371 0.9673
vt 0.7027 0.9458
vt 0.6945 0.7387
vt 0.6488 0.7203
vt 0.6033 0.7755
vt 0.6945 0.7755
vt 0.6945 0.7387
vt 0.6033 0.7755
vt 0.4508 0.7203
vt 0.4237 0.7387
vt 0.4237 0.7755
vt 0.4869 0.7755
vt 0.4508 0.7203
vt 0.4237 0.7755
vt 0.3801 0.9932
vt 0.7093 0.9704
vt 0.6331 0.9745
vt 0.3801 0.9735
vt 0.3801 0.9932
vt 0.6331 0.9745
vt 0.4237 0.9514
vt 0.4823 0.9562
vt 0.4824 0.9294
vt 0.4237 0.9294
vt 0.4237 0.9514
vt 0.4824 0.9294
vt 0.9658 0.814
vt 0.9951 0.814
vt 0.9905 0.8747
vt 0.9658 0.8444
vt 0.9658 0.814
vt 0.9905 0.8747
vt 0.8148 0.8444
vt 0.8148 0.8747
vt 0.7845 0.8747
vt 0.7845 0.8444
vt 0.8148 0.8444
vt 0.7845 0.8747
vt 0.9356 0.814
vt 0.9276 0.8444
vt 0.8913 0.8444
vt 0.8933 0.814
vt 0.9356 0.814
vt 0.8913 0.8444
vt 0.845 0.8444
vt 0.845 0.8747
vt 0.8148 0.8747
vt 0.8148 0.8444
vt 0.845 0.8444
vt 0.8148 0.8747
vt 0.845 0.7837
vt 0.845 0.814
vt 0.8148 0.814
vt 0.8268 0.7837
vt 0.845 0.7837
vt 0.8148 0.814
vt 0.8913 0.8444
vt 0.8864 0.8686
vt 0.8752 0.8747
vt 0.8752 0.8444
vt 0.8913 0.8444
vt 0.8752 0.8747
vt 0.7661 0.814
vt 0.7543 0.8444
vt 0.7543 0.7655
vt 0.7664 0.7837
vt 0.7661 0.814
vt 0.7543 0.7655
vt 0.7543 0.8444
vt 0.7845 0.8444
vt 0.7845 0.8747
vt 0.7543 0.8747
vt 0.7543 0.8444
vt 0.7845 0.8747
vt 0.8752 0.814
vt 0.8933 0.814
vt 0.8913 0.8444
vt 0.8752 0.8444
vt 0.8752 0.814
vt 0.8913 0.8444
vt 0.8913 0.8444
vt 0.9276 0.8444
vt 0.9233 0.8732
vt 0.8864 0.8686
vt 0.8913 0.8444
vt 0.9233 0.8732
vt 0.7845 0.8444
vt 0.7845 0.814
vt 0.8148 0.814
vt 0.8148 0.8444
vt 0.7845 0.8444
vt 0.8148 0.814
vt 0.964 0.8747
vt 0.9905 0.8747
vt 0.9779 0.9475
vt 0.9296 0.9354
vt 0.964 0.8747
vt 0.9779 0.9475
vt 0.9396 0.8444
vt 0.9658 0.8444
vt 0.9658 0.814
vt 0.9477 0.814
vt 0.9396 0.8444
vt 0.9658 0.814
vt 0.9658 0.8444
vt 0.9905 0.8747
vt 0.9951 0.814
vt 0.9658 0.814
vt 0.9658 0.8444
vt 0.9951 0.814
vt 0.8933 0.814
vt 0.8913 0.8444
vt 0.9276 0.8444
vt 0.9356 0.814
vt 0.8933 0.814
vt 0.9276 0.8444
vt 0.8148 0.8444
vt 0.8148 0.8747
vt 0.845 0.8747
vt 0.845 0.8444
vt 0.8148 0.8444
vt 0.845 0.8747
vt 0.8268 0.7837
vt 0.8148 0.814
vt 0.845 0.814
vt 0.845 0.7837
vt 0.8268 0.7837
vt 0.845 0.814
vt 0.8752 0.8444
vt 0.8752 0.8747
vt 0.8864 0.8686
vt 0.8913 0.8444
vt 0.8752 0.8444
vt 0.8864 0.8686
vt 0.7664 0.7837
vt 0.7543 0.7655
vt 0.7543 0.8444
vt 0.7661 0.814
vt 0.7664 0.7837
vt 0.7543 0.8444
vt 0.7543 0.8747
vt 0.7845 0.8747
vt 0.7845 0.8444
vt 0.7543 0.8444
vt 0.7543 0.8747
vt 0.7845 0.8444
vt 0.8752 0.8444
vt 0.8913 0.8444
vt 0.8933 0.814
vt 0.8752 0.814
vt 0.8752 0.8444
vt 0.8933 0.814
vt 0.8864 0.8686
vt 0.9233 0.8732
vt 0.9276 0.8444
vt 0.8913 0.8444
vt 0.8864 0.8686
vt 0.9276 0.8444
vt 0.8148 0.8444
vt 0.8148 0.814
vt 0.7845 0.814
vt 0.7845 0.8444
vt 0.8148 0.8444
vt 0.7845 0.814
vt 0.9296 0.9354
vt 0.9779 0.9475
vt 0.9905 0.8747
vt 0.964 0.8747
vt 0.9296 0.9354
vt 0.9905 0.8747
vt 0.9658 0.8444
vt 0.9396 0.8444
vt 0.9276 0.8444
vt 0.964 0.8747
vt 0.9658 0.8444
vt 0.9276 0.8444
vt 0.1328 0.2773
vt 0.1328 0.2773
vt 0.1328 0.2773
vt 0.1328 0.2773
vt 0.1328 0.2773
vt 0.1328 0.2773
vt 0.1328 0.2773
vt 0.1328 0.2773
vt 0.1328 0.2773
vt 0.1328 0.2773
vt 0.1328 0.2773
vt 0.1328 0.2773
vt 0.3544 0.0589
vt 0.3537 0.0648
vt 0.3193 0.048
vt 0.3174 0.0406
vt 0.3544 0.0589
vt 0.3193 0.048
vt 0.3174 0.0406
vt 0.3193 0.048
vt 0.3537 0.0648
vt 0.3544 0.0589
vt 0.3174 0.0406
vt 0.3537 0.0648
vt 0.2751 0.0957
vt 0.2678 0.1012
vt 0.2678 0.118
vt 0.2751 0.1172
vt 0.2751 0.0957
vt 0.2678 0.118
vt 0.2605 0.1067
vt 0.2678 0.1012
vt 0.2678 0.118
vt 0.2605 0.1188
vt 0.2605 0.1067
vt 0.2678 0.118
vt 0.3212 0.0555
vt 0.3193 0.048
vt 0.3537 0.0648
vt 0.3531 0.0706
vt 0.3212 0.0555
vt 0.3537 0.0648
vt 0.3193 0.048
vt 0.3212 0.0555
vt 0.2975 0.0524
vt 0.297 0.0424
vt 0.3193 0.048
vt 0.2975 0.0524
vt 0.3201 0.0291
vt 0.2954 0.0203
vt 0.2988 0.0326
vt 0.3174 0.0406
vt 0.3201 0.0291
vt 0.2988 0.0326
vt 0.5586 0.332
vt 0.5586 0.332
vt 0.5586 0.332
vt 0.5586 0.332
vt 0.5586 0.332
vt 0.5586 0.332
vt 0.6641 0.5234
vt 0.6641 0.5234
vt 0.6641 0.5234
vt 0.6641 0.5234
vt 0.6641 0.5234
vt 0.6641 0.5234
vt 0.6474 0.5288
vt 0.6466 0.5288
vt 0.6466 0.5285
vt 0.6474 0.5283
vt 0.6474 0.5288
vt 0.6466 0.5285
vt 0.6563 0.5352
vt 0.6563 0.5352
vt 0.6563 0.5352
vt 0.6563 0.5352
vt 0.6563 0.5352
vt 0.6563 0.5352
vt 0.6563 0.5352
vt 0.6563 0.5352
vt 0.6466 0.5313
vt 0.6458 0.531
vt 0.6563 0.5352
vt 0.6466 0.5313
vt 0.6641 0.5234
vt 0.6641 0.5234
vt 0.6558 0.5223
vt 0.6475 0.5211
vt 0.6641 0.5234
vt 0.6558 0.5223
vt 0.6458 0.5309
vt 0.6466 0.5309
vt 0.6466 0.5313
vt 0.6458 0.531
vt 0.6458 0.5309
vt 0.6466 0.5313
vt 0.6641 0.5234
vt 0.6641 0.5234
vt 0.6641 0.5234
vt 0.6641 0.5234
vt 0.6641 0.5234
vt 0.6641 0.5234
vt 0.6641 0.5234
vt 0.6641 0.5234
vt 0.6641 0.5234
vt 0.6641 0.5234
vt 0.6641 0.5234
vt 0.6641 0.5234
vt 0.5347 0.1924
vt 0.5404 0.2157
vt 0.5232 0.1913
vt 0.5347 0.1924
vt 0.5551 0.2162
vt 0.5404 0.2157
vt 0.5503 0.1837
vt 0.5551 0.2162
vt 0.5347 0.1924
vt 0.5503 0.1837
vt 0.5847 0.214
vt 0.5551 0.2162
vt 0.5743 0.1767
vt 0.5847 0.214
vt 0.5503 0.1837
vt 0.5743 0.1767
vt 0.6143 0.2119
vt 0.5847 0.214
vt 0.5982 0.1696
vt 0.6143 0.2119
vt 0.5743 0.1767
vt 0.5982 0.1696
vt 0.6164 0.1658
vt 0.6143 0.2119
vt 0.6074 0.1309
vt 0.6164 0.1658
vt 0.5982 0.1696
vt 0.6074 0.1309
vt 0.6164 0.1168
vt 0.6164 0.1658
vt 0.5727 0.1163
vt 0.6164 0.1168
vt 0.6074 0.1309
vt 0.5727 0.1163
vt 0.5744 0.0861
vt 0.6164 0.1168
vt 0.5392 0.0928
vt 0.5744 0.0861
vt 0.5727 0.1163
vt 0.5392 0.0928
vt 0.5383 0.0774
vt 0.5744 0.0861
vt 0.5054 0.0949
vt 0.5383 0.0774
vt 0.5392 0.0928
vt 0.5054 0.0949
vt 0.5054 0.0751
vt 0.5383 0.0774
vt 0.5392 0.0928
vt 0.5054 0.0751
vt 0.5054 0.0949
vt 0.5392 0.0928
vt 0.5383 0.0774
vt 0.5054 0.0751
vt 0.5744 0.0861
vt 0.5383 0.0774
vt 0.5392 0.0928
vt 0.5744 0.0861
vt 0.5599 0.0526
vt 0.5383 0.0774
vt 0.6128 0.0677
vt 0.5599 0.0526
vt 0.5744 0.0861
vt 0.6128 0.0677
vt 0.5633 0.0252
vt 0.5599 0.0526
vt 0.2695 0.0918
vt 0.2751 0.0957
vt 0.2748 0.0868
vt 0.2695 0.0918
vt 0.2678 0.1012
vt 0.2751 0.0957
vt 0.265 0.0967
vt 0.2678 0.1012
vt 0.2695 0.0918
vt 0.265 0.0967
vt 0.2605 0.1017
vt 0.2678 0.1012
vt 0.2605 0.0947
vt 0.2605 0.1017
vt 0.265 0.0967
vt 0.2605 0.0947
vt 0.265 0.0967
vt 0.2605 0.1017
vt 0.2695 0.0918
vt 0.265 0.0967
vt 0.2605 0.0947
vt 0.2695 0.0918
vt 0.2678 0.1012
vt 0.265 0.0967
vt 0.2751 0.0957
vt 0.2678 0.1012
vt 0.2695 0.0918
vt 0.2751 0.0957
vt 0.2678 0.118
vt 0.2678 0.1012
vt 0.2751 0.1172
vt 0.2678 0.118
vt 0.2751 0.0957
vt 0.2751 0.1172
vt 0.2687 0.1365
vt 0.2678 0.118
vt 0.2769 0.1365
vt 0.2687 0.1365
vt 0.2751 0.1172
vt 0.2769 0.1365
vt 0.2728 0.1586
vt 0.2687 0.1365
vt 0.2851 0.1591
vt 0.2728 0.1586
vt 0.2769 0.1365
vt 0.2851 0.1591
vt 0.2828 0.1758
vt 0.2728 0.1586
vt 0.6564 0.5322
vt 0.6572 0.532
vt 0.6568 0.5243
vt 0.6564 0.5322
vt 0.6572 0.5317
vt 0.6572 0.532
vt 0.6564 0.5315
vt 0.6572 0.5317
vt 0.6564 0.5322
vt 0.6564 0.5315
vt 0.6568 0.5243
vt 0.6572 0.5317
vt 0.6563 0.5243
vt 0.6568 0.5243
vt 0.6564 0.5315
vt 0.6563 0.5243
vt 0.6564 0.5322
vt 0.6568 0.5243
vt 0.6555 0.5243
vt 0.6564 0.5322
vt 0.6563 0.5243
vt 0.6555 0.5243
vt 0.6556 0.5323
vt 0.6564 0.5322
vt 0.6546 0.5243
vt 0.6556 0.5323
vt 0.6555 0.5243
vt 0.6546 0.5243
vt 0.6547 0.5323
vt 0.6556 0.5323
vt 0.6533 0.5242
vt 0.6547 0.5323
vt 0.6546 0.5243
vt 0.6533 0.5242
vt 0.6531 0.5324
vt 0.6547 0.5323
vt 0.652 0.5325
vt 0.6531 0.5324
vt 0.6533 0.5242
vt 0.652 0.5325
vt 0.6523 0.5325
vt 0.6531 0.5324
vt 0.6502 0.5323
vt 0.6523 0.5325
vt 0.652 0.5325
vt 0.6502 0.5323
vt 0.6525 0.5324
vt 0.6523 0.5325
vt 0.6502 0.5312
vt 0.6525 0.5324
vt 0.6502 0.5323
vt 0.6502 0.5312
vt 0.6528 0.5313
vt 0.6525 0.5324
vt 0.6529 0.53
vt 0.6528 0.5313
vt 0.6502 0.5312
vt 0.6529 0.53
vt 0.6533 0.5314
vt 0.6528 0.5313
vt 0.6536 0.53
vt 0.6533 0.5314
vt 0.6529 0.53
vt 0.6536 0.53
vt 0.6556 0.5312
vt 0.6533 0.5314
vt 0.6556 0.5302
vt 0.6556 0.5312
vt 0.6536 0.53
vt 0.6556 0.5302
vt 0.6571 0.5311
vt 0.6556 0.5312
vt 0.6571 0.5302
vt 0.6571 0.5311
vt 0.6556 0.5302
vt 0.6571 0.5302
vt 0.658 0.5311
vt 0.6571 0.5311
vt 0.658 0.5303
vt 0.658 0.5311
vt 0.6571 0.5302
vt 0.658 0.5303
vt 0.6589 0.5309
vt 0.658 0.5311
vt 0.6589 0.5304
vt 0.6589 0.5309
vt 0.658 0.5303
vt 0.9643 0.044
vt 0.9654 0.04
vt 0.9651 0.04
vt 0.9643 0.044
vt 0.964 0.044
vt 0.9654 0.04
vt 0.9639 0.0447
vt 0.964 0.044
vt 0.9643 0.044
vt 0.9639 0.0447
vt 0.9688 0.044
vt 0.964 0.044
vt 0.9689 0.0447
vt 0.9688 0.044
vt 0.9639 0.0447
vt 0.9689 0.0447
vt 0.9739 0.044
vt 0.9688 0.044
vt 0.9745 0.0447
vt 0.9739 0.044
vt 0.9689 0.0447
vt 0.9745 0.0447
vt 0.9738 0.044
vt 0.9739 0.044
vt 0.9742 0.0455
vt 0.9738 0.044
vt 0.9745 0.0447
vt 0.9742 0.0455
vt 0.9688 0.044
vt 0.9738 0.044
vt 0.9689 0.0455
vt 0.9688 0.044
vt 0.9742 0.0455
vt 0.9689 0.0455
vt 0.9643 0.044
vt 0.9688 0.044
vt 0.9642 0.0455
vt 0.9643 0.044
vt 0.9689 0.0455
vt 0.9642 0.0455
vt 0.9639 0.0447
vt 0.9643 0.044
vt 0.9639 0.0455
vt 0.9639 0.0447
vt 0.9642 0.0455
vt 0.9639 0.0455
vt 0.9689 0.0447
vt 0.9639 0.0447
vt 0.969 0.0455
vt 0.9689 0.0447
vt 0.9639 0.0455
vt 0.969 0.0455
vt 0.9745 0.0447
vt 0.9689 0.0447
vt 0.9744 0.0455
vt 0.9745 0.0447
vt 0.969 0.0455
vt 0.9744 0.0455
vt 0.9742 0.0455
vt 0.9745 0.0447
vt 0.9738 0.0473
vt 0.9742 0.0455
vt 0.9744 0.0455
vt 0.9738 0.0473
vt 0.9741 0.0472
vt 0.9742 0.0455
vt 0.9738 0.0478
vt 0.9741 0.0472
vt 0.9738 0.0473
vt 0.9738 0.0478
vt 0.9744 0.0478
vt 0.9741 0.0472
vt 0.9744 0.0483
vt 0.9744 0.0478
vt 0.9738 0.0478
vt 0.9744 0.0483
vt 0.9749 0.0483
vt 0.9744 0.0478
vt 0.976 0.0496
vt 0.9749 0.0483
vt 0.9744 0.0483
vt 0.976 0.0496
vt 0.9764 0.0496
vt 0.9749 0.0483
vt 0.9706 0.04
vt 0.9701 0.0392
vt 0.9706 0.039
vt 0.9706 0.04
vt 0.9703 0.04
vt 0.9701 0.0392
vt 0.9738 0.044
vt 0.9703 0.04
vt 0.9706 0.04
vt 0.9738 0.044
vt 0.9739 0.044
vt 0.9703 0.04
vt 0.9745 0.0447
vt 0.9739 0.044
vt 0.9738 0.044
vt 0.9745 0.0447
vt 0.9688 0.044
vt 0.9739 0.044
vt 0.9689 0.0447
vt 0.9688 0.044
vt 0.9745 0.0447
vt 0.9689 0.0447
vt 0.964 0.044
vt 0.9688 0.044
vt 0.9639 0.0447
vt 0.964 0.044
vt 0.9689 0.0447
vt 0.9639 0.0447
vt 0.9643 0.044
vt 0.964 0.044
vt 0.9642 0.0455
vt 0.9643 0.044
vt 0.9639 0.0447
vt 0.9642 0.0455
vt 0.9688 0.044
vt 0.9643 0.044
vt 0.9689 0.0455
vt 0.9688 0.044
vt 0.9642 0.0455
vt 0.9689 0.0455
vt 0.9738 0.044
vt 0.9688 0.044
vt 0.9742 0.0455
vt 0.9738 0.044
vt 0.9689 0.0455
vt 0.9742 0.0455
vt 0.9745 0.0447
vt 0.9738 0.044
vt 0.9744 0.0455
vt 0.9745 0.0447
vt 0.9742 0.0455
vt 0.9744 0.0455
vt 0.9689 0.0447
vt 0.9745 0.0447
vt 0.969 0.0455
vt 0.9689 0.0447
vt 0.9744 0.0455
vt 0.969 0.0455
vt 0.9639 0.0447
vt 0.9689 0.0447
vt 0.9639 0.0455
vt 0.9639 0.0447
vt 0.969 0.0455
vt 0.9639 0.0455
vt 0.9642 0.0455
vt 0.9639 0.0447
vt 0.964 0.0473
vt 0.9642 0.0455
vt 0.9639 0.0455
vt 0.964 0.0473
vt 0.9645 0.0472
vt 0.9642 0.0455
vt 0.9637 0.0478
vt 0.9645 0.0472
vt 0.964 0.0473
vt 0.9637 0.0478
vt 0.9636 0.0478
vt 0.9645 0.0472
vt 0.9638 0.0483
vt 0.9636 0.0478
vt 0.9637 0.0478
vt 0.9638 0.0483
vt 0.9636 0.0483
vt 0.9636 0.0478
vt 0.9642 0.0496
vt 0.9636 0.0483
vt 0.9638 0.0483
vt 0.9642 0.0496
vt 0.9639 0.0496
vt 0.9636 0.0483
vt 0.2647 0.6042
vt 0.2853 0.6116
vt 0.2853 0.6176
vt 0.2647 0.6042
vt 0.2739 0.6076
vt 0.2853 0.6116
vt 0.2712 0.5936
vt 0.2739 0.6076
vt 0.2647 0.6042
vt 0.2712 0.5936
vt 0.2775 0.6028
vt 0.2739 0.6076
vt 0.2794 0.5956
vt 0.2775 0.6028
vt 0.2712 0.5936
vt 0.2794 0.5956
vt 0.2853 0.6051
vt 0.2775 0.6028
vt 0.2853 0.5976
vt 0.2853 0.6051
vt 0.2794 0.5956
vt 0.2853 0.5976
vt 0.2932 0.6028
vt 0.2853 0.6051
vt 0.2912 0.5956
vt 0.2932 0.6028
vt 0.2853 0.5976
vt 0.2912 0.5956
vt 0.2995 0.5936
vt 0.2932 0.6028
vt 0.2932 0.5776
vt 0.2995 0.5936
vt 0.2912 0.5956
vt 0.2932 0.5776
vt 0.301 0.5776
vt 0.2995 0.5936
vt 0.2932 0.5716
vt 0.301 0.5776
vt 0.2932 0.5776
vt 0.2932 0.5716
vt 0.301 0.5657
vt 0.301 0.5776
vt 0.2932 0.5577
vt 0.301 0.5657
vt 0.2932 0.5716
vt 0.2932 0.5577
vt 0.305 0.5457
vt 0.301 0.5657
vt 0.2932 0.5297
vt 0.305 0.5457
vt 0.2932 0.5577
vt 0.2932 0.5297
vt 0.3168 0.5417
vt 0.305 0.5457
vt 0.301 0.5137
vt 0.3168 0.5417
vt 0.2932 0.5297
vt 0.2539 0.5776
vt 0.2617 0.5898
vt 0.2578 0.5949
vt 0.2539 0.5776
vt 0.2596 0.5725
vt 0.2617 0.5898
vt 0.2539 0.5417
vt 0.2596 0.5725
vt 0.2539 0.5776
vt 0.2539 0.5417
vt 0.2657 0.5457
vt 0.2596 0.5725
vt 0.2696 0.5137
vt 0.2657 0.5457
vt 0.2539 0.5417
vt 0.2696 0.5137
vt 0.2775 0.5297
vt 0.2657 0.5457
vt 0.2853 0.508
vt 0.2775 0.5297
vt 0.2696 0.5137
vt 0.2853 0.508
vt 0.2853 0.5217
vt 0.2775 0.5297
vt 0.2932 0.5297
vt 0.2853 0.5217
vt 0.2853 0.508
vt 0.2932 0.5297
vt 0.2853 0.5377
vt 0.2853 0.5217
vt 0.2932 0.5577
vt 0.2853 0.5377
vt 0.2932 0.5297
vt 0.2932 0.5577
vt 0.2853 0.5537
vt 0.2853 0.5377
vt 0.2932 0.5716
vt 0.2853 0.5537
vt 0.2932 0.5577
vt 0.2932 0.5716
vt 0.2852 0.5697
vt 0.2853 0.5537
vt 0.2932 0.5776
vt 0.2852 0.5697
vt 0.2932 0.5716
vt 0.2932 0.5776
vt 0.2853 0.5756
vt 0.2852 0.5697
vt 0.2853 0.6176
vt 0.2739 0.6076
vt 0.2647 0.6042
vt 0.2853 0.6176
vt 0.2853 0.6116
vt 0.2739 0.6076
vt 0.305 0.6042
vt 0.2853 0.6116
vt 0.2853 0.6176
vt 0.305 0.6042
vt 0.2967 0.6076
vt 0.2853 0.6116
vt 0.2995 0.5936
vt 0.2967 0.6076
vt 0.305 0.6042
vt 0.2995 0.5936
vt 0.2932 0.6028
vt 0.2967 0.6076
vt 0.2912 0.5956
vt 0.2932 0.6028
vt 0.2995 0.5936
vt 0.2912 0.5956
vt 0.2853 0.6051
vt 0.2932 0.6028
vt 0.2853 0.5976
vt 0.2853 0.6051
vt 0.2912 0.5956
vt 0.2853 0.5976
vt 0.2775 0.6028
vt 0.2853 0.6051
vt 0.2794 0.5956
vt 0.2775 0.6028
vt 0.2853 0.5976
vt 0.2794 0.5956
vt 0.2712 0.5936
vt 0.2775 0.6028
vt 0.2775 0.5776
vt 0.2712 0.5936
vt 0.2794 0.5956
vt 0.2775 0.5776
vt 0.2696 0.5776
vt 0.2712 0.5936
vt 0.2775 0.5716
vt 0.2696 0.5776
vt 0.2775 0.5776
vt 0.2775 0.5716
vt 0.2696 0.5657
vt 0.2696 0.5776
vt 0.2775 0.5577
vt 0.2696 0.5657
vt 0.2775 0.5716
vt 0.2775 0.5577
vt 0.2657 0.5457
vt 0.2696 0.5657
vt 0.2775 0.5297
vt 0.2657 0.5457
vt 0.2775 0.5577
vt 0.2775 0.5297
vt 0.2539 0.5417
vt 0.2657 0.5457
vt 0.2696 0.5137
vt 0.2539 0.5417
vt 0.2775 0.5297
vt 0.3168 0.5776
vt 0.3089 0.5898
vt 0.3128 0.5949
vt 0.3168 0.5776
vt 0.3089 0.5736
vt 0.3089 0.5898
vt 0.3168 0.5417
vt 0.3089 0.5736
vt 0.3168 0.5776
vt 0.3168 0.5417
vt 0.305 0.5457
vt 0.3089 0.5736
vt 0.301 0.5137
vt 0.305 0.5457
vt 0.3168 0.5417
vt 0.301 0.5137
vt 0.2932 0.5297
vt 0.305 0.5457
vt 0.2853 0.508
vt 0.2932 0.5297
vt 0.301 0.5137
vt 0.2853 0.508
vt 0.2853 0.5217
vt 0.2932 0.5297
vt 0.2775 0.5297
vt 0.2853 0.5217
vt 0.2853 0.508
vt 0.2775 0.5297
vt 0.2853 0.5377
vt 0.2853 0.5217
vt 0.2775 0.5577
vt 0.2853 0.5377
vt 0.2775 0.5297
vt 0.2775 0.5577
vt 0.2853 0.5537
vt 0.2853 0.5377
vt 0.2775 0.5716
vt 0.2853 0.5537
vt 0.2775 0.5577
vt 0.2775 0.5716
vt 0.2852 0.5697
vt 0.2853 0.5537
vt 0.2775 0.5776
vt 0.2852 0.5697
vt 0.2775 0.5716
vt 0.2775 0.5776
vt 0.2853 0.5756
vt 0.2852 0.5697
vt 0.162 0.1147
vt 0.2004 0.0923
vt 0.2004 0.1147
vt 0.162 0.1147
vt 0.162 0.0935
vt 0.2004 0.0923
vt 0.1236 0.1147
vt 0.162 0.0935
vt 0.162 0.1147
vt 0.1236 0.1147
vt 0.1236 0.0935
vt 0.162 0.0935
vt 0.0852 0.1147
vt 0.1236 0.0935
vt 0.1236 0.1147
vt 0.0852 0.1147
vt 0.0852 0.0935
vt 0.1236 0.0935
vt 0.0528 0.125
vt 0.0852 0.0935
vt 0.0852 0.1147
vt 0.0528 0.125
vt 0.0412 0.0876
vt 0.0852 0.0935
vt 0.0084 0.1225
vt 0.0412 0.0876
vt 0.0528 0.125
vt 0.0084 0.1225
vt 0.0084 0.0844
vt 0.0412 0.0876
vt 0.0528 0.125
vt 0.0084 0.0844
vt 0.0084 0.1225
vt 0.0528 0.125
vt 0.0412 0.0876
vt 0.0084 0.0844
vt 0.0852 0.1147
vt 0.0412 0.0876
vt 0.0528 0.125
vt 0.0852 0.1147
vt 0.0852 0.0935
vt 0.0412 0.0876
vt 0.1236 0.1147
vt 0.0852 0.0935
vt 0.0852 0.1147
vt 0.1236 0.1147
vt 0.1236 0.0935
vt 0.0852 0.0935
vt 0.162 0.1147
vt 0.1236 0.0935
vt 0.1236 0.1147
vt 0.162 0.1147
vt 0.162 0.0935
vt 0.1236 0.0935
vt 0.2004 0.1147
vt 0.162 0.0935
vt 0.162 0.1147
vt 0.2004 0.1147
vt 0.2004 0.0923
vt 0.162 0.0935
vt 0.2385 0.1147
vt 0.2004 0.0923
vt 0.2004 0.1147
vt 0.2385 0.1147
vt 0.2385 0.0919
vt 0.2004 0.0923
vt 0.2004 0.1147
vt 0.2385 0.0919
vt 0.2385 0.1147
vt 0.2004 0.1147
vt 0.2004 0.0923
vt 0.2385 0.0919
vt 0.1236 0.0935
vt 0.162 0.0653
vt 0.162 0.0935
vt 0.1236 0.0935
vt 0.1236 0.0653
vt 0.162 0.0653
vt 0.0852 0.0935
vt 0.1236 0.0653
vt 0.1236 0.0935
vt 0.0852 0.0935
vt 0.0852 0.0582
vt 0.1236 0.0653
vt 0.0412 0.0876
vt 0.0852 0.0582
vt 0.0852 0.0935
vt 0.0412 0.0876
vt 0.0385 0.0551
vt 0.0852 0.0582
vt 0.0084 0.0844
vt 0.0385 0.0551
vt 0.0412 0.0876
vt 0.0084 0.0844
vt 0.0084 0.053
vt 0.0385 0.0551
vt 0.0412 0.0876
vt 0.0084 0.053
vt 0.0084 0.0844
vt 0.0412 0.0876
vt 0.0385 0.0551
vt 0.0084 0.053
vt 0.0852 0.0935
vt 0.0385 0.0551
vt 0.0412 0.0876
vt 0.0852 0.0935
vt 0.0852 0.0582
vt 0.0385 0.0551
vt 0.1236 0.0935
vt 0.0852 0.0582
vt 0.0852 0.0935
vt 0.1236 0.0935
vt 0.1236 0.0653
vt 0.0852 0.0582
vt 0.162 0.0935
vt 0.1236 0.0653
vt 0.1236 0.0935
vt 0.162 0.0935
vt 0.162 0.0653
vt 0.1236 0.0653
vt 0.2004 0.0923
vt 0.162 0.0653
vt 0.162 0.0935
vt 0.2004 0.0923
vt 0.2004 0.0668
vt 0.162 0.0653
vt 0.2385 0.0667
vt 0.2004 0.0668
vt 0.2004 0.0923
vt 0.2385 0.0667
vt 0.2385 0.048
vt 0.2004 0.0668
vt 0.2004 0.0668
vt 0.2385 0.048
vt 0.2385 0.0667
vt 0.0852 0.1147
vt 0.0852 0.1374
vt 0.0528 0.125
vt 0.0852 0.1147
vt 0.1241 0.1396
vt 0.0852 0.1374
vt 0.1236 0.1147
vt 0.1241 0.1396
vt 0.0852 0.1147
vt 0.1236 0.1147
vt 0.162 0.1359
vt 0.1241 0.1396
vt 0.162 0.1147
vt 0.162 0.1359
vt 0.1236 0.1147
vt 0.162 0.1147
vt 0.2004 0.1359
vt 0.162 0.1359
vt 0.2004 0.1147
vt 0.2004 0.1359
vt 0.162 0.1147
vt 0.2004 0.1147
vt 0.2385 0.1359
vt 0.2004 0.1359
vt 0.2385 0.1147
vt 0.2385 0.1359
vt 0.2004 0.1147
vt 0.2385 0.1147
vt 0.2004 0.1359
vt 0.2385 0.1359
vt 0.2004 0.1147
vt 0.2004 0.1359
vt 0.2385 0.1147
vt 0.2004 0.1147
vt 0.162 0.1359
vt 0.2004 0.1359
vt 0.162 0.1147
vt 0.162 0.1359
vt 0.2004 0.1147
vt 0.162 0.1147
vt 0.1241 0.1396
vt 0.162 0.1359
vt 0.1236 0.1147
vt 0.1241 0.1396
vt 0.162 0.1147
vt 0.1236 0.1147
vt 0.0852 0.1374
vt 0.1241 0.1396
vt 0.0852 0.1147
vt 0.0852 0.1374
vt 0.1236 0.1147
vt 0.0852 0.1147
vt 0.0528 0.125
vt 0.0852 0.1374
vt 0.2004 0.1642
vt 0.1774 0.1642
vt 0.2004 0.1359
vt 0.2004 0.1642
vt 0.1774 0.1854
vt 0.1774 0.1642
vt 0.2004 0.2011
vt 0.1774 0.1854
vt 0.2004 0.1642
vt 0.2004 0.2011
vt 0.1697 0.2137
vt 0.1774 0.1854
vt 0.2004 0.2278
vt 0.1697 0.2137
vt 0.2004 0.2011
vt 0.2004 0.2278
vt 0.1353 0.2261
vt 0.1697 0.2137
vt 0.118 0.2321
vt 0.1353 0.2261
vt 0.2004 0.2278
vt 0.118 0.2321
vt 0.095 0.2146
vt 0.1353 0.2261
vt 0.0359 0.2196
vt 0.095 0.2146
vt 0.118 0.2321
vt 0.0359 0.2196
vt 0.0377 0.2051
vt 0.095 0.2146
vt 0.0084 0.1995
vt 0.0377 0.2051
vt 0.0359 0.2196
vt 0.0084 0.1995
vt 0.0501 0.183
vt 0.0377 0.2051
vt 0.0084 0.1751
vt 0.0501 0.183
vt 0.0084 0.1995
vt 0.0084 0.1751
vt 0.051 0.1601
vt 0.0501 0.183
vt 0.0084 0.1553
vt 0.051 0.1601
vt 0.0084 0.1751
vt 0.0084 0.1553
vt 0.0528 0.125
vt 0.051 0.1601
vt 0.0084 0.1225
vt 0.0528 0.125
vt 0.0084 0.1553
vt 0.2308 0.4479
vt 0.2155 0.4611
vt 0.2224 0.4705
vt 0.2308 0.4479
vt 0.2196 0.4386
vt 0.2155 0.4611
vt 0.2227 0.4169
vt 0.2196 0.4386
vt 0.2308 0.4479
vt 0.2227 0.4169
vt 0.1952 0.3958
vt 0.2196 0.4386
vt 0.1971 0.3745
vt 0.1952 0.3958
vt 0.2227 0.4169
vt 0.1971 0.3745
vt 0.1718 0.3695
vt 0.1952 0.3958
vt 0.1727 0.3564
vt 0.1718 0.3695
vt 0.1971 0.3745
vt 0.1727 0.3564
vt 0.1403 0.3566
vt 0.1718 0.3695
vt 0.1399 0.3462
vt 0.1403 0.3566
vt 0.1727 0.3564
vt 0.1399 0.3462
vt 0.107 0.3515
vt 0.1403 0.3566
vt 0.1047 0.34
vt 0.107 0.3515
vt 0.1399 0.3462
vt 0.1047 0.34
vt 0.0838 0.3541
vt 0.107 0.3515
vt 0.0812 0.3436
vt 0.0838 0.3541
vt 0.1047 0.34
vt 0.0812 0.3436
vt 0.0632 0.3686
vt 0.0838 0.3541
vt 0.0777 0.3249
vt 0.0632 0.3686
vt 0.0812 0.3436
vt 0.0777 0.3249
vt 0.0538 0.3369
vt 0.0632 0.3686
vt 0.0771 0.3133
vt 0.0538 0.3369
vt 0.0777 0.3249
vt 0.0771 0.3133
vt 0.0515 0.3218
vt 0.0538 0.3369
vt 0.1099 0.4855
vt 0.1365 0.421
vt 0.1335 0.4855
vt 0.1099 0.4855
vt 0.1081 0.4177
vt 0.1365 0.421
vt 0.0954 0.4855
vt 0.1081 0.4177
vt 0.1099 0.4855
vt 0.0954 0.4855
vt 0.0912 0.4186
vt 0.1081 0.4177
vt 0.0797 0.4854
vt 0.0912 0.4186
vt 0.0954 0.4855
vt 0.0797 0.4854
vt 0.0715 0.4246
vt 0.0912 0.4186
vt 0.051 0.4855
vt 0.0715 0.4246
vt 0.0797 0.4854
vt 0.051 0.4855
vt 0.0446 0.3967
vt 0.0715 0.4246
vt 0.017 0.4806
vt 0.0446 0.3967
vt 0.051 0.4855
vt 0.017 0.4806
vt 0.0287 0.4002
vt 0.0446 0.3967
vt 0.015 0.3895
vt 0.0287 0.4002
vt 0.017 0.4806
vt 0.015 0.3895
vt 0.0441 0.3651
vt 0.0287 0.4002
vt 0.0241 0.3519
vt 0.0441 0.3651
vt 0.015 0.3895
vt 0.0241 0.3519
vt 0.0538 0.3369
vt 0.0441 0.3651
vt 0.0515 0.3218
vt 0.0538 0.3369
vt 0.0241 0.3519
vt 0.0515 0.3218
vt 0.0777 0.3249
vt 0.0538 0.3369
vt 0.0771 0.3133
vt 0.0777 0.3249
vt 0.0515 0.3218
vt 0.0771 0.3133
vt 0.1039 0.3209
vt 0.0777 0.3249
vt 0.1039 0.3077
vt 0.1039 0.3209
vt 0.0771 0.3133
vt 0.1039 0.3077
vt 0.1405 0.326
vt 0.1039 0.3209
vt 0.1408 0.3077
vt 0.1405 0.326
vt 0.1039 0.3077
vt 0.1408 0.3077
vt 0.1744 0.337
vt 0.1405 0.326
vt 0.178 0.3218
vt 0.1744 0.337
vt 0.1408 0.3077
vt 0.178 0.3218
vt 0.2039 0.3551
vt 0.1744 0.337
vt 0.2103 0.346
vt 0.2039 0.3551
vt 0.178 0.3218
vt 0.2103 0.346
vt 0.2279 0.3895
vt 0.2039 0.3551
vt 0.2339 0.3878
vt 0.2279 0.3895
vt 0.2103 0.346
vt 0.0812 0.3436
vt 0.0538 0.3369
vt 0.0777 0.3249
vt 0.0812 0.3436
vt 0.0632 0.3686
vt 0.0538 0.3369
vt 0.0838 0.3541
vt 0.0632 0.3686
vt 0.0812 0.3436
vt 0.0838 0.3541
vt 0.0843 0.3656
vt 0.0632 0.3686
vt 0.107 0.3515
vt 0.0843 0.3656
vt 0.0838 0.3541
vt 0.107 0.3515
vt 0.1057 0.3669
vt 0.0843 0.3656
vt 0.1403 0.3566
vt 0.1057 0.3669
vt 0.107 0.3515
vt 0.1403 0.3566
vt 0.1396 0.3733
vt 0.1057 0.3669
vt 0.1718 0.3695
vt 0.1396 0.3733
vt 0.1403 0.3566
vt 0.1718 0.3695
vt 0.1688 0.3875
vt 0.1396 0.3733
vt 0.1952 0.3958
vt 0.1688 0.3875
vt 0.1718 0.3695
vt 0.1952 0.3958
vt 0.1899 0.4115
vt 0.1688 0.3875
vt 0.2196 0.4386
vt 0.1899 0.4115
vt 0.1952 0.3958
vt 0.2196 0.4386
vt 0.1858 0.4366
vt 0.1899 0.4115
vt 0.2155 0.4611
vt 0.1858 0.4366
vt 0.2196 0.4386
vt 0.2155 0.4611
vt 0.17 0.4855
vt 0.1858 0.4366
vt 0.2064 0.4855
vt 0.17 0.4855
vt 0.2155 0.4611
vt 0.6536 0.53
vt 0.6559 0.5289
vt 0.656 0.5299
vt 0.6536 0.53
vt 0.6535 0.5287
vt 0.6559 0.5289
vt 0.6529 0.53
vt 0.6535 0.5287
vt 0.6536 0.53
vt 0.6529 0.53
vt 0.6528 0.5287
vt 0.6535 0.5287
vt 0.6502 0.5287
vt 0.6528 0.5287
vt 0.6529 0.53
vt 0.6502 0.5287
vt 0.6521 0.5273
vt 0.6528 0.5287
vt 0.6505 0.527
vt 0.6521 0.5273
vt 0.6502 0.5287
vt 0.6505 0.527
vt 0.6519 0.5271
vt 0.6521 0.5273
vt 0.6513 0.5268
vt 0.6519 0.5271
vt 0.6505 0.527
vt 0.6513 0.5268
vt 0.6519 0.5264
vt 0.6519 0.5271
vt 0.6512 0.5188
vt 0.6519 0.5264
vt 0.6513 0.5268
vt 0.6512 0.5188
vt 0.6516 0.5185
vt 0.6519 0.5264
vt 0.6514 0.5191
vt 0.6516 0.5185
vt 0.6512 0.5188
vt 0.6514 0.5191
vt 0.6518 0.5188
vt 0.6516 0.5185
vt 0.6522 0.5195
vt 0.6518 0.5188
vt 0.6514 0.5191
vt 0.6522 0.5195
vt 0.6524 0.5182
vt 0.6518 0.5188
vt 0.653 0.5188
vt 0.6524 0.5182
vt 0.6522 0.5195
vt 0.653 0.5188
vt 0.6532 0.5186
vt 0.6524 0.5182
vt 0.6574 0.5218
vt 0.6586 0.5297
vt 0.6584 0.5218
vt 0.6574 0.5218
vt 0.6576 0.5298
vt 0.6586 0.5297
vt 0.6558 0.5218
vt 0.6576 0.5298
vt 0.6574 0.5218
vt 0.6558 0.5218
vt 0.656 0.5299
vt 0.6576 0.5298
vt 0.6533 0.5218
vt 0.656 0.5299
vt 0.6558 0.5218
vt 0.6533 0.5218
vt 0.6536 0.53
vt 0.656 0.5299
vt 0.6534 0.5231
vt 0.6536 0.53
vt 0.6533 0.5218
vt 0.6534 0.5231
vt 0.6556 0.5302
vt 0.6536 0.53
vt 0.6555 0.5231
vt 0.6556 0.5302
vt 0.6534 0.5231
vt 0.6555 0.5231
vt 0.6571 0.5302
vt 0.6556 0.5302
vt 0.657 0.5231
vt 0.6571 0.5302
vt 0.6555 0.5231
vt 0.657 0.5231
vt 0.658 0.5303
vt 0.6571 0.5302
vt 0.6579 0.5231
vt 0.658 0.5303
vt 0.657 0.5231
vt 0.6579 0.5231
vt 0.6586 0.5231
vt 0.658 0.5303
vt 0.658 0.5311
vt 0.6586 0.5231
vt 0.6579 0.5231
vt 0.658 0.5311
vt 0.6588 0.5233
vt 0.6586 0.5231
vt 0.6578 0.5277
vt 0.6577 0.5205
vt 0.6583 0.5205
vt 0.6578 0.5277
vt 0.6571 0.5205
vt 0.6577 0.5205
vt 0.6571 0.5277
vt 0.6571 0.5205
vt 0.6578 0.5277
vt 0.6571 0.5277
vt 0.6569 0.5205
vt 0.6571 0.5205
vt 0.6555 0.5276
vt 0.6569 0.5205
vt 0.6571 0.5277
vt 0.6555 0.5276
vt 0.6555 0.5205
vt 0.6569 0.5205
vt 0.6553 0.5205
vt 0.6555 0.5205
vt 0.6555 0.5276
vt 0.6553 0.5205
vt 0.6555 0.5286
vt 0.6555 0.5205
vt 0.6533 0.5204
vt 0.6555 0.5286
vt 0.6553 0.5205
vt 0.6533 0.5204
vt 0.6535 0.5287
vt 0.6555 0.5286
vt 0.6533 0.5218
vt 0.6535 0.5287
vt 0.6533 0.5204
vt 0.6533 0.5218
vt 0.6559 0.5289
vt 0.6535 0.5287
vt 0.6558 0.5218
vt 0.6559 0.5289
vt 0.6533 0.5218
vt 0.6558 0.5218
vt 0.6575 0.5289
vt 0.6559 0.5289
vt 0.6574 0.5218
vt 0.6575 0.5289
vt 0.6558 0.5218
vt 0.6574 0.5218
vt 0.6586 0.529
vt 0.6575 0.5289
vt 0.6584 0.5218
vt 0.6586 0.529
vt 0.6574 0.5218
vt 0.6584 0.5218
vt 0.6591 0.5218
vt 0.6586 0.529
vt 0.6586 0.5297
vt 0.6591 0.5218
vt 0.6584 0.5218
vt 0.6586 0.5297
vt 0.6592 0.522
vt 0.6591 0.5218
vt 0.6516 0.5185
vt 0.6525 0.5259
vt 0.6521 0.5181
vt 0.6516 0.5185
vt 0.6519 0.5264
vt 0.6525 0.5259
vt 0.6512 0.5188
vt 0.6519 0.5264
vt 0.6516 0.5185
vt 0.6512 0.5188
vt 0.6513 0.5268
vt 0.6519 0.5264
vt 0.6505 0.527
vt 0.6513 0.5268
vt 0.6512 0.5188
vt 0.6505 0.527
vt 0.6519 0.5271
vt 0.6513 0.5268
vt 0.6521 0.5273
vt 0.6519 0.5271
vt 0.6505 0.527
vt 0.6521 0.5273
vt 0.6522 0.5197
vt 0.6519 0.5271
vt 0.6534 0.5275
vt 0.6522 0.5197
vt 0.6521 0.5273
vt 0.6534 0.5275
vt 0.6533 0.5204
vt 0.6522 0.5197
vt 0.6555 0.5276
vt 0.6533 0.5204
vt 0.6534 0.5275
vt 0.6555 0.5276
vt 0.6553 0.5205
vt 0.6533 0.5204
vt 0.6555 0.5205
vt 0.6553 0.5205
vt 0.6555 0.5276
vt 0.6555 0.5205
vt 0.6555 0.5286
vt 0.6553 0.5205
vt 0.6569 0.5205
vt 0.6555 0.5286
vt 0.6555 0.5205
vt 0.6569 0.5205
vt 0.6571 0.5285
vt 0.6555 0.5286
vt 0.6571 0.5205
vt 0.6571 0.5285
vt 0.6569 0.5205
vt 0.6571 0.5205
vt 0.6579 0.5284
vt 0.6571 0.5285
vt 0.6577 0.5205
vt 0.6579 0.5284
vt 0.6571 0.5205
vt 0.6577 0.5205
vt 0.6583 0.5205
vt 0.6579 0.5284
vt 0.6578 0.5277
vt 0.6583 0.5205
vt 0.6577 0.5205
vt 0.6578 0.5277
vt 0.6585 0.5279
vt 0.6583 0.5205
vt 0.6579 0.5284
vt 0.6585 0.5279
vt 0.6578 0.5277
vt 0.6579 0.5284
vt 0.6585 0.5283
vt 0.6585 0.5279
vt 0.6555 0.5231
vt 0.6571 0.5302
vt 0.657 0.5231
vt 0.6555 0.5231
vt 0.6556 0.5302
vt 0.6571 0.5302
vt 0.6534 0.5231
vt 0.6556 0.5302
vt 0.6555 0.5231
vt 0.6534 0.5231
vt 0.6536 0.53
vt 0.6556 0.5302
vt 0.6533 0.5218
vt 0.6536 0.53
vt 0.6534 0.5231
vt 0.6533 0.5218
vt 0.656 0.5299
vt 0.6536 0.53
vt 0.6558 0.5218
vt 0.656 0.5299
vt 0.6533 0.5218
vt 0.6558 0.5218
vt 0.6576 0.5298
vt 0.656 0.5299
vt 0.6574 0.5218
vt 0.6576 0.5298
vt 0.6558 0.5218
vt 0.6574 0.5218
vt 0.6586 0.5297
vt 0.6576 0.5298
vt 0.6584 0.5218
vt 0.6586 0.5297
vt 0.6574 0.5218
vt 0.6584 0.5218
vt 0.6591 0.5218
vt 0.6586 0.5297
vt 0.6586 0.529
vt 0.6591 0.5218
vt 0.6584 0.5218
vt 0.6586 0.529
vt 0.6594 0.5291
vt 0.6591 0.5218
vt 0.6586 0.5297
vt 0.6594 0.5291
vt 0.6586 0.529
vt 0.6586 0.5297
vt 0.6594 0.5296
vt 0.6594 0.5291
vt 0.6546 0.5243
vt 0.6557 0.5315
vt 0.6555 0.5243
vt 0.6546 0.5243
vt 0.6547 0.5314
vt 0.6557 0.5315
vt 0.6533 0.5242
vt 0.6547 0.5314
vt 0.6546 0.5243
vt 0.6533 0.5242
vt 0.6533 0.5314
vt 0.6547 0.5314
vt 0.6534 0.5231
vt 0.6533 0.5314
vt 0.6533 0.5242
vt 0.6534 0.5231
vt 0.6556 0.5312
vt 0.6533 0.5314
vt 0.6555 0.5231
vt 0.6556 0.5312
vt 0.6534 0.5231
vt 0.6555 0.5231
vt 0.6571 0.5311
vt 0.6556 0.5312
vt 0.657 0.5231
vt 0.6571 0.5311
vt 0.6555 0.5231
vt 0.657 0.5231
vt 0.658 0.5311
vt 0.6571 0.5311
vt 0.6579 0.5231
vt 0.658 0.5311
vt 0.657 0.5231
vt 0.6579 0.5231
vt 0.6586 0.5231
vt 0.658 0.5311
vt 0.658 0.5303
vt 0.6586 0.5231
vt 0.6579 0.5231
vt 0.658 0.5303
vt 0.6589 0.5304
vt 0.6586 0.5231
vt 0.658 0.5311
vt 0.6589 0.5304
vt 0.658 0.5303
vt 0.658 0.5311
vt 0.6589 0.5309
vt 0.6589 0.5304
vt 0.6586 0.5231
vt 0.6589 0.5309
vt 0.658 0.5311
vt 0.8277 0.3129
vt 0.9441 0.3654
vt 0.8251 0.3693
vt 0.8277 0.3129
vt 0.8832 0.2622
vt 0.9441 0.3654
vt 0.8489 0.2506
vt 0.8832 0.2622
vt 0.8277 0.3129
vt 0.8489 0.2506
vt 0.9122 0.2104
vt 0.8832 0.2622
vt 0.8923 0.1936
vt 0.9122 0.2104
vt 0.8489 0.2506
vt 0.8923 0.1936
vt 0.9348 0.1701
vt 0.9122 0.2104
vt 0.8938 0.1254
vt 0.9348 0.1701
vt 0.8923 0.1936
vt 0.8938 0.1254
vt 0.9139 0.0578
vt 0.9348 0.1701
vt 0.8848 0.0902
vt 0.9139 0.0578
vt 0.8938 0.1254
vt 0.8848 0.0902
vt 0.8955 0.0561
vt 0.9139 0.0578
vt 0.8659 0.0608
vt 0.8955 0.0561
vt 0.8848 0.0902
vt 0.8659 0.0608
vt 0.8763 0.0217
vt 0.8955 0.0561
vt 0.8049 0.0358
vt 0.8763 0.0217
vt 0.8659 0.0608
vt 0.8049 0.0358
vt 0.7753 0.0083
vt 0.8763 0.0217
vt 0.7751 0.0271
vt 0.7753 0.0083
vt 0.8049 0.0358
vt 0.7751 0.0271
vt 0.7398 0.0258
vt 0.7753 0.0083
vt 0.9139 0.0578
vt 0.9524 0.1701
vt 0.9278 0.0583
vt 0.9139 0.0578
vt 0.9348 0.1701
vt 0.9524 0.1701
vt 0.8938 0.1254
vt 0.9348 0.1701
vt 0.9139 0.0578
vt 0.8938 0.1254
vt 0.9122 0.2104
vt 0.9348 0.1701
vt 0.8923 0.1936
vt 0.9122 0.2104
vt 0.8938 0.1254
vt 0.8923 0.1936
vt 0.8832 0.2622
vt 0.9122 0.2104
vt 0.8489 0.2506
vt 0.8832 0.2622
vt 0.8923 0.1936
vt 0.8489 0.2506
vt 0.8277 0.3129
vt 0.8832 0.2622
vt 0.7782 0.2544
vt 0.8277 0.3129
vt 0.8489 0.2506
vt 0.7782 0.2544
vt 0.7551 0.3089
vt 0.8277 0.3129
vt 0.7417 0.2406
vt 0.7551 0.3089
vt 0.7782 0.2544
vt 0.7417 0.2406
vt 0.6904 0.2324
vt 0.7551 0.3089
vt 0.7057 0.208
vt 0.6904 0.2324
vt 0.7417 0.2406
vt 0.7057 0.208
vt 0.6827 0.1577
vt 0.6904 0.2324
vt 0.7167 0.1883
vt 0.6827 0.1577
vt 0.7057 0.208
vt 0.7167 0.1883
vt 0.6931 0.1504
vt 0.6827 0.1577
vt 0.3698 0.0859
vt 0.3923 0.0965
vt 0.3697 0.0977
vt 0.3698 0.0859
vt 0.3913 0.0773
vt 0.3923 0.0965
vt 0.3678 0.0717
vt 0.3913 0.0773
vt 0.3698 0.0859
vt 0.3678 0.0717
vt 0.3747 0.0489
vt 0.3913 0.0773
vt 0.3645 0.0566
vt 0.3747 0.0489
vt 0.3678 0.0717
vt 0.3645 0.0566
vt 0.3502 0.0335
vt 0.3747 0.0489
vt 0.3488 0.0436
vt 0.3502 0.0335
vt 0.3645 0.0566
vt 0.3488 0.0436
vt 0.3245 0.021
vt 0.3502 0.0335
vt 0.3201 0.0291
vt 0.3245 0.021
vt 0.3488 0.0436
vt 0.3201 0.0291
vt 0.3175 0.018
vt 0.3245 0.021
vt 0.2954 0.0203
vt 0.3175 0.018
vt 0.3201 0.0291
vt 0.2954 0.0203
vt 0.2792 0.0103
vt 0.3175 0.018
vt 0.2677 0.0152
vt 0.2792 0.0103
vt 0.2954 0.0203
vt 0.2677 0.0152
vt 0.3175 0.018
vt 0.2792 0.0103
vt 0.2954 0.0203
vt 0.3175 0.018
vt 0.2677 0.0152
vt 0.2954 0.0203
vt 0.3245 0.021
vt 0.3175 0.018
vt 0.3201 0.0291
vt 0.3245 0.021
vt 0.2954 0.0203
vt 0.3201 0.0291
vt 0.3502 0.0335
vt 0.3245 0.021
vt 0.3488 0.0436
vt 0.3502 0.0335
vt 0.3201 0.0291
vt 0.3488 0.0436
vt 0.3747 0.0489
vt 0.3502 0.0335
vt 0.3645 0.0566
vt 0.3747 0.0489
vt 0.3488 0.0436
vt 0.3645 0.0566
vt 0.3678 0.0717
vt 0.3747 0.0489
vt 0.3544 0.0589
vt 0.3678 0.0717
vt 0.3645 0.0566
vt 0.3544 0.0589
vt 0.3619 0.0709
vt 0.3678 0.0717
vt 0.3537 0.0648
vt 0.3619 0.0709
vt 0.3544 0.0589
vt 0.3537 0.0648
vt 0.3531 0.0706
vt 0.3619 0.0709
vt 0.3193 0.048
vt 0.3531 0.0706
vt 0.3537 0.0648
vt 0.3193 0.048
vt 0.3212 0.0555
vt 0.3531 0.0706
vt 0.297 0.0424
vt 0.3212 0.0555
vt 0.3193 0.048
vt 0.297 0.0424
vt 0.2975 0.0524
vt 0.3212 0.0555
vt 0.2605 0.1067
vt 0.2605 0.1017
vt 0.2678 0.1012
vt 0.2605 0.1067
vt 0.2678 0.1012
vt 0.2605 0.1017
vt 0.2605 0.1188
vt 0.2678 0.1012
vt 0.2605 0.1067
vt 0.2605 0.1188
vt 0.2678 0.118
vt 0.2678 0.1012
vt 0.2605 0.1364
vt 0.2678 0.118
vt 0.2605 0.1188
vt 0.2605 0.1364
vt 0.2687 0.1365
vt 0.2678 0.118
vt 0.2605 0.1581
vt 0.2687 0.1365
vt 0.2605 0.1364
vt 0.2605 0.1581
vt 0.2728 0.1586
vt 0.2687 0.1365
vt 0.2605 0.1786
vt 0.2728 0.1586
vt 0.2605 0.1581
vt 0.2605 0.1786
vt 0.2828 0.1758
vt 0.2728 0.1586
vt 0.2605 0.2031
vt 0.2828 0.1758
vt 0.2605 0.1786
vt 0.2605 0.2031
vt 0.3021 0.2048
vt 0.2828 0.1758
vt 0.2605 0.2223
vt 0.3021 0.2048
vt 0.2605 0.2031
vt 0.2605 0.2223
vt 0.3013 0.2236
vt 0.3021 0.2048
vt 0.2605 0.2425
vt 0.3013 0.2236
vt 0.2605 0.2223
vt 0.2605 0.2425
vt 0.2983 0.2425
vt 0.3013 0.2236
vt 0.6813 0.4932
vt 0.718 0.4705
vt 0.7364 0.4673
vt 0.6813 0.4932
vt 0.6935 0.4829
vt 0.718 0.4705
vt 0.6721 0.4834
vt 0.6935 0.4829
vt 0.6813 0.4932
vt 0.6721 0.4834
vt 0.6996 0.4673
vt 0.6935 0.4829
vt 0.6646 0.4557
vt 0.6996 0.4673
vt 0.6721 0.4834
vt 0.6646 0.4557
vt 0.7067 0.444
vt 0.6996 0.4673
vt 0.6738 0.4238
vt 0.7067 0.444
vt 0.6646 0.4557
vt 0.6738 0.4238
vt 0.7058 0.4176
vt 0.7067 0.444
vt 0.6751 0.3989
vt 0.7058 0.4176
vt 0.6738 0.4238
vt 0.6751 0.3989
vt 0.7206 0.4176
vt 0.7058 0.4176
vt 0.7058 0.3989
vt 0.7206 0.4176
vt 0.6751 0.3989
vt 0.7058 0.3989
vt 0.718 0.3896
vt 0.7206 0.4176
vt 0.667 0.3896
vt 0.718 0.3896
vt 0.7058 0.3989
vt 0.667 0.3896
vt 0.6568 0.3802
vt 0.718 0.3896
vt 0.6476 0.3906
vt 0.6568 0.3802
vt 0.667 0.3896
vt 0.6476 0.3906
vt 0.627 0.3906
vt 0.6568 0.3802
vt 0.629 0.4051
vt 0.627 0.3906
vt 0.6476 0.3906
vt 0.6476 0.3906
vt 0.7058 0.3989
vt 0.667 0.3896
vt 0.6476 0.3906
vt 0.6751 0.3989
vt 0.7058 0.3989
vt 0.629 0.4051
vt 0.6751 0.3989
vt 0.6476 0.3906
vt 0.629 0.4051
vt 0.6738 0.4238
vt 0.6751 0.3989
vt 0.6312 0.4646
vt 0.6738 0.4238
vt 0.629 0.4051
vt 0.6312 0.4646
vt 0.6646 0.4557
vt 0.6738 0.4238
vt 0.6395 0.4775
vt 0.6646 0.4557
vt 0.6312 0.4646
vt 0.6395 0.4775
vt 0.6721 0.4834
vt 0.6646 0.4557
vt 0.6813 0.4932
vt 0.6721 0.4834
vt 0.6395 0.4775
vt 0.6813 0.4932
vt 0.6935 0.4829
vt 0.6721 0.4834
vt 0.718 0.4705
vt 0.6935 0.4829
vt 0.6813 0.4932
vt 0.718 0.4705
vt 0.6996 0.4673
vt 0.6935 0.4829
vt 0.7211 0.4475
vt 0.6996 0.4673
vt 0.718 0.4705
vt 0.7211 0.4475
vt 0.7067 0.444
vt 0.6996 0.4673
vt 0.7206 0.4176
vt 0.7067 0.444
vt 0.7211 0.4475
vt 0.7206 0.4176
vt 0.7058 0.4176
vt 0.7067 0.444
vt 0.6751 0.3989
vt 0.7058 0.4176
vt 0.7206 0.4176
vt 0.6751 0.3989
vt 0.6738 0.4238
vt 0.7058 0.4176
vt 0.5982 0.1696
vt 0.5695 0.1477
vt 0.5898 0.1489
vt 0.5982 0.1696
vt 0.5552 0.1565
vt 0.5695 0.1477
vt 0.5743 0.1767
vt 0.5552 0.1565
vt 0.5982 0.1696
vt 0.5743 0.1767
vt 0.5409 0.1653
vt 0.5552 0.1565
vt 0.5503 0.1837
vt 0.5409 0.1653
vt 0.5743 0.1767
vt 0.5503 0.1837
vt 0.5054 0.1675
vt 0.5409 0.1653
vt 0.5054 0.1843
vt 0.5054 0.1675
vt 0.5503 0.1837
vt 0.5054 0.1843
vt 0.5409 0.1653
vt 0.5054 0.1675
vt 0.5503 0.1837
vt 0.5409 0.1653
vt 0.5054 0.1843
vt 0.5503 0.1837
vt 0.5552 0.1565
vt 0.5409 0.1653
vt 0.5743 0.1767
vt 0.5552 0.1565
vt 0.5503 0.1837
vt 0.5743 0.1767
vt 0.5695 0.1477
vt 0.5552 0.1565
vt 0.5982 0.1696
vt 0.5695 0.1477
vt 0.5743 0.1767
vt 0.5982 0.1696
vt 0.5898 0.1489
vt 0.5695 0.1477
vt 0.6074 0.1309
vt 0.5898 0.1489
vt 0.5982 0.1696
vt 0.6074 0.1309
vt 0.5734 0.1329
vt 0.5898 0.1489
vt 0.5727 0.1163
vt 0.5734 0.1329
vt 0.6074 0.1309
vt 0.5727 0.1163
vt 0.5432 0.119
vt 0.5734 0.1329
vt 0.5398 0.1029
vt 0.5432 0.119
vt 0.5727 0.1163
vt 0.5398 0.1029
vt 0.5054 0.1141
vt 0.5432 0.119
vt 0.5054 0.0989
vt 0.5054 0.1141
vt 0.5398 0.1029
vt 0.5054 0.0989
vt 0.5432 0.119
vt 0.5054 0.1141
vt 0.5398 0.1029
vt 0.5432 0.119
vt 0.5054 0.0989
vt 0.5398 0.1029
vt 0.5734 0.1329
vt 0.5432 0.119
vt 0.5727 0.1163
vt 0.5734 0.1329
vt 0.5398 0.1029
vt 0.5727 0.1163
vt 0.6074 0.1309
vt 0.5734 0.1329
vt 0.5256 0.2152
vt 0.5054 0.2151
vt 0.5301 0.2298
vt 0.5256 0.2152
vt 0.5232 0.1913
vt 0.5054 0.2151
vt 0.5404 0.2157
vt 0.5232 0.1913
vt 0.5256 0.2152
vt 0.5404 0.2157
vt 0.5347 0.1924
vt 0.5232 0.1913
vt 0.5551 0.2162
vt 0.5347 0.1924
vt 0.5404 0.2157
vt 0.5551 0.2162
vt 0.5503 0.1837
vt 0.5347 0.1924
vt 0.5847 0.214
vt 0.5503 0.1837
vt 0.5551 0.2162
vt 0.5847 0.214
vt 0.5743 0.1767
vt 0.5503 0.1837
vt 0.6143 0.2119
vt 0.5743 0.1767
vt 0.5847 0.214
vt 0.6143 0.2119
vt 0.5982 0.1696
vt 0.5743 0.1767
vt 0.6164 0.1658
vt 0.5982 0.1696
vt 0.6143 0.2119
vt 0.6164 0.1658
vt 0.6074 0.1309
vt 0.5982 0.1696
vt 0.6164 0.1168
vt 0.6074 0.1309
vt 0.6164 0.1658
vt 0.6164 0.1168
vt 0.5727 0.1163
vt 0.6074 0.1309
vt 0.5744 0.0861
vt 0.5727 0.1163
vt 0.6164 0.1168
vt 0.5744 0.0861
vt 0.5392 0.0928
vt 0.5727 0.1163
vt 0.9832 0.6516
vt 0.9555 0.675
vt 0.9555 0.6736
vt 0.9832 0.6516
vt 0.9823 0.6521
vt 0.9555 0.675
vt 0.9922 0.6273
vt 0.9823 0.6521
vt 0.9832 0.6516
vt 0.9922 0.6273
vt 0.9912 0.6276
vt 0.9823 0.6521
vt 0.9875 0.6029
vt 0.9912 0.6276
vt 0.9922 0.6273
vt 0.9875 0.6029
vt 0.9866 0.6031
vt 0.9912 0.6276
vt 0.9609 0.58
vt 0.9866 0.6031
vt 0.9875 0.6029
vt 0.9609 0.58
vt 0.9607 0.5811
vt 0.9866 0.6031
vt 0.9336 0.5667
vt 0.9607 0.5811
vt 0.9609 0.58
vt 0.9336 0.5667
vt 0.9304 0.5746
vt 0.9607 0.5811
vt 0.9236 0.5403
vt 0.9304 0.5746
vt 0.9336 0.5667
vt 0.9236 0.5403
vt 0.9236 0.5417
vt 0.9304 0.5746
vt 0.8995 0.5107
vt 0.9236 0.5417
vt 0.9236 0.5403
vt 0.8995 0.5107
vt 0.8995 0.5117
vt 0.9236 0.5417
vt 0.8726 0.5031
vt 0.8995 0.5117
vt 0.8995 0.5107
vt 0.8726 0.5031
vt 0.8726 0.5039
vt 0.8995 0.5117
vt 0.8456 0.5107
vt 0.8726 0.5039
vt 0.8726 0.5031
vt 0.8456 0.5107
vt 0.8456 0.5117
vt 0.8726 0.5039
vt 0.8216 0.5403
vt 0.8456 0.5117
vt 0.8456 0.5107
vt 0.8216 0.5403
vt 0.8216 0.5417
vt 0.8456 0.5117
vt 0.8108 0.5667
vt 0.8216 0.5417
vt 0.8216 0.5403
vt 0.8108 0.5667
vt 0.8139 0.5746
vt 0.8216 0.5417
vt 0.7843 0.58
vt 0.8139 0.5746
vt 0.8108 0.5667
vt 0.7843 0.58
vt 0.7845 0.5811
vt 0.8139 0.5746
vt 0.7577 0.6029
vt 0.7845 0.5811
vt 0.7843 0.58
vt 0.7577 0.6029
vt 0.7585 0.6031
vt 0.7845 0.5811
vt 0.753 0.6273
vt 0.7585 0.6031
vt 0.7577 0.6029
vt 0.753 0.6273
vt 0.7539 0.6276
vt 0.7585 0.6031
vt 0.7619 0.6516
vt 0.7539 0.6276
vt 0.753 0.6273
vt 0.7619 0.6516
vt 0.7628 0.6521
vt 0.7539 0.6276
vt 0.7896 0.6736
vt 0.7628 0.6521
vt 0.7619 0.6516
vt 0.7896 0.6736
vt 0.7896 0.675
vt 0.7628 0.6521
vt 0.8144 0.6813
vt 0.7896 0.675
vt 0.7896 0.6736
vt 0.8144 0.6813
vt 0.8175 0.6813
vt 0.7896 0.675
vt 0.8247 0.7101
vt 0.8175 0.6813
vt 0.8144 0.6813
vt 0.8247 0.7101
vt 0.8247 0.7114
vt 0.8175 0.6813
vt 0.8473 0.7379
vt 0.8247 0.7114
vt 0.8247 0.7101
vt 0.8473 0.7379
vt 0.8473 0.7388
vt 0.8247 0.7114
vt 0.8726 0.7447
vt 0.8473 0.7388
vt 0.8473 0.7379
vt 0.8726 0.7447
vt 0.8726 0.7455
vt 0.8473 0.7388
vt 0.8979 0.7379
vt 0.8726 0.7455
vt 0.8726 0.7447
vt 0.8979 0.7379
vt 0.8979 0.7388
vt 0.8726 0.7455
vt 0.9205 0.7101
vt 0.8979 0.7388
vt 0.8979 0.7379
vt 0.9205 0.7101
vt 0.9205 0.7114
vt 0.8979 0.7388
vt 0.93 0.6813
vt 0.9205 0.7114
vt 0.9205 0.7101
vt 0.93 0.6813
vt 0.9299 0.6835
vt 0.9205 0.7114
vt 0.9555 0.6736
vt 0.9299 0.6835
vt 0.93 0.6813
vt 0.9555 0.6736
vt 0.9555 0.675
vt 0.9299 0.6835
vt 0.8722 0.7002
vt 0.8144 0.6813
vt 0.818 0.6778
vt 0.8722 0.7002
vt 0.8722 0.7079
vt 0.8144 0.6813
vt 0.9263 0.6778
vt 0.8722 0.7079
vt 0.8722 0.7002
vt 0.9263 0.6778
vt 0.93 0.6813
vt 0.8722 0.7079
vt 0.9459 0.6257
vt 0.93 0.6813
vt 0.9263 0.6778
vt 0.9459 0.6257
vt 0.9467 0.6257
vt 0.93 0.6813
vt 0.9297 0.5711
vt 0.9467 0.6257
vt 0.9459 0.6257
vt 0.9297 0.5711
vt 0.9336 0.5667
vt 0.9467 0.6257
vt 0.8722 0.549
vt 0.9336 0.5667
vt 0.9297 0.5711
vt 0.8722 0.549
vt 0.8722 0.5375
vt 0.9336 0.5667
vt 0.8147 0.5711
vt 0.8722 0.5375
vt 0.8722 0.549
vt 0.8147 0.5711
vt 0.8108 0.5667
vt 0.8722 0.5375
vt 0.7985 0.6257
vt 0.8108 0.5667
vt 0.8147 0.5711
vt 0.7985 0.6257
vt 0.7896 0.6257
vt 0.8108 0.5667
vt 0.818 0.6778
vt 0.7896 0.6257
vt 0.7985 0.6257
vt 0.818 0.6778
vt 0.8144 0.6813
vt 0.7896 0.6257
vt 0.9555 0.6736
vt 0.9823 0.6521
vt 0.9832 0.6516
vt 0.9555 0.6736
vt 0.9555 0.675
vt 0.9823 0.6521
vt 0.93 0.6813
vt 0.9555 0.675
vt 0.9555 0.6736
vt 0.93 0.6813
vt 0.9299 0.6835
vt 0.9555 0.675
vt 0.9205 0.7101
vt 0.9299 0.6835
vt 0.93 0.6813
vt 0.9205 0.7101
vt 0.9205 0.7114
vt 0.9299 0.6835
vt 0.8979 0.7379
vt 0.9205 0.7114
vt 0.9205 0.7101
vt 0.8979 0.7379
vt 0.8979 0.7388
vt 0.9205 0.7114
vt 0.8726 0.7447
vt 0.8979 0.7388
vt 0.8979 0.7379
vt 0.8726 0.7447
vt 0.8726 0.7455
vt 0.8979 0.7388
vt 0.8473 0.7379
vt 0.8726 0.7455
vt 0.8726 0.7447
vt 0.8473 0.7379
vt 0.8473 0.7388
vt 0.8726 0.7455
vt 0.8247 0.7101
vt 0.8473 0.7388
vt 0.8473 0.7379
vt 0.8247 0.7101
vt 0.8247 0.7114
vt 0.8473 0.7388
vt 0.8144 0.6813
vt 0.8247 0.7114
vt 0.8247 0.7101
vt 0.8144 0.6813
vt 0.8175 0.6813
vt 0.8247 0.7114
vt 0.7896 0.6736
vt 0.8175 0.6813
vt 0.8144 0.6813
vt 0.7896 0.6736
vt 0.7896 0.675
vt 0.8175 0.6813
vt 0.7619 0.6516
vt 0.7896 0.675
vt 0.7896 0.6736
vt 0.7619 0.6516
vt 0.7628 0.6521
vt 0.7896 0.675
vt 0.753 0.6273
vt 0.7628 0.6521
vt 0.7619 0.6516
vt 0.753 0.6273
vt 0.7539 0.6276
vt 0.7628 0.6521
vt 0.7577 0.6029
vt 0.7539 0.6276
vt 0.753 0.6273
vt 0.7577 0.6029
vt 0.7585 0.6031
vt 0.7539 0.6276
vt 0.7843 0.58
vt 0.7585 0.6031
vt 0.7577 0.6029
vt 0.7843 0.58
vt 0.7845 0.5811
vt 0.7585 0.6031
vt 0.8108 0.5667
vt 0.7845 0.5811
vt 0.7843 0.58
vt 0.8108 0.5667
vt 0.8139 0.5746
vt 0.7845 0.5811
vt 0.8216 0.5403
vt 0.8139 0.5746
vt 0.8108 0.5667
vt 0.8216 0.5403
vt 0.8216 0.5417
vt 0.8139 0.5746
vt 0.8456 0.5107
vt 0.8216 0.5417
vt 0.8216 0.5403
vt 0.8456 0.5107
vt 0.8456 0.5117
vt 0.8216 0.5417
vt 0.8726 0.5031
vt 0.8456 0.5117
vt 0.8456 0.5107
vt 0.8726 0.5031
vt 0.8726 0.5039
vt 0.8456 0.5117
vt 0.8995 0.5107
vt 0.8726 0.5039
vt 0.8726 0.5031
vt 0.8995 0.5107
vt 0.8995 0.5117
vt 0.8726 0.5039
vt 0.9236 0.5403
vt 0.8995 0.5117
vt 0.8995 0.5107
vt 0.9236 0.5403
vt 0.9236 0.5417
vt 0.8995 0.5117
vt 0.9336 0.5667
vt 0.9236 0.5417
vt 0.9236 0.5403
vt 0.9336 0.5667
vt 0.9304 0.5746
vt 0.9236 0.5417
vt 0.9609 0.58
vt 0.9304 0.5746
vt 0.9336 0.5667
vt 0.9609 0.58
vt 0.9607 0.5811
vt 0.9304 0.5746
vt 0.9875 0.6029
vt 0.9607 0.5811
vt 0.9609 0.58
vt 0.9875 0.6029
vt 0.9866 0.6031
vt 0.9607 0.5811
vt 0.9922 0.6273
vt 0.9866 0.6031
vt 0.9875 0.6029
vt 0.9922 0.6273
vt 0.9912 0.6276
vt 0.9866 0.6031
vt 0.9832 0.6516
vt 0.9912 0.6276
vt 0.9922 0.6273
vt 0.9832 0.6516
vt 0.9823 0.6521
vt 0.9912 0.6276
vt 0.818 0.6778
vt 0.8722 0.7079
vt 0.8722 0.7002
vt 0.818 0.6778
vt 0.8144 0.6813
vt 0.8722 0.7079
vt 0.7985 0.6257
vt 0.8144 0.6813
vt 0.818 0.6778
vt 0.7985 0.6257
vt 0.7896 0.6257
vt 0.8144 0.6813
vt 0.8147 0.5711
vt 0.7896 0.6257
vt 0.7985 0.6257
vt 0.8147 0.5711
vt 0.8108 0.5667
vt 0.7896 0.6257
vt 0.8722 0.549
vt 0.8108 0.5667
vt 0.8147 0.5711
vt 0.8722 0.549
vt 0.8722 0.5375
vt 0.8108 0.5667
vt 0.9297 0.5711
vt 0.8722 0.5375
vt 0.8722 0.549
vt 0.9297 0.5711
vt 0.9336 0.5667
vt 0.8722 0.5375
vt 0.9459 0.6257
vt 0.9336 0.5667
vt 0.9297 0.5711
vt 0.9459 0.6257
vt 0.9467 0.6257
vt 0.9336 0.5667
vt 0.9263 0.6778
vt 0.9467 0.6257
vt 0.9459 0.6257
vt 0.9263 0.6778
vt 0.93 0.6813
vt 0.9467 0.6257
vt 0.8722 0.7002
vt 0.93 0.6813
vt 0.9263 0.6778
vt 0.8722 0.7002
vt 0.8722 0.7079
vt 0.93 0.6813
vt 0.3766 0.4754
vt 0.4585 0.4651
vt 0.3765 0.4925
vt 0.3766 0.4754
vt 0.4468 0.4516
vt 0.4585 0.4651
vt 0.3766 0.4678
vt 0.4468 0.4516
vt 0.3766 0.4754
vt 0.3766 0.4678
vt 0.4408 0.4447
vt 0.4468 0.4516
vt 0.4218 0.4225
vt 0.4408 0.4447
vt 0.3766 0.4678
vt 0.4218 0.4225
vt 0.4679 0.3728
vt 0.4408 0.4447
vt 0.4219 0.3727
vt 0.4679 0.3728
vt 0.4218 0.4225
vt 0.4219 0.3727
vt 0.4219 0.3211
vt 0.4679 0.3728
vt 0.377 0.3727
vt 0.4219 0.3211
vt 0.4219 0.3727
vt 0.377 0.3727
vt 0.3772 0.3217
vt 0.4219 0.3211
vt 0.4219 0.3727
vt 0.3772 0.3217
vt 0.377 0.3727
vt 0.4219 0.3727
vt 0.4219 0.3211
vt 0.3772 0.3217
vt 0.4681 0.373
vt 0.4219 0.3211
vt 0.4219 0.3727
vt 0.4681 0.373
vt 0.4427 0.2988
vt 0.4219 0.3211
vt 0.4766 0.373
vt 0.4427 0.2988
vt 0.4681 0.373
vt 0.4766 0.373
vt 0.4479 0.2939
vt 0.4427 0.2988
vt 0.4928 0.373
vt 0.4479 0.2939
vt 0.4766 0.373
vt 0.4928 0.373
vt 0.4596 0.2806
vt 0.4479 0.2939
vt 0.4468 0.4516
vt 0.3765 0.4925
vt 0.4585 0.4651
vt 0.4468 0.4516
vt 0.3766 0.4754
vt 0.3765 0.4925
vt 0.4408 0.4447
vt 0.3766 0.4754
vt 0.4468 0.4516
vt 0.4408 0.4447
vt 0.3766 0.4678
vt 0.3766 0.4754
vt 0.4218 0.4225
vt 0.3766 0.4678
vt 0.4408 0.4447
vt 0.4218 0.4225
vt 0.3769 0.4207
vt 0.3766 0.4678
vt 0.4219 0.3727
vt 0.3769 0.4207
vt 0.4218 0.4225
vt 0.4219 0.3727
vt 0.377 0.3727
vt 0.3769 0.4207
vt 0.4219 0.3211
vt 0.377 0.3727
vt 0.4219 0.3727
vt 0.4219 0.3211
vt 0.3772 0.3217
vt 0.377 0.3727
vt 0.3774 0.2759
vt 0.3772 0.3217
vt 0.4219 0.3211
vt 0.3774 0.2759
vt 0.4219 0.3211
vt 0.3772 0.3217
vt 0.4427 0.2988
vt 0.4219 0.3211
vt 0.3774 0.2759
vt 0.4427 0.2988
vt 0.4681 0.373
vt 0.4219 0.3211
vt 0.4479 0.2939
vt 0.4681 0.373
vt 0.4427 0.2988
vt 0.4479 0.2939
vt 0.4766 0.373
vt 0.4681 0.373
vt 0.4596 0.2806
vt 0.4766 0.373
vt 0.4479 0.2939
vt 0.4596 0.2806
vt 0.4928 0.373
vt 0.4766 0.373
vt 0.3465 0.4237
vt 0.3506 0.4436
vt 0.3661 0.4178
vt 0.3465 0.4237
vt 0.3278 0.4517
vt 0.3506 0.4436
vt 0.3253 0.4382
vt 0.3278 0.4517
vt 0.3465 0.4237
vt 0.3253 0.4382
vt 0.3015 0.4473
vt 0.3278 0.4517
vt 0.2958 0.4393
vt 0.3015 0.4473
vt 0.3253 0.4382
vt 0.2958 0.4393
vt 0.2802 0.4624
vt 0.3015 0.4473
vt 0.2569 0.444
vt 0.2802 0.4624
vt 0.2958 0.4393
vt 0.2569 0.444
vt 0.2569 0.475
vt 0.2802 0.4624
vt 0.2802 0.4624
vt 0.2569 0.475
vt 0.2569 0.444
vt 0.2802 0.4624
vt 0.2721 0.4876
vt 0.2569 0.475
vt 0.2907 0.472
vt 0.2721 0.4876
vt 0.2802 0.4624
vt 0.2907 0.472
vt 0.2569 0.4745
vt 0.2721 0.4876
vt 0.2802 0.4624
vt 0.2569 0.4745
vt 0.2907 0.472
vt 0.2802 0.4624
vt 0.2569 0.4435
vt 0.2569 0.4745
vt 0.2958 0.4393
vt 0.2569 0.4435
vt 0.2802 0.4624
vt 0.2958 0.4393
vt 0.3201 0.4081
vt 0.2569 0.4435
vt 0.3257 0.4379
vt 0.3201 0.4081
vt 0.2958 0.4393
vt 0.3257 0.4379
vt 0.3465 0.4237
vt 0.3201 0.4081
vt 0.3275 0.4514
vt 0.3465 0.4237
vt 0.3257 0.4379
vt 0.3275 0.4514
vt 0.3507 0.4434
vt 0.3465 0.4237
vt 0.3253 0.4382
vt 0.3507 0.4434
vt 0.3275 0.4514
vt 0.3253 0.4382
vt 0.3465 0.4237
vt 0.3507 0.4434
vt 0.3201 0.4081
vt 0.3465 0.4237
vt 0.3253 0.4382
vt 0.3201 0.4081
vt 0.348 0.3989
vt 0.3465 0.4237
vt 0.3341 0.3736
vt 0.348 0.3989
vt 0.3201 0.4081
vt 0.3341 0.3736
vt 0.345 0.3731
vt 0.348 0.3989
vt 0.3485 0.3478
vt 0.345 0.3731
vt 0.3341 0.3736
vt 0.3485 0.3478
vt 0.3616 0.3526
vt 0.345 0.3731
vt 0.348 0.323
vt 0.3616 0.3526
vt 0.3485 0.3478
vt 0.348 0.323
vt 0.3662 0.329
vt 0.3616 0.3526
vt 0.3509 0.3031
vt 0.3662 0.329
vt 0.348 0.323
vt 0.3509 0.3031
vt 0.348 0.323
vt 0.3662 0.329
vt 0.3278 0.2951
vt 0.348 0.323
vt 0.3509 0.3031
vt 0.3278 0.2951
vt 0.3258 0.3074
vt 0.348 0.323
vt 0.3011 0.2987
vt 0.3258 0.3074
vt 0.3278 0.2951
vt 0.3011 0.2987
vt 0.2958 0.3074
vt 0.3258 0.3074
vt 0.2792 0.2827
vt 0.2958 0.3074
vt 0.3011 0.2987
vt 0.2792 0.2827
vt 0.2569 0.3022
vt 0.2958 0.3074
vt 0.2569 0.2712
vt 0.2569 0.3022
vt 0.2792 0.2827
vt 0.2569 0.2712
vt 0.2792 0.2827
vt 0.2569 0.3022
vt 0.2725 0.2585
vt 0.2792 0.2827
vt 0.2569 0.2712
vt 0.2725 0.2585
vt 0.2911 0.2741
vt 0.2792 0.2827
vt 0.2569 0.2717
vt 0.2911 0.2741
vt 0.2725 0.2585
vt 0.2569 0.2717
vt 0.2792 0.2827
vt 0.2911 0.2741
vt 0.2569 0.3026
vt 0.2792 0.2827
vt 0.2569 0.2717
vt 0.2569 0.3026
vt 0.2958 0.3074
vt 0.2792 0.2827
vt 0.3206 0.337
vt 0.2958 0.3074
vt 0.2569 0.3026
vt 0.3206 0.337
vt 0.3258 0.3074
vt 0.2958 0.3074
vt 0.348 0.323
vt 0.3258 0.3074
vt 0.3206 0.337
vt 0.348 0.323
vt 0.3278 0.2951
vt 0.3258 0.3074
vt 0.3511 0.3031
vt 0.3278 0.2951
vt 0.348 0.323
vt 0.3511 0.3031
vt 0.3258 0.3074
vt 0.3278 0.2951
vt 0.348 0.323
vt 0.3258 0.3074
vt 0.3511 0.3031
vt 0.348 0.323
vt 0.3206 0.337
vt 0.3258 0.3074
vt 0.3485 0.3478
vt 0.3206 0.337
vt 0.348 0.323
vt 0.3485 0.3478
vt 0.3341 0.3736
vt 0.3206 0.337
vt 0.3449 0.3731
vt 0.3341 0.3736
vt 0.3485 0.3478
vt 0.3449 0.3731
vt 0.348 0.3989
vt 0.3341 0.3736
vt 0.3615 0.3941
vt 0.348 0.3989
vt 0.3449 0.3731
vt 0.3615 0.3941
vt 0.3465 0.4237
vt 0.348 0.3989
vt 0.3661 0.4178
vt 0.3465 0.4237
vt 0.3615 0.3941
vt 0.3661 0.4178
vt 0.3506 0.4436
vt 0.3465 0.4237
vt 0.3009 0.2988
vt 0.2911 0.2741
vt 0.2792 0.2827
vt 0.3009 0.2988
vt 0.2792 0.2827
vt 0.2911 0.2741
vt 0.2958 0.3074
vt 0.2792 0.2827
vt 0.3009 0.2988
vt 0.2958 0.3074
vt 0.2569 0.3022
vt 0.2792 0.2827
vt 0.3206 0.337
vt 0.2569 0.3022
vt 0.2958 0.3074
vt 0.3206 0.337
vt 0.2569 0.3731
vt 0.2569 0.3022
vt 0.3201 0.4081
vt 0.2569 0.3731
vt 0.3206 0.337
vt 0.3201 0.4081
vt 0.2569 0.4435
vt 0.2569 0.3731
vt 0.2958 0.4393
vt 0.2569 0.4435
vt 0.3201 0.4081
vt 0.2958 0.4393
vt 0.2802 0.4624
vt 0.2569 0.4435
vt 0.3015 0.4473
vt 0.2802 0.4624
vt 0.2958 0.4393
vt 0.3015 0.4473
vt 0.2906 0.4721
vt 0.2802 0.4624
vt 0.2802 0.4624
vt 0.2906 0.4721
vt 0.3015 0.4473
vt 0.2802 0.4624
vt 0.2719 0.4877
vt 0.2906 0.4721
vt 0.2569 0.475
vt 0.2719 0.4877
vt 0.2802 0.4624
vt 0.2569 0.475
vt 0.2721 0.4876
vt 0.2719 0.4877
vt 0.3015 0.4473
vt 0.3275 0.4514
vt 0.3257 0.4379
vt 0.3015 0.4473
vt 0.3253 0.4382
vt 0.3275 0.4514
vt 0.2958 0.4393
vt 0.3253 0.4382
vt 0.3015 0.4473
vt 0.2958 0.4393
vt 0.3201 0.4081
vt 0.3253 0.4382
vt 0.2569 0.444
vt 0.3201 0.4081
vt 0.2958 0.4393
vt 0.2569 0.444
vt 0.2569 0.3731
vt 0.3201 0.4081
vt 0.3201 0.4081
vt 0.2569 0.3731
vt 0.2569 0.444
vt 0.3201 0.4081
vt 0.3206 0.337
vt 0.2569 0.3731
vt 0.3341 0.3736
vt 0.3206 0.337
vt 0.3201 0.4081
vt 0.3341 0.3736
vt 0.3485 0.3478
vt 0.3206 0.337
vt 0.3449 0.3731
vt 0.3485 0.3478
vt 0.3341 0.3736
vt 0.3449 0.3731
vt 0.362 0.3526
vt 0.3485 0.3478
vt 0.3485 0.3478
vt 0.362 0.3526
vt 0.3449 0.3731
vt 0.3485 0.3478
vt 0.3661 0.329
vt 0.362 0.3526
vt 0.348 0.323
vt 0.3661 0.329
vt 0.3485 0.3478
vt 0.348 0.323
vt 0.3511 0.3031
vt 0.3661 0.329
vt 0.3661 0.4178
vt 0.3506 0.4436
vt 0.3465 0.4237
vt 0.3661 0.4178
vt 0.3465 0.4237
vt 0.3506 0.4436
vt 0.3615 0.3941
vt 0.3465 0.4237
vt 0.3661 0.4178
vt 0.3615 0.3941
vt 0.348 0.3989
vt 0.3465 0.4237
vt 0.3449 0.3731
vt 0.348 0.3989
vt 0.3615 0.3941
vt 0.3449 0.3731
vt 0.3341 0.3736
vt 0.348 0.3989
vt 0.3485 0.3478
vt 0.3341 0.3736
vt 0.3449 0.3731
vt 0.3485 0.3478
vt 0.3206 0.337
vt 0.3341 0.3736
vt 0.348 0.323
vt 0.3206 0.337
vt 0.3485 0.3478
vt 0.348 0.323
vt 0.3258 0.3074
vt 0.3206 0.337
vt 0.3511 0.3031
vt 0.3258 0.3074
vt 0.348 0.323
vt 0.3511 0.3031
vt 0.3278 0.2951
vt 0.3258 0.3074
vt 0.348 0.323
vt 0.3278 0.2951
vt 0.3511 0.3031
vt 0.348 0.323
vt 0.3258 0.3074
vt 0.3278 0.2951
vt 0.3206 0.337
vt 0.3258 0.3074
vt 0.348 0.323
vt 0.3206 0.337
vt 0.2958 0.3074
vt 0.3258 0.3074
vt 0.2569 0.3026
vt 0.2958 0.3074
vt 0.3206 0.337
vt 0.2569 0.3026
vt 0.2792 0.2827
vt 0.2958 0.3074
vt 0.2569 0.2717
vt 0.2792 0.2827
vt 0.2569 0.3026
vt 0.2569 0.2717
vt 0.2911 0.2741
vt 0.2792 0.2827
vt 0.2725 0.2585
vt 0.2911 0.2741
vt 0.2569 0.2717
vt 0.2725 0.2585
vt 0.2792 0.2827
vt 0.2911 0.2741
vt 0.2569 0.2712
vt 0.2792 0.2827
vt 0.2725 0.2585
vt 0.2569 0.2712
vt 0.2569 0.3022
vt 0.2792 0.2827
vt 0.2792 0.2827
vt 0.2569 0.3022
vt 0.2569 0.2712
vt 0.2792 0.2827
vt 0.2958 0.3074
vt 0.2569 0.3022
vt 0.3011 0.2987
vt 0.2958 0.3074
vt 0.2792 0.2827
vt 0.3011 0.2987
vt 0.3258 0.3074
vt 0.2958 0.3074
vt 0.3278 0.2951
vt 0.3258 0.3074
vt 0.3011 0.2987
vt 0.3278 0.2951
vt 0.348 0.323
vt 0.3258 0.3074
vt 0.3509 0.3031
vt 0.348 0.323
vt 0.3278 0.2951
vt 0.3509 0.3031
vt 0.3662 0.329
vt 0.348 0.323
vt 0.348 0.323
vt 0.3662 0.329
vt 0.3509 0.3031
vt 0.348 0.323
vt 0.3616 0.3526
vt 0.3662 0.329
vt 0.3485 0.3478
vt 0.3616 0.3526
vt 0.348 0.323
vt 0.3485 0.3478
vt 0.345 0.3731
vt 0.3616 0.3526
vt 0.3341 0.3736
vt 0.345 0.3731
vt 0.3485 0.3478
vt 0.3341 0.3736
vt 0.348 0.3989
vt 0.345 0.3731
vt 0.3201 0.4081
vt 0.348 0.3989
vt 0.3341 0.3736
vt 0.3201 0.4081
vt 0.3465 0.4237
vt 0.348 0.3989
vt 0.3253 0.4382
vt 0.3465 0.4237
vt 0.3201 0.4081
vt 0.3253 0.4382
vt 0.3507 0.4434
vt 0.3465 0.4237
vt 0.3275 0.4514
vt 0.3507 0.4434
vt 0.3253 0.4382
vt 0.3275 0.4514
vt 0.3465 0.4237
vt 0.3507 0.4434
vt 0.3257 0.4379
vt 0.3465 0.4237
vt 0.3275 0.4514
vt 0.3257 0.4379
vt 0.3201 0.4081
vt 0.3465 0.4237
vt 0.2958 0.4393
vt 0.3201 0.4081
vt 0.3257 0.4379
vt 0.2958 0.4393
vt 0.2569 0.4435
vt 0.3201 0.4081
vt 0.2802 0.4624
vt 0.2569 0.4435
vt 0.2958 0.4393
vt 0.2802 0.4624
vt 0.2569 0.4745
vt 0.2569 0.4435
vt 0.2907 0.472
vt 0.2569 0.4745
vt 0.2802 0.4624
vt 0.2907 0.472
vt 0.2721 0.4876
vt 0.2569 0.4745
vt 0.2802 0.4624
vt 0.2721 0.4876
vt 0.2907 0.472
vt 0.2802 0.4624
vt 0.2569 0.475
vt 0.2721 0.4876
vt 0.2569 0.444
vt 0.2569 0.475
vt 0.2802 0.4624
vt 0.2569 0.444
vt 0.2802 0.4624
vt 0.2569 0.475
vt 0.2958 0.4393
vt 0.2802 0.4624
vt 0.2569 0.444
vt 0.2958 0.4393
vt 0.3015 0.4473
vt 0.2802 0.4624
vt 0.3253 0.4382
vt 0.3015 0.4473
vt 0.2958 0.4393
vt 0.3253 0.4382
vt 0.3278 0.4517
vt 0.3015 0.4473
vt 0.3465 0.4237
vt 0.3278 0.4517
vt 0.3253 0.4382
vt 0.3465 0.4237
vt 0.3506 0.4436
vt 0.3278 0.4517
vt 0.3009 0.2988
vt 0.3278 0.2951
vt 0.3258 0.3074
vt 0.3009 0.2988
vt 0.3258 0.3074
vt 0.3278 0.2951
vt 0.2958 0.3074
vt 0.3258 0.3074
vt 0.3009 0.2988
vt 0.2958 0.3074
vt 0.3206 0.337
vt 0.3258 0.3074
vt 0.2569 0.3022
vt 0.3206 0.337
vt 0.2958 0.3074
vt 0.2569 0.3022
vt 0.2569 0.3731
vt 0.3206 0.337
vt 0.3206 0.337
vt 0.2569 0.3731
vt 0.2569 0.3022
vt 0.3206 0.337
vt 0.3201 0.4081
vt 0.2569 0.3731
vt 0.3341 0.3736
vt 0.3201 0.4081
vt 0.3206 0.337
vt 0.3341 0.3736
vt 0.348 0.3989
vt 0.3201 0.4081
vt 0.345 0.3731
vt 0.348 0.3989
vt 0.3341 0.3736
vt 0.345 0.3731
vt 0.3616 0.394
vt 0.348 0.3989
vt 0.348 0.3989
vt 0.3616 0.394
vt 0.345 0.3731
vt 0.348 0.3989
vt 0.366 0.4176
vt 0.3616 0.394
vt 0.3465 0.4237
vt 0.366 0.4176
vt 0.348 0.3989
vt 0.3465 0.4237
vt 0.3507 0.4434
vt 0.366 0.4176
vt 0.3015 0.4473
vt 0.2907 0.472
vt 0.2802 0.4624
vt 0.3015 0.4473
vt 0.2802 0.4624
vt 0.2907 0.472
vt 0.2958 0.4393
vt 0.2802 0.4624
vt 0.3015 0.4473
vt 0.2958 0.4393
vt 0.2569 0.444
vt 0.2802 0.4624
vt 0.3201 0.4081
vt 0.2569 0.444
vt 0.2958 0.4393
vt 0.3201 0.4081
vt 0.2569 0.3731
vt 0.2569 0.444
vt 0.3206 0.337
vt 0.2569 0.3731
vt 0.3201 0.4081
vt 0.3206 0.337
vt 0.2569 0.3026
vt 0.2569 0.3731
vt 0.2957 0.3077
vt 0.2569 0.3026
vt 0.3206 0.337
vt 0.2957 0.3077
vt 0.2792 0.2827
vt 0.2569 0.3026
vt 0.3011 0.2987
vt 0.2792 0.2827
vt 0.2957 0.3077
vt 0.3011 0.2987
vt 0.2911 0.2743
vt 0.2792 0.2827
vt 0.2792 0.2827
vt 0.2911 0.2743
vt 0.3011 0.2987
vt 0.2792 0.2827
vt 0.2724 0.2587
vt 0.2911 0.2743
vt 0.2569 0.2712
vt 0.2724 0.2587
vt 0.2792 0.2827
vt 0.2569 0.2712
vt 0.2725 0.2585
vt 0.2724 0.2587
vt 0.9117 0.691
vt 0.9435 0.6638
vt 0.9138 0.6936
vt 0.9117 0.691
vt 0.9393 0.662
vt 0.9435 0.6638
vt 0.9042 0.6747
vt 0.9393 0.662
vt 0.9117 0.691
vt 0.9042 0.6747
vt 0.8984 0.6484
vt 0.9393 0.662
vt 0.841 0.6747
vt 0.8984 0.6484
vt 0.9042 0.6747
vt 0.841 0.6747
vt 0.8467 0.6484
vt 0.8984 0.6484
vt 0.8059 0.662
vt 0.8467 0.6484
vt 0.841 0.6747
vt 0.8059 0.662
vt 0.8094 0.6239
vt 0.8467 0.6484
vt 0.7944 0.6239
vt 0.8094 0.6239
vt 0.8059 0.662
vt 0.7944 0.6239
vt 0.8059 0.5857
vt 0.8094 0.6239
vt 0.7902 0.6239
vt 0.8059 0.5857
vt 0.7944 0.6239
vt 0.7902 0.6239
vt 0.8017 0.5839
vt 0.8059 0.5857
vt 0.7695 0.5951
vt 0.8017 0.5839
vt 0.7902 0.6239
vt 0.7695 0.5951
vt 0.7955 0.551
vt 0.8017 0.5839
vt 0.767 0.5643
vt 0.7955 0.551
vt 0.7695 0.5951
vt 0.767 0.5643
vt 0.7824 0.5499
vt 0.7955 0.551
vt 0.8402 0.569
vt 0.7824 0.5499
vt 0.767 0.5643
vt 0.8335 0.5567
vt 0.8017 0.5839
vt 0.8314 0.5542
vt 0.8335 0.5567
vt 0.8059 0.5857
vt 0.8017 0.5839
vt 0.841 0.573
vt 0.8059 0.5857
vt 0.8335 0.5567
vt 0.841 0.573
vt 0.8467 0.5995
vt 0.8059 0.5857
vt 0.9042 0.573
vt 0.8467 0.5995
vt 0.841 0.573
vt 0.9042 0.573
vt 0.8984 0.5995
vt 0.8467 0.5995
vt 0.9393 0.5857
vt 0.8984 0.5995
vt 0.9042 0.573
vt 0.9393 0.5857
vt 0.9358 0.6239
vt 0.8984 0.5995
vt 0.9508 0.6239
vt 0.9358 0.6239
vt 0.9393 0.5857
vt 0.9508 0.6239
vt 0.9393 0.662
vt 0.9358 0.6239
vt 0.955 0.6239
vt 0.9393 0.662
vt 0.9508 0.6239
vt 0.955 0.6239
vt 0.9435 0.6638
vt 0.9393 0.662
vt 0.9757 0.6526
vt 0.9435 0.6638
vt 0.955 0.6239
vt 0.9757 0.6526
vt 0.9497 0.6967
vt 0.9435 0.6638
vt 0.9782 0.6834
vt 0.9497 0.6967
vt 0.9757 0.6526
vt 0.9782 0.6834
vt 0.9628 0.6977
vt 0.9497 0.6967
vt 0.905 0.6786
vt 0.9628 0.6977
vt 0.9782 0.6834
vt 0.1579 0.7677
vt 0.1067 0.7448
vt 0.1579 0.7037
vt 0.1579 0.7677
vt 0.1315 0.7861
vt 0.1067 0.7448
vt 0.1579 0.8137
vt 0.1315 0.7861
vt 0.1579 0.7677
vt 0.1579 0.8137
vt 0.1198 0.8341
vt 0.1315 0.7861
vt 0.157 0.8613
vt 0.1198 0.8341
vt 0.1579 0.8137
vt 0.157 0.8613
vt 0.1207 0.8782
vt 0.1198 0.8341
vt 0.1579 0.8977
vt 0.1207 0.8782
vt 0.157 0.8613
vt 0.1579 0.8977
vt 0.1207 0.9082
vt 0.1207 0.8782
vt 0.1579 0.933
vt 0.1207 0.9082
vt 0.1579 0.8977
vt 0.1579 0.933
vt 0.1207 0.931
vt 0.1207 0.9082
vt 0.1532 0.9693
vt 0.1207 0.931
vt 0.1579 0.933
vt 0.1532 0.9693
vt 0.1207 0.9693
vt 0.1207 0.931
vt 0.1579 0.9877
vt 0.1207 0.9693
vt 0.1532 0.9693
vt 0.1579 0.9877
vt 0.1207 0.9877
vt 0.1207 0.9693
vt 0.1207 0.9946
vt 0.1207 0.9877
vt 0.1579 0.9877
vt 0.1207 0.9946
vt 0.0369 0.9946
vt 0.1207 0.9877
vt 0.2975 0.7218
vt 0.27 0.6943
vt 0.2975 0.7034
vt 0.2975 0.7218
vt 0.2416 0.7126
vt 0.27 0.6943
vt 0.2882 0.7538
vt 0.2416 0.7126
vt 0.2975 0.7218
vt 0.2882 0.7538
vt 0.2329 0.7541
vt 0.2416 0.7126
vt 0.2603 0.781
vt 0.2329 0.7541
vt 0.2882 0.7538
vt 0.2603 0.781
vt 0.2263 0.7861
vt 0.2329 0.7541
vt 0.2603 0.8106
vt 0.2263 0.7861
vt 0.2603 0.781
vt 0.2603 0.8106
vt 0.2241 0.8161
vt 0.2263 0.7861
vt 0.2603 0.864
vt 0.2241 0.8161
vt 0.2603 0.8106
vt 0.2603 0.864
vt 0.2359 0.8716
vt 0.2241 0.8161
vt 0.2281 0.9514
vt 0.2359 0.8716
vt 0.2603 0.864
vt 0.2281 0.9514
vt 0.2044 0.9514
vt 0.2359 0.8716
vt 0.2044 0.9712
vt 0.2044 0.9514
vt 0.2281 0.9514
vt 0.2044 0.9712
vt 0.1951 0.979
vt 0.2044 0.9514
vt 0.1951 0.9892
vt 0.1951 0.979
vt 0.2044 0.9712
vt 0.1951 0.9892
vt 0.1579 0.9877
vt 0.1951 0.979
vt 0.1858 0.9946
vt 0.1579 0.9877
vt 0.1951 0.9892
vt 0.1858 0.9946
vt 0.1207 0.9946
vt 0.1579 0.9877
vt 0.009 0.9946
vt 0.009 0.9693
vt 0.0369 0.9693
vt 0.009 0.9946
vt 0.0369 0.9693
vt 0.009 0.9693
vt 0.0369 0.9946
vt 0.0369 0.9693
vt 0.009 0.9946
vt 0.0369 0.9946
vt 0.0741 0.9693
vt 0.0369 0.9693
vt 0.1207 0.9877
vt 0.0741 0.9693
vt 0.0369 0.9946
vt 0.1207 0.9877
vt 0.1207 0.9693
vt 0.0741 0.9693
vt 0.1579 0.9877
vt 0.1207 0.9693
vt 0.1207 0.9877
vt 0.1579 0.9877
vt 0.1532 0.9693
vt 0.1207 0.9693
vt 0.1951 0.979
vt 0.1532 0.9693
vt 0.1579 0.9877
vt 0.1951 0.979
vt 0.1579 0.933
vt 0.1532 0.9693
vt 0.19 0.9365
vt 0.1579 0.933
vt 0.1951 0.979
vt 0.19 0.9365
vt 0.1579 0.8977
vt 0.1579 0.933
vt 0.1955 0.8871
vt 0.1579 0.8977
vt 0.19 0.9365
vt 0.1955 0.8871
vt 0.157 0.8613
vt 0.1579 0.8977
vt 0.1951 0.8345
vt 0.157 0.8613
vt 0.1955 0.8871
vt 0.1951 0.8345
vt 0.1579 0.8137
vt 0.157 0.8613
vt 0.1951 0.7953
vt 0.1579 0.8137
vt 0.1951 0.8345
vt 0.1951 0.7953
vt 0.1579 0.7677
vt 0.1579 0.8137
vt 0.1951 0.7586
vt 0.1579 0.7677
vt 0.1951 0.7953
vt 0.1951 0.7586
vt 0.1579 0.7037
vt 0.1579 0.7677
vt 0.2044 0.6943
vt 0.1579 0.7037
vt 0.1951 0.7586
vt 0.2044 0.6943
vt 0.1579 0.6862
vt 0.1579 0.7037
vt 0.2416 0.6759
vt 0.1579 0.6862
vt 0.2044 0.6943
vt 0.1951 0.9892
vt 0.1579 0.9877
vt 0.1858 0.9946
vt 0.1951 0.9892
vt 0.1951 0.979
vt 0.1579 0.9877
vt 0.2044 0.9712
vt 0.1951 0.979
vt 0.1951 0.9892
vt 0.2044 0.9712
vt 0.2044 0.9514
vt 0.1951 0.979
vt 0.2281 0.9514
vt 0.2044 0.9514
vt 0.2044 0.9712
vt 0.2281 0.9514
vt 0.2359 0.8716
vt 0.2044 0.9514
vt 0.2603 0.864
vt 0.2359 0.8716
vt 0.2281 0.9514
vt 0.2603 0.864
vt 0.2241 0.8161
vt 0.2359 0.8716
vt 0.2603 0.8106
vt 0.2241 0.8161
vt 0.2603 0.864
vt 0.2603 0.8106
vt 0.2263 0.7861
vt 0.2241 0.8161
vt 0.2603 0.781
vt 0.2263 0.7861
vt 0.2603 0.8106
vt 0.2603 0.781
vt 0.2329 0.7541
vt 0.2263 0.7861
vt 0.2882 0.7538
vt 0.2329 0.7541
vt 0.2603 0.781
vt 0.2882 0.7538
vt 0.2416 0.7126
vt 0.2329 0.7541
vt 0.2975 0.7218
vt 0.2416 0.7126
vt 0.2882 0.7538
vt 0.2975 0.7218
vt 0.27 0.6943
vt 0.2416 0.7126
vt 0.2975 0.7034
vt 0.27 0.6943
vt 0.2975 0.7218
vt 0.497 0.8306
vt 0.4237 0.8576
vt 0.4237 0.8306
vt 0.497 0.8306
vt 0.4953 0.8576
vt 0.4237 0.8576
vt 0.6033 0.8306
vt 0.4953 0.8576
vt 0.497 0.8306
vt 0.6033 0.8306
vt 0.6033 0.8576
vt 0.4953 0.8576
vt 0.7027 0.8306
vt 0.6033 0.8576
vt 0.6033 0.8306
vt 0.7027 0.8306
vt 0.7027 0.8576
vt 0.6033 0.8576
vt 0.7371 0.8306
vt 0.7027 0.8576
vt 0.7027 0.8306
vt 0.7371 0.8306
vt 0.7371 0.8576
vt 0.7027 0.8576
vt 0.7027 0.8306
vt 0.7371 0.8576
vt 0.7371 0.8306
vt 0.7027 0.8306
vt 0.7027 0.8576
vt 0.7371 0.8576
vt 0.6033 0.8306
vt 0.7027 0.8576
vt 0.7027 0.8306
vt 0.6033 0.8306
vt 0.6033 0.8576
vt 0.7027 0.8576
vt 0.497 0.8306
vt 0.6033 0.8576
vt 0.6033 0.8306
vt 0.497 0.8306
vt 0.4953 0.8576
vt 0.6033 0.8576
vt 0.4237 0.8306
vt 0.4953 0.8576
vt 0.497 0.8306
vt 0.4237 0.8306
vt 0.4237 0.8576
vt 0.4953 0.8576
vt 0.6033 0.8963
vt 0.4824 0.9294
vt 0.4935 0.8963
vt 0.6033 0.8963
vt 0.6122 0.9294
vt 0.4824 0.9294
vt 0.7027 0.8963
vt 0.6122 0.9294
vt 0.6033 0.8963
vt 0.7027 0.8963
vt 0.7027 0.9294
vt 0.6122 0.9294
vt 0.7371 0.8963
vt 0.7027 0.9294
vt 0.7027 0.8963
vt 0.7371 0.8963
vt 0.7371 0.9294
vt 0.7027 0.9294
vt 0.7027 0.8963
vt 0.7371 0.9294
vt 0.7371 0.8963
vt 0.7027 0.8963
vt 0.7027 0.9294
vt 0.7371 0.9294
vt 0.6033 0.8963
vt 0.7027 0.9294
vt 0.7027 0.8963
vt 0.6033 0.8963
vt 0.6122 0.9294
vt 0.7027 0.9294
vt 0.4935 0.8963
vt 0.6122 0.9294
vt 0.6033 0.8963
vt 0.4935 0.8963
vt 0.4824 0.9294
vt 0.6122 0.9294
vt 0.4237 0.8963
vt 0.4824 0.9294
vt 0.4935 0.8963
vt 0.4237 0.8963
vt 0.4237 0.9294
vt 0.4824 0.9294
vt 0.3797 0.8963
vt 0.4237 0.9294
vt 0.4237 0.8963
vt 0.3797 0.8963
vt 0.3797 0.9404
vt 0.4237 0.9294
vt 0.4237 0.8576
vt 0.4237 0.8963
vt 0.3797 0.8963
vt 0.4237 0.8576
vt 0.4935 0.8963
vt 0.4237 0.8963
vt 0.4953 0.8576
vt 0.4935 0.8963
vt 0.4237 0.8576
vt 0.4953 0.8576
vt 0.6033 0.8963
vt 0.4935 0.8963
vt 0.6033 0.8576
vt 0.6033 0.8963
vt 0.4953 0.8576
vt 0.6033 0.8576
vt 0.7027 0.8963
vt 0.6033 0.8963
vt 0.7027 0.8576
vt 0.7027 0.8963
vt 0.6033 0.8576
vt 0.7027 0.8576
vt 0.7371 0.8963
vt 0.7027 0.8963
vt 0.7371 0.8576
vt 0.7371 0.8963
vt 0.7027 0.8576
vt 0.7371 0.8576
vt 0.7027 0.8963
vt 0.7371 0.8963
vt 0.7027 0.8576
vt 0.7027 0.8963
vt 0.7371 0.8576
vt 0.7027 0.8576
vt 0.6033 0.8963
vt 0.7027 0.8963
vt 0.6033 0.8576
vt 0.6033 0.8963
vt 0.7027 0.8576
vt 0.6033 0.8576
vt 0.4935 0.8963
vt 0.6033 0.8963
vt 0.4953 0.8576
vt 0.4935 0.8963
vt 0.6033 0.8576
vt 0.4953 0.8576
vt 0.4237 0.8963
vt 0.4935 0.8963
vt 0.4237 0.8576
vt 0.4237 0.8963
vt 0.4953 0.8576
vt 0.4237 0.8576
vt 0.3797 0.8963
vt 0.4237 0.8963
vt 0.3797 0.8411
vt 0.3797 0.8963
vt 0.4237 0.8576
vt 0.4237 0.7755
vt 0.4237 0.8306
vt 0.3797 0.797
vt 0.4237 0.7755
vt 0.497 0.8306
vt 0.4237 0.8306
vt 0.4869 0.7755
vt 0.497 0.8306
vt 0.4237 0.7755
vt 0.4869 0.7755
vt 0.6033 0.8306
vt 0.497 0.8306
vt 0.6033 0.7755
vt 0.6033 0.8306
vt 0.4869 0.7755
vt 0.6033 0.7755
vt 0.7027 0.8306
vt 0.6033 0.8306
vt 0.6945 0.7755
vt 0.7027 0.8306
vt 0.6033 0.7755
vt 0.6945 0.7755
vt 0.7371 0.8306
vt 0.7027 0.8306
vt 0.7371 0.7755
vt 0.7371 0.8306
vt 0.6945 0.7755
vt 0.7371 0.7755
vt 0.7027 0.8306
vt 0.7371 0.8306
vt 0.6945 0.7755
vt 0.7027 0.8306
vt 0.7371 0.7755
vt 0.6945 0.7755
vt 0.6033 0.8306
vt 0.7027 0.8306
vt 0.6033 0.7755
vt 0.6033 0.8306
vt 0.6945 0.7755
vt 0.6033 0.7755
vt 0.497 0.8306
vt 0.6033 0.8306
vt 0.4869 0.7755
vt 0.497 0.8306
vt 0.6033 0.7755
vt 0.4869 0.7755
vt 0.4237 0.8306
vt 0.497 0.8306
vt 0.4237 0.7755
vt 0.4237 0.8306
vt 0.4869 0.7755
vt 0.6033 0.7019
vt 0.5589 0.6836
vt 0.6033 0.6652
vt 0.6033 0.7019
vt 0.5589 0.7203
vt 0.5589 0.6836
vt 0.6033 0.7387
vt 0.5589 0.7203
vt 0.6033 0.7019
vt 0.6033 0.7387
vt 0.6033 0.7755
vt 0.5589 0.7203
vt 0.6488 0.7203
vt 0.6033 0.7755
vt 0.6033 0.7387
vt 0.6488 0.7203
vt 0.6945 0.7755
vt 0.6033 0.7755
vt 0.6945 0.7387
vt 0.6945 0.7755
vt 0.6488 0.7203
vt 0.6945 0.7387
vt 0.7371 0.7755
vt 0.6945 0.7755
vt 0.7371 0.7203
vt 0.7371 0.7755
vt 0.6945 0.7387
vt 0.7371 0.7203
vt 0.6945 0.7387
vt 0.7371 0.7755
vt 0.6945 0.7019
vt 0.6945 0.7387
vt 0.7371 0.7203
vt 0.6945 0.7019
vt 0.6488 0.7203
vt 0.6945 0.7387
vt 0.6488 0.6836
vt 0.6488 0.7203
vt 0.6945 0.7019
vt 0.6488 0.6836
vt 0.6033 0.7019
vt 0.6488 0.7203
vt 0.6033 0.6652
vt 0.6033 0.7019
vt 0.6488 0.6836
vt 0.6033 0.6652
vt 0.5589 0.6836
vt 0.6033 0.7019
vt 0.5589 0.6468
vt 0.5589 0.6836
vt 0.6033 0.6652
vt 0.9658 0.8444
vt 0.9477 0.814
vt 0.9658 0.814
vt 0.9658 0.8444
vt 0.9396 0.8444
vt 0.9477 0.814
vt 0.964 0.8747
vt 0.9396 0.8444
vt 0.9658 0.8444
vt 0.964 0.8747
vt 0.9276 0.8444
vt 0.9396 0.8444
vt 0.9296 0.9354
vt 0.9276 0.8444
vt 0.964 0.8747
vt 0.9296 0.9354
vt 0.9233 0.8732
vt 0.9276 0.8444
vt 0.9024 0.9354
vt 0.9233 0.8732
vt 0.9296 0.9354
vt 0.9024 0.9354
vt 0.8752 0.905
vt 0.9233 0.8732
vt 0.845 0.9354
vt 0.8752 0.905
vt 0.9024 0.9354
vt 0.845 0.9354
vt 0.8148 0.905
vt 0.8752 0.905
vt 0.7543 0.9354
vt 0.8148 0.905
vt 0.845 0.9354
vt 0.7543 0.9354
vt 0.7543 0.905
vt 0.8148 0.905
vt 0.8148 0.905
vt 0.7543 0.905
vt 0.7543 0.9354
vt 0.8148 0.905
vt 0.7845 0.8747
vt 0.7543 0.905
vt 0.8148 0.8747
vt 0.7845 0.8747
vt 0.8148 0.905
vt 0.8148 0.8747
vt 0.7845 0.8444
vt 0.7845 0.8747
vt 0.8148 0.8444
vt 0.7845 0.8444
vt 0.8148 0.8747
vt 0.845 0.8747
vt 0.8752 0.8747
vt 0.8752 0.905
vt 0.845 0.8747
vt 0.8752 0.8444
vt 0.8752 0.8747
vt 0.845 0.8444
vt 0.8752 0.8444
vt 0.845 0.8747
vt 0.845 0.8444
vt 0.8752 0.814
vt 0.8752 0.8444
vt 0.845 0.814
vt 0.8752 0.814
vt 0.845 0.8444
vt 0.845 0.814
vt 0.8631 0.7837
vt 0.8752 0.814
vt 0.845 0.7837
vt 0.8631 0.7837
vt 0.845 0.814
vt 0.845 0.7837
vt 0.845 0.7543
vt 0.8631 0.7837
vt 0.8268 0.7837
vt 0.845 0.7543
vt 0.845 0.7837
vt 0.8268 0.7837
vt 0.8148 0.7655
vt 0.845 0.7543
vt 0.8148 0.814
vt 0.8148 0.7655
vt 0.8268 0.7837
vt 0.8148 0.814
vt 0.8027 0.7837
vt 0.8148 0.7655
vt 0.804 0.814
vt 0.8027 0.7837
vt 0.8148 0.814
vt 0.804 0.814
vt 0.7881 0.7837
vt 0.8027 0.7837
vt 0.7845 0.814
vt 0.7881 0.7837
vt 0.804 0.814
vt 0.7845 0.814
vt 0.7661 0.814
vt 0.7881 0.7837
vt 0.7845 0.8444
vt 0.7661 0.814
vt 0.7845 0.814
vt 0.7845 0.8444
vt 0.7543 0.8444
vt 0.7661 0.814
vt 0.8752 0.8747
vt 0.8752 0.905
vt 0.8864 0.8686
vt 0.8752 0.8747
vt 0.845 0.8747
vt 0.8752 0.905
vt 0.8752 0.8444
vt 0.845 0.8747
vt 0.8752 0.8747
vt 0.8752 0.8444
vt 0.845 0.8444
vt 0.845 0.8747
vt 0.8752 0.814
vt 0.845 0.8444
vt 0.8752 0.8444
vt 0.8752 0.814
vt 0.845 0.814
vt 0.845 0.8444
vt 0.8631 0.7837
vt 0.845 0.814
vt 0.8752 0.814
vt 0.8631 0.7837
vt 0.845 0.7837
vt 0.845 0.814
vt 0.845 0.7543
vt 0.845 0.7837
vt 0.8631 0.7837
vt 0.845 0.7543
vt 0.8268 0.7837
vt 0.845 0.7837
vt 0.8148 0.7655
vt 0.8268 0.7837
vt 0.845 0.7543
vt 0.8148 0.7655
vt 0.8148 0.814
vt 0.8268 0.7837
vt 0.8027 0.7837
vt 0.8148 0.814
vt 0.8148 0.7655
vt 0.8027 0.7837
vt 0.804 0.814
vt 0.8148 0.814
vt 0.7881 0.7837
vt 0.804 0.814
vt 0.8027 0.7837
vt 0.7881 0.7837
vt 0.7845 0.814
vt 0.804 0.814
vt 0.7661 0.814
vt 0.7845 0.814
vt 0.7881 0.7837
vt 0.7661 0.814
vt 0.7845 0.8444
vt 0.7845 0.814
vt 0.7543 0.8444
vt 0.7845 0.8444
vt 0.7661 0.814
vt 0.8681 0.5212
vt 0.8291 0.6648
vt 0.5 0.5212
vt 0.8291 0.3776
vt 0.8681 0.5212
vt 0.5 0.5212
vt 0.9424 0.4695
vt 0.9424 0.5729
vt 0.8681 0.5212
vt 0.7603 0.7954
vt 0.5 0.5212
vt 0.8291 0.6648
vt 0.132 0.5212
vt 0.1709 0.3776
vt 0.5 0.5212
vt 0.1709 0.6648
vt 0.132 0.5212
vt 0.5 0.5212
vt 0.0577 0.5729
vt 0.0577 0.4695
vt 0.132 0.5212
vt 0.2398 0.7954
vt 0.1709 0.6648
vt 0.5 0.5212
vt 0.3637 0.8679
vt 0.2398 0.7954
vt 0.5 0.5212
vt 0.222 0.8873
vt 0.1526 0.8142
vt 0.2398 0.7954
vt 0.2398 0.247
vt 0.5 0.5212
vt 0.1709 0.3776
vt 0.7603 0.247
vt 0.8291 0.3776
vt 0.5 0.5212
vt 0.7781 0.8873
vt 0.7603 0.7954
vt 0.8475 0.8142
vt 0.7603 0.247
vt 0.5 0.5212
vt 0.6363 0.1745
vt 0.2398 0.247
vt 0.3637 0.1745
vt 0.5 0.5212
vt 0.1526 0.2283
vt 0.222 0.1551
vt 0.2398 0.247
vt 0.5 0.909
vt 0.3637 0.8679
vt 0.5 0.5212
vt 0.5 0.1334
vt 0.6363 0.1745
vt 0.5 0.5212
vt 0.7781 0.1551
vt 0.8475 0.2283
vt 0.7603 0.247
vt 0.5 0.1334
vt 0.5 0.5212
vt 0.3637 0.1745
vt 0.451 0.9873
vt 0.5 0.909
vt 0.5491 0.9873
vt 0.451 0.0552
vt 0.5491 0.0552
vt 0.5 0.1334
vt 0.9424 0.4695
vt 0.8681 0.5212
vt 0.8291 0.3776
vt 0.8955 0.3486
vt 0.9424 0.4695
vt 0.8291 0.3776
vt 0.2398 0.247
vt 0.1709 0.3776
vt 0.1046 0.3486
vt 0.1526 0.2283
vt 0.2398 0.247
vt 0.1046 0.3486
vt 0.5 0.909
vt 0.6363 0.8679
vt 0.6638 0.9379
vt 0.5491 0.9873
vt 0.5 0.909
vt 0.6638 0.9379
vt 0.1709 0.6648
vt 0.2398 0.7954
vt 0.1526 0.8142
vt 0.1046 0.6938
vt 0.1709 0.6648
vt 0.1526 0.8142
vt 0.3362 0.9379
vt 0.222 0.8873
vt 0.2398 0.7954
vt 0.3637 0.8679
vt 0.3362 0.9379
vt 0.2398 0.7954
vt 0.1046 0.6938
vt 0.0577 0.5729
vt 0.132 0.5212
vt 0.1709 0.6648
vt 0.1046 0.6938
vt 0.132 0.5212
vt 0.8291 0.3776
vt 0.7603 0.247
vt 0.8475 0.2283
vt 0.8955 0.3486
vt 0.8291 0.3776
vt 0.8475 0.2283
vt 0.3637 0.1745
vt 0.2398 0.247
vt 0.222 0.1551
vt 0.3362 0.1046
vt 0.3637 0.1745
vt 0.222 0.1551
vt 0.8955 0.6938
vt 0.8475 0.8142
vt 0.7603 0.7954
vt 0.8291 0.6648
vt 0.8955 0.6938
vt 0.7603 0.7954
vt 0.3362 0.1046
vt 0.451 0.0552
vt 0.5 0.1334
vt 0.3637 0.1745
vt 0.3362 0.1046
vt 0.5 0.1334
vt 0.1709 0.3776
vt 0.132 0.5212
vt 0.0577 0.4695
vt 0.1046 0.3486
vt 0.1709 0.3776
vt 0.0577 0.4695
vt 0.6363 0.1745
vt 0.5 0.1334
vt 0.5491 0.0552
vt 0.6638 0.1046
vt 0.6363 0.1745
vt 0.5491 0.0552
vt 0.3637 0.8679
vt 0.5 0.909
vt 0.451 0.9873
vt 0.3362 0.9379
vt 0.3637 0.8679
vt 0.451 0.9873
vt 0.6363 0.8679
vt 0.7603 0.7954
vt 0.7781 0.8873
vt 0.6638 0.9379
vt 0.6363 0.8679
vt 0.7781 0.8873
vt 0.6638 0.1046
vt 0.7781 0.1551
vt 0.7603 0.247
vt 0.6363 0.1745
vt 0.6638 0.1046
vt 0.7603 0.247
vt 0.5 0.909
vt 0.5 0.5212
vt 0.7603 0.7954
vt 0.6363 0.8679
vt 0.5 0.909
vt 0.7603 0.7954
vt 0.8291 0.6648
vt 0.8681 0.5212
vt 0.9424 0.5729
vt 0.8955 0.6938
vt 0.8291 0.6648
vt 0.9424 0.5729
vt 0.6848 0.126
vt 0.7526 0.2477
vt 0.7526 0.1072
vt 0.6351 0.1775
vt 0.7526 0.2477
vt 0.6848 0.126
vt 0.617 0.2477
vt 0.7526 0.2477
vt 0.6351 0.1775
vt 0.6351 0.318
vt 0.7526 0.2477
vt 0.617 0.2477
vt 0.6848 0.3695
vt 0.7526 0.2477
vt 0.6351 0.318
vt 0.7526 0.3883
vt 0.7526 0.2477
vt 0.6848 0.3695
vt 0.8204 0.3695
vt 0.7526 0.2477
vt 0.7526 0.3883
vt 0.87 0.318
vt 0.7526 0.2477
vt 0.8204 0.3695
vt 0.8882 0.2477
vt 0.7526 0.2477
vt 0.87 0.318
vt 0.87 0.1775
vt 0.7526 0.2477
vt 0.8882 0.2477
vt 0.7526 0.1072
vt 0.7526 0.2477
vt 0.8204 0.126
vt 0.8204 0.126
vt 0.7526 0.2477
vt 0.87 0.1775
vt 0.7485 0.9621
vt 0.8745 0.9621
vt 0.7485 0.9913
vt 0.7485 0.9621
vt 0.6258 0.9621
vt 0.7485 0.9913
vt 0.7485 0.9621
vt 0.7485 0.9913
vt 0.8745 0.9621
vt 0.2576 0.9621
vt 0.2576 0.9913
vt 0.122 0.9621
vt 0.2576 0.9621
vt 0.3762 0.9621
vt 0.2576 0.9913
vt 0.2576 0.9621
vt 0.122 0.9621
vt 0.2576 0.9913
vt 0.0483 0.8921
vt 0.0198 0.8922
vt 0.0056 0.9621
vt 0.2253 0.8921
vt 0.2899 0.8921
vt 0.2576 0.9621
vt 0.4707 0.8921
vt 0.5354 0.8921
vt 0.5031 0.9621
vt 0.7162 0.8921
vt 0.7808 0.8921
vt 0.7485 0.9621
vt 0.2899 0.8921
vt 0.2253 0.8921
vt 0.2576 0.9621
vt 0.5354 0.8921
vt 0.4707 0.8921
vt 0.5031 0.9621
vt 0.7808 0.8921
vt 0.7162 0.8921
vt 0.7485 0.9621
vt 0.9423 0.8921
vt 0.9909 0.9621
vt 0.9743 0.8922
vt 0.2576 0.9621
vt 0.2576 0.9913
vt 0.3762 0.9621
vt 0.7485 0.9621
vt 0.7485 0.9913
vt 0.6258 0.9621
vt 0.3773 0.2346
vt 0.3773 0.124
vt 0.4725 0.124
vt 0.4725 0.2346
vt 0.3773 0.2346
vt 0.4725 0.124
vt 0.3773 0.124
vt 0.3773 0.2346
vt 0.4725 0.2346
vt 0.4725 0.124
vt 0.3773 0.124
vt 0.4725 0.2346
vt 0.3773 0.124
vt 0.3773 0.0135
vt 0.4725 0.0135
vt 0.4725 0.124
vt 0.3773 0.124
vt 0.4725 0.0135
vt 0.3773 0.0135
vt 0.3773 0.124
vt 0.4725 0.124
vt 0.4725 0.0135
vt 0.3773 0.0135
vt 0.4725 0.124
vt 0.3773 0.124
vt 0.3773 0.0135
vt 0.4725 0.0135
vt 0.4725 0.124
vt 0.3773 0.124
vt 0.4725 0.0135
vt 0.3773 0.124
vt 0.3773 0.2346
vt 0.4725 0.2346
vt 0.4725 0.124
vt 0.3773 0.124
vt 0.4725 0.2346
vt 0.3773 0.124
vt 0.3773 0.0135
vt 0.4725 0.0135
vt 0.4725 0.124
vt 0.3773 0.124
vt 0.4725 0.0135
vt 0.4725 0.0135
vt 0.3773 0.0135
vt 0.3773 0.124
vt 0.4725 0.124
vt 0.4725 0.0135
vt 0.3773 0.124
vt 0.4725 0.2346
vt 0.3773 0.2346
vt 0.3773 0.124
vt 0.4725 0.124
vt 0.4725 0.2346
vt 0.3773 0.124
vt 0.3773 0.124
vt 0.3773 0.2346
vt 0.4725 0.2346
vt 0.4725 0.124
vt 0.3773 0.124
vt 0.4725 0.2346
vt 0.4725 0.2346
vt 0.3773 0.2346
vt 0.3773 0.124
vt 0.4725 0.124
vt 0.4725 0.2346
vt 0.3773 0.124
vt 0.4725 0.0135
vt 0.3773 0.0135
vt 0.3773 0.124
vt 0.4725 0.124
vt 0.4725 0.0135
vt 0.3773 0.124
vt 0.2696 0.124
vt 0.2696 0.0135
vt 0.3773 0.0135
vt 0.3773 0.124
vt 0.2696 0.124
vt 0.3773 0.0135
vt 0.2696 0.2346
vt 0.2696 0.124
vt 0.3773 0.124
vt 0.3773 0.2346
vt 0.2696 0.2346
vt 0.3773 0.124
vt 0.2696 0.124
vt 0.2696 0.2346
vt 0.3773 0.2346
vt 0.3773 0.124
vt 0.2696 0.124
vt 0.3773 0.2346
vt 0.2696 0.0135
vt 0.2696 0.124
vt 0.3773 0.124
vt 0.3773 0.0135
vt 0.2696 0.0135
vt 0.3773 0.124
vt 0.2696 0.124
vt 0.2696 0.0135
vt 0.3773 0.0135
vt 0.3773 0.124
vt 0.2696 0.124
vt 0.3773 0.0135
vt 0.2696 0.2346
vt 0.2696 0.124
vt 0.3773 0.124
vt 0.3773 0.2346
vt 0.2696 0.2346
vt 0.3773 0.124
vt 0.2696 0.124
vt 0.2696 0.2346
vt 0.3773 0.2346
vt 0.3773 0.124
vt 0.2696 0.124
vt 0.3773 0.2346
vt 0.2696 0.0135
vt 0.2696 0.124
vt 0.3773 0.124
vt 0.3773 0.0135
vt 0.2696 0.0135
vt 0.3773 0.124
vt 0.2696 0.124
vt 0.2696 0.0135
vt 0.3773 0.0135
vt 0.3773 0.124
vt 0.2696 0.124
vt 0.3773 0.0135
vt 0.2696 0.2346
vt 0.2696 0.124
vt 0.3773 0.124
vt 0.3773 0.2346
vt 0.2696 0.2346
vt 0.3773 0.124
vt 0.2696 0.124
vt 0.2696 0.2346
vt 0.3773 0.2346
vt 0.3773 0.124
vt 0.2696 0.124
vt 0.3773 0.2346
vt 0.2696 0.0135
vt 0.2696 0.124
vt 0.3773 0.124
vt 0.3773 0.0135
vt 0.2696 0.0135
vt 0.3773 0.124
vt 0.4725 0.2346
vt 0.4725 0.124
vt 0.3773 0.124
vt 0.3773 0.2346
vt 0.4725 0.2346
vt 0.3773 0.124
vt 0.4725 0.124
vt 0.4725 0.2346
vt 0.3773 0.2346
vt 0.3773 0.124
vt 0.4725 0.124
vt 0.3773 0.2346
vt 0.4725 0.124
vt 0.4725 0.0135
vt 0.3773 0.0135
vt 0.3773 0.124
vt 0.4725 0.124
vt 0.3773 0.0135
vt 0.4725 0.0135
vt 0.4725 0.124
vt 0.3773 0.124
vt 0.3773 0.0135
vt 0.4725 0.0135
vt 0.3773 0.124
vt 0.4725 0.124
vt 0.4725 0.0135
vt 0.3773 0.0135
vt 0.3773 0.124
vt 0.4725 0.124
vt 0.3773 0.0135
vt 0.4725 0.124
vt 0.4725 0.2346
vt 0.3773 0.2346
vt 0.3773 0.124
vt 0.4725 0.124
vt 0.3773 0.2346
vt 0.4725 0.124
vt 0.4725 0.0135
vt 0.3773 0.0135
vt 0.3773 0.124
vt 0.4725 0.124
vt 0.3773 0.0135
vt 0.4725 0.124
vt 0.3773 0.124
vt 0.3773 0.0135
vt 0.4725 0.0135
vt 0.4725 0.124
vt 0.3773 0.0135
vt 0.4725 0.124
vt 0.3773 0.124
vt 0.3773 0.2346
vt 0.4725 0.2346
vt 0.4725 0.124
vt 0.3773 0.2346
vt 0.4725 0.124
vt 0.4725 0.2346
vt 0.3773 0.2346
vt 0.3773 0.124
vt 0.4725 0.124
vt 0.3773 0.2346
vt 0.4725 0.124
vt 0.3773 0.124
vt 0.3773 0.2346
vt 0.4725 0.2346
vt 0.4725 0.124
vt 0.3773 0.2346
vt 0.4725 0.124
vt 0.3773 0.124
vt 0.3773 0.0135
vt 0.4725 0.0135
vt 0.4725 0.124
vt 0.3773 0.0135
vt 0.2295 0.0185
vt 0.2407 0.2368
vt 0.0116 0.2368
vt 0.0243 0.0185
vt 0.2295 0.0185
vt 0.0116 0.2368
vt 0.0243 0.0185
vt 0.2295 0.0185
vt 0.2407 0.2368
vt 0.0116 0.2368
vt 0.0243 0.0185
vt 0.2407 0.2368
vt 0.2295 0.0185
vt 0.2407 0.2368
vt 0.0116 0.2368
vt 0.0243 0.0185
vt 0.2295 0.0185
vt 0.0116 0.2368
vt 0.2295 0.0185
vt 0.2407 0.2368
vt 0.0116 0.2368
vt 0.0243 0.0185
vt 0.2295 0.0185
vt 0.0116 0.2368
vt 0.2295 0.0185
vt 0.2407 0.2368
vt 0.0116 0.2368
vt 0.0243 0.0185
vt 0.2295 0.0185
vt 0.0116 0.2368
vt 0.2295 0.0185
vt 0.2407 0.2368
vt 0.0116 0.2368
vt 0.0243 0.0185
vt 0.2295 0.0185
vt 0.0116 0.2368
vt 0.0243 0.0185
vt 0.0116 0.2368
vt 0.2407 0.2368
vt 0.2295 0.0185
vt 0.0243 0.0185
vt 0.2407 0.2368
vt 0.2295 0.0185
vt 0.0243 0.0185
vt 0.0116 0.2368
vt 0.2407 0.2368
vt 0.2295 0.0185
vt 0.0116 0.2368
vt 0.2295 0.0185
vt 0.0243 0.0185
vt 0.0116 0.2368
vt 0.2407 0.2368
vt 0.2295 0.0185
vt 0.0116 0.2368
vt 0.0243 0.0185
vt 0.0116 0.2368
vt 0.2407 0.2368
vt 0.2295 0.0185
vt 0.0243 0.0185
vt 0.2407 0.2368
vt 0.0243 0.0185
vt 0.0116 0.2368
vt 0.2407 0.2368
vt 0.2295 0.0185
vt 0.0243 0.0185
vt 0.2407 0.2368
vt 0.0243 0.0185
vt 0.0116 0.2368
vt 0.2407 0.2368
vt 0.2295 0.0185
vt 0.0243 0.0185
vt 0.2407 0.2368
vt 0.0243 0.0185
vt 0.0116 0.2368
vt 0.2407 0.2368
vt 0.2295 0.0185
vt 0.0243 0.0185
vt 0.2407 0.2368
vt 0.1242 0.4627
vt 0.2231 0.463
vt 0.2229 0.3507
vt 0.1239 0.3501
vt 0.1242 0.4627
vt 0.2229 0.3507
vt 0.2231 0.463
vt 0.2229 0.3507
vt 0.1239 0.3501
vt 0.1239 0.4627
vt 0.2231 0.463
vt 0.1239 0.3501
vt 0.1239 0.3501
vt 0.0422 0.3501
vt 0.0435 0.4633
vt 0.1239 0.4627
vt 0.1239 0.3501
vt 0.0435 0.4633
vt 0.293 0.463
vt 0.3773 0.463
vt 0.3765 0.3499
vt 0.2943 0.3502
vt 0.293 0.463
vt 0.3765 0.3499
vt 0.2231 0.463
vt 0.293 0.463
vt 0.2943 0.3502
vt 0.2229 0.3507
vt 0.2231 0.463
vt 0.2943 0.3502
vt 0.0435 0.4633
vt 0.1242 0.4627
vt 0.1239 0.3501
vt 0.0422 0.3503
vt 0.0435 0.4633
vt 0.1239 0.3501
vt 0.0056 0.9913
vt 0.2576 0.9913
vt 0.122 0.9621
vt 0.0056 0.9621
vt 0.0056 0.9913
vt 0.122 0.9621
vt 0.6258 0.9621
vt 0.7485 0.9913
vt 0.5031 0.9913
vt 0.5031 0.9621
vt 0.6258 0.9621
vt 0.5031 0.9913
vt 0.5031 0.9621
vt 0.3762 0.9621
vt 0.2576 0.9913
vt 0.5031 0.9913
vt 0.5031 0.9621
vt 0.2576 0.9913
vt 0.7162 0.8921
vt 0.6254 0.8921
vt 0.6258 0.9621
vt 0.7485 0.9621
vt 0.7162 0.8921
vt 0.6258 0.9621
vt 0.7808 0.8921
vt 0.7485 0.9621
vt 0.8745 0.9621
vt 0.8748 0.8921
vt 0.7808 0.8921
vt 0.8745 0.9621
vt 0.5354 0.8921
vt 0.5031 0.9621
vt 0.6258 0.9621
vt 0.6254 0.8921
vt 0.5354 0.8921
vt 0.6258 0.9621
vt 0.2899 0.8921
vt 0.2576 0.9621
vt 0.3762 0.9621
vt 0.3765 0.8921
vt 0.2899 0.8921
vt 0.3762 0.9621
vt 0.1216 0.8921
vt 0.0483 0.8921
vt 0.0056 0.9621
vt 0.122 0.9621
vt 0.1216 0.8921
vt 0.0056 0.9621
vt 0.8745 0.9621
vt 0.7485 0.9621
vt 0.7808 0.8921
vt 0.8748 0.8921
vt 0.8745 0.9621
vt 0.7808 0.8921
vt 0.7162 0.8921
vt 0.7485 0.9621
vt 0.6258 0.9621
vt 0.6254 0.8921
vt 0.7162 0.8921
vt 0.6258 0.9621
vt 0.2899 0.8921
vt 0.3765 0.8921
vt 0.3762 0.9621
vt 0.2576 0.9621
vt 0.2899 0.8921
vt 0.3762 0.9621
vt 0.2253 0.8921
vt 0.2576 0.9621
vt 0.122 0.9621
vt 0.1216 0.8921
vt 0.2253 0.8921
vt 0.122 0.9621
vt 0.5354 0.8921
vt 0.6254 0.8921
vt 0.6258 0.9621
vt 0.5031 0.9621
vt 0.5354 0.8921
vt 0.6258 0.9621
vt 0.8748 0.8921
vt 0.9743 0.8922
vt 0.9909 0.9621
vt 0.8745 0.9621
vt 0.8748 0.8921
vt 0.9909 0.9621
vt 0.122 0.9621
vt 0.0056 0.9621
vt 0.0198 0.8922
vt 0.1216 0.8921
vt 0.122 0.9621
vt 0.0198 0.8922
vt 0.8745 0.9621
vt 0.9909 0.9621
vt 0.9423 0.8921
vt 0.8748 0.8921
vt 0.8745 0.9621
vt 0.9423 0.8921
vt 0.4707 0.8921
vt 0.5031 0.9621
vt 0.3762 0.9621
vt 0.3765 0.8921
vt 0.4707 0.8921
vt 0.3762 0.9621
vt 0.2253 0.8921
vt 0.1216 0.8921
vt 0.122 0.9621
vt 0.2576 0.9621
vt 0.2253 0.8921
vt 0.122 0.9621
vt 0.4707 0.8921
vt 0.3765 0.8921
vt 0.3762 0.9621
vt 0.5031 0.9621
vt 0.4707 0.8921
vt 0.3762 0.9621
vt 0.122 0.9621
vt 0.2576 0.9913
vt 0.0056 0.9913
vt 0.0056 0.9621
vt 0.122 0.9621
vt 0.0056 0.9913
vt 0.5031 0.9621
vt 0.5031 0.9913
vt 0.2576 0.9913
vt 0.3762 0.9621
vt 0.5031 0.9621
vt 0.2576 0.9913
vt 0.5031 0.9621
vt 0.5031 0.9913
vt 0.7485 0.9913
vt 0.6258 0.9621
vt 0.5031 0.9621
vt 0.7485 0.9913
vt 0.8745 0.9621
vt 0.7485 0.9913
vt 0.9909 0.9913
vt 0.9909 0.9621
vt 0.8745 0.9621
vt 0.9909 0.9913
vt 0.8745 0.9621
vt 0.9909 0.9621
vt 0.9909 0.9913
vt 0.7485 0.9913
vt 0.8745 0.9621
vt 0.9909 0.9913
vt 0.0116 0.2368
vt 0.2407 0.2368
vt 0.2295 0.0185
vt 0.0243 0.0185
vt 0.0116 0.2368
vt 0.2295 0.0185
vt 0.0116 0.2368
vt 0.0243 0.0185
vt 0.2295 0.0185
vt 0.2407 0.2368
vt 0.0116 0.2368
vt 0.2295 0.0185
vt 0.2295 0.0185
vt 0.2407 0.2368
vt 0.0116 0.2368
vt 0.0243 0.0185
vt 0.2295 0.0185
vt 0.0116 0.2368
vt 0.8934 0.1634
vt 0.8882 0.2477
vt 0.9152 0.2477
vt 0.8934 0.1634
vt 0.87 0.1775
vt 0.8882 0.2477
vt 0.8339 0.1017
vt 0.87 0.1775
vt 0.8934 0.1634
vt 0.8339 0.1017
vt 0.8204 0.126
vt 0.87 0.1775
vt 0.7526 0.0792
vt 0.8204 0.126
vt 0.8339 0.1017
vt 0.7526 0.0792
vt 0.7526 0.1072
vt 0.8204 0.126
vt 0.6713 0.1017
vt 0.7526 0.1072
vt 0.7526 0.0792
vt 0.6713 0.1017
vt 0.6848 0.126
vt 0.7526 0.1072
vt 0.6117 0.1634
vt 0.6848 0.126
vt 0.6713 0.1017
vt 0.6117 0.1634
vt 0.6351 0.1775
vt 0.6848 0.126
vt 0.5899 0.2477
vt 0.6351 0.1775
vt 0.6117 0.1634
vt 0.5899 0.2477
vt 0.617 0.2477
vt 0.6351 0.1775
vt 0.6117 0.332
vt 0.617 0.2477
vt 0.5899 0.2477
vt 0.6117 0.332
vt 0.6351 0.318
vt 0.617 0.2477
vt 0.6713 0.3937
vt 0.6351 0.318
vt 0.6117 0.332
vt 0.6713 0.3937
vt 0.6848 0.3695
vt 0.6351 0.318
vt 0.7526 0.4163
vt 0.6848 0.3695
vt 0.6713 0.3937
vt 0.7526 0.4163
vt 0.7526 0.3883
vt 0.6848 0.3695
vt 0.8339 0.3937
vt 0.7526 0.3883
vt 0.7526 0.4163
vt 0.8339 0.3937
vt 0.8204 0.3695
vt 0.7526 0.3883
vt 0.8934 0.332
vt 0.8204 0.3695
vt 0.8339 0.3937
vt 0.8934 0.332
vt 0.87 0.318
vt 0.8204 0.3695
vt 0.9152 0.2477
vt 0.87 0.318
vt 0.8934 0.332
vt 0.9152 0.2477
vt 0.8882 0.2477
vt 0.87 0.318
vt 0.7526 0.4921
vt 0.6713 0.3937
vt 0.6347 0.4593
vt 0.7526 0.4921
vt 0.7526 0.4163
vt 0.6713 0.3937
vt 0.8705 0.4593
vt 0.7526 0.4163
vt 0.7526 0.4921
vt 0.8705 0.4593
vt 0.8339 0.3937
vt 0.7526 0.4163
vt 0.9568 0.3699
vt 0.8339 0.3937
vt 0.8705 0.4593
vt 0.9568 0.3699
vt 0.8934 0.332
vt 0.8339 0.3937
vt 0.9884 0.2477
vt 0.8934 0.332
vt 0.9568 0.3699
vt 0.9884 0.2477
vt 0.9152 0.2477
vt 0.8934 0.332
vt 0.9568 0.1256
vt 0.9152 0.2477
vt 0.9884 0.2477
vt 0.9568 0.1256
vt 0.8934 0.1634
vt 0.9152 0.2477
vt 0.8705 0.0361
vt 0.8934 0.1634
vt 0.9568 0.1256
vt 0.8705 0.0361
vt 0.8339 0.1017
vt 0.8934 0.1634
vt 0.7526 0.0034
vt 0.8339 0.1017
vt 0.8705 0.0361
vt 0.7526 0.0034
vt 0.7526 0.0792
vt 0.8339 0.1017
vt 0.6347 0.0361
vt 0.7526 0.0792
vt 0.7526 0.0034
vt 0.6347 0.0361
vt 0.6713 0.1017
vt 0.7526 0.0792
vt 0.5484 0.1256
vt 0.6713 0.1017
vt 0.6347 0.0361
vt 0.5484 0.1256
vt 0.6117 0.1634
vt 0.6713 0.1017
vt 0.5168 0.2477
vt 0.6117 0.1634
vt 0.5484 0.1256
vt 0.5168 0.2477
vt 0.5899 0.2477
vt 0.6117 0.1634
vt 0.5484 0.3699
vt 0.5899 0.2477
vt 0.5168 0.2477
vt 0.5484 0.3699
vt 0.6117 0.332
vt 0.5899 0.2477
vt 0.6347 0.4593
vt 0.6117 0.332
vt 0.5484 0.3699
vt 0.6347 0.4593
vt 0.6713 0.3937
vt 0.6117 0.332
vt 0.3773 0.0135
vt 0.2696 0.124
vt 0.3773 0.124
vt 0.3773 0.0135
vt 0.2696 0.0135
vt 0.2696 0.124
vt 0.3773 0.124
vt 0.2696 0.0135
vt 0.3773 0.0135
vt 0.3773 0.124
vt 0.2696 0.124
vt 0.2696 0.0135
vt 0.3773 0.2346
vt 0.2696 0.124
vt 0.3773 0.124
vt 0.3773 0.2346
vt 0.2696 0.2346
vt 0.2696 0.124
vt 0.3773 0.124
vt 0.2696 0.2346
vt 0.3773 0.2346
vt 0.3773 0.124
vt 0.2696 0.124
vt 0.2696 0.2346
vt 0.3773 0.0135
vt 0.2696 0.124
vt 0.3773 0.124
vt 0.3773 0.0135
vt 0.2696 0.0135
vt 0.2696 0.124
vt 0.3773 0.124
vt 0.2696 0.0135
vt 0.3773 0.0135
vt 0.3773 0.124
vt 0.2696 0.124
vt 0.2696 0.0135
vt 0.3773 0.2346
vt 0.2696 0.124
vt 0.3773 0.124
vt 0.3773 0.2346
vt 0.2696 0.2346
vt 0.2696 0.124
vt 0.3773 0.124
vt 0.2696 0.2346
vt 0.3773 0.2346
vt 0.3773 0.124
vt 0.2696 0.124
vt 0.2696 0.2346
vt 0.3773 0.0135
vt 0.2696 0.124
vt 0.3773 0.124
vt 0.3773 0.0135
vt 0.2696 0.0135
vt 0.2696 0.124
vt 0.3773 0.124
vt 0.2696 0.0135
vt 0.3773 0.0135
vt 0.3773 0.124
vt 0.2696 0.124
vt 0.2696 0.0135
vt 0.3773 0.2346
vt 0.2696 0.124
vt 0.3773 0.124
vt 0.3773 0.2346
vt 0.2696 0.2346
vt 0.2696 0.124
vt 0.3773 0.124
vt 0.2696 0.2346
vt 0.3773 0.2346
vt 0.3773 0.124
vt 0.2696 0.124
vt 0.2696 0.2346
vt 0.293 0.463
vt 0.2229 0.3507
vt 0.2231 0.463
vt 0.293 0.463
vt 0.2943 0.3502
vt 0.2229 0.3507
vt 0.3773 0.4627
vt 0.2943 0.3502
vt 0.293 0.463
vt 0.3773 0.4627
vt 0.3769 0.3501
vt 0.2943 0.3502
vt 0.4681 0.4627
vt 0.3769 0.3501
vt 0.3773 0.4627
vt 0.4681 0.4627
vt 0.4691 0.3501
vt 0.3769 0.3501
vt 0.4679 0.463
vt 0.4691 0.3501
vt 0.4681 0.4627
vt 0.4679 0.463
vt 0.4687 0.3499
vt 0.4691 0.3501
vt 0.3773 0.463
vt 0.4687 0.3499
vt 0.4679 0.463
vt 0.3773 0.463
vt 0.3765 0.3499
vt 0.4687 0.3499
vt 0.293 0.463
vt 0.3765 0.3499
vt 0.3773 0.463
vt 0.293 0.463
vt 0.2943 0.3502
vt 0.3765 0.3499
vt 0.2231 0.463
vt 0.2943 0.3502
vt 0.293 0.463
vt 0.2231 0.463
vt 0.2229 0.3507
vt 0.2943 0.3502
vt 0.1242 0.4627
vt 0.2229 0.3507
vt 0.2231 0.463
vt 0.1242 0.4627
vt 0.1239 0.3501
vt 0.2229 0.3507
vt 0.0435 0.4633
vt 0.1239 0.3501
vt 0.1242 0.4627
vt 0.0435 0.4633
vt 0.0422 0.3503
vt 0.1239 0.3501
vt 0.0437 0.463
vt 0.0422 0.3503
vt 0.0435 0.4633
vt 0.0437 0.463
vt 0.0422 0.3503
vt 0.0422 0.3503
vt 0.4679 0.463
vt 0.3765 0.3499
vt 0.3773 0.463
vt 0.4679 0.463
vt 0.4687 0.3499
vt 0.3765 0.3499
vt 0.4681 0.4627
vt 0.4687 0.3499
vt 0.4679 0.463
vt 0.4681 0.4627
vt 0.4691 0.3501
vt 0.4687 0.3499
vt 0.3773 0.4627
vt 0.4691 0.3501
vt 0.4681 0.4627
vt 0.3773 0.4627
vt 0.3769 0.3501
vt 0.4691 0.3501
vt 0.293 0.463
vt 0.3769 0.3501
vt 0.3773 0.4627
vt 0.293 0.463
vt 0.2943 0.3502
vt 0.3769 0.3501
vt 0.2231 0.463
vt 0.2943 0.3502
vt 0.293 0.463
vt 0.2231 0.463
vt 0.2229 0.3507
vt 0.2943 0.3502
vt 0.1239 0.4627
vt 0.2229 0.3507
vt 0.2231 0.463
vt 0.1239 0.4627
vt 0.1239 0.3501
vt 0.2229 0.3507
vt 0.0435 0.4633
vt 0.1239 0.3501
vt 0.1239 0.4627
vt 0.0435 0.4633
vt 0.0422 0.3501
vt 0.1239 0.3501
vt 0.0432 0.4627
vt 0.0422 0.3501
vt 0.0435 0.4633
vt 0.0432 0.4627
vt 0.0422 0.3501
vt 0.0422 0.3501
vt 0.3765 0.3499
vt 0.4672 0.257
vt 0.4687 0.3499
vt 0.3765 0.3499
vt 0.3767 0.257
vt 0.4672 0.257
vt 0.2943 0.3502
vt 0.3767 0.257
vt 0.3765 0.3499
vt 0.2943 0.3502
vt 0.2943 0.257
vt 0.3767 0.257
vt 0.2229 0.3507
vt 0.2943 0.257
vt 0.2943 0.3502
vt 0.2229 0.3507
vt 0.2213 0.2573
vt 0.2943 0.257
vt 0.1239 0.3501
vt 0.2213 0.2573
vt 0.2229 0.3507
vt 0.1239 0.3501
vt 0.1242 0.2576
vt 0.2213 0.2573
vt 0.0422 0.3503
vt 0.1242 0.2576
vt 0.1239 0.3501
vt 0.0422 0.3503
vt 0.0574 0.2574
vt 0.1242 0.2576
vt 0.0422 0.3503
vt 0.0574 0.2574
vt 0.0422 0.3503
vt 0.0422 0.3503
vt 0.0574 0.2574
vt 0.0574 0.2574
vt 0.1239 0.3501
vt 0.0574 0.2574
vt 0.0422 0.3503
vt 0.1239 0.3501
vt 0.1242 0.2576
vt 0.0574 0.2574
vt 0.2229 0.3507
vt 0.1242 0.2576
vt 0.1239 0.3501
vt 0.2229 0.3507
vt 0.2213 0.2573
vt 0.1242 0.2576
vt 0.2943 0.3502
vt 0.2213 0.2573
vt 0.2229 0.3507
vt 0.2943 0.3502
vt 0.2943 0.257
vt 0.2213 0.2573
vt 0.3765 0.3499
vt 0.2943 0.257
vt 0.2943 0.3502
vt 0.3765 0.3499
vt 0.3767 0.257
vt 0.2943 0.257
vt 0.4687 0.3499
vt 0.3767 0.257
vt 0.3765 0.3499
vt 0.4687 0.3499
vt 0.4672 0.257
vt 0.3767 0.257
vt 0.4691 0.3501
vt 0.4672 0.257
vt 0.4687 0.3499
vt 0.4691 0.3501
vt 0.4674 0.2576
vt 0.4672 0.257
vt 0.3769 0.3501
vt 0.4674 0.2576
vt 0.4691 0.3501
vt 0.3769 0.3501
vt 0.3767 0.257
vt 0.4674 0.2576
vt 0.2943 0.3502
vt 0.3767 0.257
vt 0.3769 0.3501
vt 0.2943 0.3502
vt 0.2943 0.257
vt 0.3767 0.257
vt 0.2229 0.3507
vt 0.2943 0.257
vt 0.2943 0.3502
vt 0.2229 0.3507
vt 0.2214 0.2576
vt 0.2943 0.257
vt 0.1239 0.3501
vt 0.2214 0.2576
vt 0.2229 0.3507
vt 0.1239 0.3501
vt 0.1239 0.2576
vt 0.2214 0.2576
vt 0.0422 0.3501
vt 0.1239 0.2576
vt 0.1239 0.3501
vt 0.0422 0.3501
vt 0.0569 0.2576
vt 0.1239 0.2576
vt 0.0422 0.3501
vt 0.0569 0.2576
vt 0.0422 0.3501
vt 0.0422 0.3501
vt 0.0569 0.2576
vt 0.0569 0.2576
vt 0.1239 0.3501
vt 0.0569 0.2576
vt 0.0422 0.3501
vt 0.1239 0.3501
vt 0.1239 0.2576
vt 0.0569 0.2576
vt 0.2229 0.3507
vt 0.1239 0.2576
vt 0.1239 0.3501
vt 0.2229 0.3507
vt 0.2214 0.2576
vt 0.1239 0.2576
vt 0.2943 0.3502
vt 0.2214 0.2576
vt 0.2229 0.3507
vt 0.2943 0.3502
vt 0.2943 0.257
vt 0.2214 0.2576
vt 0.3769 0.3501
vt 0.2943 0.257
vt 0.2943 0.3502
vt 0.3769 0.3501
vt 0.3767 0.257
vt 0.2943 0.257
vt 0.4691 0.3501
vt 0.3767 0.257
vt 0.3769 0.3501
vt 0.4691 0.3501
vt 0.4674 0.2576
vt 0.3767 0.257
vt 0.4687 0.3499
vt 0.4674 0.2576
vt 0.4691 0.3501
vt 0.4687 0.3499
vt 0.4672 0.257
vt 0.4674 0.2576
vt 0.122 0.5946
vt 0.0413 0.795
vt 0.0404 0.5946
vt 0.122 0.5946
vt 0.1223 0.795
vt 0.0413 0.795
vt 0.2228 0.5946
vt 0.1223 0.795
vt 0.122 0.5946
vt 0.2228 0.5946
vt 0.2219 0.795
vt 0.1223 0.795
vt 0.2925 0.5946
vt 0.2219 0.795
vt 0.2228 0.5946
vt 0.2925 0.5946
vt 0.2934 0.795
vt 0.2219 0.795
vt 0.3762 0.5946
vt 0.2934 0.795
vt 0.2925 0.5946
vt 0.3762 0.5946
vt 0.3765 0.795
vt 0.2934 0.795
vt 0.4682 0.5946
vt 0.3765 0.795
vt 0.3762 0.5946
vt 0.4682 0.5946
vt 0.4673 0.795
vt 0.3765 0.795
vt 0.5379 0.5946
vt 0.4673 0.795
vt 0.4682 0.5946
vt 0.5379 0.5946
vt 0.5388 0.795
vt 0.4673 0.795
vt 0.6258 0.5946
vt 0.5388 0.795
vt 0.5379 0.5946
vt 0.6258 0.5946
vt 0.6258 0.795
vt 0.5388 0.795
vt 0.7136 0.5946
vt 0.6258 0.795
vt 0.6258 0.5946
vt 0.7136 0.5946
vt 0.7127 0.795
vt 0.6258 0.795
vt 0.7833 0.5946
vt 0.7127 0.795
vt 0.7136 0.5946
vt 0.7833 0.5946
vt 0.7842 0.795
vt 0.7127 0.795
vt 0.8745 0.5946
vt 0.7842 0.795
vt 0.7833 0.5946
vt 0.8745 0.5946
vt 0.8741 0.795
vt 0.7842 0.795
vt 0.956 0.5946
vt 0.8741 0.795
vt 0.8745 0.5946
vt 0.956 0.5946
vt 0.9551 0.795
vt 0.8741 0.795
vt 0.956 0.5946
vt 0.9551 0.795
vt 0.956 0.5946
vt 0.956 0.5946
vt 0.9551 0.795
vt 0.9551 0.795
vt 0.8745 0.5946
vt 0.9551 0.795
vt 0.956 0.5946
vt 0.8745 0.5946
vt 0.8741 0.795
vt 0.9551 0.795
vt 0.7833 0.5946
vt 0.8741 0.795
vt 0.8745 0.5946
vt 0.7833 0.5946
vt 0.7842 0.795
vt 0.8741 0.795
vt 0.7136 0.5946
vt 0.7842 0.795
vt 0.7833 0.5946
vt 0.7136 0.5946
vt 0.7127 0.795
vt 0.7842 0.795
vt 0.6258 0.5946
vt 0.7127 0.795
vt 0.7136 0.5946
vt 0.6258 0.5946
vt 0.6258 0.795
vt 0.7127 0.795
vt 0.5379 0.5946
vt 0.6258 0.795
vt 0.6258 0.5946
vt 0.5379 0.5946
vt 0.5388 0.795
vt 0.6258 0.795
vt 0.4682 0.5946
vt 0.5388 0.795
vt 0.5379 0.5946
vt 0.4682 0.5946
vt 0.4673 0.795
vt 0.5388 0.795
vt 0.3762 0.5946
vt 0.4673 0.795
vt 0.4682 0.5946
vt 0.3762 0.5946
vt 0.3765 0.795
vt 0.4673 0.795
vt 0.2925 0.5946
vt 0.3765 0.795
vt 0.3762 0.5946
vt 0.2925 0.5946
vt 0.2934 0.795
vt 0.3765 0.795
vt 0.2228 0.5946
vt 0.2934 0.795
vt 0.2925 0.5946
vt 0.2228 0.5946
vt 0.2219 0.795
vt 0.2934 0.795
vt 0.122 0.5946
vt 0.2219 0.795
vt 0.2228 0.5946
vt 0.122 0.5946
vt 0.1223 0.795
vt 0.2219 0.795
vt 0.0404 0.5946
vt 0.1223 0.795
vt 0.122 0.5946
vt 0.0404 0.5946
vt 0.0413 0.795
vt 0.1223 0.795
vt 0.0404 0.5946
vt 0.0413 0.795
vt 0.0404 0.5946
vt 0.0404 0.5946
vt 0.0413 0.795
vt 0.0413 0.795
vt 0.7162 0.8921
vt 0.6258 0.795
vt 0.6254 0.8921
vt 0.7162 0.8921
vt 0.7127 0.795
vt 0.6258 0.795
vt 0.7808 0.8921
vt 0.7127 0.795
vt 0.7162 0.8921
vt 0.7808 0.8921
vt 0.7842 0.795
vt 0.7127 0.795
vt 0.8748 0.8921
vt 0.7842 0.795
vt 0.7808 0.8921
vt 0.8748 0.8921
vt 0.8741 0.795
vt 0.7842 0.795
vt 0.9423 0.8921
vt 0.8741 0.795
vt 0.8748 0.8921
vt 0.9423 0.8921
vt 0.9551 0.795
vt 0.8741 0.795
vt 0.9423 0.8921
vt 0.9551 0.795
vt 0.9423 0.8921
vt 0.9423 0.8921
vt 0.9551 0.795
vt 0.9551 0.795
vt 0.8748 0.8921
vt 0.9551 0.795
vt 0.9423 0.8921
vt 0.8748 0.8921
vt 0.8741 0.795
vt 0.9551 0.795
vt 0.7808 0.8921
vt 0.8741 0.795
vt 0.8748 0.8921
vt 0.7808 0.8921
vt 0.7842 0.795
vt 0.8741 0.795
vt 0.7162 0.8921
vt 0.7842 0.795
vt 0.7808 0.8921
vt 0.7162 0.8921
vt 0.7127 0.795
vt 0.7842 0.795
vt 0.6254 0.8921
vt 0.7127 0.795
vt 0.7162 0.8921
vt 0.6254 0.8921
vt 0.6258 0.795
vt 0.7127 0.795
vt 0.5354 0.8921
vt 0.6258 0.795
vt 0.6254 0.8921
vt 0.5354 0.8921
vt 0.5388 0.795
vt 0.6258 0.795
vt 0.4707 0.8921
vt 0.5388 0.795
vt 0.5354 0.8921
vt 0.4707 0.8921
vt 0.4673 0.795
vt 0.5388 0.795
vt 0.3765 0.8921
vt 0.4673 0.795
vt 0.4707 0.8921
vt 0.3765 0.8921
vt 0.3765 0.795
vt 0.4673 0.795
vt 0.2899 0.8921
vt 0.3765 0.795
vt 0.3765 0.8921
vt 0.2899 0.8921
vt 0.2934 0.795
vt 0.3765 0.795
vt 0.2253 0.8921
vt 0.2934 0.795
vt 0.2899 0.8921
vt 0.2253 0.8921
vt 0.2219 0.795
vt 0.2934 0.795
vt 0.1216 0.8921
vt 0.2219 0.795
vt 0.2253 0.8921
vt 0.1216 0.8921
vt 0.1223 0.795
vt 0.2219 0.795
vt 0.0198 0.8922
vt 0.1223 0.795
vt 0.1216 0.8921
vt 0.0198 0.8922
vt 0.0413 0.795
vt 0.1223 0.795
vt 0.0483 0.8921
vt 0.0413 0.795
vt 0.0198 0.8922
vt 0.0483 0.8921
vt 0.0413 0.795
vt 0.0413 0.795
vt 0.1216 0.8921
vt 0.0413 0.795
vt 0.0483 0.8921
vt 0.1216 0.8921
vt 0.1223 0.795
vt 0.0413 0.795
vt 0.2253 0.8921
vt 0.1223 0.795
vt 0.1216 0.8921
vt 0.2253 0.8921
vt 0.2219 0.795
vt 0.1223 0.795
vt 0.2899 0.8921
vt 0.2219 0.795
vt 0.2253 0.8921
vt 0.2899 0.8921
vt 0.2934 0.795
vt 0.2219 0.795
vt 0.3765 0.8921
vt 0.2934 0.795
vt 0.2899 0.8921
vt 0.3765 0.8921
vt 0.3765 0.795
vt 0.2934 0.795
vt 0.4707 0.8921
vt 0.3765 0.795
vt 0.3765 0.8921
vt 0.4707 0.8921
vt 0.4673 0.795
vt 0.3765 0.795
vt 0.5354 0.8921
vt 0.4673 0.795
vt 0.4707 0.8921
vt 0.5354 0.8921
vt 0.5388 0.795
vt 0.4673 0.795
vt 0.6254 0.8921
vt 0.5388 0.795
vt 0.5354 0.8921
vt 0.6254 0.8921
vt 0.6258 0.795
vt 0.5388 0.795
vt 0.8745 0.5151
vt 0.956 0.5946
vt 0.9413 0.5151
vt 0.8745 0.5151
vt 0.8745 0.5946
vt 0.956 0.5946
vt 0.7851 0.5151
vt 0.8745 0.5946
vt 0.8745 0.5151
vt 0.7851 0.5151
vt 0.7833 0.5946
vt 0.8745 0.5946
vt 0.7118 0.5151
vt 0.7833 0.5946
vt 0.7851 0.5151
vt 0.7118 0.5151
vt 0.7136 0.5946
vt 0.7833 0.5946
vt 0.6258 0.5151
vt 0.7136 0.5946
vt 0.7118 0.5151
vt 0.6258 0.5151
vt 0.6258 0.5946
vt 0.7136 0.5946
vt 0.5397 0.5151
vt 0.6258 0.5946
vt 0.6258 0.5151
vt 0.5397 0.5151
vt 0.5379 0.5946
vt 0.6258 0.5946
vt 0.4664 0.5151
vt 0.5379 0.5946
vt 0.5397 0.5151
vt 0.4664 0.5151
vt 0.4682 0.5946
vt 0.5379 0.5946
vt 0.3762 0.5151
vt 0.4682 0.5946
vt 0.4664 0.5151
vt 0.3762 0.5151
vt 0.3762 0.5946
vt 0.4682 0.5946
vt 0.2943 0.5151
vt 0.3762 0.5946
vt 0.3762 0.5151
vt 0.2943 0.5151
vt 0.2925 0.5946
vt 0.3762 0.5946
vt 0.221 0.5151
vt 0.2925 0.5946
vt 0.2943 0.5151
vt 0.221 0.5151
vt 0.2228 0.5946
vt 0.2925 0.5946
vt 0.122 0.5151
vt 0.2228 0.5946
vt 0.221 0.5151
vt 0.122 0.5151
vt 0.122 0.5946
vt 0.2228 0.5946
vt 0.0551 0.5151
vt 0.122 0.5946
vt 0.122 0.5151
vt 0.0551 0.5151
vt 0.0404 0.5946
vt 0.122 0.5946
vt 0.0551 0.5151
vt 0.0404 0.5946
vt 0.0551 0.5151
vt 0.0551 0.5151
vt 0.0404 0.5946
vt 0.0404 0.5946
vt 0.122 0.5151
vt 0.0404 0.5946
vt 0.0551 0.5151
vt 0.122 0.5151
vt 0.122 0.5946
vt 0.0404 0.5946
vt 0.221 0.5151
vt 0.122 0.5946
vt 0.122 0.5151
vt 0.221 0.5151
vt 0.2228 0.5946
vt 0.122 0.5946
vt 0.2943 0.5151
vt 0.2228 0.5946
vt 0.221 0.5151
vt 0.2943 0.5151
vt 0.2925 0.5946
vt 0.2228 0.5946
vt 0.3762 0.5151
vt 0.2925 0.5946
vt 0.2943 0.5151
vt 0.3762 0.5151
vt 0.3762 0.5946
vt 0.2925 0.5946
vt 0.4664 0.5151
vt 0.3762 0.5946
vt 0.3762 0.5151
vt 0.4664 0.5151
vt 0.4682 0.5946
vt 0.3762 0.5946
vt 0.5397 0.5151
vt 0.4682 0.5946
vt 0.4664 0.5151
vt 0.5397 0.5151
vt 0.5379 0.5946
vt 0.4682 0.5946
vt 0.6258 0.5151
vt 0.5379 0.5946
vt 0.5397 0.5151
vt 0.6258 0.5151
vt 0.6258 0.5946
vt 0.5379 0.5946
vt 0.7118 0.5151
vt 0.6258 0.5946
vt 0.6258 0.5151
vt 0.7118 0.5151
vt 0.7136 0.5946
vt 0.6258 0.5946
vt 0.7851 0.5151
vt 0.7136 0.5946
vt 0.7118 0.5151
vt 0.7851 0.5151
vt 0.7833 0.5946
vt 0.7136 0.5946
vt 0.8745 0.5151
vt 0.7833 0.5946
vt 0.7851 0.5151
vt 0.8745 0.5151
vt 0.8745 0.5946
vt 0.7833 0.5946
vt 0.9413 0.5151
vt 0.8745 0.5946
vt 0.8745 0.5151
vt 0.9413 0.5151
vt 0.956 0.5946
vt 0.8745 0.5946
vt 0.9413 0.5151
vt 0.956 0.5946
vt 0.9413 0.5151
vt 0.9413 0.5151
vt 0.956 0.5946
vt 0.956 0.5946
vt 0.2055 0.6616
vt 0.4026 0.3001
vt 0.3262 0.7721
vt 0.4026 0.3001
vt 0.1019 0.0885
vt 0.3263 0.0322
vt 0.4026 0.3001
vt 0.0858 0.3124
vt 0.1019 0.0885
vt 0.5622 0.0698
vt 0.4026 0.3001
vt 0.4543 0.037
vt 0.4026 0.3001
vt 0.1267 0.4895
vt 0.0858 0.3124
vt 0.7644 0.3364
vt 0.766 0.1498
vt 0.8148 0.2605
vt 0.2055 0.6616
vt 0.1267 0.4895
vt 0.4026 0.3001
vt 0.7644 0.3364
vt 0.6893 0.3182
vt 0.766 0.1498
vt 0.8507 0.5027
vt 0.7644 0.3364
vt 0.8447 0.38
vt 0.4026 0.3001
vt 0.5622 0.0698
vt 0.5084 0.3
vt 0.5622 0.0698
vt 0.766 0.1498
vt 0.6142 0.3
vt 0.3263 0.0322
vt 0.4543 0.037
vt 0.4026 0.3001
vt 0.6142 0.3
vt 0.5084 0.3
vt 0.5622 0.0698
vt 0.6142 0.3
vt 0.766 0.1498
vt 0.6893 0.3182
vt 0.8148 0.2605
vt 0.8447 0.38
vt 0.7644 0.3364
vt 0.5684 0.8369
vt 0.4502 0.819
vt 0.5084 0.3
vt 0.6142 0.3
vt 0.5684 0.8369
vt 0.5084 0.3
vt 0.7644 0.3364
vt 0.8507 0.5027
vt 0.8393 0.6127
vt 0.7871 0.7321
vt 0.7644 0.3364
vt 0.8393 0.6127
vt 0.6142 0.3
vt 0.6893 0.3182
vt 0.6913 0.8061
vt 0.5684 0.8369
vt 0.6142 0.3
vt 0.6913 0.8061
vt 0.4026 0.3001
vt 0.5084 0.3
vt 0.4502 0.819
vt 0.3262 0.7721
vt 0.4026 0.3001
vt 0.4502 0.819
vt 0.7871 0.7321
vt 0.6913 0.8061
vt 0.6893 0.3182
vt 0.7644 0.3364
vt 0.7871 0.7321
vt 0.6893 0.3182
vt 0.2055 0.6616
vt 0.3262 0.7721
vt 0.4026 0.3001
vt 0.4026 0.3001
vt 0.3263 0.0322
vt 0.1019 0.0885
vt 0.4026 0.3001
vt 0.1019 0.0885
vt 0.0858 0.3124
vt 0.5622 0.0698
vt 0.4543 0.037
vt 0.4026 0.3001
vt 0.4026 0.3001
vt 0.0858 0.3124
vt 0.1267 0.4895
vt 0.7644 0.3364
vt 0.8148 0.2605
vt 0.766 0.1498
vt 0.2055 0.6616
vt 0.4026 0.3001
vt 0.1267 0.4895
vt 0.7644 0.3364
vt 0.766 0.1498
vt 0.6893 0.3182
vt 0.8507 0.5027
vt 0.8447 0.38
vt 0.7644 0.3364
vt 0.4026 0.3001
vt 0.5084 0.3
vt 0.5622 0.0698
vt 0.5622 0.0698
vt 0.6142 0.3
vt 0.766 0.1498
vt 0.3263 0.0322
vt 0.4026 0.3001
vt 0.4543 0.037
vt 0.6142 0.3
vt 0.5622 0.0698
vt 0.5084 0.3
vt 0.6142 0.3
vt 0.6893 0.3182
vt 0.766 0.1498
vt 0.8148 0.2605
vt 0.7644 0.3364
vt 0.8447 0.38
vt 0.6142 0.3
vt 0.5084 0.3
vt 0.4502 0.819
vt 0.5684 0.8369
vt 0.6142 0.3
vt 0.4502 0.819
vt 0.7871 0.7321
vt 0.8393 0.6127
vt 0.8507 0.5027
vt 0.7644 0.3364
vt 0.7871 0.7321
vt 0.8507 0.5027
vt 0.5684 0.8369
vt 0.6913 0.8061
vt 0.6893 0.3182
vt 0.6142 0.3
vt 0.5684 0.8369
vt 0.6893 0.3182
vt 0.3262 0.7721
vt 0.4502 0.819
vt 0.5084 0.3
vt 0.4026 0.3001
vt 0.3262 0.7721
vt 0.5084 0.3
vt 0.7644 0.3364
vt 0.6893 0.3182
vt 0.6913 0.8061
vt 0.7871 0.7321
vt 0.7644 0.3364
vt 0.6913 0.8061

# 14409 Vertex Normals
vn 0.809739 0.045617 0.585014
vn 0.572566 -0.015331 0.819715
vn 0.658491 -0.023123 0.752233
vn 0.798903 -0.205163 0.565387
vn 0.556789 -0.194986 0.807444
vn 0.638499 -0.223545 0.736442
vn -0.809738 0.045615 0.585016
vn -0.56448 -0.017428 0.825263
vn -0.626165 -0.035833 0.778867
vn -0.798902 -0.205166 0.565387
vn -0.547495 -0.195833 0.813572
vn -0.603382 -0.22568 0.764852
vn -0.32266 -0.181603 0.92893
vn 0.202721 -0.104344 0.973661
vn -0.092037 -0.128817 0.987388
vn -0.358127 -0.159836 0.91989
vn -0.32266 -0.181603 0.92893
vn -0.092037 -0.128817 0.987388
vn 0.202721 -0.104344 0.973661
vn 0.658491 -0.023123 0.752233
vn 0.572566 -0.015331 0.819715
vn -0.092037 -0.128817 0.987388
vn 0.202721 -0.104344 0.973661
vn 0.572566 -0.015331 0.819715
vn -0.157639 -0.091134 0.983283
vn 0.229169 -0.15615 0.96078
vn 0.021552 -0.108482 0.993865
vn -0.154525 -0.094657 0.983444
vn -0.157639 -0.091134 0.983283
vn 0.021552 -0.108482 0.993865
vn 0.229169 -0.15615 0.96078
vn 0.638499 -0.223545 0.736442
vn 0.556789 -0.194986 0.807444
vn 0.021552 -0.108482 0.993865
vn 0.229169 -0.15615 0.96078
vn 0.556789 -0.194986 0.807444
vn 0.330584 -0.18218 0.926026
vn -0.167599 -0.114901 0.979136
vn 0.080654 -0.124305 0.988961
vn 0.295261 -0.141281 0.944913
vn 0.330584 -0.18218 0.926026
vn 0.080654 -0.124305 0.988961
vn -0.167599 -0.114901 0.979136
vn -0.626165 -0.035833 0.778867
vn -0.56448 -0.017428 0.825263
vn 0.080654 -0.124305 0.988961
vn -0.167599 -0.114901 0.979136
vn -0.56448 -0.017428 0.825263
vn 0.15702 -0.091629 0.983335
vn -0.220433 -0.156416 0.962779
vn -0.040365 -0.110522 0.993054
vn 0.159965 -0.094901 0.98255
vn 0.15702 -0.091629 0.983335
vn -0.040365 -0.110522 0.993054
vn -0.220433 -0.156416 0.962779
vn -0.603382 -0.22568 0.764852
vn -0.547495 -0.195833 0.813572
vn -0.040365 -0.110522 0.993054
vn -0.220433 -0.156416 0.962779
vn -0.547495 -0.195833 0.813572
vn 0.034392 0.602984 0.797011
vn -0.22015 0.53191 0.817683
vn -0.001704 0.265421 0.964131
vn 0.037072 -0.85235 0.521655
vn 0.055506 -0.822693 -0.56577
vn 0.033898 -0.998748 -0.036796
vn -0.050224 -0.840449 0.539558
vn -0.036188 -0.999344 -0.001115
vn -0.04636 -0.911794 -0.408022
vn -0.080211 -0.632439 -0.770446
vn -0.04636 -0.911794 -0.408022
vn -0.036188 -0.999344 -0.001115
vn -0.056501 -0.840912 0.538214
vn -0.036188 -0.999344 -0.001115
vn -0.050224 -0.840449 0.539558
vn 0.183523 0.274313 -0.943966
vn 0.078644 0.063367 -0.994887
vn -0.183523 0.274312 -0.943966
vn 0.619775 0.271943 0.736156
vn 0.642884 0.045775 0.764595
vn 0.756398 -0.279372 0.591451
vn 0.634166 0.310256 0.70822
vn 0.635131 0.476086 0.608236
vn 0.182047 0.613998 0.768027
vn 0.538927 -0.129689 0.832309
vn 0.619775 0.271943 0.736156
vn 0.756398 -0.279372 0.591451
vn -0.446287 -0.415563 0.79255
vn -0.642881 0.045776 0.764597
vn -0.756398 -0.279368 0.591452
vn -0.08425 -0.363346 0.927837
vn -0.129736 -0.345399 0.929445
vn -0.267232 -0.366556 0.891192
vn 0.328749 -0.942749 -0.056114
vn 0.164058 -0.490523 -0.855846
vn 0.475446 -0.625707 -0.618419
vn -0.021504 -0.663523 -0.747846
vn -0.152895 -0.987469 -0.039095
vn -0.096384 -0.824946 -0.556932
vn 0.979385 0.176215 -0.098756
vn 0.770219 -0.220423 -0.598479
vn 0.808898 0.18331 -0.558643
vn -0.839165 -0.194814 -0.507789
vn -0.691849 -0.450713 -0.564095
vn -0.579521 -0.813539 -0.048054
vn 0.770219 -0.220423 -0.598479
vn 0.881897 -0.316677 -0.349246
vn 0.493266 -0.832839 -0.251132
vn -0.660212 0.462953 0.591435
vn -0.769195 0.276135 0.576272
vn -0.877416 0.231202 0.420341
vn 0.938067 -0.322971 0.125382
vn 0.993622 0.043892 0.103867
vn 0.892485 0.205632 0.40148
vn -0.769195 0.276135 0.576272
vn -0.948699 0.162475 0.27124
vn -0.877416 0.231202 0.420341
vn 0.993622 0.043892 0.103867
vn 0.824993 0.301715 0.477865
vn 0.892485 0.205632 0.40148
vn -0.877416 0.231202 0.420341
vn -0.948699 0.162475 0.27124
vn -0.996903 0.033201 0.071284
vn 0.0 -1.0 -0.0
vn -0.0 -1.0 -0.0
vn 0.0 -1.0 -0.0
vn 0.749606 -0.497785 -0.436234
vn 0.729454 -0.316652 -0.606323
vn 0.09293 -0.345393 -0.933846
vn -0.839165 -0.194814 -0.507789
vn -0.579521 -0.813539 -0.048054
vn -0.899958 -0.310422 -0.306128
vn 0.749606 -0.497785 -0.436234
vn 0.770219 -0.220423 -0.598479
vn 0.493266 -0.832839 -0.251132
vn 0.979385 0.176215 -0.098756
vn 0.808898 0.18331 -0.558643
vn 0.697331 0.305796 -0.648242
vn -0.948699 0.162475 0.27124
vn -0.987516 0.136102 -0.079302
vn -0.996903 0.033201 0.071284
vn -0.839165 -0.194814 -0.507789
vn -0.899958 -0.310422 -0.306128
vn -0.987516 0.136102 -0.079302
vn 0.993622 0.043892 0.103867
vn 0.881897 -0.316677 -0.349246
vn 0.979385 0.176215 -0.098756
vn -0.049361 0.804883 0.591377
vn -0.660212 0.462953 0.591435
vn -0.816576 0.369138 0.443781
vn -0.440211 0.722413 0.533229
vn -0.049361 0.804883 0.591377
vn -0.816576 0.369138 0.443781
vn -0.049361 0.804883 0.591377
vn 0.067542 0.635452 0.769181
vn -0.660212 0.462953 0.591435
vn -0.288006 -0.815264 0.502392
vn -0.696926 -0.513466 0.500646
vn -0.843923 -0.5072 -0.174761
vn 0.287992 -0.815257 0.50241
vn 0.843925 -0.507206 -0.174736
vn 0.626531 -0.631438 0.456886
vn -0.92736 -0.367066 0.072568
vn -0.754512 -0.387361 -0.529776
vn -0.74205 -0.486958 -0.460688
vn -0.000011 -0.805237 0.592953
vn 0.242711 -0.545093 0.802474
vn -0.32972 -0.445011 0.832617
vn -0.877416 0.231202 0.420341
vn -0.996903 0.033201 0.071284
vn -0.914437 0.206851 0.347875
vn 0.91403 0.219535 0.341107
vn 0.993622 0.043892 0.103867
vn 0.979385 0.176215 -0.098756
vn -0.899958 -0.310422 -0.306128
vn -0.996903 0.033201 0.071284
vn -0.987516 0.136102 -0.079302
vn -0.660212 0.462953 0.591435
vn -0.877416 0.231202 0.420341
vn -0.914437 0.206851 0.347875
vn 0.881897 -0.316677 -0.349246
vn 0.993622 0.043892 0.103867
vn 0.494041 -0.616165 -0.613404
vn 0.891198 -0.448842 -0.065627
vn 0.494041 -0.616165 -0.613404
vn 0.993622 0.043892 0.103867
vn 0.881897 -0.316677 -0.349246
vn 0.494041 -0.616165 -0.613404
vn 0.493266 -0.832839 -0.251132
vn 0.822302 0.175861 0.541196
vn 0.897261 0.15643 0.412858
vn 0.812383 0.323348 0.485262
vn 0.993622 0.043892 0.103867
vn 0.91403 0.219535 0.341107
vn 0.824993 0.301715 0.477865
vn -0.660212 0.462953 0.591435
vn -0.914437 0.206851 0.347875
vn -0.816576 0.369138 0.443781
vn 0.742053 -0.486966 -0.460674
vn 0.729454 -0.316652 -0.606323
vn 0.889072 -0.456913 0.027945
vn -0.691849 -0.450713 -0.564095
vn 0.09293 -0.345393 -0.933846
vn -0.754512 -0.387361 -0.529776
vn -0.769195 0.276135 0.576272
vn -0.868395 0.274484 0.412975
vn -0.948699 0.162475 0.27124
vn -0.948699 0.162475 0.27124
vn -0.868395 0.274484 0.412975
vn -0.987516 0.136102 -0.079302
vn 0.770219 -0.220423 -0.598479
vn 0.979385 0.176215 -0.098756
vn 0.881897 -0.316677 -0.349246
vn -0.868395 0.274484 0.412975
vn -0.82104 0.221582 -0.526112
vn -0.987516 0.136102 -0.079302
vn -0.000005 -0.159203 -0.987246
vn 0.09293 -0.345393 -0.933846
vn 0.729454 -0.316652 -0.606323
vn -0.000005 -0.159203 -0.987246
vn -0.754512 -0.387361 -0.529776
vn 0.09293 -0.345393 -0.933846
vn 0.765462 0.187113 -0.615675
vn 0.987516 0.136102 -0.079302
vn 0.81664 -0.246952 -0.521646
vn 0.74229 0.277166 -0.610069
vn 0.987516 0.136102 -0.079302
vn 0.765462 0.187113 -0.615675
vn 0.81664 -0.246952 -0.521646
vn 0.520829 -0.822362 -0.229039
vn 0.749613 -0.497782 -0.436227
vn -0.813244 -0.196808 -0.547632
vn -0.557891 -0.827126 -0.067972
vn -0.881897 -0.316677 -0.349246
vn -0.824993 0.301715 0.477865
vn -0.596146 0.514013 0.616766
vn -0.673447 0.344194 0.654217
vn 0.996903 0.033201 0.071285
vn 0.920712 -0.381706 -0.081182
vn 0.498606 -0.605093 -0.620688
vn -0.673447 0.344194 0.654217
vn -0.91403 0.219535 0.341106
vn -0.824993 0.301715 0.477865
vn -0.993622 0.043892 0.103867
vn -0.895349 0.209819 0.392844
vn -0.824993 0.301715 0.477865
vn 0.877416 0.231202 0.420341
vn 0.996903 0.033201 0.071285
vn 0.948699 0.162475 0.27124
vn -0.0 -1.0 -0.0
vn -0.0 -1.0 0.0
vn -0.397903 -0.910235 0.114652
vn -0.691845 -0.450712 -0.564101
vn 0.092931 -0.345391 -0.933846
vn -0.677787 -0.354835 -0.64397
vn 0.996903 0.033201 0.071285
vn 0.910038 0.211934 0.356252
vn 0.992723 0.00463 0.120331
vn 0.81664 -0.246952 -0.521646
vn 0.899958 -0.310421 -0.306127
vn 0.520829 -0.822362 -0.229039
vn -0.691845 -0.450712 -0.564101
vn -0.557891 -0.827126 -0.067972
vn -0.813244 -0.196808 -0.547632
vn 0.948699 0.162475 0.27124
vn 0.996903 0.033201 0.071285
vn 0.987516 0.136102 -0.079302
vn 0.81664 -0.246952 -0.521646
vn 0.987516 0.136102 -0.079302
vn 0.899958 -0.310421 -0.306127
vn -0.993622 0.043892 0.103867
vn -0.979385 0.176215 -0.098757
vn -0.881897 -0.316677 -0.349246
vn -0.596146 0.514013 0.616766
vn -0.749846 0.413319 0.516622
vn 0.049361 0.804883 0.591377
vn 0.049361 0.804883 0.591377
vn -0.749846 0.413319 0.516622
vn -0.337821 0.742855 0.577965
vn -0.895349 0.209819 0.392844
vn -0.749846 0.413319 0.516622
vn -0.596146 0.514013 0.616766
vn 0.385199 -0.632554 0.671935
vn 0.605484 -0.788697 0.106518
vn 0.626539 -0.631439 0.456874
vn -0.385179 -0.632546 0.671955
vn -0.696901 -0.513475 0.500672
vn -0.605477 -0.788699 0.106547
vn 0.889075 -0.456909 0.027926
vn 0.59429 -0.773131 -0.221556
vn 0.633617 -0.282901 -0.720068
vn 0.000013 -0.644701 0.764435
vn 0.242724 -0.5451 0.802466
vn -0.329701 -0.445004 0.832628
vn -0.673447 0.344194 0.654217
vn -0.79523 0.334888 0.505429
vn -0.91403 0.219535 0.341106
vn -0.824993 0.301715 0.477865
vn -0.895349 0.209819 0.392844
vn -0.596146 0.514013 0.616766
vn 0.877416 0.231202 0.420341
vn 0.910038 0.211934 0.356252
vn 0.996903 0.033201 0.071285
vn 0.498606 -0.605093 -0.620688
vn 0.899958 -0.310421 -0.306127
vn 0.996903 0.033201 0.071285
vn -0.91403 0.219535 0.341106
vn -0.979385 0.176215 -0.098757
vn -0.993622 0.043892 0.103867
vn 0.899958 -0.310421 -0.306127
vn 0.987516 0.136102 -0.079302
vn 0.996903 0.033201 0.071285
vn 0.498606 -0.605093 -0.620688
vn 0.520829 -0.822362 -0.229039
vn 0.899958 -0.310421 -0.306127
vn 0.918678 0.147645 0.366375
vn 0.853734 0.309352 0.418854
vn 0.875091 0.155255 0.458379
vn -0.596146 0.514013 0.616766
vn 0.049361 0.804883 0.591377
vn 0.035835 0.612095 0.789972
vn -0.993622 0.043892 0.103867
vn -0.824993 0.301715 0.477865
vn -0.91403 0.219535 0.341106
vn -0.594287 -0.77314 -0.221532
vn -0.927347 -0.367089 0.072609
vn -0.677787 -0.354835 -0.64397
vn 0.749613 -0.497782 -0.436227
vn 0.633617 -0.282901 -0.720068
vn 0.092931 -0.345391 -0.933846
vn -0.91403 0.219535 0.341106
vn -0.79523 0.334888 0.505429
vn -0.979385 0.176215 -0.098757
vn -0.813244 -0.196808 -0.547632
vn -0.881897 -0.316677 -0.349246
vn -0.979385 0.176215 -0.098757
vn -0.79523 0.334888 0.505429
vn -0.80487 0.278605 -0.523988
vn -0.979385 0.176215 -0.098757
vn 0.000008 -0.200909 -0.97961
vn -0.677787 -0.354835 -0.64397
vn 0.092931 -0.345391 -0.933846
vn 0.000008 -0.200909 -0.97961
vn 0.092931 -0.345391 -0.933846
vn 0.633617 -0.282901 -0.720068
vn 0.591108 -0.448711 -0.670261
vn 0.9419 -0.332237 -0.04943
vn 0.702677 -0.339436 -0.625322
vn 0.786682 -0.205273 0.582232
vn 0.440012 0.060261 0.895968
vn 0.652695 0.461968 0.600479
vn 0.786682 -0.205273 0.582232
vn 0.891866 0.347477 0.289543
vn 0.9419 -0.332237 -0.04943
vn 0.591108 -0.448711 -0.670261
vn 0.767768 -0.023716 -0.640289
vn 0.321742 -0.231351 -0.918128
vn -0.175742 0.301108 -0.937256
vn -0.000001 0.252877 -0.967499
vn 0.526739 0.325448 -0.785258
vn 0.510011 0.370595 0.77624
vn -0.0 0.400622 0.916244
vn 0.012893 0.469927 0.882611
vn 0.610262 0.622836 -0.489545
vn 0.9419 -0.332237 -0.04943
vn 0.875051 0.419087 -0.242182
vn 0.216681 -0.217867 -0.951621
vn 0.337556 0.09601 -0.936396
vn 0.0 0.409045 -0.912514
vn 0.440012 0.060261 0.895968
vn 0.336891 0.668789 0.662741
vn 0.652695 0.461968 0.600479
vn 0.786682 -0.205273 0.582232
vn 0.652695 0.461968 0.600479
vn 0.891866 0.347477 0.289543
vn 0.961124 -0.018051 0.275528
vn 0.960544 0.191417 -0.201777
vn 0.9419 -0.332237 -0.04943
vn 0.810006 0.380464 0.446248
vn 0.587314 0.447453 0.674424
vn 0.476249 0.697243 0.535759
vn 0.612499 -0.221723 -0.758739
vn 0.621554 0.11715 -0.774562
vn 0.370807 0.330098 -0.868065
vn 0.482127 0.765338 0.426393
vn 0.29145 0.824165 0.485602
vn 0.218492 0.974312 0.054572
vn 0.476249 0.697243 0.535759
vn 0.29145 0.824165 0.485602
vn 0.482127 0.765338 0.426393
vn 0.218492 0.974312 0.054572
vn 0.546853 0.836314 -0.039128
vn 0.482127 0.765338 0.426393
vn 0.476249 0.697243 0.535759
vn 0.587314 0.447453 0.674424
vn 0.29145 0.824165 0.485602
vn 0.591108 -0.448711 -0.670261
vn 0.337556 0.09601 -0.936396
vn 0.216681 -0.217867 -0.951621
vn 0.270584 -0.454008 -0.848917
vn 0.591108 -0.448711 -0.670261
vn 0.216681 -0.217867 -0.951621
vn 0.270584 -0.454008 -0.848917
vn 0.216681 -0.217867 -0.951621
vn 0.0 -0.250886 -0.968017
vn 0.612499 -0.221723 -0.758739
vn 0.913975 -0.376661 -0.150915
vn 0.808809 -0.123262 -0.575009
vn 0.816135 0.030238 0.577069
vn 0.958112 0.044652 0.282892
vn 0.970229 -0.230729 -0.073619
vn 0.810006 0.380464 0.446248
vn 0.969784 0.2312 0.077881
vn 0.640668 0.56048 0.524792
vn 0.391834 -0.208787 -0.896033
vn 0.621554 0.11715 -0.774562
vn 0.808809 -0.123262 -0.575009
vn 0.810006 0.380464 0.446248
vn 0.958112 0.044652 0.282892
vn 0.816135 0.030238 0.577069
vn 0.546853 0.836314 -0.039128
vn 0.218492 0.974312 0.054572
vn 0.437514 0.811759 -0.386818
vn 0.621554 0.11715 -0.774562
vn 0.546543 0.460443 -0.699488
vn 0.370807 0.330098 -0.868065
vn 0.621554 0.11715 -0.774562
vn 0.612499 -0.221723 -0.758739
vn 0.808809 -0.123262 -0.575009
vn 0.267119 0.504989 -0.820752
vn 0.526739 0.325448 -0.785258
vn 0.541714 0.68587 -0.485931
vn 0.225081 0.823425 -0.520875
vn 0.437514 0.811759 -0.386818
vn 0.218492 0.974312 0.054572
vn 0.526739 0.325448 -0.785258
vn 0.793549 0.608495 0.003687
vn 0.541714 0.68587 -0.485931
vn 0.270584 -0.454008 -0.848917
vn 0.752427 -0.408712 -0.516535
vn 0.591108 -0.448711 -0.670261
vn 0.022208 -0.475422 -0.879478
vn 0.270584 -0.454008 -0.848917
vn 0.0 -0.250886 -0.968017
vn 0.034392 0.602984 0.797011
vn 0.108093 0.699546 0.706365
vn 0.034649 0.60545 0.795128
vn 0.0 0.822872 -0.568228
vn 0.07127 0.98567 -0.152889
vn 0.099841 0.944015 -0.314431
vn 0.253558 0.58633 -0.769366
vn 0.443035 0.841617 -0.308871
vn 0.099841 0.944015 -0.314431
vn 0.034649 0.60545 0.795128
vn 0.108093 0.699546 0.706365
vn 0.336891 0.668789 0.662741
vn 0.017304 0.895166 -0.445398
vn 0.0 0.636531 -0.771251
vn 0.099841 0.944015 -0.314431
vn -0.520847 -0.447576 -0.726907
vn -0.702677 -0.339437 -0.625322
vn -0.927908 -0.349827 -0.128876
vn -0.837528 -0.214547 0.502511
vn -0.625272 0.4626 0.628519
vn -0.541814 -0.015164 0.840362
vn -0.837528 -0.214547 0.502511
vn -0.927908 -0.349827 -0.128876
vn -0.869736 0.362097 0.335329
vn -0.520847 -0.447576 -0.726907
vn -0.321742 -0.231351 -0.918128
vn -0.73289 -0.009213 -0.680284
vn -0.175742 0.301108 -0.937256
vn -0.259022 0.244246 -0.934479
vn -0.000001 0.252877 -0.967499
vn -0.793549 0.608495 0.003687
vn -0.491493 0.678093 -0.546465
vn -0.546856 0.836312 -0.039128
vn -0.510011 0.370595 0.77624
vn -0.793549 0.608495 0.003687
vn -0.451411 0.769969 0.450972
vn -0.510011 0.370595 0.77624
vn 0.012893 0.469927 0.882611
vn -0.0 0.400622 0.916244
vn -0.658866 0.45721 -0.597373
vn -0.750572 0.640048 -0.164259
vn -0.927908 -0.349827 -0.128876
vn -0.216681 -0.217867 -0.951621
vn 0.0 0.409045 -0.912514
vn -0.337557 0.09601 -0.936396
vn -0.541814 -0.015164 0.840362
vn -0.625272 0.4626 0.628519
vn -0.298986 0.604113 0.738684
vn -0.837528 -0.214547 0.502511
vn -0.869736 0.362097 0.335329
vn -0.625272 0.4626 0.628519
vn -0.91229 -0.306361 0.271792
vn -0.927908 -0.349827 -0.128876
vn -0.877118 0.424753 -0.224161
vn -0.874249 0.324937 0.360702
vn -0.501666 0.695294 0.514683
vn -0.623108 0.3151 0.715855
vn -0.519085 -0.236419 -0.821375
vn -0.489329 0.308327 -0.815777
vn -0.580175 0.149013 -0.800744
vn -0.451411 0.769969 0.450972
vn -0.218495 0.974311 0.054572
vn -0.259829 0.770129 0.582572
vn -0.501666 0.695294 0.514683
vn -0.451411 0.769969 0.450972
vn -0.259829 0.770129 0.582572
vn -0.218495 0.974311 0.054572
vn -0.451411 0.769969 0.450972
vn -0.546856 0.836312 -0.039128
vn -0.501666 0.695294 0.514683
vn -0.259829 0.770129 0.582572
vn -0.623108 0.3151 0.715855
vn -0.520847 -0.447576 -0.726907
vn -0.216681 -0.217867 -0.951621
vn -0.337557 0.09601 -0.936396
vn -0.388442 0.531451 0.752777
vn 0.012893 0.469927 0.882611
vn -0.510011 0.370595 0.77624
vn -0.519085 -0.236419 -0.821375
vn -0.730439 -0.170503 -0.661352
vn -0.896588 -0.38071 -0.226251
vn -0.918165 0.137026 0.371749
vn -0.958532 -0.238405 -0.15614
vn -0.939117 0.059355 0.338431
vn -0.874249 0.324937 0.360702
vn -0.74523 0.558993 0.363537
vn -0.969784 0.231201 0.077879
vn -0.296476 -0.192894 -0.935358
vn -0.730439 -0.170503 -0.661352
vn -0.580175 0.149013 -0.800744
vn -0.874249 0.324937 0.360702
vn -0.918165 0.137026 0.371749
vn -0.939117 0.059355 0.338431
vn -0.546856 0.836312 -0.039128
vn -0.491493 0.678093 -0.546465
vn -0.40139 0.847406 -0.347547
vn -0.546856 0.836312 -0.039128
vn -0.40139 0.847406 -0.347547
vn -0.218495 0.974311 0.054572
vn -0.580175 0.149013 -0.800744
vn -0.489329 0.308327 -0.815777
vn -0.506112 0.49971 -0.702951
vn -0.580175 0.149013 -0.800744
vn -0.730439 -0.170503 -0.661352
vn -0.519085 -0.236419 -0.821375
vn -0.491493 0.678093 -0.546465
vn -0.339116 0.53788 -0.771807
vn -0.40139 0.847406 -0.347547
vn -0.546856 0.836312 -0.039128
vn -0.451411 0.769969 0.450972
vn -0.793549 0.608495 0.003687
vn -0.175742 0.301108 -0.937256
vn -0.491493 0.678093 -0.546465
vn -0.654859 0.35698 -0.666126
vn -0.291238 0.766572 -0.572319
vn -0.218495 0.974311 0.054572
vn -0.40139 0.847406 -0.347547
vn -0.296476 -0.192894 -0.935358
vn -0.580175 0.149013 -0.800744
vn -0.278627 0.185962 -0.942223
vn -0.654859 0.35698 -0.666126
vn -0.491493 0.678093 -0.546465
vn -0.793549 0.608495 0.003687
vn -0.510011 0.370595 0.77624
vn -0.451411 0.769969 0.450972
vn -0.388442 0.531451 0.752777
vn 0.022208 -0.475422 -0.879478
vn 0.0 -0.250886 -0.968017
vn -0.216609 -0.466037 -0.85784
vn 0.034392 0.602984 0.797011
vn 0.034649 0.60545 0.795128
vn -0.081448 0.697254 0.712182
vn 0.0 0.822872 -0.568228
vn -0.143894 0.942932 -0.300289
vn -0.071272 0.98567 -0.152889
vn -0.25356 0.58633 -0.769366
vn -0.143894 0.942932 -0.300289
vn -0.447538 0.816205 -0.365404
vn 0.034649 0.60545 0.795128
vn -0.298986 0.604113 0.738684
vn -0.081448 0.697254 0.712182
vn 0.017304 0.895166 -0.445398
vn -0.143894 0.942932 -0.300289
vn 0.0 0.636531 -0.771251
vn -0.506112 0.49971 -0.702951
vn -0.40139 0.847406 -0.347547
vn -0.339116 0.53788 -0.771807
vn 0.847222 0.331163 -0.415386
vn 0.065858 0.832154 -0.550619
vn 0.217636 0.858658 -0.46405
vn -0.628896 0.554964 0.544523
vn -0.730364 0.534034 0.425882
vn -0.743064 0.553646 0.375941
vn 0.04697 0.790648 0.610466
vn 0.043326 0.996599 0.070095
vn 0.040217 0.910069 -0.412501
vn -0.115694 0.122015 -0.985762
vn -0.266359 0.305652 -0.914128
vn 0.082964 0.459074 -0.884516
vn 0.082964 0.459074 -0.884516
vn -0.13378 0.605616 -0.784431
vn 0.115631 0.730869 -0.672651
vn -0.628896 0.554964 0.544523
vn -0.703453 0.271837 0.656703
vn -0.521064 0.440153 0.731271
vn -0.081448 0.697254 0.712182
vn -0.338689 0.70986 0.617566
vn 0.034392 0.602984 0.797011
vn 0.082964 0.459074 -0.884516
vn -0.266359 0.305652 -0.914128
vn -0.13378 0.605616 -0.784431
vn -0.13378 0.605616 -0.784431
vn -0.266359 0.305652 -0.914128
vn -0.569832 0.414202 -0.709738
vn -0.628896 0.554964 0.544523
vn -0.338689 0.70986 0.617566
vn -0.451225 0.683307 0.57401
vn -0.338689 0.70986 0.617566
vn -0.22015 0.53191 0.817683
vn -0.230383 0.912626 0.337694
vn -0.443918 0.755607 -0.481658
vn -0.144798 0.77685 -0.612811
vn -0.461751 0.702252 -0.541874
vn -0.640925 0.266619 -0.719812
vn -0.569832 0.414202 -0.709738
vn -0.266359 0.305652 -0.914128
vn -0.847222 0.331164 -0.415386
vn -0.135567 0.848792 -0.511052
vn -0.0484 0.840174 -0.540153
vn 0.115693 0.122013 -0.985763
vn -0.082966 0.459073 -0.884516
vn 0.266358 0.305651 -0.914128
vn -0.082966 0.459073 -0.884516
vn -0.079959 0.662703 -0.744602
vn 0.133779 0.605616 -0.784431
vn 0.133779 0.605616 -0.784431
vn 0.144798 0.77685 -0.612811
vn 0.510886 0.639803 -0.57415
vn 0.602436 0.602046 0.524034
vn 0.452555 0.41591 0.788805
vn 0.641048 0.281723 0.713925
vn -0.082966 0.459073 -0.884516
vn 0.133779 0.605616 -0.784431
vn 0.266358 0.305651 -0.914128
vn 0.133779 0.605616 -0.784431
vn 0.577206 0.463362 -0.672406
vn 0.266358 0.305651 -0.914128
vn 0.577206 0.463362 -0.672406
vn 0.133779 0.605616 -0.784431
vn 0.510886 0.639803 -0.57415
vn 0.602436 0.602046 0.524034
vn 0.397858 0.683462 0.612037
vn 0.326086 0.681593 0.655056
vn 0.133779 0.605616 -0.784431
vn -0.079959 0.662703 -0.744602
vn 0.144798 0.77685 -0.612811
vn 0.63369 0.164793 -0.755831
vn 0.266358 0.305651 -0.914128
vn 0.577206 0.463362 -0.672406
vn -0.056975 -0.308513 -0.949512
vn -0.374472 -0.231137 -0.897968
vn -0.326536 0.331072 -0.885305
vn -0.008147 -0.808991 -0.587764
vn -0.326537 -0.739667 -0.588444
vn -0.056975 -0.308513 -0.949512
vn -0.056971 -0.998376 0.000001
vn -0.374472 -0.925443 -0.057662
vn -0.326537 -0.739667 -0.588444
vn -0.056971 -0.998376 0.000001
vn -0.326538 -0.788214 0.521624
vn -0.374472 -0.925443 -0.057662
vn -0.056976 -0.308514 0.949512
vn -0.374472 -0.340817 0.862331
vn -0.326538 -0.788214 0.521624
vn -0.008156 0.309007 0.951025
vn -0.326536 0.252522 0.910828
vn -0.056976 -0.308514 0.949512
vn -0.056977 0.807703 0.58683
vn -0.374469 0.714805 0.590615
vn -0.326536 0.252522 0.910828
vn -0.056977 0.807703 0.58683
vn -0.326534 0.944283 0.041297
vn -0.374469 0.714805 0.590615
vn -0.056975 0.807703 -0.58683
vn -0.374472 0.78259 -0.497316
vn -0.326534 0.944283 0.041297
vn -0.999736 0.018576 -0.013497
vn -0.896482 0.334494 -0.290575
vn -0.896481 0.099816 -0.431692
vn -0.999736 0.018576 -0.013497
vn -0.896481 0.099816 -0.431692
vn -0.896482 -0.172988 -0.407916
vn -0.999736 0.018576 -0.013497
vn -0.896482 -0.172988 -0.407916
vn -0.896481 -0.379717 -0.228333
vn -0.999736 0.018576 -0.013497
vn -0.896481 -0.379717 -0.228333
vn -0.877929 -0.47788 -0.029523
vn -0.999736 0.018576 -0.013497
vn -0.877929 -0.47788 -0.029523
vn -0.905307 -0.320225 0.279061
vn -0.999736 0.018576 -0.013497
vn -0.905307 -0.320225 0.279061
vn -0.890628 -0.024675 0.454063
vn -0.999736 0.018576 -0.013497
vn -0.890628 -0.024675 0.454063
vn -0.896482 0.172989 0.407915
vn -0.999736 0.018576 -0.013497
vn -0.896482 0.172989 0.407915
vn -0.896483 0.379716 0.228329
vn -0.999736 0.018576 -0.013497
vn -0.896483 0.379716 0.228329
vn -0.896483 0.441405 -0.03847
vn -0.999736 0.018576 -0.013497
vn -0.896483 0.441405 -0.03847
vn -0.896482 0.334494 -0.290575
vn 0.400526 0.000353 0.916285
vn -0.008156 0.309007 0.951025
vn -0.056976 -0.308514 0.949512
vn 0.398898 0.538731 0.742057
vn -0.056977 0.807703 0.58683
vn -0.008156 0.309007 0.951025
vn 0.777754 -0.192182 0.598468
vn 0.400526 0.000353 0.916285
vn 0.564065 -0.255061 0.78535
vn 0.696352 0.221521 0.682658
vn 0.398898 0.538731 0.742057
vn 0.363772 0.28786 0.885893
vn 0.777754 -0.192182 0.598468
vn 0.971202 -0.070456 0.227602
vn 0.996875 -0.050222 -0.060975
vn 0.996875 -0.050222 -0.060975
vn 0.778887 0.505754 0.370874
vn 0.696352 0.221521 0.682658
vn 0.778887 0.505754 0.370874
vn 0.560953 0.669784 0.486539
vn 0.398898 0.538731 0.742057
vn 0.696352 0.221521 0.682658
vn 0.363772 0.28786 0.885893
vn 0.400526 0.000353 0.916285
vn 0.696352 0.221521 0.682658
vn 0.777754 -0.192182 0.598468
vn 0.996875 -0.050222 -0.060975
vn 0.363772 0.28786 0.885893
vn -0.008156 0.309007 0.951025
vn 0.400526 0.000353 0.916285
vn 0.564065 -0.255061 0.78535
vn 0.400526 0.000353 0.916285
vn -0.056976 -0.308514 0.949512
vn 0.363772 0.28786 0.885893
vn 0.398898 0.538731 0.742057
vn -0.008156 0.309007 0.951025
vn 0.560953 0.669784 0.486539
vn -0.056977 0.807703 0.58683
vn 0.398898 0.538731 0.742057
vn 0.778887 0.505754 0.370874
vn 0.977102 -0.006485 -0.212671
vn 0.999461 -0.032817 0.001042
vn 0.935624 -0.105167 -0.336967
vn 0.989526 -0.105251 -0.098797
vn 0.977102 -0.006485 -0.212671
vn -0.056975 0.807703 -0.58683
vn -0.326536 0.331072 -0.885305
vn -0.374472 0.78259 -0.497316
vn 0.769969 -0.021202 -0.637728
vn 0.886995 0.198078 -0.417139
vn 0.918742 0.009257 -0.394751
vn 0.907362 -0.213445 0.362125
vn 0.777754 -0.192182 0.598468
vn 0.564065 -0.255061 0.78535
vn 0.994645 0.10332 0.002692
vn 0.560953 0.669784 0.486539
vn 0.778887 0.505754 0.370874
vn 0.397846 0.872647 0.283207
vn -0.008148 0.999967 -0.0
vn -0.056977 0.807703 0.58683
vn 0.397847 0.872646 -0.283208
vn -0.056975 0.807703 -0.58683
vn -0.008148 0.999967 -0.0
vn 0.779084 0.508589 0.36656
vn 0.397846 0.872647 0.283207
vn 0.560953 0.669784 0.486539
vn 0.696838 0.717229 -0.000001
vn 0.397847 0.872646 -0.283208
vn 0.361601 0.932333 -0.0
vn 0.779084 0.508589 0.36656
vn 0.999461 -0.032817 0.001042
vn 0.999846 0.017554 0.000022
vn 0.999846 0.017554 0.000022
vn 0.779083 0.508589 -0.366561
vn 0.696838 0.717229 -0.000001
vn 0.779083 0.508589 -0.366561
vn 0.560954 0.669784 -0.486538
vn 0.397847 0.872646 -0.283208
vn 0.696838 0.717229 -0.000001
vn 0.361601 0.932333 -0.0
vn 0.397846 0.872647 0.283207
vn 0.696838 0.717229 -0.000001
vn 0.779084 0.508589 0.36656
vn 0.999846 0.017554 0.000022
vn 0.361601 0.932333 -0.0
vn -0.008148 0.999967 -0.0
vn 0.397846 0.872647 0.283207
vn 0.560953 0.669784 0.486539
vn 0.397846 0.872647 0.283207
vn -0.056977 0.807703 0.58683
vn 0.361601 0.932333 -0.0
vn 0.397847 0.872646 -0.283208
vn -0.008148 0.999967 -0.0
vn 0.560954 0.669784 -0.486538
vn -0.056975 0.807703 -0.58683
vn 0.397847 0.872646 -0.283208
vn 0.779083 0.508589 -0.366561
vn 0.999846 0.017554 0.000022
vn 0.999306 -0.037207 0.001887
vn 0.986701 -0.158433 0.036327
vn 0.999846 0.017554 0.000022
vn 0.832767 -0.553623 0.000289
vn 0.987674 -0.153026 -0.032895
vn 0.832767 -0.553623 0.000289
vn 0.999846 0.017554 0.000022
vn 0.990863 0.013048 0.134239
vn 0.779084 0.508589 0.36656
vn 0.560953 0.669784 0.486539
vn 0.991066 0.010892 -0.132923
vn 0.560954 0.669784 -0.486538
vn 0.779083 0.508589 -0.366561
vn 0.398899 0.538732 -0.742057
vn -0.008155 0.309006 -0.951025
vn -0.056975 0.807703 -0.58683
vn 0.400524 0.000353 -0.916286
vn -0.056975 -0.308513 -0.949512
vn -0.008155 0.309006 -0.951025
vn 0.778887 0.505753 -0.370876
vn 0.398899 0.538732 -0.742057
vn 0.560954 0.669784 -0.486538
vn 0.696353 0.221518 -0.682658
vn 0.400524 0.000353 -0.916286
vn 0.363772 0.28786 -0.885893
vn 0.778887 0.505753 -0.370876
vn 0.999306 -0.037207 0.001887
vn 0.974904 -0.008762 0.222453
vn 0.962795 0.045775 -0.266326
vn 0.777755 -0.19218 -0.598467
vn 0.696353 0.221518 -0.682658
vn 0.974904 -0.008762 0.222453
vn 0.617769 0.33567 0.711117
vn 0.972288 -0.069884 -0.223097
vn 0.777755 -0.19218 -0.598467
vn 0.564064 -0.255059 -0.785351
vn 0.400524 0.000353 -0.916286
vn 0.778887 0.505753 -0.370876
vn 0.696353 0.221518 -0.682658
vn 0.398899 0.538732 -0.742057
vn 0.696353 0.221518 -0.682658
vn 0.778887 0.505753 -0.370876
vn 0.996728 0.000261 -0.080827
vn 0.363772 0.28786 -0.885893
vn -0.008155 0.309006 -0.951025
vn 0.398899 0.538732 -0.742057
vn 0.560954 0.669784 -0.486538
vn 0.398899 0.538732 -0.742057
vn -0.056975 0.807703 -0.58683
vn 0.363772 0.28786 -0.885893
vn 0.400524 0.000353 -0.916286
vn -0.008155 0.309006 -0.951025
vn 0.564064 -0.255059 -0.785351
vn -0.056975 -0.308513 -0.949512
vn 0.400524 0.000353 -0.916286
vn 0.777755 -0.19218 -0.598467
vn 0.996255 -0.053366 0.068024
vn 0.972288 -0.069884 -0.223097
vn 0.924599 -0.156436 0.347339
vn 0.861289 -0.084015 0.501121
vn 0.988578 -0.110471 0.102514
vn 0.995067 0.099204 0.000526
vn 0.778887 0.505753 -0.370876
vn 0.560954 0.669784 -0.486538
vn 0.908246 -0.213547 -0.359843
vn 0.564064 -0.255059 -0.785351
vn 0.777755 -0.19218 -0.598467
vn 0.402203 -0.538457 -0.74047
vn -0.008147 -0.808991 -0.587764
vn -0.056975 -0.308513 -0.949512
vn 0.403199 -0.870202 -0.283159
vn -0.056971 -0.998376 0.000001
vn -0.008147 -0.808991 -0.587764
vn 0.729067 -0.334611 -0.597074
vn 0.402203 -0.538457 -0.74047
vn 0.564064 -0.255059 -0.785351
vn 0.776627 -0.629956 -0.002437
vn 0.403199 -0.870202 -0.283159
vn 0.695381 -0.581501 -0.422258
vn 0.81874 0.016587 -0.573925
vn 0.972288 -0.069884 -0.223097
vn 0.907739 0.415789 0.055951
vn 0.970238 -0.240816 -0.02543
vn 0.776627 -0.629956 -0.002437
vn 0.695381 -0.581501 -0.422258
vn 0.776627 -0.629956 -0.002437
vn 0.565967 -0.824428 0.000004
vn 0.403199 -0.870202 -0.283159
vn 0.729067 -0.334611 -0.597074
vn 0.695381 -0.581501 -0.422258
vn 0.402203 -0.538457 -0.74047
vn 0.695381 -0.581501 -0.422258
vn 0.729067 -0.334611 -0.597074
vn 0.970238 -0.240816 -0.02543
vn 0.367254 -0.752482 -0.546713
vn -0.008147 -0.808991 -0.587764
vn 0.402203 -0.538457 -0.74047
vn 0.564064 -0.255059 -0.785351
vn 0.402203 -0.538457 -0.74047
vn -0.056975 -0.308513 -0.949512
vn 0.367254 -0.752482 -0.546713
vn 0.403199 -0.870202 -0.283159
vn -0.008147 -0.808991 -0.587764
vn 0.565967 -0.824428 0.000004
vn -0.056971 -0.998376 0.000001
vn 0.403199 -0.870202 -0.283159
vn 0.776627 -0.629956 -0.002437
vn 0.98894 -0.043305 0.141851
vn 0.979715 -0.200398 -0.000017
vn 0.632386 0.76943 -0.089808
vn 0.995009 -0.081249 0.057929
vn 0.967432 0.173716 0.184111
vn 0.617769 0.33567 0.711117
vn 0.907739 0.415789 0.055951
vn 0.990332 0.018092 -0.137533
vn 0.972288 -0.069884 -0.223097
vn 0.81874 0.016587 -0.573925
vn 0.564064 -0.255059 -0.785351
vn 0.979715 -0.200398 -0.000017
vn 0.565967 -0.824428 0.000004
vn 0.776627 -0.629956 -0.002437
vn 0.403197 -0.870202 0.283162
vn -0.008148 -0.808993 0.587761
vn -0.056971 -0.998376 0.000001
vn 0.402206 -0.538455 0.740471
vn -0.056976 -0.308514 0.949512
vn -0.008148 -0.808993 0.587761
vn 0.776625 -0.629959 0.002446
vn 0.403197 -0.870202 0.283162
vn 0.565967 -0.824428 0.000004
vn 0.777406 -0.197051 0.597336
vn 0.402206 -0.538455 0.740471
vn 0.695382 -0.5815 0.422259
vn 0.776625 -0.629959 0.002446
vn 0.979715 -0.200398 -0.000017
vn 0.989361 0.090099 -0.11422
vn 0.972801 -0.188008 0.13532
vn 0.777406 -0.197051 0.597336
vn 0.695382 -0.5815 0.422259
vn 0.777406 -0.197051 0.597336
vn 0.564065 -0.255061 0.78535
vn 0.402206 -0.538455 0.740471
vn 0.695382 -0.5815 0.422259
vn 0.367256 -0.752484 0.546709
vn 0.403197 -0.870202 0.283162
vn 0.695382 -0.5815 0.422259
vn 0.776625 -0.629959 0.002446
vn 0.972801 -0.188008 0.13532
vn 0.367256 -0.752484 0.546709
vn -0.008148 -0.808993 0.587761
vn 0.403197 -0.870202 0.283162
vn 0.565967 -0.824428 0.000004
vn 0.403197 -0.870202 0.283162
vn -0.056971 -0.998376 0.000001
vn 0.367256 -0.752484 0.546709
vn 0.402206 -0.538455 0.740471
vn -0.008148 -0.808993 0.587761
vn 0.564065 -0.255061 0.78535
vn -0.056976 -0.308514 0.949512
vn 0.402206 -0.538455 0.740471
vn 0.932289 -0.010071 0.361575
vn 0.924599 -0.156436 0.347339
vn 0.457679 0.02011 0.88889
vn 0.777406 -0.197051 0.597336
vn 0.961061 0.234823 -0.145668
vn 0.971202 -0.070456 0.227602
vn 0.886995 0.198078 -0.417139
vn 0.989475 0.016743 0.143731
vn 0.819097 0.478082 -0.317044
vn 0.632386 0.76943 -0.089808
vn 0.961061 0.234823 -0.145668
vn 0.979715 -0.200398 -0.000017
vn 0.924518 -0.367135 -0.102364
vn 0.776625 -0.629959 0.002446
vn 0.565967 -0.824428 0.000004
vn 0.971202 -0.070456 0.227602
vn 0.564065 -0.255061 0.78535
vn 0.777406 -0.197051 0.597336
vn -0.008156 0.309007 0.951025
vn -0.056977 0.807703 0.58683
vn -0.326536 0.252522 0.910828
vn -0.056976 -0.308514 0.949512
vn -0.326536 0.252522 0.910828
vn -0.374472 -0.340817 0.862331
vn -0.008148 -0.808993 0.587761
vn -0.056976 -0.308514 0.949512
vn -0.326538 -0.788214 0.521624
vn -0.008148 -0.808993 0.587761
vn -0.326538 -0.788214 0.521624
vn -0.056971 -0.998376 0.000001
vn -0.008147 -0.808991 -0.587764
vn -0.056971 -0.998376 0.000001
vn -0.326537 -0.739667 -0.588444
vn -0.056975 -0.308513 -0.949512
vn -0.326537 -0.739667 -0.588444
vn -0.374472 -0.231137 -0.897968
vn -0.008155 0.309006 -0.951025
vn -0.056975 -0.308513 -0.949512
vn -0.326536 0.331072 -0.885305
vn -0.008155 0.309006 -0.951025
vn -0.326536 0.331072 -0.885305
vn -0.056975 0.807703 -0.58683
vn -0.008148 0.999967 -0.0
vn -0.056975 0.807703 -0.58683
vn -0.326534 0.944283 0.041297
vn -0.008148 0.999967 -0.0
vn -0.326534 0.944283 0.041297
vn -0.056977 0.807703 0.58683
vn 0.779083 0.508589 -0.366561
vn 0.397847 0.872646 -0.283208
vn 0.696838 0.717229 -0.000001
vn 0.779084 0.508589 0.36656
vn 0.696838 0.717229 -0.000001
vn 0.397846 0.872647 0.283207
vn 0.778887 0.505754 0.370874
vn 0.398898 0.538731 0.742057
vn 0.696352 0.221521 0.682658
vn 0.777754 -0.192182 0.598468
vn 0.696352 0.221521 0.682658
vn 0.400526 0.000353 0.916285
vn 0.695382 -0.5815 0.422259
vn 0.402206 -0.538455 0.740471
vn 0.367256 -0.752484 0.546709
vn 0.776625 -0.629959 0.002446
vn 0.695382 -0.5815 0.422259
vn 0.403197 -0.870202 0.283162
vn 0.695381 -0.581501 -0.422258
vn 0.367254 -0.752482 -0.546713
vn 0.402203 -0.538457 -0.74047
vn 0.695381 -0.581501 -0.422258
vn 0.403199 -0.870202 -0.283159
vn 0.367254 -0.752482 -0.546713
vn 0.777755 -0.19218 -0.598467
vn 0.400524 0.000353 -0.916286
vn 0.696353 0.221518 -0.682658
vn 0.696353 0.221518 -0.682658
vn 0.363772 0.28786 -0.885893
vn 0.398899 0.538732 -0.742057
vn 0.886995 0.198078 -0.417139
vn 0.977102 -0.006485 -0.212671
vn 0.971202 -0.070456 0.227602
vn 0.819097 0.478082 -0.317044
vn 0.47941 0.763907 -0.431985
vn 0.886995 0.198078 -0.417139
vn 0.534463 0.723017 0.437716
vn 0.468149 0.768783 0.435671
vn 0.837138 0.526823 0.147166
vn 0.999306 -0.037207 0.001887
vn 0.857521 -0.447979 0.252929
vn 0.924599 -0.156436 0.347339
vn 0.999461 -0.032817 0.001042
vn 0.965201 -0.227929 -0.1282
vn 0.832767 -0.553623 0.000289
vn 0.977102 -0.006485 -0.212671
vn 0.918742 0.009257 -0.394751
vn 0.935624 -0.105167 -0.336967
vn 0.704763 0.636419 -0.313497
vn 0.632386 0.76943 -0.089808
vn 0.47941 0.763907 -0.431985
vn 0.742465 0.505231 0.439871
vn 0.617769 0.33567 0.711117
vn 0.468149 0.768783 0.435671
vn 0.757835 -0.024379 0.65199
vn 0.457679 0.02011 0.88889
vn 0.617769 0.33567 0.711117
vn 0.999306 -0.037207 0.001887
vn 0.832767 -0.553623 0.000289
vn 0.857521 -0.447979 0.252929
vn 0.999461 -0.032817 0.001042
vn 0.868329 -0.354418 -0.346977
vn 0.965201 -0.227929 -0.1282
vn 0.067837 0.748067 0.660147
vn 0.043326 0.996599 0.070095
vn 0.04697 0.790648 0.610466
vn 0.044483 -0.649161 0.759349
vn 0.037072 -0.85235 0.521655
vn 0.033898 -0.998748 -0.036796
vn 0.075882 -0.541247 0.837433
vn 0.724554 -0.687411 -0.049886
vn 0.061776 -0.774843 0.629128
vn 0.29145 0.824165 0.485602
vn 0.061538 0.857611 0.510604
vn 0.218492 0.974312 0.054572
vn 0.225081 0.823425 -0.520875
vn 0.218492 0.974312 0.054572
vn 0.07548 0.827429 -0.556474
vn 0.061538 0.857611 0.510604
vn 0.07548 0.827429 -0.556474
vn 0.218492 0.974312 0.054572
vn 0.612499 -0.221723 -0.758739
vn 0.053731 -0.790174 -0.610523
vn 0.702983 -0.695538 -0.148463
vn 0.061776 -0.774843 0.629128
vn 0.859961 -0.504973 -0.073954
vn 0.053731 -0.790174 -0.610523
vn 0.761437 -0.646031 -0.053465
vn 0.475446 -0.625707 -0.618419
vn 0.444635 0.710504 -0.545421
vn -0.685229 0.063156 0.725584
vn -0.666069 0.052519 0.744039
vn -0.607107 -0.451904 0.653608
vn 0.682918 -0.729042 0.046053
vn 0.480719 -0.873055 0.08176
vn 0.663607 -0.694494 0.278037
vn -0.509121 0.048853 0.859307
vn 0.338754 0.64093 0.688806
vn 0.298799 0.85219 0.429525
vn 0.026786 -0.433813 -0.900605
vn 0.040688 -0.439117 -0.897508
vn 0.057575 -0.427443 -0.902207
vn 0.394029 -0.918859 -0.020934
vn 0.288608 -0.955209 0.065434
vn 0.480719 -0.873055 0.08176
vn -0.223445 -0.970166 0.094071
vn -0.430172 -0.686748 0.585943
vn -0.450388 -0.321352 0.832996
vn 0.618724 -0.785565 -0.00825
vn 0.57071 -0.661854 0.486044
vn 0.836083 -0.077738 0.543068
vn -0.193191 -0.980655 0.03152
vn -0.430172 -0.686748 0.585943
vn -0.223445 -0.970166 0.094071
vn 0.082392 -0.962745 -0.257553
vn 0.164058 -0.490523 -0.855846
vn 0.328749 -0.942749 -0.056114
vn 0.288608 -0.955209 0.065434
vn 0.082392 -0.962745 -0.257553
vn 0.328749 -0.942749 -0.056114
vn -0.202439 -0.960152 -0.192681
vn 0.082392 -0.962745 -0.257553
vn 0.044617 -0.998858 -0.017109
vn -0.219183 -0.862834 -0.455495
vn -0.333775 -0.582303 -0.741295
vn -0.202439 -0.960152 -0.192681
vn -0.202439 -0.960152 -0.192681
vn -0.333775 -0.582303 -0.741295
vn 0.082392 -0.962745 -0.257553
vn -0.389924 0.375174 0.840954
vn -0.401134 0.583458 0.706164
vn -0.194983 0.83722 0.510925
vn -0.450388 -0.321352 0.832996
vn -0.528359 0.069788 0.846148
vn -0.389924 0.375174 0.840954
vn -0.083872 0.762964 0.640976
vn -0.228999 0.607685 0.760446
vn -0.425838 0.042807 0.903786
vn 0.237693 -0.454734 -0.858323
vn 0.61461 -0.400027 -0.679877
vn 0.7828 -0.350994 -0.513835
vn 0.836879 -0.309351 0.451591
vn 0.651588 -0.340262 0.677978
vn 0.267231 -0.366556 0.891192
vn 0.097856 -0.463663 0.880591
vn 0.482316 -0.545217 0.685646
vn 0.635605 -0.568196 0.522647
vn 0.717021 -0.44878 -0.533364
vn 0.538584 -0.480663 -0.692019
vn 0.140849 -0.460078 -0.876635
vn 0.480719 -0.873055 0.08176
vn 0.682918 -0.729042 0.046053
vn 0.577178 -0.789074 0.210303
vn 0.044617 -0.998858 -0.017109
vn 0.082392 -0.962745 -0.257553
vn 0.288608 -0.955209 0.065434
vn -0.040144 0.686123 -0.726378
vn 0.249213 0.39273 -0.885243
vn 0.000899 0.170844 -0.985298
vn -0.076351 -0.530911 -0.843981
vn 0.164058 -0.490523 -0.855846
vn 0.082392 -0.962745 -0.257553
vn -0.091814 0.917455 -0.387101
vn -0.196557 0.956883 0.213871
vn 0.174393 0.968295 -0.178862
vn -0.333775 -0.582303 -0.741295
vn -0.235319 0.160851 -0.958515
vn -0.199249 0.309764 -0.929702
vn -0.202439 -0.960152 -0.192681
vn 0.044617 -0.998858 -0.017109
vn -0.219183 -0.862834 -0.455495
vn -0.219183 -0.862834 -0.455495
vn 0.044617 -0.998858 -0.017109
vn -0.223445 -0.970166 0.094071
vn -0.333775 -0.582303 -0.741295
vn -0.199249 0.309764 -0.929702
vn -0.076351 -0.530911 -0.843981
vn 0.164058 -0.490523 -0.855846
vn -0.076351 -0.530911 -0.843981
vn -0.199249 0.309764 -0.929702
vn -0.199249 0.309764 -0.929702
vn -0.123146 0.932585 -0.339294
vn -0.091814 0.917455 -0.387101
vn -0.389924 0.375174 0.840954
vn -0.528359 0.069788 0.846148
vn -0.401134 0.583458 0.706164
vn -0.430172 -0.686748 0.585943
vn -0.425838 0.042807 0.903786
vn -0.528359 0.069788 0.846148
vn -0.333775 -0.582303 -0.741295
vn -0.076351 -0.530911 -0.843981
vn 0.082392 -0.962745 -0.257553
vn -0.430172 -0.686748 0.585943
vn -0.528359 0.069788 0.846148
vn -0.450388 -0.321352 0.832996
vn -0.193191 -0.980655 0.03152
vn 0.171371 -0.981607 0.084135
vn -0.430172 -0.686748 0.585943
vn 0.635605 -0.568196 0.522647
vn 0.539285 -0.840338 0.054807
vn 0.650902 -0.610035 -0.451867
vn 0.608421 -0.793588 0.006512
vn 0.720132 -0.447933 -0.529874
vn 0.718432 -0.441831 0.537252
vn 0.63284 -0.774281 -0.001609
vn 0.717021 -0.44878 -0.533364
vn 0.704129 -0.469922 0.532331
vn 0.651588 -0.340262 0.677978
vn 0.873018 -0.486775 -0.029838
vn 0.61461 -0.400027 -0.679877
vn 0.109363 -0.475789 0.872734
vn 0.528274 -0.488464 0.694499
vn 0.718432 -0.441831 0.537252
vn 0.905933 -0.084834 0.414836
vn 0.844362 -0.357311 -0.399226
vn 0.618724 -0.785565 -0.00825
vn 0.073027 -0.990313 -0.118102
vn 0.044617 -0.998858 -0.017109
vn 0.394029 -0.918859 -0.020934
vn 0.044617 -0.998858 -0.017109
vn 0.288608 -0.955209 0.065434
vn 0.394029 -0.918859 -0.020934
vn 0.53234 -0.487903 0.691784
vn 0.704129 -0.469922 0.532331
vn 0.130525 -0.454432 0.881167
vn 0.140849 -0.460078 -0.876635
vn 0.538584 -0.480663 -0.692019
vn 0.092296 -0.457243 -0.88454
vn 0.521274 0.632723 0.572656
vn 0.836083 -0.077738 0.543068
vn 0.136805 0.683087 0.71741
vn 0.480719 -0.873055 0.08176
vn 0.288608 -0.955209 0.065434
vn 0.328749 -0.942749 -0.056114
vn -0.509121 0.048853 0.859307
vn 0.307377 -0.894372 0.324988
vn 0.243017 -0.599477 0.762607
vn -0.666069 0.052519 0.744039
vn -0.685229 0.063156 0.725584
vn -0.569066 0.54561 0.615202
vn 0.555396 0.677038 -0.482862
vn 0.589241 0.678343 -0.438914
vn 0.613599 0.674759 -0.410119
vn 0.044617 -0.998858 -0.017109
vn 0.073027 -0.990313 -0.118102
vn -0.223445 -0.970166 0.094071
vn 0.073027 -0.990313 -0.118102
vn -0.193191 -0.980655 0.03152
vn -0.223445 -0.970166 0.094071
vn 0.394029 -0.918859 -0.020934
vn 0.618724 -0.785565 -0.00825
vn 0.171371 -0.981607 0.084135
vn -0.194983 0.83722 0.510925
vn -0.401134 0.583458 0.706164
vn -0.196557 0.956883 0.213871
vn -0.401134 0.583458 0.706164
vn -0.228999 0.607685 0.760446
vn -0.196557 0.956883 0.213871
vn 0.965201 -0.227929 -0.1282
vn 1.0 0.0 0.0
vn 0.832767 -0.553623 0.000289
vn 1.0 0.0 0.0
vn 0.837138 0.526823 0.147166
vn 1.0 0.0 0.0
vn 0.056974 -0.308513 -0.949512
vn 0.326536 0.252523 -0.910827
vn 0.374472 -0.340816 -0.862331
vn 0.008147 -0.808992 -0.587763
vn 0.056974 -0.308513 -0.949512
vn 0.326536 -0.788214 -0.521625
vn 0.05697 -0.998376 0.000002
vn 0.326536 -0.788214 -0.521625
vn 0.374471 -0.925444 0.057662
vn 0.05697 -0.998376 0.000002
vn 0.374471 -0.925444 0.057662
vn 0.326536 -0.739668 0.588444
vn 0.056975 -0.308514 0.949512
vn 0.326536 -0.739668 0.588444
vn 0.374469 -0.231137 0.897969
vn 0.008155 0.309008 0.951024
vn 0.056975 -0.308514 0.949512
vn 0.326536 0.331074 0.885304
vn 0.056978 0.807704 0.586829
vn 0.326536 0.331074 0.885304
vn 0.374471 0.782591 0.497316
vn 0.056978 0.807704 0.586829
vn 0.374471 0.782591 0.497316
vn 0.326534 0.944283 -0.041297
vn 0.056975 0.807704 -0.58683
vn 0.326534 0.944283 -0.041297
vn 0.374471 0.714805 -0.590614
vn 0.999736 0.018576 -0.013497
vn 0.896481 0.172988 -0.407917
vn 0.896482 0.379717 -0.228331
vn 0.999736 0.018576 -0.013497
vn 0.896482 -0.099816 -0.431691
vn 0.896481 0.172988 -0.407917
vn 0.999736 0.018576 -0.013497
vn 0.896482 -0.334493 -0.290576
vn 0.896482 -0.099816 -0.431691
vn 0.999736 0.018576 -0.013497
vn 0.890628 -0.439464 -0.116846
vn 0.896482 -0.334493 -0.290576
vn 0.999736 0.018576 -0.013497
vn 0.905307 -0.364358 0.218318
vn 0.890628 -0.439464 -0.116846
vn 0.999736 0.018576 -0.013497
vn 0.877929 -0.119597 0.463613
vn 0.905307 -0.364358 0.218318
vn 0.999736 0.018576 -0.013497
vn 0.896482 0.099817 0.431691
vn 0.877929 -0.119597 0.463613
vn 0.999736 0.018576 -0.013497
vn 0.896482 0.334496 0.290574
vn 0.896482 0.099817 0.431691
vn 0.999736 0.018576 -0.013497
vn 0.896482 0.441407 0.03847
vn 0.896482 0.334496 0.290574
vn 0.999736 0.018576 -0.013497
vn 0.896482 0.379717 -0.228331
vn 0.896482 0.441407 0.03847
vn -0.400526 0.000353 0.916285
vn 0.056975 -0.308514 0.949512
vn 0.008155 0.309008 0.951024
vn -0.398898 0.538732 0.742057
vn 0.008155 0.309008 0.951024
vn 0.056978 0.807704 0.586829
vn -0.777754 -0.192182 0.598468
vn -0.564066 -0.25506 0.78535
vn -0.400526 0.000353 0.916285
vn -0.696352 0.221521 0.682659
vn -0.363773 0.28786 0.885893
vn -0.398898 0.538732 0.742057
vn -0.777754 -0.192182 0.598468
vn -0.996875 -0.050222 -0.060975
vn -0.971202 -0.070455 0.227603
vn -0.996875 -0.050222 -0.060975
vn -0.696352 0.221521 0.682659
vn -0.778886 0.505755 0.370874
vn -0.778886 0.505755 0.370874
vn -0.398898 0.538732 0.742057
vn -0.560952 0.669786 0.486539
vn -0.696352 0.221521 0.682659
vn -0.400526 0.000353 0.916285
vn -0.363773 0.28786 0.885893
vn -0.696352 0.221521 0.682659
vn -0.996875 -0.050222 -0.060975
vn -0.777754 -0.192182 0.598468
vn -0.363773 0.28786 0.885893
vn -0.400526 0.000353 0.916285
vn 0.008155 0.309008 0.951024
vn -0.564066 -0.25506 0.78535
vn 0.056975 -0.308514 0.949512
vn -0.400526 0.000353 0.916285
vn -0.363773 0.28786 0.885893
vn 0.008155 0.309008 0.951024
vn -0.398898 0.538732 0.742057
vn -0.560952 0.669786 0.486539
vn -0.398898 0.538732 0.742057
vn 0.056978 0.807704 0.586829
vn -0.778886 0.505755 0.370874
vn -0.999461 -0.032817 0.001041
vn -0.977102 -0.006486 -0.212671
vn -0.92801 -0.151226 -0.340482
vn -0.977102 -0.006486 -0.212671
vn -0.989526 -0.105252 -0.098798
vn 0.056975 0.807704 -0.58683
vn 0.374471 0.714805 -0.590614
vn 0.326536 0.252523 -0.910827
vn -0.769969 -0.021203 -0.637729
vn -0.918742 0.009257 -0.394751
vn -0.635575 0.331163 -0.697407
vn -0.907362 -0.213444 0.362126
vn -0.564066 -0.25506 0.78535
vn -0.777754 -0.192182 0.598468
vn -0.994645 0.103321 0.00269
vn -0.778886 0.505755 0.370874
vn -0.560952 0.669786 0.486539
vn -0.397844 0.872647 0.28321
vn 0.056978 0.807704 0.586829
vn 0.008151 0.999967 -0.0
vn -0.397845 0.872646 -0.28321
vn 0.008151 0.999967 -0.0
vn 0.056975 0.807704 -0.58683
vn -0.779083 0.508589 0.366561
vn -0.560952 0.669786 0.486539
vn -0.397844 0.872647 0.28321
vn -0.696839 0.717228 -0.000001
vn -0.361599 0.932334 -0.0
vn -0.397845 0.872646 -0.28321
vn -0.779083 0.508589 0.366561
vn -0.999846 0.017554 0.000022
vn -0.999461 -0.032817 0.001041
vn -0.999846 0.017554 0.000022
vn -0.696839 0.717228 -0.000001
vn -0.779083 0.508589 -0.366562
vn -0.779083 0.508589 -0.366562
vn -0.397845 0.872646 -0.28321
vn -0.560953 0.669785 -0.486538
vn -0.696839 0.717228 -0.000001
vn -0.397844 0.872647 0.28321
vn -0.361599 0.932334 -0.0
vn -0.696839 0.717228 -0.000001
vn -0.999846 0.017554 0.000022
vn -0.779083 0.508589 0.366561
vn -0.361599 0.932334 -0.0
vn -0.397844 0.872647 0.28321
vn 0.008151 0.999967 -0.0
vn -0.560952 0.669786 0.486539
vn 0.056978 0.807704 0.586829
vn -0.397844 0.872647 0.28321
vn -0.361599 0.932334 -0.0
vn 0.008151 0.999967 -0.0
vn -0.397845 0.872646 -0.28321
vn -0.560953 0.669785 -0.486538
vn -0.397845 0.872646 -0.28321
vn 0.056975 0.807704 -0.58683
vn -0.779083 0.508589 -0.366562
vn -0.999306 -0.037205 0.001888
vn -0.999846 0.017554 0.000022
vn -0.986701 -0.158432 0.036328
vn -0.70699 -0.705505 -0.049271
vn -0.999846 0.017554 0.000022
vn -0.987674 -0.153027 -0.032896
vn -0.999846 0.017554 0.000022
vn -0.70699 -0.705505 -0.049271
vn -0.990863 0.013048 0.134238
vn -0.560952 0.669786 0.486539
vn -0.779083 0.508589 0.366561
vn -0.991066 0.010894 -0.132923
vn -0.779083 0.508589 -0.366562
vn -0.560953 0.669785 -0.486538
vn -0.398897 0.538733 -0.742056
vn 0.056975 0.807704 -0.58683
vn 0.008155 0.309007 -0.951025
vn -0.400524 0.000353 -0.916286
vn 0.008155 0.309007 -0.951025
vn 0.056974 -0.308513 -0.949512
vn -0.778886 0.505754 -0.370877
vn -0.560953 0.669785 -0.486538
vn -0.398897 0.538733 -0.742056
vn -0.696352 0.221519 -0.682659
vn -0.363772 0.287861 -0.885893
vn -0.400524 0.000353 -0.916286
vn -0.778886 0.505754 -0.370877
vn -0.974904 -0.008763 0.222453
vn -0.999306 -0.037205 0.001888
vn -0.962795 0.045775 -0.266327
vn -0.696352 0.221519 -0.682659
vn -0.777755 -0.19218 -0.598468
vn -0.974904 -0.008763 0.222453
vn -0.972288 -0.069884 -0.223098
vn -0.88135 0.201679 0.427256
vn -0.777755 -0.19218 -0.598468
vn -0.400524 0.000353 -0.916286
vn -0.564064 -0.25506 -0.785351
vn -0.778886 0.505754 -0.370877
vn -0.398897 0.538733 -0.742056
vn -0.696352 0.221519 -0.682659
vn -0.696352 0.221519 -0.682659
vn -0.996728 0.000262 -0.080828
vn -0.778886 0.505754 -0.370877
vn -0.363772 0.287861 -0.885893
vn -0.398897 0.538733 -0.742056
vn 0.008155 0.309007 -0.951025
vn -0.560953 0.669785 -0.486538
vn 0.056975 0.807704 -0.58683
vn -0.398897 0.538733 -0.742056
vn -0.363772 0.287861 -0.885893
vn 0.008155 0.309007 -0.951025
vn -0.400524 0.000353 -0.916286
vn -0.564064 -0.25506 -0.785351
vn -0.400524 0.000353 -0.916286
vn 0.056974 -0.308513 -0.949512
vn -0.777755 -0.19218 -0.598468
vn -0.972288 -0.069884 -0.223098
vn -0.996255 -0.053366 0.068024
vn -0.924599 -0.156436 0.347338
vn -0.988578 -0.11047 0.102514
vn -0.861289 -0.084015 0.501121
vn -0.995067 0.099206 0.000527
vn -0.560953 0.669785 -0.486538
vn -0.778886 0.505754 -0.370877
vn -0.908246 -0.213547 -0.359844
vn -0.777755 -0.19218 -0.598468
vn -0.564064 -0.25506 -0.785351
vn -0.402204 -0.538456 -0.74047
vn 0.056974 -0.308513 -0.949512
vn 0.008147 -0.808992 -0.587763
vn -0.403199 -0.870202 -0.283158
vn 0.008147 -0.808992 -0.587763
vn 0.05697 -0.998376 0.000002
vn -0.777406 -0.197051 -0.597336
vn -0.564064 -0.25506 -0.785351
vn -0.402204 -0.538456 -0.74047
vn -0.776626 -0.629957 -0.002438
vn -0.695382 -0.5815 -0.422258
vn -0.403199 -0.870202 -0.283158
vn -0.777406 -0.197051 -0.597336
vn -0.958691 0.241409 0.150446
vn -0.972288 -0.069884 -0.223098
vn -0.973287 -0.185063 -0.135881
vn -0.695382 -0.5815 -0.422258
vn -0.776626 -0.629957 -0.002438
vn -0.776626 -0.629957 -0.002438
vn -0.403199 -0.870202 -0.283158
vn -0.565967 -0.824428 0.000004
vn -0.777406 -0.197051 -0.597336
vn -0.402204 -0.538456 -0.74047
vn -0.695382 -0.5815 -0.422258
vn -0.695382 -0.5815 -0.422258
vn -0.973287 -0.185063 -0.135881
vn -0.777406 -0.197051 -0.597336
vn -0.367256 -0.752481 -0.546713
vn -0.402204 -0.538456 -0.74047
vn 0.008147 -0.808992 -0.587763
vn -0.564064 -0.25506 -0.785351
vn 0.056974 -0.308513 -0.949512
vn -0.402204 -0.538456 -0.74047
vn -0.367256 -0.752481 -0.546713
vn 0.008147 -0.808992 -0.587763
vn -0.403199 -0.870202 -0.283158
vn -0.565967 -0.824428 0.000004
vn -0.403199 -0.870202 -0.283158
vn 0.05697 -0.998376 0.000002
vn -0.776626 -0.629957 -0.002438
vn -0.979715 -0.200398 -0.000017
vn -0.988263 0.095647 0.119109
vn -0.630297 0.771106 0.090118
vn -0.958691 0.241409 0.150446
vn -0.995009 -0.081249 0.057929
vn -0.88135 0.201679 0.427256
vn -0.990332 0.018092 -0.137534
vn -0.811884 0.486287 0.323063
vn -0.972288 -0.069884 -0.223098
vn -0.564064 -0.25506 -0.785351
vn -0.777406 -0.197051 -0.597336
vn -0.979715 -0.200398 -0.000017
vn -0.776626 -0.629957 -0.002438
vn -0.565967 -0.824428 0.000004
vn -0.403197 -0.870202 0.28316
vn 0.05697 -0.998376 0.000002
vn 0.008148 -0.808994 0.587761
vn -0.402207 -0.538453 0.740471
vn 0.008148 -0.808994 0.587761
vn 0.056975 -0.308514 0.949512
vn -0.776625 -0.629959 0.002445
vn -0.565967 -0.824428 0.000004
vn -0.403197 -0.870202 0.28316
vn -0.777407 -0.197051 0.597336
vn -0.695382 -0.581499 0.422259
vn -0.402207 -0.538453 0.740471
vn -0.776625 -0.629959 0.002445
vn -0.989361 0.0901 -0.11422
vn -0.979715 -0.200398 -0.000017
vn -0.972801 -0.188009 0.13532
vn -0.695382 -0.581499 0.422259
vn -0.777407 -0.197051 0.597336
vn -0.777407 -0.197051 0.597336
vn -0.402207 -0.538453 0.740471
vn -0.564066 -0.25506 0.78535
vn -0.695382 -0.581499 0.422259
vn -0.403197 -0.870202 0.28316
vn -0.367256 -0.752484 0.546709
vn -0.695382 -0.581499 0.422259
vn -0.972801 -0.188009 0.13532
vn -0.776625 -0.629959 0.002445
vn -0.367256 -0.752484 0.546709
vn -0.403197 -0.870202 0.28316
vn 0.008148 -0.808994 0.587761
vn -0.565967 -0.824428 0.000004
vn 0.05697 -0.998376 0.000002
vn -0.403197 -0.870202 0.28316
vn -0.367256 -0.752484 0.546709
vn 0.008148 -0.808994 0.587761
vn -0.402207 -0.538453 0.740471
vn -0.564066 -0.25506 0.78535
vn -0.402207 -0.538453 0.740471
vn 0.056975 -0.308514 0.949512
vn -0.932289 -0.010071 0.361575
vn -0.915245 0.009112 0.402795
vn -0.924599 -0.156436 0.347338
vn -0.777407 -0.197051 0.597336
vn -0.971202 -0.070455 0.227603
vn -0.961061 0.234824 -0.145668
vn -0.635575 0.331163 -0.697407
vn -0.819096 0.478084 -0.317045
vn -0.989475 0.016744 0.143732
vn -0.630297 0.771106 0.090118
vn -0.979715 -0.200398 -0.000017
vn -0.961061 0.234824 -0.145668
vn -0.924518 -0.367136 -0.102365
vn -0.565967 -0.824428 0.000004
vn -0.776625 -0.629959 0.002445
vn -0.971202 -0.070455 0.227603
vn -0.777407 -0.197051 0.597336
vn -0.564066 -0.25506 0.78535
vn 0.008155 0.309008 0.951024
vn 0.326536 0.331074 0.885304
vn 0.056978 0.807704 0.586829
vn 0.056975 -0.308514 0.949512
vn 0.374469 -0.231137 0.897969
vn 0.326536 0.331074 0.885304
vn 0.008148 -0.808994 0.587761
vn 0.326536 -0.739668 0.588444
vn 0.056975 -0.308514 0.949512
vn 0.008148 -0.808994 0.587761
vn 0.05697 -0.998376 0.000002
vn 0.326536 -0.739668 0.588444
vn 0.008147 -0.808992 -0.587763
vn 0.326536 -0.788214 -0.521625
vn 0.05697 -0.998376 0.000002
vn 0.056974 -0.308513 -0.949512
vn 0.374472 -0.340816 -0.862331
vn 0.326536 -0.788214 -0.521625
vn 0.008155 0.309007 -0.951025
vn 0.326536 0.252523 -0.910827
vn 0.056974 -0.308513 -0.949512
vn 0.008155 0.309007 -0.951025
vn 0.056975 0.807704 -0.58683
vn 0.326536 0.252523 -0.910827
vn 0.008151 0.999967 -0.0
vn 0.326534 0.944283 -0.041297
vn 0.056975 0.807704 -0.58683
vn 0.008151 0.999967 -0.0
vn 0.056978 0.807704 0.586829
vn 0.326534 0.944283 -0.041297
vn -0.779083 0.508589 -0.366562
vn -0.696839 0.717228 -0.000001
vn -0.397845 0.872646 -0.28321
vn -0.779083 0.508589 0.366561
vn -0.397844 0.872647 0.28321
vn -0.696839 0.717228 -0.000001
vn -0.778886 0.505755 0.370874
vn -0.696352 0.221521 0.682659
vn -0.398898 0.538732 0.742057
vn -0.777754 -0.192182 0.598468
vn -0.400526 0.000353 0.916285
vn -0.696352 0.221521 0.682659
vn -0.695382 -0.581499 0.422259
vn -0.367256 -0.752484 0.546709
vn -0.402207 -0.538453 0.740471
vn -0.776625 -0.629959 0.002445
vn -0.403197 -0.870202 0.28316
vn -0.695382 -0.581499 0.422259
vn -0.695382 -0.5815 -0.422258
vn -0.402204 -0.538456 -0.74047
vn -0.367256 -0.752481 -0.546713
vn -0.695382 -0.5815 -0.422258
vn -0.367256 -0.752481 -0.546713
vn -0.403199 -0.870202 -0.283158
vn -0.777755 -0.19218 -0.598468
vn -0.696352 0.221519 -0.682659
vn -0.400524 0.000353 -0.916286
vn -0.696352 0.221519 -0.682659
vn -0.398897 0.538733 -0.742056
vn -0.363772 0.287861 -0.885893
vn -0.635575 0.331163 -0.697407
vn -0.971202 -0.070455 0.227603
vn -0.977102 -0.006486 -0.212671
vn -0.819096 0.478084 -0.317045
vn -0.635575 0.331163 -0.697407
vn -0.479407 0.763909 -0.431986
vn -0.694418 0.644816 0.319369
vn -0.630297 0.771106 0.090118
vn -0.46815 0.768781 0.435674
vn -0.999306 -0.037205 0.001888
vn -0.924599 -0.156436 0.347338
vn -0.96405 -0.231387 0.130641
vn -0.999461 -0.032817 0.001041
vn -0.70699 -0.705505 -0.049271
vn -0.977979 -0.181905 -0.102313
vn -0.977102 -0.006486 -0.212671
vn -0.92801 -0.151226 -0.340482
vn -0.918742 0.009257 -0.394751
vn -0.704761 0.636421 -0.313498
vn -0.479407 0.763909 -0.431986
vn -0.839229 0.523726 -0.14631
vn -0.811884 0.486287 0.323063
vn -0.46815 0.768781 0.435674
vn -0.88135 0.201679 0.427256
vn -0.757835 -0.024379 0.65199
vn -0.88135 0.201679 0.427256
vn -0.915245 0.009112 0.402795
vn -0.999306 -0.037205 0.001888
vn -0.96405 -0.231387 0.130641
vn -0.958569 -0.274358 0.07664
vn -0.999461 -0.032817 0.001041
vn -0.977979 -0.181905 -0.102313
vn -0.92801 -0.151226 -0.340482
vn -0.077569 -0.646581 0.758891
vn -0.056772 -0.836725 0.544672
vn -0.707589 -0.69131 -0.146318
vn -0.259829 0.770129 0.582572
vn -0.218495 0.974311 0.054572
vn -0.054159 0.797288 0.601164
vn 0.076973 0.70899 -0.701005
vn 0.040217 0.910069 -0.412501
vn 0.043326 0.996599 0.070095
vn -0.052178 0.743783 0.666381
vn -0.021415 0.866376 0.498934
vn -0.047314 0.997761 0.04726
vn -0.291238 0.766572 -0.572319
vn -0.067973 0.945067 -0.319732
vn -0.218495 0.974311 0.054572
vn -0.054159 0.797288 0.601164
vn -0.218495 0.974311 0.054572
vn -0.067973 0.945067 -0.319732
vn -0.519085 -0.236419 -0.821375
vn -0.776429 -0.602375 -0.185208
vn -0.054348 -0.726408 -0.685111
vn -0.056772 -0.836725 0.544672
vn -0.054348 -0.726408 -0.685111
vn -0.847906 -0.509803 -0.145452
vn -0.606471 -0.683771 0.405771
vn -0.574453 0.575098 0.582465
vn -0.71685 -0.681788 -0.145918
vn 0.685728 0.054589 0.725808
vn 0.6057 -0.447313 0.658056
vn 0.669168 0.061684 0.740547
vn -0.516245 -0.768025 -0.378984
vn -0.328748 -0.942749 -0.056113
vn -0.645841 -0.753513 0.122914
vn -0.445883 -0.845148 -0.294808
vn -0.385218 -0.847639 -0.364851
vn -0.433594 -0.844265 -0.31498
vn 0.402027 0.043649 0.914587
vn -0.318413 0.893938 0.315416
vn -0.289957 0.314701 0.903819
vn -0.354062 -0.935215 -0.003651
vn -0.486375 -0.872441 0.047808
vn -0.288609 -0.955208 0.065432
vn -0.219183 -0.862834 -0.455495
vn -0.235319 0.160851 -0.958515
vn -0.333775 -0.582303 -0.741295
vn -0.594103 -0.802526 0.05471
vn -0.781229 -0.145434 0.607067
vn -0.586521 -0.592535 0.552174
vn -0.120655 0.048033 -0.991532
vn -0.044491 0.728336 -0.683774
vn 0.199249 0.309765 -0.929702
vn 0.250521 -0.04169 -0.967213
vn 0.199249 0.309765 -0.929702
vn 0.102511 0.823192 -0.558433
vn -0.328748 -0.942749 -0.056113
vn -0.45687 -0.569043 -0.68371
vn -0.153109 -0.533102 -0.832082
vn -0.082391 -0.962745 -0.257554
vn -0.328748 -0.942749 -0.056113
vn -0.153109 -0.533102 -0.832082
vn -0.288609 -0.955208 0.065432
vn -0.328748 -0.942749 -0.056113
vn -0.082391 -0.962745 -0.257554
vn 0.202435 -0.960152 -0.192686
vn -0.04462 -0.998857 -0.017111
vn -0.082391 -0.962745 -0.257554
vn 0.20961 -0.92803 -0.307935
vn 0.202435 -0.960152 -0.192686
vn 0.333772 -0.582303 -0.741295
vn 0.202435 -0.960152 -0.192686
vn -0.082391 -0.962745 -0.257554
vn 0.333772 -0.582303 -0.741295
vn 0.132795 0.950525 0.280835
vn 0.368647 0.564415 0.738603
vn 0.259444 0.479564 0.838277
vn -0.782806 -0.350989 -0.51383
vn -0.488907 -0.425619 -0.761458
vn -0.207356 -0.413117 -0.886757
vn -0.651588 -0.340263 0.677978
vn -0.267232 -0.366556 0.891192
vn -0.129736 -0.345399 0.929445
vn -0.267232 -0.366556 0.891192
vn -0.651588 -0.340263 0.677978
vn -0.836879 -0.309353 0.451591
vn -0.123828 -0.493648 -0.860801
vn -0.530667 -0.498215 -0.685692
vn -0.720136 -0.447925 -0.529875
vn -0.717025 -0.448773 -0.533365
vn -0.129821 -0.453043 -0.881985
vn -0.538585 -0.480659 -0.692021
vn -0.486375 -0.872441 0.047808
vn -0.608155 -0.755276 0.244346
vn -0.71685 -0.681788 -0.145918
vn 0.040875 -0.997734 0.053444
vn -0.078267 -0.994887 -0.063832
vn 0.25492 -0.963653 0.079928
vn -0.04462 -0.998857 -0.017111
vn -0.288609 -0.955208 0.065432
vn -0.082391 -0.962745 -0.257554
vn -0.044491 0.728336 -0.683774
vn -0.120655 0.048033 -0.991532
vn -0.178704 0.55455 -0.812736
vn 0.076354 -0.530911 -0.843981
vn -0.082391 -0.962745 -0.257554
vn -0.153109 -0.533102 -0.832082
vn 0.118843 0.93872 -0.323545
vn -0.068912 0.983013 -0.17011
vn 0.202612 0.950653 0.23496
vn 0.250521 -0.04169 -0.967213
vn 0.20961 -0.92803 -0.307935
vn 0.333772 -0.582303 -0.741295
vn 0.202435 -0.960152 -0.192686
vn 0.20961 -0.92803 -0.307935
vn -0.04462 -0.998857 -0.017111
vn 0.199249 0.309765 -0.929702
vn 0.250521 -0.04169 -0.967213
vn 0.333772 -0.582303 -0.741295
vn 0.333772 -0.582303 -0.741295
vn 0.076354 -0.530911 -0.843981
vn 0.199249 0.309765 -0.929702
vn -0.153109 -0.533102 -0.832082
vn 0.199249 0.309765 -0.929702
vn 0.076354 -0.530911 -0.843981
vn 0.199249 0.309765 -0.929702
vn 0.118843 0.93872 -0.323545
vn 0.102511 0.823192 -0.558433
vn 0.415297 -0.390689 0.821517
vn 0.495503 0.011887 0.868525
vn 0.41683 -0.709784 0.567856
vn -0.120655 0.048033 -0.991532
vn 0.199249 0.309765 -0.929702
vn -0.153109 -0.533102 -0.832082
vn 0.333772 -0.582303 -0.741295
vn -0.082391 -0.962745 -0.257554
vn 0.076354 -0.530911 -0.843981
vn 0.040875 -0.997734 0.053444
vn 0.41683 -0.709784 0.567856
vn -0.125966 -0.972469 0.196052
vn 0.495503 0.011887 0.868525
vn 0.417956 -0.026342 0.908085
vn 0.41683 -0.709784 0.567856
vn 0.25492 -0.963653 0.079928
vn 0.415297 -0.390689 0.821517
vn 0.41683 -0.709784 0.567856
vn 0.41683 -0.709784 0.567856
vn 0.040875 -0.997734 0.053444
vn 0.25492 -0.963653 0.079928
vn -0.635609 -0.568193 0.522645
vn -0.650906 -0.610031 -0.451867
vn -0.539292 -0.840334 0.054807
vn -0.608421 -0.793588 0.006512
vn -0.718433 -0.441828 0.537253
vn -0.720136 -0.447925 -0.529875
vn -0.632844 -0.774277 -0.00161
vn -0.704134 -0.469913 0.532331
vn -0.717025 -0.448773 -0.533365
vn -0.651588 -0.340263 0.677978
vn -0.488907 -0.425619 -0.761458
vn -0.87302 -0.486771 -0.029837
vn -0.867517 -0.165119 0.469202
vn -0.594103 -0.802526 0.05471
vn -0.875543 -0.430429 -0.219441
vn -0.078267 -0.994887 -0.063832
vn -0.354062 -0.935215 -0.003651
vn -0.04462 -0.998857 -0.017111
vn -0.04462 -0.998857 -0.017111
vn -0.354062 -0.935215 -0.003651
vn -0.288609 -0.955208 0.065432
vn -0.042175 -0.42599 0.903744
vn -0.051614 -0.440931 0.896056
vn -0.067595 -0.433149 0.898784
vn -0.486375 -0.872441 0.047808
vn -0.328748 -0.942749 -0.056113
vn -0.288609 -0.955208 0.065432
vn 0.402027 0.043649 0.914587
vn -0.248147 -0.25896 0.933468
vn -0.126729 -0.840355 0.527014
vn 0.669168 0.061684 0.740547
vn 0.559006 0.544609 0.62523
vn 0.685728 0.054589 0.725808
vn -0.55249 0.673579 -0.490964
vn -0.621942 0.679479 -0.389225
vn -0.592566 0.677678 -0.435451
vn 0.08387 0.762957 0.640985
vn -0.623617 0.563685 0.541629
vn -0.196759 0.895922 0.398259
vn -0.241766 0.905518 -0.348693
vn -0.068912 0.983013 -0.17011
vn 0.118843 0.93872 -0.323545
vn -0.112872 0.991365 0.066753
vn 0.202612 0.950653 0.23496
vn -0.068912 0.983013 -0.17011
vn 0.25492 -0.963653 0.079928
vn -0.04462 -0.998857 -0.017111
vn 0.20961 -0.92803 -0.307935
vn -0.04462 -0.998857 -0.017111
vn 0.25492 -0.963653 0.079928
vn -0.078267 -0.994887 -0.063832
vn -0.354062 -0.935215 -0.003651
vn -0.125966 -0.972469 0.196052
vn -0.594103 -0.802526 0.05471
vn 0.368647 0.564415 0.738603
vn 0.132795 0.950525 0.280835
vn 0.202612 0.950653 0.23496
vn 0.368647 0.564415 0.738603
vn 0.202612 0.950653 0.23496
vn 0.190799 0.666856 0.720346
vn -0.235319 0.160851 -0.958515
vn -0.123146 0.932585 -0.339294
vn -0.199249 0.309764 -0.929702
vn -0.977979 -0.181905 -0.102313
vn -0.958569 -0.274358 0.07664
vn -0.96405 -0.231387 0.130641
vn -1.0 0.0 0.0
vn -1.0 0.0 -0.0
vn -0.839229 0.523726 -0.14631
vn 0.554157 -0.00552 0.832394
vn 0.578957 -0.144265 0.802494
vn 0.558586 0.118269 0.820971
vn 0.589102 -0.286564 0.755539
vn 0.511406 -0.260983 0.818751
vn 0.578957 -0.144265 0.802494
vn 0.410447 -0.123286 0.903512
vn 0.589102 -0.286564 0.755539
vn 0.578957 -0.144265 0.802494
vn 0.494361 -0.329623 0.804335
vn 0.516049 -0.298694 0.802792
vn 0.589102 -0.286564 0.755539
vn 0.516049 -0.298694 0.802792
vn 0.271632 -0.123173 0.954487
vn 0.511406 -0.260983 0.818751
vn 0.516049 -0.298694 0.802792
vn 0.511406 -0.260983 0.818751
vn 0.589102 -0.286564 0.755539
vn 0.351536 0.00377 0.936167
vn 0.516049 -0.298694 0.802792
vn 0.494361 -0.329623 0.804335
vn 0.351536 0.00377 0.936167
vn 0.271632 -0.123173 0.954487
vn 0.516049 -0.298694 0.802792
vn 0.410447 -0.123286 0.903512
vn 0.578957 -0.144265 0.802494
vn 0.554157 -0.00552 0.832394
vn 0.457464 -0.18285 0.870225
vn 0.589102 -0.286564 0.755539
vn 0.427578 -0.080216 0.900412
vn 0.98026 0.061598 0.187871
vn 0.966232 -0.096785 0.238805
vn 0.85613 0.070488 0.51193
vn 0.427578 -0.080216 0.900412
vn 0.589102 -0.286564 0.755539
vn 0.410447 -0.123286 0.903512
vn 0.85613 0.070488 0.51193
vn 0.709717 0.362139 0.604283
vn 0.863565 0.222081 0.452698
vn 0.98026 0.061598 0.187871
vn 0.85613 0.070488 0.51193
vn 0.863565 0.222081 0.452698
vn 0.494361 -0.329623 0.804335
vn 0.589102 -0.286564 0.755539
vn 0.457464 -0.18285 0.870225
vn 0.573731 0.44328 0.68872
vn 0.863565 0.222081 0.452698
vn 0.709717 0.362139 0.604283
vn 0.457464 -0.18285 0.870225
vn 0.454921 -0.193385 0.869281
vn 0.494361 -0.329623 0.804335
vn 0.454921 -0.193385 0.869281
vn 0.44851 -0.276272 0.850007
vn 0.534721 -0.287139 0.794749
vn 0.494361 -0.329623 0.804335
vn 0.454921 -0.193385 0.869281
vn 0.534721 -0.287139 0.794749
vn 0.57023 0.071292 0.818386
vn 0.344566 0.172919 0.922699
vn 0.461429 0.437014 0.772077
vn 0.35727 -0.119725 0.926296
vn 0.407081 -0.077538 0.910095
vn 0.373101 -0.213489 0.902894
vn 0.614904 -0.112071 0.780598
vn 0.489128 -0.238341 0.839016
vn 0.44851 -0.276272 0.850007
vn 0.44851 -0.276272 0.850007
vn 0.454921 -0.193385 0.869281
vn 0.514437 -0.040795 0.856557
vn 0.442313 -0.001192 0.89686
vn 0.514437 -0.040795 0.856557
vn 0.454921 -0.193385 0.869281
vn 0.239681 -0.08905 0.966759
vn 0.554157 -0.00552 0.832394
vn 0.614225 0.428507 0.662653
vn 0.614904 -0.112071 0.780598
vn 0.44851 -0.276272 0.850007
vn 0.514437 -0.040795 0.856557
vn 0.35727 -0.119725 0.926296
vn 0.373101 -0.213489 0.902894
vn 0.489128 -0.238341 0.839016
vn 0.44851 -0.276272 0.850007
vn 0.489128 -0.238341 0.839016
vn 0.373101 -0.213489 0.902894
vn 0.423775 -0.076596 0.902523
vn 0.51709 -0.115592 0.84809
vn 0.407081 -0.077538 0.910095
vn 0.51709 -0.115592 0.84809
vn 0.373101 -0.213489 0.902894
vn 0.407081 -0.077538 0.910095
vn -0.45539 -0.079973 0.886693
vn -0.687946 0.110291 0.717333
vn -0.574804 -0.12541 0.808624
vn -0.589102 -0.286564 0.755539
vn -0.574804 -0.12541 0.808624
vn -0.511406 -0.260983 0.81875
vn -0.424091 -0.107875 0.899172
vn -0.574804 -0.12541 0.808624
vn -0.589102 -0.286564 0.755539
vn -0.500092 -0.345208 0.794191
vn -0.589102 -0.286564 0.755539
vn -0.51605 -0.298695 0.802791
vn -0.51605 -0.298695 0.802791
vn -0.511406 -0.260983 0.81875
vn -0.285715 -0.125708 0.950034
vn -0.51605 -0.298695 0.802791
vn -0.589102 -0.286564 0.755539
vn -0.511406 -0.260983 0.81875
vn -0.355765 -0.039021 0.93376
vn -0.500092 -0.345208 0.794191
vn -0.51605 -0.298695 0.802791
vn -0.355765 -0.039021 0.93376
vn -0.51605 -0.298695 0.802791
vn -0.285715 -0.125708 0.950034
vn -0.424091 -0.107875 0.899172
vn -0.45539 -0.079973 0.886693
vn -0.574804 -0.12541 0.808624
vn -0.979393 0.077051 0.186688
vn -0.891595 0.036567 0.451355
vn -0.971458 -0.072344 0.22591
vn -0.891595 0.036567 0.451355
vn -0.897836 0.187953 0.398201
vn -0.666961 0.27424 0.692788
vn -0.979393 0.077051 0.186688
vn -0.897836 0.187953 0.398201
vn -0.891595 0.036567 0.451355
vn -0.615887 0.367825 0.696699
vn -0.666961 0.27424 0.692788
vn -0.897836 0.187953 0.398201
vn -0.404174 0.10014 0.909184
vn -0.666961 0.27424 0.692788
vn -0.461427 0.437014 0.772077
vn -0.461427 0.437014 0.772077
vn -0.615887 0.367825 0.696699
vn -0.316491 0.676636 0.664828
vn -0.12913 0.784706 0.606269
vn -0.322664 0.668516 0.670056
vn -0.221397 0.934209 0.27971
vn -0.404174 0.10014 0.909184
vn -0.461427 0.437014 0.772077
vn -0.37094 0.093202 0.923968
vn -0.35727 -0.119726 0.926296
vn -0.32577 -0.212609 0.921234
vn -0.407077 -0.077538 0.910097
vn -0.614904 -0.112073 0.780598
vn -0.467334 -0.265783 0.843183
vn -0.489128 -0.238341 0.839016
vn -0.467334 -0.265783 0.843183
vn -0.514439 -0.040796 0.856556
vn -0.470034 -0.217089 0.855535
vn -0.422103 -0.01652 0.906397
vn -0.470034 -0.217089 0.855535
vn -0.514439 -0.040796 0.856556
vn -0.248187 -0.075786 0.965743
vn -0.626463 0.378178 0.681562
vn -0.45539 -0.079973 0.886693
vn -0.614904 -0.112073 0.780598
vn -0.514439 -0.040796 0.856556
vn -0.467334 -0.265783 0.843183
vn -0.35727 -0.119726 0.926296
vn -0.489128 -0.238341 0.839016
vn -0.32577 -0.212609 0.921234
vn -0.467334 -0.265783 0.843183
vn -0.32577 -0.212609 0.921234
vn -0.489128 -0.238341 0.839016
vn -0.424872 -0.08238 0.901497
vn -0.407077 -0.077538 0.910097
vn -0.471908 -0.096282 0.876375
vn -0.471908 -0.096282 0.876375
vn -0.407077 -0.077538 0.910097
vn -0.32577 -0.212609 0.921234
vn -0.615887 0.367825 0.696699
vn -0.461427 0.437014 0.772077
vn -0.666961 0.27424 0.692788
vn 0.471759 -0.772689 0.42473
vn 0.483944 -0.599771 0.637238
vn 0.333263 -0.562522 0.756641
vn 0.538927 -0.129689 0.832309
vn 0.338656 0.056567 0.939208
vn 0.619775 0.271943 0.736156
vn 0.748223 -0.629634 -0.209099
vn 0.49903 -0.828264 -0.254849
vn 0.463941 -0.885581 0.022468
vn 0.603313 -0.519544 -0.605052
vn 0.078644 0.063367 -0.994887
vn 0.530415 -0.375057 -0.760258
vn 0.681004 0.112342 0.723611
vn 0.501781 0.291847 0.814273
vn 0.576754 0.150761 0.802886
vn 0.44629 -0.415565 0.792547
vn 0.756398 -0.279372 0.591451
vn 0.642884 0.045775 0.764595
vn 0.98026 0.061598 0.187871
vn 0.917446 -0.059092 0.393447
vn 0.966232 -0.096785 0.238805
vn 0.61298 -0.749877 -0.248879
vn 0.336465 -0.930645 -0.143843
vn 0.695152 -0.661909 -0.28043
vn 0.542213 -0.652632 -0.529221
vn -0.020738 -0.733199 -0.679698
vn 0.61298 -0.749877 -0.248879
vn 0.61298 -0.749877 -0.248879
vn 0.079306 -0.803741 -0.58967
vn 0.336465 -0.930645 -0.143843
vn 0.336465 -0.930645 -0.143843
vn 0.813149 -0.56049 0.15697
vn 0.695152 -0.661909 -0.28043
vn 0.322991 -0.936529 0.136348
vn 0.271579 -0.735911 0.620226
vn -0.03143 -0.985801 0.164953
vn 0.436004 -0.221825 0.872178
vn 0.464363 -0.450776 0.762344
vn 0.712796 -0.254363 0.653622
vn 0.917315 -0.39816 0.001457
vn 0.708551 -0.666501 0.231802
vn 0.713482 -0.686659 -0.13944
vn 0.0 0.046797 0.998904
vn -0.037591 -0.066423 0.997083
vn 0.271632 -0.123173 0.954487
vn 0.917315 -0.39816 0.001457
vn 0.895461 -0.309898 0.319551
vn 0.708551 -0.666501 0.231802
vn 0.712796 -0.254363 0.653622
vn 0.701022 -0.486976 0.520982
vn 0.895461 -0.309898 0.319551
vn 0.856421 0.496063 0.143054
vn 0.948595 -0.250882 0.19294
vn 0.903427 -0.198174 0.380193
vn 0.0 0.046797 0.998904
vn 0.271632 -0.123173 0.954487
vn 0.351536 0.00377 0.936167
vn 0.511406 -0.260983 0.818751
vn 0.469369 -0.120997 0.874673
vn 0.578957 -0.144265 0.802494
vn 0.903427 -0.198174 0.380193
vn 0.948595 -0.250882 0.19294
vn 0.93885 -0.159404 0.305208
vn 0.713482 -0.686659 -0.13944
vn 0.708551 -0.666501 0.231802
vn 0.537664 -0.840479 -0.067173
vn 0.953931 -0.064681 0.29297
vn 0.966232 -0.096785 0.238805
vn 0.93885 -0.159404 0.305208
vn 0.917446 -0.059092 0.393447
vn 0.93885 -0.159404 0.305208
vn 0.966232 -0.096785 0.238805
vn 0.305195 -0.267163 0.914046
vn 0.244323 -0.371549 0.895688
vn 0.436004 -0.221825 0.872178
vn 0.748223 -0.629634 -0.209099
vn 0.463941 -0.885581 0.022468
vn 0.768443 -0.27664 0.577032
vn 0.353587 -0.923821 -0.146733
vn 0.219926 -0.964018 -0.14934
vn 0.463941 -0.885581 0.022468
vn 0.463941 -0.885581 0.022468
vn 0.49903 -0.828264 -0.254849
vn 0.353587 -0.923821 -0.146733
vn 0.271579 -0.735911 0.620226
vn 0.408678 -0.75255 0.516383
vn 0.333263 -0.562522 0.756641
vn 0.436004 -0.221825 0.872178
vn 0.244323 -0.371549 0.895688
vn 0.464363 -0.450776 0.762344
vn 0.244323 -0.371549 0.895688
vn 0.280303 -0.452371 0.846635
vn 0.464363 -0.450776 0.762344
vn -0.508287 -0.761525 0.402149
vn -0.336096 -0.558598 0.758293
vn -0.505318 -0.598234 0.621908
vn -0.296144 -0.76901 0.5665
vn -0.421154 -0.781561 0.460209
vn -0.314691 -0.942335 0.113904
vn -0.683259 -0.703996 -0.193768
vn -0.456777 -0.880905 0.123943
vn -0.49357 -0.837652 -0.23394
vn -0.661253 -0.323221 -0.676959
vn -0.55135 -0.515026 -0.656324
vn 0.078644 0.063367 -0.994887
vn -0.694826 0.132189 0.706925
vn -0.529703 0.220281 0.819079
vn -0.54001 0.281438 0.79321
vn -0.538928 -0.129686 0.832309
vn -0.756398 -0.279368 0.591452
vn -0.63066 0.272402 0.726681
vn -0.979393 0.077051 0.186688
vn -0.971458 -0.072344 0.22591
vn -0.917446 -0.059091 0.393447
vn -0.511406 -0.260983 0.81875
vn -0.297699 -0.175308 0.938425
vn -0.285715 -0.125708 0.950034
vn -0.625826 -0.730833 -0.272444
vn -0.716848 -0.648154 -0.256956
vn -0.336465 -0.930645 -0.143843
vn -0.540672 -0.70417 -0.460236
vn -0.625826 -0.730833 -0.272444
vn 0.020739 -0.733199 -0.679697
vn -0.625826 -0.730833 -0.272444
vn -0.336465 -0.930645 -0.143843
vn -0.079305 -0.803741 -0.58967
vn -0.336465 -0.930645 -0.143843
vn -0.716848 -0.648154 -0.256956
vn -0.813149 -0.56049 0.15697
vn -0.314691 -0.942335 0.113904
vn -0.03143 -0.985801 0.164953
vn -0.296144 -0.76901 0.5665
vn -0.465808 -0.224852 0.855841
vn -0.691206 -0.333037 0.641343
vn -0.42669 -0.437677 0.791438
vn -0.856419 0.496067 0.143054
vn -0.903427 -0.198174 0.380194
vn -0.96034 -0.222315 0.168294
vn -0.511406 -0.260983 0.81875
vn -0.574804 -0.12541 0.808624
vn -0.452937 -0.138067 0.880787
vn -0.903427 -0.198174 0.380194
vn -0.938587 -0.16633 0.302306
vn -0.96034 -0.222315 0.168294
vn -0.731387 -0.670191 -0.126161
vn -0.573576 -0.817545 -0.051283
vn -0.745389 -0.636054 0.199574
vn -0.981856 -0.152593 0.112579
vn -0.813149 -0.56049 0.15697
vn -0.903937 -0.426662 -0.029285
vn -0.716848 -0.648154 -0.256956
vn -0.903937 -0.426662 -0.029285
vn -0.813149 -0.56049 0.15697
vn -0.948819 -0.181862 0.258202
vn -0.938587 -0.16633 0.302306
vn -0.971458 -0.072344 0.22591
vn -0.917446 -0.059091 0.393447
vn -0.971458 -0.072344 0.22591
vn -0.938587 -0.16633 0.302306
vn -0.320148 -0.233962 0.918023
vn -0.465808 -0.224852 0.855841
vn -0.244324 -0.37155 0.895688
vn -0.683259 -0.703996 -0.193768
vn -0.95067 -0.234677 0.202861
vn -0.456777 -0.880905 0.123943
vn -0.325491 -0.933236 -0.152073
vn -0.456777 -0.880905 0.123943
vn -0.200426 -0.968449 -0.148109
vn -0.456777 -0.880905 0.123943
vn -0.325491 -0.933236 -0.152073
vn -0.49357 -0.837652 -0.23394
vn -0.296144 -0.76901 0.5665
vn -0.336096 -0.558598 0.758293
vn -0.421154 -0.781561 0.460209
vn -0.465808 -0.224852 0.855841
vn -0.42669 -0.437677 0.791438
vn -0.244324 -0.37155 0.895688
vn -0.244324 -0.37155 0.895688
vn -0.42669 -0.437677 0.791438
vn -0.25507 -0.432215 0.864944
vn 0.919911 0.391286 0.025669
vn 0.918848 0.223826 0.324992
vn 0.993034 -0.007866 -0.11757
vn 0.668211 0.279823 0.689342
vn 0.620626 0.528283 0.579431
vn -0.170656 0.93493 -0.311098
vn 0.702113 -0.151981 0.695657
vn 0.93885 -0.159404 0.305208
vn 0.703833 -0.056201 0.708138
vn 0.917446 -0.059092 0.393447
vn 0.703833 -0.056201 0.708138
vn 0.93885 -0.159404 0.305208
vn -0.179909 -0.427893 -0.885743
vn -0.18949 -0.654522 -0.731911
vn -0.4238 -0.09023 -0.901251
vn -0.410392 0.082919 -0.908132
vn -0.434841 0.2546 -0.863766
vn -0.41537 0.433262 -0.799845
vn 0.617128 0.779163 0.109811
vn 0.918848 0.223826 0.324992
vn 0.919911 0.391286 0.025669
vn 0.918848 0.223826 0.324992
vn 0.901084 -0.150144 0.406822
vn 0.993034 -0.007866 -0.11757
vn 0.432469 0.183176 -0.882846
vn 0.415369 0.433263 -0.799845
vn 0.170657 0.93493 -0.311098
vn -0.918848 0.223826 0.324992
vn -0.901084 -0.150144 0.406822
vn -0.702112 -0.151982 0.695658
vn -0.918848 0.223826 0.324992
vn -0.702112 -0.151982 0.695658
vn -0.663285 0.324647 0.674283
vn 0.248364 -0.327502 -0.911624
vn 0.413501 -0.124836 -0.901905
vn 0.189491 -0.654522 -0.731911
vn 0.416723 0.116073 -0.901592
vn 0.415369 0.433263 -0.799845
vn 0.432469 0.183176 -0.882846
vn -0.226801 -0.902952 -0.365018
vn 0.020739 -0.733199 -0.679697
vn 0.11375 -0.951133 -0.287066
vn -0.336465 -0.930645 -0.143843
vn 0.11375 -0.951133 -0.287066
vn 0.020739 -0.733199 -0.679697
vn 0.248364 -0.327502 -0.911624
vn 0.020739 -0.733199 -0.679697
vn -0.013806 -0.893444 -0.448962
vn -0.828343 -0.390381 0.401808
vn -0.869819 -0.476926 -0.126322
vn -0.365333 -0.917126 -0.159408
vn -0.917446 -0.059091 0.393447
vn -0.396732 -0.819548 0.413455
vn -0.813149 -0.56049 0.15697
vn -0.617126 0.779164 0.109811
vn -0.918848 0.223826 0.324992
vn -0.620624 0.528284 0.579432
vn 0.44629 -0.415565 0.792547
vn 0.000001 -0.488177 0.872745
vn 0.30347 -0.733241 0.608493
vn 0.642884 0.045775 0.764595
vn 0.000001 -0.488177 0.872745
vn 0.44629 -0.415565 0.792547
vn 0.207053 -0.405163 0.89049
vn 0.109295 -0.613178 0.782347
vn 0.008853 -0.277138 0.960789
vn 0.333263 -0.562522 0.756641
vn 0.139052 -0.390209 0.910166
vn 0.271579 -0.735911 0.620226
vn 0.144995 0.448836 0.881772
vn 0.224942 -0.10273 0.968941
vn 0.197853 -0.000692 0.980232
vn -0.0 -0.800232 0.59969
vn 0.007207 -0.55216 0.833707
vn 0.30347 -0.733241 0.608493
vn -0.0 -0.800232 0.59969
vn 0.30347 -0.733241 0.608493
vn 0.000001 -0.488177 0.872745
vn 0.007207 -0.55216 0.833707
vn 0.173117 -0.042665 0.983977
vn 0.423301 -0.603189 0.676003
vn 0.082957 -0.995119 0.053441
vn -0.0 -0.999122 0.041886
vn 0.000001 -0.986737 -0.162326
vn 0.248595 -0.748405 0.61489
vn 0.082957 -0.995119 0.053441
vn 0.235261 -0.949402 0.208058
vn 0.235261 -0.949402 0.208058
vn 0.109295 -0.613178 0.782347
vn 0.331031 -0.764971 0.552483
vn 0.331031 -0.764971 0.552483
vn 0.344434 -0.458913 0.819002
vn 0.248595 -0.748405 0.61489
vn 0.248595 -0.748405 0.61489
vn -0.000001 -0.181867 0.983323
vn -0.000001 -0.76289 0.646529
vn 0.248595 -0.748405 0.61489
vn -0.0 -0.999122 0.041886
vn 0.082957 -0.995119 0.053441
vn 0.269399 -0.672276 0.689543
vn 0.067174 -0.559966 0.825788
vn 0.196157 -0.425049 0.88366
vn -0.000001 -0.76289 0.646529
vn -0.0 -0.999122 0.041886
vn 0.248595 -0.748405 0.61489
vn 0.197853 -0.000692 0.980232
vn 0.109295 -0.613178 0.782347
vn 0.096218 -0.056251 0.99377
vn 0.008853 -0.277138 0.960789
vn -0.003952 -0.246632 0.969101
vn 0.197853 -0.000692 0.980232
vn 0.44629 -0.415565 0.792547
vn 0.30347 -0.733241 0.608493
vn 0.756398 -0.279372 0.591451
vn 0.020055 0.201577 0.979267
vn -0.000001 -0.181867 0.983323
vn 0.225212 -0.110818 0.967987
vn 0.000001 0.022157 0.999754
vn 0.000001 -0.488177 0.872745
vn 0.642884 0.045775 0.764595
vn 0.423301 -0.603189 0.676003
vn 0.30347 -0.733241 0.608493
vn 0.019141 -0.638406 0.769462
vn 0.248595 -0.748405 0.61489
vn 0.235261 -0.949402 0.208058
vn 0.331031 -0.764971 0.552483
vn 0.244323 -0.371549 0.895688
vn 0.112728 -0.37068 0.921894
vn 0.280303 -0.452371 0.846635
vn 0.248595 -0.748405 0.61489
vn 0.225212 -0.110818 0.967987
vn -0.000001 -0.181867 0.983323
vn 0.139052 -0.390209 0.910166
vn 0.333263 -0.562522 0.756641
vn 0.112728 -0.37068 0.921894
vn 0.014049 -0.246103 0.969142
vn 0.139052 -0.390209 0.910166
vn 0.112728 -0.37068 0.921894
vn -0.127827 0.36712 0.921349
vn -0.178181 0.0353 0.983364
vn -0.278539 -0.111367 0.953946
vn -0.0 -0.800232 0.59969
vn -0.303469 -0.733241 0.608493
vn 0.007207 -0.55216 0.833707
vn -0.0 -0.800232 0.59969
vn 0.000001 -0.488177 0.872745
vn -0.303469 -0.733241 0.608493
vn 0.007207 -0.55216 0.833707
vn -0.423301 -0.603189 0.676002
vn -0.246785 -0.111086 0.962682
vn -0.082957 -0.995119 0.053441
vn 0.000001 -0.986737 -0.162326
vn -0.0 -0.999122 0.041886
vn -0.248598 -0.748405 0.61489
vn -0.235263 -0.949401 0.20806
vn -0.082957 -0.995119 0.053441
vn -0.235263 -0.949401 0.20806
vn -0.333195 -0.700805 0.630756
vn -0.109297 -0.613177 0.782348
vn -0.211162 -0.073262 0.974702
vn -0.399127 -0.339042 0.851908
vn -0.248598 -0.748405 0.61489
vn -0.248598 -0.748405 0.61489
vn -0.000001 -0.76289 0.646529
vn -0.000001 -0.181867 0.983323
vn -0.248598 -0.748405 0.61489
vn -0.082957 -0.995119 0.053441
vn -0.0 -0.999122 0.041886
vn -0.260962 -0.614151 0.744793
vn -0.241542 -0.428628 0.870595
vn -0.077649 -0.583719 0.808234
vn -0.000001 -0.76289 0.646529
vn -0.248598 -0.748405 0.61489
vn -0.0 -0.999122 0.041886
vn -0.178181 0.0353 0.983364
vn -0.113476 0.289233 0.950509
vn -0.109297 -0.613177 0.782348
vn 0.020055 0.201577 0.979267
vn -0.211162 -0.073262 0.974702
vn -0.000001 -0.181867 0.983323
vn 0.000001 0.022157 0.999754
vn -0.642881 0.045776 0.764597
vn 0.000001 -0.488177 0.872745
vn -0.423301 -0.603189 0.676002
vn 0.007207 -0.55216 0.833707
vn -0.303469 -0.733241 0.608493
vn -0.248598 -0.748405 0.61489
vn -0.333195 -0.700805 0.630756
vn -0.235263 -0.949401 0.20806
vn -0.244324 -0.37155 0.895688
vn -0.25507 -0.432215 0.864944
vn -0.112728 -0.37068 0.921894
vn -0.248598 -0.748405 0.61489
vn -0.000001 -0.181867 0.983323
vn -0.211162 -0.073262 0.974702
vn -0.896001 -0.102312 0.432105
vn -0.930656 -0.084305 0.35605
vn -0.992463 -0.028236 0.119251
vn 0.992438 -0.035053 0.117635
vn 0.891044 -0.118022 0.438305
vn 0.931143 -0.104135 0.349469
vn 0.019287 0.906227 0.422351
vn -0.01227 0.863859 0.503585
vn 0.0991 0.993842 -0.049563
vn 0.041436 0.867501 0.495707
vn 0.019287 0.906227 0.422351
vn 0.0991 0.993842 -0.049563
vn -0.098587 -0.994311 0.040334
vn -0.082957 -0.995119 0.053441
vn -0.235263 -0.949401 0.20806
vn -0.098587 -0.994311 0.040334
vn -0.235263 -0.949401 0.20806
vn -0.133414 -0.742833 0.656048
vn 0.166077 0.755606 0.633623
vn 0.041436 0.867501 0.495707
vn 0.0991 0.993842 -0.049563
vn 0.000001 -0.986737 -0.162326
vn -0.082957 -0.995119 0.053441
vn -0.098587 -0.994311 0.040334
vn -0.01227 0.863859 0.503585
vn 0.050054 0.829162 0.556763
vn -0.099098 0.993843 -0.049564
vn 0.050054 0.829162 0.556763
vn -0.173964 0.982478 -0.066891
vn -0.099098 0.993843 -0.049564
vn 0.082957 -0.995119 0.053441
vn 0.098587 -0.994311 0.040334
vn 0.235261 -0.949402 0.208058
vn 0.235261 -0.949402 0.208058
vn 0.098587 -0.994311 0.040334
vn 0.133412 -0.742835 0.656047
vn -0.173964 0.982478 -0.066891
vn -0.166072 0.755608 0.633622
vn -0.099098 0.993843 -0.049564
vn 0.082957 -0.995119 0.053441
vn 0.000001 -0.986737 -0.162326
vn 0.098587 -0.994311 0.040334
vn 0.0991 0.993842 -0.049563
vn -0.01227 0.863859 0.503585
vn -0.099098 0.993843 -0.049564
vn -0.098587 -0.994311 0.040334
vn 0.098587 -0.994311 0.040334
vn 0.000001 -0.986737 -0.162326
vn -0.549235 0.498042 0.67104
vn -0.921996 0.253699 0.292507
vn -0.527133 0.494515 0.691076
vn -0.628127 -0.588176 0.509416
vn -0.842823 -0.537788 0.020818
vn -0.45483 -0.86675 0.204634
vn 0.594393 0.263452 0.759796
vn 0.842772 0.412672 0.345597
vn 0.45447 0.557736 0.694542
vn -0.591486 0.362769 0.7201
vn -0.051662 0.029167 0.998239
vn -0.461419 -0.075731 0.883944
vn -0.293272 -0.130693 0.947054
vn -0.527133 0.494515 0.691076
vn -0.775509 0.395265 0.492292
vn 0.716818 0.463769 0.520663
vn 0.139784 -0.093304 0.985776
vn 0.935782 0.092014 0.34036
vn 0.935782 0.092014 0.34036
vn 0.139784 -0.093304 0.985776
vn 0.851181 -0.447118 0.274911
vn 0.557191 -0.770767 0.30896
vn 0.524981 -0.846791 -0.085677
vn 0.851181 -0.447118 0.274911
vn 0.549577 -0.805129 0.223007
vn 0.921788 -0.379797 0.077855
vn 0.525176 -0.70682 0.473915
vn 0.594393 0.263452 0.759796
vn 0.139784 -0.093304 0.985776
vn 0.716818 0.463769 0.520663
vn 0.549577 -0.805129 0.223007
vn 0.045856 -0.239083 0.969916
vn 0.060273 -0.992753 0.103968
vn -0.791101 -0.560274 0.245464
vn -0.293272 -0.130693 0.947054
vn -0.952213 -0.028702 0.304085
vn -0.952213 -0.028702 0.304085
vn -0.293272 -0.130693 0.947054
vn -0.775509 0.395265 0.492292
vn -0.045667 -0.40766 0.911991
vn -0.549235 0.498042 0.67104
vn -0.325001 0.105746 0.939783
vn -0.045667 -0.40766 0.911991
vn 0.418335 0.028011 0.907861
vn 0.45447 0.557736 0.694542
vn 0.694335 0.336325 0.636226
vn 0.716818 0.463769 0.520663
vn 0.33694 0.824286 0.454999
vn -0.527133 0.494515 0.691076
vn -0.492113 0.760947 0.422829
vn -0.775509 0.395265 0.492292
vn -0.44963 -0.459319 0.766067
vn -0.129837 -0.211466 0.968723
vn -0.791101 -0.560274 0.245464
vn 0.139784 -0.093304 0.985776
vn 0.351131 -0.571578 0.741623
vn 0.851181 -0.447118 0.274911
vn -0.286793 0.329029 0.899716
vn 0.003414 0.524731 0.851261
vn -0.366554 0.212308 0.905849
vn 0.045856 -0.239083 0.969916
vn 0.549577 -0.805129 0.223007
vn 0.351131 -0.571578 0.741623
vn 0.045856 -0.239083 0.969916
vn -0.44963 -0.459319 0.766067
vn -0.45483 -0.86675 0.204634
vn 0.58359 0.362673 0.726561
vn 0.003414 0.524731 0.851261
vn 0.233497 0.281878 0.930604
vn 0.459682 -0.145788 0.876035
vn 0.58359 0.362673 0.726561
vn 0.233497 0.281878 0.930604
vn -0.398344 -0.214785 0.891734
vn -0.257213 -0.606791 0.752094
vn -0.461419 -0.075731 0.883944
vn -0.257213 -0.606791 0.752094
vn -0.654922 -0.580577 0.483743
vn 0.003211 -0.891811 0.452397
vn 0.533166 -0.398143 0.746469
vn 0.349907 -0.278983 0.894278
vn 0.459682 -0.145788 0.876035
vn -0.257213 -0.606791 0.752094
vn -0.062019 -0.284049 0.956802
vn 0.327494 -0.663227 0.672962
vn 0.069875 -0.312117 0.947471
vn -0.286793 0.329029 0.899716
vn 0.233497 0.281878 0.930604
vn 0.003211 -0.891811 0.452397
vn 0.647481 -0.583474 0.490231
vn 0.327494 -0.663227 0.672962
vn -0.348111 -0.268983 0.898035
vn -0.398344 -0.214785 0.891734
vn -0.461419 -0.075731 0.883944
vn -0.591486 0.362769 0.7201
vn -0.461419 -0.075731 0.883944
vn -0.286793 0.329029 0.899716
vn 0.459682 -0.145788 0.876035
vn 0.352099 -0.0308 0.935456
vn 0.58359 0.362673 0.726561
vn 0.327494 -0.663227 0.672962
vn 0.533166 -0.398143 0.746469
vn 0.459682 -0.145788 0.876035
vn -0.060272 0.716277 0.695208
vn -0.045667 -0.40766 0.911991
vn 0.45447 0.557736 0.694542
vn -0.549235 0.498042 0.67104
vn -0.045667 -0.40766 0.911991
vn -0.060272 0.716277 0.695208
vn -0.791101 -0.560274 0.245464
vn -0.368971 -0.922836 -0.110603
vn -0.717963 -0.597339 0.357373
vn 0.060273 -0.992753 0.103968
vn 0.045856 -0.239083 0.969916
vn -0.45483 -0.86675 0.204634
vn -0.454477 0.557738 -0.694535
vn -0.5944 0.263463 -0.759786
vn -0.842778 0.41267 -0.345585
vn -0.525174 -0.706822 -0.473915
vn -0.54958 -0.805126 -0.223011
vn -0.921789 -0.379795 -0.077854
vn 0.527125 0.494507 -0.691087
vn 0.549227 0.498041 -0.671047
vn 0.921993 0.253698 -0.292517
vn -0.591484 0.362768 -0.720101
vn -0.461508 -0.14803 -0.874699
vn -0.352072 -0.030784 -0.935466
vn -0.13977 -0.093302 -0.985778
vn -0.716815 0.463778 -0.52066
vn -0.5944 0.263463 -0.759786
vn 0.775519 0.39525 -0.492289
vn 0.952216 -0.028692 -0.304074
vn 0.29329 -0.130689 -0.947049
vn 0.952216 -0.028692 -0.304074
vn 0.791098 -0.560277 -0.245465
vn 0.29329 -0.130689 -0.947049
vn 0.717965 -0.597338 -0.357371
vn 0.791098 -0.560277 -0.245465
vn 0.368972 -0.922837 0.110596
vn 0.454831 -0.86675 -0.204631
vn 0.628131 -0.588174 -0.509415
vn 0.842824 -0.537787 -0.020814
vn 0.527125 0.494507 -0.691087
vn 0.775519 0.39525 -0.492289
vn 0.29329 -0.130689 -0.947049
vn 0.454831 -0.86675 -0.204631
vn -0.06028 -0.992752 -0.103971
vn -0.045859 -0.239083 -0.969916
vn -0.851178 -0.447121 -0.274915
vn -0.935778 0.092019 -0.34037
vn -0.13977 -0.093302 -0.985778
vn -0.935778 0.092019 -0.34037
vn -0.716815 0.463778 -0.52066
vn -0.13977 -0.093302 -0.985778
vn 0.045666 -0.407659 -0.911992
vn -0.418342 0.028017 -0.907857
vn -0.454477 0.557738 -0.694535
vn 0.045666 -0.407659 -0.911992
vn 0.549227 0.498041 -0.671047
vn 0.324989 0.105734 -0.939789
vn 0.527125 0.494507 -0.691087
vn 0.492117 0.760942 -0.422834
vn 0.775519 0.39525 -0.492289
vn -0.694341 0.336335 -0.636214
vn -0.716815 0.463778 -0.52066
vn -0.336938 0.82429 -0.454992
vn -0.351128 -0.571578 -0.741625
vn -0.851178 -0.447121 -0.274915
vn -0.13977 -0.093302 -0.985778
vn 0.129858 -0.211462 -0.968721
vn 0.791098 -0.560277 -0.245465
vn 0.449636 -0.459321 -0.766062
vn -0.228644 0.284642 -0.930968
vn -0.591484 0.362768 -0.720101
vn 0.003415 0.52473 -0.851262
vn -0.045859 -0.239083 -0.969916
vn 0.449636 -0.459321 -0.766062
vn 0.454831 -0.86675 -0.204631
vn -0.045859 -0.239083 -0.969916
vn -0.54958 -0.805126 -0.223011
vn -0.351128 -0.571578 -0.741625
vn 0.358451 0.2119 -0.909182
vn 0.291662 0.334257 -0.896217
vn 0.003415 0.52473 -0.851262
vn 0.459581 -0.079378 -0.884582
vn 0.291662 0.334257 -0.896217
vn 0.583588 0.362673 -0.726563
vn -0.540915 -0.395611 -0.742228
vn -0.461508 -0.14803 -0.874699
vn -0.322401 -0.659878 -0.678689
vn -0.322401 -0.659878 -0.678689
vn 0.003212 -0.891811 -0.452397
vn -0.654921 -0.580577 -0.483744
vn 0.391774 -0.217435 -0.894
vn 0.459581 -0.079378 -0.884582
vn 0.348135 -0.268953 -0.898035
vn -0.322401 -0.659878 -0.678689
vn 0.262899 -0.604095 -0.752299
vn 0.0665 -0.283966 -0.956525
vn -0.064819 -0.312224 -0.947795
vn 0.291662 0.334257 -0.896217
vn -0.228644 0.284642 -0.930968
vn 0.003212 -0.891811 -0.452397
vn 0.262899 -0.604095 -0.752299
vn 0.647481 -0.583473 -0.490232
vn -0.34988 -0.279003 -0.894283
vn -0.461508 -0.14803 -0.874699
vn -0.540915 -0.395611 -0.742228
vn -0.591484 0.362768 -0.720101
vn -0.228644 0.284642 -0.930968
vn -0.461508 -0.14803 -0.874699
vn 0.459581 -0.079378 -0.884582
vn 0.583588 0.362673 -0.726563
vn 0.051686 0.029151 -0.998238
vn 0.262899 -0.604095 -0.752299
vn 0.459581 -0.079378 -0.884582
vn 0.391774 -0.217435 -0.894
vn 0.060272 0.716277 -0.695208
vn 0.549227 0.498041 -0.671047
vn 0.045666 -0.407659 -0.911992
vn -0.454477 0.557738 -0.694535
vn 0.060272 0.716277 -0.695208
vn 0.045666 -0.407659 -0.911992
vn -0.851178 -0.447121 -0.274915
vn -0.557189 -0.770769 -0.30896
vn -0.524981 -0.84679 0.085683
vn -0.06028 -0.992752 -0.103971
vn -0.54958 -0.805126 -0.223011
vn -0.045859 -0.239083 -0.969916
vn -0.928493 -0.223403 -0.296633
vn -0.777678 0.307472 -0.548342
vn -0.99857 0.052048 0.012169
vn -0.853473 -0.184402 -0.487422
vn -0.780632 -0.158385 -0.604589
vn -0.777678 0.307472 -0.548342
vn -0.807921 -0.589177 -0.011535
vn -0.518029 -0.586276 -0.622837
vn -0.921598 -0.295367 -0.251826
vn -0.898688 -0.271324 0.344591
vn -0.581759 -0.560824 0.589095
vn -0.807921 -0.589177 -0.011535
vn -0.99857 0.052048 0.012169
vn -0.938545 0.345157 -0.0
vn -0.777678 0.307472 0.548342
vn -0.854581 -0.115999 0.506197
vn -0.581759 -0.560824 0.589095
vn -0.898688 -0.271324 0.344591
vn -0.807921 -0.589177 -0.011535
vn -0.581759 -0.560824 0.589095
vn -0.760903 -0.642886 -0.087886
vn -0.853473 -0.184402 -0.487422
vn -0.777678 0.307472 -0.548342
vn -0.928493 -0.223403 -0.296633
vn -0.807921 -0.589177 -0.011535
vn -0.760903 -0.642886 -0.087886
vn -0.518029 -0.586276 -0.622837
vn -0.99857 0.052048 0.012169
vn -0.777678 0.307472 -0.548342
vn -0.938545 0.345157 -0.0
vn 0.965857 -0.166432 -0.198547
vn 0.99857 0.052052 -0.012169
vn 0.740244 0.336728 -0.581939
vn 0.854579 -0.115997 -0.506201
vn 0.740244 0.336728 -0.581939
vn 0.798019 -0.035955 -0.601558
vn 0.9216 -0.295362 0.251822
vn 0.807921 -0.589178 0.011537
vn 0.58176 -0.560824 0.589094
vn 0.853473 -0.184405 0.48742
vn 0.798019 -0.035961 0.601558
vn 0.740244 0.336729 0.581939
vn 0.928494 -0.2234 0.296632
vn 0.853473 -0.184405 0.48742
vn 0.740244 0.336729 0.581939
vn 0.760871 -0.212265 0.613203
vn 0.833229 -0.373909 0.407334
vn 0.58176 -0.560824 0.589094
vn 0.854579 -0.115997 -0.506201
vn 0.965857 -0.166432 -0.198547
vn 0.740244 0.336728 -0.581939
vn 0.99857 0.052052 -0.012169
vn 0.959842 0.280542 0.000001
vn 0.740244 0.336728 -0.581939
vn 0.853473 -0.184405 0.48742
vn 0.58176 -0.560824 0.589094
vn 0.798019 -0.035961 0.601558
vn 0.854579 -0.115997 -0.506201
vn 0.798019 -0.035955 -0.601558
vn 0.581758 -0.560823 -0.589097
vn 0.726523 0.104824 -0.6791
vn 0.827265 0.339766 -0.447427
vn 0.831003 0.012379 -0.556129
vn 0.831003 0.012379 -0.556129
vn 0.684963 0.343877 -0.64232
vn 0.537203 0.590551 -0.602214
vn 0.912125 -0.409171 -0.024628
vn 0.831003 0.012379 -0.556129
vn 0.91543 0.367934 -0.163132
vn 0.91543 0.367934 -0.163132
vn 0.831003 0.012379 -0.556129
vn 0.537203 0.590551 -0.602214
vn 0.864757 -0.489046 -0.114145
vn 0.820048 -0.172964 -0.545532
vn 0.953693 0.293721 -0.064789
vn 0.912125 -0.409171 -0.024628
vn 0.896351 -0.284026 -0.340418
vn 0.831003 0.012379 -0.556129
vn 0.912125 -0.409171 -0.024628
vn 0.545033 -0.30792 0.779823
vn 0.730075 -0.137964 0.669296
vn 0.460038 -0.714105 -0.527655
vn 0.154163 -0.980265 0.123749
vn 0.268148 -0.924872 0.269646
vn 0.668287 -0.134893 0.731571
vn 0.324567 -0.765784 0.555186
vn 0.864757 -0.489046 -0.114145
vn 0.13283 -0.920083 0.368516
vn -0.356962 -0.921065 -0.155617
vn 0.481651 -0.752797 -0.448675
vn 0.912125 -0.409171 -0.024628
vn 0.758868 -0.29445 0.580877
vn 0.979098 -0.196626 -0.052006
vn 0.460038 -0.714105 -0.527655
vn 0.23082 -0.968166 0.096829
vn 0.655779 -0.673749 -0.340612
vn 0.580688 -0.68664 0.437408
vn 0.944203 -0.32451 -0.056343
vn 0.823753 -0.538581 -0.177093
vn 0.120736 -0.32616 -0.937573
vn -0.469815 -0.663464 -0.582314
vn -0.398101 -0.794098 -0.459264
vn 0.314676 -0.072684 -0.946412
vn 0.611077 0.011935 -0.791481
vn 0.600111 -0.173422 -0.780891
vn 0.120736 -0.32616 -0.937573
vn 0.400158 -0.283013 -0.871652
vn 0.704597 -0.265871 -0.657917
vn 0.208743 0.326265 -0.921942
vn 0.425703 0.135273 -0.894695
vn 0.600111 -0.173422 -0.780891
vn 0.481403 -0.755767 -0.443923
vn 0.104135 -0.284901 -0.952884
vn 0.600111 -0.173422 -0.780891
vn 0.208743 0.326265 -0.921942
vn 0.600111 -0.173422 -0.780891
vn 0.104135 -0.284901 -0.952884
vn 0.704597 -0.265871 -0.657917
vn 0.453086 -0.483856 -0.748729
vn 0.600111 -0.173422 -0.780891
vn 0.704597 -0.265871 -0.657917
vn 0.600111 -0.173422 -0.780891
vn 0.728267 -0.081946 -0.680376
vn 0.726523 0.104824 -0.6791
vn 0.424785 0.13323 -0.895437
vn 0.126064 0.286374 -0.949788
vn -0.305131 0.778064 -0.549101
vn -0.550416 0.661414 -0.509484
vn 0.126064 0.286374 -0.949788
vn -0.618088 -0.140666 -0.773421
vn -0.646312 -0.412226 -0.642145
vn 0.087069 -0.410831 -0.907544
vn 0.600111 -0.173422 -0.780891
vn 0.637087 -0.492663 -0.592793
vn 0.481403 -0.755767 -0.443923
vn -0.249133 -0.925912 -0.283935
vn -0.269099 -0.963029 -0.012707
vn 0.481403 -0.755767 -0.443923
vn 0.481651 -0.752797 -0.448675
vn 0.120736 -0.32616 -0.937573
vn 0.704597 -0.265871 -0.657917
vn 0.289833 0.413278 -0.863249
vn -0.316233 0.65688 -0.684474
vn 0.126064 0.286374 -0.949788
vn 0.385479 -0.674303 -0.629858
vn -0.079153 -0.968789 -0.234911
vn 0.481403 -0.755767 -0.443923
vn 0.233458 -0.539782 -0.808785
vn 0.120736 -0.32616 -0.937573
vn -0.395797 -0.688604 -0.607593
vn -0.55892 0.713911 0.421828
vn 0.235635 0.962235 0.136305
vn 0.249162 0.925903 0.283941
vn -0.314665 0.072682 0.946416
vn -0.600119 0.173409 0.780888
vn -0.611071 -0.011942 0.791486
vn -0.55892 0.713911 0.421828
vn -0.637091 0.49265 0.5928
vn -0.600119 0.173409 0.780888
vn -0.120724 0.326159 0.937574
vn -0.481661 0.75279 0.448676
vn -0.704601 0.265866 0.657915
vn -0.090463 0.406634 0.909101
vn -0.600119 0.173409 0.780888
vn -0.208759 -0.326289 0.92193
vn -0.55892 0.713911 0.421828
vn -0.600119 0.173409 0.780888
vn -0.090463 0.406634 0.909101
vn -0.600119 0.173409 0.780888
vn -0.425698 -0.135272 0.894697
vn -0.208759 -0.326289 0.92193
vn -0.611071 -0.011942 0.791486
vn -0.686559 -0.343908 0.640597
vn -0.563871 -0.638668 0.523596
vn 0.140526 -0.910508 0.388881
vn 0.154163 -0.980265 0.123749
vn -0.563871 -0.638668 0.523596
vn 0.356968 0.921066 0.155598
vn -0.132811 0.920081 -0.368528
vn -0.481661 0.75279 0.448676
vn -0.385485 0.674298 0.62986
vn -0.55892 0.713911 0.421828
vn 0.079188 0.968784 0.23492
vn -0.457791 -0.548454 0.699732
vn -0.033639 -0.938402 0.343903
vn -0.563871 -0.638668 0.523596
vn -0.324568 0.765781 -0.55519
vn -0.668289 0.134906 -0.731567
vn -0.864749 0.489061 0.114142
vn -0.525727 -0.779739 -0.340028
vn -0.469815 -0.663464 -0.582314
vn -0.955607 -0.288037 0.062053
vn -0.758879 0.29443 -0.580873
vn -0.912119 0.409185 0.024616
vn -0.979097 0.19663 0.05201
vn -0.965674 0.071376 0.249759
vn -0.831008 -0.012378 0.556123
vn -0.820041 0.172974 0.54554
vn -0.831008 -0.012378 0.556123
vn -0.896346 0.284037 0.34042
vn -0.912119 0.409185 0.024616
vn -0.953688 -0.293734 0.064806
vn -0.820041 0.172974 0.54554
vn -0.864749 0.489061 0.114142
vn -0.831008 -0.012378 0.556123
vn -0.915439 -0.36792 0.163115
vn -0.537192 -0.590551 0.602224
vn -0.915439 -0.36792 0.163115
vn -0.831008 -0.012378 0.556123
vn -0.912119 0.409185 0.024616
vn -0.704601 0.265866 0.657915
vn -0.820041 0.172974 0.54554
vn -0.728266 0.08195 0.680377
vn -0.831008 -0.012378 0.556123
vn -0.827256 -0.33977 0.44744
vn -0.726521 -0.104832 0.6791
vn -0.726521 -0.104832 0.6791
vn -0.728266 0.08195 0.680377
vn -0.831008 -0.012378 0.556123
vn -0.944209 0.324492 0.05634
vn -0.550416 0.661414 -0.509484
vn -0.432755 0.792427 -0.429864
vn -0.953688 -0.293734 0.064806
vn -0.921196 -0.136276 0.364455
vn -0.820041 0.172974 0.54554
vn -0.953688 -0.293734 0.064806
vn -0.646312 -0.412226 -0.642145
vn -0.745708 -0.126304 -0.654192
vn -0.537192 -0.590551 0.602224
vn -0.684948 -0.343884 0.642332
vn -0.831008 -0.012378 0.556123
vn -0.944209 0.324492 0.05634
vn -0.5807 0.686641 -0.437392
vn -0.823751 0.538578 0.177111
vn -0.23084 0.968163 -0.096818
vn -0.460027 0.714095 0.527678
vn -0.655778 0.673742 0.340627
vn -0.953688 -0.293734 0.064806
vn -0.79209 -0.267267 -0.548782
vn -0.995045 -0.073067 0.067424
vn -0.730083 0.137948 -0.66929
vn -0.545044 0.307909 -0.77982
vn -0.912119 0.409185 0.024616
vn 0.13283 -0.920083 0.368516
vn -0.616247 -0.536165 0.576858
vn -0.356962 -0.921065 -0.155617
vn -0.324568 0.765781 -0.55519
vn 0.241592 0.234704 -0.941567
vn -0.668289 0.134906 -0.731567
vn 0.704597 -0.265871 -0.657917
vn 0.728267 -0.081946 -0.680376
vn 0.820048 -0.172964 -0.545532
vn -0.728266 0.08195 0.680377
vn -0.820041 0.172974 0.54554
vn -0.831008 -0.012378 0.556123
vn 0.728267 -0.081946 -0.680376
vn 0.600111 -0.173422 -0.780891
vn 0.611077 0.011935 -0.791481
vn -0.432742 -0.792427 0.429876
vn -0.944202 -0.324511 -0.056344
vn -0.550418 -0.661418 0.509477
vn -0.792094 0.267252 0.548783
vn -0.995048 0.07305 -0.067406
vn -0.933343 0.327721 -0.146526
vn -0.726523 0.104824 -0.6791
vn -0.831004 0.012379 -0.556129
vn -0.827265 0.339766 -0.447428
vn -0.820047 -0.172964 -0.545533
vn -0.933343 0.327721 -0.146526
vn -0.921205 0.136264 -0.364436
vn -0.831004 0.012379 -0.556129
vn -0.537203 0.590552 -0.602214
vn -0.684962 0.343878 -0.64232
vn -0.88737 -0.449607 -0.102115
vn -0.954939 0.289008 -0.067568
vn -0.831004 0.012379 -0.556129
vn -0.954939 0.289008 -0.067568
vn -0.537203 0.590552 -0.602214
vn -0.831004 0.012379 -0.556129
vn -0.913904 -0.404969 -0.027902
vn -0.933343 0.327721 -0.146526
vn -0.820047 -0.172964 -0.545533
vn -0.965678 -0.07138 -0.249742
vn -0.831004 0.012379 -0.556129
vn -0.820047 -0.172964 -0.545533
vn -0.975393 0.202803 -0.086478
vn -0.52574 0.779728 0.340033
vn -0.627724 0.6457 0.434782
vn -0.88737 -0.449607 -0.102115
vn -0.831004 0.012379 -0.556129
vn -0.896351 -0.284027 -0.340416
vn -0.88737 -0.449607 -0.102115
vn -0.730076 -0.137963 0.669294
vn -0.644953 -0.253649 0.7209
vn -0.606071 -0.146129 0.781872
vn -0.913904 -0.404969 -0.027902
vn -0.324566 -0.765784 0.555186
vn -0.13283 -0.920083 0.368516
vn -0.587222 -0.712375 -0.384307
vn 0.311926 -0.923652 -0.22264
vn -0.88737 -0.449607 -0.102115
vn -0.979098 -0.196627 -0.052003
vn -0.758869 -0.294449 0.580876
vn -0.745708 0.126288 0.654195
vn -0.933343 0.327721 -0.146526
vn -0.740563 0.310501 0.595949
vn -0.460037 -0.714105 -0.527655
vn -0.655779 -0.673749 -0.340613
vn -0.23082 -0.968166 0.096829
vn -0.580689 -0.68664 0.437408
vn -0.823753 -0.53858 -0.177094
vn -0.944202 -0.324511 -0.056344
vn -0.563865 0.638668 -0.523603
vn 0.140535 0.91051 -0.388873
vn 0.154177 0.980261 -0.123767
vn -0.242468 0.933951 0.262574
vn 0.132813 0.92008 -0.368528
vn -0.664264 0.590174 -0.458746
vn -0.314675 -0.072684 -0.946413
vn -0.600112 -0.173422 -0.780891
vn -0.611077 0.011935 -0.791481
vn -0.208743 0.326265 -0.921942
vn -0.600112 -0.173422 -0.780891
vn -0.425703 0.135273 -0.894694
vn -0.563865 0.638668 -0.523603
vn -0.611077 0.011935 -0.791481
vn -0.686571 0.343878 -0.6406
vn -0.558933 -0.713896 -0.421837
vn -0.600112 -0.173422 -0.780891
vn -0.090453 -0.40663 -0.909104
vn -0.208743 0.326265 -0.921942
vn -0.090453 -0.40663 -0.909104
vn -0.600112 -0.173422 -0.780891
vn -0.600112 -0.173422 -0.780891
vn -0.558933 -0.713896 -0.421837
vn -0.637087 -0.492662 -0.592793
vn 0.249132 -0.925913 -0.283935
vn -0.558933 -0.713896 -0.421837
vn 0.23563 -0.962234 -0.136321
vn -0.587222 -0.712375 -0.384307
vn -0.704597 -0.265871 -0.657918
vn -0.085165 -0.405159 -0.910271
vn -0.457805 0.548439 -0.699735
vn -0.033629 0.938406 -0.343894
vn -0.563865 0.638668 -0.523603
vn -0.385479 -0.674303 -0.629858
vn -0.558933 -0.713896 -0.421837
vn 0.079151 -0.968789 -0.234911
vn -0.726523 0.104824 -0.6791
vn -0.728267 -0.081946 -0.680376
vn -0.831004 0.012379 -0.556129
vn 0.481395 0.755782 0.443906
vn -0.249162 0.925903 0.283941
vn -0.269107 0.963027 0.012697
vn 0.12605 -0.286373 0.949791
vn -0.305123 -0.778067 0.549101
vn -0.550418 -0.661418 0.509477
vn 0.600117 0.173409 0.78089
vn 0.704601 0.265866 0.657915
vn 0.453087 0.483852 0.748732
vn 0.314663 0.072682 0.946417
vn 0.611071 -0.011943 0.791485
vn 0.600117 0.173409 0.78089
vn 0.12605 -0.286373 0.949791
vn 0.726521 -0.104833 0.6791
vn 0.424772 -0.13324 0.895442
vn 0.481395 0.755782 0.443906
vn 0.600117 0.173409 0.78089
vn 0.63709 0.49265 0.5928
vn 0.085154 0.40516 0.910271
vn 0.704601 0.265866 0.657915
vn 0.587232 0.712367 0.384309
vn 0.104145 0.284898 0.952883
vn 0.208755 -0.326288 0.921931
vn 0.600117 0.173409 0.78089
vn 0.481395 0.755782 0.443906
vn 0.104145 0.284898 0.952883
vn 0.600117 0.173409 0.78089
vn 0.704601 0.265866 0.657915
vn 0.085154 0.40516 0.910271
vn 0.400168 0.283005 0.87165
vn -0.398119 0.79409 0.459263
vn 0.085154 0.40516 0.910271
vn -0.627724 0.6457 0.434782
vn 0.600117 0.173409 0.78089
vn 0.208755 -0.326288 0.921931
vn 0.425697 -0.135272 0.894697
vn -0.242468 0.933951 0.262574
vn 0.587232 0.712367 0.384309
vn 0.132813 0.92008 -0.368528
vn 0.233459 0.539775 0.808789
vn 0.085154 0.40516 0.910271
vn -0.395812 0.688601 0.607586
vn 0.385484 0.674298 0.62986
vn -0.079188 0.968784 0.23492
vn 0.481395 0.755782 0.443906
vn 0.087069 0.410836 0.907542
vn -0.618087 0.140648 0.773425
vn -0.740563 0.310501 0.595949
vn 0.289816 -0.413282 0.863252
vn -0.31623 -0.656881 0.684475
vn 0.12605 -0.286373 0.949791
vn 0.324569 0.76578 -0.55519
vn 0.913897 0.404986 0.027894
vn 0.606074 0.146147 -0.781866
vn 0.268163 0.924869 -0.26964
vn 0.460028 0.714095 0.527677
vn 0.154177 0.980261 -0.123767
vn 0.75888 0.294429 -0.580873
vn 0.979098 0.196628 0.052009
vn 0.887367 0.449616 0.1021
vn 0.831008 -0.012379 0.556122
vn 0.887367 0.449616 0.1021
vn 0.896347 0.284036 0.34042
vn 0.933332 -0.327742 0.146551
vn 0.913897 0.404986 0.027894
vn 0.820041 0.172974 0.545539
vn 0.831008 -0.012379 0.556122
vn 0.537192 -0.590552 0.602223
vn 0.954946 -0.288989 0.067553
vn 0.954946 -0.288989 0.067553
vn 0.887367 0.449616 0.1021
vn 0.831008 -0.012379 0.556122
vn 0.704601 0.265866 0.657915
vn 0.728266 0.081949 0.680377
vn 0.820041 0.172974 0.545539
vn 0.831008 -0.012379 0.556122
vn 0.726521 -0.104833 0.6791
vn 0.827256 -0.339771 0.44744
vn 0.537192 -0.590552 0.602223
vn 0.831008 -0.012379 0.556122
vn 0.684947 -0.343886 0.642332
vn 0.944209 0.324492 0.056341
vn 0.823752 0.538577 0.177111
vn 0.580702 0.68664 -0.437391
vn 0.230839 0.968163 -0.096818
vn 0.655779 0.673741 0.340627
vn 0.460028 0.714095 0.527677
vn 0.730083 0.137947 -0.66929
vn 0.887367 0.449616 0.1021
vn 0.644958 0.253649 -0.720896
vn -0.606071 -0.146129 0.781872
vn -0.324566 -0.765784 0.555186
vn 0.241597 -0.234691 0.941568
vn -0.704597 -0.265871 -0.657918
vn -0.820047 -0.172964 -0.545533
vn -0.728267 -0.081946 -0.680376
vn 0.704601 0.265866 0.657915
vn 0.600117 0.173409 0.78089
vn 0.728266 0.081949 0.680377
vn 0.728266 0.081949 0.680377
vn 0.600117 0.173409 0.78089
vn 0.611071 -0.011943 0.791485
vn -0.728267 -0.081946 -0.680376
vn -0.820047 -0.172964 -0.545533
vn -0.831004 0.012379 -0.556129
vn -0.82618 0.243558 0.508041
vn -0.740624 0.136884 -0.657828
vn -0.887242 0.460667 0.024241
vn -0.417358 0.836218 0.35574
vn -0.744505 0.570809 0.346251
vn -0.757626 0.298137 0.580618
vn -0.230517 0.769264 0.595898
vn 0.066391 0.329435 0.941841
vn -0.320339 0.545123 0.774741
vn -0.383396 -0.245048 0.890483
vn -0.000001 0.576517 0.817085
vn -0.264888 -0.018062 0.96411
vn -0.417358 0.836218 0.35574
vn 0.120119 0.37299 0.920027
vn -0.264856 0.762925 0.589743
vn -0.383396 0.847707 0.366607
vn 0.000001 0.977962 0.208782
vn -0.550949 0.834112 0.026682
vn -0.422628 0.869192 0.256694
vn -0.871281 0.315537 -0.375907
vn -0.688264 0.571881 -0.446369
vn -0.938888 0.177421 0.294977
vn -0.744503 -0.087508 0.661859
vn -0.757622 0.265956 0.59605
vn 0.0 0.275677 0.96125
vn -0.383396 0.847707 0.366607
vn -0.264856 0.762925 0.589743
vn -0.277047 -0.044568 0.959822
vn 0.066231 0.527749 0.846814
vn 0.000001 0.226571 0.973995
vn 0.066391 0.329435 0.941841
vn -0.230517 0.769264 0.595898
vn -0.0 0.617308 0.786722
vn -0.274047 0.333377 -0.902085
vn -0.025764 0.792257 -0.609643
vn -0.218488 -0.022554 -0.975579
vn -0.383396 0.847707 0.366607
vn -0.562989 0.492928 -0.663374
vn -0.871281 0.315537 -0.375907
vn -0.422628 0.869192 0.256694
vn -0.383396 0.847707 0.366607
vn -0.871281 0.315537 -0.375907
vn 0.120119 0.37299 0.920027
vn -0.757626 0.298137 0.580618
vn -0.437721 0.405451 0.802502
vn -0.757626 0.298137 0.580618
vn -0.938889 0.118849 0.323051
vn -0.887244 -0.269598 0.374319
vn -0.82618 0.243558 0.508041
vn -0.757626 0.298137 0.580618
vn -0.887244 -0.269598 0.374319
vn -0.417358 0.836218 0.35574
vn -0.025764 0.792257 -0.609643
vn -0.468374 0.544454 -0.695842
vn -0.757622 0.265956 0.59605
vn -0.887242 0.460667 0.024241
vn -0.938888 0.177421 0.294977
vn 0.048876 0.475617 0.878293
vn -0.41735 -0.246321 0.874726
vn -0.264888 -0.018062 0.96411
vn -0.422627 -0.344199 0.8384
vn -0.41735 -0.246321 0.874726
vn -0.02575 -0.971438 0.235891
vn -0.41735 -0.246321 0.874726
vn -0.468375 -0.883458 -0.011292
vn -0.02575 -0.971438 0.235891
vn -0.383396 -0.245048 0.890483
vn -0.871281 -0.49067 0.010586
vn -0.562999 -0.825872 -0.031125
vn -0.757626 0.298137 0.580618
vn 0.120119 0.37299 0.920027
vn -0.417358 0.836218 0.35574
vn -0.480412 0.877043 0.000066
vn -0.744505 0.570809 0.346251
vn -0.417358 0.836218 0.35574
vn -0.422628 0.869192 0.256694
vn -0.025764 0.792257 -0.609643
vn -0.417358 0.836218 0.35574
vn -0.383396 -0.245048 0.890483
vn -0.422627 -0.344199 0.8384
vn -0.871281 -0.49067 0.010586
vn -0.757626 0.298137 0.580618
vn -0.744505 0.570809 0.346251
vn -0.938889 0.118849 0.323051
vn -0.310092 0.76154 -0.569121
vn -0.025764 0.792257 -0.609643
vn -0.422628 0.869192 0.256694
vn -0.740628 -0.598576 -0.30525
vn -0.82618 0.243558 0.508041
vn -0.887244 -0.269598 0.374319
vn -0.757622 0.265956 0.59605
vn -0.82618 0.243558 0.508041
vn -0.887242 0.460667 0.024241
vn -0.31008 -0.920613 0.237324
vn -0.422627 -0.344199 0.8384
vn -0.02575 -0.971438 0.235891
vn -0.422627 -0.344199 0.8384
vn -0.688263 -0.706137 0.166327
vn -0.871281 -0.49067 0.010586
vn -0.189537 0.259808 0.946877
vn -0.265519 0.569298 0.778074
vn -0.602439 0.345039 0.719733
vn -0.189537 0.259808 0.946877
vn -0.602439 0.345039 0.719733
vn -0.193928 0.315491 0.928901
vn -0.218488 -0.022554 -0.975579
vn -0.539351 0.175515 -0.823587
vn -0.0 -0.156132 -0.987736
vn -0.025764 0.792257 -0.609643
vn -0.186514 0.518664 -0.834386
vn -0.218488 -0.022554 -0.975579
vn -0.270622 -0.343943 -0.899148
vn -0.360468 -0.572967 -0.736051
vn -0.181411 -0.377024 -0.908264
vn -0.000002 -0.672294 -0.740284
vn -0.539366 -0.751994 -0.378932
vn -0.234539 -0.686235 -0.688529
vn -0.186506 -0.975323 -0.118156
vn -0.02575 -0.971438 0.235891
vn -0.234539 -0.686235 -0.688529
vn -0.181411 -0.471992 -0.862736
vn -0.360498 -0.215002 -0.907643
vn -0.234539 -0.686235 -0.688529
vn -0.094731 -0.450636 -0.887667
vn -0.000005 -0.43229 -0.901735
vn -0.181411 -0.377024 -0.908264
vn -0.000065 -0.432269 -0.901744
vn -0.094769 -0.40982 -0.90723
vn -0.181411 -0.471992 -0.862736
vn -0.658637 0.251603 -0.70915
vn -0.871281 0.315537 -0.375907
vn -0.218488 -0.022554 -0.975579
vn -0.871281 -0.49067 0.010586
vn -0.658631 -0.710445 -0.247937
vn -0.234539 -0.686235 -0.688529
vn -0.181411 -0.377024 -0.908264
vn -0.274047 0.333377 -0.902085
vn -0.270622 -0.343943 -0.899148
vn -0.871281 0.315537 -0.375907
vn -0.539351 0.175515 -0.823587
vn -0.218488 -0.022554 -0.975579
vn -0.000022 -0.432296 -0.901732
vn -0.000005 -0.43229 -0.901735
vn -0.094731 -0.450636 -0.887667
vn -0.000135 -0.432239 -0.901759
vn -0.094769 -0.40982 -0.90723
vn -0.000065 -0.432269 -0.901744
vn -0.02575 -0.971438 0.235891
vn -0.274035 -0.912068 -0.30502
vn -0.234539 -0.686235 -0.688529
vn -0.539366 -0.751994 -0.378932
vn -0.871281 -0.49067 0.010586
vn -0.234539 -0.686235 -0.688529
vn 0.025763 0.792259 -0.609641
vn 0.422626 0.869191 0.256698
vn 0.417356 0.836219 0.355741
vn 0.422628 -0.3442 0.838398
vn 0.383396 -0.245048 0.890482
vn 0.871282 -0.490669 0.010586
vn 0.417353 -0.246323 0.874724
vn 0.480403 -0.549168 0.683833
vn 0.744503 -0.08751 0.661859
vn 0.811128 -0.252833 -0.527396
vn 0.826183 0.243555 0.508037
vn 0.887241 0.46067 0.024231
vn -0.550947 -0.501531 0.667026
vn -0.0 -0.449643 0.893209
vn -0.383396 -0.245048 0.890483
vn 0.274028 -0.912071 -0.305017
vn 0.23454 -0.686236 -0.688529
vn 0.181413 -0.471989 -0.862737
vn 0.658632 -0.710444 -0.247939
vn 0.871282 -0.490669 0.010586
vn 0.23454 -0.686236 -0.688529
vn 0.871281 0.315537 -0.375906
vn 0.658638 0.251603 -0.709149
vn 0.234539 -0.107044 -0.966195
vn -0.000001 0.576517 0.817085
vn 0.383396 -0.245048 0.890482
vn 0.264888 -0.018064 0.96411
vn -0.120013 0.483642 0.866999
vn 0.757623 0.265951 0.596052
vn 0.437715 0.371731 0.818671
vn -0.048972 0.386822 0.920853
vn 0.417356 0.836219 0.355741
vn 0.264854 0.762923 0.589746
vn 0.000001 0.977962 0.208782
vn 0.383398 0.847706 0.366608
vn 0.550949 0.834112 0.026682
vn 0.871281 0.315537 -0.375906
vn 0.422626 0.869191 0.256698
vn 0.688265 0.571883 -0.446364
vn 0.744503 -0.08751 0.661859
vn 0.938885 0.177413 0.294989
vn 0.757623 0.265951 0.596052
vn 0.383398 0.847706 0.366608
vn 0.0 0.275677 0.96125
vn 0.264854 0.762923 0.589746
vn -0.066233 0.527749 0.846814
vn 0.230521 -0.017164 0.972916
vn 0.000001 0.226571 0.973995
vn 0.277043 0.776215 0.566336
vn -0.066389 0.329434 0.941842
vn -0.0 0.617308 0.786722
vn 0.025763 0.792259 -0.609641
vn 0.417356 0.836219 0.355741
vn 0.468374 0.544454 -0.695842
vn 0.887241 0.46067 0.024231
vn 0.757623 0.265951 0.596052
vn 0.938885 0.177413 0.294989
vn 0.757626 0.298136 0.580618
vn 0.826183 0.243555 0.508037
vn 0.887242 -0.269609 0.374315
vn 0.93889 0.118847 0.323049
vn 0.757626 0.298136 0.580618
vn 0.887242 -0.269609 0.374315
vn 0.383398 0.847706 0.366608
vn 0.422626 0.869191 0.256698
vn 0.871281 0.315537 -0.375906
vn 0.562989 0.492928 -0.663374
vn 0.383398 0.847706 0.366608
vn 0.871281 0.315537 -0.375906
vn 0.417353 -0.246323 0.874724
vn -0.120013 0.483642 0.866999
vn 0.264888 -0.018064 0.96411
vn 0.417353 -0.246323 0.874724
vn 0.422628 -0.3442 0.838398
vn 0.025748 -0.971439 0.235889
vn 0.468375 -0.883458 -0.01129
vn 0.417353 -0.246323 0.874724
vn 0.025748 -0.971439 0.235889
vn 0.871282 -0.490669 0.010586
vn 0.383396 -0.245048 0.890482
vn 0.563 -0.825871 -0.031125
vn -0.120013 0.483642 0.866999
vn 0.417353 -0.246323 0.874724
vn 0.757623 0.265951 0.596052
vn -0.0 -0.449643 0.893209
vn 0.550947 -0.501532 0.667026
vn 0.383396 -0.245048 0.890482
vn 0.230521 -0.017164 0.972916
vn -0.066233 0.527749 0.846814
vn 0.320382 0.262599 0.910163
vn 0.193866 0.526604 0.82771
vn 0.189536 0.575514 0.795525
vn 0.602438 0.345039 0.719734
vn 0.826183 0.243555 0.508037
vn 0.757623 0.265951 0.596052
vn 0.887241 0.46067 0.024231
vn 0.422628 -0.3442 0.838398
vn 0.310086 -0.920611 0.237321
vn 0.025748 -0.971439 0.235889
vn 0.688263 -0.706137 0.166326
vn 0.422628 -0.3442 0.838398
vn 0.871282 -0.490669 0.010586
vn 0.189536 0.575514 0.795525
vn 0.26552 0.250093 0.931103
vn 0.602438 0.345039 0.719734
vn 0.53935 0.175515 -0.823587
vn 0.234539 -0.107044 -0.966195
vn -0.0 -0.156132 -0.987736
vn 0.186514 0.518666 -0.834385
vn 0.025763 0.792259 -0.609641
vn 0.234539 -0.107044 -0.966195
vn 0.367794 -0.401983 -0.838533
vn 0.234539 -0.107044 -0.966195
vn 0.18141 -0.377026 -0.908263
vn 0.539368 -0.751993 -0.378931
vn -0.000002 -0.672294 -0.740284
vn 0.23454 -0.686236 -0.688529
vn 0.025748 -0.971439 0.235889
vn 0.18651 -0.975322 -0.118158
vn 0.23454 -0.686236 -0.688529
vn 0.367794 -0.401983 -0.838533
vn 0.181413 -0.471989 -0.862737
vn 0.23454 -0.686236 -0.688529
vn -0.000001 -0.432289 -0.901735
vn 0.094773 -0.430338 -0.897679
vn 0.18141 -0.377026 -0.908263
vn 0.094773 -0.430338 -0.897679
vn 0.000065 -0.43227 -0.901744
vn 0.181413 -0.471989 -0.862737
vn 0.025763 0.792259 -0.609641
vn 0.274047 0.333377 -0.902085
vn 0.234539 -0.107044 -0.966195
vn 0.53935 0.175515 -0.823587
vn 0.871281 0.315537 -0.375906
vn 0.234539 -0.107044 -0.966195
vn -0.000001 -0.432289 -0.901735
vn 0.000009 -0.432293 -0.901733
vn 0.094773 -0.430338 -0.897679
vn 0.094773 -0.430338 -0.897679
vn 0.000135 -0.43224 -0.901759
vn 0.000065 -0.43227 -0.901744
vn 0.274028 -0.912071 -0.305017
vn 0.025748 -0.971439 0.235889
vn 0.23454 -0.686236 -0.688529
vn 0.871282 -0.490669 0.010586
vn 0.539368 -0.751993 -0.378931
vn 0.23454 -0.686236 -0.688529
vn -0.383396 -0.245048 0.890483
vn 0.383396 -0.245048 0.890482
vn -0.000001 0.576517 0.817085
vn -0.383396 0.847707 0.366607
vn 0.383398 0.847706 0.366608
vn 0.000001 0.977962 0.208782
vn -0.383396 0.847707 0.366607
vn 0.0 0.275677 0.96125
vn 0.383398 0.847706 0.366608
vn -0.277047 -0.044568 0.959822
vn 0.000001 0.226571 0.973995
vn 0.230521 -0.017164 0.972916
vn -0.230517 0.769264 0.595898
vn 0.277043 0.776215 0.566336
vn -0.0 0.617308 0.786722
vn -0.383396 -0.245048 0.890483
vn -0.0 -0.449643 0.893209
vn 0.383396 -0.245048 0.890482
vn -0.218488 -0.022554 -0.975579
vn -0.0 -0.156132 -0.987736
vn 0.234539 -0.107044 -0.966195
vn -0.234539 -0.686235 -0.688529
vn 0.23454 -0.686236 -0.688529
vn -0.000002 -0.672294 -0.740284
vn 0.744506 0.570808 0.34625
vn 0.757626 0.298136 0.580618
vn 0.93889 0.118847 0.323049
vn 0.417353 -0.246323 0.874724
vn 0.744503 -0.08751 0.661859
vn 0.757623 0.265951 0.596052
vn 0.025763 0.792259 -0.609641
vn 0.310093 0.761544 -0.569117
vn 0.422626 0.869191 0.256698
vn 0.826183 0.243555 0.508037
vn 0.811128 -0.252833 -0.527396
vn 0.887242 -0.269609 0.374315
vn 0.737254 0.483584 0.471808
vn 0.78064 0.080227 0.61981
vn 0.9323 0.241453 0.269289
vn -0.093435 0.86733 0.488884
vn -0.39573 0.691172 0.604714
vn 0.035332 0.572384 0.819224
vn -0.575446 0.392722 -0.717379
vn -0.084135 0.626237 -0.77508
vn -0.317205 0.841815 -0.436725
vn 0.723743 -0.689105 0.036468
vn 0.522002 -0.848963 -0.082317
vn 0.684108 -0.249847 0.685254
vn 0.685057 -0.715864 -0.135039
vn 0.214378 -0.973873 -0.074923
vn 0.300928 -0.923719 -0.237033
vn 0.685057 -0.715864 -0.135039
vn 0.59085 -0.805927 -0.037126
vn 0.214378 -0.973873 -0.074923
vn 0.993882 0.104029 -0.0371
vn 0.985917 -0.061966 0.155329
vn 0.959114 0.235119 0.157544
vn 0.959114 0.235119 0.157544
vn 0.812918 0.090128 -0.575362
vn 0.98061 0.192021 -0.039128
vn 0.955905 0.241132 -0.167631
vn 0.779218 0.405869 -0.477587
vn 0.659215 0.417279 -0.625551
vn 0.242891 -0.642128 0.727101
vn 0.396558 -0.767123 0.504246
vn 0.697562 -0.306194 0.647806
vn -0.48081 0.876105 0.035517
vn -0.159727 0.974157 -0.159704
vn -0.000001 0.999789 0.020564
vn 0.010534 -0.430002 0.902766
vn 0.095533 0.080648 0.992154
vn -0.204012 -0.208822 0.956437
vn -0.323846 0.940733 -0.100721
vn -0.44593 0.862775 0.238257
vn -0.178692 0.980663 0.079802
vn 0.026055 0.511532 -0.858869
vn 0.54747 -0.019761 -0.836592
vn 0.542944 0.080538 -0.835898
vn 0.994796 0.039814 0.093782
vn 0.993882 0.104029 -0.0371
vn 0.955905 0.241132 -0.167631
vn -0.232043 0.172511 0.957286
vn -0.0 0.629118 0.77731
vn 0.195353 0.108441 0.974719
vn -0.478401 -0.592868 0.647796
vn -0.204012 -0.208822 0.956437
vn -0.06234 -0.350865 0.934349
vn -0.06234 -0.350865 0.934349
vn -0.51451 -0.810247 -0.280676
vn -0.640426 -0.716291 0.277094
vn 0.990353 0.125391 0.058972
vn 0.987752 0.139043 0.070798
vn 0.617891 0.153709 -0.771093
vn -0.696266 -0.316483 0.644245
vn -0.67163 -0.612625 -0.416657
vn -0.649918 -0.661816 0.373639
vn -0.323846 0.940733 -0.100721
vn -0.196741 0.964143 -0.178102
vn -0.220902 0.892041 -0.39429
vn 0.987752 0.139043 0.070798
vn 0.839191 -0.103609 -0.533876
vn 0.401321 0.004809 -0.915925
vn -0.257787 -0.739296 -0.622083
vn -0.454248 -0.697128 -0.554682
vn -0.649918 -0.661816 0.373639
vn 0.153263 0.474563 -0.866776
vn 0.659215 0.417279 -0.625551
vn 0.775848 0.464608 -0.426849
vn 0.472647 0.294724 -0.830507
vn 0.646454 0.527374 -0.551339
vn 0.729223 0.059299 -0.681702
vn -0.317205 0.841815 -0.436725
vn 0.143392 0.866114 -0.478837
vn -0.47835 0.255303 -0.840239
vn -0.575446 0.392722 -0.717379
vn -0.317205 0.841815 -0.436725
vn -0.47835 0.255303 -0.840239
vn 0.993882 0.104029 -0.0371
vn 0.98061 0.192021 -0.039128
vn 0.779218 0.405869 -0.477587
vn 0.659215 0.417279 -0.625551
vn 0.646454 0.527374 -0.551339
vn 0.775848 0.464608 -0.426849
vn 0.993882 0.104029 -0.0371
vn 0.959114 0.235119 0.157544
vn 0.98061 0.192021 -0.039128
vn 0.993882 0.104029 -0.0371
vn 0.994796 0.039814 0.093782
vn 0.985917 -0.061966 0.155329
vn 0.213991 -0.232391 -0.94879
vn 0.608464 -0.554599 -0.567619
vn 0.698886 -0.361726 -0.61702
vn 0.518859 -0.76076 0.389909
vn 0.823784 -0.33635 0.456342
vn 0.396558 -0.767123 0.504246
vn 0.439999 -0.162909 0.883098
vn 0.242891 -0.642128 0.727101
vn 0.697562 -0.306194 0.647806
vn 0.823784 -0.33635 0.456342
vn 0.697562 -0.306194 0.647806
vn 0.396558 -0.767123 0.504246
vn 0.987752 0.139043 0.070798
vn 0.253771 -0.445408 0.85861
vn 0.804444 -0.382162 0.454777
vn -0.47835 0.255303 -0.840239
vn -0.003236 -0.521981 -0.852951
vn 0.213513 -0.74886 -0.627393
vn -0.47835 0.255303 -0.840239
vn -0.488105 0.065886 -0.870294
vn -0.575446 0.392722 -0.717379
vn -0.003236 -0.521981 -0.852951
vn -0.47835 0.255303 -0.840239
vn -0.283117 0.338322 -0.897431
vn 0.983806 0.014785 0.178628
vn 0.59085 -0.805927 -0.037126
vn 0.738721 -0.668202 -0.088301
vn 0.930667 -0.247256 0.269672
vn 0.517037 -0.836974 0.179295
vn 0.59085 -0.805927 -0.037126
vn 0.161188 -0.974271 0.157524
vn 0.23026 -0.928825 0.290283
vn 0.654755 -0.748539 0.104814
vn -0.13759 -0.979908 0.144393
vn -0.52777 -0.848288 0.04319
vn -0.388878 -0.786466 0.479839
vn 0.959114 0.235119 0.157544
vn 0.985917 -0.061966 0.155329
vn 0.897618 -0.26858 0.349495
vn 0.88544 -0.107021 -0.452264
vn 0.98061 0.192021 -0.039128
vn 0.812918 0.090128 -0.575362
vn -0.317205 0.841815 -0.436725
vn 0.581812 0.812003 0.046328
vn 0.220657 0.970287 -0.099266
vn 0.959114 0.235119 0.157544
vn 0.897618 -0.26858 0.349495
vn 0.930667 -0.247256 0.269672
vn -0.001146 0.398602 -0.917123
vn -0.733709 0.588325 -0.33992
vn -0.069224 0.272099 -0.959776
vn 0.983806 0.014785 0.178628
vn 0.738721 -0.668202 -0.088301
vn 0.980437 0.128509 0.149092
vn 0.959114 0.235119 0.157544
vn 0.581812 0.812003 0.046328
vn 0.922679 0.33666 -0.187944
vn 0.70459 0.476611 -0.525733
vn 0.581812 0.812003 0.046328
vn -0.317205 0.841815 -0.436725
vn -0.44593 0.862775 0.238257
vn -0.120308 0.905114 0.407792
vn -0.39573 0.691172 0.604714
vn -0.204012 -0.208822 0.956437
vn -0.206115 0.17716 0.962357
vn -0.06234 -0.350865 0.934349
vn 0.654755 -0.748539 0.104814
vn 0.871127 -0.367763 0.325404
vn 0.749298 -0.464123 -0.47238
vn 0.161188 -0.974271 0.157524
vn -0.13759 -0.979908 0.144393
vn 0.23026 -0.928825 0.290283
vn 0.465856 -0.375999 0.801002
vn -0.046752 -0.357403 0.932779
vn 0.338996 -0.318764 0.885139
vn 0.23026 -0.928825 0.290283
vn -0.13759 -0.979908 0.144393
vn -0.090478 -0.84484 0.527313
vn -0.952705 0.064723 -0.296925
vn -0.936635 0.227891 -0.266046
vn -0.96545 0.095267 -0.242551
vn 0.481305 -0.633225 -0.606112
vn 0.59085 -0.805927 -0.037126
vn 0.685057 -0.715864 -0.135039
vn -0.980762 -0.158273 -0.114264
vn -0.19323 -0.12179 0.973565
vn -0.653452 -0.756379 -0.029859
vn 0.034531 -0.544629 -0.837966
vn -0.045206 -0.587254 -0.80814
vn -0.454248 -0.697128 -0.554682
vn 0.214378 -0.973873 -0.074923
vn 0.59085 -0.805927 -0.037126
vn 0.517037 -0.836974 0.179295
vn -0.13759 -0.979908 0.144393
vn -0.24961 -0.916082 0.31383
vn -0.52777 -0.848288 0.04319
vn 0.871127 -0.367763 0.325404
vn 0.465856 -0.375999 0.801002
vn 0.60434 -0.467634 0.645052
vn 0.610005 -0.604593 -0.512212
vn -0.158842 -0.444228 -0.88172
vn 0.581906 -0.551669 -0.597533
vn 0.930667 -0.247256 0.269672
vn 0.897618 -0.26858 0.349495
vn 0.517037 -0.836974 0.179295
vn -0.44593 0.862775 0.238257
vn -0.323846 0.940733 -0.100721
vn -0.48081 0.876105 0.035517
vn 0.564352 0.809639 0.161219
vn 0.737254 0.483584 0.471808
vn 0.847231 0.529268 -0.045552
vn 0.955905 0.241132 -0.167631
vn 0.993882 0.104029 -0.0371
vn 0.779218 0.405869 -0.477587
vn 0.737254 0.483584 0.471808
vn 0.564352 0.809639 0.161219
vn 0.362368 0.742357 0.563557
vn 0.697562 -0.306194 0.647806
vn 0.823784 -0.33635 0.456342
vn 0.926308 -0.089569 0.365966
vn -0.125707 0.373715 -0.918986
vn 0.153263 0.474563 -0.866776
vn 0.26006 0.235502 -0.936434
vn 0.959114 0.235119 0.157544
vn 0.930667 -0.247256 0.269672
vn 0.983806 0.014785 0.178628
vn 0.959114 0.235119 0.157544
vn 0.983806 0.014785 0.178628
vn 0.581812 0.812003 0.046328
vn 0.581812 0.812003 0.046328
vn 0.983806 0.014785 0.178628
vn 0.587983 0.799742 -0.121196
vn -0.093435 0.86733 0.488884
vn -0.44593 0.862775 0.238257
vn -0.39573 0.691172 0.604714
vn -0.39573 0.691172 0.604714
vn -0.232949 0.312538 0.920899
vn 0.035332 0.572384 0.819224
vn -0.232949 0.312538 0.920899
vn -0.204012 -0.208822 0.956437
vn 0.095533 0.080648 0.992154
vn 0.78064 0.080227 0.61981
vn 0.439999 -0.162909 0.883098
vn 0.697562 -0.306194 0.647806
vn -0.39573 0.691172 0.604714
vn -0.0 0.629118 0.77731
vn -0.232949 0.312538 0.920899
vn 0.035332 0.572384 0.819224
vn -0.232949 0.312538 0.920899
vn 0.095533 0.080648 0.992154
vn 0.78064 0.080227 0.61981
vn 0.456631 0.351341 0.817342
vn 0.439999 -0.162909 0.883098
vn 0.456631 0.351341 0.817342
vn 0.78064 0.080227 0.61981
vn 0.737254 0.483584 0.471808
vn 0.78064 0.080227 0.61981
vn 0.697562 -0.306194 0.647806
vn 0.926308 -0.089569 0.365966
vn -0.232949 0.312538 0.920899
vn -0.206115 0.17716 0.962357
vn -0.204012 -0.208822 0.956437
vn 0.779218 0.405869 -0.477587
vn 0.98061 0.192021 -0.039128
vn 0.956642 0.278034 -0.086796
vn -0.323846 0.940733 -0.100721
vn -0.220902 0.892041 -0.39429
vn -0.159727 0.974157 -0.159704
vn -0.323846 0.940733 -0.100721
vn -0.178692 0.980663 0.079802
vn -0.196741 0.964143 -0.178102
vn -0.178692 0.980663 0.079802
vn -0.44593 0.862775 0.238257
vn -0.093435 0.86733 0.488884
vn 0.257787 -0.739296 -0.622083
vn 0.401321 0.004809 -0.915925
vn -0.454248 -0.697128 -0.554682
vn -0.286884 -0.400487 0.870234
vn -0.640426 -0.716291 0.277094
vn -0.478401 -0.592868 0.647796
vn 0.983806 0.014785 0.178628
vn 0.930667 -0.247256 0.269672
vn 0.59085 -0.805927 -0.037126
vn 0.871127 -0.367763 0.325404
vn 0.762089 -0.637696 -0.112087
vn 0.749298 -0.464123 -0.47238
vn -0.159727 0.974157 -0.159704
vn -0.48081 0.876105 0.035517
vn -0.323846 0.940733 -0.100721
vn 0.847231 0.529268 -0.045552
vn 0.414276 0.825583 -0.383129
vn 0.564352 0.809639 0.161219
vn 0.737254 0.483584 0.471808
vn 0.362368 0.742357 0.563557
vn 0.456631 0.351341 0.817342
vn 0.654755 -0.748539 0.104814
vn 0.749298 -0.464123 -0.47238
vn 0.522002 -0.848963 -0.082317
vn -0.454248 -0.697128 -0.554682
vn -0.507546 -0.859044 -0.066644
vn -0.649918 -0.661816 0.373639
vn 0.253771 -0.445408 0.85861
vn -0.649918 -0.661816 0.373639
vn -0.054677 -0.775092 0.629478
vn -0.232043 0.172511 0.957286
vn -0.206115 0.17716 0.962357
vn -0.0 0.629118 0.77731
vn 0.9323 0.241453 0.269289
vn 0.847231 0.529268 -0.045552
vn 0.737254 0.483584 0.471808
vn 0.926308 -0.089569 0.365966
vn 0.9323 0.241453 0.269289
vn 0.78064 0.080227 0.61981
vn 0.187992 0.972375 0.138367
vn 0.362368 0.742357 0.563557
vn 0.564352 0.809639 0.161219
vn -0.206115 0.17716 0.962357
vn -0.232949 0.312538 0.920899
vn -0.0 0.629118 0.77731
vn -0.0 0.629118 0.77731
vn -0.39573 0.691172 0.604714
vn -0.120308 0.905114 0.407792
vn -0.069093 0.789535 -0.609803
vn 0.008024 0.984356 -0.176009
vn 0.414276 0.825583 -0.383129
vn -0.737254 0.483584 0.471808
vn -0.9323 0.241453 0.269289
vn -0.780641 0.080226 0.61981
vn -0.187993 0.972375 0.138367
vn -0.362368 0.742357 0.563557
vn 0.093435 0.86733 0.488884
vn 0.093435 0.86733 0.488884
vn -0.035332 0.572384 0.819224
vn 0.39573 0.691172 0.604714
vn -0.362368 0.742357 0.563557
vn -0.035332 0.572384 0.819224
vn 0.093435 0.86733 0.488884
vn 0.575446 0.392722 -0.717378
vn 0.317205 0.841815 -0.436725
vn 0.084135 0.626237 -0.77508
vn -0.723744 -0.689104 0.036468
vn -0.684108 -0.249847 0.685254
vn -0.455024 -0.852581 -0.257019
vn -0.685058 -0.715863 -0.135039
vn -0.314142 -0.854142 -0.414434
vn -0.214379 -0.973873 -0.074923
vn -0.685058 -0.715863 -0.135039
vn -0.214379 -0.973873 -0.074923
vn -0.590849 -0.805927 -0.037126
vn -0.993882 0.104029 -0.037101
vn -0.959114 0.235119 0.157543
vn -0.985917 -0.061966 0.155329
vn -0.959114 0.235119 0.157543
vn -0.98061 0.192021 -0.039128
vn -0.812918 0.090127 -0.575362
vn -0.955905 0.241133 -0.167631
vn -0.659214 0.417279 -0.625551
vn -0.779218 0.405869 -0.477587
vn -0.030139 -0.504876 0.862666
vn -0.439999 -0.162909 0.883098
vn -0.241283 -0.632379 0.736124
vn -0.030139 -0.504876 0.862666
vn 0.193879 -0.264943 0.944572
vn -0.095533 0.080648 0.992154
vn 0.323846 0.940733 -0.10072
vn 0.178692 0.980663 0.079802
vn 0.479232 0.847624 0.227749
vn -0.026055 0.511532 -0.858869
vn -0.542945 0.080538 -0.835897
vn -0.54747 -0.019761 -0.836592
vn -0.994796 0.039815 0.093782
vn -0.955905 0.241133 -0.167631
vn -0.993882 0.104029 -0.037101
vn 0.250899 0.356919 0.89981
vn 0.195353 0.108441 0.974719
vn -0.0 0.629118 0.77731
vn 0.572516 -0.63964 0.512919
vn 0.265899 -0.457292 0.848635
vn 0.193879 -0.264943 0.944572
vn 0.265899 -0.457292 0.848635
vn 0.647373 -0.695993 0.310647
vn 0.51451 -0.810247 -0.280675
vn -0.753023 0.449294 -0.480721
vn -0.617891 0.153709 -0.771093
vn -0.963809 0.234406 0.12699
vn 0.69584 -0.405811 0.592558
vn 0.653499 -0.686963 0.317838
vn 0.67163 -0.612625 -0.416657
vn -0.963809 0.234406 0.12699
vn -0.401321 0.004809 -0.915925
vn -0.839191 -0.103609 -0.533876
vn 0.257787 -0.739296 -0.622083
vn 0.653499 -0.686963 0.317838
vn 0.454248 -0.697129 -0.554681
vn -0.187993 0.972375 0.138367
vn 0.093435 0.86733 0.488884
vn 0.178692 0.980663 0.079802
vn -0.153263 0.474562 -0.866776
vn -0.775848 0.464608 -0.426849
vn -0.659214 0.417279 -0.625551
vn -0.472647 0.294724 -0.830507
vn -0.729223 0.059299 -0.681702
vn -0.646454 0.527374 -0.551338
vn 0.317205 0.841815 -0.436725
vn 0.47835 0.255303 -0.840239
vn -0.143392 0.866114 -0.478837
vn 0.575446 0.392722 -0.717378
vn 0.47835 0.255303 -0.840239
vn 0.317205 0.841815 -0.436725
vn -0.993882 0.104029 -0.037101
vn -0.779218 0.405869 -0.477587
vn -0.98061 0.192021 -0.039128
vn -0.659214 0.417279 -0.625551
vn -0.775848 0.464608 -0.426849
vn -0.646454 0.527374 -0.551338
vn -0.993882 0.104029 -0.037101
vn -0.98061 0.192021 -0.039128
vn -0.959114 0.235119 0.157543
vn -0.993882 0.104029 -0.037101
vn -0.985917 -0.061966 0.155329
vn -0.994796 0.039815 0.093782
vn -0.213991 -0.232391 -0.94879
vn -0.698886 -0.361726 -0.61702
vn -0.608464 -0.554599 -0.567619
vn -0.479242 -0.789777 0.382857
vn -0.419183 -0.736643 0.5307
vn -0.823784 -0.33635 0.456343
vn -0.095533 0.080648 0.992154
vn -0.439999 -0.162909 0.883098
vn -0.030139 -0.504876 0.862666
vn -0.823784 -0.33635 0.456343
vn -0.419183 -0.736643 0.5307
vn -0.697562 -0.306194 0.647806
vn -0.93705 0.064012 0.343279
vn -0.804444 -0.382163 0.454777
vn 0.00629 -0.44163 0.897175
vn 0.47835 0.255303 -0.840239
vn -0.213515 -0.748859 -0.627393
vn 0.003236 -0.521981 -0.852951
vn 0.47835 0.255303 -0.840239
vn 0.575446 0.392722 -0.717378
vn 0.488105 0.065886 -0.870295
vn 0.003236 -0.521981 -0.852951
vn 0.283115 0.338323 -0.897432
vn 0.47835 0.255303 -0.840239
vn -0.983806 0.014785 0.178628
vn -0.738721 -0.668202 -0.088301
vn -0.590849 -0.805927 -0.037126
vn -0.930667 -0.247257 0.269671
vn -0.590849 -0.805927 -0.037126
vn -0.517037 -0.836974 0.179295
vn -0.145594 -0.981493 0.124398
vn -0.619914 -0.784442 -0.018895
vn -0.300556 -0.801865 0.51641
vn -0.959114 0.235119 0.157543
vn -0.897618 -0.26858 0.349495
vn -0.985917 -0.061966 0.155329
vn -0.88544 -0.107021 -0.452264
vn -0.812918 0.090127 -0.575362
vn -0.98061 0.192021 -0.039128
vn 0.317205 0.841815 -0.436725
vn -0.220657 0.970287 -0.099266
vn -0.581812 0.812003 0.046329
vn -0.959114 0.235119 0.157543
vn -0.930667 -0.247257 0.269671
vn -0.897618 -0.26858 0.349495
vn 0.001146 0.398602 -0.917123
vn 0.069224 0.2721 -0.959776
vn 0.733708 0.588325 -0.33992
vn -0.983806 0.014785 0.178628
vn -0.980437 0.12851 0.149092
vn -0.738721 -0.668202 -0.088301
vn 0.220903 0.892041 -0.39429
vn -0.014312 0.974556 -0.223686
vn 0.069093 0.789535 -0.609804
vn 0.084283 0.924569 -0.371575
vn 0.125707 0.373714 -0.918986
vn 0.069093 0.789535 -0.609804
vn -0.959114 0.235119 0.157543
vn -0.922679 0.33666 -0.187944
vn -0.581812 0.812003 0.046329
vn -0.70459 0.476611 -0.525733
vn 0.317205 0.841815 -0.436725
vn -0.581812 0.812003 0.046329
vn 0.479232 0.847624 0.227749
vn 0.39573 0.691172 0.604714
vn -0.120308 0.905114 0.407792
vn 0.193879 -0.264943 0.944572
vn 0.265899 -0.457292 0.848635
vn 0.125792 0.161911 0.978755
vn -0.619914 -0.784442 -0.018895
vn -0.707403 -0.527868 -0.470038
vn -0.854641 -0.420729 0.304262
vn -0.145594 -0.981493 0.124398
vn -0.300556 -0.801865 0.51641
vn 0.080862 -0.981137 0.17559
vn -0.333854 -0.324468 0.885021
vn -0.338994 -0.318765 0.88514
vn -0.093104 -0.287804 0.953153
vn -0.300556 -0.801865 0.51641
vn 0.457891 -0.861562 0.219197
vn 0.080862 -0.981137 0.17559
vn 0.907669 0.021137 -0.419153
vn 0.936365 0.229368 -0.265727
vn 0.936635 0.227892 -0.266045
vn -0.481305 -0.633224 -0.606113
vn -0.685058 -0.715863 -0.135039
vn -0.590849 -0.805927 -0.037126
vn 0.960365 -0.129397 0.246892
vn 0.454791 -0.818488 0.351059
vn 0.193229 -0.12179 0.973565
vn -0.034531 -0.544629 -0.837966
vn 0.454248 -0.697129 -0.554681
vn 0.045204 -0.587255 -0.808139
vn -0.214379 -0.973873 -0.074923
vn -0.517037 -0.836974 0.179295
vn -0.590849 -0.805927 -0.037126
vn -0.854641 -0.420729 0.304262
vn -0.604339 -0.467634 0.645053
vn -0.333854 -0.324468 0.885021
vn -0.610004 -0.604593 -0.512213
vn -0.707403 -0.527868 -0.470038
vn 0.05021 -0.516797 -0.854635
vn -0.930667 -0.247257 0.269671
vn -0.517037 -0.836974 0.179295
vn -0.897618 -0.26858 0.349495
vn 0.479232 0.847624 0.227749
vn 0.438364 0.898761 0.008183
vn 0.323846 0.940733 -0.10072
vn -0.564352 0.809639 0.161219
vn -0.84723 0.529269 -0.045552
vn -0.737254 0.483584 0.471808
vn -0.955905 0.241133 -0.167631
vn -0.779218 0.405869 -0.477587
vn -0.993882 0.104029 -0.037101
vn -0.697562 -0.306194 0.647806
vn -0.926308 -0.089569 0.365967
vn -0.823784 -0.33635 0.456343
vn 0.167815 0.981885 -0.087978
vn -0.014312 0.974556 -0.223686
vn 0.220903 0.892041 -0.39429
vn 0.125707 0.373714 -0.918986
vn -0.26006 0.235502 -0.936434
vn -0.153263 0.474562 -0.866776
vn -0.959114 0.235119 0.157543
vn -0.983806 0.014785 0.178628
vn -0.930667 -0.247257 0.269671
vn -0.959114 0.235119 0.157543
vn -0.581812 0.812003 0.046329
vn -0.983806 0.014785 0.178628
vn -0.581812 0.812003 0.046329
vn -0.587983 0.799742 -0.121196
vn -0.983806 0.014785 0.178628
vn 0.093435 0.86733 0.488884
vn 0.39573 0.691172 0.604714
vn 0.479232 0.847624 0.227749
vn 0.39573 0.691172 0.604714
vn -0.035332 0.572384 0.819224
vn 0.232949 0.312538 0.920899
vn 0.232949 0.312538 0.920899
vn -0.095533 0.080648 0.992154
vn 0.193879 -0.264943 0.944572
vn 0.39573 0.691172 0.604714
vn 0.232949 0.312538 0.920899
vn -0.0 0.629118 0.77731
vn -0.456632 0.351341 0.817342
vn -0.439999 -0.162909 0.883098
vn -0.095533 0.080648 0.992154
vn -0.035332 0.572384 0.819224
vn -0.095533 0.080648 0.992154
vn 0.232949 0.312538 0.920899
vn -0.780641 0.080226 0.61981
vn -0.926308 -0.089569 0.365967
vn -0.697562 -0.306194 0.647806
vn -0.456632 0.351341 0.817342
vn -0.095533 0.080648 0.992154
vn -0.035332 0.572384 0.819224
vn 0.232949 0.312538 0.920899
vn 0.193879 -0.264943 0.944572
vn 0.125792 0.161911 0.978755
vn -0.779218 0.405869 -0.477587
vn -0.956642 0.278034 -0.086796
vn -0.98061 0.192021 -0.039128
vn 0.323846 0.940733 -0.10072
vn 0.196741 0.964143 -0.178102
vn 0.178692 0.980663 0.079802
vn 0.178692 0.980663 0.079802
vn 0.093435 0.86733 0.488884
vn 0.479232 0.847624 0.227749
vn -0.257787 -0.739296 -0.622083
vn 0.454248 -0.697129 -0.554681
vn -0.401321 0.004809 -0.915925
vn 0.265899 -0.457292 0.848635
vn 0.572516 -0.63964 0.512919
vn 0.647373 -0.695993 0.310647
vn -0.983806 0.014785 0.178628
vn -0.590849 -0.805927 -0.037126
vn -0.930667 -0.247257 0.269671
vn -0.854641 -0.420729 0.304262
vn -0.707403 -0.527868 -0.470038
vn -0.762089 -0.637697 -0.112087
vn -0.84723 0.529269 -0.045552
vn -0.564352 0.809639 0.161219
vn -0.414276 0.825583 -0.383129
vn -0.362368 0.742357 0.563557
vn -0.456632 0.351341 0.817342
vn -0.035332 0.572384 0.819224
vn -0.619914 -0.784442 -0.018895
vn -0.455024 -0.852581 -0.257019
vn -0.707403 -0.527868 -0.470038
vn 0.454248 -0.697129 -0.554681
vn 0.653499 -0.686963 0.317838
vn 0.507545 -0.859044 -0.066643
vn 0.00629 -0.44163 0.897175
vn 0.054675 -0.775093 0.629477
vn 0.653499 -0.686963 0.317838
vn 0.250899 0.356919 0.89981
vn -0.0 0.629118 0.77731
vn 0.125792 0.161911 0.978755
vn -0.9323 0.241453 0.269289
vn -0.737254 0.483584 0.471808
vn -0.84723 0.529269 -0.045552
vn -0.926308 -0.089569 0.365967
vn -0.780641 0.080226 0.61981
vn -0.9323 0.241453 0.269289
vn 0.125792 0.161911 0.978755
vn -0.0 0.629118 0.77731
vn 0.232949 0.312538 0.920899
vn -0.0 0.629118 0.77731
vn -0.120308 0.905114 0.407792
vn 0.39573 0.691172 0.604714
vn 0.670798 0.729088 0.13587
vn 0.870347 0.482756 -0.097173
vn 0.869691 0.490971 0.050833
vn 0.299854 0.941338 -0.154821
vn -0.019498 0.996526 0.080968
vn 0.404129 0.892273 0.201318
vn 0.995858 -0.046836 -0.077931
vn 0.936107 0.012373 -0.351497
vn 0.723743 -0.689105 0.036468
vn 0.911344 0.086919 -0.402364
vn 0.936107 0.012373 -0.351497
vn 0.995858 -0.046836 -0.077931
vn 0.849916 0.451989 -0.270828
vn 0.978732 0.106359 -0.175419
vn 0.986756 0.161932 -0.009536
vn 0.723743 -0.689105 0.036468
vn 0.684108 -0.249847 0.685254
vn 0.97948 -0.070388 0.188849
vn 0.256687 0.75471 0.603759
vn -0.086811 0.334695 0.938319
vn -0.100298 -0.205045 0.9736
vn -0.082168 0.618518 -0.781463
vn 0.59526 0.167603 -0.785859
vn 0.107778 -0.074495 -0.99138
vn 0.62164 0.627152 -0.469302
vn 0.080254 0.996479 0.02426
vn -0.082168 0.618518 -0.781463
vn -0.000001 0.999789 0.020564
vn -0.334015 0.94094 0.055368
vn 0.134173 0.988812 -0.06518
vn 0.299854 0.941338 -0.154821
vn -0.222591 0.948608 -0.224937
vn -0.019498 0.996526 0.080968
vn -0.042183 0.985819 -0.162426
vn 0.404129 0.892273 0.201318
vn -0.019498 0.996526 0.080968
vn -0.273985 0.788469 -0.550681
vn -0.222591 0.948608 -0.224937
vn 0.248512 0.807673 -0.534701
vn 0.69663 0.488829 -0.525122
vn 0.235112 0.919086 -0.316233
vn 0.502853 0.422282 -0.7542
vn 0.098357 0.952556 -0.288034
vn -0.056466 0.930571 -0.361731
vn -0.032854 0.937981 -0.345126
vn -0.056466 0.930571 -0.361731
vn 0.28092 0.893833 -0.349494
vn 0.000001 0.701635 -0.712537
vn -0.056466 0.930571 -0.361731
vn -0.013951 0.813816 -0.580955
vn -0.108097 0.929454 -0.352746
vn 0.158412 0.673837 -0.721699
vn -0.037449 0.978258 -0.203984
vn -0.013951 0.813816 -0.580955
vn 0.860407 0.007491 -0.509553
vn 0.62164 0.627152 -0.469302
vn 0.69663 0.488829 -0.525122
vn 0.328033 0.173 -0.92869
vn 0.158412 0.673837 -0.721699
vn 0.21955 0.266177 -0.938588
vn 0.62164 0.627152 -0.469302
vn 0.235112 0.919086 -0.316233
vn 0.69663 0.488829 -0.525122
vn 0.235112 0.919086 -0.316233
vn -0.038019 0.815258 -0.577848
vn 0.502853 0.422282 -0.7542
vn 0.335199 0.929502 -0.153844
vn 0.406041 0.860614 -0.307367
vn 0.62164 0.627152 -0.469302
vn -0.038019 0.815258 -0.577848
vn 0.070938 0.93456 -0.348662
vn -0.275988 0.959881 0.049599
vn 0.836437 0.434479 0.334068
vn 0.404782 0.819084 0.406513
vn 0.945936 -0.039776 0.321906
vn 0.203143 0.600012 0.773769
vn -0.100298 -0.205045 0.9736
vn 0.498741 -0.39054 0.773781
vn 0.59526 0.167603 -0.785859
vn -0.082168 0.618518 -0.781463
vn 0.352814 0.93554 0.016977
vn -0.082168 0.618518 -0.781463
vn 0.080254 0.996479 0.02426
vn 0.169649 0.983332 -0.065407
vn 0.248071 0.390778 -0.886427
vn -0.082168 0.618518 -0.781463
vn 0.107778 -0.074495 -0.99138
vn 0.62164 0.627152 -0.469302
vn -0.082168 0.618518 -0.781463
vn 0.248071 0.390778 -0.886427
vn 0.62164 0.627152 -0.469302
vn 0.727253 0.676577 -0.115528
vn 0.080254 0.996479 0.02426
vn 0.256687 0.75471 0.603759
vn 0.203143 0.600012 0.773769
vn 0.080254 0.996479 0.02426
vn 0.986756 0.161932 -0.009536
vn 0.911344 0.086919 -0.402364
vn 0.995858 -0.046836 -0.077931
vn 0.97948 -0.070388 0.188849
vn 0.684108 -0.249847 0.685254
vn 0.444525 0.467545 0.764068
vn 0.467407 -0.295289 0.833268
vn -0.055634 0.087122 0.994643
vn 0.444525 0.467545 0.764068
vn 0.131357 0.618526 -0.774707
vn 0.21955 0.266177 -0.938588
vn -0.013951 0.813816 -0.580955
vn 0.131357 0.618526 -0.774707
vn 0.121175 0.095594 -0.988017
vn 0.21955 0.266177 -0.938588
vn -0.275733 0.901426 -0.33377
vn -0.037449 0.978258 -0.203984
vn -0.05484 0.988092 -0.143758
vn -0.275733 0.901426 -0.33377
vn -0.013951 0.813816 -0.580955
vn -0.037449 0.978258 -0.203984
vn -0.037449 0.978258 -0.203984
vn 0.539882 0.812799 0.218827
vn 0.022945 0.994162 -0.105428
vn -0.038019 0.815258 -0.577848
vn -0.07591 0.98164 -0.174989
vn 0.021552 0.346924 -0.937646
vn 0.017482 0.999621 -0.021248
vn 0.404782 0.819084 0.406513
vn 0.836437 0.434479 0.334068
vn 0.235112 0.919086 -0.316233
vn 0.404782 0.819084 0.406513
vn -0.275988 0.959881 0.049599
vn 0.021552 0.346924 -0.937646
vn -0.036928 0.538932 -0.84154
vn -0.038019 0.815258 -0.577848
vn 0.645182 0.386411 0.659111
vn 0.352814 0.93554 0.016977
vn 0.203143 0.600012 0.773769
vn 0.444525 0.467545 0.764068
vn -0.055634 0.087122 0.994643
vn -0.086811 0.334695 0.938319
vn 0.203143 0.600012 0.773769
vn 0.256687 0.75471 0.603759
vn -0.100298 -0.205045 0.9736
vn 0.080254 0.996479 0.02426
vn 0.203143 0.600012 0.773769
vn 0.182887 0.972846 0.141857
vn 0.761517 0.113951 0.638049
vn 0.203143 0.600012 0.773769
vn 0.498741 -0.39054 0.773781
vn 0.97948 -0.070388 0.188849
vn 0.444525 0.467545 0.764068
vn 0.78881 0.568861 0.232756
vn 0.131357 0.618526 -0.774707
vn -0.056466 0.930571 -0.361731
vn 0.000001 0.701635 -0.712537
vn -0.026559 0.999634 -0.00513
vn 0.5604 0.708781 0.428463
vn 0.404129 0.892273 0.201318
vn -0.037449 0.978258 -0.203984
vn -0.038019 0.815258 -0.577848
vn 0.347683 0.90515 -0.244582
vn 0.21955 0.266177 -0.938588
vn 0.158412 0.673837 -0.721699
vn -0.013951 0.813816 -0.580955
vn -0.032854 0.937981 -0.345126
vn -0.056466 0.930571 -0.361731
vn 0.011439 0.969365 -0.245358
vn -0.056466 0.930571 -0.361731
vn 0.131357 0.618526 -0.774707
vn -0.013951 0.813816 -0.580955
vn 0.0 0.302158 -0.953258
vn 0.131357 0.618526 -0.774707
vn 0.000001 0.701635 -0.712537
vn 0.256687 0.75471 0.603759
vn 0.080254 0.996479 0.02426
vn 0.757899 0.647643 0.078403
vn 0.404129 0.892273 0.201318
vn 0.5604 0.708781 0.428463
vn 0.670798 0.729088 0.13587
vn 0.69663 0.488829 -0.525122
vn 0.502853 0.422282 -0.7542
vn 0.860407 0.007491 -0.509553
vn 0.0 0.302158 -0.953258
vn 0.121175 0.095594 -0.988017
vn 0.131357 0.618526 -0.774707
vn -0.273985 0.788469 -0.550681
vn -0.097902 0.958405 -0.268095
vn -0.222591 0.948608 -0.224937
vn -0.086811 0.334695 0.938319
vn 0.256687 0.75471 0.603759
vn 0.444525 0.467545 0.764068
vn -0.000001 0.999789 0.020564
vn -0.159727 0.974157 -0.159704
vn -0.334015 0.94094 0.055368
vn -0.273985 0.788469 -0.550681
vn 0.033387 0.819628 -0.571922
vn -0.097902 0.958405 -0.268095
vn 0.670798 0.729088 0.13587
vn 0.5604 0.708781 0.428463
vn 0.870347 0.482756 -0.097173
vn 0.653292 0.712708 -0.255455
vn 0.248512 0.807673 -0.534701
vn 0.299854 0.941338 -0.154821
vn 0.860407 0.007491 -0.509553
vn 0.502853 0.422282 -0.7542
vn 0.438641 -0.1008 -0.892991
vn -0.334015 0.94094 0.055368
vn -0.019498 0.996526 0.080968
vn -0.222591 0.948608 -0.224937
vn 0.299854 0.941338 -0.154821
vn 0.248512 0.807673 -0.534701
vn -0.222591 0.948608 -0.224937
vn 0.757899 0.647643 0.078403
vn 0.444525 0.467545 0.764068
vn 0.256687 0.75471 0.603759
vn -0.240297 0.955603 -0.170529
vn -0.42427 0.891266 0.160126
vn 0.021003 0.995847 0.088588
vn -0.990186 -0.068987 -0.12154
vn -0.986149 -0.001702 0.165851
vn -0.685058 -0.715863 -0.135039
vn -0.990186 -0.068987 -0.12154
vn -0.723744 -0.689104 0.036468
vn -0.936107 0.012373 -0.351498
vn -0.911344 0.086919 -0.402365
vn -0.990186 -0.068987 -0.12154
vn -0.936107 0.012373 -0.351498
vn -0.723744 -0.689104 0.036468
vn -0.986149 -0.001702 0.165851
vn -0.684108 -0.249847 0.685254
vn -0.256687 0.754709 0.603759
vn 0.08851 -0.106656 0.990349
vn 0.08681 0.334695 0.938319
vn 0.082168 0.618517 -0.781463
vn -0.107778 -0.074496 -0.99138
vn -0.510262 0.233105 -0.827826
vn -0.684032 0.565652 -0.460584
vn 0.082168 0.618517 -0.781463
vn -0.080255 0.996479 0.02426
vn -0.000001 0.999789 0.020564
vn 0.134173 0.988812 -0.06518
vn 0.327878 0.944475 0.021532
vn -0.240297 0.955603 -0.170529
vn 0.021003 0.995847 0.088588
vn 0.278189 0.938999 -0.202216
vn -0.014312 0.974556 -0.223686
vn 0.021003 0.995847 0.088588
vn -0.42427 0.891266 0.160126
vn 0.22187 0.771121 -0.59678
vn -0.327051 0.810631 -0.48571
vn 0.278189 0.938999 -0.202216
vn -0.696629 0.488829 -0.525122
vn -0.502853 0.422282 -0.7542
vn -0.235112 0.919086 -0.316233
vn 0.28092 0.893833 -0.349494
vn 0.032853 0.937981 -0.345126
vn 0.056468 0.930572 -0.361728
vn 0.056468 0.930572 -0.361728
vn 0.000001 0.701635 -0.712537
vn 0.28092 0.893833 -0.349494
vn 0.056468 0.930572 -0.361728
vn 0.108097 0.929455 -0.352744
vn 0.013953 0.813818 -0.580952
vn -0.881793 0.000479 -0.471637
vn -0.696629 0.488829 -0.525122
vn -0.684032 0.565652 -0.460584
vn -0.328033 0.173 -0.92869
vn -0.206399 0.318951 -0.925024
vn -0.158411 0.673838 -0.721698
vn -0.502853 0.422282 -0.7542
vn -0.328033 0.173 -0.92869
vn -0.158411 0.673838 -0.721698
vn -0.684032 0.565652 -0.460584
vn -0.696629 0.488829 -0.525122
vn -0.235112 0.919086 -0.316233
vn -0.502853 0.422282 -0.7542
vn -0.158411 0.673838 -0.721698
vn 0.03802 0.81526 -0.577846
vn -0.235112 0.919086 -0.316233
vn -0.502853 0.422282 -0.7542
vn 0.03802 0.81526 -0.577846
vn -0.3352 0.929501 -0.153844
vn -0.684032 0.565652 -0.460584
vn -0.406041 0.860614 -0.307367
vn 0.03802 0.81526 -0.577846
vn 0.275987 0.959881 0.049599
vn -0.070938 0.93456 -0.348662
vn -0.836437 0.434479 0.334067
vn -0.913126 0.128795 0.386798
vn -0.404783 0.819084 0.406513
vn -0.203143 0.600012 0.773769
vn -0.312535 -0.448581 0.837316
vn 0.08851 -0.106656 0.990349
vn -0.510262 0.233105 -0.827826
vn -0.352814 0.935539 0.016976
vn 0.082168 0.618517 -0.781463
vn 0.082168 0.618517 -0.781463
vn -0.169649 0.983332 -0.065407
vn -0.080255 0.996479 0.02426
vn -0.248071 0.390777 -0.886428
vn -0.107778 -0.074496 -0.99138
vn 0.082168 0.618517 -0.781463
vn -0.684032 0.565652 -0.460584
vn -0.248071 0.390777 -0.886428
vn 0.082168 0.618517 -0.781463
vn -0.684032 0.565652 -0.460584
vn -0.080255 0.996479 0.02426
vn -0.622621 0.782055 -0.027063
vn -0.256687 0.754709 0.603759
vn -0.080255 0.996479 0.02426
vn -0.203143 0.600012 0.773769
vn -0.984137 0.168591 0.055247
vn -0.990186 -0.068987 -0.12154
vn -0.911344 0.086919 -0.402365
vn -0.986149 -0.001702 0.165851
vn -0.444525 0.467545 0.764067
vn -0.684108 -0.249847 0.685254
vn -0.467408 -0.295289 0.833267
vn -0.444525 0.467545 0.764067
vn 0.055633 0.087122 0.994643
vn 0.275733 0.901427 -0.333768
vn 0.054839 0.988092 -0.143758
vn 0.037451 0.978258 -0.20398
vn 0.275733 0.901427 -0.333768
vn 0.037451 0.978258 -0.20398
vn 0.013953 0.813818 -0.580952
vn 0.037451 0.978258 -0.20398
vn -0.022946 0.994162 -0.105427
vn -0.539881 0.8128 0.218827
vn 0.03802 0.81526 -0.577846
vn -0.021552 0.346924 -0.937645
vn 0.075909 0.98164 -0.174989
vn -0.017483 0.999621 -0.021247
vn -0.836437 0.434479 0.334067
vn -0.404783 0.819084 0.406513
vn -0.235112 0.919086 -0.316233
vn 0.275987 0.959881 0.049599
vn -0.404783 0.819084 0.406513
vn -0.021552 0.346924 -0.937645
vn 0.03802 0.81526 -0.577846
vn 0.036929 0.538934 -0.841538
vn -0.773198 0.117276 0.623227
vn -0.203143 0.600012 0.773769
vn -0.352814 0.935539 0.016976
vn -0.444525 0.467545 0.764067
vn 0.08681 0.334695 0.938319
vn 0.055633 0.087122 0.994643
vn -0.203143 0.600012 0.773769
vn 0.08851 -0.106656 0.990349
vn -0.256687 0.754709 0.603759
vn -0.080255 0.996479 0.02426
vn -0.182888 0.972846 0.141857
vn -0.203143 0.600012 0.773769
vn -0.773198 0.117276 0.623227
vn -0.312535 -0.448581 0.837316
vn -0.203143 0.600012 0.773769
vn -0.986149 -0.001702 0.165851
vn -0.668884 0.629037 0.396113
vn -0.444525 0.467545 0.764067
vn -0.131356 0.618528 -0.774706
vn 0.000001 0.701635 -0.712537
vn 0.056468 0.930572 -0.361728
vn -0.040751 0.998354 -0.040345
vn -0.42427 0.891266 0.160126
vn -0.5604 0.708781 0.428463
vn 0.032853 0.937981 -0.345126
vn -0.011439 0.969366 -0.245356
vn 0.056468 0.930572 -0.361728
vn 0.056468 0.930572 -0.361728
vn 0.013953 0.813818 -0.580952
vn -0.131356 0.618528 -0.774706
vn 0.0 0.302158 -0.953258
vn 0.000001 0.701635 -0.712537
vn -0.131356 0.618528 -0.774706
vn -0.256687 0.754709 0.603759
vn -0.664065 0.722706 0.19161
vn -0.080255 0.996479 0.02426
vn -0.42427 0.891266 0.160126
vn -0.695954 0.69275 0.189066
vn -0.5604 0.708781 0.428463
vn -0.696629 0.488829 -0.525122
vn -0.881793 0.000479 -0.471637
vn -0.502853 0.422282 -0.7542
vn 0.039722 -0.130522 -0.990649
vn -0.149149 0.070496 -0.986299
vn -0.156573 -0.19297 -0.968632
vn 0.22187 0.771121 -0.59678
vn 0.278189 0.938999 -0.202216
vn -0.097902 0.958405 -0.268095
vn 0.08681 0.334695 0.938319
vn -0.444525 0.467545 0.764067
vn -0.256687 0.754709 0.603759
vn -0.000001 0.999789 0.020564
vn 0.327878 0.944475 0.021532
vn 0.167815 0.981885 -0.087978
vn 0.22187 0.771121 -0.59678
vn -0.097902 0.958405 -0.268095
vn 0.033387 0.819628 -0.571922
vn -0.626046 0.759609 -0.176238
vn -0.240297 0.955603 -0.170529
vn -0.327051 0.810631 -0.48571
vn -0.328033 0.173 -0.92869
vn -0.502853 0.422282 -0.7542
vn -0.491532 -0.097764 -0.865355
vn -0.881793 0.000479 -0.471637
vn -0.491532 -0.097764 -0.865355
vn -0.502853 0.422282 -0.7542
vn -0.328033 0.173 -0.92869
vn -0.491532 -0.097764 -0.865355
vn -0.206399 0.318951 -0.925024
vn 0.327878 0.944475 0.021532
vn 0.278189 0.938999 -0.202216
vn 0.021003 0.995847 0.088588
vn -0.240297 0.955603 -0.170529
vn 0.278189 0.938999 -0.202216
vn -0.327051 0.810631 -0.48571
vn -0.664065 0.722706 0.19161
vn -0.256687 0.754709 0.603759
vn -0.444525 0.467545 0.764067
vn 0.09923 -0.989523 0.104867
vn 0.039943 -0.884464 0.464896
vn 0.22219 -0.974153 -0.040704
vn -0.032854 0.937981 -0.345126
vn 0.011439 0.969365 -0.245358
vn 0.793518 0.415703 -0.444433
vn 0.539882 0.812799 0.218827
vn 0.911933 0.341444 -0.227586
vn 0.082152 0.947049 -0.310402
vn -0.591711 0.511412 -0.623166
vn -0.854977 0.478248 -0.200734
vn -0.032854 0.937981 -0.345126
vn 0.021552 0.346924 -0.937646
vn 0.898714 -0.159269 -0.408591
vn 0.777174 -0.317038 -0.543588
vn 0.898714 -0.159269 -0.408591
vn 0.866822 0.462614 -0.186034
vn 0.836437 0.434479 0.334068
vn 0.021552 0.346924 -0.937646
vn 0.526089 0.483917 -0.699325
vn 0.898714 -0.159269 -0.408591
vn -0.100298 -0.205045 0.9736
vn -0.086811 0.334695 0.938319
vn -0.309879 -0.375339 0.873553
vn 0.528373 0.846946 0.059201
vn 0.761517 0.113951 0.638049
vn 0.997086 -0.038755 0.065709
vn -0.055634 0.087122 0.994643
vn -0.309879 -0.375339 0.873553
vn -0.086811 0.334695 0.938319
vn 0.124085 0.11898 -0.985113
vn -0.032854 0.937981 -0.345126
vn 0.793518 0.415703 -0.444433
vn 0.124085 0.11898 -0.985113
vn -0.691517 -0.201545 -0.693674
vn -0.591711 0.511412 -0.623166
vn -0.032854 0.937981 -0.345126
vn 0.124085 0.11898 -0.985113
vn -0.591711 0.511412 -0.623166
vn -0.000001 -0.863427 0.504473
vn 0.124629 -0.97535 0.182097
vn 0.010748 -0.906168 0.42278
vn 0.016671 -0.998807 -0.045897
vn 0.12681 -0.978228 0.164286
vn 0.010748 -0.906168 0.42278
vn -0.0 -0.519165 0.854674
vn -0.198973 -0.396038 0.896417
vn -0.0 -0.357721 0.933829
vn -0.055634 0.087122 0.994643
vn -0.207218 -0.214616 0.954464
vn -0.309879 -0.375339 0.873553
vn 0.021552 0.346924 -0.937646
vn 0.587736 -0.342126 -0.733155
vn -0.036928 0.538932 -0.84154
vn 0.09923 -0.989523 0.104867
vn 0.330356 -0.780908 0.530139
vn 0.039943 -0.884464 0.464896
vn 0.12681 -0.978228 0.164286
vn 0.039943 -0.884464 0.464896
vn 0.010748 -0.906168 0.42278
vn 0.124629 -0.97535 0.182097
vn 0.016671 -0.998807 -0.045897
vn 0.010748 -0.906168 0.42278
vn 0.354666 -0.926754 -0.123855
vn 0.185855 -0.665755 -0.722654
vn 0.22914 -0.925764 -0.300759
vn 0.898714 -0.159269 -0.408591
vn 0.836437 0.434479 0.334068
vn 0.966491 -0.176144 -0.18673
vn 0.503446 0.860035 -0.08295
vn 0.997086 -0.038755 0.065709
vn 0.59526 0.167603 -0.785859
vn 0.584073 -0.560269 -0.587331
vn 0.680534 -0.232269 -0.694928
vn 0.59526 0.167603 -0.785859
vn 0.595236 -0.790106 -0.146377
vn 0.680534 -0.232269 -0.694928
vn 0.584073 -0.560269 -0.587331
vn -0.03669 -0.733227 0.678994
vn -0.309879 -0.375339 0.873553
vn -0.059351 -0.6819 0.729034
vn -0.100298 -0.205045 0.9736
vn -0.309879 -0.375339 0.873553
vn -0.03669 -0.733227 0.678994
vn 0.498741 -0.39054 0.773781
vn 0.232614 -0.906478 0.352404
vn 0.883232 -0.468823 0.010253
vn 0.539882 0.812799 0.218827
vn 0.944257 -0.229323 -0.236199
vn 0.911933 0.341444 -0.227586
vn 0.18222 -0.982539 -0.037582
vn 0.124629 -0.97535 0.182097
vn -0.000001 -0.863427 0.504473
vn 0.0 -0.766213 0.642587
vn -0.122948 -0.73205 0.670065
vn -0.0 -0.519165 0.854674
vn -0.198973 -0.396038 0.896417
vn -0.309879 -0.375339 0.873553
vn -0.207218 -0.214616 0.954464
vn 0.804738 -0.199936 -0.558947
vn 0.564621 -0.579935 -0.587264
vn 0.247605 -0.669585 -0.700248
vn 0.633498 -0.514203 -0.578165
vn 0.22914 -0.925764 -0.300759
vn 0.185855 -0.665755 -0.722654
vn -0.122948 -0.73205 0.670065
vn -0.059351 -0.6819 0.729034
vn -0.198973 -0.396038 0.896417
vn -0.309879 -0.375339 0.873553
vn -0.198973 -0.396038 0.896417
vn -0.059351 -0.6819 0.729034
vn -0.198973 -0.396038 0.896417
vn -0.0 -0.519165 0.854674
vn -0.122948 -0.73205 0.670065
vn -0.207218 -0.214616 0.954464
vn -0.0 -0.357721 0.933829
vn -0.198973 -0.396038 0.896417
vn 0.032853 0.937981 -0.345126
vn -0.793517 0.415702 -0.444435
vn -0.011439 0.969366 -0.245356
vn -0.539881 0.8128 0.218827
vn -0.082152 0.947049 -0.310401
vn -0.911933 0.341444 -0.227586
vn 0.706055 0.44392 -0.551744
vn 0.032853 0.937981 -0.345126
vn 0.28092 0.893833 -0.349494
vn -0.021552 0.346924 -0.937645
vn -0.822943 -0.263581 -0.503279
vn -0.889672 -0.24108 -0.387769
vn -0.889672 -0.24108 -0.387769
vn -0.836437 0.434479 0.334067
vn -0.866822 0.462613 -0.186033
vn -0.021552 0.346924 -0.937645
vn -0.889672 -0.24108 -0.387769
vn -0.526089 0.483917 -0.699324
vn -0.213908 -0.912698 0.348174
vn -0.587656 -0.808199 0.038411
vn 0.053326 -0.724204 0.687521
vn 0.08851 -0.106656 0.990349
vn 0.30988 -0.375339 0.873553
vn 0.08681 0.334695 0.938319
vn -0.528373 0.846946 0.059201
vn -0.981499 0.078471 -0.17465
vn -0.773198 0.117276 0.623227
vn 0.055633 0.087122 0.994643
vn 0.08681 0.334695 0.938319
vn 0.30988 -0.375339 0.873553
vn -0.124085 0.11898 -0.985113
vn -0.793517 0.415702 -0.444435
vn 0.032853 0.937981 -0.345126
vn -0.124085 0.11898 -0.985113
vn 0.706055 0.44392 -0.551744
vn 0.623138 -0.272245 -0.733199
vn 0.032853 0.937981 -0.345126
vn 0.706055 0.44392 -0.551744
vn -0.124085 0.11898 -0.985113
vn -0.202955 -0.977849 0.051184
vn -0.010748 -0.906169 0.42278
vn -0.05719 -0.991353 0.118103
vn -0.0 -0.519165 0.854674
vn -0.0 -0.357721 0.933829
vn 0.198973 -0.396038 0.896417
vn 0.055633 0.087122 0.994643
vn 0.30988 -0.375339 0.873553
vn 0.207218 -0.214616 0.954464
vn 0.122949 -0.73205 0.670064
vn 0.059352 -0.681901 0.729033
vn -0.039942 -0.884464 0.464895
vn -0.021552 0.346924 -0.937645
vn 0.036929 0.538934 -0.841538
vn -0.611878 -0.288653 -0.7364
vn -0.233022 -0.971113 0.051385
vn -0.039942 -0.884464 0.464895
vn -0.293656 -0.783506 0.547618
vn -0.05719 -0.991353 0.118103
vn -0.010748 -0.906169 0.42278
vn -0.039942 -0.884464 0.464895
vn -0.215061 -0.932392 -0.290505
vn -0.36183 -0.883892 -0.296335
vn -0.078538 -0.716795 -0.692847
vn -0.889672 -0.24108 -0.387769
vn -0.958385 -0.070727 -0.276578
vn -0.836437 0.434479 0.334067
vn -0.503446 0.860035 -0.082951
vn -0.510262 0.233105 -0.827826
vn -0.981499 0.078471 -0.17465
vn -0.633956 -0.362098 -0.683363
vn -0.510262 0.233105 -0.827826
vn -0.561234 -0.15072 -0.813818
vn -0.628139 -0.777301 -0.035277
vn -0.633956 -0.362098 -0.683363
vn -0.561234 -0.15072 -0.813818
vn 0.053326 -0.724204 0.687521
vn 0.059352 -0.681901 0.729033
vn 0.30988 -0.375339 0.873553
vn 0.08851 -0.106656 0.990349
vn 0.053326 -0.724204 0.687521
vn 0.30988 -0.375339 0.873553
vn -0.661415 -0.724383 0.194422
vn -0.293656 -0.783506 0.547618
vn 0.053326 -0.724204 0.687521
vn -0.312535 -0.448581 0.837316
vn -0.805276 -0.576364 0.139051
vn -0.213908 -0.912698 0.348174
vn -0.539881 0.8128 0.218827
vn -0.911933 0.341444 -0.227586
vn -0.944257 -0.229322 -0.236199
vn 0.18222 -0.982539 -0.037582
vn -0.000001 -0.863427 0.504473
vn -0.156349 -0.950493 0.268547
vn 0.0 -0.766213 0.642587
vn -0.0 -0.519165 0.854674
vn 0.122949 -0.73205 0.670064
vn 0.198973 -0.396038 0.896417
vn 0.207218 -0.214616 0.954464
vn 0.30988 -0.375339 0.873553
vn -0.804738 -0.199936 -0.558947
vn -0.341844 -0.69287 -0.634881
vn -0.594874 -0.607971 -0.525828
vn -0.548217 -0.477548 -0.68659
vn -0.078538 -0.716795 -0.692847
vn -0.36183 -0.883892 -0.296335
vn 0.122949 -0.73205 0.670064
vn 0.198973 -0.396038 0.896417
vn 0.059352 -0.681901 0.729033
vn 0.053326 -0.724204 0.687521
vn -0.293656 -0.783506 0.547618
vn 0.059352 -0.681901 0.729033
vn -0.293656 -0.783506 0.547618
vn -0.039942 -0.884464 0.464895
vn 0.059352 -0.681901 0.729033
vn 0.30988 -0.375339 0.873553
vn 0.059352 -0.681901 0.729033
vn 0.198973 -0.396038 0.896417
vn -0.010748 -0.906169 0.42278
vn 0.122949 -0.73205 0.670064
vn -0.039942 -0.884464 0.464895
vn 0.122949 -0.73205 0.670064
vn -0.010748 -0.906169 0.42278
vn 0.0 -0.766213 0.642587
vn 0.198973 -0.396038 0.896417
vn 0.122949 -0.73205 0.670064
vn -0.0 -0.519165 0.854674
vn 0.207218 -0.214616 0.954464
vn 0.198973 -0.396038 0.896417
vn -0.0 -0.357721 0.933829
vn -0.965367 -0.255997 -0.050324
vn -0.847222 0.331164 -0.415386
vn -0.873772 -0.485906 -0.020459
vn -0.956528 -0.00308 -0.291624
vn -0.873772 -0.485906 -0.020459
vn -0.847222 0.331164 -0.415386
vn -0.71685 -0.681788 -0.145918
vn -0.645841 -0.753513 0.122914
vn -0.486375 -0.872441 0.047808
vn -0.328748 -0.942749 -0.056113
vn -0.486375 -0.872441 0.047808
vn -0.645841 -0.753513 0.122914
vn -0.428563 -0.849679 -0.307214
vn -0.383902 -0.848938 -0.363212
vn -0.811092 -0.569877 -0.131798
vn 0.518416 -0.825451 -0.22333
vn 0.663607 -0.694494 0.278037
vn 0.328749 -0.942749 -0.056114
vn 0.480719 -0.873055 0.08176
vn 0.328749 -0.942749 -0.056114
vn 0.663607 -0.694494 0.278037
vn -0.642881 0.045776 0.764597
vn 0.000001 0.022157 0.999754
vn -0.634163 0.310256 0.708222
vn -0.333195 -0.700805 0.630756
vn -0.248598 -0.748405 0.61489
vn -0.399127 -0.339042 0.851908
vn -0.363053 0.039137 0.930946
vn -0.338658 0.056567 0.939208
vn -0.495108 0.493525 0.715054
vn 0.364969 0.050869 0.929629
vn 0.521821 0.392584 0.757351
vn 0.338656 0.056567 0.939208
vn 0.225212 -0.110818 0.967987
vn 0.248595 -0.748405 0.61489
vn 0.344434 -0.458913 0.819002
vn 0.708551 -0.666501 0.231802
vn 0.895461 -0.309898 0.319551
vn 0.701022 -0.486976 0.520982
vn -0.336096 -0.558598 0.758293
vn -0.112728 -0.37068 0.921894
vn -0.25507 -0.432215 0.864944
vn 0.333263 -0.562522 0.756641
vn 0.280303 -0.452371 0.846635
vn 0.112728 -0.37068 0.921894
vn -0.508287 -0.761525 0.402149
vn -0.421154 -0.781561 0.460209
vn -0.336096 -0.558598 0.758293
vn 0.271579 -0.735911 0.620226
vn 0.322991 -0.936529 0.136348
vn 0.408678 -0.75255 0.516383
vn 0.471759 -0.772689 0.42473
vn 0.333263 -0.562522 0.756641
vn 0.408678 -0.75255 0.516383
vn -0.023109 -0.707345 0.706491
vn -0.03143 -0.985801 0.164953
vn 0.271579 -0.735911 0.620226
vn -0.023109 -0.707345 0.706491
vn -0.296144 -0.76901 0.5665
vn -0.03143 -0.985801 0.164953
vn 0.521821 0.392584 0.757351
vn 0.619775 0.271943 0.736156
vn 0.338656 0.056567 0.939208
vn 0.033898 -0.998748 -0.036796
vn 0.055506 -0.822693 -0.56577
vn 0.08342 -0.787019 -0.611263
vn -0.074981 0.7037 -0.70653
vn -0.047314 0.997761 0.04726
vn -0.051252 0.860778 -0.506394
vn -0.021415 0.866376 0.498934
vn -0.051252 0.860778 -0.506394
vn -0.047314 0.997761 0.04726
vn 0.845012 0.336109 -0.415916
vn 0.873772 -0.485906 -0.020459
vn 0.847222 0.331163 -0.415386
vn 0.956528 -0.00308 -0.291624
vn 0.847222 0.331163 -0.415386
vn 0.873772 -0.485906 -0.020459
vn 0.415297 -0.390689 0.821517
vn 0.259444 0.479564 0.838277
vn 0.495503 0.011887 0.868525
vn 0.368647 0.564415 0.738603
vn 0.495503 0.011887 0.868525
vn 0.259444 0.479564 0.838277
vn -0.389924 0.375174 0.840954
vn -0.077259 0.147424 0.986051
vn -0.450388 -0.321352 0.832996
vn 0.031397 -0.638332 0.76912
vn 0.156919 -0.987342 -0.023048
vn 0.01279 -0.858827 0.512105
vn 0.022455 0.772595 0.634502
vn 0.062712 0.877786 0.474931
vn 0.144826 0.986946 0.070449
vn 0.025469 0.731313 -0.681567
vn 0.144826 0.986946 0.070449
vn 0.096954 0.873523 -0.47703
vn 0.062712 0.877786 0.474931
vn 0.096954 0.873523 -0.47703
vn 0.144826 0.986946 0.070449
vn -0.223445 -0.970166 0.094071
vn -0.450388 -0.321352 0.832996
vn 0.01279 -0.858827 0.512105
vn -0.077259 0.147424 0.986051
vn 0.01279 -0.858827 0.512105
vn -0.450388 -0.321352 0.832996
vn 0.088086 -0.772605 -0.628747
vn 0.111259 -0.867036 -0.485664
vn 0.156919 -0.987342 -0.023048
vn 0.01279 -0.858827 0.512105
vn 0.156919 -0.987342 -0.023048
vn 0.111259 -0.867036 -0.485664
vn 0.259444 0.479564 0.838277
vn 0.415297 -0.390689 0.821517
vn 0.017102 0.246856 0.968901
vn -0.066423 0.793402 0.605062
vn -0.17318 0.984259 0.035249
vn -0.096641 0.890344 0.444913
vn 0.25492 -0.963653 0.079928
vn -0.057457 -0.902238 0.427393
vn 0.415297 -0.390689 0.821517
vn 0.017102 0.246856 0.968901
vn 0.415297 -0.390689 0.821517
vn -0.057457 -0.902238 0.427393
vn -0.051773 0.773872 -0.631222
vn -0.09342 0.89179 -0.442701
vn -0.17318 0.984259 0.035249
vn -0.096641 0.890344 0.444913
vn -0.17318 0.984259 0.035249
vn -0.09342 0.89179 -0.442701
vn -0.030658 -0.861243 0.507267
vn -0.057457 -0.902238 0.427393
vn -0.152895 -0.987469 -0.039095
vn -0.096384 -0.824946 -0.556932
vn -0.152895 -0.987469 -0.039095
vn -0.057457 -0.902238 0.427393
vn 0.601 -0.794735 0.084827
vn 0.496615 -0.861808 0.103254
vn 0.575727 -0.811835 0.097273
vn 0.733673 -0.678515 0.036621
vn 0.601 -0.794735 0.084827
vn 0.575727 -0.811835 0.097273
vn 0.0034 -0.814457 -0.580214
vn -0.025033 0.202008 -0.979064
vn 0.040698 0.072116 -0.996566
vn 0.055506 -0.822693 -0.56577
vn 0.0034 -0.814457 -0.580214
vn 0.040698 0.072116 -0.996566
vn 0.037072 -0.85235 0.521655
vn 0.033266 0.013403 0.999357
vn -0.027347 0.000763 0.999626
vn 0.009665 -0.802918 0.596012
vn 0.037072 -0.85235 0.521655
vn -0.027347 0.000763 0.999626
vn 0.04697 0.790648 0.610466
vn 0.033266 0.013403 0.999357
vn 0.052612 0.15298 0.986828
vn 0.067837 0.748067 0.660147
vn 0.04697 0.790648 0.610466
vn 0.052612 0.15298 0.986828
vn 0.034878 -0.818372 0.57363
vn -0.050224 -0.840449 0.539558
vn -0.04636 -0.911794 -0.408022
vn -0.019985 -0.73214 -0.680861
vn 0.034878 -0.818372 0.57363
vn -0.04636 -0.911794 -0.408022
vn 0.022071 0.82276 0.56796
vn -0.027347 0.000763 0.999626
vn 0.033266 0.013403 0.999357
vn 0.04697 0.790648 0.610466
vn 0.022071 0.82276 0.56796
vn 0.033266 0.013403 0.999357
vn 0.037072 -0.85235 0.521655
vn 0.009665 -0.802918 0.596012
vn 0.0034 -0.814457 -0.580214
vn 0.055506 -0.822693 -0.56577
vn 0.037072 -0.85235 0.521655
vn 0.0034 -0.814457 -0.580214
vn 0.044483 -0.649161 0.759349
vn 0.052612 0.15298 0.986828
vn 0.033266 0.013403 0.999357
vn 0.037072 -0.85235 0.521655
vn 0.044483 -0.649161 0.759349
vn 0.033266 0.013403 0.999357
vn -0.383092 -0.917575 0.106285
vn -0.389521 -0.915071 0.104493
vn -0.391587 -0.913972 0.106371
vn -0.40626 -0.907666 0.105339
vn -0.383092 -0.917575 0.106285
vn -0.391587 -0.913972 0.106371
vn 0.024168 -0.345863 0.937974
vn -0.039044 -0.278204 0.959728
vn 0.15006 -0.55559 0.817803
vn 0.048547 -0.377271 0.92483
vn 0.024168 -0.345863 0.937974
vn 0.15006 -0.55559 0.817803
vn -0.223445 -0.970166 0.094071
vn 0.01279 -0.858827 0.512105
vn 0.111259 -0.867036 -0.485664
vn -0.219183 -0.862834 -0.455495
vn -0.223445 -0.970166 0.094071
vn 0.111259 -0.867036 -0.485664
vn 0.077859 0.167133 -0.982855
vn 0.131456 0.126403 -0.98323
vn -0.762532 0.081801 -0.641758
vn -0.900952 -0.00531 -0.433886
vn 0.077859 0.167133 -0.982855
vn -0.762532 0.081801 -0.641758
vn -0.872407 -0.019097 0.488407
vn -0.934179 -0.158619 0.319607
vn -0.157535 -0.262759 0.951914
vn 0.031303 -0.098574 0.994637
vn -0.872407 -0.019097 0.488407
vn -0.157535 -0.262759 0.951914
vn 0.838518 -0.191738 0.510024
vn -0.157535 -0.262759 0.951914
vn -0.002941 -0.144195 0.989545
vn 0.841764 -0.025563 0.539241
vn 0.838518 -0.191738 0.510024
vn -0.002941 -0.144195 0.989545
vn 0.031303 -0.098574 0.994637
vn -0.157535 -0.262759 0.951914
vn 0.838518 -0.191738 0.510024
vn 0.874864 -0.213908 0.434576
vn 0.031303 -0.098574 0.994637
vn 0.838518 -0.191738 0.510024
vn 0.814233 0.059761 -0.577454
vn 0.753381 -0.139458 -0.642626
vn 0.898546 -0.070086 0.433246
vn 0.840499 0.215476 0.497122
vn 0.814233 0.059761 -0.577454
vn 0.898546 -0.070086 0.433246
vn -0.846432 0.011203 0.532378
vn -0.013387 -0.01107 0.999849
vn -0.028383 -0.060961 0.997736
vn -0.870003 -0.045298 0.490961
vn -0.846432 0.011203 0.532378
vn -0.028383 -0.060961 0.997736
vn -0.801293 -0.091437 -0.591244
vn -0.037121 -0.133798 -0.990313
vn -0.018097 -0.092052 -0.99559
vn -0.807701 -0.024565 -0.58908
vn -0.801293 -0.091437 -0.591244
vn -0.018097 -0.092052 -0.99559
vn 0.814233 0.059761 -0.577454
vn 0.04369 0.128914 -0.990693
vn -0.018097 -0.092052 -0.99559
vn 0.753381 -0.139458 -0.642626
vn 0.814233 0.059761 -0.577454
vn -0.018097 -0.092052 -0.99559
vn 0.753381 -0.139458 -0.642626
vn -0.018097 -0.092052 -0.99559
vn -0.037121 -0.133798 -0.990313
vn 0.861283 -0.158406 -0.482803
vn 0.753381 -0.139458 -0.642626
vn -0.037121 -0.133798 -0.990313
vn -0.872407 -0.019097 0.488407
vn -0.776566 0.000519 0.630036
vn -0.830667 -0.00897 -0.556698
vn -0.894356 -0.000767 -0.447356
vn -0.872407 -0.019097 0.488407
vn -0.830667 -0.00897 -0.556698
vn 0.04369 0.128914 -0.990693
vn -0.86261 0.131847 -0.488385
vn -0.807701 -0.024565 -0.58908
vn -0.018097 -0.092052 -0.99559
vn 0.04369 0.128914 -0.990693
vn -0.807701 -0.024565 -0.58908
vn -0.868395 0.274484 0.412975
vn -0.700725 0.190166 0.68762
vn -0.86261 0.131847 -0.488385
vn -0.82104 0.221582 -0.526112
vn -0.868395 0.274484 0.412975
vn -0.86261 0.131847 -0.488385
vn 0.836047 0.250033 -0.488373
vn 0.049112 0.30158 -0.952175
vn 0.04369 0.128914 -0.990693
vn 0.814233 0.059761 -0.577454
vn 0.836047 0.250033 -0.488373
vn 0.04369 0.128914 -0.990693
vn 0.049112 0.30158 -0.952175
vn -0.82104 0.221582 -0.526112
vn -0.86261 0.131847 -0.488385
vn 0.04369 0.128914 -0.990693
vn 0.049112 0.30158 -0.952175
vn -0.86261 0.131847 -0.488385
vn 0.836047 0.250033 -0.488373
vn 0.814233 0.059761 -0.577454
vn 0.840499 0.215476 0.497122
vn 0.795099 0.334459 0.505919
vn 0.836047 0.250033 -0.488373
vn 0.840499 0.215476 0.497122
vn 0.031303 -0.098574 0.994637
vn 0.198713 -0.15149 0.968279
vn -0.776566 0.000519 0.630036
vn -0.872407 -0.019097 0.488407
vn 0.031303 -0.098574 0.994637
vn -0.776566 0.000519 0.630036
vn 0.198713 -0.15149 0.968279
vn 0.031303 -0.098574 0.994637
vn 0.874864 -0.213908 0.434576
vn 0.860881 -0.229796 0.453959
vn 0.198713 -0.15149 0.968279
vn 0.874864 -0.213908 0.434576
vn -0.830667 -0.00897 -0.556698
vn -0.027763 -0.123238 -0.991989
vn 0.002476 -0.111586 -0.993752
vn -0.894356 -0.000767 -0.447356
vn -0.830667 -0.00897 -0.556698
vn 0.002476 -0.111586 -0.993752
vn -0.700725 0.190166 0.68762
vn 0.102698 0.205666 0.973219
vn -0.013387 -0.01107 0.999849
vn -0.846432 0.011203 0.532378
vn -0.700725 0.190166 0.68762
vn -0.013387 -0.01107 0.999849
vn -0.871905 0.010198 0.48957
vn -0.010056 -0.021819 0.999711
vn -0.002941 -0.144195 0.989545
vn -0.775697 -0.196066 0.599877
vn -0.871905 0.010198 0.48957
vn -0.002941 -0.144195 0.989545
vn -0.700725 0.190166 0.68762
vn -0.868395 0.274484 0.412975
vn -0.001618 0.407796 0.913072
vn 0.102698 0.205666 0.973219
vn -0.700725 0.190166 0.68762
vn -0.001618 0.407796 0.913072
vn -0.894356 -0.000767 -0.447356
vn -0.747003 -0.045219 -0.663281
vn -0.934179 -0.158619 0.319607
vn -0.872407 -0.019097 0.488407
vn -0.894356 -0.000767 -0.447356
vn -0.934179 -0.158619 0.319607
vn 0.775286 -0.051679 -0.629493
vn -0.083798 0.03596 -0.995834
vn 0.002476 -0.111586 -0.993752
vn 0.855964 -0.219133 -0.468302
vn 0.775286 -0.051679 -0.629493
vn 0.002476 -0.111586 -0.993752
vn -0.871905 0.010198 0.48957
vn -0.775697 -0.196066 0.599877
vn -0.900952 -0.00531 -0.433886
vn -0.762532 0.081801 -0.641758
vn -0.871905 0.010198 0.48957
vn -0.900952 -0.00531 -0.433886
vn 0.841764 -0.025563 0.539241
vn -0.002941 -0.144195 0.989545
vn -0.010056 -0.021819 0.999711
vn 0.860958 -0.008443 0.508605
vn 0.841764 -0.025563 0.539241
vn -0.010056 -0.021819 0.999711
vn 0.898546 -0.070086 0.433246
vn 0.753381 -0.139458 -0.642626
vn 0.861283 -0.158406 -0.482803
vn 0.802011 -0.12152 0.584817
vn 0.898546 -0.070086 0.433246
vn 0.861283 -0.158406 -0.482803
vn -0.083798 0.03596 -0.995834
vn 0.077859 0.167133 -0.982855
vn -0.900952 -0.00531 -0.433886
vn -0.747003 -0.045219 -0.663281
vn -0.083798 0.03596 -0.995834
vn -0.900952 -0.00531 -0.433886
vn -0.900952 -0.00531 -0.433886
vn -0.775697 -0.196066 0.599877
vn -0.934179 -0.158619 0.319607
vn -0.747003 -0.045219 -0.663281
vn -0.900952 -0.00531 -0.433886
vn -0.934179 -0.158619 0.319607
vn -0.86261 0.131847 -0.488385
vn -0.700725 0.190166 0.68762
vn -0.846432 0.011203 0.532378
vn -0.807701 -0.024565 -0.58908
vn -0.86261 0.131847 -0.488385
vn -0.846432 0.011203 0.532378
vn -0.157535 -0.262759 0.951914
vn -0.934179 -0.158619 0.319607
vn -0.775697 -0.196066 0.599877
vn -0.002941 -0.144195 0.989545
vn -0.157535 -0.262759 0.951914
vn -0.775697 -0.196066 0.599877
vn -0.013387 -0.01107 0.999849
vn 0.898546 -0.070086 0.433246
vn 0.802011 -0.12152 0.584817
vn -0.028383 -0.060961 0.997736
vn -0.013387 -0.01107 0.999849
vn 0.802011 -0.12152 0.584817
vn 0.102698 0.205666 0.973219
vn 0.840499 0.215476 0.497122
vn 0.898546 -0.070086 0.433246
vn -0.013387 -0.01107 0.999849
vn 0.102698 0.205666 0.973219
vn 0.898546 -0.070086 0.433246
vn -0.001618 0.407796 0.913072
vn 0.795099 0.334459 0.505919
vn 0.840499 0.215476 0.497122
vn 0.102698 0.205666 0.973219
vn -0.001618 0.407796 0.913072
vn 0.840499 0.215476 0.497122
vn 0.002476 -0.111586 -0.993752
vn -0.027763 -0.123238 -0.991989
vn 0.792464 -0.227529 -0.56589
vn 0.855964 -0.219133 -0.468302
vn 0.002476 -0.111586 -0.993752
vn 0.792464 -0.227529 -0.56589
vn 0.002476 -0.111586 -0.993752
vn -0.083798 0.03596 -0.995834
vn -0.747003 -0.045219 -0.663281
vn -0.894356 -0.000767 -0.447356
vn 0.002476 -0.111586 -0.993752
vn -0.747003 -0.045219 -0.663281
vn 0.077859 0.167133 -0.982855
vn -0.083798 0.03596 -0.995834
vn 0.775286 -0.051679 -0.629493
vn 0.907213 0.059692 -0.416416
vn 0.077859 0.167133 -0.982855
vn 0.775286 -0.051679 -0.629493
vn 0.077859 0.167133 -0.982855
vn 0.907213 0.059692 -0.416416
vn 0.811412 0.105497 -0.574874
vn 0.131456 0.126403 -0.98323
vn 0.077859 0.167133 -0.982855
vn 0.811412 0.105497 -0.574874
vn 0.872746 0.03863 -0.486644
vn 0.874548 0.050644 -0.482288
vn 0.077592 0.132213 -0.98818
vn 0.073346 0.155933 -0.985041
vn 0.872746 0.03863 -0.486644
vn 0.077592 0.132213 -0.98818
vn -0.029181 -0.134017 0.990549
vn -0.213746 -0.220151 0.95176
vn 0.81385 -0.184817 0.550901
vn 0.877867 -0.016816 0.478609
vn -0.029181 -0.134017 0.990549
vn 0.81385 -0.184817 0.550901
vn -0.871016 -0.105169 0.479865
vn 0.069268 -0.209544 0.975343
vn -0.213746 -0.220151 0.95176
vn -0.93794 -0.156216 0.309621
vn -0.871016 -0.105169 0.479865
vn -0.213746 -0.220151 0.95176
vn -0.881843 -0.204913 0.424692
vn -0.93794 -0.156216 0.309621
vn -0.213746 -0.220151 0.95176
vn -0.029181 -0.134017 0.990549
vn -0.881843 -0.204913 0.424692
vn -0.213746 -0.220151 0.95176
vn 0.872312 -0.05067 0.486317
vn 0.006063 -0.065452 0.997837
vn -0.022604 -0.010586 0.999688
vn 0.774449 0.02517 0.632136
vn 0.872312 -0.05067 0.486317
vn -0.022604 -0.010586 0.999688
vn 0.878828 -0.037209 -0.475686
vn 0.827289 -0.070787 -0.5573
vn 0.872312 -0.05067 0.486317
vn 0.774449 0.02517 0.632136
vn 0.878828 -0.037209 -0.475686
vn 0.872312 -0.05067 0.486317
vn 0.878828 -0.037209 -0.475686
vn -0.048708 -0.09518 -0.994268
vn -0.027412 -0.138457 -0.989989
vn 0.827289 -0.070787 -0.5573
vn 0.878828 -0.037209 -0.475686
vn -0.027412 -0.138457 -0.989989
vn -0.815892 -0.110505 -0.567547
vn -0.048708 -0.09518 -0.994268
vn -0.011883 0.110773 -0.993775
vn -0.869438 0.12152 -0.478865
vn -0.815892 -0.110505 -0.567547
vn -0.011883 0.110773 -0.993775
vn -0.78912 -0.175769 -0.588553
vn -0.027412 -0.138457 -0.989989
vn -0.048708 -0.09518 -0.994268
vn -0.815892 -0.110505 -0.567547
vn -0.78912 -0.175769 -0.588553
vn -0.048708 -0.09518 -0.994268
vn -0.744591 -0.202274 -0.636136
vn -0.877548 -0.084824 -0.471927
vn -0.93794 -0.156216 0.309621
vn -0.881843 -0.204913 0.424692
vn -0.744591 -0.202274 -0.636136
vn -0.93794 -0.156216 0.309621
vn -0.871016 -0.105169 0.479865
vn -0.93794 -0.156216 0.309621
vn -0.877548 -0.084824 -0.471927
vn -0.805218 0.101252 -0.58427
vn -0.871016 -0.105169 0.479865
vn -0.877548 -0.084824 -0.471927
vn -0.86621 -0.004482 0.499661
vn -0.871016 -0.105169 0.479865
vn -0.805218 0.101252 -0.58427
vn -0.817187 0.077895 -0.571085
vn -0.86621 -0.004482 0.499661
vn -0.805218 0.101252 -0.58427
vn -0.048708 -0.09518 -0.994268
vn 0.878828 -0.037209 -0.475686
vn 0.719651 0.080991 -0.689597
vn -0.011883 0.110773 -0.993775
vn -0.048708 -0.09518 -0.994268
vn 0.719651 0.080991 -0.689597
vn 0.848137 0.194672 -0.492714
vn 0.719651 0.080991 -0.689597
vn 0.933801 0.137897 0.330153
vn 0.778387 0.313534 0.543884
vn 0.848137 0.194672 -0.492714
vn 0.933801 0.137897 0.330153
vn -0.869438 0.12152 -0.478865
vn -0.011883 0.110773 -0.993775
vn 0.030664 0.311484 -0.949757
vn -0.80487 0.278605 -0.523988
vn -0.869438 0.12152 -0.478865
vn 0.030664 0.311484 -0.949757
vn -0.011883 0.110773 -0.993775
vn 0.719651 0.080991 -0.689597
vn 0.848137 0.194672 -0.492714
vn 0.030664 0.311484 -0.949757
vn -0.011883 0.110773 -0.993775
vn 0.848137 0.194672 -0.492714
vn -0.79523 0.334888 0.505429
vn -0.77591 0.125655 0.618203
vn -0.869438 0.12152 -0.478865
vn -0.80487 0.278605 -0.523988
vn -0.79523 0.334888 0.505429
vn -0.869438 0.12152 -0.478865
vn 0.877867 -0.016816 0.478609
vn 0.891099 0.036898 0.452306
vn 0.204639 -0.073549 0.97607
vn -0.029181 -0.134017 0.990549
vn 0.877867 -0.016816 0.478609
vn 0.204639 -0.073549 0.97607
vn -0.770266 -0.205311 0.60377
vn -0.881843 -0.204913 0.424692
vn -0.029181 -0.134017 0.990549
vn 0.204639 -0.073549 0.97607
vn -0.770266 -0.205311 0.60377
vn -0.029181 -0.134017 0.990549
vn -0.881843 -0.204913 0.424692
vn -0.770266 -0.205311 0.60377
vn -0.884704 -0.239698 -0.399804
vn -0.744591 -0.202274 -0.636136
vn -0.881843 -0.204913 0.424692
vn -0.884704 -0.239698 -0.399804
vn 0.775777 -0.02562 -0.630487
vn -0.008866 -0.116982 -0.993094
vn 0.010343 -0.126576 -0.991903
vn 0.928013 0.019354 -0.372045
vn 0.775777 -0.02562 -0.630487
vn 0.010343 -0.126576 -0.991903
vn 0.774449 0.02517 0.632136
vn -0.022604 -0.010586 0.999688
vn 0.057234 0.239506 0.969206
vn 0.933801 0.137897 0.330153
vn 0.774449 0.02517 0.632136
vn 0.057234 0.239506 0.969206
vn 0.834847 -0.12474 0.536162
vn 0.069268 -0.209544 0.975343
vn 0.048718 -0.014884 0.998702
vn 0.861701 0.006343 0.507377
vn 0.834847 -0.12474 0.536162
vn 0.048718 -0.014884 0.998702
vn 0.057234 0.239506 0.969206
vn 0.006156 0.447812 0.894107
vn 0.778387 0.313534 0.543884
vn 0.933801 0.137897 0.330153
vn 0.057234 0.239506 0.969206
vn 0.778387 0.313534 0.543884
vn -0.744591 -0.202274 -0.636136
vn -0.008866 -0.116982 -0.993094
vn -0.092251 0.008603 -0.995699
vn -0.877548 -0.084824 -0.471927
vn -0.744591 -0.202274 -0.636136
vn -0.092251 0.008603 -0.995699
vn -0.86621 -0.004482 0.499661
vn 0.048718 -0.014884 0.998702
vn 0.069268 -0.209544 0.975343
vn -0.871016 -0.105169 0.479865
vn -0.86621 -0.004482 0.499661
vn 0.069268 -0.209544 0.975343
vn 0.840413 -0.038882 -0.540549
vn 0.872746 0.03863 -0.486644
vn 0.073346 0.155933 -0.985041
vn -0.092251 0.008603 -0.995699
vn 0.840413 -0.038882 -0.540549
vn 0.073346 0.155933 -0.985041
vn 0.878828 -0.037209 -0.475686
vn 0.774449 0.02517 0.632136
vn 0.933801 0.137897 0.330153
vn 0.719651 0.080991 -0.689597
vn 0.878828 -0.037209 -0.475686
vn 0.933801 0.137897 0.330153
vn 0.069268 -0.209544 0.975343
vn 0.834847 -0.12474 0.536162
vn 0.81385 -0.184817 0.550901
vn -0.213746 -0.220151 0.95176
vn 0.069268 -0.209544 0.975343
vn 0.81385 -0.184817 0.550901
vn 0.006063 -0.065452 0.997837
vn -0.853899 -0.123886 0.505479
vn -0.846586 -0.074862 0.526961
vn -0.022604 -0.010586 0.999688
vn 0.006063 -0.065452 0.997837
vn -0.846586 -0.074862 0.526961
vn -0.022604 -0.010586 0.999688
vn -0.846586 -0.074862 0.526961
vn -0.77591 0.125655 0.618203
vn 0.057234 0.239506 0.969206
vn -0.022604 -0.010586 0.999688
vn -0.77591 0.125655 0.618203
vn 0.057234 0.239506 0.969206
vn -0.77591 0.125655 0.618203
vn -0.79523 0.334888 0.505429
vn 0.006156 0.447812 0.894107
vn 0.057234 0.239506 0.969206
vn -0.79523 0.334888 0.505429
vn -0.744591 -0.202274 -0.636136
vn -0.884704 -0.239698 -0.399804
vn 0.010343 -0.126576 -0.991903
vn -0.008866 -0.116982 -0.993094
vn -0.744591 -0.202274 -0.636136
vn 0.010343 -0.126576 -0.991903
vn 0.775777 -0.02562 -0.630487
vn 0.840413 -0.038882 -0.540549
vn -0.092251 0.008603 -0.995699
vn -0.008866 -0.116982 -0.993094
vn 0.775777 -0.02562 -0.630487
vn -0.092251 0.008603 -0.995699
vn -0.805218 0.101252 -0.58427
vn -0.877548 -0.084824 -0.471927
vn -0.092251 0.008603 -0.995699
vn 0.073346 0.155933 -0.985041
vn -0.805218 0.101252 -0.58427
vn -0.092251 0.008603 -0.995699
vn 0.077592 0.132213 -0.98818
vn -0.817187 0.077895 -0.571085
vn -0.805218 0.101252 -0.58427
vn 0.073346 0.155933 -0.985041
vn 0.077592 0.132213 -0.98818
vn -0.805218 0.101252 -0.58427
vn -0.000005 -0.159203 -0.987246
vn 0.729454 -0.316652 -0.606323
vn 0.742053 -0.486966 -0.460674
vn 0.0 -0.752434 -0.658668
vn -0.000005 -0.159203 -0.987246
vn 0.549628 -0.464992 -0.69404
vn -0.754512 -0.387361 -0.529776
vn -0.7943 -0.546831 0.264696
vn -0.579521 -0.813539 -0.048054
vn -0.691849 -0.450713 -0.564095
vn -0.754512 -0.387361 -0.529776
vn -0.579521 -0.813539 -0.048054
vn 0.770219 -0.220423 -0.598479
vn -0.111891 -0.263742 -0.958082
vn -0.000001 0.223764 -0.974643
vn 0.808898 0.18331 -0.558643
vn 0.770219 -0.220423 -0.598479
vn -0.000001 0.223764 -0.974643
vn 0.493266 -0.832839 -0.251132
vn 0.494041 -0.616165 -0.613404
vn -0.502485 -0.66008 -0.558393
vn -0.579521 -0.813539 -0.048054
vn 0.493266 -0.832839 -0.251132
vn -0.502485 -0.66008 -0.558393
vn 0.494041 -0.616165 -0.613404
vn 0.426476 -0.783055 -0.452706
vn -0.236248 -0.844174 -0.481204
vn -0.502485 -0.66008 -0.558393
vn 0.494041 -0.616165 -0.613404
vn -0.236248 -0.844174 -0.481204
vn 0.685951 -0.665488 0.294275
vn 0.729454 -0.316652 -0.606323
vn 0.749606 -0.497785 -0.436234
vn 0.493266 -0.832839 -0.251132
vn 0.685951 -0.665488 0.294275
vn 0.749606 -0.497785 -0.436234
vn -0.579521 -0.813539 -0.048054
vn -0.511152 -0.570791 0.642589
vn 0.492003 -0.680487 0.54302
vn 0.493266 -0.832839 -0.251132
vn -0.579521 -0.813539 -0.048054
vn 0.492003 -0.680487 0.54302
vn -0.236248 -0.844174 -0.481204
vn 0.803036 -0.575228 -0.155712
vn -0.0 -1.0 -0.0
vn 0.0 -1.0 -0.0
vn -0.236248 -0.844174 -0.481204
vn -0.0 -1.0 -0.0
vn 0.770219 -0.220423 -0.598479
vn 0.749606 -0.497785 -0.436234
vn 0.09293 -0.345393 -0.933846
vn -0.111891 -0.263742 -0.958082
vn 0.770219 -0.220423 -0.598479
vn 0.09293 -0.345393 -0.933846
vn 0.697331 0.305796 -0.648242
vn 0.808898 0.18331 -0.558643
vn -0.000001 0.223764 -0.974643
vn -0.105564 0.402113 -0.909484
vn 0.697331 0.305796 -0.648242
vn -0.000001 0.223764 -0.974643
vn -0.111891 -0.263742 -0.958082
vn 0.09293 -0.345393 -0.933846
vn -0.691849 -0.450713 -0.564095
vn -0.839165 -0.194814 -0.507789
vn -0.111891 -0.263742 -0.958082
vn -0.691849 -0.450713 -0.564095
vn -0.000001 0.223764 -0.974643
vn -0.836578 0.184387 -0.515887
vn -0.762519 0.283783 -0.581405
vn -0.105564 0.402113 -0.909484
vn -0.000001 0.223764 -0.974643
vn -0.762519 0.283783 -0.581405
vn 0.0 -0.752434 -0.658668
vn 0.742053 -0.486966 -0.460674
vn -0.000011 -0.805237 0.592953
vn -0.74205 -0.486958 -0.460688
vn 0.0 -0.752434 -0.658668
vn -0.000011 -0.805237 0.592953
vn -0.660212 0.462953 0.591435
vn 0.067542 0.635452 0.769181
vn -0.095949 0.479149 0.872474
vn -0.769195 0.276135 0.576272
vn -0.660212 0.462953 0.591435
vn -0.095949 0.479149 0.872474
vn -0.095949 0.479149 0.872474
vn -0.001618 0.407796 0.913072
vn -0.868395 0.274484 0.412975
vn -0.769195 0.276135 0.576272
vn -0.095949 0.479149 0.872474
vn -0.868395 0.274484 0.412975
vn -0.000005 -0.159203 -0.987246
vn 0.0 -0.752434 -0.658668
vn -0.549627 -0.464993 -0.694041
vn -0.754512 -0.387361 -0.529776
vn -0.000005 -0.159203 -0.987246
vn -0.74205 -0.486958 -0.460688
vn 0.000005 -0.058126 -0.998309
vn -0.645632 -0.074795 -0.759977
vn -0.677787 -0.354835 -0.64397
vn 0.000008 -0.200909 -0.97961
vn 0.000004 -0.316723 -0.948518
vn -0.677787 -0.354835 -0.64397
vn 0.749613 -0.497782 -0.436227
vn 0.520829 -0.822362 -0.229039
vn 0.685958 -0.665487 0.29426
vn 0.633617 -0.282901 -0.720068
vn 0.749613 -0.497782 -0.436227
vn 0.685958 -0.665487 0.29426
vn 0.520829 -0.822362 -0.229039
vn 0.498606 -0.605093 -0.620688
vn -0.492951 -0.674991 -0.548987
vn -0.557891 -0.827126 -0.067972
vn 0.520829 -0.822362 -0.229039
vn -0.492951 -0.674991 -0.548987
vn 0.498606 -0.605093 -0.620688
vn 0.414952 -0.764676 -0.493037
vn -0.244675 -0.852691 -0.461576
vn -0.492951 -0.674991 -0.548987
vn 0.498606 -0.605093 -0.620688
vn -0.244675 -0.852691 -0.461576
vn -0.557891 -0.827126 -0.067972
vn -0.691845 -0.450712 -0.564101
vn -0.677787 -0.354835 -0.64397
vn -0.794277 -0.546847 0.26473
vn -0.557891 -0.827126 -0.067972
vn -0.677787 -0.354835 -0.64397
vn -0.557891 -0.827126 -0.067972
vn -0.511119 -0.5708 0.642607
vn 0.492013 -0.680487 0.543011
vn 0.520829 -0.822362 -0.229039
vn -0.557891 -0.827126 -0.067972
vn 0.492013 -0.680487 0.543011
vn -0.0 -1.0 -0.0
vn -0.397903 -0.910235 0.114652
vn -0.602098 -0.740977 -0.297373
vn 0.696095 -0.654898 -0.294211
vn -0.0 -1.0 -0.0
vn -0.602098 -0.740977 -0.297373
vn -0.673447 0.344194 0.654217
vn -0.596146 0.514013 0.616766
vn 0.035835 0.612095 0.789972
vn 0.011029 0.479033 0.877727
vn -0.673447 0.344194 0.654217
vn 0.035835 0.612095 0.789972
vn 0.029284 -0.229613 -0.972841
vn 0.092931 -0.345391 -0.933846
vn -0.691845 -0.450712 -0.564101
vn -0.813244 -0.196808 -0.547632
vn 0.029284 -0.229613 -0.972841
vn -0.691845 -0.450712 -0.564101
vn -0.077564 0.415626 -0.906222
vn -0.153797 0.175902 -0.972319
vn -0.766245 0.229614 -0.600122
vn -0.773373 0.262864 -0.576885
vn -0.077564 0.415626 -0.906222
vn -0.766245 0.229614 -0.600122
vn 0.81664 -0.246952 -0.521646
vn 0.749613 -0.497782 -0.436227
vn 0.092931 -0.345391 -0.933846
vn 0.029284 -0.229613 -0.972841
vn 0.81664 -0.246952 -0.521646
vn 0.092931 -0.345391 -0.933846
vn -0.077564 0.415626 -0.906222
vn 0.74229 0.277166 -0.610069
vn 0.765462 0.187113 -0.615675
vn -0.153797 0.175902 -0.972319
vn -0.077564 0.415626 -0.906222
vn 0.765462 0.187113 -0.615675
vn 0.605484 -0.788697 0.106518
vn 0.000013 -0.644701 0.764435
vn -0.605477 -0.788699 0.106547
vn 0.000006 -0.598981 -0.800763
vn 0.605484 -0.788697 0.106518
vn -0.605477 -0.788699 0.106547
vn 0.011029 0.479033 0.877727
vn 0.006156 0.447812 0.894107
vn -0.79523 0.334888 0.505429
vn -0.673447 0.344194 0.654217
vn 0.011029 0.479033 0.877727
vn -0.79523 0.334888 0.505429
vn 0.633617 -0.282901 -0.720068
vn 0.645624 -0.074798 -0.759983
vn 0.000005 -0.058126 -0.998309
vn 0.000008 -0.200909 -0.97961
vn 0.633617 -0.282901 -0.720068
vn 0.000004 -0.316723 -0.948518
vn 0.034649 0.60545 0.795128
vn 0.336891 0.668789 0.662741
vn 0.440012 0.060261 0.895968
vn -0.080174 0.117336 0.989851
vn 0.034649 0.60545 0.795128
vn 0.440012 0.060261 0.895968
vn 0.010156 0.116556 -0.993132
vn 0.148591 0.431598 -0.889744
vn 0.287931 0.550582 -0.783553
vn 0.288619 0.140129 -0.947134
vn 0.010156 0.116556 -0.993132
vn 0.287931 0.550582 -0.783553
vn 0.038303 -0.206541 -0.977688
vn 0.010156 0.116556 -0.993132
vn 0.288619 0.140129 -0.947134
vn 0.391834 -0.208787 -0.896033
vn 0.038303 -0.206541 -0.977688
vn 0.288619 0.140129 -0.947134
vn 0.476249 0.697243 0.535759
vn 0.482127 0.765338 0.426393
vn 0.387223 0.582577 0.714606
vn 0.282787 0.660433 0.6956
vn 0.476249 0.697243 0.535759
vn 0.387223 0.582577 0.714606
vn 0.370807 0.330098 -0.868065
vn 0.546543 0.460443 -0.699488
vn 0.437514 0.811759 -0.386818
vn 0.225081 0.823425 -0.520875
vn 0.370807 0.330098 -0.868065
vn 0.437514 0.811759 -0.386818
vn 0.810006 0.380464 0.446248
vn 0.336757 0.516852 0.787057
vn 0.578753 -0.070294 0.812468
vn 0.958112 0.044652 0.282892
vn 0.810006 0.380464 0.446248
vn 0.578753 -0.070294 0.812468
vn 0.287931 0.550582 -0.783553
vn 0.148591 0.431598 -0.889744
vn 0.267119 0.504989 -0.820752
vn 0.541714 0.68587 -0.485931
vn 0.287931 0.550582 -0.783553
vn 0.267119 0.504989 -0.820752
vn 0.282787 0.660433 0.6956
vn 0.336757 0.516852 0.787057
vn 0.810006 0.380464 0.446248
vn 0.476249 0.697243 0.535759
vn 0.282787 0.660433 0.6956
vn 0.810006 0.380464 0.446248
vn -0.02371 0.406923 0.913155
vn -0.03021 0.634684 0.772181
vn -0.193101 0.711243 0.675903
vn -0.470307 0.413082 0.779855
vn -0.02371 0.406923 0.913155
vn -0.193101 0.711243 0.675903
vn -0.02371 0.406923 0.913155
vn -0.470307 0.413082 0.779855
vn -0.480451 -0.075822 0.873738
vn 0.048581 -0.123133 0.9912
vn -0.02371 0.406923 0.913155
vn -0.480451 -0.075822 0.873738
vn -0.080174 0.117336 0.989851
vn -0.541814 -0.015164 0.840362
vn -0.298986 0.604113 0.738684
vn 0.034649 0.60545 0.795128
vn -0.080174 0.117336 0.989851
vn -0.298986 0.604113 0.738684
vn -0.278627 0.185962 -0.942223
vn -0.339116 0.53788 -0.771807
vn -0.180329 0.491261 -0.852141
vn 0.010156 0.116556 -0.993132
vn -0.278627 0.185962 -0.942223
vn -0.180329 0.491261 -0.852141
vn -0.580175 0.149013 -0.800744
vn -0.506112 0.49971 -0.702951
vn -0.339116 0.53788 -0.771807
vn -0.278627 0.185962 -0.942223
vn -0.580175 0.149013 -0.800744
vn -0.339116 0.53788 -0.771807
vn -0.296476 -0.192894 -0.935358
vn -0.278627 0.185962 -0.942223
vn 0.010156 0.116556 -0.993132
vn 0.038303 -0.206541 -0.977688
vn -0.296476 -0.192894 -0.935358
vn 0.010156 0.116556 -0.993132
vn -0.193101 0.711243 0.675903
vn -0.388442 0.531451 0.752777
vn -0.451411 0.769969 0.450972
vn -0.501666 0.695294 0.514683
vn -0.193101 0.711243 0.675903
vn -0.451411 0.769969 0.450972
vn -0.291238 0.766572 -0.572319
vn -0.40139 0.847406 -0.347547
vn -0.506112 0.49971 -0.702951
vn -0.489329 0.308327 -0.815777
vn -0.291238 0.766572 -0.572319
vn -0.506112 0.49971 -0.702951
vn -0.388442 0.531451 0.752777
vn -0.193101 0.711243 0.675903
vn -0.03021 0.634684 0.772181
vn 0.012893 0.469927 0.882611
vn -0.388442 0.531451 0.752777
vn -0.03021 0.634684 0.772181
vn -0.939117 0.059355 0.338431
vn -0.480451 -0.075822 0.873738
vn -0.470307 0.413082 0.779855
vn -0.874249 0.324937 0.360702
vn -0.939117 0.059355 0.338431
vn -0.470307 0.413082 0.779855
vn -0.491493 0.678093 -0.546465
vn -0.175742 0.301108 -0.937256
vn -0.180329 0.491261 -0.852141
vn -0.339116 0.53788 -0.771807
vn -0.491493 0.678093 -0.546465
vn -0.180329 0.491261 -0.852141
vn -0.501666 0.695294 0.514683
vn -0.874249 0.324937 0.360702
vn -0.470307 0.413082 0.779855
vn -0.193101 0.711243 0.675903
vn -0.501666 0.695294 0.514683
vn -0.470307 0.413082 0.779855
vn -0.864517 0.492598 0.099786
vn -0.909861 0.381453 -0.163236
vn -0.963392 0.222285 -0.149883
vn -0.968373 0.150135 0.199283
vn -0.864517 0.492598 0.099786
vn -0.963392 0.222285 -0.149883
vn -0.968373 0.150135 0.199283
vn -0.963392 0.222285 -0.149883
vn -0.997729 -0.003609 -0.067254
vn -0.946945 -0.049878 0.3175
vn -0.968373 0.150135 0.199283
vn -0.997729 -0.003609 -0.067254
vn -0.750572 0.640048 -0.164259
vn -0.714308 0.691801 -0.105714
vn -0.638854 0.753214 0.156631
vn -0.760047 0.525373 0.382508
vn -0.600064 0.78262 -0.165618
vn -0.638854 0.753214 0.156631
vn -0.545864 -0.044495 -0.836691
vn -0.897297 0.000435 -0.441427
vn -0.84363 0.240929 -0.479834
vn -0.640925 0.266619 -0.719812
vn -0.545864 -0.044495 -0.836691
vn -0.84363 0.240929 -0.479834
vn -0.662249 0.704653 -0.254734
vn -0.443918 0.755607 -0.481658
vn -0.461751 0.702252 -0.541874
vn -0.728265 0.573472 -0.375179
vn -0.662249 0.704653 -0.254734
vn -0.461751 0.702252 -0.541874
vn -0.521064 0.440153 0.731271
vn -0.22015 0.53191 0.817683
vn -0.338689 0.70986 0.617566
vn -0.628896 0.554964 0.544523
vn -0.521064 0.440153 0.731271
vn -0.338689 0.70986 0.617566
vn -0.838542 0.526176 -0.141369
vn -0.857153 0.482037 0.181465
vn -0.730248 0.680687 0.05834
vn -0.682348 0.720836 -0.121645
vn -0.838542 0.526176 -0.141369
vn -0.730248 0.680687 0.05834
vn -0.84363 0.240929 -0.479834
vn -0.963392 0.222285 -0.149883
vn -0.909861 0.381453 -0.163236
vn -0.821746 0.356727 -0.444386
vn -0.84363 0.240929 -0.479834
vn -0.909861 0.381453 -0.163236
vn -0.730248 0.680687 0.05834
vn -0.638854 0.753214 0.156631
vn -0.714308 0.691801 -0.105714
vn -0.682348 0.720836 -0.121645
vn -0.730248 0.680687 0.05834
vn -0.714308 0.691801 -0.105714
vn -0.298986 0.604113 0.738684
vn -0.451225 0.683307 0.57401
vn -0.338689 0.70986 0.617566
vn -0.081448 0.697254 0.712182
vn -0.298986 0.604113 0.738684
vn -0.338689 0.70986 0.617566
vn -0.22015 0.53191 0.817683
vn -0.521064 0.440153 0.731271
vn -0.298286 0.174839 0.938327
vn -0.001704 0.265421 0.964131
vn -0.22015 0.53191 0.817683
vn -0.298286 0.174839 0.938327
vn 0.017304 0.895166 -0.445398
vn 0.065858 0.832154 -0.550619
vn -0.240846 0.842985 -0.481009
vn -0.143894 0.942932 -0.300289
vn 0.017304 0.895166 -0.445398
vn -0.240846 0.842985 -0.481009
vn -0.143894 0.942932 -0.300289
vn -0.240846 0.842985 -0.481009
vn -0.501583 0.804076 -0.31918
vn -0.512291 0.652988 -0.557821
vn -0.143894 0.942932 -0.300289
vn -0.501583 0.804076 -0.31918
vn -0.714308 0.691801 -0.105714
vn -0.501583 0.804076 -0.31918
vn -0.662249 0.704653 -0.254734
vn -0.682348 0.720836 -0.121645
vn -0.714308 0.691801 -0.105714
vn -0.662249 0.704653 -0.254734
vn -0.963392 0.222285 -0.149883
vn -0.84363 0.240929 -0.479834
vn -0.897297 0.000435 -0.441427
vn -0.997729 -0.003609 -0.067254
vn -0.963392 0.222285 -0.149883
vn -0.897297 0.000435 -0.441427
vn -0.946945 -0.049878 0.3175
vn -0.785721 -0.02949 0.617878
vn -0.819821 0.164233 0.548563
vn -0.968373 0.150135 0.199283
vn -0.946945 -0.049878 0.3175
vn -0.819821 0.164233 0.548563
vn -0.728265 0.573472 -0.375179
vn -0.838542 0.526176 -0.141369
vn -0.682348 0.720836 -0.121645
vn -0.662249 0.704653 -0.254734
vn -0.728265 0.573472 -0.375179
vn -0.682348 0.720836 -0.121645
vn -0.821746 0.356727 -0.444386
vn -0.569832 0.414202 -0.709738
vn -0.640925 0.266619 -0.719812
vn -0.84363 0.240929 -0.479834
vn -0.821746 0.356727 -0.444386
vn -0.640925 0.266619 -0.719812
vn -0.266359 0.305652 -0.914128
vn -0.115694 0.122015 -0.985762
vn -0.545864 -0.044495 -0.836691
vn -0.640925 0.266619 -0.719812
vn -0.266359 0.305652 -0.914128
vn -0.545864 -0.044495 -0.836691
vn -0.730364 0.534034 0.425882
vn -0.522954 0.764926 0.376042
vn -0.638854 0.753214 0.156631
vn -0.730248 0.680687 0.05834
vn -0.730364 0.534034 0.425882
vn -0.638854 0.753214 0.156631
vn -0.625272 0.4626 0.628519
vn -0.522954 0.764926 0.376042
vn -0.451225 0.683307 0.57401
vn -0.298986 0.604113 0.738684
vn -0.625272 0.4626 0.628519
vn -0.451225 0.683307 0.57401
vn -0.760047 0.525373 0.382508
vn -0.638854 0.753214 0.156631
vn -0.522954 0.764926 0.376042
vn -0.625272 0.4626 0.628519
vn -0.760047 0.525373 0.382508
vn -0.522954 0.764926 0.376042
vn -0.451225 0.683307 0.57401
vn -0.522954 0.764926 0.376042
vn -0.730364 0.534034 0.425882
vn -0.628896 0.554964 0.544523
vn -0.451225 0.683307 0.57401
vn -0.730364 0.534034 0.425882
vn -0.730364 0.534034 0.425882
vn -0.730248 0.680687 0.05834
vn -0.857153 0.482037 0.181465
vn -0.743064 0.553646 0.375941
vn -0.730364 0.534034 0.425882
vn -0.857153 0.482037 0.181465
vn -0.76255 0.539726 0.356669
vn -0.864517 0.492598 0.099786
vn -0.968373 0.150135 0.199283
vn -0.819821 0.164233 0.548563
vn -0.76255 0.539726 0.356669
vn -0.968373 0.150135 0.199283
vn -0.443918 0.755607 -0.481658
vn -0.662249 0.704653 -0.254734
vn -0.501583 0.804076 -0.31918
vn -0.240846 0.842985 -0.481009
vn -0.443918 0.755607 -0.481658
vn -0.501583 0.804076 -0.31918
vn -0.600064 0.78262 -0.165618
vn -0.447538 0.816205 -0.365404
vn -0.501583 0.804076 -0.31918
vn -0.714308 0.691801 -0.105714
vn -0.750572 0.640048 -0.164259
vn -0.501583 0.804076 -0.31918
vn 0.720195 -0.693765 -0.003241
vn 0.601 -0.794735 0.084827
vn 0.733673 -0.678515 0.036621
vn 0.916236 -0.397823 -0.047412
vn 0.873772 -0.485906 -0.020459
vn 0.733673 -0.678515 0.036621
vn -0.144798 0.77685 -0.612811
vn -0.443918 0.755607 -0.481658
vn -0.240846 0.842985 -0.481009
vn 0.065858 0.832154 -0.550619
vn -0.144798 0.77685 -0.612811
vn -0.240846 0.842985 -0.481009
vn 0.963342 0.173875 0.204302
vn 0.959168 0.252078 -0.128271
vn 0.929851 0.318393 -0.1844
vn 0.929231 0.344958 0.132414
vn 0.963342 0.173875 0.204302
vn 0.929851 0.318393 -0.1844
vn -0.578823 0.582802 -0.570355
vn -0.847222 0.331164 -0.415386
vn -0.0484 0.840174 -0.540153
vn 0.144798 0.77685 -0.612811
vn -0.150135 0.791112 -0.592959
vn -0.0484 0.840174 -0.540153
vn 0.767902 0.538732 -0.346545
vn 0.825648 0.55706 -0.089389
vn 0.929851 0.318393 -0.1844
vn 0.80043 0.393852 -0.451877
vn 0.767902 0.538732 -0.346545
vn 0.929851 0.318393 -0.1844
vn 0.781535 0.592695 0.194718
vn 0.704669 0.575018 0.415687
vn 0.739403 0.565302 0.365673
vn 0.929231 0.344958 0.132414
vn 0.781535 0.592695 0.194718
vn 0.739403 0.565302 0.365673
vn 0.602436 0.602046 0.524034
vn 0.326086 0.681593 0.655056
vn 0.299597 0.627061 0.719052
vn 0.452555 0.41591 0.788805
vn 0.602436 0.602046 0.524034
vn 0.299597 0.627061 0.719052
vn 0.80043 0.393852 -0.451877
vn 0.929851 0.318393 -0.1844
vn 0.959168 0.252078 -0.128271
vn 0.859254 0.25841 -0.441483
vn 0.80043 0.393852 -0.451877
vn 0.959168 0.252078 -0.128271
vn 0.715368 0.688673 -0.118229
vn 0.616234 0.78376 -0.077301
vn 0.646146 0.744742 0.166895
vn 0.712518 0.693376 0.107463
vn 0.715368 0.688673 -0.118229
vn 0.646146 0.744742 0.166895
vn 0.443035 0.841617 -0.308871
vn 0.603687 0.735117 -0.308488
vn 0.337146 0.813761 -0.473419
vn 0.099841 0.944015 -0.314431
vn 0.443035 0.841617 -0.308871
vn 0.337146 0.813761 -0.473419
vn 0.715368 0.688673 -0.118229
vn 0.620088 0.728037 -0.292322
vn 0.603687 0.735117 -0.308488
vn 0.616234 0.78376 -0.077301
vn 0.715368 0.688673 -0.118229
vn 0.603687 0.735117 -0.308488
vn 0.929231 0.344958 0.132414
vn 0.929851 0.318393 -0.1844
vn 0.825648 0.55706 -0.089389
vn 0.781535 0.592695 0.194718
vn 0.929231 0.344958 0.132414
vn 0.825648 0.55706 -0.089389
vn 0.80043 0.393852 -0.451877
vn 0.577206 0.463362 -0.672406
vn 0.510886 0.639803 -0.57415
vn 0.767902 0.538732 -0.346545
vn 0.80043 0.393852 -0.451877
vn 0.510886 0.639803 -0.57415
vn 0.859254 0.25841 -0.441483
vn 0.63369 0.164793 -0.755831
vn 0.577206 0.463362 -0.672406
vn 0.80043 0.393852 -0.451877
vn 0.859254 0.25841 -0.441483
vn 0.577206 0.463362 -0.672406
vn 0.712518 0.693376 0.107463
vn 0.646146 0.744742 0.166895
vn 0.568397 0.722343 0.393886
vn 0.745771 0.510397 0.428159
vn 0.712518 0.693376 0.107463
vn 0.568397 0.722343 0.393886
vn 0.602436 0.602046 0.524034
vn 0.745771 0.510397 0.428159
vn 0.568397 0.722343 0.393886
vn 0.397858 0.683462 0.612037
vn 0.602436 0.602046 0.524034
vn 0.568397 0.722343 0.393886
vn 0.840998 0.133228 0.524379
vn 0.963342 0.173875 0.204302
vn 0.929231 0.344958 0.132414
vn 0.739403 0.565302 0.365673
vn 0.840998 0.133228 0.524379
vn 0.929231 0.344958 0.132414
vn 0.337146 0.813761 -0.473419
vn 0.603687 0.735117 -0.308488
vn 0.620088 0.728037 -0.292322
vn 0.425164 0.789036 -0.443462
vn 0.337146 0.813761 -0.473419
vn 0.620088 0.728037 -0.292322
vn 0.616234 0.78376 -0.077301
vn 0.603687 0.735117 -0.308488
vn 0.443035 0.841617 -0.308871
vn 0.688585 0.673622 -0.268486
vn 0.616234 0.78376 -0.077301
vn 0.494679 0.745555 -0.446587
vn -0.664988 0.595062 -0.451323
vn -0.896482 0.334494 -0.290575
vn -0.896483 0.441405 -0.03847
vn -0.664988 0.746696 -0.015357
vn -0.664988 0.595062 -0.451323
vn -0.896483 0.441405 -0.03847
vn -0.664988 0.746696 -0.015357
vn -0.896483 0.441405 -0.03847
vn -0.896483 0.379716 0.228329
vn -0.664986 0.613116 0.426475
vn -0.664988 0.746696 -0.015357
vn -0.896483 0.379716 0.228329
vn -0.664986 0.613116 0.426475
vn -0.896483 0.379716 0.228329
vn -0.896482 0.172989 0.407915
vn -0.664985 0.245346 0.705408
vn -0.664986 0.613116 0.426475
vn -0.896482 0.172989 0.407915
vn -0.664985 0.245346 0.705408
vn -0.896482 0.172989 0.407915
vn -0.890628 -0.024675 0.454063
vn -0.64988 -0.19205 0.735372
vn -0.664985 0.245346 0.705408
vn -0.890628 -0.024675 0.454063
vn -0.64988 -0.19205 0.735372
vn -0.890628 -0.024675 0.454063
vn -0.905307 -0.320225 0.279061
vn -0.633524 -0.635284 0.441658
vn -0.64988 -0.19205 0.735372
vn -0.905307 -0.320225 0.279061
vn -0.633524 -0.635284 0.441658
vn -0.905307 -0.320225 0.279061
vn -0.877929 -0.47788 -0.029523
vn -0.664989 -0.746695 0.015354
vn -0.633524 -0.635284 0.441658
vn -0.877929 -0.47788 -0.029523
vn -0.664989 -0.746695 0.015354
vn -0.877929 -0.47788 -0.029523
vn -0.896481 -0.379717 -0.228333
vn -0.664991 -0.613114 -0.426472
vn -0.664989 -0.746695 0.015354
vn -0.896481 -0.379717 -0.228333
vn -0.664991 -0.613114 -0.426472
vn -0.896481 -0.379717 -0.228333
vn -0.896482 -0.172988 -0.407916
vn -0.664989 -0.245345 -0.705404
vn -0.664991 -0.613114 -0.426472
vn -0.896482 -0.172988 -0.407916
vn -0.664989 -0.245345 -0.705404
vn -0.896482 -0.172988 -0.407916
vn -0.896481 0.099816 -0.431692
vn -0.664987 0.216136 -0.714896
vn -0.664989 -0.245345 -0.705404
vn -0.896481 0.099816 -0.431692
vn -0.664987 0.216136 -0.714896
vn -0.896481 0.099816 -0.431692
vn -0.896482 0.334494 -0.290575
vn -0.664988 0.595062 -0.451323
vn -0.664987 0.216136 -0.714896
vn -0.896482 0.334494 -0.290575
vn -0.374472 0.78259 -0.497316
vn -0.664988 0.595062 -0.451323
vn -0.664988 0.746696 -0.015357
vn -0.326534 0.944283 0.041297
vn -0.374472 0.78259 -0.497316
vn -0.664988 0.746696 -0.015357
vn -0.326534 0.944283 0.041297
vn -0.664988 0.746696 -0.015357
vn -0.664986 0.613116 0.426475
vn -0.374469 0.714805 0.590615
vn -0.326534 0.944283 0.041297
vn -0.664986 0.613116 0.426475
vn -0.374469 0.714805 0.590615
vn -0.664986 0.613116 0.426475
vn -0.664985 0.245346 0.705408
vn -0.326536 0.252522 0.910828
vn -0.374469 0.714805 0.590615
vn -0.664985 0.245346 0.705408
vn -0.326536 0.252522 0.910828
vn -0.664985 0.245346 0.705408
vn -0.64988 -0.19205 0.735372
vn -0.374472 -0.340817 0.862331
vn -0.326536 0.252522 0.910828
vn -0.64988 -0.19205 0.735372
vn -0.374472 -0.340817 0.862331
vn -0.64988 -0.19205 0.735372
vn -0.633524 -0.635284 0.441658
vn -0.326538 -0.788214 0.521624
vn -0.374472 -0.340817 0.862331
vn -0.633524 -0.635284 0.441658
vn -0.326538 -0.788214 0.521624
vn -0.633524 -0.635284 0.441658
vn -0.664989 -0.746695 0.015354
vn -0.374472 -0.925443 -0.057662
vn -0.326538 -0.788214 0.521624
vn -0.664989 -0.746695 0.015354
vn -0.374472 -0.925443 -0.057662
vn -0.664989 -0.746695 0.015354
vn -0.664991 -0.613114 -0.426472
vn -0.326537 -0.739667 -0.588444
vn -0.374472 -0.925443 -0.057662
vn -0.664991 -0.613114 -0.426472
vn -0.326537 -0.739667 -0.588444
vn -0.664991 -0.613114 -0.426472
vn -0.664989 -0.245345 -0.705404
vn -0.374472 -0.231137 -0.897968
vn -0.326537 -0.739667 -0.588444
vn -0.664989 -0.245345 -0.705404
vn -0.374472 -0.231137 -0.897968
vn -0.664989 -0.245345 -0.705404
vn -0.664987 0.216136 -0.714896
vn -0.326536 0.331072 -0.885305
vn -0.374472 -0.231137 -0.897968
vn -0.664987 0.216136 -0.714896
vn -0.326536 0.331072 -0.885305
vn -0.664987 0.216136 -0.714896
vn -0.664988 0.595062 -0.451323
vn -0.374472 0.78259 -0.497316
vn -0.326536 0.331072 -0.885305
vn -0.664988 0.595062 -0.451323
vn 0.022071 0.82276 0.56796
vn 0.04697 0.790648 0.610466
vn 0.040217 0.910069 -0.412501
vn -0.002586 0.881601 -0.471989
vn 0.022071 0.82276 0.56796
vn 0.040217 0.910069 -0.412501
vn 0.587314 0.447453 0.674424
vn 0.046277 0.046954 0.997825
vn 0.061538 0.857611 0.510604
vn 0.29145 0.824165 0.485602
vn 0.587314 0.447453 0.674424
vn 0.061538 0.857611 0.510604
vn 0.613255 -0.350394 0.707914
vn 0.061776 -0.774843 0.629128
vn 0.046277 0.046954 0.997825
vn 0.463217 0.412885 0.784192
vn 0.613255 -0.350394 0.707914
vn 0.046277 0.046954 0.997825
vn 0.370807 0.330098 -0.868065
vn 0.04313 0.067274 -0.996802
vn 0.053731 -0.790174 -0.610523
vn 0.612499 -0.221723 -0.758739
vn 0.370807 0.330098 -0.868065
vn 0.053731 -0.790174 -0.610523
vn 0.370807 0.330098 -0.868065
vn 0.225081 0.823425 -0.520875
vn 0.07548 0.827429 -0.556474
vn 0.04313 0.067274 -0.996802
vn 0.370807 0.330098 -0.868065
vn 0.07548 0.827429 -0.556474
vn 0.383092 -0.917575 0.106285
vn 0.406259 -0.907666 0.105339
vn 0.391587 -0.913972 0.106371
vn 0.389521 -0.915071 0.104493
vn 0.383092 -0.917575 0.106285
vn 0.391587 -0.913972 0.106371
vn -0.733673 -0.678515 0.036621
vn -0.600999 -0.794735 0.084827
vn -0.720195 -0.693765 -0.003241
vn -0.916236 -0.397823 -0.047413
vn -0.733673 -0.678515 0.036621
vn -0.873772 -0.485906 -0.020459
vn -0.575727 -0.811836 0.097273
vn -0.496615 -0.861808 0.103254
vn -0.600999 -0.794735 0.084827
vn -0.733673 -0.678515 0.036621
vn -0.575727 -0.811836 0.097273
vn -0.600999 -0.794735 0.084827
vn -0.521064 0.440153 0.731271
vn -0.703453 0.271837 0.656703
vn -0.562045 0.061747 0.824798
vn -0.298286 0.174839 0.938327
vn -0.521064 0.440153 0.731271
vn -0.562045 0.061747 0.824798
vn -0.048607 -0.874623 0.482361
vn -0.003767 -0.683984 -0.729487
vn 0.0034 -0.814457 -0.580214
vn 0.009665 -0.802918 0.596012
vn -0.048607 -0.874623 0.482361
vn 0.0034 -0.814457 -0.580214
vn -0.001062 0.197292 -0.980344
vn -0.025033 0.202008 -0.979064
vn 0.0034 -0.814457 -0.580214
vn -0.003767 -0.683984 -0.729487
vn -0.001062 0.197292 -0.980344
vn 0.0034 -0.814457 -0.580214
vn -0.002586 0.881601 -0.471989
vn -0.009199 0.932401 -0.361308
vn -0.029752 0.768586 0.639054
vn 0.022071 0.82276 0.56796
vn -0.002586 0.881601 -0.471989
vn -0.029752 0.768586 0.639054
vn -0.048607 -0.874623 0.482361
vn 0.009665 -0.802918 0.596012
vn -0.027347 0.000763 0.999626
vn -0.02695 -0.043569 0.998687
vn -0.048607 -0.874623 0.482361
vn -0.027347 0.000763 0.999626
vn -0.47137 -0.875992 0.102215
vn -0.444293 -0.889877 0.10355
vn -0.496615 -0.861808 0.103254
vn -0.575727 -0.811836 0.097273
vn -0.47137 -0.875992 0.102215
vn -0.496615 -0.861808 0.103254
vn 0.04313 0.067274 -0.996802
vn -0.001062 0.197292 -0.980344
vn -0.003767 -0.683984 -0.729487
vn 0.053731 -0.790174 -0.610523
vn 0.04313 0.067274 -0.996802
vn -0.003767 -0.683984 -0.729487
vn 0.053731 -0.790174 -0.610523
vn -0.003767 -0.683984 -0.729487
vn -0.048607 -0.874623 0.482361
vn 0.061776 -0.774843 0.629128
vn 0.053731 -0.790174 -0.610523
vn -0.048607 -0.874623 0.482361
vn 0.061776 -0.774843 0.629128
vn -0.048607 -0.874623 0.482361
vn -0.02695 -0.043569 0.998687
vn 0.046277 0.046954 0.997825
vn 0.061776 -0.774843 0.629128
vn -0.02695 -0.043569 0.998687
vn 0.046277 0.046954 0.997825
vn -0.02695 -0.043569 0.998687
vn -0.029752 0.768586 0.639054
vn 0.061538 0.857611 0.510604
vn 0.046277 0.046954 0.997825
vn -0.029752 0.768586 0.639054
vn 0.061538 0.857611 0.510604
vn -0.029752 0.768586 0.639054
vn -0.009199 0.932401 -0.361308
vn 0.07548 0.827429 -0.556474
vn 0.061538 0.857611 0.510604
vn -0.009199 0.932401 -0.361308
vn 0.07548 0.827429 -0.556474
vn -0.009199 0.932401 -0.361308
vn -0.001062 0.197292 -0.980344
vn 0.04313 0.067274 -0.996802
vn 0.07548 0.827429 -0.556474
vn -0.001062 0.197292 -0.980344
vn -0.666069 0.052519 0.744039
vn -0.569066 0.54561 0.615202
vn -0.364794 0.620236 0.694429
vn -0.616997 -0.088853 0.781933
vn -0.666069 0.052519 0.744039
vn -0.364794 0.620236 0.694429
vn 0.24051 0.36935 0.897628
vn 0.136805 0.683087 0.71741
vn 0.746973 -0.060247 0.662119
vn 0.57071 -0.661854 0.486044
vn 0.269453 -0.261898 0.926717
vn 0.836083 -0.077738 0.543068
vn -0.569066 0.54561 0.615202
vn -0.685229 0.063156 0.725584
vn -0.509121 0.048853 0.859307
vn -0.343918 0.592126 0.728771
vn -0.569066 0.54561 0.615202
vn -0.509121 0.048853 0.859307
vn 0.049436 0.997535 -0.04981
vn 0.034993 0.998868 -0.032224
vn 0.023627 0.99918 -0.032881
vn 0.037751 0.996591 -0.073355
vn 0.049436 0.997535 -0.04981
vn 0.023627 0.99918 -0.032881
vn 0.064081 -0.538266 -0.840335
vn 0.761437 -0.646031 -0.053465
vn 0.49333 -0.450531 -0.744075
vn 0.05434 -0.533841 -0.843837
vn 0.064081 -0.538266 -0.840335
vn 0.49333 -0.450531 -0.744075
vn 0.05434 -0.533841 -0.843837
vn 0.055825 -0.538417 -0.840827
vn 0.056159 -0.529156 -0.846664
vn 0.064081 -0.538266 -0.840335
vn 0.05434 -0.533841 -0.843837
vn 0.056159 -0.529156 -0.846664
vn 0.055825 -0.538417 -0.840827
vn 0.154665 -0.585049 -0.796113
vn 0.12218 -0.550463 -0.825871
vn 0.056159 -0.529156 -0.846664
vn 0.055825 -0.538417 -0.840827
vn 0.12218 -0.550463 -0.825871
vn -0.196557 0.956883 0.213871
vn -0.091814 0.917455 -0.387101
vn -0.123146 0.932585 -0.339294
vn -0.194983 0.83722 0.510925
vn -0.196557 0.956883 0.213871
vn -0.123146 0.932585 -0.339294
vn -0.607107 -0.451904 0.653608
vn -0.315115 -0.528235 0.788461
vn -0.509121 0.048853 0.859307
vn -0.685229 0.063156 0.725584
vn -0.607107 -0.451904 0.653608
vn -0.509121 0.048853 0.859307
vn 0.048547 -0.377271 0.92483
vn 0.05184 -0.36944 0.927807
vn 0.048758 -0.376283 0.925221
vn 0.024168 -0.345863 0.937974
vn 0.048547 -0.377271 0.92483
vn 0.048758 -0.376283 0.925221
vn -0.015832 -0.917418 0.39761
vn 0.171371 -0.981607 0.084135
vn 0.618724 -0.785565 -0.00825
vn 0.71355 -0.660247 -0.234351
vn -0.015832 -0.917418 0.39761
vn 0.618724 -0.785565 -0.00825
vn 0.57071 -0.661854 0.486044
vn 0.048567 -0.413874 0.909037
vn 0.044321 -0.41049 0.910787
vn 0.269453 -0.261898 0.926717
vn 0.57071 -0.661854 0.486044
vn 0.044321 -0.41049 0.910787
vn 0.073725 0.995602 0.057807
vn 0.329541 0.940922 0.077905
vn 0.058881 0.912482 0.404857
vn 0.051829 0.998639 0.005751
vn 0.073725 0.995602 0.057807
vn 0.018788 0.994075 0.107063
vn 0.597012 0.782544 -0.176638
vn 0.613599 0.674759 -0.410119
vn 0.589241 0.678343 -0.438914
vn 0.598173 0.762446 0.246708
vn 0.597012 0.782544 -0.176638
vn 0.589241 0.678343 -0.438914
vn 0.412418 0.870669 -0.268041
vn 0.124937 0.984187 -0.125561
vn 0.14033 0.969592 -0.200495
vn 0.280854 0.526277 -0.802592
vn 0.412418 0.870669 -0.268041
vn 0.14033 0.969592 -0.200495
vn 0.124937 0.984187 -0.125561
vn 0.030686 0.992225 -0.120617
vn 0.040449 0.99185 -0.120819
vn 0.14033 0.969592 -0.200495
vn 0.124937 0.984187 -0.125561
vn 0.040449 0.99185 -0.120819
vn -0.012949 0.993638 -0.111876
vn 0.040449 0.99185 -0.120819
vn 0.030686 0.992225 -0.120617
vn -0.005378 0.992021 -0.125957
vn -0.012949 0.993638 -0.111876
vn 0.030686 0.992225 -0.120617
vn 0.010195 -0.151788 -0.988361
vn 0.00768 0.025311 -0.99965
vn 0.111259 -0.867036 -0.485664
vn 0.088086 -0.772605 -0.628747
vn 0.010195 -0.151788 -0.988361
vn 0.111259 -0.867036 -0.485664
vn 0.07427 0.997226 0.004952
vn 0.084208 0.996431 0.005845
vn 0.082582 0.996569 0.005548
vn 0.067807 0.997685 0.005268
vn 0.07427 0.997226 0.004952
vn 0.082582 0.996569 0.005548
vn 0.051829 0.998639 0.005751
vn 0.07427 0.997226 0.004952
vn 0.067807 0.997685 0.005268
vn 0.073725 0.995602 0.057807
vn 0.051829 0.998639 0.005751
vn 0.067807 0.997685 0.005268
vn 0.043567 0.994538 -0.094846
vn 0.049436 0.997535 -0.04981
vn 0.037751 0.996591 -0.073355
vn 0.034349 0.994128 -0.102613
vn 0.043567 0.994538 -0.094846
vn 0.037751 0.996591 -0.073355
vn 0.031397 -0.638332 0.76912
vn 0.01279 -0.858827 0.512105
vn -0.077259 0.147424 0.986051
vn -0.000695 0.274675 0.961537
vn 0.031397 -0.638332 0.76912
vn -0.077259 0.147424 0.986051
vn 0.073027 -0.990313 -0.118102
vn 0.394029 -0.918859 -0.020934
vn 0.171371 -0.981607 0.084135
vn -0.193191 -0.980655 0.03152
vn 0.073027 -0.990313 -0.118102
vn 0.171371 -0.981607 0.084135
vn 0.05184 -0.36944 0.927807
vn 0.086954 -0.357149 0.929991
vn 0.108763 -0.353391 0.929131
vn 0.048758 -0.376283 0.925221
vn 0.05184 -0.36944 0.927807
vn 0.108763 -0.353391 0.929131
vn 0.836083 -0.077738 0.543068
vn 0.521274 0.632723 0.572656
vn 0.780073 0.617187 0.102791
vn 0.844362 -0.357311 -0.399226
vn 0.836083 -0.077738 0.543068
vn 0.780073 0.617187 0.102791
vn 0.349016 0.905807 0.240211
vn 0.11715 0.985589 0.122023
vn 0.136805 0.683087 0.71741
vn 0.058881 0.912482 0.404857
vn 0.166558 0.98339 0.072123
vn 0.136805 0.683087 0.71741
vn -0.235319 0.160851 -0.958515
vn 0.00768 0.025311 -0.99965
vn 0.096954 0.873523 -0.47703
vn -0.123146 0.932585 -0.339294
vn -0.235319 0.160851 -0.958515
vn 0.096954 0.873523 -0.47703
vn -0.000695 0.274675 0.961537
vn -0.077259 0.147424 0.986051
vn 0.062712 0.877786 0.474931
vn 0.022455 0.772595 0.634502
vn -0.000695 0.274675 0.961537
vn 0.062712 0.877786 0.474931
vn -0.123146 0.932585 -0.339294
vn 0.096954 0.873523 -0.47703
vn 0.062712 0.877786 0.474931
vn -0.194983 0.83722 0.510925
vn -0.123146 0.932585 -0.339294
vn 0.062712 0.877786 0.474931
vn -0.015832 -0.917418 0.39761
vn -0.425838 0.042807 0.903786
vn -0.430172 -0.686748 0.585943
vn 0.171371 -0.981607 0.084135
vn -0.015832 -0.917418 0.39761
vn -0.430172 -0.686748 0.585943
vn 0.231021 0.9077 -0.3503
vn 0.412418 0.870669 -0.268041
vn 0.280854 0.526277 -0.802592
vn -0.040144 0.686123 -0.726378
vn 0.231021 0.9077 -0.3503
vn 0.249213 0.39273 -0.885243
vn 0.08545 0.996325 0.005806
vn 0.082582 0.996569 0.005548
vn 0.084208 0.996431 0.005845
vn 0.085254 0.996344 0.005584
vn 0.08545 0.996325 0.005806
vn 0.084208 0.996431 0.005845
vn 0.35137 0.867404 0.352349
vn 0.079319 0.994393 -0.069933
vn 0.597012 0.782544 -0.176638
vn 0.598173 0.762446 0.246708
vn 0.658482 0.614658 0.434278
vn 0.787339 0.605664 -0.115189
vn 0.440591 -0.897652 0.010031
vn -0.079311 -0.994394 0.069933
vn 0.271164 -0.848494 0.454454
vn 0.514546 -0.842157 0.161288
vn 0.729642 -0.681435 0.057164
vn 0.597815 -0.627328 0.499075
vn 0.577178 -0.789074 0.210303
vn 0.618724 -0.785565 -0.00825
vn 0.394029 -0.918859 -0.020934
vn 0.480719 -0.873055 0.08176
vn 0.577178 -0.789074 0.210303
vn 0.394029 -0.918859 -0.020934
vn 0.026786 -0.433813 -0.900605
vn 0.020326 -0.442517 -0.89653
vn 0.026201 -0.434863 -0.900115
vn 0.040688 -0.439117 -0.897508
vn 0.026786 -0.433813 -0.900605
vn 0.026201 -0.434863 -0.900115
vn 0.092296 -0.457243 -0.88454
vn 0.057575 -0.427443 -0.902207
vn 0.040688 -0.439117 -0.897508
vn 0.140849 -0.460078 -0.876635
vn 0.092296 -0.457243 -0.88454
vn 0.040688 -0.439117 -0.897508
vn 0.000076 0.999794 -0.020284
vn -0.010363 0.999912 -0.00832
vn 0.023627 0.99918 -0.032881
vn 0.034993 0.998868 -0.032224
vn 0.000076 0.999794 -0.020284
vn 0.023627 0.99918 -0.032881
vn -0.666069 0.052519 0.744039
vn -0.616997 -0.088853 0.781933
vn -0.584749 -0.459118 0.66879
vn -0.607107 -0.451904 0.653608
vn -0.666069 0.052519 0.744039
vn -0.584749 -0.459118 0.66879
vn 0.514546 -0.842157 0.161288
vn 0.40453 -0.848484 -0.34122
vn 0.457496 -0.840512 -0.290236
vn 0.440591 -0.897652 0.010031
vn 0.514546 -0.842157 0.161288
vn 0.457496 -0.840512 -0.290236
vn 0.856604 0.410539 -0.312549
vn 0.780073 0.617187 0.102791
vn 0.589241 0.678343 -0.438914
vn 0.555396 0.677038 -0.482862
vn 0.856604 0.410539 -0.312549
vn 0.589241 0.678343 -0.438914
vn -0.528359 0.069788 0.846148
vn -0.425838 0.042807 0.903786
vn -0.228999 0.607685 0.760446
vn -0.401134 0.583458 0.706164
vn -0.528359 0.069788 0.846148
vn -0.228999 0.607685 0.760446
vn 0.886995 0.198078 -0.417139
vn 1.0 0.0 0.0
vn 1.0 0.0 0.0
vn 0.918742 0.009257 -0.394751
vn 0.886995 0.198078 -0.417139
vn 1.0 0.0 0.0
vn 0.918742 0.009257 -0.394751
vn 1.0 0.0 0.0
vn 0.924599 -0.156436 0.347339
vn 0.935624 -0.105167 -0.336967
vn 0.918742 0.009257 -0.394751
vn 0.924599 -0.156436 0.347339
vn 0.935624 -0.105167 -0.336967
vn 0.924599 -0.156436 0.347339
vn 1.0 0.0 0.0
vn 0.965201 -0.227929 -0.1282
vn 0.935624 -0.105167 -0.336967
vn 1.0 0.0 0.0
vn 1.0 0.0 0.0
vn 1.0 0.0 0.0
vn 1.0 0.0 0.0
vn 0.886995 0.198078 -0.417139
vn 1.0 0.0 0.0
vn 1.0 0.0 0.0
vn 0.664987 0.746697 0.015357
vn 0.896482 0.441407 0.03847
vn 0.896482 0.379717 -0.228331
vn 0.664986 0.613116 -0.426477
vn 0.664987 0.746697 0.015357
vn 0.896482 0.379717 -0.228331
vn 0.664985 0.595065 0.451323
vn 0.896482 0.334496 0.290574
vn 0.896482 0.441407 0.03847
vn 0.664987 0.746697 0.015357
vn 0.664985 0.595065 0.451323
vn 0.896482 0.441407 0.03847
vn 0.664984 0.21614 0.714898
vn 0.896482 0.099817 0.431691
vn 0.896482 0.334496 0.290574
vn 0.664985 0.595065 0.451323
vn 0.664984 0.21614 0.714898
vn 0.896482 0.334496 0.290574
vn 0.664987 -0.245347 0.705406
vn 0.877929 -0.119597 0.463613
vn 0.896482 0.099817 0.431691
vn 0.664984 0.21614 0.714898
vn 0.664987 -0.245347 0.705406
vn 0.896482 0.099817 0.431691
vn 0.633526 -0.616355 0.467709
vn 0.905307 -0.364358 0.218318
vn 0.877929 -0.119597 0.463613
vn 0.664987 -0.245347 0.705406
vn 0.633526 -0.616355 0.467709
vn 0.877929 -0.119597 0.463613
vn 0.649885 -0.758723 -0.044592
vn 0.890628 -0.439464 -0.116846
vn 0.905307 -0.364358 0.218318
vn 0.633526 -0.616355 0.467709
vn 0.649885 -0.758723 -0.044592
vn 0.905307 -0.364358 0.218318
vn 0.664991 -0.595061 -0.45132
vn 0.896482 -0.334493 -0.290576
vn 0.890628 -0.439464 -0.116846
vn 0.649885 -0.758723 -0.044592
vn 0.664991 -0.595061 -0.45132
vn 0.890628 -0.439464 -0.116846
vn 0.664989 -0.216136 -0.714895
vn 0.896482 -0.099816 -0.431691
vn 0.896482 -0.334493 -0.290576
vn 0.664991 -0.595061 -0.45132
vn 0.664989 -0.216136 -0.714895
vn 0.896482 -0.334493 -0.290576
vn 0.664987 0.245346 -0.705406
vn 0.896481 0.172988 -0.407917
vn 0.896482 -0.099816 -0.431691
vn 0.664989 -0.216136 -0.714895
vn 0.664987 0.245346 -0.705406
vn 0.896482 -0.099816 -0.431691
vn 0.664986 0.613116 -0.426477
vn 0.896482 0.379717 -0.228331
vn 0.896481 0.172988 -0.407917
vn 0.664987 0.245346 -0.705406
vn 0.664986 0.613116 -0.426477
vn 0.896481 0.172988 -0.407917
vn 0.326534 0.944283 -0.041297
vn 0.664987 0.746697 0.015357
vn 0.664986 0.613116 -0.426477
vn 0.374471 0.714805 -0.590614
vn 0.326534 0.944283 -0.041297
vn 0.664986 0.613116 -0.426477
vn 0.374471 0.782591 0.497316
vn 0.664985 0.595065 0.451323
vn 0.664987 0.746697 0.015357
vn 0.326534 0.944283 -0.041297
vn 0.374471 0.782591 0.497316
vn 0.664987 0.746697 0.015357
vn 0.326536 0.331074 0.885304
vn 0.664984 0.21614 0.714898
vn 0.664985 0.595065 0.451323
vn 0.374471 0.782591 0.497316
vn 0.326536 0.331074 0.885304
vn 0.664985 0.595065 0.451323
vn 0.374469 -0.231137 0.897969
vn 0.664987 -0.245347 0.705406
vn 0.664984 0.21614 0.714898
vn 0.326536 0.331074 0.885304
vn 0.374469 -0.231137 0.897969
vn 0.664984 0.21614 0.714898
vn 0.326536 -0.739668 0.588444
vn 0.633526 -0.616355 0.467709
vn 0.664987 -0.245347 0.705406
vn 0.374469 -0.231137 0.897969
vn 0.326536 -0.739668 0.588444
vn 0.664987 -0.245347 0.705406
vn 0.374471 -0.925444 0.057662
vn 0.649885 -0.758723 -0.044592
vn 0.633526 -0.616355 0.467709
vn 0.326536 -0.739668 0.588444
vn 0.374471 -0.925444 0.057662
vn 0.633526 -0.616355 0.467709
vn 0.326536 -0.788214 -0.521625
vn 0.664991 -0.595061 -0.45132
vn 0.649885 -0.758723 -0.044592
vn 0.374471 -0.925444 0.057662
vn 0.326536 -0.788214 -0.521625
vn 0.649885 -0.758723 -0.044592
vn 0.374472 -0.340816 -0.862331
vn 0.664989 -0.216136 -0.714895
vn 0.664991 -0.595061 -0.45132
vn 0.326536 -0.788214 -0.521625
vn 0.374472 -0.340816 -0.862331
vn 0.664991 -0.595061 -0.45132
vn 0.326536 0.252523 -0.910827
vn 0.664987 0.245346 -0.705406
vn 0.664989 -0.216136 -0.714895
vn 0.374472 -0.340816 -0.862331
vn 0.326536 0.252523 -0.910827
vn 0.664989 -0.216136 -0.714895
vn 0.374471 0.714805 -0.590614
vn 0.664986 0.613116 -0.426477
vn 0.664987 0.245346 -0.705406
vn 0.326536 0.252523 -0.910827
vn 0.374471 0.714805 -0.590614
vn 0.664987 0.245346 -0.705406
vn -0.40626 -0.907666 0.105339
vn -0.391587 -0.913972 0.106371
vn -0.444293 -0.889877 0.10355
vn -0.47137 -0.875992 0.102215
vn -0.40626 -0.907666 0.105339
vn -0.444293 -0.889877 0.10355
vn -0.012635 0.955725 -0.293991
vn -0.051252 0.860778 -0.506394
vn -0.021415 0.866376 0.498934
vn -0.002913 0.827674 0.561202
vn -0.012635 0.955725 -0.293991
vn -0.021415 0.866376 0.498934
vn 0.008247 0.104845 0.994454
vn -0.050224 -0.840449 0.539558
vn 0.034878 -0.818372 0.57363
vn 0.083106 0.204005 0.975436
vn 0.008247 0.104845 0.994454
vn 0.034878 -0.818372 0.57363
vn -0.259829 0.770129 0.582572
vn -0.054159 0.797288 0.601164
vn -0.043029 0.0512 0.997761
vn -0.623108 0.3151 0.715855
vn -0.259829 0.770129 0.582572
vn -0.043029 0.0512 0.997761
vn -0.493129 0.25237 0.832546
vn -0.043029 0.0512 0.997761
vn -0.056772 -0.836725 0.544672
vn -0.756849 -0.328819 0.564851
vn -0.493129 0.25237 0.832546
vn -0.056772 -0.836725 0.544672
vn -0.519085 -0.236419 -0.821375
vn -0.054348 -0.726408 -0.685111
vn -0.06035 0.226395 -0.972164
vn -0.489329 0.308327 -0.815777
vn -0.519085 -0.236419 -0.821375
vn -0.06035 0.226395 -0.972164
vn -0.06035 0.226395 -0.972164
vn -0.067973 0.945067 -0.319732
vn -0.291238 0.766572 -0.572319
vn -0.489329 0.308327 -0.815777
vn -0.06035 0.226395 -0.972164
vn -0.291238 0.766572 -0.572319
vn -0.069937 0.003341 -0.997546
vn -0.04636 -0.911794 -0.408022
vn -0.080211 -0.632439 -0.770446
vn -0.087409 0.030359 -0.99571
vn -0.069937 0.003341 -0.997546
vn -0.080211 -0.632439 -0.770446
vn -0.050224 -0.840449 0.539558
vn 0.008247 0.104845 0.994454
vn -0.041935 -0.154384 0.987121
vn -0.056501 -0.840912 0.538214
vn -0.050224 -0.840449 0.539558
vn -0.041935 -0.154384 0.987121
vn 0.008247 0.104845 0.994454
vn -0.021415 0.866376 0.498934
vn -0.052178 0.743783 0.666381
vn -0.041935 -0.154384 0.987121
vn 0.008247 0.104845 0.994454
vn -0.052178 0.743783 0.666381
vn -0.069937 0.003341 -0.997546
vn -0.087409 0.030359 -0.99571
vn -0.074981 0.7037 -0.70653
vn -0.051252 0.860778 -0.506394
vn -0.069937 0.003341 -0.997546
vn -0.074981 0.7037 -0.70653
vn -0.019985 -0.73214 -0.680861
vn -0.04636 -0.911794 -0.408022
vn -0.069937 0.003341 -0.997546
vn -0.005153 0.178823 -0.983868
vn -0.019985 -0.73214 -0.680861
vn -0.069937 0.003341 -0.997546
vn -0.005153 0.178823 -0.983868
vn -0.069937 0.003341 -0.997546
vn -0.051252 0.860778 -0.506394
vn -0.012635 0.955725 -0.293991
vn -0.005153 0.178823 -0.983868
vn -0.051252 0.860778 -0.506394
vn 0.028156 0.871057 0.490374
vn -0.002913 0.827674 0.561202
vn 0.083106 0.204005 0.975436
vn 0.049276 0.042257 0.997891
vn 0.028156 0.871057 0.490374
vn 0.083106 0.204005 0.975436
vn 0.034878 -0.818372 0.57363
vn -0.019985 -0.73214 -0.680861
vn 0.012466 -0.850683 -0.525532
vn 0.023596 -0.732015 0.680879
vn 0.034878 -0.818372 0.57363
vn 0.012466 -0.850683 -0.525532
vn 0.012466 -0.850683 -0.525532
vn -0.019985 -0.73214 -0.680861
vn -0.005153 0.178823 -0.983868
vn 0.001862 0.062483 -0.998044
vn 0.012466 -0.850683 -0.525532
vn -0.005153 0.178823 -0.983868
vn -0.005153 0.178823 -0.983868
vn -0.012635 0.955725 -0.293991
vn 0.003913 0.779569 -0.626305
vn 0.001862 0.062483 -0.998044
vn -0.005153 0.178823 -0.983868
vn 0.003913 0.779569 -0.626305
vn -0.012635 0.955725 -0.293991
vn -0.002913 0.827674 0.561202
vn 0.028156 0.871057 0.490374
vn 0.003913 0.779569 -0.626305
vn -0.012635 0.955725 -0.293991
vn 0.028156 0.871057 0.490374
vn 0.049276 0.042257 0.997891
vn 0.083106 0.204005 0.975436
vn 0.034878 -0.818372 0.57363
vn 0.023596 -0.732015 0.680879
vn 0.049276 0.042257 0.997891
vn 0.034878 -0.818372 0.57363
vn 0.083106 0.204005 0.975436
vn -0.002913 0.827674 0.561202
vn -0.021415 0.866376 0.498934
vn 0.008247 0.104845 0.994454
vn 0.083106 0.204005 0.975436
vn -0.021415 0.866376 0.498934
vn -0.054348 -0.726408 -0.685111
vn 0.012466 -0.850683 -0.525532
vn 0.001862 0.062483 -0.998044
vn -0.06035 0.226395 -0.972164
vn -0.054348 -0.726408 -0.685111
vn 0.001862 0.062483 -0.998044
vn -0.056772 -0.836725 0.544672
vn 0.023596 -0.732015 0.680879
vn 0.012466 -0.850683 -0.525532
vn -0.054348 -0.726408 -0.685111
vn -0.056772 -0.836725 0.544672
vn 0.012466 -0.850683 -0.525532
vn -0.043029 0.0512 0.997761
vn 0.049276 0.042257 0.997891
vn 0.023596 -0.732015 0.680879
vn -0.056772 -0.836725 0.544672
vn -0.043029 0.0512 0.997761
vn 0.023596 -0.732015 0.680879
vn -0.054159 0.797288 0.601164
vn 0.028156 0.871057 0.490374
vn 0.049276 0.042257 0.997891
vn -0.043029 0.0512 0.997761
vn -0.054159 0.797288 0.601164
vn 0.049276 0.042257 0.997891
vn -0.067973 0.945067 -0.319732
vn 0.003913 0.779569 -0.626305
vn 0.028156 0.871057 0.490374
vn -0.054159 0.797288 0.601164
vn -0.067973 0.945067 -0.319732
vn 0.028156 0.871057 0.490374
vn -0.06035 0.226395 -0.972164
vn 0.001862 0.062483 -0.998044
vn 0.003913 0.779569 -0.626305
vn -0.067973 0.945067 -0.319732
vn -0.06035 0.226395 -0.972164
vn 0.003913 0.779569 -0.626305
vn -0.04946 0.993054 -0.106763
vn -0.189788 0.981519 0.024518
vn -0.188228 0.963787 -0.188904
vn -0.039705 0.995339 -0.087882
vn -0.04946 0.993054 -0.106763
vn -0.188228 0.963787 -0.188904
vn -0.15955 -0.459102 -0.873939
vn -0.207356 -0.413117 -0.886757
vn -0.488907 -0.425619 -0.761458
vn -0.140185 -0.490049 -0.860349
vn -0.15955 -0.459102 -0.873939
vn -0.488907 -0.425619 -0.761458
vn -0.188228 0.963787 -0.188904
vn -0.433752 0.829933 -0.350813
vn -0.033338 0.975921 -0.215562
vn -0.05249 0.977121 -0.206106
vn -0.188228 0.963787 -0.188904
vn -0.033338 0.975921 -0.215562
vn -0.074087 -0.484617 0.871583
vn -0.044239 -0.458707 0.887486
vn -0.027095 -0.459203 0.887918
vn -0.123539 -0.480906 0.868025
vn -0.074087 -0.484617 0.871583
vn -0.027095 -0.459203 0.887918
vn -0.106583 -0.452016 0.885619
vn -0.067595 -0.433149 0.898784
vn -0.051614 -0.440931 0.896056
vn -0.141869 -0.46081 0.876086
vn -0.106583 -0.452016 0.885619
vn -0.051614 -0.440931 0.896056
vn 0.156993 0.695298 0.701366
vn 0.402027 0.043649 0.914587
vn 0.685728 0.054589 0.725808
vn 0.559006 0.544609 0.62523
vn 0.156993 0.695298 0.701366
vn 0.685728 0.054589 0.725808
vn -0.037664 0.998046 -0.049854
vn -0.010981 0.999645 -0.024269
vn -0.033758 0.998589 -0.040996
vn -0.044247 0.996334 -0.073222
vn -0.037664 0.998046 -0.049854
vn -0.033758 0.998589 -0.040996
vn -0.039311 -0.472367 -0.880525
vn -0.110213 -0.147363 -0.982923
vn -0.45687 -0.569043 -0.68371
vn -0.05493 -0.492221 -0.868735
vn -0.039311 -0.472367 -0.880525
vn -0.45687 -0.569043 -0.68371
vn 0.132795 0.950525 0.280835
vn 0.102511 0.823192 -0.558433
vn 0.118843 0.93872 -0.323545
vn 0.202612 0.950653 0.23496
vn 0.132795 0.950525 0.280835
vn 0.118843 0.93872 -0.323545
vn 0.685728 0.054589 0.725808
vn 0.402027 0.043649 0.914587
vn 0.176575 -0.619435 0.764933
vn 0.6057 -0.447313 0.658056
vn 0.685728 0.054589 0.725808
vn 0.176575 -0.619435 0.764933
vn 0.316356 -0.740254 0.593248
vn 0.417956 -0.026342 0.908085
vn 0.630437 -0.045917 0.774881
vn 0.576068 -0.46566 0.671793
vn 0.482769 -0.498457 0.720052
vn 0.630437 -0.045917 0.774881
vn -0.811092 -0.569877 -0.131798
vn -0.594103 -0.802526 0.05471
vn -0.125966 -0.972469 0.196052
vn 0.01693 -0.95491 0.296412
vn -0.811092 -0.569877 -0.131798
vn -0.125966 -0.972469 0.196052
vn -0.081181 0.995001 0.058156
vn -0.13553 0.856917 0.497318
vn -0.189788 0.981519 0.024518
vn -0.087898 0.996107 0.006635
vn -0.081181 0.995001 0.058156
vn -0.37699 0.925644 0.032584
vn -0.642803 0.7623 0.075519
vn -0.592566 0.677678 -0.435451
vn -0.621942 0.679479 -0.389225
vn -0.710418 0.66426 -0.232519
vn -0.642803 0.7623 0.075519
vn -0.621942 0.679479 -0.389225
vn -0.385218 -0.847639 -0.364851
vn -0.706098 -0.674873 -0.214412
vn -0.383902 -0.848938 -0.363212
vn -0.433594 -0.844265 -0.31498
vn -0.385218 -0.847639 -0.364851
vn -0.383902 -0.848938 -0.363212
vn -0.130702 0.869718 -0.475928
vn -0.063603 0.990201 -0.124327
vn -0.134028 0.969489 -0.205249
vn -0.433752 0.829933 -0.350813
vn -0.199832 0.718507 -0.666194
vn -0.134028 0.969489 -0.205249
vn -0.063603 0.990201 -0.124327
vn -0.027976 0.992322 -0.120474
vn -0.03698 0.991995 -0.120742
vn -0.134028 0.969489 -0.205249
vn -0.063603 0.990201 -0.124327
vn -0.03698 0.991995 -0.120742
vn -0.039311 -0.472367 -0.880525
vn -0.05493 -0.492221 -0.868735
vn -0.065285 -0.487189 -0.870853
vn -0.062519 -0.479107 -0.875527
vn -0.039311 -0.472367 -0.880525
vn -0.065285 -0.487189 -0.870853
vn -0.00511 0.992383 -0.123087
vn -0.03698 0.991995 -0.120742
vn -0.027976 0.992322 -0.120474
vn 0.021912 0.99369 -0.109999
vn -0.00511 0.992383 -0.123087
vn -0.027976 0.992322 -0.120474
vn -0.140185 -0.490049 -0.860349
vn -0.062519 -0.479107 -0.875527
vn -0.065285 -0.487189 -0.870853
vn -0.15955 -0.459102 -0.873939
vn -0.140185 -0.490049 -0.860349
vn -0.065285 -0.487189 -0.870853
vn -0.066423 0.793402 0.605062
vn -0.096641 0.890344 0.444913
vn 0.017102 0.246856 0.968901
vn -0.154525 -0.179962 0.971461
vn -0.066423 0.793402 0.605062
vn 0.017102 0.246856 0.968901
vn -0.074813 0.997185 0.004966
vn -0.083814 0.996464 0.00583
vn -0.082425 0.996582 0.005549
vn -0.068331 0.997649 0.005284
vn -0.074813 0.997185 0.004966
vn -0.082425 0.996582 0.005549
vn -0.087898 0.996107 0.006635
vn -0.074813 0.997185 0.004966
vn -0.068331 0.997649 0.005284
vn -0.081181 0.995001 0.058156
vn -0.087898 0.996107 0.006635
vn -0.068331 0.997649 0.005284
vn -0.039705 0.995339 -0.087882
vn -0.037664 0.998046 -0.049854
vn -0.044247 0.996334 -0.073222
vn -0.04946 0.993054 -0.106763
vn -0.039705 0.995339 -0.087882
vn -0.044247 0.996334 -0.073222
vn -0.125966 -0.972469 0.196052
vn 0.41683 -0.709784 0.567856
vn 0.417956 -0.026342 0.908085
vn 0.316356 -0.740254 0.593248
vn -0.125966 -0.972469 0.196052
vn 0.417956 -0.026342 0.908085
vn 0.040875 -0.997734 0.053444
vn -0.125966 -0.972469 0.196052
vn -0.354062 -0.935215 -0.003651
vn -0.078267 -0.994887 -0.063832
vn 0.040875 -0.997734 0.053444
vn -0.354062 -0.935215 -0.003651
vn -0.027095 -0.459203 0.887918
vn -0.044239 -0.458707 0.887486
vn -0.027093 -0.43129 0.901807
vn -0.018657 -0.424643 0.905168
vn -0.027095 -0.459203 0.887918
vn -0.027093 -0.43129 0.901807
vn -0.035418 0.990321 -0.134201
vn -0.061489 0.985338 -0.159146
vn -0.020604 0.984205 -0.175831
vn -0.010636 0.985459 -0.169579
vn -0.035418 0.990321 -0.134201
vn -0.020604 0.984205 -0.175831
vn -0.092549 -0.444982 0.890744
vn -0.038207 -0.43427 0.899972
vn -0.032696 -0.435735 0.899481
vn -0.111003 -0.472953 0.874068
vn -0.092549 -0.444982 0.890744
vn -0.032696 -0.435735 0.899481
vn -0.033338 0.975921 -0.215562
vn -0.010636 0.985459 -0.169579
vn -0.020604 0.984205 -0.175831
vn -0.05249 0.977121 -0.206106
vn -0.033338 0.975921 -0.215562
vn -0.020604 0.984205 -0.175831
vn -0.08425 -0.363346 0.927837
vn -0.042114 -0.375103 0.926026
vn -0.049367 -0.371253 0.927218
vn -0.129736 -0.345399 0.929445
vn -0.08425 -0.363346 0.927837
vn -0.049367 -0.371253 0.927218
vn 0.250521 -0.04169 -0.967213
vn 0.028507 0.05967 -0.997811
vn -0.096384 -0.824946 -0.556932
vn 0.20961 -0.92803 -0.307935
vn 0.250521 -0.04169 -0.967213
vn -0.096384 -0.824946 -0.556932
vn -0.875543 -0.430429 -0.219441
vn -0.660593 0.739097 -0.131732
vn -0.623617 0.563685 0.541629
vn -0.781229 -0.145434 0.607067
vn -0.930437 -0.320726 -0.17726
vn -0.623617 0.563685 0.541629
vn -0.13553 0.856917 0.497318
vn -0.10471 0.616398 0.780441
vn -0.112872 0.991365 0.066753
vn -0.37699 0.925644 0.032584
vn -0.13553 0.856917 0.497318
vn -0.112872 0.991365 0.066753
vn -0.10471 0.616398 0.780441
vn 0.190799 0.666856 0.720346
vn 0.202612 0.950653 0.23496
vn -0.112872 0.991365 0.066753
vn -0.10471 0.616398 0.780441
vn 0.202612 0.950653 0.23496
vn -0.112872 0.991365 0.066753
vn -0.068912 0.983013 -0.17011
vn -0.30947 0.933423 -0.181521
vn -0.37699 0.925644 0.032584
vn -0.112872 0.991365 0.066753
vn -0.30947 0.933423 -0.181521
vn -0.044491 0.728336 -0.683774
vn -0.241766 0.905518 -0.348693
vn 0.118843 0.93872 -0.323545
vn 0.199249 0.309765 -0.929702
vn -0.044491 0.728336 -0.683774
vn 0.118843 0.93872 -0.323545
vn -0.120655 0.048033 -0.991532
vn -0.153109 -0.533102 -0.832082
vn -0.45687 -0.569043 -0.68371
vn -0.175775 0.156829 -0.971858
vn -0.120655 0.048033 -0.991532
vn -0.45687 -0.569043 -0.68371
vn 0.094844 -0.190294 -0.977135
vn 0.08342 -0.787019 -0.611263
vn 0.055506 -0.822693 -0.56577
vn 0.040698 0.072116 -0.996566
vn 0.094844 -0.190294 -0.977135
vn 0.055506 -0.822693 -0.56577
vn -0.154525 -0.179962 0.971461
vn 0.017102 0.246856 0.968901
vn -0.057457 -0.902238 0.427393
vn -0.030658 -0.861243 0.507267
vn -0.154525 -0.179962 0.971461
vn -0.057457 -0.902238 0.427393
vn 0.076973 0.70899 -0.701005
vn 0.094844 -0.190294 -0.977135
vn 0.040698 0.072116 -0.996566
vn 0.040217 0.910069 -0.412501
vn 0.076973 0.70899 -0.701005
vn 0.040698 0.072116 -0.996566
vn -0.044491 0.728336 -0.683774
vn -0.130702 0.869718 -0.475928
vn -0.433752 0.829933 -0.350813
vn -0.241766 0.905518 -0.348693
vn -0.044491 0.728336 -0.683774
vn -0.450342 0.731585 -0.511835
vn 0.021912 0.99369 -0.109999
vn 0.065533 0.994815 -0.077771
vn 0.04548 0.993765 -0.101801
vn -0.00511 0.992383 -0.123087
vn 0.021912 0.99369 -0.109999
vn 0.04548 0.993765 -0.101801
vn -0.642803 0.7623 0.075519
vn -0.942456 0.260859 -0.209118
vn -0.972026 -0.048642 0.229782
vn -0.611524 0.272025 0.742995
vn -0.318413 0.893938 0.315416
vn -0.972026 -0.048642 0.229782
vn -0.126729 -0.840355 0.527014
vn -0.614604 -0.257705 0.745554
vn -0.972026 -0.048642 0.229782
vn -0.783741 -0.586012 -0.205768
vn -0.516403 -0.805263 0.29134
vn -0.972026 -0.048642 0.229782
vn 0.132795 0.950525 0.280835
vn -0.096641 0.890344 0.444913
vn -0.09342 0.89179 -0.442701
vn 0.102511 0.823192 -0.558433
vn 0.132795 0.950525 0.280835
vn -0.09342 0.89179 -0.442701
vn 0.040217 0.910069 -0.412501
vn 0.040698 0.072116 -0.996566
vn -0.025033 0.202008 -0.979064
vn -0.002586 0.881601 -0.471989
vn 0.040217 0.910069 -0.412501
vn -0.025033 0.202008 -0.979064
vn -0.486375 -0.872441 0.047808
vn -0.354062 -0.935215 -0.003651
vn -0.594103 -0.802526 0.05471
vn -0.608155 -0.755276 0.244346
vn -0.486375 -0.872441 0.047808
vn -0.594103 -0.802526 0.05471
vn -0.30947 0.933423 -0.181521
vn -0.068912 0.983013 -0.17011
vn -0.241766 0.905518 -0.348693
vn -0.433752 0.829933 -0.350813
vn -0.30947 0.933423 -0.181521
vn -0.241766 0.905518 -0.348693
vn -0.042175 -0.42599 0.903744
vn -0.036843 -0.410614 0.911065
vn -0.04432 -0.410491 0.910787
vn -0.051614 -0.440931 0.896056
vn -0.042175 -0.42599 0.903744
vn -0.04432 -0.410491 0.910787
vn -0.026201 -0.434862 -0.900116
vn -0.018725 -0.415822 -0.909253
vn -0.358538 -0.749663 -0.556288
vn -0.032241 -0.443177 -0.895854
vn -0.026201 -0.434862 -0.900116
vn -0.56952 -0.673997 -0.470506
vn -0.027093 -0.43129 0.901807
vn -0.797003 -0.542825 0.264816
vn -0.457358 -0.39956 0.794465
vn -0.018657 -0.424643 0.905168
vn -0.027093 -0.43129 0.901807
vn -0.457358 -0.39956 0.794465
vn 0.6057 -0.447313 0.658056
vn 0.576068 -0.46566 0.671793
vn 0.630437 -0.045917 0.774881
vn 0.669168 0.061684 0.740547
vn 0.6057 -0.447313 0.658056
vn 0.630437 -0.045917 0.774881
vn -0.54818 -0.816791 -0.179861
vn -0.445883 -0.845148 -0.294808
vn -0.433594 -0.844265 -0.31498
vn -0.516403 -0.805263 0.29134
vn -0.54818 -0.816791 -0.179861
vn -0.433594 -0.844265 -0.31498
vn -0.55249 0.673579 -0.490964
vn -0.592566 0.677678 -0.435451
vn -0.660593 0.739097 -0.131732
vn -0.950314 0.299462 -0.085003
vn -0.55249 0.673579 -0.490964
vn -0.660593 0.739097 -0.131732
vn 0.368647 0.564415 0.738603
vn 0.190799 0.666856 0.720346
vn 0.417956 -0.026342 0.908085
vn 0.495503 0.011887 0.868525
vn 0.368647 0.564415 0.738603
vn 0.417956 -0.026342 0.908085
vn -0.027347 0.000763 0.999626
vn 0.022071 0.82276 0.56796
vn -0.029752 0.768586 0.639054
vn -0.02695 -0.043569 0.998687
vn -0.027347 0.000763 0.999626
vn -0.029752 0.768586 0.639054
vn -0.918742 0.009257 -0.394751
vn -0.915245 0.009112 0.402795
vn -0.88135 0.201679 0.427256
vn -1.0 0.0 -0.0
vn -0.918742 0.009257 -0.394751
vn -0.88135 0.201679 0.427256
vn -0.92801 -0.151226 -0.340482
vn -0.924599 -0.156436 0.347338
vn -0.915245 0.009112 0.402795
vn -0.918742 0.009257 -0.394751
vn -0.92801 -0.151226 -0.340482
vn -0.915245 0.009112 0.402795
vn -0.977979 -0.181905 -0.102313
vn -0.96405 -0.231387 0.130641
vn -0.924599 -0.156436 0.347338
vn -0.92801 -0.151226 -0.340482
vn -0.977979 -0.181905 -0.102313
vn -0.924599 -0.156436 0.347338
vn -1.0 0.0 -0.0
vn -0.88135 0.201679 0.427256
vn -1.0 0.0 -0.0
vn -1.0 0.0 0.0
vn -1.0 0.0 -0.0
vn -1.0 0.0 -0.0
vn 0.953931 -0.064681 0.29297
vn 0.885253 -0.124727 0.448075
vn 0.645589 -0.145131 0.749768
vn 0.751038 -0.135854 0.646131
vn 0.953931 -0.064681 0.29297
vn 0.645589 -0.145131 0.749768
vn 0.580368 -0.079195 0.810494
vn 0.351536 0.00377 0.936167
vn 0.494361 -0.329623 0.804335
vn 0.534721 -0.287139 0.794749
vn 0.580368 -0.079195 0.810494
vn 0.494361 -0.329623 0.804335
vn 0.966232 -0.096785 0.238805
vn 0.953931 -0.064681 0.29297
vn 0.751038 -0.135854 0.646131
vn 0.85613 0.070488 0.51193
vn 0.966232 -0.096785 0.238805
vn 0.751038 -0.135854 0.646131
vn 0.374445 0.639079 0.67184
vn 0.200709 0.933261 0.297892
vn 0.561253 0.80045 0.210416
vn 0.521821 0.392584 0.757351
vn 0.374445 0.639079 0.67184
vn 0.561545 0.659222 0.500094
vn 0.521821 0.392584 0.757351
vn 0.561545 0.659222 0.500094
vn 0.554157 -0.00552 0.832394
vn 0.558586 0.118269 0.820971
vn 0.521821 0.392584 0.757351
vn 0.554157 -0.00552 0.832394
vn 0.885253 -0.124727 0.448075
vn 0.728919 -0.063762 0.681624
vn 0.625698 -0.190308 0.756495
vn 0.645589 -0.145131 0.749768
vn 0.885253 -0.124727 0.448075
vn 0.625698 -0.190308 0.756495
vn 0.291607 -0.057378 0.954816
vn 0.372767 -0.021327 0.92768
vn 0.427578 -0.080216 0.900412
vn 0.410447 -0.123286 0.903512
vn 0.291607 -0.057378 0.954816
vn 0.427578 -0.080216 0.900412
vn 0.423775 -0.076596 0.902523
vn 0.344566 0.172919 0.922699
vn 0.57023 0.071292 0.818386
vn 0.51709 -0.115592 0.84809
vn 0.423775 -0.076596 0.902523
vn 0.57023 0.071292 0.818386
vn 0.239681 -0.08905 0.966759
vn 0.291607 -0.057378 0.954816
vn 0.410447 -0.123286 0.903512
vn 0.554157 -0.00552 0.832394
vn 0.239681 -0.08905 0.966759
vn 0.410447 -0.123286 0.903512
vn 0.372767 -0.021327 0.92768
vn 0.388514 -0.033946 0.920818
vn 0.457464 -0.18285 0.870225
vn 0.427578 -0.080216 0.900412
vn 0.372767 -0.021327 0.92768
vn 0.457464 -0.18285 0.870225
vn 0.388514 -0.033946 0.920818
vn 0.442313 -0.001192 0.89686
vn 0.454921 -0.193385 0.869281
vn 0.457464 -0.18285 0.870225
vn 0.388514 -0.033946 0.920818
vn 0.454921 -0.193385 0.869281
vn -0.78937 -0.143745 0.596852
vn -0.575102 -0.127874 0.808026
vn -0.897351 -0.076695 0.434602
vn -0.948819 -0.181862 0.258202
vn -0.78937 -0.143745 0.596852
vn -0.897351 -0.076695 0.434602
vn -0.524028 -0.275639 0.805864
vn -0.500092 -0.345208 0.794191
vn -0.355765 -0.039021 0.93376
vn -0.594462 0.001233 0.804123
vn -0.524028 -0.275639 0.805864
vn -0.355765 -0.039021 0.93376
vn -0.524028 -0.275639 0.805864
vn -0.594462 0.001233 0.804123
vn -0.74163 -0.064998 0.667652
vn -0.501968 -0.245451 0.829326
vn -0.524028 -0.275639 0.805864
vn -0.74163 -0.064998 0.667652
vn -0.666961 0.27424 0.692788
vn -0.404174 0.10014 0.909184
vn -0.471908 -0.096282 0.876375
vn -0.891595 0.036567 0.451355
vn -0.666961 0.27424 0.692788
vn -0.471908 -0.096282 0.876375
vn -0.495108 0.493525 0.715054
vn -0.626463 0.378178 0.681562
vn -0.221397 0.934209 0.27971
vn -0.322664 0.668516 0.670056
vn -0.495108 0.493525 0.715054
vn -0.221397 0.934209 0.27971
vn -0.322664 0.668516 0.670056
vn -0.12913 0.784706 0.606269
vn -0.316491 0.676636 0.664828
vn -0.615887 0.367825 0.696699
vn -0.322664 0.668516 0.670056
vn -0.316491 0.676636 0.664828
vn -0.687946 0.110291 0.717333
vn -0.45539 -0.079973 0.886693
vn -0.626463 0.378178 0.681562
vn -0.495108 0.493525 0.715054
vn -0.687946 0.110291 0.717333
vn -0.626463 0.378178 0.681562
vn -0.575102 -0.127874 0.808026
vn -0.501968 -0.245451 0.829326
vn -0.74163 -0.064998 0.667652
vn -0.897351 -0.076695 0.434602
vn -0.575102 -0.127874 0.808026
vn -0.74163 -0.064998 0.667652
vn -0.471908 -0.096282 0.876375
vn -0.404174 0.10014 0.909184
vn -0.37094 0.093202 0.923968
vn -0.424872 -0.08238 0.901497
vn -0.471908 -0.096282 0.876375
vn -0.37094 0.093202 0.923968
vn -0.45539 -0.079973 0.886693
vn -0.424091 -0.107875 0.899172
vn -0.261055 -0.09009 0.961111
vn -0.248187 -0.075786 0.965743
vn -0.45539 -0.079973 0.886693
vn -0.261055 -0.09009 0.961111
vn -0.447193 -0.079562 0.890892
vn -0.447956 -0.186012 0.874491
vn -0.38661 -0.027503 0.921833
vn -0.349341 -0.015441 0.936869
vn -0.447193 -0.079562 0.890892
vn -0.38661 -0.027503 0.921833
vn -0.447956 -0.186012 0.874491
vn -0.470034 -0.217089 0.855535
vn -0.422103 -0.01652 0.906397
vn -0.38661 -0.027503 0.921833
vn -0.447956 -0.186012 0.874491
vn -0.422103 -0.01652 0.906397
vn 0.471759 -0.772689 0.42473
vn 0.408678 -0.75255 0.516383
vn 0.322991 -0.936529 0.136348
vn 0.432129 -0.900654 0.045688
vn 0.471759 -0.772689 0.42473
vn 0.322991 -0.936529 0.136348
vn 0.703691 0.060969 0.707886
vn 0.935483 -0.12136 0.33188
vn 0.863565 0.222081 0.452698
vn 0.573731 0.44328 0.68872
vn 0.703691 0.060969 0.707886
vn 0.863565 0.222081 0.452698
vn 0.558586 0.118269 0.820971
vn 0.45658 0.094955 0.884601
vn 0.619775 0.271943 0.736156
vn 0.521821 0.392584 0.757351
vn 0.558586 0.118269 0.820971
vn 0.619775 0.271943 0.736156
vn 0.768443 -0.27664 0.577032
vn -0.120477 -0.274834 0.953914
vn 0.161845 -0.153685 0.974775
vn 0.964563 -0.04519 0.259953
vn 0.768443 -0.27664 0.577032
vn 0.161845 -0.153685 0.974775
vn 0.964563 -0.04519 0.259953
vn 0.814966 0.04583 -0.577694
vn 0.779191 -0.047612 -0.624975
vn 0.768443 -0.27664 0.577032
vn 0.964563 -0.04519 0.259953
vn 0.779191 -0.047612 -0.624975
vn 0.151677 0.109712 -0.982322
vn -0.133281 0.077837 -0.988017
vn 0.779191 -0.047612 -0.624975
vn 0.814966 0.04583 -0.577694
vn 0.151677 0.109712 -0.982322
vn 0.779191 -0.047612 -0.624975
vn 0.712796 -0.254363 0.653622
vn 0.895461 -0.309898 0.319551
vn 0.935483 -0.12136 0.33188
vn 0.703691 0.060969 0.707886
vn 0.712796 -0.254363 0.653622
vn 0.935483 -0.12136 0.33188
vn 0.885253 -0.124727 0.448075
vn 0.953931 -0.064681 0.29297
vn 0.93885 -0.159404 0.305208
vn 0.948595 -0.250882 0.19294
vn 0.885253 -0.124727 0.448075
vn 0.93885 -0.159404 0.305208
vn 0.768443 -0.27664 0.577032
vn 0.463941 -0.885581 0.022468
vn 0.150918 -0.895629 0.418416
vn -0.120477 -0.274834 0.953914
vn 0.768443 -0.27664 0.577032
vn 0.219119 -0.802863 0.554434
vn 0.364969 0.050869 0.929629
vn 0.305195 -0.267163 0.914046
vn 0.436004 -0.221825 0.872178
vn 0.50244 0.051124 0.863099
vn 0.364969 0.050869 0.929629
vn 0.436004 -0.221825 0.872178
vn 0.150918 -0.895629 0.418416
vn 0.463941 -0.885581 0.022468
vn 0.219926 -0.964018 -0.14934
vn 0.000854 -0.986153 -0.165834
vn 0.231494 -0.94387 0.235629
vn 0.219926 -0.964018 -0.14934
vn 0.576754 0.150761 0.802886
vn 0.580368 -0.079195 0.810494
vn 0.728919 -0.063762 0.681624
vn 0.681004 0.112342 0.723611
vn 0.576754 0.150761 0.802886
vn 0.728919 -0.063762 0.681624
vn 0.251312 0.296 0.921535
vn -0.054012 0.28497 0.957014
vn 0.026736 0.219934 0.975148
vn 0.321613 0.250607 0.913105
vn 0.251312 0.296 0.921535
vn 0.026736 0.219934 0.975148
vn 0.501781 0.291847 0.814273
vn 0.251312 0.296 0.921535
vn 0.321613 0.250607 0.913105
vn 0.576754 0.150761 0.802886
vn 0.501781 0.291847 0.814273
vn 0.321613 0.250607 0.913105
vn 0.695152 -0.661909 -0.28043
vn 0.49903 -0.828264 -0.254849
vn 0.748223 -0.629634 -0.209099
vn 0.61298 -0.749877 -0.248879
vn 0.695152 -0.661909 -0.28043
vn 0.748223 -0.629634 -0.209099
vn -0.031496 0.210275 0.977135
vn 0.358679 0.23937 0.902248
vn 0.274734 -0.080553 0.95814
vn 0.00862 -0.112087 0.993661
vn -0.031496 0.210275 0.977135
vn 0.274734 -0.080553 0.95814
vn 0.026736 0.219934 0.975148
vn 0.0 0.046797 0.998904
vn 0.351536 0.00377 0.936167
vn 0.321613 0.250607 0.913105
vn 0.026736 0.219934 0.975148
vn 0.351536 0.00377 0.936167
vn 0.351536 0.00377 0.936167
vn 0.580368 -0.079195 0.810494
vn 0.576754 0.150761 0.802886
vn 0.321613 0.250607 0.913105
vn 0.351536 0.00377 0.936167
vn 0.576754 0.150761 0.802886
vn 0.005663 -0.154296 0.988008
vn 0.292503 -0.193296 0.936525
vn 0.271632 -0.123173 0.954487
vn -0.037591 -0.066423 0.997083
vn 0.005663 -0.154296 0.988008
vn 0.271632 -0.123173 0.954487
vn 0.779191 -0.047612 -0.624975
vn 0.603313 -0.519544 -0.605052
vn 0.748223 -0.629634 -0.209099
vn 0.768443 -0.27664 0.577032
vn 0.779191 -0.047612 -0.624975
vn 0.748223 -0.629634 -0.209099
vn 0.779191 -0.047612 -0.624975
vn -0.133281 0.077837 -0.988017
vn 0.078644 0.063367 -0.994887
vn 0.603313 -0.519544 -0.605052
vn 0.779191 -0.047612 -0.624975
vn 0.078644 0.063367 -0.994887
vn 0.61298 -0.749877 -0.248879
vn 0.748223 -0.629634 -0.209099
vn 0.603313 -0.519544 -0.605052
vn 0.542213 -0.652632 -0.529221
vn 0.61298 -0.749877 -0.248879
vn 0.603313 -0.519544 -0.605052
vn 0.917315 -0.39816 0.001457
vn 0.982803 -0.166893 0.07902
vn 0.935483 -0.12136 0.33188
vn 0.895461 -0.309898 0.319551
vn 0.917315 -0.39816 0.001457
vn 0.935483 -0.12136 0.33188
vn 0.98026 0.061598 0.187871
vn 0.863565 0.222081 0.452698
vn 0.935483 -0.12136 0.33188
vn 0.982803 -0.166893 0.07902
vn 0.98026 0.061598 0.187871
vn 0.935483 -0.12136 0.33188
vn 0.00862 -0.112087 0.993661
vn 0.274734 -0.080553 0.95814
vn 0.292503 -0.193296 0.936525
vn 0.005663 -0.154296 0.988008
vn 0.00862 -0.112087 0.993661
vn 0.292503 -0.193296 0.936525
vn 0.432129 -0.900654 0.045688
vn 0.537664 -0.840479 -0.067173
vn 0.708551 -0.666501 0.231802
vn 0.471759 -0.772689 0.42473
vn 0.432129 -0.900654 0.045688
vn 0.708551 -0.666501 0.231802
vn 0.50244 0.051124 0.863099
vn 0.436004 -0.221825 0.872178
vn 0.712796 -0.254363 0.653622
vn 0.703691 0.060969 0.707886
vn 0.50244 0.051124 0.863099
vn 0.712796 -0.254363 0.653622
vn 0.374445 0.639079 0.67184
vn 0.50244 0.051124 0.863099
vn 0.703691 0.060969 0.707886
vn 0.573731 0.44328 0.68872
vn 0.374445 0.639079 0.67184
vn 0.703691 0.060969 0.707886
vn 0.374445 0.639079 0.67184
vn 0.521821 0.392584 0.757351
vn 0.364969 0.050869 0.929629
vn 0.50244 0.051124 0.863099
vn 0.374445 0.639079 0.67184
vn 0.364969 0.050869 0.929629
vn 0.558586 0.118269 0.820971
vn 0.578957 -0.144265 0.802494
vn 0.469369 -0.120997 0.874673
vn 0.45658 0.094955 0.884601
vn 0.558586 0.118269 0.820971
vn 0.469369 -0.120997 0.874673
vn -0.63066 0.272402 0.726681
vn -0.495108 0.493525 0.715054
vn -0.338658 0.056567 0.939208
vn -0.538928 -0.129686 0.832309
vn -0.63066 0.272402 0.726681
vn -0.338658 0.056567 0.939208
vn -0.917446 -0.059091 0.393447
vn -0.813149 -0.56049 0.15697
vn -0.981856 -0.152593 0.112579
vn -0.979393 0.077051 0.186688
vn -0.917446 -0.059091 0.393447
vn -0.981856 -0.152593 0.112579
vn -0.615887 0.367825 0.696699
vn -0.897836 0.187953 0.398201
vn -0.904001 -0.058475 0.423512
vn -0.731201 -0.029434 0.681527
vn -0.615887 0.367825 0.696699
vn -0.904001 -0.058475 0.423512
vn -0.495108 0.493525 0.715054
vn -0.63066 0.272402 0.726681
vn -0.471208 0.105575 0.875681
vn -0.687946 0.110291 0.717333
vn -0.495108 0.493525 0.715054
vn -0.471208 0.105575 0.875681
vn -0.743106 -0.1122 0.6597
vn 0.161845 -0.153685 0.974775
vn -0.120477 -0.274834 0.953914
vn -0.95067 -0.234677 0.202861
vn -0.743106 -0.1122 0.6597
vn -0.120477 -0.274834 0.953914
vn -0.95067 -0.234677 0.202861
vn -0.789641 -0.067092 -0.60989
vn -0.809707 0.051805 -0.584544
vn -0.743106 -0.1122 0.6597
vn -0.95067 -0.234677 0.202861
vn -0.809707 0.051805 -0.584544
vn -0.809707 0.051805 -0.584544
vn -0.789641 -0.067092 -0.60989
vn -0.133281 0.077837 -0.988017
vn 0.151677 0.109712 -0.982322
vn -0.809707 0.051805 -0.584544
vn -0.133281 0.077837 -0.988017
vn -0.731201 -0.029434 0.681527
vn -0.904001 -0.058475 0.423512
vn -0.903734 -0.269984 0.332226
vn -0.691206 -0.333037 0.641343
vn -0.731201 -0.029434 0.681527
vn -0.903734 -0.269984 0.332226
vn -0.96034 -0.222315 0.168294
vn -0.938587 -0.16633 0.302306
vn -0.948819 -0.181862 0.258202
vn -0.897351 -0.076695 0.434602
vn -0.96034 -0.222315 0.168294
vn -0.948819 -0.181862 0.258202
vn -0.120477 -0.274834 0.953914
vn 0.132566 -0.816059 0.562561
vn -0.456777 -0.880905 0.123943
vn -0.95067 -0.234677 0.202861
vn -0.120477 -0.274834 0.953914
vn -0.456777 -0.880905 0.123943
vn -0.455468 0.111259 0.883272
vn -0.465808 -0.224852 0.855841
vn -0.320148 -0.233962 0.918023
vn -0.363053 0.039137 0.930946
vn -0.455468 0.111259 0.883272
vn -0.320148 -0.233962 0.918023
vn 0.000854 -0.986153 -0.165834
vn -0.200426 -0.968449 -0.148109
vn -0.456777 -0.880905 0.123943
vn 0.057286 -0.964321 0.258465
vn 0.000854 -0.986153 -0.165834
vn -0.456777 -0.880905 0.123943
vn -0.694826 0.132189 0.706925
vn -0.74163 -0.064998 0.667652
vn -0.594462 0.001233 0.804123
vn -0.529703 0.220281 0.819079
vn -0.694826 0.132189 0.706925
vn -0.594462 0.001233 0.804123
vn -0.529703 0.220281 0.819079
vn -0.310207 0.226627 0.923262
vn -0.339883 0.299926 0.891361
vn -0.54001 0.281438 0.79321
vn -0.529703 0.220281 0.819079
vn -0.339883 0.299926 0.891361
vn -0.625826 -0.730833 -0.272444
vn -0.683259 -0.703996 -0.193768
vn -0.49357 -0.837652 -0.23394
vn -0.716848 -0.648154 -0.256956
vn -0.625826 -0.730833 -0.272444
vn -0.49357 -0.837652 -0.23394
vn -0.471208 0.105575 0.875681
vn -0.330043 0.156543 0.930895
vn -0.282982 -0.112187 0.952541
vn -0.452937 -0.138067 0.880787
vn -0.471208 0.105575 0.875681
vn -0.282982 -0.112187 0.952541
vn -0.310207 0.226627 0.923262
vn -0.529703 0.220281 0.819079
vn -0.594462 0.001233 0.804123
vn -0.355765 -0.039021 0.93376
vn -0.310207 0.226627 0.923262
vn -0.594462 0.001233 0.804123
vn -0.95067 -0.234677 0.202861
vn -0.683259 -0.703996 -0.193768
vn -0.661253 -0.323221 -0.676959
vn -0.789641 -0.067092 -0.60989
vn -0.95067 -0.234677 0.202861
vn -0.661253 -0.323221 -0.676959
vn -0.661253 -0.323221 -0.676959
vn 0.078644 0.063367 -0.994887
vn -0.133281 0.077837 -0.988017
vn -0.789641 -0.067092 -0.60989
vn -0.661253 -0.323221 -0.676959
vn -0.133281 0.077837 -0.988017
vn -0.540672 -0.70417 -0.460236
vn -0.661253 -0.323221 -0.676959
vn -0.683259 -0.703996 -0.193768
vn -0.625826 -0.730833 -0.272444
vn -0.540672 -0.70417 -0.460236
vn -0.683259 -0.703996 -0.193768
vn -0.903734 -0.269984 0.332226
vn -0.904001 -0.058475 0.423512
vn -0.981856 -0.152593 0.112579
vn -0.903937 -0.426662 -0.029285
vn -0.903734 -0.269984 0.332226
vn -0.981856 -0.152593 0.112579
vn -0.981856 -0.152593 0.112579
vn -0.904001 -0.058475 0.423512
vn -0.897836 0.187953 0.398201
vn -0.979393 0.077051 0.186688
vn -0.981856 -0.152593 0.112579
vn -0.897836 0.187953 0.398201
vn -0.452937 -0.138067 0.880787
vn -0.282982 -0.112187 0.952541
vn -0.297699 -0.175308 0.938425
vn -0.511406 -0.260983 0.81875
vn -0.452937 -0.138067 0.880787
vn -0.297699 -0.175308 0.938425
vn -0.508287 -0.761525 0.402149
vn -0.745389 -0.636054 0.199574
vn -0.573576 -0.817545 -0.051283
vn -0.462397 -0.883053 0.08004
vn -0.508287 -0.761525 0.402149
vn -0.573576 -0.817545 -0.051283
vn -0.731201 -0.029434 0.681527
vn -0.691206 -0.333037 0.641343
vn -0.465808 -0.224852 0.855841
vn -0.455468 0.111259 0.883272
vn -0.731201 -0.029434 0.681527
vn -0.465808 -0.224852 0.855841
vn -0.615887 0.367825 0.696699
vn -0.731201 -0.029434 0.681527
vn -0.455468 0.111259 0.883272
vn -0.322664 0.668516 0.670056
vn -0.615887 0.367825 0.696699
vn -0.455468 0.111259 0.883272
vn -0.455468 0.111259 0.883272
vn -0.363053 0.039137 0.930946
vn -0.495108 0.493525 0.715054
vn -0.322664 0.668516 0.670056
vn -0.455468 0.111259 0.883272
vn -0.495108 0.493525 0.715054
vn -0.471208 0.105575 0.875681
vn -0.452937 -0.138067 0.880787
vn -0.574804 -0.12541 0.808624
vn -0.687946 0.110291 0.717333
vn -0.471208 0.105575 0.875681
vn -0.574804 -0.12541 0.808624
vn -0.009385 -0.972509 -0.232677
vn 0.172284 -0.867639 -0.466391
vn 0.781678 -0.520061 0.344262
vn 0.389166 -0.766621 0.510727
vn -0.009385 -0.972509 -0.232677
vn 0.781678 -0.520061 0.344262
vn 0.880029 0.037878 0.473407
vn 0.93885 -0.159404 0.305208
vn 0.702113 -0.151981 0.695657
vn 0.663285 0.324648 0.674282
vn 0.880029 0.037878 0.473407
vn 0.702113 -0.151981 0.695657
vn -0.410392 0.082919 -0.908132
vn -0.405862 -0.21096 -0.889254
vn -0.4238 -0.09023 -0.901251
vn -0.434841 0.2546 -0.863766
vn -0.410392 0.082919 -0.908132
vn -0.4238 -0.09023 -0.901251
vn 0.901084 -0.150144 0.406822
vn 0.852427 -0.323843 0.410481
vn 0.869819 -0.476926 -0.126321
vn 0.993034 -0.007866 -0.11757
vn 0.901084 -0.150144 0.406822
vn 0.869819 -0.476926 -0.126321
vn 0.781678 -0.520061 0.344262
vn 0.703833 -0.056201 0.708138
vn 0.917446 -0.059092 0.393447
vn 0.692999 -0.371523 0.617837
vn 0.781678 -0.520061 0.344262
vn 0.917446 -0.059092 0.393447
vn -0.241933 -0.922795 0.299863
vn 0.11375 -0.951133 -0.287066
vn -0.336465 -0.930645 -0.143843
vn -0.813149 -0.56049 0.15697
vn -0.241933 -0.922795 0.299863
vn -0.336465 -0.930645 -0.143843
vn 0.432469 0.183176 -0.882846
vn 0.413501 -0.124836 -0.901905
vn 0.417288 -0.150929 -0.896153
vn 0.416723 0.116073 -0.901592
vn 0.432469 0.183176 -0.882846
vn 0.417288 -0.150929 -0.896153
vn -0.703834 -0.056201 0.708138
vn -0.702112 -0.151982 0.695658
vn -0.901084 -0.150144 0.406822
vn -0.852426 -0.323843 0.410481
vn -0.703834 -0.056201 0.708138
vn -0.901084 -0.150144 0.406822
vn 0.018013 -0.197992 0.980038
vn 0.028546 -0.366668 0.929914
vn 0.139052 -0.390209 0.910166
vn 0.014049 -0.246103 0.969142
vn 0.018013 -0.197992 0.980038
vn 0.139052 -0.390209 0.910166
vn 0.028546 -0.366668 0.929914
vn -0.023109 -0.707345 0.706491
vn 0.271579 -0.735911 0.620226
vn 0.139052 -0.390209 0.910166
vn 0.028546 -0.366668 0.929914
vn 0.271579 -0.735911 0.620226
vn 0.032641 0.322517 0.946001
vn 0.144995 0.448836 0.881772
vn 0.060559 0.714173 0.697344
vn -0.01227 0.863859 0.503585
vn 0.032641 0.322517 0.946001
vn 0.060559 0.714173 0.697344
vn 0.269399 -0.672276 0.689543
vn 0.034655 -0.727461 0.685273
vn 0.025242 -0.632775 0.773924
vn 0.067174 -0.559966 0.825788
vn 0.269399 -0.672276 0.689543
vn 0.025242 -0.632775 0.773924
vn 0.032641 0.322517 0.946001
vn -0.04781 -0.118741 0.991774
vn 0.224942 -0.10273 0.968941
vn 0.144995 0.448836 0.881772
vn 0.032641 0.322517 0.946001
vn 0.224942 -0.10273 0.968941
vn 0.197853 -0.000692 0.980232
vn 0.096218 -0.056251 0.99377
vn 0.124078 0.386288 0.913995
vn 0.144995 0.448836 0.881772
vn 0.197853 -0.000692 0.980232
vn 0.060559 0.714173 0.697344
vn -0.039382 -0.251116 0.967156
vn -0.165442 -0.426925 0.889024
vn 0.028546 -0.366668 0.929914
vn 0.018013 -0.197992 0.980038
vn -0.039382 -0.251116 0.967156
vn 0.028546 -0.366668 0.929914
vn -0.165442 -0.426925 0.889024
vn -0.296144 -0.76901 0.5665
vn -0.023109 -0.707345 0.706491
vn 0.028546 -0.366668 0.929914
vn -0.165442 -0.426925 0.889024
vn -0.023109 -0.707345 0.706491
vn -0.01227 0.863859 0.503585
vn 0.019287 0.906227 0.422351
vn -0.127827 0.36712 0.921349
vn 0.032641 0.322517 0.946001
vn -0.01227 0.863859 0.503585
vn -0.127827 0.36712 0.921349
vn -0.077649 -0.583719 0.808234
vn 0.025242 -0.632775 0.773924
vn 0.034655 -0.727461 0.685273
vn -0.260962 -0.614151 0.744793
vn -0.077649 -0.583719 0.808234
vn 0.034655 -0.727461 0.685273
vn -0.127827 0.36712 0.921349
vn -0.278539 -0.111367 0.953946
vn -0.04781 -0.118741 0.991774
vn 0.032641 0.322517 0.946001
vn -0.127827 0.36712 0.921349
vn -0.04781 -0.118741 0.991774
vn -0.127827 0.36712 0.921349
vn 0.019287 0.906227 0.422351
vn 0.005515 0.732014 0.681267
vn -0.178181 0.0353 0.983364
vn -0.127827 0.36712 0.921349
vn 0.005515 0.732014 0.681267
vn -0.691716 -0.166391 0.702739
vn -0.930656 -0.084305 0.35605
vn -0.896001 -0.102312 0.432105
vn -0.545518 -0.1931 0.81555
vn -0.691716 -0.166391 0.702739
vn -0.896001 -0.102312 0.432105
vn 0.130977 -0.228417 0.964713
vn -0.261957 -0.222357 0.939115
vn -0.130978 -0.228417 0.964713
vn 0.261956 -0.222357 0.939115
vn 0.130977 -0.228417 0.964713
vn -0.130978 -0.228417 0.964713
vn 0.891044 -0.118022 0.438305
vn 0.53579 -0.194541 0.821634
vn 0.6837 -0.17928 0.707398
vn 0.931143 -0.104135 0.349469
vn 0.891044 -0.118022 0.438305
vn 0.6837 -0.17928 0.707398
vn -0.261957 -0.222357 0.939115
vn -0.691716 -0.166391 0.702739
vn -0.545518 -0.1931 0.81555
vn -0.130978 -0.228417 0.964713
vn -0.261957 -0.222357 0.939115
vn -0.545518 -0.1931 0.81555
vn 0.53579 -0.194541 0.821634
vn 0.130977 -0.228417 0.964713
vn 0.261956 -0.222357 0.939115
vn 0.6837 -0.17928 0.707398
vn 0.53579 -0.194541 0.821634
vn 0.261956 -0.222357 0.939115
vn -0.743348 0.260072 -0.616276
vn -0.709627 0.368334 -0.600632
vn -0.443765 -0.204114 -0.872588
vn -0.693905 -0.192352 -0.6939
vn -0.743348 0.260072 -0.616276
vn -0.443765 -0.204114 -0.872588
vn -0.656986 -0.19828 0.727362
vn -0.344743 -0.22174 0.912131
vn -0.75976 0.362092 0.54005
vn -0.615634 0.35324 0.704426
vn -0.656986 -0.19828 0.727362
vn -0.75976 0.362092 0.54005
vn 0.494864 0.166915 -0.852789
vn 0.367082 0.188113 -0.910969
vn 0.659027 0.162996 -0.734245
vn 0.743826 0.162243 -0.648383
vn 0.494864 0.166915 -0.852789
vn 0.659027 0.162996 -0.734245
vn -0.0 0.509475 -0.860486
vn 0.0 0.220676 -0.975347
vn 0.367082 0.188113 -0.910969
vn 0.494864 0.166915 -0.852789
vn 0.168106 0.365655 -0.915443
vn 0.367082 0.188113 -0.910969
vn 0.648379 0.162242 0.74383
vn 0.734243 0.162996 0.659029
vn 0.420954 0.180661 0.888909
vn 0.463658 0.171122 0.869332
vn 0.648379 0.162242 0.74383
vn 0.420954 0.180661 0.888909
vn 0.420954 0.180661 0.888909
vn 0.0 0.220676 0.975347
vn -0.000002 0.69215 0.721753
vn 0.463658 0.171122 0.869332
vn 0.420954 0.180661 0.888909
vn 0.29095 0.485641 0.824319
vn -0.100284 0.953112 0.285518
vn -0.099245 0.583432 -0.806075
vn -0.667374 0.743857 -0.035892
vn -0.797322 0.468588 0.380398
vn 0.000003 0.999228 -0.039276
vn -0.667374 0.743857 -0.035892
vn -0.797322 0.468588 0.380398
vn -0.667374 0.743857 -0.035892
vn -0.504042 0.831528 0.233461
vn -0.615634 0.35324 0.704426
vn -0.75976 0.362092 0.54005
vn -0.504042 0.831528 0.233461
vn -0.670081 0.741346 0.037373
vn -0.771506 0.603409 -0.20168
vn -0.743348 0.260072 -0.616276
vn -0.233468 0.831525 -0.504042
vn -0.670081 0.741346 0.037373
vn -0.743348 0.260072 -0.616276
vn -0.075259 0.765808 0.638651
vn -0.000003 1.0 0.0
vn -0.771506 0.603409 -0.20168
vn -0.670081 0.741346 0.037373
vn -0.075259 0.765808 0.638651
vn -0.771506 0.603409 -0.20168
vn 0.656986 -0.19828 -0.727362
vn 0.374077 -0.210895 -0.9031
vn 0.701092 0.270275 -0.659865
vn 0.759456 0.349982 -0.548397
vn 0.656986 -0.19828 -0.727362
vn 0.701092 0.270275 -0.659865
vn 0.075255 0.765808 0.638651
vn 0.670075 0.741352 0.037387
vn 0.799716 0.465937 -0.378624
vn -0.000003 1.0 0.0
vn 0.075255 0.765808 0.638651
vn 0.799716 0.465937 -0.378624
vn 0.670075 0.741352 0.037387
vn 0.23346 0.831529 -0.50404
vn 0.759456 0.349982 -0.548397
vn 0.799716 0.465937 -0.378624
vn 0.670075 0.741352 0.037387
vn 0.759456 0.349982 -0.548397
vn 0.616276 0.260074 0.743347
vn 0.707168 0.370611 0.602131
vn 0.443765 -0.204115 0.872588
vn 0.693902 -0.192353 0.693902
vn 0.616276 0.260074 0.743347
vn 0.443765 -0.204115 0.872588
vn 0.768569 0.606486 0.203655
vn 0.616276 0.260074 0.743347
vn 0.504038 0.831527 0.233469
vn 0.66738 0.743853 -0.03588
vn 0.768569 0.606486 0.203655
vn 0.504038 0.831527 0.233469
vn 0.000003 0.999228 -0.039276
vn 0.768569 0.606486 0.203655
vn 0.66738 0.743853 -0.03588
vn 0.099245 0.583432 -0.806075
vn 0.000003 0.999228 -0.039276
vn 0.66738 0.743853 -0.03588
vn -0.494864 0.166915 -0.852789
vn -0.743826 0.162243 -0.648383
vn -0.659027 0.162995 -0.734245
vn -0.367082 0.188113 -0.910969
vn -0.494864 0.166915 -0.852789
vn -0.659027 0.162995 -0.734245
vn -0.168106 0.365655 -0.915443
vn -0.494864 0.166915 -0.852789
vn -0.367082 0.188113 -0.910969
vn 0.0 0.220676 -0.975347
vn -0.0 0.509475 -0.860486
vn -0.367082 0.188113 -0.910969
vn -0.648377 0.162237 0.743832
vn -0.463662 0.171122 0.86933
vn -0.420955 0.180659 0.888909
vn -0.734243 0.162993 0.65903
vn -0.648377 0.162237 0.743832
vn -0.420955 0.180659 0.888909
vn -0.420955 0.180659 0.888909
vn -0.463662 0.171122 0.86933
vn -0.290953 0.485641 0.824317
vn 0.0 0.220676 0.975347
vn -0.420955 0.180659 0.888909
vn -0.000002 0.69215 0.721753
vn 0.347918 -0.219497 0.911468
vn -0.072892 -0.235104 0.969233
vn 0.090567 -0.231846 0.968527
vn 0.443765 -0.204115 0.872588
vn 0.347918 -0.219497 0.911468
vn 0.090567 -0.231846 0.968527
vn 0.402247 -0.213569 -0.890273
vn 0.374077 -0.210895 -0.9031
vn -0.000001 -0.227237 -0.973839
vn -0.000001 -0.243808 -0.969823
vn 0.402247 -0.213569 -0.890273
vn -0.000001 -0.227237 -0.973839
vn -0.344743 -0.22174 0.912131
vn 0.090567 -0.231846 0.968527
vn -0.072892 -0.235104 0.969233
vn -0.637942 0.036215 0.769232
vn -0.344743 -0.22174 0.912131
vn -0.304498 0.013276 0.952421
vn -0.347918 -0.219497 -0.911468
vn -0.000001 -0.243808 -0.969823
vn -0.000001 -0.227237 -0.973839
vn -0.443765 -0.204114 -0.872588
vn -0.347918 -0.219497 -0.911468
vn -0.000001 -0.227237 -0.973839
vn -0.257213 -0.606791 0.752094
vn 0.327494 -0.663227 0.672962
vn 0.459682 -0.145788 0.876035
vn -0.461419 -0.075731 0.883944
vn -0.257213 -0.606791 0.752094
vn 0.459682 -0.145788 0.876035
vn -0.461419 -0.075731 0.883944
vn 0.459682 -0.145788 0.876035
vn 0.233497 0.281878 0.930604
vn -0.286793 0.329029 0.899716
vn -0.461419 -0.075731 0.883944
vn 0.233497 0.281878 0.930604
vn -0.461508 -0.14803 -0.874699
vn 0.459581 -0.079378 -0.884582
vn 0.262899 -0.604095 -0.752299
vn -0.322401 -0.659878 -0.678689
vn -0.461508 -0.14803 -0.874699
vn 0.262899 -0.604095 -0.752299
vn -0.228644 0.284642 -0.930968
vn 0.291662 0.334257 -0.896217
vn 0.459581 -0.079378 -0.884582
vn -0.461508 -0.14803 -0.874699
vn -0.228644 0.284642 -0.930968
vn 0.459581 -0.079378 -0.884582
vn -0.872589 -0.204116 0.443763
vn -0.656986 -0.19828 0.727362
vn -0.615634 0.35324 0.704426
vn -0.717881 0.23674 0.654676
vn -0.872589 -0.204116 0.443763
vn -0.615634 0.35324 0.704426
vn -0.888855 -0.2144 -0.404932
vn -0.430566 0.484449 -0.761526
vn -0.743348 0.260072 -0.616276
vn -0.693905 -0.192352 -0.6939
vn -0.888855 -0.2144 -0.404932
vn -0.743348 0.260072 -0.616276
vn 0.806973 0.586466 0.06966
vn 0.87967 0.167101 -0.445262
vn 0.973133 0.203096 -0.108462
vn 0.894499 0.42162 -0.148685
vn 0.912438 0.184728 -0.365148
vn 0.973133 0.203096 -0.108462
vn 0.743826 0.162243 -0.648383
vn 0.659027 0.162996 -0.734245
vn 0.87967 0.167101 -0.445262
vn 0.912438 0.184728 -0.365148
vn 0.743826 0.162243 -0.648383
vn 0.87967 0.167101 -0.445262
vn 0.806211 0.588117 0.064365
vn 0.973133 0.203096 -0.108462
vn 0.910969 0.188117 0.367081
vn 0.852787 0.166918 0.494866
vn 0.86764 0.408959 0.282759
vn 0.910969 0.188117 0.367081
vn 0.852787 0.166918 0.494866
vn 0.910969 0.188117 0.367081
vn 0.734243 0.162996 0.659029
vn 0.648379 0.162242 0.74383
vn 0.852787 0.166918 0.494866
vn 0.734243 0.162996 0.659029
vn -0.615634 0.35324 0.704426
vn -0.504042 0.831528 0.233461
vn 0.026594 0.739083 0.673089
vn -0.284578 0.540304 0.791888
vn -0.615634 0.35324 0.704426
vn 0.259124 0.754218 0.603333
vn 0.026594 0.739083 0.673089
vn 0.700522 0.684673 0.201226
vn 0.039271 0.999229 0.0
vn -0.284578 0.540304 0.791888
vn 0.259124 0.754218 0.603333
vn 0.039271 0.999229 0.0
vn 0.03588 0.743852 -0.667381
vn -0.203653 0.606485 -0.768571
vn 0.039271 0.999229 0.0
vn 0.708055 0.704583 -0.047124
vn 0.03588 0.743852 -0.667381
vn -0.285523 0.95311 -0.100291
vn -0.233468 0.831525 -0.504042
vn -0.743348 0.260072 -0.616276
vn -0.430566 0.484449 -0.761526
vn 0.03588 0.743852 -0.667381
vn -0.233468 0.831525 -0.504042
vn -0.203653 0.606485 -0.768571
vn 0.872589 -0.204115 -0.443763
vn 0.656986 -0.19828 -0.727362
vn 0.759456 0.349982 -0.548397
vn 0.602126 0.370611 -0.707172
vn 0.872589 -0.204115 -0.443763
vn 0.759456 0.349982 -0.548397
vn 0.888854 -0.214399 0.404934
vn 0.552852 0.370242 0.746509
vn 0.616276 0.260074 0.743347
vn 0.693902 -0.192353 0.693902
vn 0.888854 -0.214399 0.404934
vn 0.616276 0.260074 0.743347
vn -0.912438 0.184728 -0.365148
vn -0.894499 0.421621 -0.148685
vn -0.973133 0.203097 -0.108462
vn -0.87967 0.167101 -0.445262
vn -0.806973 0.586466 0.06966
vn -0.973133 0.203097 -0.108462
vn -0.743826 0.162243 -0.648383
vn -0.912438 0.184728 -0.365148
vn -0.87967 0.167101 -0.445262
vn -0.659027 0.162995 -0.734245
vn -0.743826 0.162243 -0.648383
vn -0.87967 0.167101 -0.445262
vn -0.86764 0.40896 0.282759
vn -0.852789 0.166917 0.494864
vn -0.910971 0.188118 0.367075
vn -0.973133 0.203097 -0.108462
vn -0.806211 0.588117 0.064365
vn -0.910971 0.188118 0.367075
vn -0.852789 0.166917 0.494864
vn -0.648377 0.162237 0.743832
vn -0.734243 0.162993 0.65903
vn -0.910971 0.188118 0.367075
vn -0.852789 0.166917 0.494864
vn -0.734243 0.162993 0.65903
vn 0.616276 0.260074 0.743347
vn 0.284578 0.540305 0.791888
vn -0.259124 0.754218 0.603333
vn 0.504038 0.831527 0.233469
vn 0.616276 0.260074 0.743347
vn -0.026595 0.739083 0.673089
vn -0.259124 0.754218 0.603333
vn 0.284578 0.540305 0.791888
vn -0.039273 0.999229 0.0
vn -0.700522 0.684673 0.201226
vn -0.026595 0.739083 0.673089
vn 0.285521 0.95311 0.100292
vn -0.035881 0.743851 -0.667382
vn -0.708055 0.704583 -0.047123
vn -0.039273 0.999229 0.0
vn 0.203647 0.606488 -0.76857
vn -0.035881 0.743851 -0.667382
vn -0.039273 0.999229 0.0
vn 0.23346 0.831529 -0.50404
vn -0.035881 0.743851 -0.667382
vn 0.203647 0.606488 -0.76857
vn 0.759456 0.349982 -0.548397
vn 0.23346 0.831529 -0.50404
vn 0.203647 0.606488 -0.76857
vn -0.952419 0.013274 -0.304501
vn -0.737692 0.133132 -0.661881
vn -0.888855 -0.2144 -0.404932
vn -0.968527 -0.231848 0.090568
vn -0.969232 -0.235106 -0.072896
vn -0.888855 -0.2144 -0.404932
vn -0.968527 -0.231848 0.090568
vn -0.872589 -0.204116 0.443763
vn -0.911467 -0.219498 0.347921
vn -0.969232 -0.235106 -0.072896
vn -0.968527 -0.231848 0.090568
vn -0.911467 -0.219498 0.347921
vn 0.952419 0.013274 0.304501
vn 0.875618 -0.210425 0.434757
vn 0.888854 -0.214399 0.404934
vn 0.968526 -0.231848 -0.090569
vn 0.969233 -0.235105 0.072895
vn 0.888854 -0.214399 0.404934
vn 0.911467 -0.219498 -0.347921
vn 0.969233 -0.235105 0.072895
vn 0.968526 -0.231848 -0.090569
vn 0.872589 -0.204115 -0.443763
vn 0.911467 -0.219498 -0.347921
vn 0.968526 -0.231848 -0.090569
vn -0.777678 0.307472 -0.548342
vn -0.780632 -0.158385 -0.604589
vn -0.993695 -0.095823 0.058205
vn -0.938545 0.345157 -0.0
vn -0.777678 0.307472 -0.548342
vn -0.993695 -0.095823 0.058205
vn -0.993695 -0.095823 0.058205
vn -0.748552 -0.086901 0.657357
vn -0.777678 0.307472 0.548342
vn -0.938545 0.345157 -0.0
vn -0.993695 -0.095823 0.058205
vn -0.777678 0.307472 0.548342
vn -0.753256 0.004678 0.657711
vn -0.528449 -0.126679 0.839461
vn -0.28377 0.081383 0.955433
vn -0.525452 0.600737 0.602507
vn -0.753256 0.004678 0.657711
vn -0.28377 0.081383 0.955433
vn -0.211812 -0.128891 0.968774
vn -0.642518 -0.59742 0.479854
vn -0.104367 -0.567691 0.816599
vn -0.28377 0.081383 0.955433
vn -0.211812 -0.128891 0.968774
vn -0.104367 -0.567691 0.816599
vn -0.414313 -0.736299 0.534984
vn -0.402487 -0.909633 -0.102822
vn -0.071038 -0.987821 0.13843
vn -0.104367 -0.567691 0.816599
vn -0.088394 -0.776587 0.623778
vn -0.071038 -0.987821 0.13843
vn -0.069194 -0.986484 -0.148531
vn -0.103169 -0.572953 -0.813069
vn -0.086489 -0.775193 -0.625776
vn -0.071038 -0.987821 0.13843
vn -0.399127 -0.900873 -0.170664
vn -0.086489 -0.775193 -0.625776
vn -0.965856 -0.166435 0.198548
vn -0.854581 -0.115999 0.506197
vn -0.91621 -0.269617 -0.296422
vn -0.947335 -0.30922 0.0833
vn -0.965856 -0.166435 0.198548
vn -0.91621 -0.269617 -0.296422
vn -0.928493 -0.223403 -0.296633
vn -0.99857 0.052048 0.012169
vn -0.90991 -0.386533 -0.150519
vn -0.916311 -0.38287 -0.117406
vn -0.928493 -0.223403 -0.296633
vn -0.766194 -0.642008 -0.027786
vn -0.854581 -0.115999 0.506197
vn -0.898688 -0.271324 0.344591
vn -0.902847 -0.32944 0.276292
vn -0.986593 -0.162936 0.009311
vn -0.854581 -0.115999 0.506197
vn -0.992478 0.028118 -0.119154
vn -0.898688 -0.271324 0.344591
vn -0.807921 -0.589177 -0.011535
vn -0.96629 -0.209169 0.150105
vn -0.979796 -0.079274 0.183615
vn -0.898688 -0.271324 0.344591
vn -0.9962 0.082748 0.02717
vn -0.807921 -0.589177 -0.011535
vn -0.921598 -0.295367 -0.251826
vn -0.858226 -0.137258 -0.494579
vn -0.972392 -0.207144 -0.107452
vn -0.807921 -0.589177 -0.011535
vn -0.858226 -0.137258 -0.494579
vn -0.853473 -0.184402 -0.487422
vn -0.928493 -0.223403 -0.296633
vn -0.997077 -0.008524 -0.07592
vn -0.958399 -0.146011 0.245259
vn -0.853473 -0.184402 -0.487422
vn -0.997077 -0.008524 -0.07592
vn -0.914393 0.260196 -0.310133
vn -0.855095 0.508296 0.102213
vn -0.630544 0.763712 -0.138415
vn -0.423931 0.462424 -0.778747
vn -0.914393 0.260196 -0.310133
vn -0.630544 0.763712 -0.138415
vn -0.768164 0.053893 -0.637981
vn -0.737704 0.342044 -0.582064
vn -0.423931 0.462424 -0.778747
vn -0.210627 -0.132573 -0.968535
vn -0.768164 0.053893 -0.637981
vn -0.423931 0.462424 -0.778747
vn 0.972308 -0.233704 0.000001
vn 0.715118 -0.699004 0.000003
vn 0.581758 -0.560823 -0.589097
vn 0.798019 -0.035955 -0.601558
vn 0.972308 -0.233704 0.000001
vn 0.581758 -0.560823 -0.589097
vn 0.959842 0.280542 0.000001
vn 0.972308 -0.233704 0.000001
vn 0.798019 -0.035955 -0.601558
vn 0.740244 0.336728 -0.581939
vn 0.959842 0.280542 0.000001
vn 0.798019 -0.035955 -0.601558
vn 0.423919 0.462431 0.778749
vn 0.210628 -0.13257 0.968535
vn 0.768158 0.053899 0.637988
vn 0.737697 0.342051 0.58207
vn 0.423919 0.462431 0.778749
vn 0.768158 0.053899 0.637988
vn 0.210628 -0.13257 0.968535
vn 0.086485 -0.775193 0.625776
vn 0.630022 -0.386656 0.673476
vn 0.28477 0.080843 0.955181
vn 0.210628 -0.13257 0.968535
vn 0.630022 -0.386656 0.673476
vn 0.086485 -0.775193 0.625776
vn 0.071035 -0.987821 -0.13843
vn 0.39912 -0.900876 0.170664
vn 0.103169 -0.572953 0.813069
vn 0.086485 -0.775193 0.625776
vn 0.069186 -0.986485 0.148531
vn 0.071035 -0.987821 -0.13843
vn 0.104371 -0.56769 -0.816599
vn 0.088397 -0.776587 -0.623778
vn 0.40248 -0.909636 0.102821
vn 0.071035 -0.987821 -0.13843
vn 0.414316 -0.736298 -0.534984
vn 0.997078 -0.008522 0.07592
vn 0.958399 -0.146011 -0.245258
vn 0.853473 -0.184405 0.48742
vn 0.928494 -0.2234 0.296632
vn 0.997078 -0.008522 0.07592
vn 0.853473 -0.184405 0.48742
vn 0.833164 -0.311686 -0.456825
vn 0.913854 -0.39175 -0.106781
vn 0.99857 0.052052 -0.012169
vn 0.965857 -0.166432 -0.198547
vn 0.833164 -0.311686 -0.456825
vn 0.99857 0.052052 -0.012169
vn 0.95506 0.036664 0.294138
vn 0.998819 0.048354 0.004676
vn 0.9216 -0.295362 0.251822
vn 0.920875 -0.139515 0.364039
vn 0.95506 0.036664 0.294138
vn 0.971242 -0.23764 0.014731
vn 0.858226 -0.137259 0.494578
vn 0.972391 -0.207149 0.107451
vn 0.807921 -0.589178 0.011537
vn 0.9216 -0.295362 0.251822
vn 0.858226 -0.137259 0.494578
vn 0.807921 -0.589178 0.011537
vn 0.9962 0.082745 -0.027172
vn 0.979796 -0.079275 -0.183618
vn 0.898685 -0.271328 -0.344597
vn 0.807921 -0.589178 0.011537
vn 0.966289 -0.209172 -0.150107
vn 0.898685 -0.271328 -0.344597
vn 0.91621 -0.269619 0.296421
vn 0.947338 -0.309212 -0.083301
vn 0.965857 -0.166432 -0.198547
vn 0.854579 -0.115997 -0.506201
vn 0.91621 -0.269619 0.296421
vn 0.965857 -0.166432 -0.198547
vn 0.525455 0.600734 -0.602508
vn 0.630545 0.763711 0.138414
vn 0.847183 0.503044 -0.170964
vn 0.702125 0.313064 -0.63954
vn 0.525455 0.600734 -0.602508
vn 0.628259 0.763696 -0.148526
vn 0.283778 0.081377 -0.955431
vn 0.525455 0.600734 -0.602508
vn 0.75326 0.004679 -0.657707
vn 0.528449 -0.126679 -0.839461
vn 0.283778 0.081377 -0.955431
vn 0.75326 0.004679 -0.657707
vn 0.953693 0.293721 -0.064789
vn 0.646306 0.412242 0.642141
vn 0.668287 -0.134893 0.731571
vn 0.864757 -0.489046 -0.114145
vn 0.953693 0.293721 -0.064789
vn 0.668287 -0.134893 0.731571
vn 0.73878 0.148852 0.657303
vn 0.545033 -0.30792 0.779823
vn 0.912125 -0.409171 -0.024628
vn 0.91543 0.367934 -0.163132
vn 0.73878 0.148852 0.657303
vn 0.912125 -0.409171 -0.024628
vn 0.481651 -0.752797 -0.448675
vn -0.356962 -0.921065 -0.155617
vn -0.469815 -0.663464 -0.582314
vn 0.120736 -0.32616 -0.937573
vn 0.481651 -0.752797 -0.448675
vn -0.469815 -0.663464 -0.582314
vn 0.481403 -0.755767 -0.443923
vn -0.269099 -0.963029 -0.012707
vn -0.416008 -0.780383 -0.46684
vn 0.104135 -0.284901 -0.952884
vn 0.481403 -0.755767 -0.443923
vn -0.416008 -0.780383 -0.46684
vn 0.087069 -0.410831 -0.907544
vn -0.646312 -0.412226 -0.642145
vn -0.668289 0.134906 -0.731567
vn 0.241592 0.234704 -0.941567
vn 0.087069 -0.410831 -0.907544
vn -0.668289 0.134906 -0.731567
vn 0.469818 0.663468 0.582307
vn 0.356968 0.921066 0.155598
vn -0.481661 0.75279 0.448676
vn -0.120724 0.326159 0.937574
vn 0.469818 0.663468 0.582307
vn -0.481661 0.75279 0.448676
vn 0.235635 0.962235 0.136305
vn -0.55892 0.713911 0.421828
vn -0.090463 0.406634 0.909101
vn 0.4887 0.758122 0.431768
vn 0.235635 0.962235 0.136305
vn -0.090463 0.406634 0.909101
vn -0.955607 -0.288037 0.062053
vn -0.469815 -0.663464 -0.582314
vn -0.356962 -0.921065 -0.155617
vn -0.616247 -0.536165 0.576858
vn -0.955607 -0.288037 0.062053
vn -0.356962 -0.921065 -0.155617
vn -0.912119 0.409185 0.024616
vn -0.545044 0.307909 -0.77982
vn -0.738779 -0.148832 -0.657308
vn -0.915439 -0.36792 0.163115
vn -0.912119 0.409185 0.024616
vn -0.738779 -0.148832 -0.657308
vn -0.668289 0.134906 -0.731567
vn -0.646312 -0.412226 -0.642145
vn -0.953688 -0.293734 0.064806
vn -0.864749 0.489061 0.114142
vn -0.668289 0.134906 -0.731567
vn -0.953688 -0.293734 0.064806
vn -0.627724 0.6457 0.434782
vn -0.242468 0.933951 0.262574
vn -0.664264 0.590174 -0.458746
vn -0.975393 0.202803 -0.086478
vn -0.627724 0.6457 0.434782
vn -0.664264 0.590174 -0.458746
vn -0.913904 -0.404969 -0.027902
vn -0.606071 -0.146129 0.781872
vn -0.740563 0.310501 0.595949
vn -0.933343 0.327721 -0.146526
vn -0.913904 -0.404969 -0.027902
vn -0.740563 0.310501 0.595949
vn -0.954939 0.289008 -0.067568
vn -0.88737 -0.449607 -0.102115
vn -0.644953 -0.253649 0.7209
vn -0.682003 0.183928 0.707844
vn -0.954939 0.289008 -0.067568
vn -0.644953 -0.253649 0.7209
vn -0.085165 -0.405159 -0.910271
vn 0.589178 -0.581925 -0.560564
vn 0.311926 -0.923652 -0.22264
vn -0.587222 -0.712375 -0.384307
vn -0.085165 -0.405159 -0.910271
vn 0.311926 -0.923652 -0.22264
vn -0.090453 -0.40663 -0.909104
vn 0.488702 -0.758109 -0.431787
vn 0.23563 -0.962234 -0.136321
vn -0.558933 -0.713896 -0.421837
vn -0.090453 -0.40663 -0.909104
vn 0.23563 -0.962234 -0.136321
vn 0.085154 0.40516 0.910271
vn 0.587232 0.712367 0.384309
vn -0.242468 0.933951 0.262574
vn -0.627724 0.6457 0.434782
vn 0.085154 0.40516 0.910271
vn -0.242468 0.933951 0.262574
vn 0.087069 0.410836 0.907542
vn -0.740563 0.310501 0.595949
vn -0.606071 -0.146129 0.781872
vn 0.241597 -0.234691 0.941568
vn 0.087069 0.410836 0.907542
vn -0.606071 -0.146129 0.781872
vn -0.416004 0.780399 0.466817
vn 0.104145 0.284898 0.952883
vn 0.481395 0.755782 0.443906
vn -0.269107 0.963027 0.012697
vn -0.416004 0.780399 0.466817
vn 0.481395 0.755782 0.443906
vn 0.954946 -0.288989 0.067553
vn 0.682 -0.183914 -0.70785
vn 0.644958 0.253649 -0.720896
vn 0.887367 0.449616 0.1021
vn 0.954946 -0.288989 0.067553
vn 0.644958 0.253649 -0.720896
vn 0.913897 0.404986 0.027894
vn 0.933332 -0.327742 0.146551
vn 0.740565 -0.310488 -0.595953
vn 0.606074 0.146147 -0.781866
vn 0.913897 0.404986 0.027894
vn 0.740565 -0.310488 -0.595953
vn -0.189537 0.259808 0.946877
vn 0.26552 0.250093 0.931103
vn 0.189536 0.575514 0.795525
vn -0.265519 0.569298 0.778074
vn -0.189537 0.259808 0.946877
vn 0.189536 0.575514 0.795525
vn -0.120013 0.483642 0.866999
vn -0.165931 0.403962 0.899601
vn 0.043294 0.45707 0.888377
vn 0.320382 0.262599 0.910163
vn -0.120013 0.483642 0.866999
vn 0.043294 0.45707 0.888377
vn -0.000001 0.576517 0.817085
vn -0.068702 0.524522 0.848621
vn -0.066233 0.527749 0.846814
vn 0.000001 0.226571 0.973995
vn -0.000001 0.576517 0.817085
vn -0.066233 0.527749 0.846814
vn -0.000001 0.576517 0.817085
vn 0.000001 0.226571 0.973995
vn 0.066231 0.527749 0.846814
vn 0.068699 0.524522 0.848621
vn -0.000001 0.576517 0.817085
vn 0.066231 0.527749 0.846814
vn 0.120119 0.37299 0.920027
vn -0.320339 0.545123 0.774741
vn 0.066391 0.329435 0.941841
vn 0.068819 0.332942 0.940433
vn 0.120119 0.37299 0.920027
vn 0.066391 0.329435 0.941841
vn -0.066233 0.527749 0.846814
vn -0.068702 0.524522 0.848621
vn -0.120013 0.483642 0.866999
vn 0.320382 0.262599 0.910163
vn -0.066233 0.527749 0.846814
vn -0.120013 0.483642 0.866999
vn -0.066389 0.329434 0.941842
vn -0.068818 0.332941 0.940433
vn 0.0 0.275677 0.96125
vn -0.0 0.617308 0.786722
vn -0.066389 0.329434 0.941842
vn 0.0 0.275677 0.96125
vn 0.066391 0.329435 0.941841
vn -0.0 0.617308 0.786722
vn 0.0 0.275677 0.96125
vn 0.068819 0.332942 0.940433
vn 0.066391 0.329435 0.941841
vn 0.0 0.275677 0.96125
vn -0.043274 0.406342 0.912696
vn -0.320339 0.545123 0.774741
vn 0.120119 0.37299 0.920027
vn 0.165914 0.448358 0.878321
vn -0.043274 0.406342 0.912696
vn 0.120119 0.37299 0.920027
vn -0.649918 -0.661816 0.373639
vn 0.253771 -0.445408 0.85861
vn -0.280804 -0.229339 0.931962
vn -0.158391 -0.444549 0.88164
vn -0.649918 -0.661816 0.373639
vn -0.280804 -0.229339 0.931962
vn 0.465856 -0.375999 0.801002
vn 0.871127 -0.367763 0.325404
vn 0.654755 -0.748539 0.104814
vn 0.23026 -0.928825 0.290283
vn 0.465856 -0.375999 0.801002
vn 0.654755 -0.748539 0.104814
vn -0.090478 -0.84484 0.527313
vn -0.046752 -0.357403 0.932779
vn 0.465856 -0.375999 0.801002
vn 0.23026 -0.928825 0.290283
vn -0.090478 -0.84484 0.527313
vn 0.465856 -0.375999 0.801002
vn -0.889464 -0.27599 -0.364258
vn -0.439584 -0.894879 -0.077183
vn -0.050626 -0.502808 -0.862914
vn 0.292433 -0.454412 -0.841423
vn -0.215717 -0.479043 -0.850872
vn 0.581906 -0.551669 -0.597533
vn -0.96545 0.095267 -0.242551
vn -0.900716 -0.426412 -0.08297
vn -0.980762 -0.158273 -0.114264
vn -0.747892 -0.173608 -0.640717
vn -0.96545 0.095267 -0.242551
vn -0.980762 -0.158273 -0.114264
vn -0.232043 0.172511 0.957286
vn 0.195353 0.108441 0.974719
vn -0.158391 -0.444549 0.88164
vn -0.280804 -0.229339 0.931962
vn -0.232043 0.172511 0.957286
vn -0.508519 -0.367607 0.778635
vn -0.232043 0.172511 0.957286
vn -0.280804 -0.229339 0.931962
vn 0.071089 -0.292862 0.953508
vn -0.206115 0.17716 0.962357
vn -0.232043 0.172511 0.957286
vn -0.06234 -0.350865 0.934349
vn -0.362019 -0.802118 0.47492
vn -0.478401 -0.592868 0.647796
vn -0.640426 -0.716291 0.277094
vn -0.593015 -0.792577 0.141967
vn -0.362019 -0.802118 0.47492
vn -0.640426 -0.716291 0.277094
vn -0.24961 -0.916082 0.31383
vn -0.13759 -0.979908 0.144393
vn 0.396558 -0.767123 0.504246
vn 0.242891 -0.642128 0.727101
vn -0.24961 -0.916082 0.31383
vn 0.396558 -0.767123 0.504246
vn -0.478401 -0.592868 0.647796
vn -0.362019 -0.802118 0.47492
vn 0.010534 -0.430002 0.902766
vn -0.204012 -0.208822 0.956437
vn -0.478401 -0.592868 0.647796
vn 0.010534 -0.430002 0.902766
vn 0.396558 -0.767123 0.504246
vn -0.13759 -0.979908 0.144393
vn 0.161188 -0.974271 0.157524
vn 0.518859 -0.76076 0.389909
vn 0.396558 -0.767123 0.504246
vn 0.161188 -0.974271 0.157524
vn -0.48081 0.876105 0.035517
vn 0.173317 0.959951 0.220125
vn -0.120308 0.905114 0.407792
vn -0.44593 0.862775 0.238257
vn -0.48081 0.876105 0.035517
vn -0.120308 0.905114 0.407792
vn -0.593015 -0.792577 0.141967
vn -0.52777 -0.848288 0.04319
vn -0.24961 -0.916082 0.31383
vn -0.362019 -0.802118 0.47492
vn -0.593015 -0.792577 0.141967
vn -0.24961 -0.916082 0.31383
vn 0.253771 -0.445408 0.85861
vn 0.987752 0.139043 0.070798
vn 0.214747 -0.235991 0.94773
vn -0.280804 -0.229339 0.931962
vn 0.253771 -0.445408 0.85861
vn -0.06234 -0.350865 0.934349
vn 0.187992 0.972375 0.138367
vn 0.564352 0.809639 0.161219
vn 0.414276 0.825583 -0.383129
vn 0.008024 0.984356 -0.176009
vn 0.187992 0.972375 0.138367
vn 0.414276 0.825583 -0.383129
vn -0.030139 -0.504876 0.862666
vn -0.241283 -0.632379 0.736124
vn 0.16188 -0.894567 0.416586
vn 0.33795 -0.790269 0.51114
vn -0.030139 -0.504876 0.862666
vn 0.16188 -0.894567 0.416586
vn 0.35629 -0.481754 0.800607
vn 0.041305 -0.199937 0.978938
vn 0.00629 -0.44163 0.897175
vn 0.653499 -0.686963 0.317838
vn 0.190497 -0.441988 0.87656
vn 0.00629 -0.44163 0.897175
vn -0.300556 -0.801865 0.51641
vn -0.619914 -0.784442 -0.018895
vn -0.854641 -0.420729 0.304262
vn -0.333854 -0.324468 0.885021
vn -0.300556 -0.801865 0.51641
vn -0.854641 -0.420729 0.304262
vn -0.300556 -0.801865 0.51641
vn -0.333854 -0.324468 0.885021
vn -0.093104 -0.287804 0.953153
vn 0.115054 -0.941679 0.316232
vn -0.300556 -0.801865 0.51641
vn -0.093104 -0.287804 0.953153
vn 0.34959 -0.468078 -0.811597
vn -0.707403 -0.527868 -0.470038
vn -0.314142 -0.854142 -0.414434
vn 0.803291 -0.212306 -0.556462
vn 0.670858 -0.234519 -0.703527
vn 0.047625 -0.840472 -0.539758
vn 0.805089 -0.134061 -0.577806
vn 0.95434 -0.251281 -0.161535
vn 0.830243 -0.538085 -0.145471
vn 0.936365 0.229368 -0.265727
vn 0.907669 0.021137 -0.419153
vn 0.949249 -0.260185 -0.176723
vn 0.178692 0.980663 0.079802
vn 0.196741 0.964143 -0.178102
vn -0.008024 0.984356 -0.176009
vn -0.187993 0.972375 0.138367
vn 0.178692 0.980663 0.079802
vn -0.008024 0.984356 -0.176009
vn 0.041305 -0.199937 0.978938
vn 0.35629 -0.481754 0.800607
vn 0.195353 0.108441 0.974719
vn 0.250899 0.356919 0.89981
vn 0.041305 -0.199937 0.978938
vn 0.195353 0.108441 0.974719
vn 0.125792 0.161911 0.978755
vn 0.265899 -0.457292 0.848635
vn 0.041305 -0.199937 0.978938
vn 0.250899 0.356919 0.89981
vn 0.125792 0.161911 0.978755
vn 0.041305 -0.199937 0.978938
vn 0.602261 -0.782923 0.155928
vn 0.647373 -0.695993 0.310647
vn 0.572516 -0.63964 0.512919
vn 0.33795 -0.790269 0.51114
vn 0.602261 -0.782923 0.155928
vn 0.572516 -0.63964 0.512919
vn 0.193879 -0.264943 0.944572
vn -0.030139 -0.504876 0.862666
vn 0.33795 -0.790269 0.51114
vn 0.572516 -0.63964 0.512919
vn 0.193879 -0.264943 0.944572
vn 0.33795 -0.790269 0.51114
vn -0.479242 -0.789777 0.382857
vn -0.145594 -0.981493 0.124398
vn 0.080862 -0.981137 0.17559
vn -0.419183 -0.736643 0.5307
vn -0.479242 -0.789777 0.382857
vn 0.080862 -0.981137 0.17559
vn 0.479232 0.847624 0.227749
vn -0.120308 0.905114 0.407792
vn 0.173317 0.959951 0.220125
vn 0.438364 0.898761 0.008183
vn 0.479232 0.847624 0.227749
vn 0.173317 0.959951 0.220125
vn 0.33795 -0.790269 0.51114
vn 0.16188 -0.894567 0.416586
vn 0.540823 -0.838232 0.069843
vn 0.602261 -0.782923 0.155928
vn 0.33795 -0.790269 0.51114
vn 0.540823 -0.838232 0.069843
vn 0.041305 -0.199937 0.978938
vn 0.265899 -0.457292 0.848635
vn -0.602731 -0.191074 0.77473
vn 0.00629 -0.44163 0.897175
vn 0.041305 -0.199937 0.978938
vn -0.93705 0.064012 0.343279
vn 0.869691 0.490971 0.050833
vn 0.825666 0.465518 -0.318699
vn 0.653292 0.712708 -0.255455
vn 0.670798 0.729088 0.13587
vn 0.869691 0.490971 0.050833
vn 0.653292 0.712708 -0.255455
vn -0.334015 0.94094 0.055368
vn -0.222591 0.948608 -0.224937
vn -0.097902 0.958405 -0.268095
vn 0.134173 0.988812 -0.06518
vn -0.334015 0.94094 0.055368
vn -0.097902 0.958405 -0.268095
vn 0.860407 0.007491 -0.509553
vn 0.97948 -0.070388 0.188849
vn 0.757899 0.647643 0.078403
vn 0.62164 0.627152 -0.469302
vn 0.860407 0.007491 -0.509553
vn 0.757899 0.647643 0.078403
vn -0.042183 0.985819 -0.162426
vn -0.019498 0.996526 0.080968
vn -0.334015 0.94094 0.055368
vn -0.159727 0.974157 -0.159704
vn -0.042183 0.985819 -0.162426
vn -0.334015 0.94094 0.055368
vn 0.670798 0.729088 0.13587
vn 0.653292 0.712708 -0.255455
vn 0.299854 0.941338 -0.154821
vn 0.404129 0.892273 0.201318
vn 0.670798 0.729088 0.13587
vn 0.299854 0.941338 -0.154821
vn 0.134173 0.988812 -0.06518
vn -0.097902 0.958405 -0.268095
vn 0.278189 0.938999 -0.202216
vn 0.327878 0.944475 0.021532
vn 0.134173 0.988812 -0.06518
vn 0.278189 0.938999 -0.202216
vn -0.149149 0.070496 -0.986299
vn -0.206399 0.318951 -0.925024
vn -0.491532 -0.097764 -0.865355
vn -0.156573 -0.19297 -0.968632
vn -0.149149 0.070496 -0.986299
vn -0.491532 -0.097764 -0.865355
vn -0.684032 0.565652 -0.460584
vn -0.664065 0.722706 0.19161
vn -0.986149 -0.001702 0.165851
vn -0.881793 0.000479 -0.471637
vn -0.684032 0.565652 -0.460584
vn -0.986149 -0.001702 0.165851
vn 0.167815 0.981885 -0.087978
vn 0.327878 0.944475 0.021532
vn 0.021003 0.995847 0.088588
vn -0.014312 0.974556 -0.223686
vn 0.167815 0.981885 -0.087978
vn 0.021003 0.995847 0.088588
vn -0.42427 0.891266 0.160126
vn -0.240297 0.955603 -0.170529
vn -0.626046 0.759609 -0.176238
vn -0.695954 0.69275 0.189066
vn -0.42427 0.891266 0.160126
vn -0.626046 0.759609 -0.176238
vn 0.997086 -0.038755 0.065709
vn 0.817492 -0.130347 0.560996
vn 0.498741 -0.39054 0.773781
vn 0.883232 -0.468823 0.010253
vn 0.997086 -0.038755 0.065709
vn 0.498741 -0.39054 0.773781
vn 0.354666 -0.926754 -0.123855
vn 0.016671 -0.998807 -0.045897
vn 0.124629 -0.97535 0.182097
vn 0.046143 -0.939085 -0.340573
vn 0.354666 -0.926754 -0.123855
vn 0.124629 -0.97535 0.182097
vn 0.966491 -0.176144 -0.18673
vn 0.655204 -0.754901 0.028837
vn 0.634044 -0.747019 -0.199879
vn 0.898714 -0.159269 -0.408591
vn 0.966491 -0.176144 -0.18673
vn 0.634044 -0.747019 -0.199879
vn 0.22914 -0.925764 -0.300759
vn 0.12681 -0.978228 0.164286
vn 0.016671 -0.998807 -0.045897
vn 0.354666 -0.926754 -0.123855
vn 0.22914 -0.925764 -0.300759
vn 0.016671 -0.998807 -0.045897
vn 0.352759 0.036053 -0.935019
vn 0.505577 -0.431171 -0.747318
vn 0.330583 -0.617507 -0.713722
vn -0.275308 0.254133 -0.927158
vn 0.352759 0.036053 -0.935019
vn 0.45913 -0.561597 -0.688338
vn 0.634044 -0.747019 -0.199879
vn 0.09923 -0.989523 0.104867
vn 0.22219 -0.974153 -0.040704
vn 0.564214 -0.77842 -0.275181
vn 0.634044 -0.747019 -0.199879
vn 0.22219 -0.974153 -0.040704
vn -0.691517 -0.201545 -0.693674
vn -0.843017 -0.335668 -0.420297
vn -0.854977 0.478248 -0.200734
vn -0.591711 0.511412 -0.623166
vn -0.691517 -0.201545 -0.693674
vn -0.854977 0.478248 -0.200734
vn 0.106139 -0.931884 -0.34688
vn 0.046143 -0.939085 -0.340573
vn 0.124629 -0.97535 0.182097
vn 0.18222 -0.982539 -0.037582
vn 0.106139 -0.931884 -0.34688
vn 0.124629 -0.97535 0.182097
vn 0.663796 -0.406695 -0.627674
vn 0.898714 -0.159269 -0.408591
vn 0.634044 -0.747019 -0.199879
vn 0.564214 -0.77842 -0.275181
vn 0.663796 -0.406695 -0.627674
vn 0.634044 -0.747019 -0.199879
vn 0.634044 -0.747019 -0.199879
vn 0.655204 -0.754901 0.028837
vn 0.330356 -0.780908 0.530139
vn 0.09923 -0.989523 0.104867
vn 0.634044 -0.747019 -0.199879
vn 0.330356 -0.780908 0.530139
vn 0.046143 -0.939085 -0.340573
vn 0.247605 -0.669585 -0.700248
vn 0.564621 -0.579935 -0.587264
vn 0.354666 -0.926754 -0.123855
vn 0.046143 -0.939085 -0.340573
vn 0.564621 -0.579935 -0.587264
vn 0.232614 -0.906478 0.352404
vn 0.498741 -0.39054 0.773781
vn -0.100298 -0.205045 0.9736
vn -0.03669 -0.733227 0.678994
vn 0.232614 -0.906478 0.352404
vn -0.100298 -0.205045 0.9736
vn -0.633956 -0.362098 -0.683363
vn -0.805276 -0.576364 0.139051
vn -0.981499 0.078471 -0.17465
vn -0.510262 0.233105 -0.827826
vn -0.633956 -0.362098 -0.683363
vn -0.981499 0.078471 -0.17465
vn -0.805276 -0.576364 0.139051
vn -0.312535 -0.448581 0.837316
vn -0.773198 0.117276 0.623227
vn -0.981499 0.078471 -0.17465
vn -0.805276 -0.576364 0.139051
vn -0.773198 0.117276 0.623227
vn -0.889672 -0.24108 -0.387769
vn -0.605668 -0.779395 -0.160346
vn -0.657642 -0.7506 0.064078
vn -0.958385 -0.070727 -0.276578
vn -0.889672 -0.24108 -0.387769
vn -0.740832 -0.667717 0.072953
vn -0.215061 -0.932392 -0.290505
vn -0.202955 -0.977849 0.051184
vn -0.05719 -0.991353 0.118103
vn -0.36183 -0.883892 -0.296335
vn -0.215061 -0.932392 -0.290505
vn -0.05719 -0.991353 0.118103
vn 0.21351 0.173648 -0.961384
vn -0.281154 -0.662003 -0.69477
vn -0.421509 -0.394988 -0.816281
vn -0.451455 0.126577 -0.88327
vn 0.21351 0.173648 -0.961384
vn -0.548217 -0.477548 -0.68659
vn -0.50479 -0.777962 -0.374115
vn -0.228132 -0.970226 0.08135
vn -0.233022 -0.971113 0.051385
vn -0.605668 -0.779395 -0.160346
vn -0.50479 -0.777962 -0.374115
vn -0.233022 -0.971113 0.051385
vn 0.706055 0.44392 -0.551744
vn 0.421174 0.800466 -0.426459
vn 0.868832 -0.295129 -0.39753
vn 0.623138 -0.272245 -0.733199
vn 0.706055 0.44392 -0.551744
vn 0.868832 -0.295129 -0.39753
vn 0.18222 -0.982539 -0.037582
vn -0.156349 -0.950493 0.268547
vn 0.016716 -0.972416 -0.232654
vn 0.567624 -0.690752 -0.447956
vn 0.18222 -0.982539 -0.037582
vn 0.016716 -0.972416 -0.232654
vn -0.50479 -0.777962 -0.374115
vn -0.605668 -0.779395 -0.160346
vn -0.889672 -0.24108 -0.387769
vn -0.699854 -0.37264 -0.60938
vn -0.50479 -0.777962 -0.374115
vn -0.889672 -0.24108 -0.387769
vn -0.233022 -0.971113 0.051385
vn -0.293656 -0.783506 0.547618
vn -0.657642 -0.7506 0.064078
vn -0.605668 -0.779395 -0.160346
vn -0.233022 -0.971113 0.051385
vn -0.657642 -0.7506 0.064078
vn -0.215061 -0.932392 -0.290505
vn -0.594874 -0.607971 -0.525828
vn -0.341844 -0.69287 -0.634881
vn 0.016716 -0.972416 -0.232654
vn -0.215061 -0.932392 -0.290505
vn -0.341844 -0.69287 -0.634881
vn 0.053326 -0.724204 0.687521
vn 0.08851 -0.106656 0.990349
vn -0.312535 -0.448581 0.837316
vn -0.213908 -0.912698 0.348174
vn 0.053326 -0.724204 0.687521
vn -0.312535 -0.448581 0.837316
vn -0.805276 -0.576364 0.139051
vn -0.633956 -0.362098 -0.683363
vn -0.657642 -0.7506 0.064078
vn -0.213908 -0.912698 0.348174
vn -0.805276 -0.576364 0.139051
vn -0.657642 -0.7506 0.064078
vn 0.496615 -0.861808 0.103254
vn 0.444292 -0.889877 0.10355
vn 0.47137 -0.875992 0.102215
vn 0.575727 -0.811835 0.097273
vn 0.496615 -0.861808 0.103254
vn 0.47137 -0.875992 0.102215
vn 0.444292 -0.889877 0.10355
vn 0.391587 -0.913972 0.106371
vn 0.406259 -0.907666 0.105339
vn 0.47137 -0.875992 0.102215
vn 0.444292 -0.889877 0.10355
vn 0.406259 -0.907666 0.105339
vn 0.708551 -0.666501 0.231802
vn 0.701022 -0.486976 0.520982
vn 0.483944 -0.599771 0.637238
vn 0.471759 -0.772689 0.42473
vn 0.708551 -0.666501 0.231802
vn 0.483944 -0.599771 0.637238
vn -0.508287 -0.761525 0.402149
vn -0.505318 -0.598234 0.621908
vn -0.703025 -0.521091 0.483964
vn -0.745389 -0.636054 0.199574
vn -0.508287 -0.761525 0.402149
vn -0.703025 -0.521091 0.483964
vn -0.63066 0.272402 0.726681
vn -0.580175 0.478842 0.658868
vn -0.330043 0.156543 0.930895
vn -0.471208 0.105575 0.875681
vn -0.63066 0.272402 0.726681
vn -0.330043 0.156543 0.930895
vn 0.036252 0.648786 0.760107
vn 0.635131 0.476086 0.608236
vn 0.358679 0.23937 0.902248
vn -0.031496 0.210275 0.977135
vn 0.036252 0.648786 0.760107
vn 0.358679 0.23937 0.902248
vn 0.464363 -0.450776 0.762344
vn 0.483944 -0.599771 0.637238
vn 0.701022 -0.486976 0.520982
vn 0.712796 -0.254363 0.653622
vn 0.464363 -0.450776 0.762344
vn 0.701022 -0.486976 0.520982
vn 0.483944 -0.599771 0.637238
vn 0.464363 -0.450776 0.762344
vn 0.280303 -0.452371 0.846635
vn 0.333263 -0.562522 0.756641
vn 0.483944 -0.599771 0.637238
vn 0.280303 -0.452371 0.846635
vn -0.462397 -0.883053 0.08004
vn -0.314691 -0.942335 0.113904
vn -0.421154 -0.781561 0.460209
vn -0.508287 -0.761525 0.402149
vn -0.462397 -0.883053 0.08004
vn -0.421154 -0.781561 0.460209
vn -0.001062 0.197292 -0.980344
vn -0.009199 0.932401 -0.361308
vn -0.002586 0.881601 -0.471989
vn -0.025033 0.202008 -0.979064
vn -0.001062 0.197292 -0.980344
vn -0.002586 0.881601 -0.471989
vn 0.102511 0.823192 -0.558433
vn -0.09342 0.89179 -0.442701
vn 0.028507 0.05967 -0.997811
vn 0.250521 -0.04169 -0.967213
vn 0.102511 0.823192 -0.558433
vn 0.028507 0.05967 -0.997811
vn -0.194983 0.83722 0.510925
vn 0.062712 0.877786 0.474931
vn -0.077259 0.147424 0.986051
vn -0.389924 0.375174 0.840954
vn -0.194983 0.83722 0.510925
vn -0.077259 0.147424 0.986051
vn -0.219183 -0.862834 -0.455495
vn 0.111259 -0.867036 -0.485664
vn 0.00768 0.025311 -0.99965
vn -0.235319 0.160851 -0.958515
vn -0.219183 -0.862834 -0.455495
vn 0.00768 0.025311 -0.99965
vn 0.025469 0.731313 -0.681567
vn 0.096954 0.873523 -0.47703
vn 0.00768 0.025311 -0.99965
vn 0.010195 -0.151788 -0.988361
vn 0.025469 0.731313 -0.681567
vn 0.00768 0.025311 -0.99965
vn 0.20961 -0.92803 -0.307935
vn -0.096384 -0.824946 -0.556932
vn -0.057457 -0.902238 0.427393
vn 0.25492 -0.963653 0.079928
vn 0.20961 -0.92803 -0.307935
vn -0.057457 -0.902238 0.427393
vn -0.021504 -0.663523 -0.747846
vn -0.096384 -0.824946 -0.556932
vn 0.028507 0.05967 -0.997811
vn 0.029213 0.208731 -0.977537
vn -0.021504 -0.663523 -0.747846
vn 0.028507 0.05967 -0.997811
vn 0.029213 0.208731 -0.977537
vn 0.028507 0.05967 -0.997811
vn -0.09342 0.89179 -0.442701
vn -0.051773 0.773872 -0.631222
vn 0.029213 0.208731 -0.977537
vn -0.09342 0.89179 -0.442701
vn 0.259444 0.479564 0.838277
vn 0.017102 0.246856 0.968901
vn -0.096641 0.890344 0.444913
vn 0.132795 0.950525 0.280835
vn 0.259444 0.479564 0.838277
vn -0.096641 0.890344 0.444913
vn 0.423301 -0.603189 0.676003
vn 0.756398 -0.279372 0.591451
vn 0.30347 -0.733241 0.608493
vn 0.423301 -0.603189 0.676003
vn 0.538927 -0.129689 0.832309
vn 0.756398 -0.279372 0.591451
vn 0.173117 -0.042665 0.983977
vn 0.538927 -0.129689 0.832309
vn 0.423301 -0.603189 0.676003
vn 0.173117 -0.042665 0.983977
vn 0.338656 0.056567 0.939208
vn 0.538927 -0.129689 0.832309
vn 0.324224 -0.153593 0.933428
vn 0.338656 0.056567 0.939208
vn 0.173117 -0.042665 0.983977
vn 0.324224 -0.153593 0.933428
vn 0.364969 0.050869 0.929629
vn 0.338656 0.056567 0.939208
vn 0.207053 -0.405163 0.89049
vn 0.364969 0.050869 0.929629
vn 0.324224 -0.153593 0.933428
vn 0.207053 -0.405163 0.89049
vn 0.305195 -0.267163 0.914046
vn 0.364969 0.050869 0.929629
vn 0.008853 -0.277138 0.960789
vn 0.305195 -0.267163 0.914046
vn 0.207053 -0.405163 0.89049
vn 0.008853 -0.277138 0.960789
vn 0.244323 -0.371549 0.895688
vn 0.305195 -0.267163 0.914046
vn 0.196157 -0.425049 0.88366
vn 0.244323 -0.371549 0.895688
vn 0.008853 -0.277138 0.960789
vn 0.196157 -0.425049 0.88366
vn 0.112728 -0.37068 0.921894
vn 0.244323 -0.371549 0.895688
vn 0.067174 -0.559966 0.825788
vn 0.112728 -0.37068 0.921894
vn 0.196157 -0.425049 0.88366
vn 0.067174 -0.559966 0.825788
vn 0.014049 -0.246103 0.969142
vn 0.112728 -0.37068 0.921894
vn 0.025242 -0.632775 0.773924
vn 0.014049 -0.246103 0.969142
vn 0.067174 -0.559966 0.825788
vn 0.025242 -0.632775 0.773924
vn 0.018013 -0.197992 0.980038
vn 0.014049 -0.246103 0.969142
vn -0.077649 -0.583719 0.808234
vn 0.018013 -0.197992 0.980038
vn 0.025242 -0.632775 0.773924
vn -0.077649 -0.583719 0.808234
vn -0.039382 -0.251116 0.967156
vn 0.018013 -0.197992 0.980038
vn -0.112728 -0.37068 0.921894
vn -0.039382 -0.251116 0.967156
vn -0.077649 -0.583719 0.808234
vn -0.112728 -0.37068 0.921894
vn -0.165442 -0.426925 0.889024
vn -0.039382 -0.251116 0.967156
vn -0.336096 -0.558598 0.758293
vn -0.165442 -0.426925 0.889024
vn -0.112728 -0.37068 0.921894
vn -0.336096 -0.558598 0.758293
vn -0.296144 -0.76901 0.5665
vn -0.165442 -0.426925 0.889024
vn -0.642881 0.045776 0.764597
vn -0.63066 0.272402 0.726681
vn -0.756398 -0.279368 0.591452
vn -0.642881 0.045776 0.764597
vn -0.580175 0.478842 0.658868
vn -0.63066 0.272402 0.726681
vn -0.634163 0.310256 0.708222
vn -0.580175 0.478842 0.658868
vn -0.642881 0.045776 0.764597
vn -0.634163 0.310256 0.708222
vn -0.182041 0.613999 0.768028
vn -0.580175 0.478842 0.658868
vn 0.000001 0.022157 0.999754
vn 0.000003 0.622211 0.78285
vn -0.634163 0.310256 0.708222
vn 0.000001 0.022157 0.999754
vn 0.634166 0.310256 0.70822
vn 0.000003 0.622211 0.78285
vn 0.642884 0.045775 0.764595
vn 0.634166 0.310256 0.70822
vn 0.000001 0.022157 0.999754
vn 0.642884 0.045775 0.764595
vn 0.635131 0.476086 0.608236
vn 0.634166 0.310256 0.70822
vn 0.619775 0.271943 0.736156
vn 0.635131 0.476086 0.608236
vn 0.642884 0.045775 0.764595
vn 0.619775 0.271943 0.736156
vn 0.358679 0.23937 0.902248
vn 0.635131 0.476086 0.608236
vn 0.45658 0.094955 0.884601
vn 0.358679 0.23937 0.902248
vn 0.619775 0.271943 0.736156
vn 0.45658 0.094955 0.884601
vn 0.274734 -0.080553 0.95814
vn 0.358679 0.23937 0.902248
vn 0.469369 -0.120997 0.874673
vn 0.274734 -0.080553 0.95814
vn 0.45658 0.094955 0.884601
vn 0.469369 -0.120997 0.874673
vn 0.292503 -0.193296 0.936525
vn 0.274734 -0.080553 0.95814
vn 0.511406 -0.260983 0.818751
vn 0.292503 -0.193296 0.936525
vn 0.469369 -0.120997 0.874673
vn 0.511406 -0.260983 0.818751
vn 0.271632 -0.123173 0.954487
vn 0.292503 -0.193296 0.936525
vn 0.146262 -0.477047 -0.866622
vn 0.61461 -0.400027 -0.679877
vn 0.237693 -0.454734 -0.858323
vn -0.012949 0.993638 -0.111876
vn -0.045481 0.993764 -0.101806
vn -0.065534 0.994815 -0.077772
vn -0.005378 0.992021 -0.125957
vn -0.045481 0.993764 -0.101806
vn -0.012949 0.993638 -0.111876
vn 0.108763 -0.353391 0.929131
vn 0.267231 -0.366556 0.891192
vn 0.651588 -0.340262 0.677978
vn 0.086954 -0.357149 0.929991
vn 0.267231 -0.366556 0.891192
vn 0.108763 -0.353391 0.929131
vn 0.127862 -0.497127 -0.858205
vn 0.146262 -0.477047 -0.866622
vn 0.237693 -0.454734 -0.858323
vn 0.067071 -0.485515 -0.871652
vn 0.146262 -0.477047 -0.866622
vn 0.127862 -0.497127 -0.858205
vn 0.067071 -0.485515 -0.871652
vn 0.054862 -0.483421 -0.873667
vn 0.146262 -0.477047 -0.866622
vn 0.055469 -0.487877 -0.871148
vn 0.054862 -0.483421 -0.873667
vn 0.067071 -0.485515 -0.871652
vn 0.055469 -0.487877 -0.871148
vn 0.038141 -0.470274 -0.881696
vn 0.054862 -0.483421 -0.873667
vn 0.475446 -0.625707 -0.618419
vn 0.038141 -0.470274 -0.881696
vn 0.055469 -0.487877 -0.871148
vn 0.475446 -0.625707 -0.618419
vn 0.18818 0.091934 -0.977822
vn 0.038141 -0.470274 -0.881696
vn 0.164058 -0.490523 -0.855846
vn 0.249213 0.39273 -0.885243
vn 0.475446 -0.625707 -0.618419
vn 0.164058 -0.490523 -0.855846
vn 0.000899 0.170844 -0.985298
vn 0.249213 0.39273 -0.885243
vn -0.199249 0.309764 -0.929702
vn 0.000899 0.170844 -0.985298
vn 0.164058 -0.490523 -0.855846
vn -0.199249 0.309764 -0.929702
vn -0.040144 0.686123 -0.726378
vn 0.000899 0.170844 -0.985298
vn -0.091814 0.917455 -0.387101
vn -0.040144 0.686123 -0.726378
vn -0.199249 0.309764 -0.929702
vn -0.091814 0.917455 -0.387101
vn 0.231021 0.9077 -0.3503
vn -0.040144 0.686123 -0.726378
vn 0.174393 0.968295 -0.178862
vn 0.231021 0.9077 -0.3503
vn -0.091814 0.917455 -0.387101
vn 0.174393 0.968295 -0.178862
vn 0.412418 0.870669 -0.268041
vn 0.231021 0.9077 -0.3503
vn 0.272131 0.94555 -0.178548
vn 0.412418 0.870669 -0.268041
vn 0.174393 0.968295 -0.178862
vn 0.10847 0.976457 -0.186455
vn 0.033365 0.972445 -0.230735
vn 0.412418 0.870669 -0.268041
vn 0.039055 0.980201 -0.194114
vn 0.033365 0.972445 -0.230735
vn 0.10847 0.976457 -0.186455
vn 0.039055 0.980201 -0.194114
vn 0.020088 0.983111 -0.181905
vn 0.033365 0.972445 -0.230735
vn 0.025202 0.985814 -0.165941
vn 0.020088 0.983111 -0.181905
vn 0.039055 0.980201 -0.194114
vn 0.025202 0.985814 -0.165941
vn 0.023345 0.986525 -0.161938
vn 0.020088 0.983111 -0.181905
vn 0.059694 0.990671 -0.122504
vn 0.023345 0.986525 -0.161938
vn 0.025202 0.985814 -0.165941
vn 0.059694 0.990671 -0.122504
vn 0.076599 0.991559 -0.104608
vn 0.023345 0.986525 -0.161938
vn 0.12148 0.991307 -0.050524
vn 0.076599 0.991559 -0.104608
vn 0.059694 0.990671 -0.122504
vn -0.870003 -0.045298 0.490961
vn -0.807701 -0.024565 -0.58908
vn -0.846432 0.011203 0.532378
vn -0.870003 -0.045298 0.490961
vn -0.801293 -0.091437 -0.591244
vn -0.807701 -0.024565 -0.58908
vn -0.886795 -0.023563 -0.461563
vn -0.801293 -0.091437 -0.591244
vn -0.870003 -0.045298 0.490961
vn -0.886795 -0.023563 -0.461563
vn -0.037121 -0.133798 -0.990313
vn -0.801293 -0.091437 -0.591244
vn -0.003126 -0.017719 -0.999838
vn -0.037121 -0.133798 -0.990313
vn -0.886795 -0.023563 -0.461563
vn -0.003126 -0.017719 -0.999838
vn 0.861283 -0.158406 -0.482803
vn -0.037121 -0.133798 -0.990313
vn 0.880039 -0.036717 -0.47348
vn 0.861283 -0.158406 -0.482803
vn -0.003126 -0.017719 -0.999838
vn 0.880039 -0.036717 -0.47348
vn 0.802011 -0.12152 0.584817
vn 0.861283 -0.158406 -0.482803
vn 0.860958 -0.008443 0.508605
vn 0.802011 -0.12152 0.584817
vn 0.880039 -0.036717 -0.47348
vn 0.860958 -0.008443 0.508605
vn -0.028383 -0.060961 0.997736
vn 0.802011 -0.12152 0.584817
vn -0.010056 -0.021819 0.999711
vn -0.028383 -0.060961 0.997736
vn 0.860958 -0.008443 0.508605
vn -0.010056 -0.021819 0.999711
vn -0.870003 -0.045298 0.490961
vn -0.028383 -0.060961 0.997736
vn -0.871905 0.010198 0.48957
vn -0.870003 -0.045298 0.490961
vn -0.010056 -0.021819 0.999711
vn -0.871905 0.010198 0.48957
vn -0.886795 -0.023563 -0.461563
vn -0.870003 -0.045298 0.490961
vn -0.762532 0.081801 -0.641758
vn -0.886795 -0.023563 -0.461563
vn -0.871905 0.010198 0.48957
vn -0.762532 0.081801 -0.641758
vn -0.003126 -0.017719 -0.999838
vn -0.886795 -0.023563 -0.461563
vn 0.131456 0.126403 -0.98323
vn -0.003126 -0.017719 -0.999838
vn -0.762532 0.081801 -0.641758
vn 0.131456 0.126403 -0.98323
vn 0.880039 -0.036717 -0.47348
vn -0.003126 -0.017719 -0.999838
vn 0.811412 0.105497 -0.574874
vn 0.880039 -0.036717 -0.47348
vn 0.131456 0.126403 -0.98323
vn 0.811412 0.105497 -0.574874
vn 0.860958 -0.008443 0.508605
vn 0.880039 -0.036717 -0.47348
vn 0.907213 0.059692 -0.416416
vn 0.860958 -0.008443 0.508605
vn 0.811412 0.105497 -0.574874
vn 0.907213 0.059692 -0.416416
vn 0.841764 -0.025563 0.539241
vn 0.860958 -0.008443 0.508605
vn 0.775286 -0.051679 -0.629493
vn 0.841764 -0.025563 0.539241
vn 0.907213 0.059692 -0.416416
vn 0.775286 -0.051679 -0.629493
vn 0.838518 -0.191738 0.510024
vn 0.841764 -0.025563 0.539241
vn 0.855964 -0.219133 -0.468302
vn 0.838518 -0.191738 0.510024
vn 0.775286 -0.051679 -0.629493
vn 0.855964 -0.219133 -0.468302
vn 0.874864 -0.213908 0.434576
vn 0.838518 -0.191738 0.510024
vn 0.792464 -0.227529 -0.56589
vn 0.874864 -0.213908 0.434576
vn 0.855964 -0.219133 -0.468302
vn 0.792464 -0.227529 -0.56589
vn 0.860881 -0.229796 0.453959
vn 0.874864 -0.213908 0.434576
vn -0.846586 -0.074862 0.526961
vn -0.869438 0.12152 -0.478865
vn -0.77591 0.125655 0.618203
vn -0.846586 -0.074862 0.526961
vn -0.815892 -0.110505 -0.567547
vn -0.869438 0.12152 -0.478865
vn -0.853899 -0.123886 0.505479
vn -0.815892 -0.110505 -0.567547
vn -0.846586 -0.074862 0.526961
vn -0.853899 -0.123886 0.505479
vn -0.78912 -0.175769 -0.588553
vn -0.815892 -0.110505 -0.567547
vn -0.879804 -0.06403 -0.471005
vn -0.78912 -0.175769 -0.588553
vn -0.853899 -0.123886 0.505479
vn -0.879804 -0.06403 -0.471005
vn -0.027412 -0.138457 -0.989989
vn -0.78912 -0.175769 -0.588553
vn 0.013186 0.002806 -0.999909
vn -0.027412 -0.138457 -0.989989
vn -0.879804 -0.06403 -0.471005
vn 0.013186 0.002806 -0.999909
vn 0.827289 -0.070787 -0.5573
vn -0.027412 -0.138457 -0.989989
vn 0.883088 0.003133 -0.469198
vn 0.827289 -0.070787 -0.5573
vn 0.013186 0.002806 -0.999909
vn 0.883088 0.003133 -0.469198
vn 0.872312 -0.05067 0.486317
vn 0.827289 -0.070787 -0.5573
vn 0.861701 0.006343 0.507377
vn 0.872312 -0.05067 0.486317
vn 0.883088 0.003133 -0.469198
vn 0.861701 0.006343 0.507377
vn 0.006063 -0.065452 0.997837
vn 0.872312 -0.05067 0.486317
vn 0.048718 -0.014884 0.998702
vn 0.006063 -0.065452 0.997837
vn 0.861701 0.006343 0.507377
vn 0.048718 -0.014884 0.998702
vn -0.853899 -0.123886 0.505479
vn 0.006063 -0.065452 0.997837
vn -0.86621 -0.004482 0.499661
vn -0.853899 -0.123886 0.505479
vn 0.048718 -0.014884 0.998702
vn -0.86621 -0.004482 0.499661
vn -0.879804 -0.06403 -0.471005
vn -0.853899 -0.123886 0.505479
vn -0.817187 0.077895 -0.571085
vn -0.879804 -0.06403 -0.471005
vn -0.86621 -0.004482 0.499661
vn -0.817187 0.077895 -0.571085
vn 0.013186 0.002806 -0.999909
vn -0.879804 -0.06403 -0.471005
vn 0.077592 0.132213 -0.98818
vn 0.013186 0.002806 -0.999909
vn -0.817187 0.077895 -0.571085
vn 0.077592 0.132213 -0.98818
vn 0.883088 0.003133 -0.469198
vn 0.013186 0.002806 -0.999909
vn 0.874548 0.050644 -0.482288
vn 0.883088 0.003133 -0.469198
vn 0.077592 0.132213 -0.98818
vn 0.874548 0.050644 -0.482288
vn 0.861701 0.006343 0.507377
vn 0.883088 0.003133 -0.469198
vn 0.872746 0.03863 -0.486644
vn 0.861701 0.006343 0.507377
vn 0.874548 0.050644 -0.482288
vn 0.872746 0.03863 -0.486644
vn 0.834847 -0.12474 0.536162
vn 0.861701 0.006343 0.507377
vn 0.840413 -0.038882 -0.540549
vn 0.834847 -0.12474 0.536162
vn 0.872746 0.03863 -0.486644
vn 0.840413 -0.038882 -0.540549
vn 0.81385 -0.184817 0.550901
vn 0.834847 -0.12474 0.536162
vn 0.775777 -0.02562 -0.630487
vn 0.81385 -0.184817 0.550901
vn 0.840413 -0.038882 -0.540549
vn 0.775777 -0.02562 -0.630487
vn 0.877867 -0.016816 0.478609
vn 0.81385 -0.184817 0.550901
vn 0.928013 0.019354 -0.372045
vn 0.877867 -0.016816 0.478609
vn 0.775777 -0.02562 -0.630487
vn 0.928013 0.019354 -0.372045
vn 0.891099 0.036898 0.452306
vn 0.877867 -0.016816 0.478609
vn -0.839165 -0.194814 -0.507789
vn -0.000001 0.223764 -0.974643
vn -0.111891 -0.263742 -0.958082
vn -0.839165 -0.194814 -0.507789
vn -0.836578 0.184387 -0.515887
vn -0.000001 0.223764 -0.974643
vn -0.987516 0.136102 -0.079302
vn -0.836578 0.184387 -0.515887
vn -0.839165 -0.194814 -0.507789
vn -0.987516 0.136102 -0.079302
vn -0.762519 0.283783 -0.581405
vn -0.836578 0.184387 -0.515887
vn -0.82104 0.221582 -0.526112
vn -0.762519 0.283783 -0.581405
vn -0.987516 0.136102 -0.079302
vn -0.82104 0.221582 -0.526112
vn -0.105564 0.402113 -0.909484
vn -0.762519 0.283783 -0.581405
vn 0.049112 0.30158 -0.952175
vn -0.105564 0.402113 -0.909484
vn -0.82104 0.221582 -0.526112
vn 0.049112 0.30158 -0.952175
vn 0.697331 0.305796 -0.648242
vn -0.105564 0.402113 -0.909484
vn 0.836047 0.250033 -0.488373
vn 0.697331 0.305796 -0.648242
vn 0.049112 0.30158 -0.952175
vn 0.836047 0.250033 -0.488373
vn 0.979385 0.176215 -0.098756
vn 0.697331 0.305796 -0.648242
vn 0.795099 0.334459 0.505919
vn 0.979385 0.176215 -0.098756
vn 0.836047 0.250033 -0.488373
vn 0.795099 0.334459 0.505919
vn 0.91403 0.219535 0.341107
vn 0.979385 0.176215 -0.098756
vn 0.673447 0.344194 0.654217
vn 0.91403 0.219535 0.341107
vn 0.795099 0.334459 0.505919
vn 0.673447 0.344194 0.654217
vn 0.824993 0.301715 0.477865
vn 0.91403 0.219535 0.341107
vn 0.596147 0.514012 0.616766
vn 0.824993 0.301715 0.477865
vn 0.673447 0.344194 0.654217
vn 0.596147 0.514012 0.616766
vn 0.892485 0.205632 0.40148
vn 0.824993 0.301715 0.477865
vn 0.812383 0.323348 0.485262
vn 0.892485 0.205632 0.40148
vn 0.596147 0.514012 0.616766
vn 0.812383 0.323348 0.485262
vn 0.938067 -0.322971 0.125382
vn 0.892485 0.205632 0.40148
vn 0.897261 0.15643 0.412858
vn 0.987965 -0.080542 0.132051
vn 0.812383 0.323348 0.485262
vn -0.502485 -0.66008 -0.558393
vn -0.899958 -0.310422 -0.306128
vn -0.579521 -0.813539 -0.048054
vn -0.502485 -0.66008 -0.558393
vn -0.996903 0.033201 0.071284
vn -0.899958 -0.310422 -0.306128
vn -0.625581 -0.714733 -0.312737
vn -0.996903 0.033201 0.071284
vn -0.502485 -0.66008 -0.558393
vn -0.998264 -0.024962 0.053343
vn -0.914437 0.206851 0.347875
vn -0.996903 0.033201 0.071284
vn -0.926609 0.099194 0.362706
vn -0.914437 0.206851 0.347875
vn -0.998264 -0.024962 0.053343
vn -0.926609 0.099194 0.362706
vn -0.816576 0.369138 0.443781
vn -0.914437 0.206851 0.347875
vn -0.875091 0.155256 0.458379
vn -0.816576 0.369138 0.443781
vn -0.926609 0.099194 0.362706
vn -0.875091 0.155256 0.458379
vn -0.794368 0.439237 0.419584
vn -0.816576 0.369138 0.443781
vn 0.812383 0.323348 0.485262
vn 0.72591 0.488904 0.483764
vn 0.822302 0.175861 0.541196
vn 0.812383 0.323348 0.485262
vn -0.049361 0.804883 0.591377
vn 0.337821 0.742855 0.577965
vn 0.596147 0.514012 0.616766
vn -0.049361 0.804883 0.591377
vn 0.812383 0.323348 0.485262
vn 0.596147 0.514012 0.616766
vn 0.067542 0.635452 0.769181
vn -0.049361 0.804883 0.591377
vn 0.673447 0.344194 0.654217
vn 0.067542 0.635452 0.769181
vn 0.596147 0.514012 0.616766
vn 0.673447 0.344194 0.654217
vn -0.095949 0.479149 0.872474
vn 0.067542 0.635452 0.769181
vn 0.795099 0.334459 0.505919
vn -0.095949 0.479149 0.872474
vn 0.673447 0.344194 0.654217
vn 0.795099 0.334459 0.505919
vn -0.001618 0.407796 0.913072
vn -0.095949 0.479149 0.872474
vn 0.029284 -0.229613 -0.972841
vn 0.765462 0.187113 -0.615675
vn 0.81664 -0.246952 -0.521646
vn 0.029284 -0.229613 -0.972841
vn -0.153797 0.175902 -0.972319
vn 0.765462 0.187113 -0.615675
vn -0.813244 -0.196808 -0.547632
vn -0.153797 0.175902 -0.972319
vn 0.029284 -0.229613 -0.972841
vn -0.813244 -0.196808 -0.547632
vn -0.766245 0.229614 -0.600122
vn -0.153797 0.175902 -0.972319
vn -0.979385 0.176215 -0.098757
vn -0.766245 0.229614 -0.600122
vn -0.813244 -0.196808 -0.547632
vn -0.979385 0.176215 -0.098757
vn -0.773373 0.262864 -0.576885
vn -0.766245 0.229614 -0.600122
vn -0.80487 0.278605 -0.523988
vn -0.773373 0.262864 -0.576885
vn -0.979385 0.176215 -0.098757
vn -0.80487 0.278605 -0.523988
vn -0.077564 0.415626 -0.906222
vn -0.773373 0.262864 -0.576885
vn 0.030664 0.311484 -0.949757
vn -0.077564 0.415626 -0.906222
vn -0.80487 0.278605 -0.523988
vn 0.030664 0.311484 -0.949757
vn 0.74229 0.277166 -0.610069
vn -0.077564 0.415626 -0.906222
vn 0.848137 0.194672 -0.492714
vn 0.74229 0.277166 -0.610069
vn 0.030664 0.311484 -0.949757
vn 0.848137 0.194672 -0.492714
vn 0.987516 0.136102 -0.079302
vn 0.74229 0.277166 -0.610069
vn 0.778387 0.313534 0.543884
vn 0.987516 0.136102 -0.079302
vn 0.848137 0.194672 -0.492714
vn 0.778387 0.313534 0.543884
vn 0.948699 0.162475 0.27124
vn 0.987516 0.136102 -0.079302
vn 0.734241 0.306689 0.605666
vn 0.948699 0.162475 0.27124
vn 0.778387 0.313534 0.543884
vn 0.734241 0.306689 0.605666
vn 0.877416 0.231202 0.420341
vn 0.948699 0.162475 0.27124
vn 0.689425 0.456753 0.562201
vn 0.877416 0.231202 0.420341
vn 0.734241 0.306689 0.605666
vn 0.689425 0.456753 0.562201
vn 0.910038 0.211934 0.356252
vn 0.877416 0.231202 0.420341
vn 0.853734 0.309352 0.418854
vn 0.910038 0.211934 0.356252
vn 0.689425 0.456753 0.562201
vn 0.853734 0.309352 0.418854
vn 0.962022 -0.246812 0.11661
vn 0.910038 0.211934 0.356252
vn 0.918678 0.147645 0.366375
vn 0.992723 0.00463 0.120331
vn 0.853734 0.309352 0.418854
vn -0.492951 -0.674991 -0.548987
vn -0.881897 -0.316677 -0.349246
vn -0.557891 -0.827126 -0.067972
vn -0.492951 -0.674991 -0.548987
vn -0.993622 0.043892 0.103867
vn -0.881897 -0.316677 -0.349246
vn -0.602098 -0.740977 -0.297373
vn -0.993622 0.043892 0.103867
vn -0.492951 -0.674991 -0.548987
vn -0.773506 -0.632467 0.04092
vn -0.895349 0.209819 0.392844
vn -0.993622 0.043892 0.103867
vn -0.767314 -0.528433 0.363302
vn -0.895349 0.209819 0.392844
vn -0.773506 -0.632467 0.04092
vn -0.902227 0.059193 0.42718
vn -0.749846 0.413319 0.516622
vn -0.895349 0.209819 0.392844
vn -0.822302 0.175861 0.541195
vn -0.749846 0.413319 0.516622
vn -0.902227 0.059193 0.42718
vn -0.822302 0.175861 0.541195
vn -0.725909 0.488905 0.483764
vn -0.749846 0.413319 0.516622
vn 0.853734 0.309352 0.418854
vn 0.794367 0.439237 0.419585
vn 0.875091 0.155255 0.458379
vn 0.853734 0.309352 0.418854
vn 0.049361 0.804883 0.591377
vn 0.440211 0.722413 0.533229
vn 0.689425 0.456753 0.562201
vn 0.049361 0.804883 0.591377
vn 0.853734 0.309352 0.418854
vn 0.689425 0.456753 0.562201
vn 0.035835 0.612095 0.789972
vn 0.049361 0.804883 0.591377
vn 0.734241 0.306689 0.605666
vn 0.035835 0.612095 0.789972
vn 0.689425 0.456753 0.562201
vn 0.734241 0.306689 0.605666
vn 0.011029 0.479033 0.877727
vn 0.035835 0.612095 0.789972
vn 0.778387 0.313534 0.543884
vn 0.011029 0.479033 0.877727
vn 0.734241 0.306689 0.605666
vn 0.778387 0.313534 0.543884
vn 0.006156 0.447812 0.894107
vn 0.011029 0.479033 0.877727
vn 0.662252 -0.353684 -0.660553
vn 0.270584 -0.454008 -0.848917
vn 0.228399 -0.427934 -0.874475
vn 0.662252 -0.353684 -0.660553
vn 0.752427 -0.408712 -0.516535
vn 0.270584 -0.454008 -0.848917
vn 0.962036 -0.219303 -0.162462
vn 0.752427 -0.408712 -0.516535
vn 0.662252 -0.353684 -0.660553
vn 0.962036 -0.219303 -0.162462
vn 0.918503 -0.394099 -0.032214
vn 0.752427 -0.408712 -0.516535
vn 0.93177 -0.212522 0.294345
vn 0.918503 -0.394099 -0.032214
vn 0.962036 -0.219303 -0.162462
vn 0.93177 -0.212522 0.294345
vn 0.790808 -0.387088 0.474115
vn 0.918503 -0.394099 -0.032214
vn 0.578753 -0.070294 0.812468
vn 0.790808 -0.387088 0.474115
vn 0.93177 -0.212522 0.294345
vn 0.578753 -0.070294 0.812468
vn 0.423223 -0.332138 0.842951
vn 0.790808 -0.387088 0.474115
vn 0.048581 -0.123133 0.9912
vn 0.423223 -0.332138 0.842951
vn 0.578753 -0.070294 0.812468
vn 0.048581 -0.123133 0.9912
vn 0.019398 -0.265065 0.964035
vn 0.423223 -0.332138 0.842951
vn -0.480451 -0.075822 0.873738
vn 0.019398 -0.265065 0.964035
vn 0.048581 -0.123133 0.9912
vn -0.480451 -0.075822 0.873738
vn -0.454233 -0.324644 0.829626
vn 0.019398 -0.265065 0.964035
vn -0.849395 -0.294178 0.438164
vn -0.454233 -0.324644 0.829626
vn -0.480451 -0.075822 0.873738
vn -0.849395 -0.294178 0.438164
vn -0.80184 -0.329385 0.498556
vn -0.454233 -0.324644 0.829626
vn -0.973037 -0.230647 0.000322
vn -0.80184 -0.329385 0.498556
vn -0.849395 -0.294178 0.438164
vn -0.973037 -0.230647 0.000322
vn -0.940446 -0.33991 0.004665
vn -0.80184 -0.329385 0.498556
vn -0.81931 -0.296137 -0.490952
vn -0.940446 -0.33991 0.004665
vn -0.973037 -0.230647 0.000322
vn -0.81931 -0.296137 -0.490952
vn -0.706818 -0.421153 -0.568365
vn -0.940446 -0.33991 0.004665
vn -0.363068 -0.410052 -0.836683
vn -0.706818 -0.421153 -0.568365
vn -0.81931 -0.296137 -0.490952
vn -0.363068 -0.410052 -0.836683
vn -0.216609 -0.466037 -0.85784
vn -0.706818 -0.421153 -0.568365
vn -0.029604 -0.420238 -0.906931
vn -0.216609 -0.466037 -0.85784
vn -0.363068 -0.410052 -0.836683
vn -0.029604 -0.420238 -0.906931
vn 0.022208 -0.475422 -0.879478
vn -0.216609 -0.466037 -0.85784
vn 0.228399 -0.427934 -0.874475
vn 0.022208 -0.475422 -0.879478
vn -0.029604 -0.420238 -0.906931
vn 0.228399 -0.427934 -0.874475
vn 0.270584 -0.454008 -0.848917
vn 0.022208 -0.475422 -0.879478
vn 0.918503 -0.394099 -0.032214
vn 0.591108 -0.448711 -0.670261
vn 0.752427 -0.408712 -0.516535
vn 0.918503 -0.394099 -0.032214
vn 0.9419 -0.332237 -0.04943
vn 0.591108 -0.448711 -0.670261
vn 0.790808 -0.387088 0.474115
vn 0.9419 -0.332237 -0.04943
vn 0.918503 -0.394099 -0.032214
vn 0.790808 -0.387088 0.474115
vn 0.786682 -0.205273 0.582232
vn 0.9419 -0.332237 -0.04943
vn 0.423223 -0.332138 0.842951
vn 0.786682 -0.205273 0.582232
vn 0.790808 -0.387088 0.474115
vn 0.423223 -0.332138 0.842951
vn 0.440012 0.060261 0.895968
vn 0.786682 -0.205273 0.582232
vn 0.019398 -0.265065 0.964035
vn 0.440012 0.060261 0.895968
vn 0.423223 -0.332138 0.842951
vn 0.019398 -0.265065 0.964035
vn -0.080174 0.117336 0.989851
vn 0.440012 0.060261 0.895968
vn -0.454233 -0.324644 0.829626
vn -0.080174 0.117336 0.989851
vn 0.019398 -0.265065 0.964035
vn -0.454233 -0.324644 0.829626
vn -0.541814 -0.015164 0.840362
vn -0.080174 0.117336 0.989851
vn -0.80184 -0.329385 0.498556
vn -0.541814 -0.015164 0.840362
vn -0.454233 -0.324644 0.829626
vn -0.80184 -0.329385 0.498556
vn -0.837528 -0.214547 0.502511
vn -0.541814 -0.015164 0.840362
vn -0.940446 -0.33991 0.004665
vn -0.837528 -0.214547 0.502511
vn -0.80184 -0.329385 0.498556
vn -0.940446 -0.33991 0.004665
vn -0.927908 -0.349827 -0.128876
vn -0.837528 -0.214547 0.502511
vn -0.706818 -0.421153 -0.568365
vn -0.927908 -0.349827 -0.128876
vn -0.940446 -0.33991 0.004665
vn -0.706818 -0.421153 -0.568365
vn -0.520847 -0.447576 -0.726907
vn -0.927908 -0.349827 -0.128876
vn -0.216609 -0.466037 -0.85784
vn -0.520847 -0.447576 -0.726907
vn -0.706818 -0.421153 -0.568365
vn -0.216609 -0.466037 -0.85784
vn -0.216681 -0.217867 -0.951621
vn -0.520847 -0.447576 -0.726907
vn 0.0 -0.250886 -0.968017
vn -0.216681 -0.217867 -0.951621
vn -0.216609 -0.466037 -0.85784
vn 0.0 -0.250886 -0.968017
vn 0.0 0.636531 -0.771251
vn -0.216681 -0.217867 -0.951621
vn 0.216681 -0.217867 -0.951621
vn 0.0 0.636531 -0.771251
vn 0.0 -0.250886 -0.968017
vn 0.93177 -0.212522 0.294345
vn 0.958112 0.044652 0.282892
vn 0.578753 -0.070294 0.812468
vn 0.93177 -0.212522 0.294345
vn 0.859961 -0.504973 -0.073954
vn 0.958112 0.044652 0.282892
vn 0.962036 -0.219303 -0.162462
vn 0.923279 -0.384121 0.002658
vn 0.93177 -0.212522 0.294345
vn 0.962036 -0.219303 -0.162462
vn 0.808809 -0.123262 -0.575009
vn 0.859961 -0.504973 -0.073954
vn 0.662252 -0.353684 -0.660553
vn 0.808809 -0.123262 -0.575009
vn 0.962036 -0.219303 -0.162462
vn 0.662252 -0.353684 -0.660553
vn 0.391834 -0.208787 -0.896033
vn 0.808809 -0.123262 -0.575009
vn 0.228399 -0.427934 -0.874475
vn 0.391834 -0.208787 -0.896033
vn 0.662252 -0.353684 -0.660553
vn 0.228399 -0.427934 -0.874475
vn 0.038303 -0.206541 -0.977688
vn 0.391834 -0.208787 -0.896033
vn -0.029604 -0.420238 -0.906931
vn 0.038303 -0.206541 -0.977688
vn 0.228399 -0.427934 -0.874475
vn -0.029604 -0.420238 -0.906931
vn -0.296476 -0.192894 -0.935358
vn 0.038303 -0.206541 -0.977688
vn -0.363068 -0.410052 -0.836683
vn -0.296476 -0.192894 -0.935358
vn -0.029604 -0.420238 -0.906931
vn -0.363068 -0.410052 -0.836683
vn -0.730439 -0.170503 -0.661352
vn -0.296476 -0.192894 -0.935358
vn -0.81931 -0.296137 -0.490952
vn -0.730439 -0.170503 -0.661352
vn -0.363068 -0.410052 -0.836683
vn -0.81931 -0.296137 -0.490952
vn -0.847906 -0.509803 -0.145452
vn -0.730439 -0.170503 -0.661352
vn -0.973037 -0.230647 0.000322
vn -0.847906 -0.509803 -0.145452
vn -0.81931 -0.296137 -0.490952
vn -0.973037 -0.230647 0.000322
vn -0.939117 0.059355 0.338431
vn -0.847906 -0.509803 -0.145452
vn -0.849395 -0.294178 0.438164
vn -0.939117 0.059355 0.338431
vn -0.973037 -0.230647 0.000322
vn -0.849395 -0.294178 0.438164
vn -0.480451 -0.075822 0.873738
vn -0.939117 0.059355 0.338431
vn 0.288619 0.140129 -0.947134
vn 0.621554 0.11715 -0.774562
vn 0.391834 -0.208787 -0.896033
vn 0.288619 0.140129 -0.947134
vn 0.546543 0.460443 -0.699488
vn 0.621554 0.11715 -0.774562
vn 0.287931 0.550582 -0.783553
vn 0.546543 0.460443 -0.699488
vn 0.288619 0.140129 -0.947134
vn 0.287931 0.550582 -0.783553
vn 0.437514 0.811759 -0.386818
vn 0.546543 0.460443 -0.699488
vn 0.541714 0.68587 -0.485931
vn 0.437514 0.811759 -0.386818
vn 0.287931 0.550582 -0.783553
vn 0.541714 0.68587 -0.485931
vn 0.546853 0.836314 -0.039128
vn 0.437514 0.811759 -0.386818
vn 0.793549 0.608495 0.003687
vn 0.546853 0.836314 -0.039128
vn 0.541714 0.68587 -0.485931
vn 0.793549 0.608495 0.003687
vn 0.482127 0.765338 0.426393
vn 0.546853 0.836314 -0.039128
vn 0.510011 0.370595 0.77624
vn 0.482127 0.765338 0.426393
vn 0.793549 0.608495 0.003687
vn 0.510011 0.370595 0.77624
vn 0.387223 0.582577 0.714606
vn 0.482127 0.765338 0.426393
vn 0.012893 0.469927 0.882611
vn 0.387223 0.582577 0.714606
vn 0.510011 0.370595 0.77624
vn 0.012893 0.469927 0.882611
vn 0.282787 0.660433 0.6956
vn 0.387223 0.582577 0.714606
vn -0.03021 0.634684 0.772181
vn 0.282787 0.660433 0.6956
vn 0.012893 0.469927 0.882611
vn -0.03021 0.634684 0.772181
vn 0.336757 0.516852 0.787057
vn 0.282787 0.660433 0.6956
vn -0.02371 0.406923 0.913155
vn 0.336757 0.516852 0.787057
vn -0.03021 0.634684 0.772181
vn -0.02371 0.406923 0.913155
vn 0.578753 -0.070294 0.812468
vn 0.336757 0.516852 0.787057
vn 0.048581 -0.123133 0.9912
vn 0.578753 -0.070294 0.812468
vn -0.02371 0.406923 0.913155
vn 0.352191 0.644548 -0.678616
vn 0.065858 0.832154 -0.550619
vn 0.847222 0.331163 -0.415386
vn 0.115631 0.730869 -0.672651
vn -0.144798 0.77685 -0.612811
vn 0.065858 0.832154 -0.550619
vn -0.13378 0.605616 -0.784431
vn -0.144798 0.77685 -0.612811
vn 0.115631 0.730869 -0.672651
vn -0.13378 0.605616 -0.784431
vn -0.461751 0.702252 -0.541874
vn -0.144798 0.77685 -0.612811
vn -0.569832 0.414202 -0.709738
vn -0.461751 0.702252 -0.541874
vn -0.13378 0.605616 -0.784431
vn -0.569832 0.414202 -0.709738
vn -0.728265 0.573472 -0.375179
vn -0.461751 0.702252 -0.541874
vn -0.821746 0.356727 -0.444386
vn -0.728265 0.573472 -0.375179
vn -0.569832 0.414202 -0.709738
vn -0.821746 0.356727 -0.444386
vn -0.838542 0.526176 -0.141369
vn -0.728265 0.573472 -0.375179
vn -0.909861 0.381453 -0.163236
vn -0.838542 0.526176 -0.141369
vn -0.821746 0.356727 -0.444386
vn -0.909861 0.381453 -0.163236
vn -0.857153 0.482037 0.181465
vn -0.838542 0.526176 -0.141369
vn -0.864517 0.492598 0.099786
vn -0.857153 0.482037 0.181465
vn -0.909861 0.381453 -0.163236
vn -0.864517 0.492598 0.099786
vn -0.743064 0.553646 0.375941
vn -0.857153 0.482037 0.181465
vn -0.76255 0.539726 0.356669
vn -0.743064 0.553646 0.375941
vn -0.864517 0.492598 0.099786
vn -0.76255 0.539726 0.356669
vn -0.628896 0.554964 0.544523
vn -0.743064 0.553646 0.375941
vn -0.819821 0.164233 0.548563
vn -0.628896 0.554964 0.544523
vn -0.76255 0.539726 0.356669
vn -0.819821 0.164233 0.548563
vn -0.703453 0.271837 0.656703
vn -0.628896 0.554964 0.544523
vn -0.785721 -0.02949 0.617878
vn -0.703453 0.271837 0.656703
vn -0.819821 0.164233 0.548563
vn -0.785721 -0.02949 0.617878
vn -0.562045 0.061747 0.824798
vn -0.703453 0.271837 0.656703
vn 0.891866 0.347477 0.289543
vn 0.616234 0.78376 -0.077301
vn 0.875051 0.419087 -0.242182
vn 0.791823 0.511593 0.3336
vn 0.646146 0.744742 0.166895
vn 0.616234 0.78376 -0.077301
vn 0.652695 0.461968 0.600479
vn 0.646146 0.744742 0.166895
vn 0.791823 0.511593 0.3336
vn 0.652695 0.461968 0.600479
vn 0.568397 0.722343 0.393886
vn 0.646146 0.744742 0.166895
vn 0.336891 0.668789 0.662741
vn 0.568397 0.722343 0.393886
vn 0.652695 0.461968 0.600479
vn 0.336891 0.668789 0.662741
vn 0.397858 0.683462 0.612037
vn 0.568397 0.722343 0.393886
vn 0.108093 0.699546 0.706365
vn 0.397858 0.683462 0.612037
vn 0.336891 0.668789 0.662741
vn 0.108093 0.699546 0.706365
vn 0.326086 0.681593 0.655056
vn 0.397858 0.683462 0.612037
vn 0.034392 0.602984 0.797011
vn 0.326086 0.681593 0.655056
vn 0.108093 0.699546 0.706365
vn 0.034392 0.602984 0.797011
vn 0.299597 0.627061 0.719052
vn 0.326086 0.681593 0.655056
vn 0.102741 0.271865 0.956835
vn 0.299597 0.627061 0.719052
vn 0.034392 0.602984 0.797011
vn 0.102741 0.271865 0.956835
vn 0.452555 0.41591 0.788805
vn 0.299597 0.627061 0.719052
vn 0.387731 0.162121 0.907404
vn 0.452555 0.41591 0.788805
vn 0.102741 0.271865 0.956835
vn 0.387731 0.162121 0.907404
vn 0.641048 0.281723 0.713925
vn 0.452555 0.41591 0.788805
vn 0.640586 0.020011 0.767626
vn 0.641048 0.281723 0.713925
vn 0.387731 0.162121 0.907404
vn 0.640586 0.020011 0.767626
vn 0.840998 0.133228 0.524379
vn 0.641048 0.281723 0.713925
vn 0.847278 -0.056025 0.528187
vn 0.840998 0.133228 0.524379
vn 0.640586 0.020011 0.767626
vn 0.847278 -0.056025 0.528187
vn 0.963342 0.173875 0.204302
vn 0.840998 0.133228 0.524379
vn 0.982638 -0.027423 0.183497
vn 0.963342 0.173875 0.204302
vn 0.847278 -0.056025 0.528187
vn 0.982638 -0.027423 0.183497
vn 0.959168 0.252078 -0.128271
vn 0.963342 0.173875 0.204302
vn 0.983297 0.00077 -0.18201
vn 0.959168 0.252078 -0.128271
vn 0.982638 -0.027423 0.183497
vn 0.983297 0.00077 -0.18201
vn 0.859254 0.25841 -0.441483
vn 0.959168 0.252078 -0.128271
vn 0.814931 -0.035344 -0.57848
vn 0.859254 0.25841 -0.441483
vn 0.983297 0.00077 -0.18201
vn 0.814931 -0.035344 -0.57848
vn 0.63369 0.164793 -0.755831
vn 0.859254 0.25841 -0.441483
vn 0.473372 -0.059144 -0.878875
vn 0.63369 0.164793 -0.755831
vn 0.814931 -0.035344 -0.57848
vn 0.473372 -0.059144 -0.878875
vn 0.266358 0.305651 -0.914128
vn 0.63369 0.164793 -0.755831
vn 0.115693 0.122013 -0.985763
vn 0.266358 0.305651 -0.914128
vn 0.473372 -0.059144 -0.878875
vn 0.739403 0.565302 0.365673
vn 0.641048 0.281723 0.713925
vn 0.840998 0.133228 0.524379
vn 0.739403 0.565302 0.365673
vn 0.602436 0.602046 0.524034
vn 0.641048 0.281723 0.713925
vn 0.704669 0.575018 0.415687
vn 0.602436 0.602046 0.524034
vn 0.739403 0.565302 0.365673
vn 0.704669 0.575018 0.415687
vn 0.745771 0.510397 0.428159
vn 0.602436 0.602046 0.524034
vn 0.781535 0.592695 0.194718
vn 0.745771 0.510397 0.428159
vn 0.704669 0.575018 0.415687
vn 0.781535 0.592695 0.194718
vn 0.712518 0.693376 0.107463
vn 0.745771 0.510397 0.428159
vn 0.825648 0.55706 -0.089389
vn 0.712518 0.693376 0.107463
vn 0.781535 0.592695 0.194718
vn 0.825648 0.55706 -0.089389
vn 0.715368 0.688673 -0.118229
vn 0.712518 0.693376 0.107463
vn 0.767902 0.538732 -0.346545
vn 0.715368 0.688673 -0.118229
vn 0.825648 0.55706 -0.089389
vn 0.767902 0.538732 -0.346545
vn 0.620088 0.728037 -0.292322
vn 0.715368 0.688673 -0.118229
vn 0.510886 0.639803 -0.57415
vn 0.620088 0.728037 -0.292322
vn 0.767902 0.538732 -0.346545
vn 0.510886 0.639803 -0.57415
vn 0.425164 0.789036 -0.443462
vn 0.620088 0.728037 -0.292322
vn 0.144798 0.77685 -0.612811
vn 0.425164 0.789036 -0.443462
vn 0.510886 0.639803 -0.57415
vn 0.144798 0.77685 -0.612811
vn 0.337146 0.813761 -0.473419
vn 0.425164 0.789036 -0.443462
vn -0.0484 0.840174 -0.540153
vn 0.337146 0.813761 -0.473419
vn 0.144798 0.77685 -0.612811
vn -0.0484 0.840174 -0.540153
vn 0.099841 0.944015 -0.314431
vn 0.337146 0.813761 -0.473419
vn -0.135567 0.848792 -0.511052
vn 0.099841 0.944015 -0.314431
vn -0.0484 0.840174 -0.540153
vn 0.10847 0.976457 -0.186455
vn 0.043567 0.994538 -0.094846
vn 0.034349 0.994128 -0.102613
vn 0.10847 0.976457 -0.186455
vn 0.166558 0.98339 0.072123
vn 0.043567 0.994538 -0.094846
vn 0.174393 0.968295 -0.178862
vn 0.329541 0.940922 0.077905
vn 0.272131 0.94555 -0.178548
vn 0.174393 0.968295 -0.178862
vn 0.11715 0.985589 0.122023
vn 0.329541 0.940922 0.077905
vn -0.196557 0.956883 0.213871
vn 0.11715 0.985589 0.122023
vn 0.174393 0.968295 -0.178862
vn -0.196557 0.956883 0.213871
vn 0.136805 0.683087 0.71741
vn 0.11715 0.985589 0.122023
vn -0.228999 0.607685 0.760446
vn 0.136805 0.683087 0.71741
vn -0.196557 0.956883 0.213871
vn -0.228999 0.607685 0.760446
vn 0.521274 0.632723 0.572656
vn 0.136805 0.683087 0.71741
vn -0.083872 0.762964 0.640976
vn 0.521274 0.632723 0.572656
vn -0.228999 0.607685 0.760446
vn -0.083872 0.762964 0.640976
vn 0.138055 0.779394 0.611135
vn 0.521274 0.632723 0.572656
vn -0.425838 0.042807 0.903786
vn -0.364794 0.620236 0.694429
vn -0.083872 0.762964 0.640976
vn -0.425838 0.042807 0.903786
vn -0.616997 -0.088853 0.781933
vn -0.364794 0.620236 0.694429
vn -0.103146 -0.851242 0.514536
vn -0.616997 -0.088853 0.781933
vn -0.425838 0.042807 0.903786
vn -0.103146 -0.851242 0.514536
vn -0.584749 -0.459118 0.66879
vn -0.616997 -0.088853 0.781933
vn 0.71355 -0.660247 -0.234351
vn 0.385937 -0.85088 -0.356449
vn 0.223853 -0.958467 0.176724
vn 0.71355 -0.660247 -0.234351
vn 0.40453 -0.848484 -0.34122
vn 0.385937 -0.85088 -0.356449
vn 0.397952 -0.844492 -0.358423
vn 0.40453 -0.848484 -0.34122
vn 0.71355 -0.660247 -0.234351
vn 0.397952 -0.844492 -0.358423
vn 0.457496 -0.840512 -0.290236
vn 0.40453 -0.848484 -0.34122
vn 0.057859 -0.496977 -0.865833
vn 0.123826 -0.493647 -0.860802
vn 0.114648 -0.512337 -0.851097
vn 0.057859 -0.496977 -0.865833
vn 0.042886 -0.487176 -0.87225
vn 0.123826 -0.493647 -0.860802
vn 0.040142 -0.485218 -0.873471
vn 0.042886 -0.487176 -0.87225
vn 0.057859 -0.496977 -0.865833
vn 0.040142 -0.485218 -0.873471
vn 0.040316 -0.479999 -0.876342
vn 0.042886 -0.487176 -0.87225
vn 0.719577 -0.60146 -0.347066
vn 0.040316 -0.479999 -0.876342
vn 0.040142 -0.485218 -0.873471
vn 0.719577 -0.60146 -0.347066
vn 0.706167 -0.409106 -0.577894
vn 0.040316 -0.479999 -0.876342
vn 0.663607 -0.694494 0.278037
vn 0.847568 0.497531 -0.184638
vn 0.682918 -0.729042 0.046053
vn 0.535234 -0.683406 0.496468
vn 0.038347 -0.416986 0.908104
vn 0.687917 -0.347908 0.636969
vn 0.03276 -0.429233 0.902599
vn 0.038347 -0.416986 0.908104
vn 0.535234 -0.683406 0.496468
vn 0.03276 -0.429233 0.902599
vn 0.02541 -0.431327 0.901838
vn 0.038347 -0.416986 0.908104
vn 0.039541 -0.438799 0.897715
vn 0.02541 -0.431327 0.901838
vn 0.03276 -0.429233 0.902599
vn 0.039541 -0.438799 0.897715
vn 0.097856 -0.463663 0.880591
vn 0.02541 -0.431327 0.901838
vn 0.12011 -0.449684 0.885075
vn 0.097856 -0.463663 0.880591
vn 0.039541 -0.438799 0.897715
vn 0.12011 -0.449684 0.885075
vn 0.482316 -0.545217 0.685646
vn 0.097856 -0.463663 0.880591
vn 0.154665 -0.585049 -0.796113
vn 0.517723 -0.609644 -0.600248
vn 0.12218 -0.550463 -0.825871
vn 0.154665 -0.585049 -0.796113
vn 0.650902 -0.610035 -0.451867
vn 0.517723 -0.609644 -0.600248
vn 0.130525 -0.454432 0.881167
vn 0.141416 -0.461437 0.87583
vn 0.53234 -0.487903 0.691784
vn 0.130525 -0.454432 0.881167
vn 0.062657 -0.444647 0.893511
vn 0.141416 -0.461437 0.87583
vn 0.041117 -0.434682 0.899645
vn 0.062657 -0.444647 0.893511
vn 0.130525 -0.454432 0.881167
vn 0.041117 -0.434682 0.899645
vn 0.042173 -0.425987 0.903746
vn 0.062657 -0.444647 0.893511
vn 0.044321 -0.41049 0.910787
vn 0.042173 -0.425987 0.903746
vn 0.041117 -0.434682 0.899645
vn 0.044321 -0.41049 0.910787
vn 0.036845 -0.410612 0.911065
vn 0.042173 -0.425987 0.903746
vn 0.048567 -0.413874 0.909037
vn 0.036845 -0.410612 0.911065
vn 0.044321 -0.41049 0.910787
vn 0.032236 -0.44318 -0.895853
vn 0.026201 -0.434863 -0.900115
vn 0.020326 -0.442517 -0.89653
vn 0.542073 -0.747316 -0.384285
vn 0.026201 -0.434863 -0.900115
vn 0.032236 -0.44318 -0.895853
vn 0.370998 -0.816624 -0.442138
vn 0.018724 -0.415822 -0.909253
vn 0.026201 -0.434863 -0.900115
vn 0.682918 -0.729042 0.046053
vn 0.508182 0.794781 0.331775
vn 0.580705 -0.734097 0.35197
vn 0.705142 -0.56664 0.426255
vn 0.026497 -0.422278 0.906079
vn 0.673366 0.164545 0.720766
vn 0.024924 -0.436105 0.899551
vn 0.026497 -0.422278 0.906079
vn 0.705142 -0.56664 0.426255
vn 0.024924 -0.436105 0.899551
vn 0.017917 -0.446657 0.894526
vn 0.026497 -0.422278 0.906079
vn 0.038131 -0.471198 0.881203
vn 0.017917 -0.446657 0.894526
vn 0.024924 -0.436105 0.899551
vn 0.038131 -0.471198 0.881203
vn 0.109363 -0.475789 0.872734
vn 0.017917 -0.446657 0.894526
vn 0.10529 -0.497533 0.861031
vn 0.109363 -0.475789 0.872734
vn 0.038131 -0.471198 0.881203
vn 0.10529 -0.497533 0.861031
vn 0.528274 -0.488464 0.694499
vn 0.109363 -0.475789 0.872734
vn 0.123826 -0.493647 -0.860802
vn 0.530666 -0.498218 -0.685691
vn 0.114648 -0.512337 -0.851097
vn 0.123826 -0.493647 -0.860802
vn 0.720132 -0.447933 -0.529874
vn 0.530666 -0.498218 -0.685691
vn 0.630437 -0.045917 0.774881
vn 0.559006 0.544609 0.62523
vn 0.669168 0.061684 0.740547
vn 0.630437 -0.045917 0.774881
vn 0.313587 0.637103 0.704104
vn 0.559006 0.544609 0.62523
vn 0.417956 -0.026342 0.908085
vn 0.313587 0.637103 0.704104
vn 0.630437 -0.045917 0.774881
vn 0.417956 -0.026342 0.908085
vn 0.08387 0.762957 0.640985
vn 0.313587 0.637103 0.704104
vn 0.190799 0.666856 0.720346
vn 0.08387 0.762957 0.640985
vn 0.417956 -0.026342 0.908085
vn 0.190799 0.666856 0.720346
vn -0.623617 0.563685 0.541629
vn 0.08387 0.762957 0.640985
vn -0.10471 0.616398 0.780441
vn -0.623617 0.563685 0.541629
vn 0.190799 0.666856 0.720346
vn -0.10471 0.616398 0.780441
vn -0.781229 -0.145434 0.607067
vn -0.623617 0.563685 0.541629
vn -0.266724 0.518084 0.812679
vn -0.656396 -0.130942 0.742966
vn -0.10471 0.616398 0.780441
vn -0.269452 -0.261897 0.926717
vn -0.586521 -0.592535 0.552174
vn -0.781229 -0.145434 0.607067
vn -0.04432 -0.410491 0.910787
vn -0.586521 -0.592535 0.552174
vn -0.269452 -0.261897 0.926717
vn -0.04432 -0.410491 0.910787
vn -0.048567 -0.413876 0.909037
vn -0.586521 -0.592535 0.552174
vn -0.036843 -0.410614 0.911065
vn -0.048567 -0.413876 0.909037
vn -0.04432 -0.410491 0.910787
vn -0.020331 -0.442515 -0.896531
vn -0.026201 -0.434862 -0.900116
vn -0.032241 -0.443177 -0.895854
vn -0.026782 -0.433813 -0.900605
vn -0.026201 -0.434862 -0.900116
vn -0.020331 -0.442515 -0.896531
vn -0.026782 -0.433813 -0.900605
vn -0.028263 -0.429623 -0.902566
vn -0.026201 -0.434862 -0.900116
vn -0.048981 -0.444588 -0.894395
vn -0.028263 -0.429623 -0.902566
vn -0.026782 -0.433813 -0.900605
vn -0.048981 -0.444588 -0.894395
vn -0.129821 -0.453043 -0.881985
vn -0.028263 -0.429623 -0.902566
vn -0.13421 -0.472692 -0.870948
vn -0.129821 -0.453043 -0.881985
vn -0.048981 -0.444588 -0.894395
vn -0.13421 -0.472692 -0.870948
vn -0.538585 -0.480659 -0.692021
vn -0.129821 -0.453043 -0.881985
vn -0.141869 -0.46081 0.876086
vn -0.532344 -0.487899 0.691783
vn -0.106583 -0.452016 0.885619
vn -0.141869 -0.46081 0.876086
vn -0.704134 -0.469913 0.532331
vn -0.532344 -0.487899 0.691783
vn -0.083814 0.996464 0.00583
vn -0.085569 0.996315 0.005797
vn -0.082425 0.996582 0.005549
vn -0.083814 0.996464 0.00583
vn -0.085791 0.996298 0.005565
vn -0.085569 0.996315 0.005797
vn -0.032761 -0.429234 0.902599
vn -0.032696 -0.435735 0.899481
vn -0.038207 -0.43427 0.899972
vn -0.032761 -0.429234 0.902599
vn -0.038347 -0.416986 0.908104
vn -0.032696 -0.435735 0.899481
vn -0.535235 -0.683406 0.496468
vn -0.038347 -0.416986 0.908104
vn -0.032761 -0.429234 0.902599
vn -0.535235 -0.683406 0.496468
vn -0.687917 -0.347908 0.63697
vn -0.038347 -0.416986 0.908104
vn -0.71685 -0.681788 -0.145918
vn -0.650909 0.733641 -0.195164
vn -0.645841 -0.753513 0.122914
vn -0.719575 -0.601462 -0.347067
vn -0.040315 -0.480001 -0.876341
vn -0.706166 -0.409108 -0.577893
vn -0.04014 -0.485219 -0.873471
vn -0.040315 -0.480001 -0.876341
vn -0.719575 -0.601462 -0.347067
vn -0.04014 -0.485219 -0.873471
vn -0.042884 -0.487175 -0.872251
vn -0.040315 -0.480001 -0.876341
vn -0.057859 -0.496977 -0.865833
vn -0.042884 -0.487175 -0.872251
vn -0.04014 -0.485219 -0.873471
vn -0.057859 -0.496977 -0.865833
vn -0.123828 -0.493648 -0.860801
vn -0.042884 -0.487175 -0.872251
vn -0.114648 -0.512342 -0.851094
vn -0.123828 -0.493648 -0.860801
vn -0.057859 -0.496977 -0.865833
vn -0.114648 -0.512342 -0.851094
vn -0.530667 -0.498215 -0.685692
vn -0.123828 -0.493648 -0.860801
vn -0.123539 -0.480906 0.868025
vn -0.528274 -0.488462 0.694501
vn -0.074087 -0.484617 0.871583
vn -0.123539 -0.480906 0.868025
vn -0.718433 -0.441828 0.537253
vn -0.528274 -0.488462 0.694501
vn -0.010981 0.999645 -0.024269
vn -0.000073 0.999794 -0.020281
vn -0.033758 0.998589 -0.040996
vn -0.010981 0.999645 -0.024269
vn 0.010379 0.999912 -0.008304
vn -0.000073 0.999794 -0.020281
vn -0.048546 -0.37727 0.92483
vn -0.049367 -0.371253 0.927218
vn -0.042114 -0.375103 0.926026
vn -0.048546 -0.37727 0.92483
vn -0.024167 -0.345863 0.937974
vn -0.049367 -0.371253 0.927218
vn -0.150061 -0.55559 0.817803
vn -0.024167 -0.345863 0.937974
vn -0.048546 -0.37727 0.92483
vn -0.150061 -0.55559 0.817803
vn 0.039046 -0.278204 0.959728
vn -0.024167 -0.345863 0.937974
vn -0.700233 -0.683414 -0.206447
vn -0.450342 0.731585 -0.511835
vn -0.45687 -0.569043 -0.68371
vn -0.700233 -0.683414 -0.206447
vn -0.067976 -0.538322 -0.839994
vn -0.725432 0.116838 -0.678305
vn -0.054286 -0.533791 -0.843872
vn -0.067976 -0.538322 -0.839994
vn -0.700233 -0.683414 -0.206447
vn -0.054286 -0.533791 -0.843872
vn -0.040646 -0.528653 -0.847864
vn -0.067976 -0.538322 -0.839994
vn -0.053952 -0.537788 -0.841352
vn -0.040646 -0.528653 -0.847864
vn -0.054286 -0.533791 -0.843872
vn -0.053952 -0.537788 -0.841352
vn -0.138506 -0.570064 -0.809841
vn -0.040646 -0.528653 -0.847864
vn -0.167837 -0.561149 -0.81052
vn -0.138506 -0.570064 -0.809841
vn -0.053952 -0.537788 -0.841352
vn -0.167837 -0.561149 -0.81052
vn -0.517728 -0.609641 -0.600246
vn -0.138506 -0.570064 -0.809841
vn -0.111003 -0.472953 0.874068
vn -0.482319 -0.545215 0.685645
vn -0.092549 -0.444982 0.890744
vn -0.111003 -0.472953 0.874068
vn -0.635609 -0.568193 0.522645
vn -0.482319 -0.545215 0.685645
vn -0.035418 0.990321 -0.134201
vn -0.051494 0.993206 -0.104353
vn -0.061489 0.985338 -0.159146
vn -0.035418 0.990321 -0.134201
vn -0.005673 0.998829 -0.048049
vn -0.051494 0.993206 -0.104353
vn -0.517728 -0.609641 -0.600246
vn -0.650906 -0.610031 -0.451867
vn -0.138506 -0.570064 -0.809841
vn 0.534721 -0.287139 0.794749
vn 0.728919 -0.063762 0.681624
vn 0.580368 -0.079195 0.810494
vn 0.534721 -0.287139 0.794749
vn 0.625698 -0.190308 0.756495
vn 0.728919 -0.063762 0.681624
vn 0.44851 -0.276272 0.850007
vn 0.625698 -0.190308 0.756495
vn 0.534721 -0.287139 0.794749
vn 0.44851 -0.276272 0.850007
vn 0.645589 -0.145131 0.749768
vn 0.625698 -0.190308 0.756495
vn 0.373101 -0.213489 0.902894
vn 0.645589 -0.145131 0.749768
vn 0.44851 -0.276272 0.850007
vn 0.373101 -0.213489 0.902894
vn 0.751038 -0.135854 0.646131
vn 0.645589 -0.145131 0.749768
vn 0.51709 -0.115592 0.84809
vn 0.751038 -0.135854 0.646131
vn 0.373101 -0.213489 0.902894
vn 0.51709 -0.115592 0.84809
vn 0.85613 0.070488 0.51193
vn 0.751038 -0.135854 0.646131
vn 0.57023 0.071292 0.818386
vn 0.85613 0.070488 0.51193
vn 0.51709 -0.115592 0.84809
vn 0.57023 0.071292 0.818386
vn 0.709717 0.362139 0.604283
vn 0.85613 0.070488 0.51193
vn 0.461429 0.437014 0.772077
vn 0.709717 0.362139 0.604283
vn 0.57023 0.071292 0.818386
vn 0.461429 0.437014 0.772077
vn 0.573731 0.44328 0.68872
vn 0.709717 0.362139 0.604283
vn 0.316492 0.676637 0.664827
vn 0.573731 0.44328 0.68872
vn 0.461429 0.437014 0.772077
vn 0.316492 0.676637 0.664827
vn 0.374445 0.639079 0.67184
vn 0.573731 0.44328 0.68872
vn 0.129131 0.784707 0.606268
vn 0.374445 0.639079 0.67184
vn 0.316492 0.676637 0.664827
vn 0.129131 0.784707 0.606268
vn 0.200709 0.933261 0.297892
vn 0.374445 0.639079 0.67184
vn -0.891595 0.036567 0.451355
vn -0.948819 -0.181862 0.258202
vn -0.971458 -0.072344 0.22591
vn -0.891595 0.036567 0.451355
vn -0.78937 -0.143745 0.596852
vn -0.948819 -0.181862 0.258202
vn -0.471908 -0.096282 0.876375
vn -0.78937 -0.143745 0.596852
vn -0.891595 0.036567 0.451355
vn -0.471908 -0.096282 0.876375
vn -0.575102 -0.127874 0.808026
vn -0.78937 -0.143745 0.596852
vn -0.32577 -0.212609 0.921234
vn -0.575102 -0.127874 0.808026
vn -0.471908 -0.096282 0.876375
vn -0.32577 -0.212609 0.921234
vn -0.501968 -0.245451 0.829326
vn -0.575102 -0.127874 0.808026
vn -0.467334 -0.265783 0.843183
vn -0.501968 -0.245451 0.829326
vn -0.32577 -0.212609 0.921234
vn -0.467334 -0.265783 0.843183
vn -0.524028 -0.275639 0.805864
vn -0.501968 -0.245451 0.829326
vn -0.470034 -0.217089 0.855535
vn -0.524028 -0.275639 0.805864
vn -0.467334 -0.265783 0.843183
vn -0.470034 -0.217089 0.855535
vn -0.500092 -0.345208 0.794191
vn -0.524028 -0.275639 0.805864
vn -0.447956 -0.186012 0.874491
vn -0.500092 -0.345208 0.794191
vn -0.470034 -0.217089 0.855535
vn -0.447956 -0.186012 0.874491
vn -0.589102 -0.286564 0.755539
vn -0.500092 -0.345208 0.794191
vn -0.447193 -0.079562 0.890892
vn -0.589102 -0.286564 0.755539
vn -0.447956 -0.186012 0.874491
vn -0.447193 -0.079562 0.890892
vn -0.424091 -0.107875 0.899172
vn -0.589102 -0.286564 0.755539
vn -0.349341 -0.015441 0.936869
vn -0.424091 -0.107875 0.899172
vn -0.447193 -0.079562 0.890892
vn -0.349341 -0.015441 0.936869
vn -0.261055 -0.09009 0.961111
vn -0.424091 -0.107875 0.899172
vn 0.982803 -0.166893 0.07902
vn 0.917446 -0.059092 0.393447
vn 0.98026 0.061598 0.187871
vn 0.982803 -0.166893 0.07902
vn 0.813149 -0.56049 0.15697
vn 0.917446 -0.059092 0.393447
vn 0.917315 -0.39816 0.001457
vn 0.813149 -0.56049 0.15697
vn 0.982803 -0.166893 0.07902
vn 0.917315 -0.39816 0.001457
vn 0.695152 -0.661909 -0.28043
vn 0.813149 -0.56049 0.15697
vn 0.713482 -0.686659 -0.13944
vn 0.695152 -0.661909 -0.28043
vn 0.917315 -0.39816 0.001457
vn 0.713482 -0.686659 -0.13944
vn 0.49903 -0.828264 -0.254849
vn 0.695152 -0.661909 -0.28043
vn 0.537664 -0.840479 -0.067173
vn 0.49903 -0.828264 -0.254849
vn 0.713482 -0.686659 -0.13944
vn 0.537664 -0.840479 -0.067173
vn 0.353587 -0.923821 -0.146733
vn 0.49903 -0.828264 -0.254849
vn 0.432129 -0.900654 0.045688
vn 0.353587 -0.923821 -0.146733
vn 0.537664 -0.840479 -0.067173
vn 0.432129 -0.900654 0.045688
vn 0.219926 -0.964018 -0.14934
vn 0.353587 -0.923821 -0.146733
vn 0.322991 -0.936529 0.136348
vn 0.219926 -0.964018 -0.14934
vn 0.432129 -0.900654 0.045688
vn 0.322991 -0.936529 0.136348
vn 0.000854 -0.986153 -0.165834
vn 0.219926 -0.964018 -0.14934
vn -0.03143 -0.985801 0.164953
vn 0.000854 -0.986153 -0.165834
vn 0.322991 -0.936529 0.136348
vn -0.03143 -0.985801 0.164953
vn -0.200426 -0.968449 -0.148109
vn 0.000854 -0.986153 -0.165834
vn -0.314691 -0.942335 0.113904
vn -0.200426 -0.968449 -0.148109
vn -0.03143 -0.985801 0.164953
vn -0.314691 -0.942335 0.113904
vn -0.325491 -0.933236 -0.152073
vn -0.200426 -0.968449 -0.148109
vn -0.462397 -0.883053 0.08004
vn -0.325491 -0.933236 -0.152073
vn -0.314691 -0.942335 0.113904
vn -0.462397 -0.883053 0.08004
vn -0.49357 -0.837652 -0.23394
vn -0.325491 -0.933236 -0.152073
vn -0.573576 -0.817545 -0.051283
vn -0.49357 -0.837652 -0.23394
vn -0.462397 -0.883053 0.08004
vn -0.573576 -0.817545 -0.051283
vn -0.716848 -0.648154 -0.256956
vn -0.49357 -0.837652 -0.23394
vn -0.731387 -0.670191 -0.126161
vn -0.716848 -0.648154 -0.256956
vn -0.573576 -0.817545 -0.051283
vn -0.731387 -0.670191 -0.126161
vn -0.903937 -0.426662 -0.029285
vn -0.716848 -0.648154 -0.256956
vn -0.745389 -0.636054 0.199574
vn -0.903937 -0.426662 -0.029285
vn -0.731387 -0.670191 -0.126161
vn -0.745389 -0.636054 0.199574
vn -0.903734 -0.269984 0.332226
vn -0.903937 -0.426662 -0.029285
vn -0.703025 -0.521091 0.483964
vn -0.903734 -0.269984 0.332226
vn -0.745389 -0.636054 0.199574
vn -0.703025 -0.521091 0.483964
vn -0.691206 -0.333037 0.641343
vn -0.903734 -0.269984 0.332226
vn -0.505318 -0.598234 0.621908
vn -0.691206 -0.333037 0.641343
vn -0.703025 -0.521091 0.483964
vn -0.505318 -0.598234 0.621908
vn -0.42669 -0.437677 0.791438
vn -0.691206 -0.333037 0.641343
vn -0.336096 -0.558598 0.758293
vn -0.42669 -0.437677 0.791438
vn -0.505318 -0.598234 0.621908
vn -0.336096 -0.558598 0.758293
vn -0.25507 -0.432215 0.864944
vn -0.42669 -0.437677 0.791438
vn 0.036252 0.648786 0.760107
vn 0.000003 0.622211 0.78285
vn 0.635131 0.476086 0.608236
vn 0.036252 0.648786 0.760107
vn -0.580175 0.478842 0.658868
vn 0.000003 0.622211 0.78285
vn -0.031496 0.210275 0.977135
vn -0.580175 0.478842 0.658868
vn 0.036252 0.648786 0.760107
vn -0.031496 0.210275 0.977135
vn -0.330043 0.156543 0.930895
vn -0.580175 0.478842 0.658868
vn 0.00862 -0.112087 0.993661
vn -0.330043 0.156543 0.930895
vn -0.031496 0.210275 0.977135
vn 0.00862 -0.112087 0.993661
vn -0.282982 -0.112187 0.952541
vn -0.330043 0.156543 0.930895
vn 0.005663 -0.154296 0.988008
vn -0.282982 -0.112187 0.952541
vn 0.00862 -0.112087 0.993661
vn 0.005663 -0.154296 0.988008
vn -0.297699 -0.175308 0.938425
vn -0.282982 -0.112187 0.952541
vn -0.037591 -0.066423 0.997083
vn -0.297699 -0.175308 0.938425
vn 0.005663 -0.154296 0.988008
vn -0.037591 -0.066423 0.997083
vn -0.285715 -0.125708 0.950034
vn -0.297699 -0.175308 0.938425
vn 0.0 0.046797 0.998904
vn -0.285715 -0.125708 0.950034
vn -0.037591 -0.066423 0.997083
vn 0.0 0.046797 0.998904
vn -0.355765 -0.039021 0.93376
vn -0.285715 -0.125708 0.950034
vn 0.026736 0.219934 0.975148
vn -0.355765 -0.039021 0.93376
vn 0.0 0.046797 0.998904
vn 0.026736 0.219934 0.975148
vn -0.310207 0.226627 0.923262
vn -0.355765 -0.039021 0.93376
vn -0.054012 0.28497 0.957014
vn -0.310207 0.226627 0.923262
vn 0.026736 0.219934 0.975148
vn -0.054012 0.28497 0.957014
vn -0.339883 0.299926 0.891361
vn -0.310207 0.226627 0.923262
vn -0.170656 0.93493 -0.311098
vn -0.41537 0.433262 -0.799845
vn -0.434841 0.2546 -0.863766
vn -0.170656 0.93493 -0.311098
vn -0.070884 0.919295 -0.387132
vn -0.41537 0.433262 -0.799845
vn 0.385532 0.894275 0.22724
vn 0.439833 0.88866 -0.129733
vn 0.154275 0.941514 -0.299584
vn 0.620626 0.528283 0.579431
vn 0.918848 0.223826 0.324992
vn 0.617128 0.779163 0.109811
vn 0.702113 -0.151981 0.695657
vn 0.918848 0.223826 0.324992
vn 0.663285 0.324648 0.674282
vn 0.702113 -0.151981 0.695657
vn 0.901084 -0.150144 0.406822
vn 0.918848 0.223826 0.324992
vn 0.703833 -0.056201 0.708138
vn 0.901084 -0.150144 0.406822
vn 0.702113 -0.151981 0.695657
vn 0.703833 -0.056201 0.708138
vn 0.852427 -0.323843 0.410481
vn 0.901084 -0.150144 0.406822
vn 0.781678 -0.520061 0.344262
vn 0.852427 -0.323843 0.410481
vn 0.703833 -0.056201 0.708138
vn 0.781678 -0.520061 0.344262
vn 0.612828 -0.583826 -0.53253
vn 0.852427 -0.323843 0.410481
vn 0.362216 -0.908104 -0.210111
vn 0.869819 -0.476926 -0.126321
vn 0.781678 -0.520061 0.344262
vn -0.128619 -0.805891 -0.577925
vn -0.020738 -0.733199 -0.679698
vn -0.179909 -0.427893 -0.885743
vn -0.009385 -0.972509 -0.232677
vn -0.020738 -0.733199 -0.679698
vn 0.172284 -0.867639 -0.466391
vn -0.009385 -0.972509 -0.232677
vn 0.336465 -0.930645 -0.143843
vn -0.020738 -0.733199 -0.679698
vn 0.194516 -0.904105 0.380471
vn 0.336465 -0.930645 -0.143843
vn -0.009385 -0.972509 -0.232677
vn 0.194516 -0.904105 0.380471
vn 0.813149 -0.56049 0.15697
vn 0.336465 -0.930645 -0.143843
vn 0.917446 -0.059092 0.393447
vn 0.813149 -0.56049 0.15697
vn 0.389166 -0.766621 0.510727
vn -0.396732 -0.819548 0.413455
vn -0.226801 -0.902952 -0.365018
vn 0.11375 -0.951133 -0.287066
vn -0.396732 -0.819548 0.413455
vn -0.828343 -0.390381 0.401808
vn -0.226801 -0.902952 -0.365018
vn -0.917446 -0.059091 0.393447
vn -0.828343 -0.390381 0.401808
vn -0.654058 -0.587758 0.476182
vn -0.917446 -0.059091 0.393447
vn -0.703834 -0.056201 0.708138
vn -0.828343 -0.390381 0.401808
vn -0.938587 -0.16633 0.302306
vn -0.703834 -0.056201 0.708138
vn -0.917446 -0.059091 0.393447
vn -0.938587 -0.16633 0.302306
vn -0.702112 -0.151982 0.695658
vn -0.703834 -0.056201 0.708138
vn -0.880028 0.037877 0.473408
vn -0.702112 -0.151982 0.695658
vn -0.938587 -0.16633 0.302306
vn -0.880028 0.037877 0.473408
vn -0.663285 0.324647 0.674283
vn -0.702112 -0.151982 0.695658
vn 0.170657 0.93493 -0.311098
vn -0.620624 0.528284 0.579432
vn -0.66821 0.279822 0.689344
vn -0.154273 0.941514 -0.299584
vn -0.439832 0.88866 -0.129733
vn -0.38553 0.894276 0.22724
vn 0.415369 0.433263 -0.799845
vn 0.070888 0.919296 -0.387131
vn 0.170657 0.93493 -0.311098
vn -0.919912 0.391284 0.025669
vn -0.918848 0.223826 0.324992
vn -0.617126 0.779164 0.109811
vn -0.993033 -0.007867 -0.117571
vn -0.918848 0.223826 0.324992
vn -0.919912 0.391284 0.025669
vn -0.993033 -0.007867 -0.117571
vn -0.901084 -0.150144 0.406822
vn -0.918848 0.223826 0.324992
vn -0.869819 -0.476926 -0.126322
vn -0.901084 -0.150144 0.406822
vn -0.993033 -0.007867 -0.117571
vn -0.869819 -0.476926 -0.126322
vn -0.852426 -0.323843 0.410481
vn -0.901084 -0.150144 0.406822
vn -0.828343 -0.390381 0.401808
vn -0.852426 -0.323843 0.410481
vn -0.612827 -0.583826 -0.532531
vn -0.828343 -0.390381 0.401808
vn -0.703834 -0.056201 0.708138
vn -0.852426 -0.323843 0.410481
vn 0.207053 -0.405163 0.89049
vn 0.331031 -0.764971 0.552483
vn 0.109295 -0.613178 0.782347
vn 0.207053 -0.405163 0.89049
vn 0.344434 -0.458913 0.819002
vn 0.331031 -0.764971 0.552483
vn 0.324224 -0.153593 0.933428
vn 0.344434 -0.458913 0.819002
vn 0.207053 -0.405163 0.89049
vn 0.324224 -0.153593 0.933428
vn 0.225212 -0.110818 0.967987
vn 0.344434 -0.458913 0.819002
vn 0.173117 -0.042665 0.983977
vn 0.225212 -0.110818 0.967987
vn 0.324224 -0.153593 0.933428
vn 0.173117 -0.042665 0.983977
vn 0.020055 0.201577 0.979267
vn 0.225212 -0.110818 0.967987
vn 0.007207 -0.55216 0.833707
vn 0.020055 0.201577 0.979267
vn 0.173117 -0.042665 0.983977
vn 0.007207 -0.55216 0.833707
vn -0.211162 -0.073262 0.974702
vn 0.020055 0.201577 0.979267
vn -0.246785 -0.111086 0.962682
vn -0.211162 -0.073262 0.974702
vn -0.027258 -0.473355 0.88045
vn -0.246785 -0.111086 0.962682
vn -0.399127 -0.339042 0.851908
vn -0.211162 -0.073262 0.974702
vn -0.286301 -0.239519 0.927719
vn -0.399127 -0.339042 0.851908
vn -0.246785 -0.111086 0.962682
vn -0.286301 -0.239519 0.927719
vn -0.333195 -0.700805 0.630756
vn -0.399127 -0.339042 0.851908
vn -0.177063 -0.396197 0.900931
vn -0.333195 -0.700805 0.630756
vn -0.286301 -0.239519 0.927719
vn -0.177063 -0.396197 0.900931
vn -0.109297 -0.613177 0.782348
vn -0.333195 -0.700805 0.630756
vn -0.008855 -0.277138 0.960789
vn -0.109297 -0.613177 0.782348
vn -0.177063 -0.396197 0.900931
vn -0.008855 -0.277138 0.960789
vn -0.178181 0.0353 0.983364
vn 0.003953 -0.246631 0.969101
vn -0.241542 -0.428628 0.870595
vn -0.178181 0.0353 0.983364
vn -0.008855 -0.277138 0.960789
vn -0.241542 -0.428628 0.870595
vn -0.278539 -0.111367 0.953946
vn -0.178181 0.0353 0.983364
vn -0.260962 -0.614151 0.744793
vn -0.278539 -0.111367 0.953946
vn -0.241542 -0.428628 0.870595
vn -0.260962 -0.614151 0.744793
vn -0.04781 -0.118741 0.991774
vn -0.278539 -0.111367 0.953946
vn 0.034655 -0.727461 0.685273
vn -0.04781 -0.118741 0.991774
vn -0.260962 -0.614151 0.744793
vn 0.034655 -0.727461 0.685273
vn 0.224942 -0.10273 0.968941
vn -0.04781 -0.118741 0.991774
vn 0.269399 -0.672276 0.689543
vn 0.224942 -0.10273 0.968941
vn 0.034655 -0.727461 0.685273
vn 0.269399 -0.672276 0.689543
vn 0.197853 -0.000692 0.980232
vn 0.224942 -0.10273 0.968941
vn 0.196157 -0.425049 0.88366
vn 0.197853 -0.000692 0.980232
vn 0.269399 -0.672276 0.689543
vn 0.196157 -0.425049 0.88366
vn 0.008853 -0.277138 0.960789
vn 0.197853 -0.000692 0.980232
vn -0.446287 -0.415563 0.79255
vn 0.000001 -0.488177 0.872745
vn -0.642881 0.045776 0.764597
vn -0.446287 -0.415563 0.79255
vn -0.303469 -0.733241 0.608493
vn 0.000001 -0.488177 0.872745
vn -0.756398 -0.279368 0.591452
vn -0.303469 -0.733241 0.608493
vn -0.446287 -0.415563 0.79255
vn -0.756398 -0.279368 0.591452
vn -0.423301 -0.603189 0.676002
vn -0.303469 -0.733241 0.608493
vn -0.538928 -0.129686 0.832309
vn -0.423301 -0.603189 0.676002
vn -0.756398 -0.279368 0.591452
vn -0.538928 -0.129686 0.832309
vn -0.246785 -0.111086 0.962682
vn -0.423301 -0.603189 0.676002
vn -0.338658 0.056567 0.939208
vn -0.246785 -0.111086 0.962682
vn -0.538928 -0.129686 0.832309
vn -0.338658 0.056567 0.939208
vn -0.286301 -0.239519 0.927719
vn -0.246785 -0.111086 0.962682
vn -0.363053 0.039137 0.930946
vn -0.286301 -0.239519 0.927719
vn -0.338658 0.056567 0.939208
vn -0.363053 0.039137 0.930946
vn -0.177063 -0.396197 0.900931
vn -0.286301 -0.239519 0.927719
vn -0.320148 -0.233962 0.918023
vn -0.177063 -0.396197 0.900931
vn -0.363053 0.039137 0.930946
vn -0.320148 -0.233962 0.918023
vn -0.008855 -0.277138 0.960789
vn -0.177063 -0.396197 0.900931
vn -0.244324 -0.37155 0.895688
vn -0.008855 -0.277138 0.960789
vn -0.320148 -0.233962 0.918023
vn -0.244324 -0.37155 0.895688
vn -0.241542 -0.428628 0.870595
vn -0.008855 -0.277138 0.960789
vn -0.112728 -0.37068 0.921894
vn -0.241542 -0.428628 0.870595
vn -0.244324 -0.37155 0.895688
vn -0.112728 -0.37068 0.921894
vn -0.077649 -0.583719 0.808234
vn -0.241542 -0.428628 0.870595
vn 0.716818 0.463769 0.520663
vn 0.435822 0.854231 0.283459
vn 0.33694 0.824286 0.454999
vn 0.716818 0.463769 0.520663
vn 0.852954 0.502833 0.140103
vn 0.435822 0.854231 0.283459
vn 0.935782 0.092014 0.34036
vn 0.852954 0.502833 0.140103
vn 0.716818 0.463769 0.520663
vn 0.935782 0.092014 0.34036
vn 0.999633 -0.009058 -0.025526
vn 0.852954 0.502833 0.140103
vn 0.851181 -0.447118 0.274911
vn 0.999633 -0.009058 -0.025526
vn 0.935782 0.092014 0.34036
vn 0.851181 -0.447118 0.274911
vn 0.778703 -0.593381 -0.203768
vn 0.999633 -0.009058 -0.025526
vn 0.524981 -0.846791 -0.085677
vn 0.778703 -0.593381 -0.203768
vn 0.851181 -0.447118 0.274911
vn 0.524981 -0.846791 -0.085677
vn 0.237309 -0.919882 -0.312253
vn 0.778703 -0.593381 -0.203768
vn 0.557191 -0.770767 0.30896
vn 0.237309 -0.919882 -0.312253
vn 0.524981 -0.846791 -0.085677
vn 0.557191 -0.770767 0.30896
vn 0.882739 -0.444044 -0.153613
vn 0.237309 -0.919882 -0.312253
vn 0.921788 -0.379797 0.077855
vn 0.882739 -0.444044 -0.153613
vn 0.557191 -0.770767 0.30896
vn 0.921788 -0.379797 0.077855
vn 0.87912 -0.450412 -0.155811
vn 0.882739 -0.444044 -0.153613
vn 0.549577 -0.805129 0.223007
vn 0.87912 -0.450412 -0.155811
vn 0.921788 -0.379797 0.077855
vn 0.549577 -0.805129 0.223007
vn 0.433495 -0.851641 -0.294601
vn 0.87912 -0.450412 -0.155811
vn 0.060273 -0.992753 0.103968
vn 0.433495 -0.851641 -0.294601
vn 0.549577 -0.805129 0.223007
vn 0.060273 -0.992753 0.103968
vn -0.08522 -0.941616 -0.325724
vn 0.433495 -0.851641 -0.294601
vn -0.45483 -0.86675 0.204634
vn -0.08522 -0.941616 -0.325724
vn 0.060273 -0.992753 0.103968
vn -0.45483 -0.86675 0.204634
vn -0.608209 -0.750163 -0.259492
vn -0.08522 -0.941616 -0.325724
vn -0.842823 -0.537788 0.020818
vn -0.608209 -0.750163 -0.259492
vn -0.45483 -0.86675 0.204634
vn -0.842823 -0.537788 0.020818
vn -0.965981 -0.244402 -0.084549
vn -0.608209 -0.750163 -0.259492
vn -0.717963 -0.597339 0.357373
vn -0.965981 -0.244402 -0.084549
vn -0.842823 -0.537788 0.020818
vn -0.717963 -0.597339 0.357373
vn -0.463095 -0.839112 -0.285368
vn -0.965981 -0.244402 -0.084549
vn -0.368971 -0.922836 -0.110603
vn -0.463095 -0.839112 -0.285368
vn -0.717963 -0.597339 0.357373
vn -0.368971 -0.922836 -0.110603
vn -0.439299 -0.852202 -0.284199
vn -0.463095 -0.839112 -0.285368
vn -0.791101 -0.560274 0.245464
vn -0.439299 -0.852202 -0.284199
vn -0.368971 -0.922836 -0.110603
vn -0.791101 -0.560274 0.245464
vn -0.905728 -0.398535 -0.144319
vn -0.439299 -0.852202 -0.284199
vn -0.952213 -0.028702 0.304085
vn -0.905728 -0.398535 -0.144319
vn -0.791101 -0.560274 0.245464
vn -0.952213 -0.028702 0.304085
vn -0.982885 0.180942 0.034588
vn -0.905728 -0.398535 -0.144319
vn -0.775509 0.395265 0.492292
vn -0.982885 0.180942 0.034588
vn -0.952213 -0.028702 0.304085
vn -0.775509 0.395265 0.492292
vn -0.740517 0.641738 0.199515
vn -0.982885 0.180942 0.034588
vn -0.492113 0.760947 0.422829
vn -0.740517 0.641738 0.199515
vn -0.775509 0.395265 0.492292
vn -0.492113 0.760947 0.422829
vn -0.246292 0.916418 0.315465
vn -0.740517 0.641738 0.199515
vn -0.527133 0.494515 0.691076
vn -0.246292 0.916418 0.315465
vn -0.492113 0.760947 0.422829
vn -0.527133 0.494515 0.691076
vn -0.883481 0.443566 0.150702
vn -0.246292 0.916418 0.315465
vn -0.921996 0.253699 0.292507
vn -0.883481 0.443566 0.150702
vn -0.527133 0.494515 0.691076
vn -0.921996 0.253699 0.292507
vn -0.879129 0.45039 0.155826
vn -0.883481 0.443566 0.150702
vn -0.549235 0.498042 0.67104
vn -0.879129 0.45039 0.155826
vn -0.921996 0.253699 0.292507
vn -0.549235 0.498042 0.67104
vn -0.433503 0.851619 0.294651
vn -0.879129 0.45039 0.155826
vn -0.060272 0.716277 0.695208
vn -0.433503 0.851619 0.294651
vn -0.549235 0.498042 0.67104
vn -0.060272 0.716277 0.695208
vn 0.085231 0.941601 0.325765
vn -0.433503 0.851619 0.294651
vn 0.45447 0.557736 0.694542
vn 0.085231 0.941601 0.325765
vn -0.060272 0.716277 0.695208
vn 0.45447 0.557736 0.694542
vn 0.608212 0.750144 0.259544
vn 0.085231 0.941601 0.325765
vn 0.842772 0.412672 0.345597
vn 0.608212 0.750144 0.259544
vn 0.45447 0.557736 0.694542
vn 0.842772 0.412672 0.345597
vn 0.965714 0.245541 0.0843
vn 0.608212 0.750144 0.259544
vn 0.694335 0.336325 0.636226
vn 0.965714 0.245541 0.0843
vn 0.842772 0.412672 0.345597
vn 0.694335 0.336325 0.636226
vn 0.467073 0.836474 0.286625
vn 0.965714 0.245541 0.0843
vn 0.33694 0.824286 0.454999
vn 0.467073 0.836474 0.286625
vn 0.694335 0.336325 0.636226
vn 0.33694 0.824286 0.454999
vn 0.435822 0.854231 0.283459
vn 0.467073 0.836474 0.286625
vn 0.084393 -0.733036 0.674934
vn 0.282716 -0.655618 0.70017
vn 0.544573 -0.620671 0.564099
vn 0.084393 -0.733036 0.674934
vn -0.045667 -0.40766 0.911991
vn 0.282716 -0.655618 0.70017
vn -0.422294 -0.777276 0.466379
vn -0.045667 -0.40766 0.911991
vn 0.084393 -0.733036 0.674934
vn -0.422294 -0.777276 0.466379
vn -0.390061 -0.502615 0.771512
vn -0.045667 -0.40766 0.911991
vn -0.657096 -0.269132 0.704125
vn -0.390061 -0.502615 0.771512
vn -0.422294 -0.777276 0.466379
vn -0.382609 -0.392592 0.83635
vn 0.139784 -0.093304 0.985776
vn -0.040598 -0.281347 0.958747
vn -0.501337 0.250881 0.828082
vn 0.139784 -0.093304 0.985776
vn -0.406789 -0.167824 0.897974
vn -0.501337 0.250881 0.828082
vn -0.062953 -0.009198 0.997974
vn 0.139784 -0.093304 0.985776
vn -0.075819 0.179526 0.980827
vn -0.062953 -0.009198 0.997974
vn 0.003031 -0.024736 0.999689
vn -0.075819 0.179526 0.980827
vn 0.045856 -0.239083 0.969916
vn 0.068354 -0.157939 0.98508
vn -0.099341 0.072802 0.992387
vn 0.045856 -0.239083 0.969916
vn -0.075819 0.179526 0.980827
vn -0.099341 0.072802 0.992387
vn 0.153226 -0.098388 0.983281
vn 0.045856 -0.239083 0.969916
vn 0.367167 0.03399 0.929534
vn 0.153226 -0.098388 0.983281
vn 0.388929 0.364077 0.846276
vn 0.367167 0.03399 0.929534
vn -0.129837 -0.211466 0.968723
vn 0.010032 -0.235407 0.971845
vn 0.404683 -0.418663 0.81299
vn -0.129837 -0.211466 0.968723
vn 0.361132 -0.192095 0.912515
vn 0.544573 -0.620671 0.564099
vn 0.282716 -0.655618 0.70017
vn 0.395864 -0.374623 0.838421
vn 0.492117 0.760942 -0.422834
vn 0.740529 0.641727 -0.199508
vn 0.775519 0.39525 -0.492289
vn 0.492117 0.760942 -0.422834
vn 0.246281 0.916423 -0.31546
vn 0.740529 0.641727 -0.199508
vn 0.527125 0.494507 -0.691087
vn 0.246281 0.916423 -0.31546
vn 0.492117 0.760942 -0.422834
vn 0.527125 0.494507 -0.691087
vn 0.88348 0.443567 -0.150701
vn 0.246281 0.916423 -0.31546
vn 0.921993 0.253698 -0.292517
vn 0.88348 0.443567 -0.150701
vn 0.527125 0.494507 -0.691087
vn 0.921993 0.253698 -0.292517
vn 0.879129 0.450391 -0.155823
vn 0.88348 0.443567 -0.150701
vn 0.549227 0.498041 -0.671047
vn 0.879129 0.450391 -0.155823
vn 0.921993 0.253698 -0.292517
vn 0.549227 0.498041 -0.671047
vn 0.433505 0.851619 -0.294651
vn 0.879129 0.450391 -0.155823
vn 0.060272 0.716277 -0.695208
vn 0.433505 0.851619 -0.294651
vn 0.549227 0.498041 -0.671047
vn 0.060272 0.716277 -0.695208
vn -0.085228 0.941602 -0.325765
vn 0.433505 0.851619 -0.294651
vn -0.454477 0.557738 -0.694535
vn -0.085228 0.941602 -0.325765
vn 0.060272 0.716277 -0.695208
vn -0.454477 0.557738 -0.694535
vn -0.608212 0.750143 -0.259546
vn -0.085228 0.941602 -0.325765
vn -0.842778 0.41267 -0.345585
vn -0.608212 0.750143 -0.259546
vn -0.454477 0.557738 -0.694535
vn -0.842778 0.41267 -0.345585
vn -0.965714 0.24554 -0.084302
vn -0.608212 0.750143 -0.259546
vn -0.694341 0.336335 -0.636214
vn -0.965714 0.24554 -0.084302
vn -0.842778 0.41267 -0.345585
vn -0.694341 0.336335 -0.636214
vn -0.467082 0.836468 -0.286627
vn -0.965714 0.24554 -0.084302
vn -0.336938 0.82429 -0.454992
vn -0.467082 0.836468 -0.286627
vn -0.694341 0.336335 -0.636214
vn -0.336938 0.82429 -0.454992
vn -0.435823 0.854229 -0.283464
vn -0.467082 0.836468 -0.286627
vn -0.716815 0.463778 -0.52066
vn -0.435823 0.854229 -0.283464
vn -0.336938 0.82429 -0.454992
vn -0.716815 0.463778 -0.52066
vn -0.852947 0.502841 -0.140114
vn -0.435823 0.854229 -0.283464
vn -0.935778 0.092019 -0.34037
vn -0.852947 0.502841 -0.140114
vn -0.716815 0.463778 -0.52066
vn -0.935778 0.092019 -0.34037
vn -0.999634 -0.009062 0.025508
vn -0.852947 0.502841 -0.140114
vn -0.851178 -0.447121 -0.274915
vn -0.999634 -0.009062 0.025508
vn -0.935778 0.092019 -0.34037
vn -0.851178 -0.447121 -0.274915
vn -0.778697 -0.593385 0.203775
vn -0.999634 -0.009062 0.025508
vn -0.524981 -0.84679 0.085683
vn -0.778697 -0.593385 0.203775
vn -0.851178 -0.447121 -0.274915
vn -0.524981 -0.84679 0.085683
vn -0.237299 -0.91988 0.312264
vn -0.778697 -0.593385 0.203775
vn -0.557189 -0.770769 -0.30896
vn -0.237299 -0.91988 0.312264
vn -0.524981 -0.84679 0.085683
vn -0.557189 -0.770769 -0.30896
vn -0.882738 -0.444045 0.153614
vn -0.237299 -0.91988 0.312264
vn -0.921789 -0.379795 -0.077854
vn -0.882738 -0.444045 0.153614
vn -0.557189 -0.770769 -0.30896
vn -0.921789 -0.379795 -0.077854
vn -0.879122 -0.45041 0.155807
vn -0.882738 -0.444045 0.153614
vn -0.54958 -0.805126 -0.223011
vn -0.879122 -0.45041 0.155807
vn -0.921789 -0.379795 -0.077854
vn -0.54958 -0.805126 -0.223011
vn -0.433499 -0.851642 0.294593
vn -0.879122 -0.45041 0.155807
vn -0.06028 -0.992752 -0.103971
vn -0.433499 -0.851642 0.294593
vn -0.54958 -0.805126 -0.223011
vn -0.06028 -0.992752 -0.103971
vn 0.085221 -0.941615 0.325728
vn -0.433499 -0.851642 0.294593
vn 0.454831 -0.86675 -0.204631
vn 0.085221 -0.941615 0.325728
vn -0.06028 -0.992752 -0.103971
vn 0.454831 -0.86675 -0.204631
vn 0.608209 -0.750161 0.259499
vn 0.085221 -0.941615 0.325728
vn 0.842824 -0.537787 -0.020814
vn 0.608209 -0.750161 0.259499
vn 0.454831 -0.86675 -0.204631
vn 0.842824 -0.537787 -0.020814
vn 0.96598 -0.244404 0.08455
vn 0.608209 -0.750161 0.259499
vn 0.717965 -0.597338 -0.357371
vn 0.96598 -0.244404 0.08455
vn 0.842824 -0.537787 -0.020814
vn 0.717965 -0.597338 -0.357371
vn 0.463104 -0.839108 0.285363
vn 0.96598 -0.244404 0.08455
vn 0.368972 -0.922837 0.110596
vn 0.463104 -0.839108 0.285363
vn 0.717965 -0.597338 -0.357371
vn 0.368972 -0.922837 0.110596
vn 0.439297 -0.852205 0.28419
vn 0.463104 -0.839108 0.285363
vn 0.791098 -0.560277 -0.245465
vn 0.439297 -0.852205 0.28419
vn 0.368972 -0.922837 0.110596
vn 0.791098 -0.560277 -0.245465
vn 0.905733 -0.39852 0.144327
vn 0.439297 -0.852205 0.28419
vn 0.952216 -0.028692 -0.304074
vn 0.905733 -0.39852 0.144327
vn 0.791098 -0.560277 -0.245465
vn 0.952216 -0.028692 -0.304074
vn 0.982885 0.180945 -0.034571
vn 0.905733 -0.39852 0.144327
vn 0.775519 0.39525 -0.492289
vn 0.982885 0.180945 -0.034571
vn 0.952216 -0.028692 -0.304074
vn 0.775519 0.39525 -0.492289
vn 0.740529 0.641727 -0.199508
vn 0.982885 0.180945 -0.034571
vn 0.422292 -0.77728 -0.466375
vn 0.045666 -0.407659 -0.911992
vn -0.077269 -0.733461 -0.675325
vn 0.422292 -0.77728 -0.466375
vn 0.39008 -0.502628 -0.771494
vn 0.045666 -0.407659 -0.911992
vn 0.657134 -0.269131 -0.704091
vn 0.39008 -0.502628 -0.771494
vn 0.422292 -0.77728 -0.466375
vn 0.382651 -0.392599 -0.836328
vn -0.13977 -0.093302 -0.985778
vn 0.040602 -0.281357 -0.958744
vn 0.501351 0.250896 -0.828069
vn -0.13977 -0.093302 -0.985778
vn 0.406832 -0.167821 -0.897955
vn 0.501351 0.250896 -0.828069
vn 0.062953 -0.009196 -0.997974
vn -0.13977 -0.093302 -0.985778
vn 0.082796 0.179427 -0.980281
vn 0.062953 -0.009196 -0.997974
vn -0.007064 -0.019978 -0.999775
vn 0.082796 0.179427 -0.980281
vn -0.045859 -0.239083 -0.969916
vn -0.068356 -0.157937 -0.98508
vn 0.095223 0.067977 -0.993132
vn -0.045859 -0.239083 -0.969916
vn 0.082796 0.179427 -0.980281
vn 0.095223 0.067977 -0.993132
vn -0.153213 -0.098399 -0.983282
vn -0.045859 -0.239083 -0.969916
vn -0.367124 0.033985 -0.929551
vn -0.153213 -0.098399 -0.983282
vn -0.388933 0.364074 -0.846275
vn -0.367124 0.033985 -0.929551
vn 0.129858 -0.211462 -0.968721
vn -0.01002 -0.235414 -0.971843
vn -0.403638 -0.420301 -0.812665
vn 0.129858 -0.211462 -0.968721
vn -0.361087 -0.19209 -0.912534
vn -0.544556 -0.620661 -0.564126
vn -0.282719 -0.655618 -0.700168
vn -0.395822 -0.374617 -0.838443
vn -0.077269 -0.733461 -0.675325
vn -0.282719 -0.655618 -0.700168
vn -0.544556 -0.620661 -0.564126
vn -0.077269 -0.733461 -0.675325
vn 0.045666 -0.407659 -0.911992
vn -0.282719 -0.655618 -0.700168
vn -0.847185 0.50304 0.170962
vn -0.525452 0.600737 0.602507
vn -0.630544 0.763712 -0.138415
vn -0.628263 0.763692 0.148524
vn -0.702121 0.313067 0.639542
vn -0.525452 0.600737 0.602507
vn -0.99857 0.052048 0.012169
vn -0.83316 -0.311688 0.456831
vn -0.913853 -0.391754 0.10678
vn -0.99857 0.052048 0.012169
vn -0.965856 -0.166435 0.198548
vn -0.83316 -0.311688 0.456831
vn -0.777678 0.307472 0.548342
vn -0.965856 -0.166435 0.198548
vn -0.99857 0.052048 0.012169
vn -0.777678 0.307472 0.548342
vn -0.854581 -0.115999 0.506197
vn -0.965856 -0.166435 0.198548
vn -0.748552 -0.086901 0.657357
vn -0.854581 -0.115999 0.506197
vn -0.777678 0.307472 0.548342
vn -0.748552 -0.086901 0.657357
vn -0.581759 -0.560824 0.589095
vn -0.854581 -0.115999 0.506197
vn -0.993695 -0.095823 0.058205
vn -0.581759 -0.560824 0.589095
vn -0.748552 -0.086901 0.657357
vn -0.993695 -0.095823 0.058205
vn -0.760903 -0.642886 -0.087886
vn -0.581759 -0.560824 0.589095
vn -0.780632 -0.158385 -0.604589
vn -0.760903 -0.642886 -0.087886
vn -0.993695 -0.095823 0.058205
vn -0.780632 -0.158385 -0.604589
vn -0.518029 -0.586276 -0.622837
vn -0.760903 -0.642886 -0.087886
vn -0.853473 -0.184402 -0.487422
vn -0.518029 -0.586276 -0.622837
vn -0.780632 -0.158385 -0.604589
vn -0.76087 -0.212262 -0.613207
vn -0.833223 -0.373915 -0.407341
vn -0.518029 -0.586276 -0.622837
vn -0.955061 0.036658 -0.294132
vn -0.971241 -0.237643 -0.01473
vn -0.920876 -0.139511 -0.364038
vn -0.955061 0.036658 -0.294132
vn -0.998819 0.048355 -0.004676
vn -0.921598 -0.295367 -0.251826
vn -0.210627 -0.132573 -0.968535
vn -0.630022 -0.386655 -0.673476
vn -0.284783 0.080836 -0.955178
vn -0.210627 -0.132573 -0.968535
vn -0.086489 -0.775193 -0.625776
vn -0.630022 -0.386655 -0.673476
vn 0.91439 0.260202 0.310139
vn 0.630545 0.763711 0.138414
vn 0.423919 0.462431 0.778749
vn 0.91439 0.260202 0.310139
vn 0.855092 0.508301 -0.102214
vn 0.630545 0.763711 0.138414
vn 0.928494 -0.2234 0.296632
vn 0.766198 -0.642004 0.027785
vn 0.916311 -0.382869 0.11741
vn 0.928494 -0.2234 0.296632
vn 0.99857 0.052052 -0.012169
vn 0.909912 -0.386528 0.150518
vn 0.740244 0.336729 0.581939
vn 0.99857 0.052052 -0.012169
vn 0.928494 -0.2234 0.296632
vn 0.740244 0.336729 0.581939
vn 0.959842 0.280542 0.000001
vn 0.99857 0.052052 -0.012169
vn 0.798019 -0.035961 0.601558
vn 0.959842 0.280542 0.000001
vn 0.740244 0.336729 0.581939
vn 0.798019 -0.035961 0.601558
vn 0.972308 -0.233704 0.000001
vn 0.959842 0.280542 0.000001
vn 0.58176 -0.560824 0.589094
vn 0.972308 -0.233704 0.000001
vn 0.798019 -0.035961 0.601558
vn 0.58176 -0.560824 0.589094
vn 0.715118 -0.699004 0.000003
vn 0.972308 -0.233704 0.000001
vn 0.807921 -0.589178 0.011537
vn 0.715118 -0.699004 0.000003
vn 0.58176 -0.560824 0.589094
vn 0.807921 -0.589178 0.011537
vn 0.581758 -0.560823 -0.589097
vn 0.715118 -0.699004 0.000003
vn 0.898685 -0.271328 -0.344597
vn 0.581758 -0.560823 -0.589097
vn 0.807921 -0.589178 0.011537
vn 0.898685 -0.271328 -0.344597
vn 0.854579 -0.115997 -0.506201
vn 0.581758 -0.560823 -0.589097
vn 0.902846 -0.329441 -0.276294
vn 0.854579 -0.115997 -0.506201
vn 0.898685 -0.271328 -0.344597
vn 0.992478 0.028116 0.119151
vn 0.986592 -0.162938 -0.009311
vn 0.854579 -0.115997 -0.506201
vn 0.104371 -0.56769 -0.816599
vn 0.211813 -0.128891 -0.968774
vn 0.642519 -0.597419 -0.479854
vn 0.104371 -0.56769 -0.816599
vn 0.283778 0.081377 -0.955431
vn 0.211813 -0.128891 -0.968774
vn 0.91543 0.367934 -0.163132
vn 0.4887 0.758122 0.431768
vn 0.73878 0.148852 0.657303
vn 0.91543 0.367934 -0.163132
vn 0.235635 0.962235 0.136305
vn 0.4887 0.758122 0.431768
vn 0.537203 0.590551 -0.602214
vn 0.235635 0.962235 0.136305
vn 0.91543 0.367934 -0.163132
vn 0.537203 0.590551 -0.602214
vn 0.376781 0.91154 0.164715
vn 0.235635 0.962235 0.136305
vn 0.728094 0.548982 -0.410484
vn 0.343647 0.93902 -0.012145
vn 0.537203 0.590551 -0.602214
vn 0.880115 0.41446 -0.231562
vn 0.955606 0.288037 -0.062064
vn 0.660271 0.65884 0.360515
vn 0.726523 0.104824 -0.6791
vn 0.955606 0.288037 -0.062064
vn 0.921887 0.134228 -0.363465
vn 0.726523 0.104824 -0.6791
vn 0.616249 0.536153 -0.576868
vn 0.955606 0.288037 -0.062064
vn 0.126064 0.286374 -0.949788
vn 0.616249 0.536153 -0.576868
vn 0.726523 0.104824 -0.6791
vn 0.126064 0.286374 -0.949788
vn -0.132811 0.920081 -0.368528
vn 0.616249 0.536153 -0.576868
vn -0.550416 0.661414 -0.509484
vn -0.132811 0.920081 -0.368528
vn 0.126064 0.286374 -0.949788
vn -0.550416 0.661414 -0.509484
vn -0.481661 0.75279 0.448676
vn -0.132811 0.920081 -0.368528
vn -0.944209 0.324492 0.05634
vn -0.481661 0.75279 0.448676
vn -0.550416 0.661414 -0.509484
vn -0.944209 0.324492 0.05634
vn -0.704601 0.265866 0.657915
vn -0.481661 0.75279 0.448676
vn -0.897273 0.281995 0.339676
vn -0.704601 0.265866 0.657915
vn -0.944209 0.324492 0.05634
vn -0.778592 0.483183 0.400409
vn -0.820041 0.172974 0.54554
vn -0.704601 0.265866 0.657915
vn -0.460027 0.714095 0.527678
vn -0.820041 0.172974 0.54554
vn -0.635481 0.492652 0.594523
vn -0.460027 0.714095 0.527678
vn -0.864749 0.489061 0.114142
vn -0.820041 0.172974 0.54554
vn -0.154178 0.980261 -0.123767
vn -0.864749 0.489061 0.114142
vn -0.460027 0.714095 0.527678
vn -0.154178 0.980261 -0.123767
vn -0.324568 0.765781 -0.55519
vn -0.864749 0.489061 0.114142
vn 0.563863 0.638669 -0.523603
vn -0.324568 0.765781 -0.55519
vn -0.154178 0.980261 -0.123767
vn 0.563863 0.638669 -0.523603
vn 0.241592 0.234704 -0.941567
vn -0.324568 0.765781 -0.55519
vn 0.611077 0.011935 -0.791481
vn 0.241592 0.234704 -0.941567
vn 0.563863 0.638669 -0.523603
vn 0.611077 0.011935 -0.791481
vn 0.087069 -0.410831 -0.907544
vn 0.241592 0.234704 -0.941567
vn 0.40085 -0.285021 -0.870679
vn 0.087069 -0.410831 -0.907544
vn 0.611077 0.011935 -0.791481
vn 0.118529 -0.198349 -0.972938
vn -0.527636 -0.297026 -0.795849
vn 0.087069 -0.410831 -0.907544
vn 0.208743 0.326265 -0.921942
vn -0.494408 0.264677 -0.827953
vn 0.134481 0.071327 -0.988346
vn 0.208743 0.326265 -0.921942
vn -0.545044 0.307909 -0.77982
vn -0.602454 0.123592 -0.788526
vn 0.104135 -0.284901 -0.952884
vn -0.545044 0.307909 -0.77982
vn 0.208743 0.326265 -0.921942
vn 0.104135 -0.284901 -0.952884
vn -0.738779 -0.148832 -0.657308
vn -0.545044 0.307909 -0.77982
vn -0.416008 -0.780383 -0.46684
vn -0.738779 -0.148832 -0.657308
vn 0.104135 -0.284901 -0.952884
vn -0.416008 -0.780383 -0.46684
vn -0.915439 -0.36792 0.163115
vn -0.738779 -0.148832 -0.657308
vn -0.269099 -0.963029 -0.012707
vn -0.915439 -0.36792 0.163115
vn -0.416008 -0.780383 -0.46684
vn -0.269099 -0.963029 -0.012707
vn -0.537192 -0.590551 0.602224
vn -0.915439 -0.36792 0.163115
vn -0.376761 -0.911551 -0.164701
vn -0.537192 -0.590551 0.602224
vn -0.269099 -0.963029 -0.012707
vn -0.343621 -0.939029 0.012168
vn -0.728081 -0.548988 0.4105
vn -0.537192 -0.590551 0.602224
vn -0.955607 -0.288037 0.062053
vn -0.880112 -0.414462 0.23157
vn -0.660269 -0.658845 -0.36051
vn -0.955607 -0.288037 0.062053
vn -0.726521 -0.104832 0.6791
vn -0.921885 -0.134234 0.36347
vn -0.616247 -0.536165 0.576858
vn -0.726521 -0.104832 0.6791
vn -0.955607 -0.288037 0.062053
vn -0.616247 -0.536165 0.576858
vn -0.126051 -0.286373 0.94979
vn -0.726521 -0.104832 0.6791
vn 0.13283 -0.920083 0.368516
vn -0.126051 -0.286373 0.94979
vn -0.616247 -0.536165 0.576858
vn 0.13283 -0.920083 0.368516
vn 0.550418 -0.661418 0.509477
vn -0.126051 -0.286373 0.94979
vn 0.481651 -0.752797 -0.448675
vn 0.550418 -0.661418 0.509477
vn 0.13283 -0.920083 0.368516
vn 0.481651 -0.752797 -0.448675
vn 0.944203 -0.32451 -0.056343
vn 0.550418 -0.661418 0.509477
vn 0.704597 -0.265871 -0.657917
vn 0.944203 -0.32451 -0.056343
vn 0.481651 -0.752797 -0.448675
vn 0.704597 -0.265871 -0.657917
vn 0.897273 -0.281983 -0.339687
vn 0.944203 -0.32451 -0.056343
vn 0.820048 -0.172964 -0.545532
vn 0.778596 -0.483186 -0.400399
vn 0.704597 -0.265871 -0.657917
vn 0.820048 -0.172964 -0.545532
vn 0.460038 -0.714105 -0.527655
vn 0.635491 -0.492648 -0.594516
vn 0.864757 -0.489046 -0.114145
vn 0.460038 -0.714105 -0.527655
vn 0.820048 -0.172964 -0.545532
vn 0.864757 -0.489046 -0.114145
vn 0.154163 -0.980265 0.123749
vn 0.460038 -0.714105 -0.527655
vn 0.324567 -0.765784 0.555186
vn 0.154163 -0.980265 0.123749
vn 0.864757 -0.489046 -0.114145
vn 0.324567 -0.765784 0.555186
vn -0.563871 -0.638668 0.523596
vn 0.154163 -0.980265 0.123749
vn -0.241595 -0.23469 0.941569
vn -0.563871 -0.638668 0.523596
vn 0.324567 -0.765784 0.555186
vn -0.241595 -0.23469 0.941569
vn -0.611071 -0.011942 0.791486
vn -0.563871 -0.638668 0.523596
vn -0.087069 0.410836 0.907542
vn -0.611071 -0.011942 0.791486
vn -0.241595 -0.23469 0.941569
vn -0.087069 0.410836 0.907542
vn -0.400832 0.285021 0.870687
vn -0.611071 -0.011942 0.791486
vn 0.527629 0.297012 0.795859
vn -0.118521 0.198352 0.972938
vn -0.087069 0.410836 0.907542
vn 0.494401 -0.264691 0.827953
vn -0.208759 -0.326289 0.92193
vn -0.134468 -0.071334 0.988347
vn 0.545033 -0.30792 0.779823
vn -0.208759 -0.326289 0.92193
vn 0.602451 -0.123604 0.788527
vn 0.545033 -0.30792 0.779823
vn -0.090463 0.406634 0.909101
vn -0.208759 -0.326289 0.92193
vn 0.73878 0.148852 0.657303
vn -0.090463 0.406634 0.909101
vn 0.545033 -0.30792 0.779823
vn 0.73878 0.148852 0.657303
vn 0.4887 0.758122 0.431768
vn -0.090463 0.406634 0.909101
vn 0.432742 -0.792427 0.429876
vn 0.550418 -0.661418 0.509477
vn 0.944203 -0.32451 -0.056343
vn 0.305123 -0.778067 0.549101
vn -0.126051 -0.286373 0.94979
vn 0.550418 -0.661418 0.509477
vn -0.289816 -0.413283 0.863252
vn -0.126051 -0.286373 0.94979
vn 0.316229 -0.656881 0.684476
vn -0.424773 -0.133239 0.895441
vn -0.726521 -0.104832 0.6791
vn -0.126051 -0.286373 0.94979
vn -0.611071 -0.011942 0.791486
vn -0.726521 -0.104832 0.6791
vn -0.501755 -0.339126 0.795761
vn -0.611071 -0.011942 0.791486
vn -0.728266 0.08195 0.680377
vn -0.726521 -0.104832 0.6791
vn -0.600119 0.173409 0.780888
vn -0.728266 0.08195 0.680377
vn -0.611071 -0.011942 0.791486
vn -0.600119 0.173409 0.780888
vn -0.704601 0.265866 0.657915
vn -0.728266 0.08195 0.680377
vn -0.453088 0.483851 0.748732
vn -0.704601 0.265866 0.657915
vn -0.600119 0.173409 0.780888
vn -0.400169 0.283004 0.87165
vn -0.120724 0.326159 0.937574
vn -0.704601 0.265866 0.657915
vn 0.395813 0.688601 0.607586
vn -0.120724 0.326159 0.937574
vn -0.23346 0.539775 0.808789
vn 0.398118 0.79409 0.459263
vn 0.469818 0.663468 0.582307
vn -0.120724 0.326159 0.937574
vn 0.955606 0.288037 -0.062064
vn 0.469818 0.663468 0.582307
vn 0.525739 0.779728 0.340033
vn 0.955606 0.288037 -0.062064
vn 0.356968 0.921066 0.155598
vn 0.469818 0.663468 0.582307
vn 0.616249 0.536153 -0.576868
vn 0.356968 0.921066 0.155598
vn 0.955606 0.288037 -0.062064
vn 0.616249 0.536153 -0.576868
vn -0.132811 0.920081 -0.368528
vn 0.356968 0.921066 0.155598
vn -0.268163 0.924869 -0.26964
vn -0.154178 0.980261 -0.123767
vn -0.460027 0.714095 0.527678
vn -0.140535 0.91051 -0.388872
vn 0.563863 0.638669 -0.523603
vn -0.154178 0.980261 -0.123767
vn 0.457803 0.548441 -0.699735
vn 0.563863 0.638669 -0.523603
vn 0.033628 0.938406 -0.343894
vn 0.68657 0.34388 -0.6406
vn 0.611077 0.011935 -0.791481
vn 0.563863 0.638669 -0.523603
vn 0.726523 0.104824 -0.6791
vn 0.611077 0.011935 -0.791481
vn 0.501765 0.339114 -0.79576
vn 0.726523 0.104824 -0.6791
vn 0.728267 -0.081946 -0.680376
vn 0.611077 0.011935 -0.791481
vn 0.831003 0.012379 -0.556129
vn 0.728267 -0.081946 -0.680376
vn 0.726523 0.104824 -0.6791
vn 0.831003 0.012379 -0.556129
vn 0.820048 -0.172964 -0.545532
vn 0.728267 -0.081946 -0.680376
vn 0.965677 -0.071379 -0.249744
vn 0.820048 -0.172964 -0.545532
vn 0.831003 0.012379 -0.556129
vn 0.921204 0.136264 -0.364438
vn 0.953693 0.293721 -0.064789
vn 0.820048 -0.172964 -0.545532
vn 0.792094 0.267253 0.548784
vn 0.953693 0.293721 -0.064789
vn 0.995048 0.07305 -0.067408
vn 0.745706 0.126288 0.654197
vn 0.646306 0.412242 0.642141
vn 0.953693 0.293721 -0.064789
vn -0.087069 0.410836 0.907542
vn 0.646306 0.412242 0.642141
vn 0.618084 0.140647 0.773428
vn -0.087069 0.410836 0.907542
vn 0.668287 -0.134893 0.731571
vn 0.646306 0.412242 0.642141
vn -0.241595 -0.23469 0.941569
vn 0.668287 -0.134893 0.731571
vn -0.087069 0.410836 0.907542
vn -0.241595 -0.23469 0.941569
vn 0.324567 -0.765784 0.555186
vn 0.668287 -0.134893 0.731571
vn -0.682003 0.183928 0.707844
vn -0.416004 0.780399 0.466817
vn -0.954939 0.289008 -0.067568
vn -0.682003 0.183928 0.707844
vn 0.104145 0.284898 0.952883
vn -0.416004 0.780399 0.466817
vn -0.644953 -0.253649 0.7209
vn 0.104145 0.284898 0.952883
vn -0.682003 0.183928 0.707844
vn -0.644953 -0.253649 0.7209
vn 0.208755 -0.326288 0.921931
vn 0.104145 0.284898 0.952883
vn -0.602454 -0.123603 0.788524
vn 0.208755 -0.326288 0.921931
vn -0.644953 -0.253649 0.7209
vn -0.494405 -0.26469 0.827951
vn 0.134465 -0.071334 0.988348
vn 0.208755 -0.326288 0.921931
vn 0.087069 0.410836 0.907542
vn 0.118518 0.198352 0.972939
vn -0.527632 0.297012 0.795857
vn 0.087069 0.410836 0.907542
vn 0.611071 -0.011943 0.791485
vn 0.40083 0.285022 0.870688
vn 0.241597 -0.234691 0.941568
vn 0.611071 -0.011943 0.791485
vn 0.087069 0.410836 0.907542
vn 0.241597 -0.234691 0.941568
vn 0.563871 -0.638668 0.523596
vn 0.611071 -0.011943 0.791485
vn -0.324566 -0.765784 0.555186
vn 0.563871 -0.638668 0.523596
vn 0.241597 -0.234691 0.941568
vn -0.324566 -0.765784 0.555186
vn -0.154162 -0.980265 0.123749
vn 0.563871 -0.638668 0.523596
vn -0.913904 -0.404969 -0.027902
vn -0.154162 -0.980265 0.123749
vn -0.324566 -0.765784 0.555186
vn -0.913904 -0.404969 -0.027902
vn -0.460037 -0.714105 -0.527655
vn -0.154162 -0.980265 0.123749
vn -0.820047 -0.172964 -0.545533
vn -0.460037 -0.714105 -0.527655
vn -0.913904 -0.404969 -0.027902
vn -0.820047 -0.172964 -0.545533
vn -0.63549 -0.492647 -0.594517
vn -0.460037 -0.714105 -0.527655
vn -0.704597 -0.265871 -0.657918
vn -0.778596 -0.483186 -0.4004
vn -0.820047 -0.172964 -0.545533
vn -0.704597 -0.265871 -0.657918
vn -0.944202 -0.324511 -0.056344
vn -0.897273 -0.281982 -0.339688
vn -0.587222 -0.712375 -0.384307
vn -0.944202 -0.324511 -0.056344
vn -0.704597 -0.265871 -0.657918
vn -0.587222 -0.712375 -0.384307
vn -0.550418 -0.661418 0.509477
vn -0.944202 -0.324511 -0.056344
vn -0.13283 -0.920083 0.368516
vn -0.550418 -0.661418 0.509477
vn -0.587222 -0.712375 -0.384307
vn -0.13283 -0.920083 0.368516
vn 0.12605 -0.286373 0.949791
vn -0.550418 -0.661418 0.509477
vn 0.616248 -0.536165 0.576858
vn 0.12605 -0.286373 0.949791
vn -0.13283 -0.920083 0.368516
vn 0.616248 -0.536165 0.576858
vn 0.726521 -0.104833 0.6791
vn 0.12605 -0.286373 0.949791
vn 0.955606 -0.288038 0.062053
vn 0.726521 -0.104833 0.6791
vn 0.616248 -0.536165 0.576858
vn 0.955606 -0.288038 0.062053
vn 0.921884 -0.134235 0.36347
vn 0.726521 -0.104833 0.6791
vn 0.660269 -0.658846 -0.360509
vn 0.880111 -0.414463 0.231571
vn 0.955606 -0.288038 0.062053
vn 0.34362 -0.93903 0.012169
vn 0.537192 -0.590552 0.602223
vn 0.72808 -0.548988 0.410501
vn 0.23563 -0.962234 -0.136321
vn 0.537192 -0.590552 0.602223
vn 0.37676 -0.911551 -0.164701
vn 0.23563 -0.962234 -0.136321
vn 0.954946 -0.288989 0.067553
vn 0.537192 -0.590552 0.602223
vn 0.488702 -0.758109 -0.431787
vn 0.954946 -0.288989 0.067553
vn 0.23563 -0.962234 -0.136321
vn 0.488702 -0.758109 -0.431787
vn 0.682 -0.183914 -0.70785
vn 0.954946 -0.288989 0.067553
vn -0.090453 -0.40663 -0.909104
vn 0.682 -0.183914 -0.70785
vn 0.488702 -0.758109 -0.431787
vn -0.090453 -0.40663 -0.909104
vn 0.644958 0.253649 -0.720896
vn 0.682 -0.183914 -0.70785
vn -0.208743 0.326265 -0.921942
vn 0.644958 0.253649 -0.720896
vn -0.090453 -0.40663 -0.909104
vn -0.208743 0.326265 -0.921942
vn 0.602456 0.123591 -0.788525
vn 0.644958 0.253649 -0.720896
vn -0.134479 0.071327 -0.988346
vn 0.49441 0.264676 -0.827952
vn -0.208743 0.326265 -0.921942
vn -0.118528 -0.198349 -0.972938
vn -0.087068 -0.410831 -0.907545
vn 0.527637 -0.297027 -0.795848
vn -0.611077 0.011935 -0.791481
vn -0.087068 -0.410831 -0.907545
vn -0.40085 -0.285021 -0.870679
vn -0.611077 0.011935 -0.791481
vn -0.241592 0.234704 -0.941567
vn -0.087068 -0.410831 -0.907545
vn -0.563865 0.638668 -0.523603
vn -0.241592 0.234704 -0.941567
vn -0.611077 0.011935 -0.791481
vn -0.563865 0.638668 -0.523603
vn 0.324569 0.76578 -0.55519
vn -0.241592 0.234704 -0.941567
vn 0.154177 0.980261 -0.123767
vn 0.324569 0.76578 -0.55519
vn -0.563865 0.638668 -0.523603
vn 0.154177 0.980261 -0.123767
vn 0.913897 0.404986 0.027894
vn 0.324569 0.76578 -0.55519
vn 0.460028 0.714095 0.527677
vn 0.913897 0.404986 0.027894
vn 0.154177 0.980261 -0.123767
vn 0.460028 0.714095 0.527677
vn 0.820041 0.172974 0.545539
vn 0.913897 0.404986 0.027894
vn 0.635482 0.492652 0.594522
vn 0.820041 0.172974 0.545539
vn 0.460028 0.714095 0.527677
vn 0.778593 0.483182 0.40041
vn 0.704601 0.265866 0.657915
vn 0.820041 0.172974 0.545539
vn 0.944209 0.324492 0.056341
vn 0.704601 0.265866 0.657915
vn 0.897273 0.281994 0.339677
vn 0.944209 0.324492 0.056341
vn 0.587232 0.712367 0.384309
vn 0.704601 0.265866 0.657915
vn 0.550416 0.661414 -0.509483
vn 0.587232 0.712367 0.384309
vn 0.944209 0.324492 0.056341
vn 0.550416 0.661414 -0.509483
vn 0.132813 0.92008 -0.368528
vn 0.587232 0.712367 0.384309
vn -0.126063 0.286374 -0.949788
vn 0.132813 0.92008 -0.368528
vn 0.550416 0.661414 -0.509483
vn -0.126063 0.286374 -0.949788
vn -0.664264 0.590174 -0.458746
vn 0.132813 0.92008 -0.368528
vn -0.726523 0.104824 -0.6791
vn -0.664264 0.590174 -0.458746
vn -0.126063 0.286374 -0.949788
vn -0.726523 0.104824 -0.6791
vn -0.975393 0.202803 -0.086478
vn -0.664264 0.590174 -0.458746
vn -0.921887 0.134228 -0.363465
vn -0.975393 0.202803 -0.086478
vn -0.726523 0.104824 -0.6791
vn -0.880115 0.414459 -0.231562
vn -0.660273 0.658839 0.360514
vn -0.975393 0.202803 -0.086478
vn -0.537203 0.590552 -0.602214
vn -0.343648 0.93902 -0.012146
vn -0.728094 0.548982 -0.410485
vn -0.537203 0.590552 -0.602214
vn -0.269107 0.963027 0.012697
vn -0.376783 0.911539 0.164715
vn -0.954939 0.289008 -0.067568
vn -0.269107 0.963027 0.012697
vn -0.537203 0.590552 -0.602214
vn -0.954939 0.289008 -0.067568
vn -0.416004 0.780399 0.466817
vn -0.269107 0.963027 0.012697
vn -0.268148 -0.924872 0.269646
vn -0.154162 -0.980265 0.123749
vn -0.460037 -0.714105 -0.527655
vn -0.140526 -0.910508 0.388881
vn 0.563871 -0.638668 0.523596
vn -0.154162 -0.980265 0.123749
vn 0.457791 -0.548454 0.699733
vn 0.563871 -0.638668 0.523596
vn 0.033638 -0.938402 0.343903
vn 0.686559 -0.343908 0.640597
vn 0.611071 -0.011943 0.791485
vn 0.563871 -0.638668 0.523596
vn 0.726521 -0.104833 0.6791
vn 0.611071 -0.011943 0.791485
vn 0.501755 -0.339126 0.795761
vn 0.726521 -0.104833 0.6791
vn 0.728266 0.081949 0.680377
vn 0.611071 -0.011943 0.791485
vn 0.831008 -0.012379 0.556122
vn 0.728266 0.081949 0.680377
vn 0.726521 -0.104833 0.6791
vn 0.831008 -0.012379 0.556122
vn 0.820041 0.172974 0.545539
vn 0.728266 0.081949 0.680377
vn 0.965674 0.071375 0.249759
vn 0.820041 0.172974 0.545539
vn 0.831008 -0.012379 0.556122
vn 0.921195 -0.136277 0.364455
vn 0.933332 -0.327742 0.146551
vn 0.820041 0.172974 0.545539
vn 0.79209 -0.267267 -0.548781
vn 0.933332 -0.327742 0.146551
vn 0.995045 -0.073069 0.067425
vn 0.745708 -0.126305 -0.654191
vn 0.740565 -0.310488 -0.595953
vn 0.933332 -0.327742 0.146551
vn -0.087068 -0.410831 -0.907545
vn 0.740565 -0.310488 -0.595953
vn 0.618089 -0.140666 -0.77342
vn -0.087068 -0.410831 -0.907545
vn 0.606074 0.146147 -0.781866
vn 0.740565 -0.310488 -0.595953
vn -0.241592 0.234704 -0.941567
vn 0.606074 0.146147 -0.781866
vn -0.087068 -0.410831 -0.907545
vn -0.241592 0.234704 -0.941567
vn 0.324569 0.76578 -0.55519
vn 0.606074 0.146147 -0.781866
vn 0.432757 0.792426 -0.429864
vn 0.550416 0.661414 -0.509483
vn 0.944209 0.324492 0.056341
vn 0.305131 0.778064 -0.549101
vn -0.126063 0.286374 -0.949788
vn 0.550416 0.661414 -0.509483
vn -0.289835 0.413277 -0.863249
vn -0.126063 0.286374 -0.949788
vn 0.316232 0.65688 -0.684475
vn -0.424785 0.13323 -0.895437
vn -0.726523 0.104824 -0.6791
vn -0.126063 0.286374 -0.949788
vn -0.611077 0.011935 -0.791481
vn -0.726523 0.104824 -0.6791
vn -0.501767 0.339113 -0.795759
vn -0.611077 0.011935 -0.791481
vn -0.728267 -0.081946 -0.680376
vn -0.726523 0.104824 -0.6791
vn -0.600112 -0.173422 -0.780891
vn -0.728267 -0.081946 -0.680376
vn -0.611077 0.011935 -0.791481
vn -0.600112 -0.173422 -0.780891
vn -0.704597 -0.265871 -0.657918
vn -0.728267 -0.081946 -0.680376
vn -0.453087 -0.483856 -0.748729
vn -0.704597 -0.265871 -0.657918
vn -0.600112 -0.173422 -0.780891
vn -0.400157 -0.283014 -0.871652
vn -0.085165 -0.405159 -0.910271
vn -0.704597 -0.265871 -0.657918
vn 0.395796 -0.688604 -0.607593
vn -0.085165 -0.405159 -0.910271
vn -0.233459 -0.539782 -0.808785
vn 0.398101 -0.794099 -0.459264
vn 0.589178 -0.581925 -0.560564
vn -0.085165 -0.405159 -0.910271
vn 0.955606 -0.288038 0.062053
vn 0.589178 -0.581925 -0.560564
vn 0.525727 -0.779739 -0.340028
vn 0.955606 -0.288038 0.062053
vn 0.311926 -0.923652 -0.22264
vn 0.589178 -0.581925 -0.560564
vn 0.616248 -0.536165 0.576858
vn 0.311926 -0.923652 -0.22264
vn 0.955606 -0.288038 0.062053
vn 0.616248 -0.536165 0.576858
vn -0.13283 -0.920083 0.368516
vn 0.311926 -0.923652 -0.22264
vn -0.066389 0.329434 0.941842
vn -0.048972 0.386822 0.920853
vn -0.068818 0.332941 0.940433
vn -0.066389 0.329434 0.941842
vn 0.193866 0.526604 0.82771
vn -0.048972 0.386822 0.920853
vn 0.277043 0.776215 0.566336
vn 0.193866 0.526604 0.82771
vn -0.066389 0.329434 0.941842
vn 0.277043 0.776215 0.566336
vn 0.189536 0.575514 0.795525
vn 0.193866 0.526604 0.82771
vn -0.230517 0.769264 0.595898
vn 0.189536 0.575514 0.795525
vn 0.277043 0.776215 0.566336
vn -0.230517 0.769264 0.595898
vn -0.265519 0.569298 0.778074
vn 0.189536 0.575514 0.795525
vn -0.320339 0.545123 0.774741
vn -0.265519 0.569298 0.778074
vn -0.230517 0.769264 0.595898
vn -0.320339 0.545123 0.774741
vn -0.602439 0.345039 0.719733
vn -0.265519 0.569298 0.778074
vn -0.043274 0.406342 0.912696
vn -0.602439 0.345039 0.719733
vn -0.320339 0.545123 0.774741
vn -0.043274 0.406342 0.912696
vn -0.193928 0.315491 0.928901
vn -0.602439 0.345039 0.719733
vn 0.165914 0.448358 0.878321
vn -0.193928 0.315491 0.928901
vn -0.043274 0.406342 0.912696
vn 0.165914 0.448358 0.878321
vn 0.048876 0.475617 0.878293
vn -0.193928 0.315491 0.928901
vn -0.757622 0.265956 0.59605
vn 0.048876 0.475617 0.878293
vn -0.437721 0.405451 0.802502
vn -0.757622 0.265956 0.59605
vn -0.41735 -0.246321 0.874726
vn 0.048876 0.475617 0.878293
vn -0.744503 -0.087508 0.661859
vn -0.41735 -0.246321 0.874726
vn -0.757622 0.265956 0.59605
vn -0.744503 -0.087508 0.661859
vn -0.4804 -0.549172 0.683832
vn -0.41735 -0.246321 0.874726
vn -0.234539 -0.686235 -0.688529
vn -0.274035 -0.912068 -0.30502
vn -0.181411 -0.471992 -0.862736
vn 0.066231 0.527749 0.846814
vn 0.048876 0.475617 0.878293
vn 0.068699 0.524522 0.848621
vn 0.066231 0.527749 0.846814
vn -0.193928 0.315491 0.928901
vn 0.048876 0.475617 0.878293
vn -0.277047 -0.044568 0.959822
vn -0.193928 0.315491 0.928901
vn 0.066231 0.527749 0.846814
vn -0.277047 -0.044568 0.959822
vn -0.189537 0.259808 0.946877
vn -0.193928 0.315491 0.928901
vn 0.230521 -0.017164 0.972916
vn -0.189537 0.259808 0.946877
vn -0.277047 -0.044568 0.959822
vn 0.230521 -0.017164 0.972916
vn 0.26552 0.250093 0.931103
vn -0.189537 0.259808 0.946877
vn 0.320382 0.262599 0.910163
vn 0.26552 0.250093 0.931103
vn 0.230521 -0.017164 0.972916
vn 0.320382 0.262599 0.910163
vn 0.602438 0.345039 0.719734
vn 0.26552 0.250093 0.931103
vn 0.043294 0.45707 0.888377
vn 0.602438 0.345039 0.719734
vn 0.320382 0.262599 0.910163
vn 0.043294 0.45707 0.888377
vn 0.193866 0.526604 0.82771
vn 0.602438 0.345039 0.719734
vn -0.165931 0.403962 0.899601
vn 0.193866 0.526604 0.82771
vn 0.043294 0.45707 0.888377
vn -0.165931 0.403962 0.899601
vn -0.048972 0.386822 0.920853
vn 0.193866 0.526604 0.82771
vn 0.757626 0.298136 0.580618
vn -0.048972 0.386822 0.920853
vn 0.437715 0.371731 0.818671
vn 0.757626 0.298136 0.580618
vn 0.417356 0.836219 0.355741
vn -0.048972 0.386822 0.920853
vn 0.744506 0.570808 0.34625
vn 0.417356 0.836219 0.355741
vn 0.757626 0.298136 0.580618
vn 0.744506 0.570808 0.34625
vn 0.480412 0.877043 0.000066
vn 0.417356 0.836219 0.355741
vn 0.234539 -0.107044 -0.966195
vn 0.274047 0.333377 -0.902085
vn 0.18141 -0.377026 -0.908263
vn 0.242891 -0.642128 0.727101
vn -0.362019 -0.802118 0.47492
vn -0.24961 -0.916082 0.31383
vn 0.242891 -0.642128 0.727101
vn 0.010534 -0.430002 0.902766
vn -0.362019 -0.802118 0.47492
vn 0.439999 -0.162909 0.883098
vn 0.010534 -0.430002 0.902766
vn 0.242891 -0.642128 0.727101
vn 0.439999 -0.162909 0.883098
vn 0.095533 0.080648 0.992154
vn 0.010534 -0.430002 0.902766
vn 0.456631 0.351341 0.817342
vn 0.095533 0.080648 0.992154
vn 0.439999 -0.162909 0.883098
vn 0.456631 0.351341 0.817342
vn 0.035332 0.572384 0.819224
vn 0.095533 0.080648 0.992154
vn 0.362368 0.742357 0.563557
vn 0.035332 0.572384 0.819224
vn 0.456631 0.351341 0.817342
vn 0.362368 0.742357 0.563557
vn -0.093435 0.86733 0.488884
vn 0.035332 0.572384 0.819224
vn 0.187992 0.972375 0.138367
vn -0.093435 0.86733 0.488884
vn 0.362368 0.742357 0.563557
vn 0.187992 0.972375 0.138367
vn -0.178692 0.980663 0.079802
vn -0.093435 0.86733 0.488884
vn 0.008024 0.984356 -0.176009
vn -0.178692 0.980663 0.079802
vn 0.187992 0.972375 0.138367
vn 0.008024 0.984356 -0.176009
vn -0.196741 0.964143 -0.178102
vn -0.178692 0.980663 0.079802
vn -0.069093 0.789535 -0.609803
vn -0.196741 0.964143 -0.178102
vn 0.008024 0.984356 -0.176009
vn -0.069093 0.789535 -0.609803
vn -0.220902 0.892041 -0.39429
vn -0.196741 0.964143 -0.178102
vn -0.042183 0.985819 -0.162426
vn -0.220902 0.892041 -0.39429
vn -0.069093 0.789535 -0.609803
vn -0.042183 0.985819 -0.162426
vn -0.159727 0.974157 -0.159704
vn -0.220902 0.892041 -0.39429
vn 0.214378 -0.973873 -0.074923
vn 0.654755 -0.748539 0.104814
vn 0.093642 -0.993558 -0.063826
vn 0.214378 -0.973873 -0.074923
vn 0.161188 -0.974271 0.157524
vn 0.654755 -0.748539 0.104814
vn 0.517037 -0.836974 0.179295
vn 0.161188 -0.974271 0.157524
vn 0.214378 -0.973873 -0.074923
vn 0.517037 -0.836974 0.179295
vn 0.518859 -0.76076 0.389909
vn 0.161188 -0.974271 0.157524
vn 0.897618 -0.26858 0.349495
vn 0.518859 -0.76076 0.389909
vn 0.517037 -0.836974 0.179295
vn 0.897618 -0.26858 0.349495
vn 0.823784 -0.33635 0.456342
vn 0.518859 -0.76076 0.389909
vn 0.985917 -0.061966 0.155329
vn 0.823784 -0.33635 0.456342
vn 0.897618 -0.26858 0.349495
vn 0.985917 -0.061966 0.155329
vn 0.926308 -0.089569 0.365966
vn 0.823784 -0.33635 0.456342
vn 0.994796 0.039814 0.093782
vn 0.926308 -0.089569 0.365966
vn 0.985917 -0.061966 0.155329
vn 0.994796 0.039814 0.093782
vn 0.9323 0.241453 0.269289
vn 0.926308 -0.089569 0.365966
vn 0.955905 0.241132 -0.167631
vn 0.9323 0.241453 0.269289
vn 0.994796 0.039814 0.093782
vn 0.955905 0.241132 -0.167631
vn 0.847231 0.529268 -0.045552
vn 0.9323 0.241453 0.269289
vn 0.659215 0.417279 -0.625551
vn 0.847231 0.529268 -0.045552
vn 0.955905 0.241132 -0.167631
vn 0.659215 0.417279 -0.625551
vn 0.414276 0.825583 -0.383129
vn 0.847231 0.529268 -0.045552
vn 0.153263 0.474563 -0.866776
vn 0.414276 0.825583 -0.383129
vn 0.659215 0.417279 -0.625551
vn 0.153263 0.474563 -0.866776
vn -0.069093 0.789535 -0.609803
vn 0.414276 0.825583 -0.383129
vn -0.125707 0.373715 -0.918986
vn -0.069093 0.789535 -0.609803
vn 0.153263 0.474563 -0.866776
vn -0.125707 0.373715 -0.918986
vn -0.130257 0.951613 -0.278325
vn -0.069093 0.789535 -0.609803
vn -0.000001 0.999789 0.020564
vn 0.173317 0.959951 0.220125
vn -0.48081 0.876105 0.035517
vn -0.000001 0.999789 0.020564
vn 0.438364 0.898761 0.008183
vn 0.173317 0.959951 0.220125
vn 0.167815 0.981885 -0.087978
vn 0.438364 0.898761 0.008183
vn -0.000001 0.999789 0.020564
vn 0.167815 0.981885 -0.087978
vn 0.323846 0.940733 -0.10072
vn 0.438364 0.898761 0.008183
vn 0.220903 0.892041 -0.39429
vn 0.323846 0.940733 -0.10072
vn 0.167815 0.981885 -0.087978
vn 0.220903 0.892041 -0.39429
vn 0.196741 0.964143 -0.178102
vn 0.323846 0.940733 -0.10072
vn 0.069093 0.789535 -0.609804
vn 0.196741 0.964143 -0.178102
vn 0.220903 0.892041 -0.39429
vn 0.069093 0.789535 -0.609804
vn -0.008024 0.984356 -0.176009
vn 0.196741 0.964143 -0.178102
vn -0.414276 0.825583 -0.383129
vn -0.008024 0.984356 -0.176009
vn 0.069093 0.789535 -0.609804
vn -0.414276 0.825583 -0.383129
vn -0.187993 0.972375 0.138367
vn -0.008024 0.984356 -0.176009
vn -0.564352 0.809639 0.161219
vn -0.187993 0.972375 0.138367
vn -0.414276 0.825583 -0.383129
vn -0.564352 0.809639 0.161219
vn -0.362368 0.742357 0.563557
vn -0.187993 0.972375 0.138367
vn -0.737254 0.483584 0.471808
vn -0.362368 0.742357 0.563557
vn -0.564352 0.809639 0.161219
vn -0.737254 0.483584 0.471808
vn -0.456632 0.351341 0.817342
vn -0.362368 0.742357 0.563557
vn -0.780641 0.080226 0.61981
vn -0.456632 0.351341 0.817342
vn -0.737254 0.483584 0.471808
vn -0.780641 0.080226 0.61981
vn -0.439999 -0.162909 0.883098
vn -0.456632 0.351341 0.817342
vn -0.697562 -0.306194 0.647806
vn -0.439999 -0.162909 0.883098
vn -0.780641 0.080226 0.61981
vn -0.697562 -0.306194 0.647806
vn -0.241283 -0.632379 0.736124
vn -0.439999 -0.162909 0.883098
vn -0.419183 -0.736643 0.5307
vn -0.241283 -0.632379 0.736124
vn -0.697562 -0.306194 0.647806
vn -0.419183 -0.736643 0.5307
vn 0.16188 -0.894567 0.416586
vn -0.241283 -0.632379 0.736124
vn 0.080862 -0.981137 0.17559
vn 0.16188 -0.894567 0.416586
vn -0.419183 -0.736643 0.5307
vn 0.080862 -0.981137 0.17559
vn 0.540823 -0.838232 0.069843
vn 0.16188 -0.894567 0.416586
vn 0.710364 -0.695137 0.110306
vn 0.540823 -0.838232 0.069843
vn 0.080862 -0.981137 0.17559
vn -0.153263 0.474562 -0.866776
vn 0.069093 0.789535 -0.609804
vn 0.125707 0.373714 -0.918986
vn -0.153263 0.474562 -0.866776
vn -0.414276 0.825583 -0.383129
vn 0.069093 0.789535 -0.609804
vn -0.659214 0.417279 -0.625551
vn -0.414276 0.825583 -0.383129
vn -0.153263 0.474562 -0.866776
vn -0.659214 0.417279 -0.625551
vn -0.84723 0.529269 -0.045552
vn -0.414276 0.825583 -0.383129
vn -0.955905 0.241133 -0.167631
vn -0.84723 0.529269 -0.045552
vn -0.659214 0.417279 -0.625551
vn -0.955905 0.241133 -0.167631
vn -0.9323 0.241453 0.269289
vn -0.84723 0.529269 -0.045552
vn -0.994796 0.039815 0.093782
vn -0.9323 0.241453 0.269289
vn -0.955905 0.241133 -0.167631
vn -0.994796 0.039815 0.093782
vn -0.926308 -0.089569 0.365967
vn -0.9323 0.241453 0.269289
vn -0.985917 -0.061966 0.155329
vn -0.926308 -0.089569 0.365967
vn -0.994796 0.039815 0.093782
vn -0.985917 -0.061966 0.155329
vn -0.823784 -0.33635 0.456343
vn -0.926308 -0.089569 0.365967
vn -0.897618 -0.26858 0.349495
vn -0.823784 -0.33635 0.456343
vn -0.985917 -0.061966 0.155329
vn -0.897618 -0.26858 0.349495
vn -0.479242 -0.789777 0.382857
vn -0.823784 -0.33635 0.456343
vn -0.517037 -0.836974 0.179295
vn -0.479242 -0.789777 0.382857
vn -0.897618 -0.26858 0.349495
vn -0.517037 -0.836974 0.179295
vn -0.145594 -0.981493 0.124398
vn -0.479242 -0.789777 0.382857
vn -0.214379 -0.973873 -0.074923
vn -0.145594 -0.981493 0.124398
vn -0.517037 -0.836974 0.179295
vn -0.214379 -0.973873 -0.074923
vn -0.619914 -0.784442 -0.018895
vn -0.145594 -0.981493 0.124398
vn -0.156399 -0.943948 -0.290691
vn -0.619914 -0.784442 -0.018895
vn -0.214379 -0.973873 -0.074923
vn 0.923466 -0.108635 -0.367979
vn 0.986756 0.161932 -0.009536
vn 0.995858 -0.046836 -0.077931
vn 0.923466 -0.108635 -0.367979
vn 0.847345 0.161014 -0.506044
vn 0.986756 0.161932 -0.009536
vn 0.598861 -0.13594 -0.789231
vn 0.847345 0.161014 -0.506044
vn 0.923466 -0.108635 -0.367979
vn 0.598861 -0.13594 -0.789231
vn 0.38805 0.175466 -0.904781
vn 0.847345 0.161014 -0.506044
vn 0.050115 -0.135605 -0.989495
vn 0.38805 0.175466 -0.904781
vn 0.598861 -0.13594 -0.789231
vn 0.050115 -0.135605 -0.989495
vn -0.14895 0.167388 -0.974574
vn 0.38805 0.175466 -0.904781
vn -0.05799 -0.101676 -0.993126
vn -0.14895 0.167388 -0.974574
vn 0.050115 -0.135605 -0.989495
vn -0.05799 -0.101676 -0.993126
vn 0.091485 0.156032 -0.983506
vn -0.14895 0.167388 -0.974574
vn 0.090811 -0.110933 -0.98967
vn 0.091485 0.156032 -0.983506
vn -0.05799 -0.101676 -0.993126
vn 0.090811 -0.110933 -0.98967
vn -0.003017 0.17787 -0.984049
vn 0.091485 0.156032 -0.983506
vn -0.414141 -0.136007 -0.899994
vn -0.003017 0.17787 -0.984049
vn 0.090811 -0.110933 -0.98967
vn -0.414141 -0.136007 -0.899994
vn -0.58678 0.17447 -0.790727
vn -0.003017 0.17787 -0.984049
vn -0.855019 -0.123388 -0.503704
vn -0.58678 0.17447 -0.790727
vn -0.414141 -0.136007 -0.899994
vn -0.855019 -0.123388 -0.503704
vn -0.924758 0.164631 -0.343103
vn -0.58678 0.17447 -0.790727
vn -0.990186 -0.068987 -0.12154
vn -0.924758 0.164631 -0.343103
vn -0.855019 -0.123388 -0.503704
vn -0.990186 -0.068987 -0.12154
vn -0.984137 0.168591 0.055247
vn -0.924758 0.164631 -0.343103
vn 0.538041 0.47263 -0.697949
vn 0.653292 0.712708 -0.255455
vn 0.825666 0.465518 -0.318699
vn 0.538041 0.47263 -0.697949
vn 0.248512 0.807673 -0.534701
vn 0.653292 0.712708 -0.255455
vn 0.022937 0.491938 -0.870328
vn 0.248512 0.807673 -0.534701
vn 0.538041 0.47263 -0.697949
vn 0.022937 0.491938 -0.870328
vn -0.273985 0.788469 -0.550681
vn 0.248512 0.807673 -0.534701
vn -0.148767 0.521564 -0.840143
vn -0.273985 0.788469 -0.550681
vn 0.022937 0.491938 -0.870328
vn -0.148767 0.521564 -0.840143
vn 0.033387 0.819628 -0.571922
vn -0.273985 0.788469 -0.550681
vn 0.155278 0.509155 -0.846552
vn 0.033387 0.819628 -0.571922
vn -0.148767 0.521564 -0.840143
vn 0.155278 0.509155 -0.846552
vn 0.22187 0.771121 -0.59678
vn 0.033387 0.819628 -0.571922
vn -0.341245 0.476017 -0.810531
vn 0.22187 0.771121 -0.59678
vn 0.155278 0.509155 -0.846552
vn -0.341245 0.476017 -0.810531
vn -0.327051 0.810631 -0.48571
vn 0.22187 0.771121 -0.59678
vn -0.774046 0.468766 -0.425571
vn -0.327051 0.810631 -0.48571
vn -0.341245 0.476017 -0.810531
vn -0.774046 0.468766 -0.425571
vn -0.626046 0.759609 -0.176238
vn -0.327051 0.810631 -0.48571
vn -0.888014 0.459655 0.012181
vn -0.626046 0.759609 -0.176238
vn -0.774046 0.468766 -0.425571
vn -0.888014 0.459655 0.012181
vn -0.695954 0.69275 0.189066
vn -0.626046 0.759609 -0.176238
vn -0.870347 0.482755 -0.097173
vn -0.695954 0.69275 0.189066
vn -0.888014 0.459655 0.012181
vn -0.870347 0.482755 -0.097173
vn -0.5604 0.708781 0.428463
vn -0.695954 0.69275 0.189066
vn 0.986756 0.161932 -0.009536
vn 0.869691 0.490971 0.050833
vn 0.870347 0.482756 -0.097173
vn 0.986756 0.161932 -0.009536
vn 0.825666 0.465518 -0.318699
vn 0.869691 0.490971 0.050833
vn 0.847345 0.161014 -0.506044
vn 0.825666 0.465518 -0.318699
vn 0.986756 0.161932 -0.009536
vn 0.847345 0.161014 -0.506044
vn 0.538041 0.47263 -0.697949
vn 0.825666 0.465518 -0.318699
vn 0.38805 0.175466 -0.904781
vn 0.538041 0.47263 -0.697949
vn 0.847345 0.161014 -0.506044
vn 0.38805 0.175466 -0.904781
vn 0.022937 0.491938 -0.870328
vn 0.538041 0.47263 -0.697949
vn -0.14895 0.167388 -0.974574
vn 0.022937 0.491938 -0.870328
vn 0.38805 0.175466 -0.904781
vn -0.14895 0.167388 -0.974574
vn -0.148767 0.521564 -0.840143
vn 0.022937 0.491938 -0.870328
vn 0.091485 0.156032 -0.983506
vn -0.148767 0.521564 -0.840143
vn -0.14895 0.167388 -0.974574
vn 0.091485 0.156032 -0.983506
vn 0.155278 0.509155 -0.846552
vn -0.148767 0.521564 -0.840143
vn -0.003017 0.17787 -0.984049
vn 0.155278 0.509155 -0.846552
vn 0.091485 0.156032 -0.983506
vn -0.003017 0.17787 -0.984049
vn -0.341245 0.476017 -0.810531
vn 0.155278 0.509155 -0.846552
vn -0.58678 0.17447 -0.790727
vn -0.341245 0.476017 -0.810531
vn -0.003017 0.17787 -0.984049
vn -0.58678 0.17447 -0.790727
vn -0.774046 0.468766 -0.425571
vn -0.341245 0.476017 -0.810531
vn -0.924758 0.164631 -0.343103
vn -0.774046 0.468766 -0.425571
vn -0.58678 0.17447 -0.790727
vn -0.924758 0.164631 -0.343103
vn -0.888014 0.459655 0.012181
vn -0.774046 0.468766 -0.425571
vn -0.984137 0.168591 0.055247
vn -0.888014 0.459655 0.012181
vn -0.924758 0.164631 -0.343103
vn -0.984137 0.168591 0.055247
vn -0.870347 0.482755 -0.097173
vn -0.888014 0.459655 0.012181
vn -0.978732 0.106359 -0.17542
vn -0.849917 0.451989 -0.270828
vn -0.984137 0.168591 0.055247
vn 0.97948 -0.070388 0.188849
vn 0.995858 -0.046836 -0.077931
vn 0.685057 -0.715864 -0.135039
vn 0.97948 -0.070388 0.188849
vn 0.923466 -0.108635 -0.367979
vn 0.995858 -0.046836 -0.077931
vn 0.860407 0.007491 -0.509553
vn 0.923466 -0.108635 -0.367979
vn 0.97948 -0.070388 0.188849
vn 0.860407 0.007491 -0.509553
vn 0.598861 -0.13594 -0.789231
vn 0.923466 -0.108635 -0.367979
vn 0.438641 -0.1008 -0.892991
vn 0.598861 -0.13594 -0.789231
vn 0.860407 0.007491 -0.509553
vn 0.438641 -0.1008 -0.892991
vn 0.050115 -0.135605 -0.989495
vn 0.598861 -0.13594 -0.789231
vn 0.097141 -0.150961 -0.983755
vn 0.050115 -0.135605 -0.989495
vn 0.438641 -0.1008 -0.892991
vn 0.097141 -0.150961 -0.983755
vn -0.05799 -0.101676 -0.993126
vn 0.050115 -0.135605 -0.989495
vn 0.039722 -0.130522 -0.990649
vn -0.05799 -0.101676 -0.993126
vn 0.097141 -0.150961 -0.983755
vn 0.039722 -0.130522 -0.990649
vn 0.090811 -0.110933 -0.98967
vn -0.05799 -0.101676 -0.993126
vn -0.156573 -0.19297 -0.968632
vn 0.090811 -0.110933 -0.98967
vn 0.039722 -0.130522 -0.990649
vn -0.156573 -0.19297 -0.968632
vn -0.414141 -0.136007 -0.899994
vn 0.090811 -0.110933 -0.98967
vn -0.491532 -0.097764 -0.865355
vn -0.414141 -0.136007 -0.899994
vn -0.156573 -0.19297 -0.968632
vn -0.491532 -0.097764 -0.865355
vn -0.855019 -0.123388 -0.503704
vn -0.414141 -0.136007 -0.899994
vn -0.881793 0.000479 -0.471637
vn -0.855019 -0.123388 -0.503704
vn -0.491532 -0.097764 -0.865355
vn -0.881793 0.000479 -0.471637
vn -0.990186 -0.068987 -0.12154
vn -0.855019 -0.123388 -0.503704
vn -0.986149 -0.001702 0.165851
vn -0.990186 -0.068987 -0.12154
vn -0.881793 0.000479 -0.471637
vn 0.158412 0.673837 -0.721699
vn -0.038019 0.815258 -0.577848
vn -0.037449 0.978258 -0.203984
vn 0.158412 0.673837 -0.721699
vn 0.502853 0.422282 -0.7542
vn -0.038019 0.815258 -0.577848
vn 0.328033 0.173 -0.92869
vn 0.502853 0.422282 -0.7542
vn 0.158412 0.673837 -0.721699
vn 0.328033 0.173 -0.92869
vn 0.438641 -0.1008 -0.892991
vn 0.502853 0.422282 -0.7542
vn 0.21955 0.266177 -0.938588
vn 0.438641 -0.1008 -0.892991
vn 0.328033 0.173 -0.92869
vn 0.21955 0.266177 -0.938588
vn 0.097141 -0.150961 -0.983755
vn 0.438641 -0.1008 -0.892991
vn 0.121175 0.095594 -0.988017
vn 0.097141 -0.150961 -0.983755
vn 0.21955 0.266177 -0.938588
vn 0.121175 0.095594 -0.988017
vn 0.039722 -0.130522 -0.990649
vn 0.097141 -0.150961 -0.983755
vn 0.0 0.302158 -0.953258
vn 0.039722 -0.130522 -0.990649
vn 0.121175 0.095594 -0.988017
vn 0.0 0.302158 -0.953258
vn -0.149149 0.070496 -0.986299
vn 0.039722 -0.130522 -0.990649
vn -0.131356 0.618528 -0.774706
vn -0.149149 0.070496 -0.986299
vn 0.0 0.302158 -0.953258
vn -0.131356 0.618528 -0.774706
vn -0.206399 0.318951 -0.925024
vn -0.149149 0.070496 -0.986299
vn 0.013953 0.813818 -0.580952
vn -0.206399 0.318951 -0.925024
vn -0.131356 0.618528 -0.774706
vn 0.013953 0.813818 -0.580952
vn -0.158411 0.673838 -0.721698
vn -0.206399 0.318951 -0.925024
vn 0.037451 0.978258 -0.20398
vn -0.158411 0.673838 -0.721698
vn 0.013953 0.813818 -0.580952
vn 0.037451 0.978258 -0.20398
vn 0.03802 0.81526 -0.577846
vn -0.158411 0.673838 -0.721698
vn -0.347681 0.905151 -0.244581
vn 0.03802 0.81526 -0.577846
vn 0.037451 0.978258 -0.20398
vn 0.883232 -0.468823 0.010253
vn 0.59526 0.167603 -0.785859
vn 0.997086 -0.038755 0.065709
vn 0.883232 -0.468823 0.010253
vn 0.584073 -0.560269 -0.587331
vn 0.59526 0.167603 -0.785859
vn 0.232614 -0.906478 0.352404
vn 0.584073 -0.560269 -0.587331
vn 0.883232 -0.468823 0.010253
vn 0.232614 -0.906478 0.352404
vn 0.655204 -0.754901 0.028837
vn 0.584073 -0.560269 -0.587331
vn -0.03669 -0.733227 0.678994
vn 0.655204 -0.754901 0.028837
vn 0.232614 -0.906478 0.352404
vn -0.03669 -0.733227 0.678994
vn 0.330356 -0.780908 0.530139
vn 0.660393 -0.710666 0.24256
vn -0.059351 -0.6819 0.729034
vn 0.330356 -0.780908 0.530139
vn -0.03669 -0.733227 0.678994
vn -0.059351 -0.6819 0.729034
vn 0.039943 -0.884464 0.464896
vn 0.330356 -0.780908 0.530139
vn -0.122948 -0.73205 0.670065
vn 0.039943 -0.884464 0.464896
vn -0.059351 -0.6819 0.729034
vn -0.122948 -0.73205 0.670065
vn 0.010748 -0.906168 0.42278
vn 0.039943 -0.884464 0.464896
vn 0.0 -0.766213 0.642587
vn 0.010748 -0.906168 0.42278
vn -0.122948 -0.73205 0.670065
vn 0.0 -0.766213 0.642587
vn -0.000001 -0.863427 0.504473
vn 0.010748 -0.906168 0.42278
vn -0.010748 -0.906169 0.42278
vn -0.000001 -0.863427 0.504473
vn 0.0 -0.766213 0.642587
vn -0.010748 -0.906169 0.42278
vn -0.156349 -0.950493 0.268547
vn -0.000001 -0.863427 0.504473
vn -0.202955 -0.977849 0.051184
vn -0.156349 -0.950493 0.268547
vn -0.010748 -0.906169 0.42278
vn -0.202955 -0.977849 0.051184
vn 0.016716 -0.972416 -0.232654
vn -0.156349 -0.950493 0.268547
vn -0.215061 -0.932392 -0.290505
vn 0.016716 -0.972416 -0.232654
vn -0.202955 -0.977849 0.051184
vn 0.12681 -0.978228 0.164286
vn 0.22219 -0.974153 -0.040704
vn 0.039943 -0.884464 0.464896
vn 0.12681 -0.978228 0.164286
vn 0.564214 -0.77842 -0.275181
vn 0.22219 -0.974153 -0.040704
vn 0.22914 -0.925764 -0.300759
vn 0.564214 -0.77842 -0.275181
vn 0.12681 -0.978228 0.164286
vn 0.22914 -0.925764 -0.300759
vn 0.777174 -0.317038 -0.543588
vn 0.564214 -0.77842 -0.275181
vn 0.749264 -0.550569 -0.368073
vn 0.84104 -0.363092 -0.401019
vn 0.22914 -0.925764 -0.300759
vn 0.633498 -0.514203 -0.578165
vn 0.911933 0.341444 -0.227586
vn 0.777174 -0.317038 -0.543588
vn 0.352759 0.036053 -0.935019
vn 0.911933 0.341444 -0.227586
vn 0.633498 -0.514203 -0.578165
vn 0.352759 0.036053 -0.935019
vn 0.258351 0.885612 -0.385936
vn 0.911933 0.341444 -0.227586
vn -0.275308 0.254133 -0.927158
vn 0.039434 0.866831 -0.49704
vn 0.352759 0.036053 -0.935019
vn -0.275308 0.254133 -0.927158
vn -0.275733 0.901426 -0.33377
vn 0.082152 0.947049 -0.310402
vn -0.181546 -0.474434 -0.861367
vn -0.470695 0.777411 -0.417227
vn -0.275308 0.254133 -0.927158
vn 0.733417 -0.414578 -0.538725
vn 0.793518 0.415703 -0.444433
vn 0.439682 0.882799 -0.165364
vn 0.804738 -0.199936 -0.558947
vn 0.793518 0.415703 -0.444433
vn 0.815709 -0.424825 -0.392611
vn 0.804738 -0.199936 -0.558947
vn 0.124085 0.11898 -0.985113
vn 0.793518 0.415703 -0.444433
vn 0.247605 -0.669585 -0.700248
vn 0.124085 0.11898 -0.985113
vn 0.804738 -0.199936 -0.558947
vn 0.247605 -0.669585 -0.700248
vn -0.691517 -0.201545 -0.693674
vn 0.124085 0.11898 -0.985113
vn 0.046143 -0.939085 -0.340573
vn -0.691517 -0.201545 -0.693674
vn 0.247605 -0.669585 -0.700248
vn 0.046143 -0.939085 -0.340573
vn -0.843017 -0.335668 -0.420297
vn -0.691517 -0.201545 -0.693674
vn -0.228132 -0.970226 0.08135
vn -0.039942 -0.884464 0.464895
vn -0.233022 -0.971113 0.051385
vn -0.228132 -0.970226 0.08135
vn -0.05719 -0.991353 0.118103
vn -0.039942 -0.884464 0.464895
vn -0.50479 -0.777962 -0.374115
vn -0.05719 -0.991353 0.118103
vn -0.228132 -0.970226 0.08135
vn -0.50479 -0.777962 -0.374115
vn -0.36183 -0.883892 -0.296335
vn -0.05719 -0.991353 0.118103
vn -0.822943 -0.263581 -0.503279
vn -0.36183 -0.883892 -0.296335
vn -0.50479 -0.777962 -0.374115
vn -0.8921 -0.311241 -0.327547
vn -0.659484 -0.499548 -0.561723
vn -0.36183 -0.883892 -0.296335
vn -0.911933 0.341444 -0.227586
vn -0.548217 -0.477548 -0.68659
vn -0.822943 -0.263581 -0.503279
vn -0.911933 0.341444 -0.227586
vn -0.451455 0.126577 -0.88327
vn -0.548217 -0.477548 -0.68659
vn -0.258351 0.885612 -0.385936
vn -0.451455 0.126577 -0.88327
vn -0.911933 0.341444 -0.227586
vn -0.039436 0.866832 -0.497039
vn 0.21351 0.173648 -0.961384
vn -0.451455 0.126577 -0.88327
vn 0.275733 0.901427 -0.333768
vn 0.21351 0.173648 -0.961384
vn -0.082152 0.947049 -0.310401
vn 0.470695 0.777412 -0.417224
vn 0.255781 -0.537956 -0.80323
vn 0.21351 0.173648 -0.961384
vn -0.793517 0.415702 -0.444435
vn -0.828969 -0.367956 -0.42121
vn -0.439682 0.882799 -0.165364
vn -0.793517 0.415702 -0.444435
vn -0.804738 -0.199936 -0.558947
vn -0.924941 -0.332223 -0.184695
vn -0.124085 0.11898 -0.985113
vn -0.804738 -0.199936 -0.558947
vn -0.793517 0.415702 -0.444435
vn -0.124085 0.11898 -0.985113
vn -0.341844 -0.69287 -0.634881
vn -0.804738 -0.199936 -0.558947
vn 0.623138 -0.272245 -0.733199
vn -0.341844 -0.69287 -0.634881
vn -0.124085 0.11898 -0.985113
vn 0.623138 -0.272245 -0.733199
vn 0.016716 -0.972416 -0.232654
vn -0.341844 -0.69287 -0.634881
vn 0.567624 -0.690752 -0.447956
vn 0.016716 -0.972416 -0.232654
vn 0.623138 -0.272245 -0.733199
vn -0.733941 -0.679213 -0.0
vn -0.697539 -0.655849 -0.288621
vn 0.018564 -0.998826 0.044736
vn -0.7065 -0.644619 0.292103
vn -0.733941 -0.679213 -0.0
vn 0.018564 -0.998826 0.044736
vn -0.813239 -0.552231 0.183532
vn -0.813238 -0.552231 -0.183533
vn -0.733941 -0.679213 -0.0
vn -0.50006 -0.742287 -0.446038
vn 0.018564 -0.998826 0.044736
vn -0.697539 -0.655849 -0.288621
vn 0.749598 -0.659659 -0.054341
vn 0.697539 -0.655849 0.288621
vn 0.018564 -0.998826 0.044736
vn 0.697693 -0.655851 -0.288242
vn 0.749598 -0.659659 -0.054341
vn 0.018564 -0.998826 0.044736
vn 0.805343 -0.57253 -0.153728
vn 0.813239 -0.552231 0.183532
vn 0.749598 -0.659659 -0.054341
vn 0.491816 -0.660027 -0.567874
vn 0.697693 -0.655851 -0.288242
vn 0.018564 -0.998826 0.044736
vn 0.289375 -0.656313 -0.69679
vn 0.491816 -0.660027 -0.567874
vn 0.018564 -0.998826 0.044736
vn 0.46092 -0.572999 -0.677662
vn 0.70526 -0.5524 -0.444368
vn 0.491816 -0.660027 -0.567874
vn 0.568762 -0.659944 0.490901
vn 0.018564 -0.998826 0.044736
vn 0.697539 -0.655849 0.288621
vn -0.491815 -0.660027 0.567875
vn -0.7065 -0.644619 0.292103
vn 0.018564 -0.998826 0.044736
vn -0.445398 -0.552706 -0.70437
vn -0.50006 -0.742287 -0.446038
vn -0.678581 -0.572721 -0.459912
vn -0.491815 -0.660027 0.567875
vn 0.018564 -0.998826 0.044736
vn -0.289375 -0.656313 0.696789
vn 0.568762 -0.659944 0.490901
vn 0.288995 -0.656311 0.696949
vn 0.018564 -0.998826 0.044736
vn 0.67858 -0.572721 0.459912
vn 0.445397 -0.552707 0.70437
vn 0.568762 -0.659944 0.490901
vn -0.059692 -0.741774 -0.667988
vn 0.289375 -0.656313 -0.69679
vn 0.018564 -0.998826 0.044736
vn 0.054499 -0.660312 0.749011
vn -0.289375 -0.656313 0.696789
vn 0.018564 -0.998826 0.044736
vn -0.460919 -0.572998 0.677663
vn -0.705259 -0.5524 0.444369
vn -0.491815 -0.660027 0.567875
vn 0.054499 -0.660312 0.749011
vn 0.018564 -0.998826 0.044736
vn 0.288995 -0.656311 0.696949
vn 0.184067 -0.552875 -0.81268
vn -0.059692 -0.741774 -0.667988
vn -0.154156 -0.573187 -0.804793
vn 0.154156 -0.573188 0.804793
vn -0.184068 -0.552875 0.81268
vn 0.054499 -0.660312 0.749011
vn -0.813239 -0.552231 0.183532
vn -0.733941 -0.679213 -0.0
vn -0.7065 -0.644619 0.292103
vn -0.788619 -0.521318 0.32605
vn -0.813239 -0.552231 0.183532
vn -0.7065 -0.644619 0.292103
vn 0.568762 -0.659944 0.490901
vn 0.697539 -0.655849 0.288621
vn 0.761007 -0.546483 0.349606
vn 0.67858 -0.572721 0.459912
vn 0.568762 -0.659944 0.490901
vn 0.761007 -0.546483 0.349606
vn -0.059692 -0.741774 -0.667988
vn -0.264529 -0.723011 -0.638184
vn -0.290712 -0.546984 -0.785045
vn -0.154156 -0.573187 -0.804793
vn -0.059692 -0.741774 -0.667988
vn -0.290712 -0.546984 -0.785045
vn 0.697693 -0.655851 -0.288242
vn 0.491816 -0.660027 -0.567874
vn 0.70526 -0.5524 -0.444368
vn 0.785724 -0.546446 -0.289889
vn 0.697693 -0.655851 -0.288242
vn 0.70526 -0.5524 -0.444368
vn 0.35055 -0.546947 -0.760239
vn 0.46092 -0.572999 -0.677662
vn 0.491816 -0.660027 -0.567874
vn 0.289375 -0.656313 -0.69679
vn 0.35055 -0.546947 -0.760239
vn 0.491816 -0.660027 -0.567874
vn 0.785724 -0.546446 -0.289889
vn 0.805343 -0.57253 -0.153728
vn 0.749598 -0.659659 -0.054341
vn 0.697693 -0.655851 -0.288242
vn 0.785724 -0.546446 -0.289889
vn 0.749598 -0.659659 -0.054341
vn -0.7065 -0.644619 0.292103
vn -0.491815 -0.660027 0.567875
vn -0.705259 -0.5524 0.444369
vn -0.788619 -0.521318 0.32605
vn -0.7065 -0.644619 0.292103
vn -0.705259 -0.5524 0.444369
vn 0.288995 -0.656311 0.696949
vn 0.568762 -0.659944 0.490901
vn 0.445397 -0.552707 0.70437
vn 0.290712 -0.546984 0.785044
vn 0.288995 -0.656311 0.696949
vn 0.445397 -0.552707 0.70437
vn -0.761007 -0.546483 -0.349606
vn -0.678581 -0.572721 -0.459912
vn -0.50006 -0.742287 -0.446038
vn -0.697539 -0.655849 -0.288621
vn -0.761007 -0.546483 -0.349606
vn -0.50006 -0.742287 -0.446038
vn 0.290712 -0.546984 0.785044
vn 0.154156 -0.573188 0.804793
vn 0.054499 -0.660312 0.749011
vn 0.288995 -0.656311 0.696949
vn 0.290712 -0.546984 0.785044
vn 0.054499 -0.660312 0.749011
vn 0.697539 -0.655849 0.288621
vn 0.749598 -0.659659 -0.054341
vn 0.813239 -0.552231 0.183532
vn 0.761007 -0.546483 0.349606
vn 0.697539 -0.655849 0.288621
vn 0.813239 -0.552231 0.183532
vn -0.289375 -0.656313 0.696789
vn 0.054499 -0.660312 0.749011
vn -0.184068 -0.552875 0.81268
vn -0.350551 -0.546947 0.760239
vn -0.289375 -0.656313 0.696789
vn -0.184068 -0.552875 0.81268
vn 0.289375 -0.656313 -0.69679
vn -0.059692 -0.741774 -0.667988
vn 0.184067 -0.552875 -0.81268
vn 0.35055 -0.546947 -0.760239
vn 0.289375 -0.656313 -0.69679
vn 0.184067 -0.552875 -0.81268
vn -0.264529 -0.723011 -0.638184
vn -0.50006 -0.742287 -0.446038
vn -0.445398 -0.552706 -0.70437
vn -0.290712 -0.546984 -0.785045
vn -0.264529 -0.723011 -0.638184
vn -0.445398 -0.552706 -0.70437
vn -0.350551 -0.546947 0.760239
vn -0.460919 -0.572998 0.677663
vn -0.491815 -0.660027 0.567875
vn -0.289375 -0.656313 0.696789
vn -0.350551 -0.546947 0.760239
vn -0.491815 -0.660027 0.567875
vn -0.059692 -0.741774 -0.667988
vn 0.018564 -0.998826 0.044736
vn -0.50006 -0.742287 -0.446038
vn -0.264529 -0.723011 -0.638184
vn -0.059692 -0.741774 -0.667988
vn -0.50006 -0.742287 -0.446038
vn -0.697539 -0.655849 -0.288621
vn -0.733941 -0.679213 -0.0
vn -0.813238 -0.552231 -0.183533
vn -0.761007 -0.546483 -0.349606
vn -0.697539 -0.655849 -0.288621
vn -0.813238 -0.552231 -0.183533
vn -0.262782 0.940085 -0.217222
vn 0.0 0.968583 0.248692
vn -0.06083 0.951667 -0.301047
vn -0.433196 0.901284 -0.005392
vn 0.0 0.968583 0.248692
vn -0.262782 0.940085 -0.217222
vn -0.478524 0.830785 0.284274
vn 0.0 0.968583 0.248692
vn -0.433196 0.901284 -0.005392
vn -0.35514 0.766708 0.534822
vn 0.0 0.968583 0.248692
vn -0.478524 0.830785 0.284274
vn -0.145746 0.735245 0.661947
vn 0.0 0.968583 0.248692
vn -0.35514 0.766708 0.534822
vn 0.054814 0.729284 0.682012
vn 0.0 0.968583 0.248692
vn -0.145746 0.735245 0.661947
vn 0.252843 0.746748 0.615173
vn 0.0 0.968583 0.248692
vn 0.054814 0.729284 0.682012
vn 0.427639 0.791325 0.436954
vn 0.0 0.968583 0.248692
vn 0.252843 0.746748 0.615173
vn 0.480997 0.862613 0.156657
vn 0.0 0.968583 0.248692
vn 0.427639 0.791325 0.436954
vn 0.362321 0.924497 -0.11844
vn 0.0 0.968583 0.248692
vn 0.480997 0.862613 0.156657
vn -0.06083 0.951667 -0.301047
vn 0.0 0.968583 0.248692
vn 0.162353 0.947447 -0.275655
vn 0.162353 0.947447 -0.275655
vn 0.0 0.968583 0.248692
vn 0.362321 0.924497 -0.11844
vn 0.533854 0.660834 -0.52754
vn 0.304229 0.695514 -0.650926
vn 0.408448 0.847966 -0.337823
vn -0.533856 0.660834 -0.527538
vn -0.732919 0.628232 -0.261064
vn -0.451114 0.845572 -0.285489
vn -0.533856 0.660834 -0.527538
vn -0.451114 0.845572 -0.285489
vn -0.296729 0.672921 -0.677591
vn 0.479001 0.603482 0.637469
vn 0.443916 0.751978 0.487306
vn 0.23712 0.581632 0.778125
vn 0.479001 0.603482 0.637469
vn 0.701929 0.609501 0.368517
vn 0.443916 0.751978 0.487306
vn -0.479002 0.603482 0.637469
vn -0.238466 0.589688 0.771623
vn -0.443917 0.751977 0.487307
vn -0.097189 0.417373 0.903523
vn 0.154065 0.426565 0.891239
vn -0.038793 0.563919 0.824918
vn 0.47843 0.410773 0.776126
vn 0.717831 0.40254 0.568049
vn 0.479001 0.603482 0.637469
vn 0.907777 0.396551 0.136702
vn 0.906912 0.392915 -0.152081
vn 0.73971 0.665914 0.096885
vn 0.716524 0.407577 -0.566104
vn 0.49427 0.404074 -0.769689
vn 0.533854 0.660834 -0.52754
vn -0.679657 0.408442 0.609296
vn -0.429922 0.415693 0.801478
vn -0.479002 0.603482 0.637469
vn -0.912958 0.39585 -0.099048
vn -0.898988 0.393512 0.192273
vn -0.717481 0.693722 0.063012
vn -0.543738 0.405887 -0.734578
vn -0.753288 0.401103 -0.521223
vn -0.533856 0.660834 -0.527538
vn -0.178382 0.40632 -0.89615
vn 0.04279 0.642921 -0.764736
vn 0.104472 0.393634 -0.913312
vn -0.479002 0.603482 0.637469
vn -0.443917 0.751977 0.487307
vn -0.701929 0.609501 0.368517
vn 0.533854 0.660834 -0.52754
vn 0.408448 0.847966 -0.337823
vn 0.713152 0.657397 -0.243401
vn -0.448584 -0.439613 0.778147
vn -0.449285 0.005368 0.893373
vn -0.28145 -0.084893 0.955813
vn -0.280133 -0.552417 0.785086
vn -0.448584 -0.439613 0.778147
vn -0.28145 -0.084893 0.955813
vn -0.425258 -0.798885 0.425368
vn -0.448584 -0.439613 0.778147
vn -0.280133 -0.552417 0.785086
vn -0.285228 -0.830048 0.479233
vn -0.425258 -0.798885 0.425368
vn -0.280133 -0.552417 0.785086
vn -0.273254 -0.927653 -0.254544
vn -0.269527 -0.929825 -0.25056
vn -0.273254 -0.927653 -0.254544
vn -0.285224 -0.83005 -0.479234
vn -0.273254 -0.927653 -0.254544
vn -0.273254 -0.927653 -0.254544
vn -0.448584 0.439614 -0.778146
vn -0.449286 -0.005369 -0.893372
vn -0.281451 0.084894 -0.955813
vn -0.280138 0.552415 -0.785087
vn -0.448584 0.439614 -0.778146
vn -0.281451 0.084894 -0.955813
vn -0.425262 0.798883 -0.425368
vn -0.448584 0.439614 -0.778146
vn -0.280138 0.552415 -0.785087
vn -0.285234 0.830047 -0.479232
vn -0.425262 0.798883 -0.425368
vn -0.280138 0.552415 -0.785087
vn -0.27326 0.927654 0.254534
vn -0.269524 0.929831 0.25054
vn -0.282565 0.959248 -0.000001
vn -0.285243 0.830048 0.479225
vn -0.27326 0.927654 0.254534
vn -0.282565 0.959248 -0.000001
vn -0.449285 0.005368 0.893373
vn -0.479349 0.400234 0.781049
vn -0.282564 0.479623 0.830734
vn -0.28145 -0.084893 0.955813
vn -0.449285 0.005368 0.893373
vn -0.282564 0.479623 0.830734
vn -0.273246 -0.927655 0.254544
vn -0.526815 -0.849917 0.01035
vn -0.425258 -0.798885 0.425368
vn -0.285228 -0.830048 0.479233
vn -0.273246 -0.927655 0.254544
vn -0.425258 -0.798885 0.425368
vn -0.282556 -0.479623 -0.830737
vn -0.479353 -0.400233 -0.781047
vn -0.47575 -0.679867 -0.55807
vn -0.285224 -0.83005 -0.479234
vn -0.282556 -0.479623 -0.830737
vn -0.47575 -0.679867 -0.55807
vn -0.449286 -0.005369 -0.893372
vn -0.479353 -0.400233 -0.781047
vn -0.282556 -0.479623 -0.830737
vn -0.281451 0.084894 -0.955813
vn -0.449286 -0.005369 -0.893372
vn -0.282556 -0.479623 -0.830737
vn -0.282565 0.959248 -0.000001
vn -0.526816 0.849916 -0.010347
vn -0.425262 0.798883 -0.425368
vn -0.285234 0.830047 -0.479232
vn -0.282565 0.959248 -0.000001
vn -0.425262 0.798883 -0.425368
vn -0.282564 0.479623 0.830734
vn -0.479349 0.400234 0.781049
vn -0.475745 0.679872 0.558069
vn -0.285243 0.830048 0.479225
vn -0.282564 0.479623 0.830734
vn -0.475745 0.679872 0.558069
vn -0.598543 0.070871 0.797949
vn -0.59879 0.460895 0.655
vn -0.479349 0.400234 0.781049
vn -0.449285 0.005368 0.893373
vn -0.598543 0.070871 0.797949
vn -0.479349 0.400234 0.781049
vn -0.598798 -0.336798 0.726642
vn -0.598543 0.070871 0.797949
vn -0.449285 0.005368 0.893373
vn -0.448584 -0.439613 0.778147
vn -0.598798 -0.336798 0.726642
vn -0.449285 0.005368 0.893373
vn -0.598544 -0.655608 0.460351
vn -0.598798 -0.336798 0.726642
vn -0.448584 -0.439613 0.778147
vn -0.425258 -0.798885 0.425368
vn -0.598544 -0.655608 0.460351
vn -0.448584 -0.439613 0.778147
vn -0.598798 -0.797689 0.071647
vn -0.598544 -0.655608 0.460351
vn -0.425258 -0.798885 0.425368
vn -0.526815 -0.849917 0.01035
vn -0.598798 -0.797689 0.071647
vn -0.425258 -0.798885 0.425368
vn -0.598546 -0.726477 -0.337601
vn -0.598798 -0.797689 0.071647
vn -0.526815 -0.849917 0.01035
vn -0.47575 -0.679867 -0.55807
vn -0.598546 -0.726477 -0.337601
vn -0.526815 -0.849917 0.01035
vn -0.598804 -0.46089 -0.654992
vn -0.598546 -0.726477 -0.337601
vn -0.47575 -0.679867 -0.55807
vn -0.479353 -0.400233 -0.781047
vn -0.598804 -0.46089 -0.654992
vn -0.47575 -0.679867 -0.55807
vn -0.598547 -0.070869 -0.797947
vn -0.598804 -0.46089 -0.654992
vn -0.479353 -0.400233 -0.781047
vn -0.449286 -0.005369 -0.893372
vn -0.598547 -0.070869 -0.797947
vn -0.479353 -0.400233 -0.781047
vn -0.598799 0.336798 -0.726641
vn -0.598547 -0.070869 -0.797947
vn -0.449286 -0.005369 -0.893372
vn -0.448584 0.439614 -0.778146
vn -0.598799 0.336798 -0.726641
vn -0.449286 -0.005369 -0.893372
vn -0.598536 0.655611 -0.460357
vn -0.598799 0.336798 -0.726641
vn -0.448584 0.439614 -0.778146
vn -0.425262 0.798883 -0.425368
vn -0.598536 0.655611 -0.460357
vn -0.448584 0.439614 -0.778146
vn -0.598802 0.797686 -0.071647
vn -0.598536 0.655611 -0.460357
vn -0.425262 0.798883 -0.425368
vn -0.526816 0.849916 -0.010347
vn -0.598802 0.797686 -0.071647
vn -0.425262 0.798883 -0.425368
vn -0.598537 0.726483 0.337604
vn -0.598802 0.797686 -0.071647
vn -0.526816 0.849916 -0.010347
vn -0.475745 0.679872 0.558069
vn -0.598537 0.726483 0.337604
vn -0.526816 0.849916 -0.010347
vn -0.59879 0.460895 0.655
vn -0.598537 0.726483 0.337604
vn -0.475745 0.679872 0.558069
vn -0.479349 0.400234 0.781049
vn -0.59879 0.460895 0.655
vn -0.475745 0.679872 0.558069
vn 0.280135 -0.403695 0.870951
vn 0.281451 0.084894 0.955813
vn 0.447934 -0.077643 0.890689
vn 0.447109 -0.515939 0.730685
vn 0.280135 -0.403695 0.870951
vn 0.447934 -0.077643 0.890689
vn 0.281082 -0.831108 0.479847
vn 0.280135 -0.403695 0.870951
vn 0.447109 -0.515939 0.730685
vn 0.481604 -0.779742 0.400075
vn 0.281082 -0.831108 0.479847
vn 0.447109 -0.515939 0.730685
vn 0.28108 -0.831107 -0.479849
vn 0.268887 -0.927654 -0.259147
vn 0.425698 -0.904319 -0.031453
vn 0.481605 -0.736341 -0.475246
vn 0.28108 -0.831107 -0.479849
vn 0.425698 -0.904319 -0.031453
vn 0.280138 0.403691 -0.870951
vn 0.28145 -0.084892 -0.955813
vn 0.447936 0.077641 -0.890688
vn 0.447108 0.515937 -0.730687
vn 0.280138 0.403691 -0.870951
vn 0.447936 0.077641 -0.890688
vn 0.281087 0.831109 -0.479841
vn 0.280138 0.403691 -0.870951
vn 0.447108 0.515937 -0.730687
vn 0.481602 0.779744 -0.400073
vn 0.281087 0.831109 -0.479841
vn 0.447108 0.515937 -0.730687
vn 0.281089 0.83111 0.479838
vn 0.278393 0.960467 -0.0
vn 0.4257 0.904317 0.031455
vn 0.4816 0.736348 0.47524
vn 0.281089 0.83111 0.479838
vn 0.4257 0.904317 0.031455
vn 0.281451 0.084894 0.955813
vn 0.278401 0.480233 0.831787
vn 0.4257 0.424919 0.798889
vn 0.447934 -0.077643 0.890689
vn 0.281451 0.084894 0.955813
vn 0.4257 0.424919 0.798889
vn 0.281082 -0.831108 0.479847
vn 0.481604 -0.779742 0.400075
vn 0.425698 -0.904319 -0.031453
vn 0.268884 -0.927654 0.259152
vn 0.281082 -0.831108 0.479847
vn 0.425698 -0.904319 -0.031453
vn 0.28108 -0.831107 -0.479849
vn 0.481605 -0.736341 -0.475246
vn 0.425701 -0.424918 -0.798889
vn 0.278396 -0.480229 -0.83179
vn 0.28108 -0.831107 -0.479849
vn 0.425701 -0.424918 -0.798889
vn 0.28145 -0.084892 -0.955813
vn 0.278396 -0.480229 -0.83179
vn 0.425701 -0.424918 -0.798889
vn 0.447936 0.077641 -0.890688
vn 0.28145 -0.084892 -0.955813
vn 0.425701 -0.424918 -0.798889
vn 0.281087 0.831109 -0.479841
vn 0.481602 0.779744 -0.400073
vn 0.4257 0.904317 0.031455
vn 0.278393 0.960467 -0.0
vn 0.281087 0.831109 -0.479841
vn 0.4257 0.904317 0.031455
vn 0.281089 0.83111 0.479838
vn 0.4816 0.736348 0.47524
vn 0.4257 0.424919 0.798889
vn 0.278401 0.480233 0.831787
vn 0.281089 0.83111 0.479838
vn 0.4257 0.424919 0.798889
vn -0.76959 -0.087165 -0.632562
vn -0.769545 0.102036 -0.630388
vn -0.734079 -0.518909 -0.438019
vn -0.721395 -0.528846 -0.447114
vn -0.76959 -0.087165 -0.632562
vn -0.734079 -0.518909 -0.438019
vn -0.649028 -0.760676 -0.011618
vn -0.721395 -0.528846 -0.447114
vn -0.734079 -0.518909 -0.438019
vn -0.691574 -0.722305 0.001121
vn -0.649028 -0.760676 -0.011618
vn -0.734079 -0.518909 -0.438019
vn -0.646189 0.114031 0.75461
vn -0.606285 -0.193596 0.771323
vn -0.639667 0.553412 0.533443
vn -0.669979 0.659826 0.340233
vn -0.646189 0.114031 0.75461
vn -0.639667 0.553412 0.533443
vn -0.669979 0.659826 0.340233
vn -0.639667 0.553412 0.533443
vn -0.665665 0.741966 0.079856
vn -0.65153 0.754513 -0.078857
vn -0.669979 0.659826 0.340233
vn -0.665665 0.741966 0.079856
vn -0.596895 -0.604093 0.528004
vn -0.665059 -0.64526 0.375946
vn -0.606285 -0.193596 0.771323
vn -0.646189 0.114031 0.75461
vn -0.596895 -0.604093 0.528004
vn -0.606285 -0.193596 0.771323
vn -0.721001 0.472781 -0.506593
vn -0.686716 0.622218 -0.375854
vn -0.769545 0.102036 -0.630388
vn -0.76959 -0.087165 -0.632562
vn -0.721001 0.472781 -0.506593
vn -0.769545 0.102036 -0.630388
vn 0.701752 0.621897 -0.347547
vn 0.706317 0.483406 -0.517141
vn 0.674302 0.736361 -0.055588
vn 0.676748 0.727666 0.111869
vn 0.701752 0.621897 -0.347547
vn 0.674302 0.736361 -0.055588
vn 0.712837 -0.600318 -0.362604
vn 0.649654 -0.755885 0.081161
vn 0.679676 -0.731099 -0.059453
vn 0.726752 -0.454794 -0.514775
vn 0.712837 -0.600318 -0.362604
vn 0.679676 -0.731099 -0.059453
vn 0.649654 -0.755885 0.081161
vn 0.662241 -0.592378 0.458831
vn 0.686252 -0.561223 0.462695
vn 0.679676 -0.731099 -0.059453
vn 0.649654 -0.755885 0.081161
vn 0.686252 -0.561223 0.462695
vn 0.691349 0.485212 0.535356
vn 0.691405 0.60587 0.393548
vn 0.715877 0.126322 0.686705
vn 0.70889 -0.085179 0.700157
vn 0.691349 0.485212 0.535356
vn 0.715877 0.126322 0.686705
vn 0.676748 0.727666 0.111869
vn 0.674302 0.736361 -0.055588
vn 0.691405 0.60587 0.393548
vn 0.691349 0.485212 0.535356
vn 0.676748 0.727666 0.111869
vn 0.691405 0.60587 0.393548
vn 0.70889 -0.085179 0.700157
vn 0.715877 0.126322 0.686705
vn 0.686252 -0.561223 0.462695
vn 0.662241 -0.592378 0.458831
vn 0.70889 -0.085179 0.700157
vn 0.686252 -0.561223 0.462695
vn 0.758932 0.020406 -0.650851
vn 0.75207 0.008642 -0.659027
vn 0.706317 0.483406 -0.517141
vn 0.701752 0.621897 -0.347547
vn 0.758932 0.020406 -0.650851
vn 0.706317 0.483406 -0.517141
vn 0.371414 0.262987 -0.890444
vn 0.589975 0.280178 -0.757252
vn 0.460206 0.365497 -0.809087
vn 0.367132 0.344075 -0.864191
vn 0.371414 0.262987 -0.890444
vn 0.460206 0.365497 -0.809087
vn -0.486721 0.272783 0.829875
vn -0.511482 0.369208 0.775933
vn -0.369807 0.333374 0.86724
vn -0.37024 0.258756 0.89217
vn -0.486721 0.272783 0.829875
vn -0.369807 0.333374 0.86724
vn -0.369807 0.333374 0.86724
vn -0.142313 0.410984 0.900466
vn -0.183167 0.275684 0.943636
vn -0.37024 0.258756 0.89217
vn -0.369807 0.333374 0.86724
vn -0.183167 0.275684 0.943636
vn 0.83044 0.27302 -0.485623
vn 0.892733 0.258436 -0.369106
vn 0.878355 0.322009 -0.353274
vn 0.733719 0.379599 -0.563525
vn 0.83044 0.27302 -0.485623
vn 0.878355 0.322009 -0.353274
vn 0.589975 0.280178 -0.757252
vn 0.83044 0.27302 -0.485623
vn 0.733719 0.379599 -0.563525
vn 0.460206 0.365497 -0.809087
vn 0.589975 0.280178 -0.757252
vn 0.733719 0.379599 -0.563525
vn 0.182896 0.27643 -0.94347
vn 0.371414 0.262987 -0.890444
vn 0.367132 0.344075 -0.864191
vn 0.142284 0.411361 -0.900298
vn 0.182896 0.27643 -0.94347
vn 0.367132 0.344075 -0.864191
vn 0.0 0.673609 0.739088
vn -0.443917 0.751977 0.487307
vn -0.238466 0.589688 0.771623
vn -0.038793 0.563919 0.824918
vn 0.0 0.673609 0.739088
vn -0.238466 0.589688 0.771623
vn 0.713152 0.657397 -0.243401
vn 0.408448 0.847966 -0.337823
vn 0.591235 0.804395 0.058223
vn 0.73971 0.665914 0.096885
vn 0.713152 0.657397 -0.243401
vn 0.591235 0.804395 0.058223
vn -0.717481 0.693722 0.063012
vn -0.701929 0.609501 0.368517
vn -0.443917 0.751977 0.487307
vn -0.60445 0.789226 0.108457
vn -0.717481 0.693722 0.063012
vn -0.443917 0.751977 0.487307
vn -0.753288 0.401103 -0.521223
vn -0.874312 0.363589 -0.321529
vn -0.732919 0.628232 -0.261064
vn -0.533856 0.660834 -0.527538
vn -0.753288 0.401103 -0.521223
vn -0.732919 0.628232 -0.261064
vn -0.543738 0.405887 -0.734578
vn -0.533856 0.660834 -0.527538
vn -0.296729 0.672921 -0.677591
vn -0.36189 0.373172 -0.854271
vn -0.543738 0.405887 -0.734578
vn -0.296729 0.672921 -0.677591
vn -0.912958 0.39585 -0.099048
vn -0.717481 0.693722 0.063012
vn -0.732919 0.628232 -0.261064
vn -0.874312 0.363589 -0.321529
vn -0.912958 0.39585 -0.099048
vn -0.732919 0.628232 -0.261064
vn -0.679657 0.408442 0.609296
vn -0.479002 0.603482 0.637469
vn -0.701929 0.609501 0.368517
vn -0.84144 0.365315 0.39815
vn -0.679657 0.408442 0.609296
vn -0.701929 0.609501 0.368517
vn -0.260082 0.418972 0.869954
vn -0.097189 0.417373 0.903523
vn -0.038793 0.563919 0.824918
vn -0.238466 0.589688 0.771623
vn -0.260082 0.418972 0.869954
vn -0.038793 0.563919 0.824918
vn 0.304229 0.695514 -0.650926
vn 0.533854 0.660834 -0.52754
vn 0.49427 0.404074 -0.769689
vn 0.329466 0.398575 -0.855915
vn 0.304229 0.695514 -0.650926
vn 0.49427 0.404074 -0.769689
vn 0.716524 0.407577 -0.566104
vn 0.533854 0.660834 -0.52754
vn 0.713152 0.657397 -0.243401
vn 0.867678 0.361888 -0.34084
vn 0.716524 0.407577 -0.566104
vn 0.713152 0.657397 -0.243401
vn 0.717831 0.40254 0.568049
vn 0.851563 0.362467 0.378758
vn 0.701929 0.609501 0.368517
vn 0.479001 0.603482 0.637469
vn 0.717831 0.40254 0.568049
vn 0.701929 0.609501 0.368517
vn 0.47843 0.410773 0.776126
vn 0.479001 0.603482 0.637469
vn 0.23712 0.581632 0.778125
vn 0.304538 0.389127 0.869389
vn 0.47843 0.410773 0.776126
vn 0.23712 0.581632 0.778125
vn 0.906912 0.392915 -0.152081
vn 0.867678 0.361888 -0.34084
vn 0.713152 0.657397 -0.243401
vn 0.73971 0.665914 0.096885
vn 0.906912 0.392915 -0.152081
vn 0.713152 0.657397 -0.243401
vn 0.329466 0.398575 -0.855915
vn 0.104472 0.393634 -0.913312
vn 0.04279 0.642921 -0.764736
vn 0.304229 0.695514 -0.650926
vn 0.329466 0.398575 -0.855915
vn 0.04279 0.642921 -0.764736
vn 0.23712 0.581632 0.778125
vn -0.038793 0.563919 0.824918
vn 0.154065 0.426565 0.891239
vn 0.304538 0.389127 0.869389
vn 0.23712 0.581632 0.778125
vn 0.154065 0.426565 0.891239
vn -0.296729 0.672921 -0.677591
vn 0.04279 0.642921 -0.764736
vn -0.178382 0.40632 -0.89615
vn -0.36189 0.373172 -0.854271
vn -0.296729 0.672921 -0.677591
vn -0.178382 0.40632 -0.89615
vn 0.907777 0.396551 0.136702
vn 0.73971 0.665914 0.096885
vn 0.701929 0.609501 0.368517
vn 0.851563 0.362467 0.378758
vn 0.907777 0.396551 0.136702
vn 0.701929 0.609501 0.368517
vn -0.429922 0.415693 0.801478
vn -0.260082 0.418972 0.869954
vn -0.238466 0.589688 0.771623
vn -0.479002 0.603482 0.637469
vn -0.429922 0.415693 0.801478
vn -0.238466 0.589688 0.771623
vn -0.898988 0.393512 0.192273
vn -0.84144 0.365315 0.39815
vn -0.701929 0.609501 0.368517
vn -0.717481 0.693722 0.063012
vn -0.898988 0.393512 0.192273
vn -0.701929 0.609501 0.368517
vn 0.23712 0.581632 0.778125
vn 0.443916 0.751978 0.487306
vn 0.0 0.673609 0.739088
vn -0.038793 0.563919 0.824918
vn 0.23712 0.581632 0.778125
vn 0.0 0.673609 0.739088
vn 0.73971 0.665914 0.096885
vn 0.591235 0.804395 0.058223
vn 0.443916 0.751978 0.487306
vn 0.701929 0.609501 0.368517
vn 0.73971 0.665914 0.096885
vn 0.443916 0.751978 0.487306
vn -0.717481 0.693722 0.063012
vn -0.60445 0.789226 0.108457
vn -0.451114 0.845572 -0.285489
vn -0.732919 0.628232 -0.261064
vn -0.717481 0.693722 0.063012
vn -0.451114 0.845572 -0.285489
vn -0.296729 0.672921 -0.677591
vn -0.451114 0.845572 -0.285489
vn -0.0 0.860197 -0.509962
vn 0.04279 0.642921 -0.764736
vn -0.296729 0.672921 -0.677591
vn -0.0 0.860197 -0.509962
vn 0.304229 0.695514 -0.650926
vn 0.04279 0.642921 -0.764736
vn -0.0 0.860197 -0.509962
vn 0.408448 0.847966 -0.337823
vn 0.304229 0.695514 -0.650926
vn -0.0 0.860197 -0.509962
vn 0.726752 -0.454794 -0.514775
vn 0.75207 0.008642 -0.659027
vn 0.758932 0.020406 -0.650851
vn 0.712837 -0.600318 -0.362604
vn 0.726752 -0.454794 -0.514775
vn 0.758932 0.020406 -0.650851
vn -0.665059 -0.64526 0.375946
vn -0.596895 -0.604093 0.528004
vn -0.649028 -0.760676 -0.011618
vn -0.691574 -0.722305 0.001121
vn -0.665059 -0.64526 0.375946
vn -0.649028 -0.760676 -0.011618
vn -0.65153 0.754513 -0.078857
vn -0.665665 0.741966 0.079856
vn -0.686716 0.622218 -0.375854
vn -0.721001 0.472781 -0.506593
vn -0.65153 0.754513 -0.078857
vn -0.686716 0.622218 -0.375854
vn 0.660915 0.711915 -0.237421
vn 0.480997 0.862613 0.156657
vn 0.775923 0.607446 0.170155
vn 0.660915 0.711915 -0.237421
vn 0.362321 0.924497 -0.11844
vn 0.480997 0.862613 0.156657
vn 0.378939 0.767767 -0.516661
vn 0.362321 0.924497 -0.11844
vn 0.660915 0.711915 -0.237421
vn 0.378939 0.767767 -0.516661
vn 0.162353 0.947447 -0.275655
vn 0.362321 0.924497 -0.11844
vn 0.0066 0.78761 -0.616139
vn 0.162353 0.947447 -0.275655
vn 0.378939 0.767767 -0.516661
vn 0.0066 0.78761 -0.616139
vn -0.06083 0.951667 -0.301047
vn 0.162353 0.947447 -0.275655
vn -0.357593 0.765265 -0.535254
vn -0.06083 0.951667 -0.301047
vn 0.0066 0.78761 -0.616139
vn -0.357593 0.765265 -0.535254
vn -0.262782 0.940085 -0.217222
vn -0.06083 0.951667 -0.301047
vn -0.655752 0.711062 -0.253734
vn -0.262782 0.940085 -0.217222
vn -0.357593 0.765265 -0.535254
vn -0.655752 0.711062 -0.253734
vn -0.433196 0.901284 -0.005392
vn -0.262782 0.940085 -0.217222
vn -0.775177 0.614688 0.145802
vn -0.433196 0.901284 -0.005392
vn -0.655752 0.711062 -0.253734
vn -0.775177 0.614688 0.145802
vn -0.478524 0.830785 0.284274
vn -0.433196 0.901284 -0.005392
vn -0.654476 0.53379 0.535472
vn -0.478524 0.830785 0.284274
vn -0.775177 0.614688 0.145802
vn -0.654476 0.53379 0.535472
vn -0.35514 0.766708 0.534822
vn -0.478524 0.830785 0.284274
vn -0.363627 0.489224 0.792739
vn -0.35514 0.766708 0.534822
vn -0.654476 0.53379 0.535472
vn -0.363627 0.489224 0.792739
vn -0.145746 0.735245 0.661947
vn -0.35514 0.766708 0.534822
vn -0.007887 0.474185 0.88039
vn -0.145746 0.735245 0.661947
vn -0.363627 0.489224 0.792739
vn -0.007887 0.474185 0.88039
vn 0.054814 0.729284 0.682012
vn -0.145746 0.735245 0.661947
vn 0.346717 0.480498 0.805549
vn 0.054814 0.729284 0.682012
vn -0.007887 0.474185 0.88039
vn 0.346717 0.480498 0.805549
vn 0.252843 0.746748 0.615173
vn 0.054814 0.729284 0.682012
vn 0.645609 0.523366 0.556127
vn 0.252843 0.746748 0.615173
vn 0.346717 0.480498 0.805549
vn 0.645609 0.523366 0.556127
vn 0.427639 0.791325 0.436954
vn 0.252843 0.746748 0.615173
vn 0.775923 0.607446 0.170155
vn 0.427639 0.791325 0.436954
vn 0.645609 0.523366 0.556127
vn 0.775923 0.607446 0.170155
vn 0.480997 0.862613 0.156657
vn 0.427639 0.791325 0.436954
vn -0.04448 0.643079 0.764507
vn -0.363627 0.489224 0.792739
vn -0.338236 0.645752 0.684544
vn -0.04448 0.643079 0.764507
vn -0.007887 0.474185 0.88039
vn -0.363627 0.489224 0.792739
vn 0.240833 0.647371 0.723126
vn -0.007887 0.474185 0.88039
vn -0.04448 0.643079 0.764507
vn 0.240833 0.647371 0.723126
vn 0.346717 0.480498 0.805549
vn -0.007887 0.474185 0.88039
vn 0.498734 0.66955 0.550425
vn 0.346717 0.480498 0.805549
vn 0.240833 0.647371 0.723126
vn 0.498734 0.66955 0.550425
vn 0.645609 0.523366 0.556127
vn 0.346717 0.480498 0.805549
vn 0.641208 0.724678 0.252375
vn 0.645609 0.523366 0.556127
vn 0.498734 0.66955 0.550425
vn 0.641208 0.724678 0.252375
vn 0.775923 0.607446 0.170155
vn 0.645609 0.523366 0.556127
vn 0.578264 0.810194 -0.095893
vn 0.775923 0.607446 0.170155
vn 0.641208 0.724678 0.252375
vn 0.578264 0.810194 -0.095893
vn 0.660915 0.711915 -0.237421
vn 0.775923 0.607446 0.170155
vn 0.349328 0.867436 -0.354293
vn 0.660915 0.711915 -0.237421
vn 0.578264 0.810194 -0.095893
vn 0.349328 0.867436 -0.354293
vn 0.378939 0.767767 -0.516661
vn 0.660915 0.711915 -0.237421
vn 0.052476 0.895157 -0.442652
vn 0.378939 0.767767 -0.516661
vn 0.349328 0.867436 -0.354293
vn 0.052476 0.895157 -0.442652
vn 0.0066 0.78761 -0.616139
vn 0.378939 0.767767 -0.516661
vn -0.256708 0.879817 -0.400028
vn 0.0066 0.78761 -0.616139
vn 0.052476 0.895157 -0.442652
vn -0.256708 0.879817 -0.400028
vn -0.357593 0.765265 -0.535254
vn 0.0066 0.78761 -0.616139
vn -0.506909 0.838914 -0.198158
vn -0.357593 0.765265 -0.535254
vn -0.256708 0.879817 -0.400028
vn -0.506909 0.838914 -0.198158
vn -0.655752 0.711062 -0.253734
vn -0.357593 0.765265 -0.535254
vn -0.64639 0.752398 0.126794
vn -0.655752 0.711062 -0.253734
vn -0.506909 0.838914 -0.198158
vn -0.64639 0.752398 0.126794
vn -0.775177 0.614688 0.145802
vn -0.655752 0.711062 -0.253734
vn -0.570248 0.680643 0.459937
vn -0.775177 0.614688 0.145802
vn -0.64639 0.752398 0.126794
vn -0.570248 0.680643 0.459937
vn -0.654476 0.53379 0.535472
vn -0.775177 0.614688 0.145802
vn -0.338236 0.645752 0.684544
vn -0.654476 0.53379 0.535472
vn -0.570248 0.680643 0.459937
vn -0.338236 0.645752 0.684544
vn -0.363627 0.489224 0.792739
vn -0.654476 0.53379 0.535472
vn 0.4257 0.424919 0.798889
vn 0.598543 0.070871 0.797949
vn 0.447934 -0.077643 0.890689
vn 0.4257 0.424919 0.798889
vn 0.598789 0.460898 0.655001
vn 0.598543 0.070871 0.797949
vn 0.4816 0.736348 0.47524
vn 0.598789 0.460898 0.655001
vn 0.4257 0.424919 0.798889
vn 0.4816 0.736348 0.47524
vn 0.598536 0.726484 0.337603
vn 0.598789 0.460898 0.655001
vn 0.4257 0.904317 0.031455
vn 0.598536 0.726484 0.337603
vn 0.4816 0.736348 0.47524
vn 0.4257 0.904317 0.031455
vn 0.598799 0.797688 -0.071645
vn 0.598536 0.726484 0.337603
vn 0.481602 0.779744 -0.400073
vn 0.598799 0.797688 -0.071645
vn 0.4257 0.904317 0.031455
vn 0.481602 0.779744 -0.400073
vn 0.598532 0.655614 -0.460358
vn 0.598799 0.797688 -0.071645
vn 0.447108 0.515937 -0.730687
vn 0.598532 0.655614 -0.460358
vn 0.481602 0.779744 -0.400073
vn 0.447108 0.515937 -0.730687
vn 0.598799 0.336798 -0.726641
vn 0.598532 0.655614 -0.460358
vn 0.447936 0.077641 -0.890688
vn 0.598799 0.336798 -0.726641
vn 0.447108 0.515937 -0.730687
vn 0.447936 0.077641 -0.890688
vn 0.598547 -0.070869 -0.797946
vn 0.598799 0.336798 -0.726641
vn 0.425701 -0.424918 -0.798889
vn 0.598547 -0.070869 -0.797946
vn 0.447936 0.077641 -0.890688
vn 0.425701 -0.424918 -0.798889
vn 0.598803 -0.46089 -0.654992
vn 0.598547 -0.070869 -0.797946
vn 0.481605 -0.736341 -0.475246
vn 0.598803 -0.46089 -0.654992
vn 0.425701 -0.424918 -0.798889
vn 0.481605 -0.736341 -0.475246
vn 0.598543 -0.726479 -0.337601
vn 0.598803 -0.46089 -0.654992
vn 0.425698 -0.904319 -0.031453
vn 0.598543 -0.726479 -0.337601
vn 0.481605 -0.736341 -0.475246
vn 0.425698 -0.904319 -0.031453
vn 0.598795 -0.797691 0.071649
vn 0.598543 -0.726479 -0.337601
vn 0.481604 -0.779742 0.400075
vn 0.598795 -0.797691 0.071649
vn 0.425698 -0.904319 -0.031453
vn 0.481604 -0.779742 0.400075
vn 0.598547 -0.655607 0.460349
vn 0.598795 -0.797691 0.071649
vn 0.447109 -0.515939 0.730685
vn 0.598547 -0.655607 0.460349
vn 0.481604 -0.779742 0.400075
vn 0.447109 -0.515939 0.730685
vn 0.598798 -0.336798 0.726642
vn 0.598547 -0.655607 0.460349
vn 0.447934 -0.077643 0.890689
vn 0.598798 -0.336798 0.726642
vn 0.447109 -0.515939 0.730685
vn 0.447934 -0.077643 0.890689
vn 0.598543 0.070871 0.797949
vn 0.598798 -0.336798 0.726642
vn -0.758596 0.279344 0.588642
vn -0.511482 0.369208 0.775933
vn -0.486721 0.272783 0.829875
vn -0.758596 0.279344 0.588642
vn -0.770244 0.376835 0.514509
vn -0.511482 0.369208 0.775933
vn -0.89108 0.262422 0.370285
vn -0.770244 0.376835 0.514509
vn -0.758596 0.279344 0.588642
vn -0.89108 0.262422 0.370285
vn -0.877199 0.330555 0.348218
vn -0.770244 0.376835 0.514509
vn -0.930948 0.272676 0.242866
vn -0.877199 0.330555 0.348218
vn -0.89108 0.262422 0.370285
vn -0.930948 0.272676 0.242866
vn -0.914883 0.356859 0.188788
vn -0.877199 0.330555 0.348218
vn -0.952727 0.279546 -0.119017
vn -0.914883 0.356859 0.188788
vn -0.930948 0.272676 0.242866
vn -0.952727 0.279546 -0.119017
vn -0.911766 0.369528 -0.179254
vn -0.914883 0.356859 0.188788
vn -0.892369 0.262564 -0.367066
vn -0.911766 0.369528 -0.179254
vn -0.952727 0.279546 -0.119017
vn -0.892369 0.262564 -0.367066
vn -0.867567 0.329749 -0.372282
vn -0.911766 0.369528 -0.179254
vn -0.83044 0.273021 -0.485623
vn -0.867567 0.329749 -0.372282
vn -0.892369 0.262564 -0.367066
vn -0.83044 0.273021 -0.485623
vn -0.780272 0.360785 -0.510891
vn -0.867567 0.329749 -0.372282
vn -0.589975 0.280178 -0.757252
vn -0.780272 0.360785 -0.510891
vn -0.83044 0.273021 -0.485623
vn -0.589975 0.280178 -0.757252
vn -0.516296 0.380178 -0.767401
vn -0.780272 0.360785 -0.510891
vn -0.371414 0.262987 -0.890444
vn -0.516296 0.380178 -0.767401
vn -0.589975 0.280178 -0.757252
vn -0.371414 0.262987 -0.890444
vn -0.348291 0.343218 -0.872293
vn -0.516296 0.380178 -0.767401
vn -0.243395 0.273479 -0.930574
vn -0.348291 0.343218 -0.872293
vn -0.371414 0.262987 -0.890444
vn -0.243395 0.273479 -0.930574
vn -0.188663 0.373295 -0.908327
vn -0.348291 0.343218 -0.872293
vn 0.182896 0.27643 -0.94347
vn -0.188663 0.373295 -0.908327
vn -0.243395 0.273479 -0.930574
vn 0.182896 0.27643 -0.94347
vn 0.142284 0.411361 -0.900298
vn -0.188663 0.373295 -0.908327
vn 0.930948 0.272803 -0.242724
vn 0.878355 0.322009 -0.353274
vn 0.892733 0.258436 -0.369106
vn 0.930948 0.272803 -0.242724
vn 0.914859 0.356923 -0.18878
vn 0.878355 0.322009 -0.353274
vn 0.952746 0.279419 0.119165
vn 0.914859 0.356923 -0.18878
vn 0.930948 0.272803 -0.242724
vn 0.952746 0.279419 0.119165
vn 0.911776 0.369467 0.17933
vn 0.914859 0.356923 -0.18878
vn 0.892406 0.262427 0.367075
vn 0.911776 0.369467 0.17933
vn 0.952746 0.279419 0.119165
vn 0.892406 0.262427 0.367075
vn 0.867615 0.329684 0.372226
vn 0.911776 0.369467 0.17933
vn 0.830598 0.272646 0.485564
vn 0.867615 0.329684 0.372226
vn 0.892406 0.262427 0.367075
vn 0.830598 0.272646 0.485564
vn 0.780364 0.360483 0.510964
vn 0.867615 0.329684 0.372226
vn 0.589848 0.279372 0.757649
vn 0.780364 0.360483 0.510964
vn 0.830598 0.272646 0.485564
vn 0.589848 0.279372 0.757649
vn 0.516213 0.379908 0.76759
vn 0.780364 0.360483 0.510964
vn 0.371441 0.262647 0.890533
vn 0.516213 0.379908 0.76759
vn 0.589848 0.279372 0.757649
vn 0.371441 0.262647 0.890533
vn 0.348467 0.343064 0.872283
vn 0.516213 0.379908 0.76759
vn 0.243754 0.272825 0.930672
vn 0.348467 0.343064 0.872283
vn 0.371441 0.262647 0.890533
vn 0.243754 0.272825 0.930672
vn 0.188691 0.372805 0.908522
vn 0.348467 0.343064 0.872283
vn -0.183167 0.275684 0.943636
vn 0.188691 0.372805 0.908522
vn 0.243754 0.272825 0.930672
vn -0.183167 0.275684 0.943636
vn -0.142313 0.410984 0.900466
vn 0.188691 0.372805 0.908522
vn -0.867567 0.329749 -0.372282
vn -0.865514 0.432405 -0.252809
vn -0.911766 0.369528 -0.179254
vn -0.867567 0.329749 -0.372282
vn -0.848496 0.395566 -0.351542
vn -0.865514 0.432405 -0.252809
vn -0.780272 0.360785 -0.510891
vn -0.848496 0.395566 -0.351542
vn -0.867567 0.329749 -0.372282
vn -0.780272 0.360785 -0.510891
vn -0.711469 0.47447 -0.518353
vn -0.848496 0.395566 -0.351542
vn -0.516296 0.380178 -0.767401
vn -0.711469 0.47447 -0.518353
vn -0.780272 0.360785 -0.510891
vn -0.516296 0.380178 -0.767401
vn -0.428719 0.455957 -0.779938
vn -0.711469 0.47447 -0.518353
vn -0.348291 0.343218 -0.872293
vn -0.428719 0.455957 -0.779938
vn -0.516296 0.380178 -0.767401
vn -0.348291 0.343218 -0.872293
vn -0.346921 0.42145 -0.837869
vn -0.428719 0.455957 -0.779938
vn -0.188663 0.373295 -0.908327
vn -0.346921 0.42145 -0.837869
vn -0.348291 0.343218 -0.872293
vn -0.188663 0.373295 -0.908327
vn -0.133121 0.494219 -0.859085
vn -0.346921 0.42145 -0.837869
vn 0.142284 0.411361 -0.900298
vn -0.133121 0.494219 -0.859085
vn -0.188663 0.373295 -0.908327
vn 0.142284 0.411361 -0.900298
vn 0.251777 0.462817 -0.849946
vn -0.133121 0.494219 -0.859085
vn 0.367132 0.344075 -0.864191
vn 0.251777 0.462817 -0.849946
vn 0.142284 0.411361 -0.900298
vn 0.367132 0.344075 -0.864191
vn 0.351668 0.419283 -0.836978
vn 0.251777 0.462817 -0.849946
vn 0.460206 0.365497 -0.809087
vn 0.351668 0.419283 -0.836978
vn 0.367132 0.344075 -0.864191
vn 0.460206 0.365497 -0.809087
vn 0.521148 0.481238 -0.70485
vn 0.351668 0.419283 -0.836978
vn 0.733719 0.379599 -0.563525
vn 0.521148 0.481238 -0.70485
vn 0.460206 0.365497 -0.809087
vn 0.733719 0.379599 -0.563525
vn 0.78997 0.439483 -0.427554
vn 0.521148 0.481238 -0.70485
vn 0.878355 0.322009 -0.353274
vn 0.78997 0.439483 -0.427554
vn 0.733719 0.379599 -0.563525
vn 0.878355 0.322009 -0.353274
vn 0.851157 0.393326 -0.347601
vn 0.78997 0.439483 -0.427554
vn 0.914859 0.356923 -0.18878
vn 0.851157 0.393326 -0.347601
vn 0.878355 0.322009 -0.353274
vn 0.914859 0.356923 -0.18878
vn 0.877269 0.461118 -0.133303
vn 0.851157 0.393326 -0.347601
vn 0.911776 0.369467 0.17933
vn 0.877269 0.461118 -0.133303
vn 0.914859 0.356923 -0.18878
vn 0.911776 0.369467 0.17933
vn 0.865512 0.432407 0.25281
vn 0.877269 0.461118 -0.133303
vn 0.867615 0.329684 0.372226
vn 0.865512 0.432407 0.25281
vn 0.911776 0.369467 0.17933
vn 0.867615 0.329684 0.372226
vn 0.848495 0.395568 0.351542
vn 0.865512 0.432407 0.25281
vn 0.780364 0.360483 0.510964
vn 0.848495 0.395568 0.351542
vn 0.867615 0.329684 0.372226
vn 0.780364 0.360483 0.510964
vn 0.71147 0.474471 0.518351
vn 0.848495 0.395568 0.351542
vn 0.516213 0.379908 0.76759
vn 0.71147 0.474471 0.518351
vn 0.780364 0.360483 0.510964
vn 0.516213 0.379908 0.76759
vn 0.428719 0.455958 0.779937
vn 0.71147 0.474471 0.518351
vn 0.348467 0.343064 0.872283
vn 0.428719 0.455958 0.779937
vn 0.516213 0.379908 0.76759
vn 0.348467 0.343064 0.872283
vn 0.346921 0.421451 0.837869
vn 0.428719 0.455958 0.779937
vn 0.188691 0.372805 0.908522
vn 0.346921 0.421451 0.837869
vn 0.348467 0.343064 0.872283
vn 0.188691 0.372805 0.908522
vn 0.133121 0.49422 0.859084
vn 0.346921 0.421451 0.837869
vn -0.142313 0.410984 0.900466
vn 0.133121 0.49422 0.859084
vn 0.188691 0.372805 0.908522
vn -0.142313 0.410984 0.900466
vn -0.251777 0.462817 0.849946
vn 0.133121 0.49422 0.859084
vn -0.369807 0.333374 0.86724
vn -0.251777 0.462817 0.849946
vn -0.142313 0.410984 0.900466
vn -0.369807 0.333374 0.86724
vn -0.351668 0.419282 0.836978
vn -0.251777 0.462817 0.849946
vn -0.511482 0.369208 0.775933
vn -0.351668 0.419282 0.836978
vn -0.369807 0.333374 0.86724
vn -0.511482 0.369208 0.775933
vn -0.521149 0.481237 0.704851
vn -0.351668 0.419282 0.836978
vn -0.770244 0.376835 0.514509
vn -0.521149 0.481237 0.704851
vn -0.511482 0.369208 0.775933
vn -0.770244 0.376835 0.514509
vn -0.78997 0.439484 0.427554
vn -0.521149 0.481237 0.704851
vn -0.877199 0.330555 0.348218
vn -0.78997 0.439484 0.427554
vn -0.770244 0.376835 0.514509
vn -0.877199 0.330555 0.348218
vn -0.851157 0.393327 0.3476
vn -0.78997 0.439484 0.427554
vn -0.914883 0.356859 0.188788
vn -0.851157 0.393327 0.3476
vn -0.877199 0.330555 0.348218
vn -0.914883 0.356859 0.188788
vn -0.87727 0.461115 0.133302
vn -0.851157 0.393327 0.3476
vn -0.911766 0.369528 -0.179254
vn -0.87727 0.461115 0.133302
vn -0.914883 0.356859 0.188788
vn -0.911766 0.369528 -0.179254
vn -0.865514 0.432405 -0.252809
vn -0.87727 0.461115 0.133302
vn 0.340104 0.381212 0.859655
vn 0.159366 0.330695 0.930185
vn 0.174537 0.407587 0.896331
vn 0.340104 0.381212 0.859655
vn 0.334486 0.314733 0.888292
vn 0.159366 0.330695 0.930185
vn 0.516506 0.403061 0.755489
vn 0.334486 0.314733 0.888292
vn 0.340104 0.381212 0.859655
vn 0.516506 0.403061 0.755489
vn 0.523298 0.309911 0.793797
vn 0.334486 0.314733 0.888292
vn 0.764264 0.382368 0.519321
vn 0.523298 0.309911 0.793797
vn 0.516506 0.403061 0.755489
vn 0.764264 0.382368 0.519321
vn 0.766931 0.293061 0.570905
vn 0.523298 0.309911 0.793797
vn 0.85888 0.35178 0.372258
vn 0.766931 0.293061 0.570905
vn 0.764264 0.382368 0.519321
vn 0.85888 0.35178 0.372258
vn 0.876099 0.27281 0.397525
vn 0.766931 0.293061 0.570905
vn 0.909869 0.378499 0.169932
vn 0.876099 0.27281 0.397525
vn 0.85888 0.35178 0.372258
vn 0.909869 0.378499 0.169932
vn 0.945778 0.280025 0.164592
vn 0.876099 0.27281 0.397525
vn 0.912825 0.36855 -0.175843
vn 0.945778 0.280025 0.164592
vn 0.909869 0.378499 0.169932
vn 0.912825 0.36855 -0.175843
vn 0.946509 0.278503 -0.162963
vn 0.945778 0.280025 0.164592
vn 0.872713 0.346309 -0.344154
vn 0.946509 0.278503 -0.162963
vn 0.912825 0.36855 -0.175843
vn 0.872713 0.346309 -0.344154
vn 0.901468 0.263755 -0.343204
vn 0.946509 0.278503 -0.162963
vn 0.764601 0.378817 -0.521424
vn 0.901468 0.263755 -0.343204
vn 0.872713 0.346309 -0.344154
vn 0.764601 0.378817 -0.521424
vn 0.784957 0.27353 -0.555899
vn 0.901468 0.263755 -0.343204
vn 0.519854 0.373114 -0.768464
vn 0.784957 0.27353 -0.555899
vn 0.764601 0.378817 -0.521424
vn 0.519854 0.373114 -0.768464
vn 0.525789 0.282036 -0.802497
vn 0.784957 0.27353 -0.555899
vn 0.363223 0.356906 -0.860632
vn 0.525789 0.282036 -0.802497
vn 0.519854 0.373114 -0.768464
vn 0.363223 0.356906 -0.860632
vn 0.381409 0.268848 -0.884448
vn 0.525789 0.282036 -0.802497
vn 0.173771 0.388177 -0.905053
vn 0.381409 0.268848 -0.884448
vn 0.363223 0.356906 -0.860632
vn 0.173771 0.388177 -0.905053
vn 0.165763 0.280486 -0.945436
vn 0.381409 0.268848 -0.884448
vn -0.176349 0.376996 -0.909272
vn 0.165763 0.280486 -0.945436
vn 0.173771 0.388177 -0.905053
vn -0.176349 0.376996 -0.909272
vn -0.179982 0.284287 -0.941694
vn 0.165763 0.280486 -0.945436
vn -0.352366 0.356347 -0.865364
vn -0.179982 0.284287 -0.941694
vn -0.176349 0.376996 -0.909272
vn -0.352366 0.356347 -0.865364
vn -0.353431 0.267483 -0.896403
vn -0.179982 0.284287 -0.941694
vn -0.519164 0.381286 -0.764911
vn -0.353431 0.267483 -0.896403
vn -0.352366 0.356347 -0.865364
vn -0.519164 0.381286 -0.764911
vn -0.549827 0.280426 -0.786798
vn -0.353431 0.267483 -0.896403
vn -0.771304 0.366553 -0.520316
vn -0.549827 0.280426 -0.786798
vn -0.519164 0.381286 -0.764911
vn -0.771304 0.366553 -0.520316
vn -0.782627 0.277479 -0.557226
vn -0.549827 0.280426 -0.786798
vn -0.863779 0.344029 -0.368145
vn -0.782627 0.277479 -0.557226
vn -0.771304 0.366553 -0.520316
vn -0.863779 0.344029 -0.368145
vn -0.890891 0.26422 -0.369461
vn -0.782627 0.277479 -0.557226
vn -0.9118 0.375631 -0.165898
vn -0.890891 0.26422 -0.369461
vn -0.863779 0.344029 -0.368145
vn -0.9118 0.375631 -0.165898
vn -0.949265 0.279698 -0.143755
vn -0.890891 0.26422 -0.369461
vn -0.912241 0.369299 0.177301
vn -0.949265 0.279698 -0.143755
vn -0.9118 0.375631 -0.165898
vn -0.912241 0.369299 0.177301
vn -0.944119 0.280679 0.172799
vn -0.949265 0.279698 -0.143755
vn -0.869459 0.351111 0.347508
vn -0.944119 0.280679 0.172799
vn -0.912241 0.369299 0.177301
vn -0.869459 0.351111 0.347508
vn -0.888382 0.272517 0.369475
vn -0.944119 0.280679 0.172799
vn -0.757434 0.390311 0.523403
vn -0.888382 0.272517 0.369475
vn -0.869459 0.351111 0.347508
vn -0.757434 0.390311 0.523403
vn -0.762208 0.293965 0.576736
vn -0.888382 0.272517 0.369475
vn -0.511881 0.393154 0.763811
vn -0.762208 0.293965 0.576736
vn -0.757434 0.390311 0.523403
vn -0.511881 0.393154 0.763811
vn -0.518714 0.305645 0.798447
vn -0.762208 0.293965 0.576736
vn -0.362156 0.379836 0.851216
vn -0.518714 0.305645 0.798447
vn -0.511881 0.393154 0.763811
vn -0.362156 0.379836 0.851216
vn -0.342142 0.312323 0.886224
vn -0.518714 0.305645 0.798447
vn -0.162164 0.415851 0.894858
vn -0.342142 0.312323 0.886224
vn -0.362156 0.379836 0.851216
vn -0.162164 0.415851 0.894858
vn -0.143279 0.332319 0.932221
vn -0.342142 0.312323 0.886224
vn 0.174537 0.407587 0.896331
vn -0.143279 0.332319 0.932221
vn -0.162164 0.415851 0.894858
vn 0.174537 0.407587 0.896331
vn 0.159366 0.330695 0.930185
vn -0.143279 0.332319 0.932221
vn -0.753288 0.401103 -0.521223
vn -0.890891 0.26422 -0.369461
vn -0.874312 0.363589 -0.321529
vn -0.753288 0.401103 -0.521223
vn -0.782627 0.277479 -0.557226
vn -0.890891 0.26422 -0.369461
vn -0.543738 0.405887 -0.734578
vn -0.782627 0.277479 -0.557226
vn -0.753288 0.401103 -0.521223
vn -0.543738 0.405887 -0.734578
vn -0.549827 0.280426 -0.786798
vn -0.782627 0.277479 -0.557226
vn -0.36189 0.373172 -0.854271
vn -0.549827 0.280426 -0.786798
vn -0.543738 0.405887 -0.734578
vn -0.36189 0.373172 -0.854271
vn -0.353431 0.267483 -0.896403
vn -0.549827 0.280426 -0.786798
vn -0.178382 0.40632 -0.89615
vn -0.353431 0.267483 -0.896403
vn -0.36189 0.373172 -0.854271
vn -0.178382 0.40632 -0.89615
vn -0.179982 0.284287 -0.941694
vn -0.353431 0.267483 -0.896403
vn 0.104472 0.393634 -0.913312
vn -0.179982 0.284287 -0.941694
vn -0.178382 0.40632 -0.89615
vn 0.104472 0.393634 -0.913312
vn 0.165763 0.280486 -0.945436
vn -0.179982 0.284287 -0.941694
vn 0.329466 0.398575 -0.855915
vn 0.165763 0.280486 -0.945436
vn 0.104472 0.393634 -0.913312
vn 0.329466 0.398575 -0.855915
vn 0.381409 0.268848 -0.884448
vn 0.165763 0.280486 -0.945436
vn 0.49427 0.404074 -0.769689
vn 0.381409 0.268848 -0.884448
vn 0.329466 0.398575 -0.855915
vn 0.49427 0.404074 -0.769689
vn 0.525789 0.282036 -0.802497
vn 0.381409 0.268848 -0.884448
vn 0.716524 0.407577 -0.566104
vn 0.525789 0.282036 -0.802497
vn 0.49427 0.404074 -0.769689
vn 0.716524 0.407577 -0.566104
vn 0.784957 0.27353 -0.555899
vn 0.525789 0.282036 -0.802497
vn 0.867678 0.361888 -0.34084
vn 0.784957 0.27353 -0.555899
vn 0.716524 0.407577 -0.566104
vn 0.867678 0.361888 -0.34084
vn 0.901468 0.263755 -0.343204
vn 0.784957 0.27353 -0.555899
vn 0.906912 0.392915 -0.152081
vn 0.901468 0.263755 -0.343204
vn 0.867678 0.361888 -0.34084
vn 0.906912 0.392915 -0.152081
vn 0.946509 0.278503 -0.162963
vn 0.901468 0.263755 -0.343204
vn 0.907777 0.396551 0.136702
vn 0.946509 0.278503 -0.162963
vn 0.906912 0.392915 -0.152081
vn 0.907777 0.396551 0.136702
vn 0.945778 0.280025 0.164592
vn 0.946509 0.278503 -0.162963
vn 0.851563 0.362467 0.378758
vn 0.945778 0.280025 0.164592
vn 0.907777 0.396551 0.136702
vn 0.851563 0.362467 0.378758
vn 0.876099 0.27281 0.397525
vn 0.945778 0.280025 0.164592
vn 0.717831 0.40254 0.568049
vn 0.876099 0.27281 0.397525
vn 0.851563 0.362467 0.378758
vn 0.717831 0.40254 0.568049
vn 0.766931 0.293061 0.570905
vn 0.876099 0.27281 0.397525
vn 0.47843 0.410773 0.776126
vn 0.766931 0.293061 0.570905
vn 0.717831 0.40254 0.568049
vn 0.47843 0.410773 0.776126
vn 0.523298 0.309911 0.793797
vn 0.766931 0.293061 0.570905
vn 0.304538 0.389127 0.869389
vn 0.523298 0.309911 0.793797
vn 0.47843 0.410773 0.776126
vn 0.304538 0.389127 0.869389
vn 0.334486 0.314733 0.888292
vn 0.523298 0.309911 0.793797
vn 0.154065 0.426565 0.891239
vn 0.334486 0.314733 0.888292
vn 0.304538 0.389127 0.869389
vn 0.154065 0.426565 0.891239
vn 0.159366 0.330695 0.930185
vn 0.334486 0.314733 0.888292
vn -0.097189 0.417373 0.903523
vn 0.159366 0.330695 0.930185
vn 0.154065 0.426565 0.891239
vn -0.097189 0.417373 0.903523
vn -0.143279 0.332319 0.932221
vn 0.159366 0.330695 0.930185
vn -0.260082 0.418972 0.869954
vn -0.143279 0.332319 0.932221
vn -0.097189 0.417373 0.903523
vn -0.260082 0.418972 0.869954
vn -0.342142 0.312323 0.886224
vn -0.143279 0.332319 0.932221
vn -0.429922 0.415693 0.801478
vn -0.342142 0.312323 0.886224
vn -0.260082 0.418972 0.869954
vn -0.429922 0.415693 0.801478
vn -0.518714 0.305645 0.798447
vn -0.342142 0.312323 0.886224
vn -0.679657 0.408442 0.609296
vn -0.518714 0.305645 0.798447
vn -0.429922 0.415693 0.801478
vn -0.679657 0.408442 0.609296
vn -0.762208 0.293965 0.576736
vn -0.518714 0.305645 0.798447
vn -0.84144 0.365315 0.39815
vn -0.762208 0.293965 0.576736
vn -0.679657 0.408442 0.609296
vn -0.84144 0.365315 0.39815
vn -0.888382 0.272517 0.369475
vn -0.762208 0.293965 0.576736
vn -0.898988 0.393512 0.192273
vn -0.888382 0.272517 0.369475
vn -0.84144 0.365315 0.39815
vn -0.898988 0.393512 0.192273
vn -0.944119 0.280679 0.172799
vn -0.888382 0.272517 0.369475
vn -0.912958 0.39585 -0.099048
vn -0.944119 0.280679 0.172799
vn -0.898988 0.393512 0.192273
vn -0.912958 0.39585 -0.099048
vn -0.949265 0.279698 -0.143755
vn -0.944119 0.280679 0.172799
vn -0.874312 0.363589 -0.321529
vn -0.949265 0.279698 -0.143755
vn -0.912958 0.39585 -0.099048
vn -0.874312 0.363589 -0.321529
vn -0.890891 0.26422 -0.369461
vn -0.949265 0.279698 -0.143755
vn -0.334003 0.454555 -0.825725
vn -0.176349 0.376996 -0.909272
vn -0.120364 0.506895 -0.853563
vn -0.334003 0.454555 -0.825725
vn -0.352366 0.356347 -0.865364
vn -0.176349 0.376996 -0.909272
vn -0.439874 0.47856 -0.759928
vn -0.352366 0.356347 -0.865364
vn -0.334003 0.454555 -0.825725
vn -0.439874 0.47856 -0.759928
vn -0.519164 0.381286 -0.764911
vn -0.352366 0.356347 -0.865364
vn -0.698117 0.489379 -0.522628
vn -0.519164 0.381286 -0.764911
vn -0.439874 0.47856 -0.759928
vn -0.698117 0.489379 -0.522628
vn -0.771304 0.366553 -0.520316
vn -0.519164 0.381286 -0.764911
vn -0.830607 0.431831 -0.351587
vn -0.771304 0.366553 -0.520316
vn -0.698117 0.489379 -0.522628
vn -0.830607 0.431831 -0.351587
vn -0.863779 0.344029 -0.368145
vn -0.771304 0.366553 -0.520316
vn -0.858369 0.45783 -0.231504
vn -0.863779 0.344029 -0.368145
vn -0.830607 0.431831 -0.351587
vn -0.858369 0.45783 -0.231504
vn -0.9118 0.375631 -0.165898
vn -0.863779 0.344029 -0.368145
vn -0.870397 0.477233 0.121066
vn -0.9118 0.375631 -0.165898
vn -0.858369 0.45783 -0.231504
vn -0.870397 0.477233 0.121066
vn -0.912241 0.369299 0.177301
vn -0.9118 0.375631 -0.165898
vn -0.838476 0.429672 0.335172
vn -0.912241 0.369299 0.177301
vn -0.870397 0.477233 0.121066
vn -0.838476 0.429672 0.335172
vn -0.869459 0.351111 0.347508
vn -0.912241 0.369299 0.177301
vn -0.769883 0.46457 0.437556
vn -0.869459 0.351111 0.347508
vn -0.838476 0.429672 0.335172
vn -0.769883 0.46457 0.437556
vn -0.757434 0.390311 0.523403
vn -0.869459 0.351111 0.347508
vn -0.52563 0.495057 0.691832
vn -0.757434 0.390311 0.523403
vn -0.769883 0.46457 0.437556
vn -0.52563 0.495057 0.691832
vn -0.511881 0.393154 0.763811
vn -0.757434 0.390311 0.523403
vn -0.351833 0.452439 0.819459
vn -0.511881 0.393154 0.763811
vn -0.52563 0.495057 0.691832
vn -0.351833 0.452439 0.819459
vn -0.362156 0.379836 0.851216
vn -0.511881 0.393154 0.763811
vn -0.230101 0.485134 0.843622
vn -0.362156 0.379836 0.851216
vn -0.351833 0.452439 0.819459
vn -0.230101 0.485134 0.843622
vn -0.162164 0.415851 0.894858
vn -0.362156 0.379836 0.851216
vn 0.120632 0.506895 0.853525
vn -0.162164 0.415851 0.894858
vn -0.230101 0.485134 0.843622
vn 0.120632 0.506895 0.853525
vn 0.174537 0.407587 0.896331
vn -0.162164 0.415851 0.894858
vn 0.334285 0.454525 0.825627
vn 0.174537 0.407587 0.896331
vn 0.120632 0.506895 0.853525
vn 0.334285 0.454525 0.825627
vn 0.340104 0.381212 0.859655
vn 0.174537 0.407587 0.896331
vn 0.439362 0.478573 0.760216
vn 0.340104 0.381212 0.859655
vn 0.334285 0.454525 0.825627
vn 0.439362 0.478573 0.760216
vn 0.516506 0.403061 0.755489
vn 0.340104 0.381212 0.859655
vn 0.698182 0.489378 0.522543
vn 0.516506 0.403061 0.755489
vn 0.439362 0.478573 0.760216
vn 0.698182 0.489378 0.522543
vn 0.764264 0.382368 0.519321
vn 0.516506 0.403061 0.755489
vn 0.830659 0.431818 0.351481
vn 0.764264 0.382368 0.519321
vn 0.698182 0.489378 0.522543
vn 0.830659 0.431818 0.351481
vn 0.85888 0.35178 0.372258
vn 0.764264 0.382368 0.519321
vn 0.858304 0.457834 0.231739
vn 0.85888 0.35178 0.372258
vn 0.830659 0.431818 0.351481
vn 0.858304 0.457834 0.231739
vn 0.909869 0.378499 0.169932
vn 0.85888 0.35178 0.372258
vn 0.870415 0.477231 -0.120947
vn 0.909869 0.378499 0.169932
vn 0.858304 0.457834 0.231739
vn 0.870415 0.477231 -0.120947
vn 0.912825 0.36855 -0.175843
vn 0.909869 0.378499 0.169932
vn 0.838521 0.429683 -0.335045
vn 0.912825 0.36855 -0.175843
vn 0.870415 0.477231 -0.120947
vn 0.838521 0.429683 -0.335045
vn 0.872713 0.346309 -0.344154
vn 0.912825 0.36855 -0.175843
vn 0.769759 0.464574 -0.437768
vn 0.872713 0.346309 -0.344154
vn 0.838521 0.429683 -0.335045
vn 0.769759 0.464574 -0.437768
vn 0.764601 0.378817 -0.521424
vn 0.872713 0.346309 -0.344154
vn 0.525854 0.495048 -0.691668
vn 0.764601 0.378817 -0.521424
vn 0.769759 0.464574 -0.437768
vn 0.525854 0.495048 -0.691668
vn 0.519854 0.373114 -0.768464
vn 0.764601 0.378817 -0.521424
vn 0.352109 0.452461 -0.819328
vn 0.519854 0.373114 -0.768464
vn 0.525854 0.495048 -0.691668
vn 0.352109 0.452461 -0.819328
vn 0.363223 0.356906 -0.860632
vn 0.519854 0.373114 -0.768464
vn 0.229533 0.485139 -0.843774
vn 0.363223 0.356906 -0.860632
vn 0.352109 0.452461 -0.819328
vn 0.229533 0.485139 -0.843774
vn 0.173771 0.388177 -0.905053
vn 0.363223 0.356906 -0.860632
vn -0.120364 0.506895 -0.853563
vn 0.173771 0.388177 -0.905053
vn 0.229533 0.485139 -0.843774
vn -0.120364 0.506895 -0.853563
vn -0.176349 0.376996 -0.909272
vn 0.173771 0.388177 -0.905053
vn 0.264347 0.06349 0.962336
vn 0.304035 -0.016117 0.952525
vn 0.313483 0.092184 0.945109
vn 0.304035 -0.016117 0.952525
vn 0.131651 -0.055401 0.989747
vn 0.204003 -0.095145 0.974336
vn 0.304035 -0.016117 0.952525
vn 0.111449 -0.061978 0.991836
vn 0.131651 -0.055401 0.989747
vn 0.56401 -0.081822 0.821704
vn 0.304035 -0.016117 0.952525
vn 0.404034 -0.073558 0.911782
vn 0.304035 -0.016117 0.952525
vn 0.15729 -0.030578 0.987079
vn 0.111449 -0.061978 0.991836
vn 0.722517 -0.037663 0.690326
vn 0.768176 -0.039011 0.639049
vn 0.770713 -0.075945 0.63264
vn 0.264347 0.06349 0.962336
vn 0.15729 -0.030578 0.987079
vn 0.304035 -0.016117 0.952525
vn 0.722517 -0.037663 0.690326
vn 0.770625 -0.012277 0.63717
vn 0.768176 -0.039011 0.639049
vn 0.643653 -0.037429 0.764401
vn 0.722517 -0.037663 0.690326
vn 0.7186 -0.120855 0.684842
vn 0.304035 -0.016117 0.952525
vn 0.56401 -0.081822 0.821704
vn 0.502833 0.002307 0.864381
vn 0.56401 -0.081822 0.821704
vn 0.768176 -0.039011 0.639049
vn 0.63887 -0.018093 0.769102
vn 0.204003 -0.095145 0.974336
vn 0.404034 -0.073558 0.911782
vn 0.304035 -0.016117 0.952525
vn 0.63887 -0.018093 0.769102
vn 0.502833 0.002307 0.864381
vn 0.56401 -0.081822 0.821704
vn 0.63887 -0.018093 0.769102
vn 0.768176 -0.039011 0.639049
vn 0.770625 -0.012277 0.63717
vn 0.770713 -0.075945 0.63264
vn 0.7186 -0.120855 0.684842
vn 0.722517 -0.037663 0.690326
vn 0.518633 0.060125 0.85288
vn 0.445467 0.066632 0.892815
vn 0.502833 0.002307 0.864381
vn 0.63887 -0.018093 0.769102
vn 0.518633 0.060125 0.85288
vn 0.502833 0.002307 0.864381
vn 0.722517 -0.037663 0.690326
vn 0.643653 -0.037429 0.764401
vn 0.616415 0.005862 0.7874
vn 0.736804 -0.013798 0.675966
vn 0.722517 -0.037663 0.690326
vn 0.616415 0.005862 0.7874
vn 0.63887 -0.018093 0.769102
vn 0.770625 -0.012277 0.63717
vn 0.698349 0.012138 0.715655
vn 0.518633 0.060125 0.85288
vn 0.63887 -0.018093 0.769102
vn 0.698349 0.012138 0.715655
vn 0.304035 -0.016117 0.952525
vn 0.502833 0.002307 0.864381
vn 0.445467 0.066632 0.892815
vn 0.313483 0.092184 0.945109
vn 0.304035 -0.016117 0.952525
vn 0.445467 0.066632 0.892815
vn 0.736804 -0.013798 0.675966
vn 0.698349 0.012138 0.715655
vn 0.770625 -0.012277 0.63717
vn 0.722517 -0.037663 0.690326
vn 0.736804 -0.013798 0.675966
vn 0.770625 -0.012277 0.63717
vn -0.264348 0.06349 0.962335
vn -0.38122 0.083376 0.920717
vn -0.303859 -0.021591 0.952473
vn -0.303859 -0.021591 0.952473
vn -0.204004 -0.095145 0.974336
vn -0.131652 -0.055401 0.989747
vn -0.303859 -0.021591 0.952473
vn -0.131652 -0.055401 0.989747
vn -0.11145 -0.061978 0.991836
vn -0.56401 -0.081821 0.821704
vn -0.404034 -0.073558 0.911782
vn -0.303859 -0.021591 0.952473
vn -0.303859 -0.021591 0.952473
vn -0.11145 -0.061978 0.991836
vn -0.157291 -0.030578 0.987079
vn -0.741847 -0.042622 0.669214
vn -0.770713 -0.075945 0.632641
vn -0.768177 -0.039011 0.639048
vn -0.264348 0.06349 0.962335
vn -0.303859 -0.021591 0.952473
vn -0.157291 -0.030578 0.987079
vn -0.741847 -0.042622 0.669214
vn -0.768177 -0.039011 0.639048
vn -0.725609 0.007558 0.688066
vn -0.703182 -0.006225 0.710982
vn -0.718599 -0.120855 0.684843
vn -0.741847 -0.042622 0.669214
vn -0.303859 -0.021591 0.952473
vn -0.462358 0.010225 0.886635
vn -0.56401 -0.081821 0.821704
vn -0.56401 -0.081821 0.821704
vn -0.636687 -0.004133 0.771111
vn -0.768177 -0.039011 0.639048
vn -0.204004 -0.095145 0.974336
vn -0.303859 -0.021591 0.952473
vn -0.404034 -0.073558 0.911782
vn -0.636687 -0.004133 0.771111
vn -0.56401 -0.081821 0.821704
vn -0.462358 0.010225 0.886635
vn -0.636687 -0.004133 0.771111
vn -0.725609 0.007558 0.688066
vn -0.768177 -0.039011 0.639048
vn -0.770713 -0.075945 0.632641
vn -0.741847 -0.042622 0.669214
vn -0.718599 -0.120855 0.684843
vn -0.636687 -0.004133 0.771111
vn -0.462358 0.010225 0.886635
vn -0.450997 0.053876 0.890898
vn -0.610344 0.044852 0.790866
vn -0.636687 -0.004133 0.771111
vn -0.450997 0.053876 0.890898
vn -0.720747 0.021336 0.69287
vn -0.771628 0.088658 0.629865
vn -0.703182 -0.006225 0.710982
vn -0.741847 -0.042622 0.669214
vn -0.720747 0.021336 0.69287
vn -0.703182 -0.006225 0.710982
vn -0.610344 0.044852 0.790866
vn -0.695101 -0.012701 0.7188
vn -0.725609 0.007558 0.688066
vn -0.636687 -0.004133 0.771111
vn -0.610344 0.044852 0.790866
vn -0.725609 0.007558 0.688066
vn -0.38122 0.083376 0.920717
vn -0.450997 0.053876 0.890898
vn -0.462358 0.010225 0.886635
vn -0.303859 -0.021591 0.952473
vn -0.38122 0.083376 0.920717
vn -0.462358 0.010225 0.886635
vn -0.741847 -0.042622 0.669214
vn -0.725609 0.007558 0.688066
vn -0.695101 -0.012701 0.7188
vn -0.720747 0.021336 0.69287
vn -0.741847 -0.042622 0.669214
vn -0.695101 -0.012701 0.7188

# Mesh_0007, 20 grouped triangles

usemtl Tex_0002_0_dds
o Mesh_0007
g Mesh_0007

f 3/1/1 2/2/2 1/3/3
f 6/4/4 5/5/5 4/6/6
f 9/7/7 8/8/8 7/9/9
f 12/10/10 11/11/11 10/12/12
f 15/13/13 14/14/14 13/15/15
f 16/16/16 15/17/17 13/18/18
f 14/19/19 1/20/20 2/21/21
f 13/22/22 14/23/23 2/24/24
f 19/25/25 18/26/26 17/27/27
f 20/28/28 19/29/29 17/30/30
f 18/31/31 4/32/32 5/33/33
f 17/34/34 18/35/35 5/36/36
f 23/37/37 22/38/38 21/39/39
f 24/40/40 23/41/41 21/42/42
f 22/43/43 7/44/44 8/45/45
f 21/46/46 22/47/47 8/48/48
f 27/49/49 26/50/50 25/51/51
f 28/52/52 27/53/53 25/54/54
f 26/55/55 10/56/56 11/57/57
f 25/58/58 26/59/59 11/60/60
# Mesh_00082, 4185 grouped triangles

usemtl Tex_0003_0_dds
o Mesh_00082
g Mesh_00082

f 31/61/61 30/62/62 29/63/63
f 34/64/64 33/65/65 32/66/66
f 37/67/67 36/68/68 35/69/69
f 38/70/70 35/71/71 36/72/72
f 39/73/73 36/74/74 37/75/75
f 42/76/76 41/77/77 40/78/78
f 45/79/79 44/80/80 43/81/81
f 48/82/82 47/83/83 46/84/84
f 49/85/85 45/86/86 43/87/87
f 52/88/88 51/89/89 50/90/90
f 55/91/91 54/92/92 53/93/93
f 58/94/94 57/95/95 56/96/96
f 61/97/97 60/98/98 59/99/99
f 64/100/100 63/101/101 62/102/102
f 67/103/103 66/104/104 65/105/105
f 63/106/106 69/107/107 68/108/108
f 72/109/109 71/110/110 70/111/111
f 75/112/112 74/113/113 73/114/114
f 71/115/115 76/116/116 70/117/117
f 74/118/118 77/119/119 73/120/120
f 70/121/121 76/122/122 78/123/123
f 81/124/124 80/125/125 79/126/126
f 84/127/127 83/128/128 82/129/129
f 67/130/130 65/131/131 85/132/132
f 84/133/133 63/134/134 68/135/135
f 64/136/136 62/137/137 86/138/138
f 76/139/139 87/140/140 78/141/141
f 67/142/142 85/143/143 87/144/144
f 74/145/145 69/146/146 64/147/147
f 89/148/148 72/149/149 88/150/150
f 90/151/151 89/152/152 88/153/153
f 89/154/154 91/155/155 72/156/156
f 94/157/157 93/158/158 92/159/159
f 94/160/160 96/161/161 95/162/162
f 93/163/163 97/164/164 92/165/165
f 94/166/166 95/167/167 93/168/168
f 70/169/169 78/170/170 98/171/171
f 99/172/172 74/173/173 64/174/174
f 85/175/175 78/176/176 87/177/177
f 72/178/178 70/179/179 98/180/180
f 69/181/181 74/182/182 100/183/183
f 75/184/184 100/185/185 74/186/186
f 69/187/187 100/188/188 68/189/189
f 79/190/190 80/191/191 101/192/192
f 74/193/193 99/194/194 77/195/195
f 72/196/196 98/197/197 88/198/198
f 96/199/199 83/200/200 95/201/201
f 66/202/202 82/203/203 97/204/204
f 71/205/205 102/206/206 76/207/207
f 76/208/208 102/209/209 87/210/210
f 63/211/211 64/212/212 69/213/213
f 102/214/214 103/215/215 87/216/216
f 104/217/217 82/218/218 83/219/219
f 104/220/220 97/221/221 82/222/222
f 107/223/223 106/224/224 105/225/225
f 108/226/226 106/227/227 107/228/228
f 105/229/229 110/230/230 109/231/231
f 113/232/232 112/233/233 111/234/234
f 116/235/235 115/236/236 114/237/237
f 119/238/238 118/239/239 117/240/240
f 114/241/241 120/242/242 116/243/243
f 122/244/244 121/245/245 116/246/246
f 124/247/247 119/248/248 123/249/249
f 127/250/250 126/251/251 125/252/252
f 130/253/253 129/254/254 128/255/255
f 119/256/256 131/257/257 118/258/258
f 105/259/259 132/260/260 110/261/261
f 130/262/262 112/263/263 113/264/264
f 123/265/265 119/266/266 106/267/267
f 105/268/268 106/269/269 132/270/270
f 122/271/271 133/272/272 111/273/273
f 115/274/274 135/275/275 134/276/276
f 134/277/277 135/278/278 136/279/279
f 121/280/280 135/281/281 115/282/282
f 139/283/283 138/284/284 137/285/285
f 139/286/286 141/287/287 140/288/288
f 137/289/289 138/290/290 142/291/291
f 139/292/292 137/293/293 141/294/294
f 114/295/295 143/296/296 120/297/297
f 116/298/298 121/299/299 115/300/300
f 124/301/301 131/302/302 119/303/303
f 117/304/304 132/305/305 119/306/306
f 120/307/307 133/308/308 122/309/309
f 132/310/310 106/311/311 119/312/312
f 117/313/313 110/314/314 132/315/315
f 127/316/316 144/317/317 126/318/318
f 115/319/319 134/320/320 145/321/321
f 122/322/322 116/323/323 120/324/324
f 140/325/325 141/326/326 128/327/327
f 109/328/328 142/329/329 129/330/330
f 120/331/331 143/332/332 133/333/333
f 113/334/334 111/335/335 133/336/336
f 143/337/337 146/338/338 133/339/339
f 147/340/340 128/341/341 129/342/342
f 147/343/343 129/344/344 142/345/345
f 150/346/346 149/347/347 148/348/348
f 153/349/349 152/350/350 151/351/351
f 153/352/352 154/353/353 149/354/354
f 150/355/355 148/356/356 155/357/357
f 158/358/358 157/359/359 156/360/360
f 161/361/361 160/362/362 159/363/363
f 148/364/364 149/365/365 162/366/366
f 164/367/367 155/368/368 163/369/369
f 152/370/370 165/371/371 151/372/372
f 153/373/373 151/374/374 154/375/375
f 154/376/376 162/377/377 149/378/378
f 168/379/379 167/380/380 166/381/381
f 171/382/382 170/383/383 169/384/384
f 174/385/385 173/386/386 172/387/387
f 166/388/388 173/389/389 174/390/390
f 172/391/391 175/392/392 174/393/393
f 166/394/394 167/395/395 173/396/396
f 150/397/397 155/398/398 164/399/399
f 176/400/400 150/401/401 164/402/402
f 176/403/403 164/404/404 177/405/405
f 171/406/406 179/407/407 178/408/408
f 181/409/409 180/410/410 179/411/411
f 168/412/412 181/413/413 167/414/414
f 182/415/415 170/416/416 178/417/417
f 168/418/418 180/419/419 181/420/420
f 175/421/421 172/422/422 183/423/423
f 170/424/424 184/425/425 169/426/426
f 170/427/427 171/428/428 178/429/429
f 186/430/430 156/431/431 185/432/432
f 187/433/433 183/434/434 172/435/435
f 156/436/436 188/437/437 185/438/438
f 176/439/439 189/440/440 150/441/441
f 190/442/442 176/443/443 177/444/444
f 31/445/445 192/446/446 191/447/447
f 163/448/448 155/449/449 193/450/450
f 155/451/451 148/452/452 193/453/453
f 191/454/454 192/455/455 165/456/456
f 194/457/457 163/458/458 193/459/459
f 197/460/460 196/461/461 195/462/462
f 200/463/463 199/464/464 198/465/465
f 200/466/466 195/467/467 201/468/468
f 197/469/469 202/470/470 196/471/471
f 158/472/472 203/473/473 157/474/474
f 206/475/475 205/476/476 204/477/477
f 208/478/478 206/479/479 207/480/480
f 208/481/481 159/482/482 160/483/483
f 196/484/484 209/485/485 195/486/486
f 210/487/487 163/488/488 202/489/489
f 198/490/490 199/491/491 211/492/492
f 200/493/493 201/494/494 199/495/495
f 201/496/496 195/497/497 209/498/498
f 214/499/499 213/500/500 212/501/501
f 217/502/502 216/503/503 215/504/504
f 207/505/505 219/506/506 218/507/507
f 213/508/508 207/509/509 218/510/510
f 219/511/511 207/512/512 204/513/513
f 213/514/514 218/515/515 212/516/516
f 197/517/517 210/518/518 202/519/519
f 220/520/520 159/521/521 208/522/522
f 217/523/523 222/524/524 221/525/525
f 224/526/526 221/527/527 223/528/528
f 214/529/529 212/530/530 224/531/531
f 225/532/532 222/533/533 215/534/534
f 214/535/535 224/536/536 223/537/537
f 204/538/538 205/539/539 226/540/540
f 204/541/541 226/542/542 219/543/543
f 215/544/544 216/545/545 227/546/546
f 215/547/547 222/548/548 217/549/549
f 205/550/550 228/551/551 226/552/552
f 204/553/553 207/554/554 206/555/555
f 158/556/556 205/557/557 229/558/558
f 230/559/559 219/560/560 226/561/561
f 225/562/562 215/563/563 231/564/564
f 229/565/565 205/566/566 206/567/567
f 208/568/568 207/569/569 220/570/570
f 190/571/571 177/572/572 232/573/573
f 31/574/574 191/575/575 233/576/576
f 163/577/577 234/578/578 202/579/579
f 202/580/580 234/581/581 196/582/582
f 191/583/583 211/584/584 233/585/585
f 194/586/586 234/587/587 163/588/588
f 227/589/589 226/590/590 228/591/591
f 236/592/592 235/593/593 194/594/594
f 239/595/595 238/596/596 237/597/597
f 242/598/598 241/599/599 240/600/600
f 245/601/601 244/602/602 243/603/603
f 243/604/604 247/605/605 246/606/606
f 239/607/607 249/608/608 248/609/609
f 233/610/610 250/611/611 31/612/612
f 243/613/613 244/614/614 247/615/615
f 247/616/616 244/617/617 251/618/618
f 239/619/619 250/620/620 252/621/621
f 250/622/622 30/623/623 253/624/624
f 256/625/625 255/626/626 254/627/627
f 257/628/628 251/629/629 244/630/630
f 260/631/631 259/632/632 258/633/633
f 263/634/634 262/635/635 261/636/636
f 262/637/637 265/638/638 264/639/639
f 264/640/640 267/641/641 266/642/642
f 270/643/643 269/644/644 268/645/645
f 262/646/646 264/647/647 261/648/648
f 264/649/649 271/650/650 261/651/651
f 271/652/652 264/653/653 266/654/654
f 270/655/655 273/656/656 272/657/657
f 264/658/658 265/659/659 267/660/660
f 274/661/661 261/662/662 271/663/663
f 277/664/664 276/665/665 275/666/666
f 279/667/667 278/668/668 277/669/669
f 281/670/670 280/671/671 278/672/672
f 281/673/673 282/674/674 280/675/675
f 284/676/676 283/677/677 282/678/678
f 286/679/679 285/680/680 284/681/681
f 288/682/682 287/683/683 285/684/684
f 288/685/685 289/686/686 287/687/687
f 291/688/688 290/689/689 289/690/690
f 294/691/691 293/692/692 292/693/693
f 294/694/694 292/695/695 295/696/696
f 294/697/697 295/698/698 296/699/699
f 294/700/700 296/701/701 297/702/702
f 294/703/703 297/704/704 298/705/705
f 294/706/706 298/707/707 299/708/708
f 294/709/709 299/710/710 300/711/711
f 294/712/712 300/713/713 301/714/714
f 294/715/715 301/716/716 302/717/717
f 294/718/718 302/719/719 293/720/720
f 303/721/721 286/722/722 284/723/723
f 304/724/724 288/725/725 286/726/726
f 306/727/727 303/728/728 305/729/729
f 308/730/730 304/731/731 307/732/732
f 306/733/733 310/734/734 309/735/735
f 309/736/736 311/737/737 308/738/738
f 311/739/739 312/740/740 304/741/741
f 308/742/742 307/743/743 303/744/744
f 308/745/745 306/746/746 309/747/747
f 307/748/748 286/749/749 303/750/750
f 305/751/751 303/752/752 284/753/753
f 307/754/754 304/755/755 286/756/756
f 312/757/757 288/758/758 304/759/759
f 311/760/760 309/761/761 313/762/762
f 314/763/763 313/764/764 309/765/765
f 291/766/766 275/767/767 290/768/768
f 309/769/769 316/770/770 315/771/771
f 310/772/772 306/773/773 305/774/774
f 313/775/775 312/776/776 311/777/777
f 318/778/778 317/779/779 288/780/780
f 319/781/781 291/782/782 317/783/783
f 320/784/784 318/785/785 312/786/786
f 322/787/787 319/788/788 321/789/789
f 320/790/790 313/791/791 323/792/792
f 323/793/793 324/794/794 322/795/795
f 324/796/796 325/797/797 319/798/798
f 322/799/799 321/800/800 318/801/801
f 322/802/802 320/803/803 323/804/804
f 321/805/805 317/806/806 318/807/807
f 312/808/808 318/809/809 288/810/810
f 321/811/811 319/812/812 317/813/813
f 325/814/814 291/815/815 319/816/816
f 324/817/817 323/818/818 326/819/819
f 326/820/820 323/821/821 327/822/822
f 313/823/823 327/824/824 323/825/825
f 313/826/826 320/827/827 312/828/828
f 326/829/829 325/830/830 324/831/831
f 329/832/832 328/833/833 291/834/834
f 330/835/835 277/836/836 328/837/837
f 331/838/838 329/839/839 325/840/840
f 333/841/841 330/842/842 332/843/843
f 331/844/844 326/845/845 334/846/846
f 334/847/847 335/848/848 333/849/849
f 334/850/850 337/851/851 336/852/852
f 335/853/853 338/854/854 330/855/855
f 331/856/856 333/857/857 329/858/858
f 333/859/859 331/860/860 334/861/861
f 332/862/862 328/863/863 329/864/864
f 325/865/865 329/866/866 291/867/867
f 332/868/868 330/869/869 328/870/870
f 338/871/871 277/872/872 330/873/873
f 335/874/874 334/875/875 336/876/876
f 339/877/877 334/878/878 326/879/879
f 326/880/880 331/881/881 325/882/882
f 336/883/883 338/884/884 335/885/885
f 340/886/886 279/887/887 277/888/888
f 341/889/889 281/890/890 279/891/891
f 342/892/892 340/893/893 338/894/894
f 344/895/895 341/896/896 343/897/897
f 346/898/898 336/899/899 345/900/900
f 347/901/901 344/902/902 343/903/903
f 344/904/904 348/905/905 341/906/906
f 342/907/907 343/908/908 340/909/909
f 343/910/910 342/911/911 347/912/912
f 349/913/913 279/914/914 340/915/915
f 338/916/916 340/917/917 277/918/918
f 349/919/919 341/920/920 279/921/921
f 348/922/922 281/923/923 341/924/924
f 344/925/925 347/926/926 350/927/927
f 351/928/928 350/929/929 347/930/930
f 337/931/931 345/932/932 336/933/933
f 336/934/934 346/935/935 338/936/936
f 350/937/937 348/938/938 344/939/939
f 353/940/940 352/941/941 281/942/942
f 354/943/943 284/944/944 352/945/945
f 355/946/946 353/947/947 348/948/948
f 357/949/949 354/950/950 356/951/951
f 355/952/952 350/953/953 358/954/954
f 358/955/955 357/956/956 356/957/957
f 357/958/958 305/959/959 354/960/960
f 356/961/961 359/962/962 353/963/963
f 356/964/964 355/965/965 358/966/966
f 359/967/967 352/968/968 353/969/969
f 348/970/970 353/971/971 281/972/972
f 359/973/973 354/974/974 352/975/975
f 305/976/976 284/977/977 354/978/978
f 334/979/979 339/980/980 360/981/981
f 357/982/982 358/983/983 310/984/984
f 316/985/985 310/986/986 358/987/987
f 351/988/988 358/989/989 350/990/990
f 350/991/991 355/992/992 348/993/993
f 310/994/994 305/995/995 357/996/996
f 286/997/997 288/998/998 285/999/999
f 284/1000/1000 285/1001/1001 283/1002/1002
f 352/1003/1003 284/1004/1004 282/1005/1005
f 352/1006/1006 282/1007/1007 281/1008/1008
f 279/1009/1009 281/1010/1010 278/1011/1011
f 277/1012/1012 278/1013/1013 276/1014/1014
f 328/1015/1015 277/1016/1016 275/1017/1017
f 328/1018/1018 275/1019/1019 291/1020/1020
f 317/1021/1021 291/1022/1022 289/1023/1023
f 317/1024/1024 289/1025/1025 288/1026/1026
f 324/1027/1027 319/1028/1028 322/1029/1029
f 320/1030/1030 322/1031/1031 318/1032/1032
f 311/1033/1033 304/1034/1034 308/1035/1035
f 306/1036/1036 308/1037/1037 303/1038/1038
f 356/1039/1039 354/1040/1040 359/1041/1041
f 355/1042/1042 356/1043/1043 353/1044/1044
f 343/1045/1045 349/1046/1046 340/1047/1047
f 343/1048/1048 341/1049/1049 349/1050/1050
f 335/1051/1051 330/1052/1052 333/1053/1053
f 333/1054/1054 332/1055/1055 329/1056/1056
f 316/1057/1057 309/1058/1058 310/1059/1059
f 358/1060/1060 361/1061/1061 316/1062/1062
f 347/1063/1063 363/1064/1064 362/1065/1065
f 326/1066/1066 364/1067/1067 339/1068/1068
f 313/1069/1069 365/1070/1070 327/1071/1071
f 309/1072/1072 315/1073/1073 314/1074/1074
f 358/1075/1075 351/1076/1076 361/1077/1077
f 347/1078/1078 337/1079/1079 363/1080/1080
f 334/1081/1081 360/1082/1082 337/1083/1083
f 326/1084/1084 327/1085/1085 364/1086/1086
f 313/1087/1087 366/1088/1088 365/1089/1089
f 367/1090/1090 241/1091/1091 242/1092/1092
f 368/1093/1093 34/1094/1094 32/1095/1095
f 181/1096/1096 179/1097/1097 369/1098/1098
f 173/1099/1099 370/1100/1100 172/1101/1101
f 187/1102/1102 172/1103/1103 371/1104/1104
f 370/1105/1105 371/1106/1106 172/1107/1107
f 171/1108/1108 372/1109/1109 179/1110/1110
f 369/1111/1111 179/1112/1112 372/1113/1113
f 374/1114/1114 56/1115/1115 373/1116/1116
f 377/1117/1117 376/1118/1118 375/1119/1119
f 379/1120/1120 378/1121/1121 374/1122/1122
f 382/1123/1123 381/1124/1124 380/1125/1125
f 385/1126/1126 384/1127/1127 383/1128/1128
f 387/1129/1129 386/1130/1130 378/1131/1131
f 390/1132/1132 389/1133/1133 388/1134/1134
f 393/1135/1135 392/1136/1136 391/1137/1137
f 394/1138/1138 389/1139/1139 390/1140/1140
f 395/1141/1141 57/1142/1142 58/1143/1143
f 386/1144/1144 395/1145/1145 58/1146/1146
f 397/1147/1147 395/1148/1148 396/1149/1149
f 399/1150/1150 398/1151/1151 397/1152/1152
f 397/1153/1153 398/1154/1154 395/1155/1155
f 402/1156/1156 401/1157/1157 400/1158/1158
f 388/1159/1159 403/1160/1160 402/1161/1161
f 406/1162/1162 405/1163/1163 404/1164/1164
f 409/1165/1165 408/1166/1166 407/1167/1167
f 407/1168/1168 410/1169/1169 409/1170/1170
f 413/1171/1171 412/1172/1172 411/1173/1173
f 416/1174/1174 415/1175/1175 414/1176/1176
f 378/1177/1177 379/1178/1178 392/1179/1179
f 396/1180/1180 395/1181/1181 386/1182/1182
f 419/1183/1183 418/1184/1184 417/1185/1185
f 420/1186/1186 57/1187/1187 395/1188/1188
f 423/1189/1189 422/1190/1190 421/1191/1191
f 398/1192/1192 425/1193/1193 424/1194/1194
f 397/1195/1195 396/1196/1196 399/1197/1197
f 399/1198/1198 396/1199/1199 390/1200/1200
f 398/1201/1201 424/1202/1202 420/1203/1203
f 57/1204/1204 420/1205/1205 424/1206/1206
f 424/1207/1207 426/1208/1208 423/1209/1209
f 402/1210/1210 403/1211/1211 401/1212/1212
f 389/1213/1213 404/1214/1214 403/1215/1215
f 398/1216/1216 420/1217/1217 395/1218/1218
f 389/1219/1219 403/1220/1220 388/1221/1221
f 394/1222/1222 427/1223/1223 389/1224/1224
f 411/1225/1225 412/1226/1226 428/1227/1227
f 431/1228/1228 430/1229/1229 429/1230/1230
f 415/1231/1231 416/1232/1232 432/1233/1233
f 410/1234/1234 407/1235/1235 408/1236/1236
f 433/1237/1237 431/1238/1238 429/1239/1239
f 391/1240/1240 434/1241/1241 393/1242/1242
f 435/1243/1243 396/1244/1244 387/1245/1245
f 396/1246/1246 386/1247/1247 387/1248/1248
f 415/1249/1249 432/1250/1250 436/1251/1251
f 414/1252/1252 415/1253/1253 437/1254/1254
f 439/1255/1255 391/1256/1256 438/1257/1257
f 378/1258/1258 386/1259/1259 58/1260/1260
f 382/1261/1261 440/1262/1262 381/1263/1263
f 376/1264/1264 377/1265/1265 441/1266/1266
f 443/1267/1267 441/1268/1268 442/1269/1269
f 396/1270/1270 435/1271/1271 390/1272/1272
f 435/1273/1273 394/1274/1274 390/1275/1275
f 387/1276/1276 393/1277/1277 427/1278/1278
f 400/1279/1279 401/1280/1280 422/1281/1281
f 401/1282/1282 405/1283/1283 422/1284/1284
f 365/1285/1285 444/1286/1286 327/1287/1287
f 446/1288/1288 362/1289/1289 445/1290/1290
f 449/1291/1291 448/1292/1292 447/1293/1293
f 451/1294/1294 449/1295/1295 450/1296/1296
f 453/1297/1297 450/1298/1298 452/1299/1299
f 453/1300/1300 452/1301/1301 454/1302/1302
f 456/1303/1303 454/1304/1304 455/1305/1305
f 458/1306/1306 456/1307/1307 457/1308/1308
f 460/1309/1309 457/1310/1310 459/1311/1311
f 460/1312/1312 459/1313/1313 461/1314/1314
f 463/1315/1315 461/1316/1316 462/1317/1317
f 466/1318/1318 465/1319/1319 464/1320/1320
f 466/1321/1321 467/1322/1322 465/1323/1323
f 466/1324/1324 468/1325/1325 467/1326/1326
f 466/1327/1327 469/1328/1328 468/1329/1329
f 466/1330/1330 470/1331/1331 469/1332/1332
f 466/1333/1333 471/1334/1334 470/1335/1335
f 466/1336/1336 472/1337/1337 471/1338/1338
f 466/1339/1339 473/1340/1340 472/1341/1341
f 466/1342/1342 474/1343/1343 473/1344/1344
f 466/1345/1345 464/1346/1346 474/1347/1347
f 475/1348/1348 456/1349/1349 458/1350/1350
f 476/1351/1351 458/1352/1352 460/1353/1353
f 478/1354/1354 477/1355/1355 475/1356/1356
f 480/1357/1357 479/1358/1358 476/1359/1359
f 478/1360/1360 482/1361/1361 481/1362/1362
f 482/1363/1363 480/1364/1364 483/1365/1365
f 483/1366/1366 476/1367/1367 484/1368/1368
f 480/1369/1369 475/1370/1370 479/1371/1371
f 480/1372/1372 482/1373/1373 478/1374/1374
f 479/1375/1375 475/1376/1376 458/1377/1377
f 477/1378/1378 456/1379/1379 475/1380/1380
f 479/1381/1381 458/1382/1382 476/1383/1383
f 484/1384/1384 476/1385/1385 460/1386/1386
f 483/1387/1387 485/1388/1388 482/1389/1389
f 486/1390/1390 482/1391/1391 485/1392/1392
f 463/1393/1393 462/1394/1394 448/1395/1395
f 482/1396/1396 488/1397/1397 487/1398/1398
f 481/1399/1399 477/1400/1400 478/1401/1401
f 485/1402/1402 483/1403/1403 484/1404/1404
f 490/1405/1405 460/1406/1406 489/1407/1407
f 491/1408/1408 489/1409/1409 463/1410/1410
f 492/1411/1411 484/1412/1412 490/1413/1413
f 494/1414/1414 493/1415/1415 491/1416/1416
f 492/1417/1417 495/1418/1418 485/1419/1419
f 495/1420/1420 494/1421/1421 496/1422/1422
f 496/1423/1423 491/1424/1424 497/1425/1425
f 494/1426/1426 490/1427/1427 493/1428/1428
f 494/1429/1429 495/1430/1430 492/1431/1431
f 493/1432/1432 490/1433/1433 489/1434/1434
f 484/1435/1435 460/1436/1436 490/1437/1437
f 493/1438/1438 489/1439/1439 491/1440/1440
f 497/1441/1441 491/1442/1442 463/1443/1443
f 496/1444/1444 498/1445/1445 495/1446/1446
f 498/1447/1447 499/1448/1448 495/1449/1449
f 485/1450/1450 495/1451/1451 499/1452/1452
f 485/1453/1453 484/1454/1454 492/1455/1455
f 498/1456/1456 496/1457/1457 497/1458/1458
f 501/1459/1459 463/1460/1460 500/1461/1461
f 502/1462/1462 500/1463/1463 449/1464/1464
f 503/1465/1465 497/1466/1466 501/1467/1467
f 505/1468/1468 504/1469/1469 502/1470/1470
f 503/1471/1471 506/1472/1472 498/1473/1473
f 506/1474/1474 505/1475/1475 507/1476/1476
f 506/1477/1477 509/1478/1478 508/1479/1479
f 507/1480/1480 502/1481/1481 510/1482/1482
f 503/1483/1483 501/1484/1484 505/1485/1485
f 505/1486/1486 506/1487/1487 503/1488/1488
f 504/1489/1489 501/1490/1490 500/1491/1491
f 497/1492/1492 463/1493/1493 501/1494/1494
f 504/1495/1495 500/1496/1496 502/1497/1497
f 510/1498/1498 502/1499/1499 449/1500/1500
f 507/1501/1501 509/1502/1502 506/1503/1503
f 511/1504/1504 498/1505/1505 506/1506/1506
f 498/1507/1507 497/1508/1508 503/1509/1509
f 509/1510/1510 507/1511/1511 510/1512/1512
f 512/1513/1513 449/1514/1514 451/1515/1515
f 513/1516/1516 451/1517/1517 453/1518/1518
f 514/1519/1519 510/1520/1520 512/1521/1521
f 516/1522/1522 515/1523/1523 513/1524/1524
f 514/1525/1525 517/1526/1526 509/1527/1527
f 517/1528/1528 515/1529/1529 516/1530/1530
f 516/1531/1531 513/1532/1532 518/1533/1533
f 514/1534/1534 512/1535/1535 515/1536/1536
f 515/1537/1537 517/1538/1538 514/1539/1539
f 519/1540/1540 512/1541/1541 451/1542/1542
f 510/1543/1543 449/1544/1544 512/1545/1545
f 519/1546/1546 451/1547/1547 513/1548/1548
f 518/1549/1549 513/1550/1550 453/1551/1551
f 516/1552/1552 520/1553/1553 517/1554/1554
f 521/1555/1555 517/1556/1556 520/1557/1557
f 508/1558/1558 509/1559/1559 517/1560/1560
f 509/1561/1561 510/1562/1562 514/1563/1563
f 520/1564/1564 516/1565/1565 518/1566/1566
f 523/1567/1567 453/1568/1568 522/1569/1569
f 524/1570/1570 522/1571/1571 456/1572/1572
f 525/1573/1573 518/1574/1574 523/1575/1575
f 527/1576/1576 526/1577/1577 524/1578/1578
f 525/1579/1579 528/1580/1580 520/1581/1581
f 528/1582/1582 526/1583/1583 527/1584/1584
f 527/1585/1585 524/1586/1586 477/1587/1587
f 526/1588/1588 523/1589/1589 529/1590/1590
f 526/1591/1591 528/1592/1592 525/1593/1593
f 529/1594/1594 523/1595/1595 522/1596/1596
f 518/1597/1597 453/1598/1598 523/1599/1599
f 529/1600/1600 522/1601/1601 524/1602/1602
f 477/1603/1603 524/1604/1604 456/1605/1605
f 506/1606/1606 530/1607/1607 511/1608/1608
f 527/1609/1609 481/1610/1610 528/1611/1611
f 487/1612/1612 528/1613/1613 481/1614/1614
f 521/1615/1615 520/1616/1616 528/1617/1617
f 520/1618/1618 518/1619/1619 525/1620/1620
f 481/1621/1621 527/1622/1622 477/1623/1623
f 458/1624/1624 457/1625/1625 460/1626/1626
f 456/1627/1627 455/1628/1628 457/1629/1629
f 522/1630/1630 454/1631/1631 456/1632/1632
f 522/1633/1633 453/1634/1634 454/1635/1635
f 451/1636/1636 450/1637/1637 453/1638/1638
f 449/1639/1639 447/1640/1640 450/1641/1641
f 500/1642/1642 448/1643/1643 449/1644/1644
f 500/1645/1645 463/1646/1646 448/1647/1647
f 489/1648/1648 461/1649/1649 463/1650/1650
f 489/1651/1651 460/1652/1652 461/1653/1653
f 496/1654/1654 494/1655/1655 491/1656/1656
f 492/1657/1657 490/1658/1658 494/1659/1659
f 483/1660/1660 480/1661/1661 476/1662/1662
f 478/1663/1663 475/1664/1664 480/1665/1665
f 526/1666/1666 529/1667/1667 524/1668/1668
f 525/1669/1669 523/1670/1670 526/1671/1671
f 515/1672/1672 512/1673/1673 519/1674/1674
f 515/1675/1675 519/1676/1676 513/1677/1677
f 507/1678/1678 505/1679/1679 502/1680/1680
f 505/1681/1681 501/1682/1682 504/1683/1683
f 487/1684/1684 481/1685/1685 482/1686/1686
f 528/1687/1687 487/1688/1688 531/1689/1689
f 517/1690/1690 521/1691/1691 532/1692/1692
f 498/1693/1693 511/1694/1694 533/1695/1695
f 485/1696/1696 499/1697/1697 534/1698/1698
f 482/1699/1699 486/1700/1700 488/1701/1701
f 528/1702/1702 531/1703/1703 535/1704/1704
f 517/1705/1705 532/1706/1706 508/1707/1707
f 506/1708/1708 508/1709/1709 530/1710/1710
f 498/1711/1711 533/1712/1712 536/1713/1713
f 485/1714/1714 534/1715/1715 486/1716/1716
f 224/1717/1717 537/1718/1718 221/1719/1719
f 218/1720/1720 219/1721/1721 538/1722/1722
f 539/1723/1723 240/1724/1724 241/1725/1725
f 542/1726/1726 541/1727/1727 540/1728/1728
f 230/1729/1729 543/1730/1730 219/1731/1731
f 538/1732/1732 219/1733/1733 543/1734/1734
f 217/1735/1735 221/1736/1736 544/1737/1737
f 537/1738/1738 544/1739/1739 221/1740/1740
f 547/1741/1741 546/1742/1742 545/1743/1743
f 550/1744/1744 549/1745/1745 548/1746/1746
f 553/1747/1747 552/1748/1748 551/1749/1749
f 555/1750/1750 554/1751/1751 549/1752/1752
f 558/1753/1753 557/1754/1754 556/1755/1755
f 561/1756/1756 560/1757/1757 559/1758/1758
f 399/1759/1759 425/1760/1760 398/1761/1761
f 563/1762/1762 562/1763/1763 547/1764/1764
f 566/1765/1765 565/1766/1766 564/1767/1767
f 568/1768/1768 564/1769/1769 567/1770/1770
f 552/1771/1771 553/1772/1772 569/1773/1773
f 570/1774/1774 552/1775/1775 569/1776/1776
f 559/1777/1777 552/1778/1778 570/1779/1779
f 572/1780/1780 571/1781/1781 570/1782/1782
f 574/1783/1783 572/1784/1784 573/1785/1785
f 572/1786/1786 570/1787/1787 573/1788/1788
f 577/1789/1789 576/1790/1790 575/1791/1791
f 579/1792/1792 578/1793/1793 53/1794/1794
f 580/1795/1795 53/1796/1796 54/1797/1797
f 53/1798/1798 580/1799/1799 579/1800/1800
f 583/1801/1801 582/1802/1802 581/1803/1803
f 586/1804/1804 585/1805/1805 584/1806/1806
f 560/1807/1807 547/1808/1808 545/1809/1809
f 589/1810/1810 588/1811/1811 587/1812/1812
f 571/1813/1813 559/1814/1814 570/1815/1815
f 565/1816/1816 566/1817/1817 590/1818/1818
f 591/1819/1819 570/1820/1820 569/1821/1821
f 594/1822/1822 593/1823/1823 592/1824/1824
f 568/1825/1825 574/1826/1826 573/1827/1827
f 572/1828/1828 574/1829/1829 571/1830/1830
f 564/1831/1831 568/1832/1832 573/1833/1833
f 573/1834/1834 591/1835/1835 564/1836/1836
f 569/1837/1837 564/1838/1838 591/1839/1839
f 564/1840/1840 594/1841/1841 567/1842/1842
f 597/1843/1843 596/1844/1844 595/1845/1845
f 566/1846/1846 564/1847/1847 569/1848/1848
f 573/1849/1849 570/1850/1850 591/1851/1851
f 589/1852/1852 595/1853/1853 598/1854/1854
f 596/1855/1855 599/1856/1856 595/1857/1857
f 587/1858/1858 597/1859/1859 595/1860/1860
f 595/1861/1861 589/1862/1862 587/1863/1863
f 602/1864/1864 601/1865/1865 600/1866/1866
f 582/1867/1867 603/1868/1868 581/1869/1869
f 584/1870/1870 604/1871/1871 586/1872/1872
f 580/1873/1873 578/1874/1874 579/1875/1875
f 562/1876/1876 563/1877/1877 605/1878/1878
f 588/1879/1879 561/1880/1880 571/1881/1881
f 571/1882/1882 561/1883/1883 559/1884/1884
f 608/1885/1885 607/1886/1886 606/1887/1887
f 560/1888/1888 552/1889/1889 559/1890/1890
f 558/1891/1891 556/1892/1892 609/1893/1893
f 548/1894/1894 610/1895/1895 550/1896/1896
f 554/1897/1897 555/1898/1898 610/1899/1899
f 613/1900/1900 612/1901/1901 611/1902/1902
f 614/1903/1903 593/1904/1904 594/1905/1905
f 615/1906/1906 592/1907/1907 593/1908/1908
f 587/1909/1909 571/1910/1910 574/1911/1911
f 571/1912/1912 587/1913/1913 588/1914/1914
f 561/1915/1915 598/1916/1916 563/1917/1917
f 576/1918/1918 577/1919/1919 592/1920/1920
f 576/1921/1921 592/1922/1922 616/1923/1923
f 425/1924/1924 426/1925/1925 424/1926/1926
f 534/1927/1927 536/1928/1928 533/1929/1929
f 618/1930/1930 617/1931/1931 535/1932/1932
f 621/1933/1933 620/1934/1934 619/1935/1935
f 623/1936/1936 622/1937/1937 620/1938/1938
f 624/1939/1939 623/1940/1940 620/1941/1941
f 626/1942/1942 625/1943/1943 623/1944/1944
f 625/1945/1945 627/1946/1946 622/1947/1947
f 625/1948/1948 622/1949/1949 623/1950/1950
f 628/1951/1951 625/1952/1952 626/1953/1953
f 628/1954/1954 627/1955/1955 625/1956/1956
f 624/1957/1957 620/1958/1958 621/1959/1959
f 630/1960/1960 623/1961/1961 629/1962/1962
f 633/1963/1963 632/1964/1964 631/1965/1965
f 629/1966/1966 623/1967/1967 624/1968/1968
f 631/1969/1969 635/1970/1970 634/1971/1971
f 633/1972/1972 631/1973/1973 634/1974/1974
f 626/1975/1975 623/1976/1976 630/1977/1977
f 636/1978/1978 634/1979/1979 635/1980/1980
f 630/1981/1981 637/1982/1982 626/1983/1983
f 637/1984/1984 639/1985/1985 638/1986/1986
f 626/1987/1987 637/1988/1988 638/1989/1989
f 642/1990/1990 641/1991/1991 640/1992/1992
f 645/1993/1993 644/1994/1994 643/1995/1995
f 647/1996/1996 646/1997/1997 639/1998/1998
f 639/1999/1999 637/2000/2000 648/2001/2001
f 649/2002/2002 648/2003/2003 637/2004/2004
f 651/2005/2005 621/2006/2006 650/2007/2007
f 647/2008/2008 639/2009/2009 648/2010/2010
f 645/2011/2011 643/2012/2012 646/2013/2013
f 639/2014/2014 646/2015/2015 643/2016/2016
f 653/2017/2017 652/2018/2018 644/2019/2019
f 652/2020/2020 643/2021/2021 644/2022/2022
f 656/2023/2023 655/2024/2024 654/2025/2025
f 658/2026/2026 654/2027/2027 657/2028/2028
f 659/2029/2029 654/2030/2030 658/2031/2031
f 661/2032/2032 658/2033/2033 660/2034/2034
f 660/2035/2035 657/2036/2036 662/2037/2037
f 660/2038/2038 658/2039/2039 657/2040/2040
f 663/2041/2041 661/2042/2042 660/2043/2043
f 663/2044/2044 660/2045/2045 662/2046/2046
f 659/2047/2047 656/2048/2048 654/2049/2049
f 666/2050/2050 665/2051/2051 664/2052/2052
f 665/2053/2053 668/2054/2054 667/2055/2055
f 666/2056/2056 668/2057/2057 665/2058/2058
f 669/2059/2059 667/2060/2060 668/2061/2061
f 671/2062/2062 667/2063/2063 670/2064/2064
f 670/2065/2065 669/2066/2066 672/2067/2067
f 675/2068/2068 674/2069/2069 673/2070/2070
f 671/2071/2071 670/2072/2072 676/2073/2073
f 679/2074/2074 678/2075/2075 677/2076/2076
f 682/2077/2077 681/2078/2078 680/2079/2079
f 681/2080/2080 684/2081/2081 683/2082/2082
f 685/2083/2083 683/2084/2084 684/2085/2085
f 687/2086/2086 686/2087/2087 656/2088/2088
f 682/2089/2089 684/2090/2090 681/2091/2091
f 679/2092/2092 680/2093/2093 678/2094/2094
f 681/2095/2095 678/2096/2096 680/2097/2097
f 689/2098/2098 677/2099/2099 688/2100/2100
f 688/2101/2101 677/2102/2102 678/2103/2103
f 669/2104/2104 670/2105/2105 667/2106/2106
f 692/2107/2107 691/2108/2108 690/2109/2109
f 49/2110/2110 693/2111/2111 45/2112/2112
f 696/2113/2113 695/2114/2114 694/2115/2115
f 697/2116/2116 41/2117/2117 42/2118/2118
f 700/2119/2119 699/2120/2120 698/2121/2121
f 701/2122/2122 43/2123/2123 44/2124/2124
f 633/2125/2125 702/2126/2126 632/2127/2127
f 705/2128/2128 704/2129/2129 703/2130/2130
f 42/2131/2131 706/2132/2132 705/2133/2133
f 705/2134/2134 706/2135/2135 704/2136/2136
f 704/2137/2137 707/2138/2138 703/2139/2139
f 710/2140/2140 709/2141/2141 708/2142/2142
f 713/2143/2143 712/2144/2144 711/2145/2145
f 716/2146/2146 715/2147/2147 714/2148/2148
f 718/2149/2149 717/2150/2150 627/2151/2151
f 716/2152/2152 719/2153/2153 715/2154/2154
f 711/2155/2155 720/2156/2156 719/2157/2157
f 723/2158/2158 722/2159/2159 721/2160/2160
f 718/2161/2161 627/2162/2162 628/2163/2163
f 622/2164/2164 724/2165/2165 620/2166/2166
f 721/2167/2167 722/2168/2168 725/2169/2169
f 714/2170/2170 715/2171/2171 726/2172/2172
f 727/2173/2173 632/2174/2174 725/2175/2175
f 702/2176/2176 725/2177/2177 632/2178/2178
f 729/2179/2179 728/2180/2180 713/2181/2181
f 696/2182/2182 694/2183/2183 730/2184/2184
f 732/2185/2185 731/2186/2186 694/2187/2187
f 694/2188/2188 695/2189/2189 732/2190/2190
f 709/2191/2191 733/2192/2192 690/2193/2193
f 713/2194/2194 728/2195/2195 712/2196/2196
f 728/2197/2197 734/2198/2198 712/2199/2199
f 737/2200/2200 736/2201/2201 735/2202/2202
f 740/2203/2203 739/2204/2204 738/2205/2205
f 743/2206/2206 742/2207/2207 741/2208/2208
f 744/2209/2209 40/2210/2210 41/2211/2211
f 747/2212/2212 746/2213/2213 745/2214/2214
f 749/2215/2215 50/2216/2216 748/2217/2217
f 666/2218/2218 664/2219/2219 750/2220/2220
f 657/2221/2221 751/2222/2222 662/2223/2223
f 754/2224/2224 753/2225/2225 752/2226/2226
f 40/2227/2227 754/2228/2228 755/2229/2229
f 754/2230/2230 752/2231/2231 755/2232/2232
f 752/2233/2233 753/2234/2234 756/2235/2235
f 738/2236/2236 708/2237/2237 740/2238/2238
f 759/2239/2239 758/2240/2240 757/2241/2241
f 762/2242/2242 761/2243/2243 760/2244/2244
f 657/2245/2245 654/2246/2246 763/2247/2247
f 761/2248/2248 764/2249/2249 760/2250/2250
f 767/2251/2251 766/2252/2252 765/2253/2253
f 769/2254/2254 756/2255/2255 768/2256/2256
f 753/2257/2257 768/2258/2258 756/2259/2259
f 770/2260/2260 764/2261/2261 664/2262/2262
f 750/2263/2263 664/2264/2264 764/2265/2265
f 772/2266/2266 759/2267/2267 771/2268/2268
f 743/2269/2269 773/2270/2270 742/2271/2271
f 775/2272/2272 742/2273/2273 774/2274/2274
f 742/2275/2275 775/2276/2276 741/2277/2277
f 740/2278/2278 736/2279/2279 739/2280/2280
f 759/2281/2281 757/2282/2282 771/2283/2283
f 771/2284/2284 757/2285/2285 776/2286/2286
f 779/2287/2287 778/2288/2288 777/2289/2289
f 721/2290/2290 780/2291/2291 723/2292/2292
f 782/2293/2293 725/2294/2294 781/2295/2295
f 702/2296/2296 781/2297/2297 725/2298/2298
f 784/2299/2299 706/2300/2300 783/2301/2301
f 777/2302/2302 785/2303/2303 779/2304/2304
f 786/2305/2305 778/2306/2306 779/2307/2307
f 778/2308/2308 787/2309/2309 777/2310/2310
f 789/2311/2311 788/2312/2312 762/2313/2313
f 792/2314/2314 791/2315/2315 790/2316/2316
f 792/2317/2317 790/2318/2318 793/2319/2319
f 795/2320/2320 794/2321/2321 755/2322/2322
f 796/2323/2323 788/2324/2324 789/2325/2325
f 798/2326/2326 755/2327/2327 797/2328/2328
f 752/2329/2329 797/2330/2330 755/2331/2331
f 795/2332/2332 755/2333/2333 798/2334/2334
f 799/2335/2335 795/2336/2336 798/2337/2337
f 750/2338/2338 800/2339/2339 756/2340/2340
f 801/2341/2341 792/2342/2342 793/2343/2343
f 701/2344/2344 803/2345/2345 802/2346/2346
f 44/2347/2347 803/2348/2348 701/2349/2349
f 806/2350/2350 805/2351/2351 804/2352/2352
f 690/2353/2353 807/2354/2354 709/2355/2355
f 810/2356/2356 809/2357/2357 808/2358/2358
f 812/2359/2359 811/2360/2360 802/2361/2361
f 812/2362/2362 802/2363/2363 803/2364/2364
f 811/2365/2365 814/2366/2366 813/2367/2367
f 817/2368/2368 816/2369/2369 815/2370/2370
f 819/2371/2371 817/2372/2372 818/2373/2373
f 818/2374/2374 805/2375/2375 820/2376/2376
f 820/2377/2377 821/2378/2378 819/2379/2379
f 819/2380/2380 823/2381/2381 822/2382/2382
f 819/2383/2383 816/2384/2384 817/2385/2385
f 826/2386/2386 825/2387/2387 824/2388/2388
f 822/2389/2389 816/2390/2390 819/2391/2391
f 808/2392/2392 805/2393/2393 827/2394/2394
f 804/2395/2395 805/2396/2396 808/2397/2397
f 701/2398/2398 802/2399/2399 43/2400/2400
f 829/2401/2401 823/2402/2402 828/2403/2403
f 830/2404/2404 803/2405/2405 44/2406/2406
f 813/2407/2407 802/2408/2408 811/2409/2409
f 819/2410/2410 818/2411/2411 820/2412/2412
f 728/2413/2413 831/2414/2414 734/2415/2415
f 819/2416/2416 828/2417/2417 823/2418/2418
f 807/2419/2419 690/2420/2420 831/2421/2421
f 832/2422/2422 807/2423/2423 831/2424/2424
f 835/2425/2425 834/2426/2426 833/2427/2427
f 812/2428/2428 836/2429/2429 811/2430/2430
f 812/2431/2431 803/2432/2432 836/2433/2433
f 811/2434/2434 838/2435/2435 837/2436/2436
f 839/2437/2437 815/2438/2438 816/2439/2439
f 841/2440/2440 840/2441/2441 839/2442/2442
f 840/2443/2443 843/2444/2444 842/2445/2445
f 845/2446/2446 844/2447/2447 841/2448/2448
f 841/2449/2449 822/2450/2450 823/2451/2451
f 841/2452/2452 839/2453/2453 816/2454/2454
f 848/2455/2455 847/2456/2456 846/2457/2457
f 822/2458/2458 841/2459/2459 816/2460/2460
f 834/2461/2461 849/2462/2462 842/2463/2463
f 829/2464/2464 845/2465/2465 823/2466/2466
f 830/2467/2467 51/2468/2468 803/2469/2469
f 838/2470/2470 811/2471/2471 836/2472/2472
f 841/2473/2473 843/2474/2474 840/2475/2475
f 771/2476/2476 776/2477/2477 850/2478/2478
f 841/2479/2479 823/2480/2480 845/2481/2481
f 853/2482/2482 852/2483/2483 851/2484/2484
f 856/2485/2485 855/2486/2486 854/2487/2487
f 859/2488/2488 858/2489/2489 857/2490/2490
f 849/2491/2491 859/2492/2492 857/2493/2493
f 857/2494/2494 839/2495/2495 840/2496/2496
f 857/2497/2497 840/2498/2498 842/2499/2499
f 842/2500/2500 849/2501/2501 857/2502/2502
f 815/2503/2503 839/2504/2504 857/2505/2505
f 858/2506/2506 861/2507/2507 860/2508/2508
f 861/2509/2509 827/2510/2510 860/2511/2511
f 817/2512/2512 860/2513/2513 818/2514/2514
f 818/2515/2515 860/2516/2516 805/2517/2517
f 827/2518/2518 805/2519/2519 860/2520/2520
f 817/2521/2521 815/2522/2522 860/2523/2523
f 857/2524/2524 858/2525/2525 860/2526/2526
f 857/2527/2527 860/2528/2528 815/2529/2529
f 864/2530/2530 863/2531/2531 862/2532/2532
f 867/2533/2533 866/2534/2534 865/2535/2535
f 870/2536/2536 869/2537/2537 868/2538/2538
f 873/2539/2539 872/2540/2540 871/2541/2541
f 875/2542/2542 862/2543/2543 874/2544/2544
f 878/2545/2545 877/2546/2546 876/2547/2547
f 876/2548/2548 877/2549/2549 879/2550/2550
f 881/2551/2551 880/2552/2552 879/2553/2553
f 883/2554/2554 882/2555/2555 881/2556/2556
f 870/2557/2557 877/2558/2558 878/2559/2559
f 883/2560/2560 885/2561/2561 884/2562/2562
f 887/2563/2563 875/2564/2564 886/2565/2565
f 886/2566/2566 875/2567/2567 874/2568/2568
f 888/2569/2569 864/2570/2570 862/2571/2571
f 888/2572/2572 870/2573/2573 868/2574/2574
f 870/2575/2575 878/2576/2576 889/2577/2577
f 862/2578/2578 890/2579/2579 874/2580/2580
f 867/2581/2581 875/2582/2582 887/2583/2583
f 877/2584/2584 881/2585/2585 879/2586/2586
f 892/2587/2587 891/2588/2588 873/2589/2589
f 885/2590/2590 883/2591/2591 881/2592/2592
f 885/2593/2593 867/2594/2594 865/2595/2595
f 894/2596/2596 891/2597/2597 893/2598/2598
f 895/2599/2599 894/2600/2600 893/2601/2601
f 897/2602/2602 896/2603/2603 871/2604/2604
f 896/2605/2605 897/2606/2606 898/2607/2607
f 900/2608/2608 899/2609/2609 895/2610/2610
f 896/2611/2611 898/2612/2612 901/2613/2613
f 891/2614/2614 892/2615/2615 893/2616/2616
f 898/2617/2617 900/2618/2618 901/2619/2619
f 872/2620/2620 897/2621/2621 871/2622/2622
f 873/2623/2623 871/2624/2624 892/2625/2625
f 895/2626/2626 899/2627/2627 894/2628/2628
f 901/2629/2629 900/2630/2630 895/2631/2631
f 902/2632/2632 888/2633/2633 868/2634/2634
f 864/2635/2635 888/2636/2636 902/2637/2637
f 887/2638/2638 903/2639/2639 867/2640/2640
f 884/2641/2641 885/2642/2642 865/2643/2643
f 906/2644/2644 905/2645/2645 904/2646/2646
f 909/2647/2647 908/2648/2648 907/2649/2649
f 912/2650/2650 911/2651/2651 910/2652/2652
f 915/2653/2653 914/2654/2654 913/2655/2655
f 917/2656/2656 916/2657/2657 905/2658/2658
f 920/2659/2659 919/2660/2660 918/2661/2661
f 919/2662/2662 921/2663/2663 918/2664/2664
f 923/2665/2665 921/2666/2666 922/2667/2667
f 925/2668/2668 923/2669/2669 924/2670/2670
f 912/2671/2671 920/2672/2672 918/2673/2673
f 925/2674/2674 927/2675/2675 926/2676/2676
f 929/2677/2677 928/2678/2678 917/2679/2679
f 928/2680/2680 916/2681/2681 917/2682/2682
f 930/2683/2683 905/2684/2684 906/2685/2685
f 930/2686/2686 911/2687/2687 912/2688/2688
f 912/2689/2689 931/2690/2690 920/2691/2691
f 905/2692/2692 916/2693/2693 932/2694/2694
f 909/2695/2695 929/2696/2696 917/2697/2697
f 918/2698/2698 921/2699/2699 923/2700/2700
f 934/2701/2701 915/2702/2702 933/2703/2703
f 926/2704/2704 923/2705/2705 925/2706/2706
f 926/2707/2707 908/2708/2708 909/2709/2709
f 936/2710/2710 935/2711/2711 933/2712/2712
f 937/2713/2713 935/2714/2714 936/2715/2715
f 939/2716/2716 914/2717/2717 938/2718/2718
f 938/2719/2719 940/2720/2720 939/2721/2721
f 942/2722/2722 937/2723/2723 941/2724/2724
f 938/2725/2725 943/2726/2726 940/2727/2727
f 933/2728/2728 935/2729/2729 934/2730/2730
f 940/2731/2731 943/2732/2732 942/2733/2733
f 913/2734/2734 914/2735/2735 939/2736/2736
f 915/2737/2737 934/2738/2738 914/2739/2739
f 937/2740/2740 936/2741/2741 941/2742/2742
f 943/2743/2743 937/2744/2744 942/2745/2745
f 944/2746/2746 911/2747/2747 930/2748/2748
f 906/2749/2749 944/2750/2750 930/2751/2751
f 929/2752/2752 909/2753/2753 945/2754/2754
f 927/2755/2755 908/2756/2756 926/2757/2757
f 948/2758/2758 947/2759/2759 946/2760/2760
f 950/2761/2761 949/2762/2762 947/2763/2763
f 953/2764/2764 952/2765/2765 951/2766/2766
f 955/2767/2767 954/2768/2768 953/2769/2769
f 946/2770/2770 957/2771/2771 956/2772/2772
f 958/2773/2773 954/2774/2774 955/2775/2775
f 953/2776/2776 954/2777/2777 959/2778/2778
f 950/2779/2779 947/2780/2780 948/2781/2781
f 953/2782/2782 959/2783/2783 952/2784/2784
f 946/2785/2785 947/2786/2786 957/2787/2787
f 962/2788/2788 961/2789/2789 960/2790/2790
f 964/2791/2791 960/2792/2792 963/2793/2793
f 967/2794/2794 966/2795/2795 965/2796/2796
f 970/2797/2797 969/2798/2798 968/2799/2799
f 971/2800/2800 970/2801/2801 968/2802/2802
f 970/2803/2803 967/2804/2804 965/2805/2805
f 964/2806/2806 962/2807/2807 960/2808/2808
f 961/2809/2809 972/2810/2810 960/2811/2811
f 970/2812/2812 965/2813/2813 969/2814/2814
f 964/2815/2815 963/2816/2816 973/2817/2817
f 976/2818/2818 975/2819/2819 974/2820/2820
f 974/2821/2821 975/2822/2822 977/2823/2823
f 979/2824/2824 974/2825/2825 978/2826/2826
f 978/2827/2827 974/2828/2828 977/2829/2829
f 982/2830/2830 981/2831/2831 980/2832/2832
f 979/2833/2833 983/2834/2834 974/2835/2835
f 979/2836/2836 985/2837/2837 984/2838/2838
f 988/2839/2839 987/2840/2840 986/2841/2841
f 990/2842/2842 989/2843/2843 982/2844/2844
f 993/2845/2845 992/2846/2846 991/2847/2847
f 979/2848/2848 984/2849/2849 983/2850/2850
f 988/2851/2851 986/2852/2852 994/2853/2853
f 986/2854/2854 995/2855/2855 994/2856/2856
f 998/2857/2857 997/2858/2858 996/2859/2859
f 1001/2860/2860 1000/2861/2861 999/2862/2862
f 998/2863/2863 1003/2864/2864 1002/2865/2865
f 1004/2866/2866 1001/2867/2867 999/2868/2868
f 1006/2869/2869 1005/2870/2870 999/2871/2871
f 1004/2872/2872 999/2873/2873 1005/2874/2874
f 1002/2875/2875 1003/2876/2876 999/2877/2877
f 1002/2878/2878 999/2879/2879 1007/2880/2880
f 976/2881/2881 1009/2882/2882 1008/2883/2883
f 1011/2884/2884 1010/2885/2885 1008/2886/2886
f 1014/2887/2887 1013/2888/2888 1012/2889/2889
f 999/2890/2890 1003/2891/2891 1006/2892/2892
f 996/2893/2893 1015/2894/2894 1006/2895/2895
f 991/2896/2896 998/2897/2897 1002/2898/2898
f 1009/2899/2899 1011/2900/2900 1008/2901/2901
f 1003/2902/2902 996/2903/2903 1006/2904/2904
f 1003/2905/2905 998/2906/2906 996/2907/2907
f 1018/2908/2908 1017/2909/2909 1016/2910/2910
f 1021/2911/2911 1020/2912/2912 1019/2913/2913
f 1018/2914/2914 1022/2915/2915 1020/2916/2916
f 1025/2917/2917 1024/2918/2918 1023/2919/2919
f 1027/2920/2920 1020/2921/2921 1026/2922/2922
f 1018/2923/2923 1020/2924/2924 1027/2925/2925
f 1020/2926/2926 1021/2927/2927 1026/2928/2928
f 1019/2929/2929 1029/2930/2930 1028/2931/2931
f 986/2932/2932 987/2933/2933 1028/2934/2934
f 1031/2935/2935 1030/2936/2936 1024/2937/2937
f 1022/2938/2938 1018/2939/2939 1016/2940/2940
f 1029/2941/2941 986/2942/2942 1028/2943/2943
f 1034/2944/2944 1033/2945/2945 1032/2946/2946
f 996/2947/2947 997/2948/2948 1035/2949/2949
f 1014/2950/2950 1037/2951/2951 1036/2952/2952
f 1036/2953/2953 1039/2954/2954 1038/2955/2955
f 1039/2956/2956 1036/2957/2957 1037/2958/2958
f 1040/2959/2959 1038/2960/2960 1032/2961/2961
f 1039/2962/2962 1042/2963/2963 1041/2964/2964
f 1042/2965/2965 1039/2966/2966 1037/2967/2967
f 1023/2968/2968 1038/2969/2969 1043/2970/2970
f 1039/2971/2971 1045/2972/2972 1044/2973/2973
f 1044/2974/2974 1043/2975/2975 1039/2976/2976
f 1046/2977/2977 1010/2978/2978 1011/2979/2979
f 1040/2980/2980 1036/2981/2981 1038/2982/2982
f 1040/2983/2983 1013/2984/2984 1014/2985/2985
f 1041/2986/2986 1045/2987/2987 1039/2988/2988
f 1046/2989/2989 1011/2990/2990 1047/2991/2991
f 1011/2992/2992 1048/2993/2993 1047/2994/2994
f 1040/2995/2995 1014/2996/2996 1036/2997/2997
f 1014/2998/2998 1049/2999/2999 1037/3000/3000
f 993/3001/3001 1050/3002/3002 992/3003/3003
f 1034/3004/3004 1051/3005/3005 1033/3006/3006
f 1002/3007/3007 1007/3008/3008 981/3009/3009
f 1043/3010/3010 1038/3011/3011 1039/3012/3012
f 1007/3013/3013 999/3014/3014 1000/3015/3015
f 1054/3016/3016 1053/3017/3017 1052/3018/3018
f 1057/3019/3019 1056/3020/3020 1055/3021/3021
f 1060/3022/3022 1059/3023/3023 1058/3024/3024
f 1061/3025/3025 1055/3026/3026 1056/3027/3027
f 1059/3028/3028 1062/3029/3029 1058/3030/3030
f 1064/3031/3031 1063/3032/3032 1059/3033/3033
f 1063/3034/3034 1062/3035/3035 1059/3036/3036
f 1065/3037/3037 1055/3038/3038 1061/3039/3039
f 1056/3040/3040 1059/3041/3041 1061/3042/3042
f 1068/3043/3043 1067/3044/3044 1066/3045/3045
f 1064/3046/3046 1059/3047/3047 1056/3048/3048
f 1064/3049/3049 1057/3050/3050 1069/3051/3051
f 1071/3052/3052 1065/3053/3053 1070/3054/3054
f 1074/3055/3055 1073/3056/3056 1072/3057/3057
f 1064/3058/3058 1056/3059/3059 1057/3060/3060
f 1057/3061/3061 1055/3062/3062 1075/3063/3063
f 1077/3064/3064 1076/3065/3065 1054/3066/3066
f 1054/3067/3067 1076/3068/3068 1053/3069/3069
f 1080/3070/3070 1079/3071/3071 1078/3072/3072
f 1083/3073/3073 1082/3074/3074 1081/3075/3075
f 1086/3076/3076 1085/3077/3077 1084/3078/3078
f 1087/3079/3079 1085/3080/3080 1086/3081/3081
f 1080/3082/3082 1084/3083/3083 1088/3084/3084
f 1090/3085/3085 1085/3086/3086 1089/3087/3087
f 1087/3088/3088 1089/3089/3089 1085/3090/3090
f 1085/3091/3091 1090/3092/3092 1091/3093/3093
f 1093/3094/3094 1090/3095/3095 1092/3096/3096
f 1073/3097/3097 1095/3098/3098 1094/3099/3099
f 1088/3100/3100 1079/3101/3101 1080/3102/3102
f 1091/3103/3103 1090/3104/3104 1093/3105/3105
f 1060/3106/3106 1096/3107/3107 1059/3108/3108
f 1098/3109/3109 1067/3110/3110 1097/3111/3111
f 1099/3112/3112 1054/3113/3113 1052/3114/3114
f 1102/3115/3115 1101/3116/3116 1100/3117/3117
f 1104/3118/3118 1103/3119/3119 1102/3120/3120
f 1099/3121/3121 1106/3122/3122 1105/3123/3123
f 1098/3124/3124 1102/3125/3125 1100/3126/3126
f 1108/3127/3127 1101/3128/3128 1107/3129/3129
f 1110/3130/3130 1109/3131/3131 1102/3132/3132
f 1098/3133/3133 1110/3134/3134 1102/3135/3135
f 1101/3136/3136 1108/3137/3137 1100/3138/3138
f 1067/3139/3139 1108/3140/3140 1066/3141/3141
f 1102/3142/3142 1109/3143/3143 1104/3144/3144
f 1083/3145/3145 1107/3146/3146 1082/3147/3147
f 1100/3148/3148 1108/3149/3149 1067/3150/3150
f 1100/3151/3151 1067/3152/3152 1098/3153/3153
f 1111/3154/3154 1057/3155/3155 1075/3156/3156
f 1105/3157/3157 1054/3158/3158 1099/3159/3159
f 1114/3160/3160 1113/3161/3161 1112/3162/3162
f 1079/3163/3163 1115/3164/3164 1078/3165/3165
f 1118/3166/3166 1117/3167/3167 1116/3168/3168
f 1119/3169/3169 1116/3170/3170 1117/3171/3171
f 1121/3172/3172 1113/3173/3173 1120/3174/3174
f 1119/3175/3175 1123/3176/3176 1122/3177/3177
f 1122/3178/3178 1116/3179/3179 1119/3180/3180
f 1101/3181/3181 1124/3182/3182 1120/3183/3183
f 1119/3184/3184 1106/3185/3185 1125/3186/3186
f 1123/3187/3187 1119/3188/3188 1125/3189/3189
f 1127/3190/3190 1126/3191/3191 1079/3192/3192
f 1079/3193/3193 1126/3194/3194 1115/3195/3195
f 1118/3196/3196 1116/3197/3197 1128/3198/3198
f 1071/3199/3199 1070/3200/3200 1129/3201/3201
f 1095/3202/3202 1061/3203/3203 1096/3204/3204
f 1101/3205/3205 1102/3206/3206 1124/3207/3207
f 1124/3208/3208 1102/3209/3209 1103/3210/3210
f 1096/3211/3211 1061/3212/3212 1059/3213/3213
f 1132/3214/3214 1131/3215/3215 1130/3216/3216
f 1135/3217/3217 1134/3218/3218 1133/3219/3219
f 1138/3220/3220 1137/3221/3221 1136/3222/3222
f 1141/3223/3223 1140/3224/3224 1139/3225/3225
f 1135/3226/3226 1143/3227/3227 1142/3228/3228
f 1146/3229/3229 1145/3230/3230 1144/3231/3231
f 1142/3232/3232 1148/3233/3233 1147/3234/3234
f 1151/3235/3235 1150/3236/3236 1149/3237/3237
f 1152/3238/3238 1146/3239/3239 1142/3240/3240
f 1155/3241/3241 1154/3242/3242 1153/3243/3243
f 1137/3244/3244 1138/3245/3245 1156/3246/3246
f 1159/3247/3247 1158/3248/3248 1157/3249/3249
f 1146/3250/3250 1144/3251/3251 1148/3252/3252
f 1142/3253/3253 1146/3254/3254 1148/3255/3255
f 1143/3256/3256 1133/3257/3257 1132/3258/3258
f 1133/3259/3259 1161/3260/3260 1160/3261/3261
f 1132/3262/3262 1133/3263/3263 1160/3264/3264
f 1135/3265/3265 1158/3266/3266 1159/3267/3267
f 1149/3268/3268 1130/3269/3269 1151/3270/3270
f 1163/3271/3271 1162/3272/3272 1139/3273/3273
f 1139/3274/3274 1162/3275/3275 1164/3276/3276
f 1162/3277/3277 1165/3278/3278 1164/3279/3279
f 1141/3280/3280 1167/3281/3281 1166/3282/3282
f 1133/3283/3283 1143/3284/3284 1135/3285/3285
f 1159/3286/3286 1134/3287/3287 1135/3288/3288
f 1142/3289/3289 1158/3290/3290 1135/3291/3291
f 1141/3292/3292 1139/3293/3293 1167/3294/3294
f 1133/3295/3295 1134/3296/3296 1161/3297/3297
f 1147/3298/3298 1158/3299/3299 1142/3300/3300
f 1168/3301/3301 1132/3302/3302 1160/3303/3303
f 1149/3304/3304 1132/3305/3305 1130/3306/3306
f 1169/3307/3307 1139/3308/3308 1164/3309/3309
f 1139/3310/3310 1169/3311/3311 1167/3312/3312
f 1172/3313/3313 1171/3314/3314 1170/3315/3315
f 1172/3316/3316 1170/3317/3317 1173/3318/3318
f 1157/3319/3319 1144/3320/3320 1145/3321/3321
f 1158/3322/3322 1147/3323/3323 1157/3324/3324
f 1174/3325/3325 1168/3326/3326 1134/3327/3327
f 1176/3328/3328 1166/3329/3329 1175/3330/3330
f 1169/3331/3331 1164/3332/3332 1175/3333/3333
f 1150/3334/3334 1131/3335/3335 1175/3336/3336
f 1168/3337/3337 1161/3338/3338 1134/3339/3339
f 1151/3340/3340 1131/3341/3341 1150/3342/3342
f 1147/3343/3343 1148/3344/3344 1157/3345/3345
f 1167/3346/3346 1169/3347/3347 1175/3348/3348
f 1134/3349/3349 1159/3350/3350 1174/3351/3351
f 1148/3352/3352 1144/3353/3353 1157/3354/3354
f 1160/3355/3355 1161/3356/3356 1168/3357/3357
f 1130/3358/3358 1131/3359/3359 1151/3360/3360
f 1164/3361/3361 1165/3362/3362 1175/3363/3363
f 1166/3364/3364 1167/3365/3365 1175/3366/3366
f 1179/3367/3367 1178/3368/3368 1177/3369/3369
f 1182/3370/3370 1181/3371/3371 1180/3372/3372
f 1185/3373/3373 1184/3374/3374 1183/3375/3375
f 1188/3376/3376 1187/3377/3377 1186/3378/3378
f 1166/3379/3379 1176/3380/3380 1141/3381/3381
f 1184/3382/3382 1189/3383/3383 1183/3384/3384
f 1190/3385/3385 1180/3386/3386 1189/3387/3387
f 1193/3388/3388 1192/3389/3389 1191/3390/3390
f 1140/3391/3391 1181/3392/3392 1182/3393/3393
f 1195/3394/3394 1194/3395/3395 1187/3396/3396
f 1196/3397/3397 1177/3398/3398 1178/3399/3399
f 1145/3400/3400 1198/3401/3401 1197/3402/3402
f 1193/3403/3403 1178/3404/3404 1192/3405/3405
f 1183/3406/3406 1199/3407/3407 1194/3408/3408
f 1198/3409/3409 1152/3410/3410 1178/3411/3411
f 1201/3412/3412 1200/3413/3413 1153/3414/3414
f 1203/3415/3415 1202/3416/3416 1156/3417/3417
f 1179/3418/3418 1177/3419/3419 1204/3420/3420
f 1186/3421/3421 1194/3422/3422 1199/3423/3423
f 1206/3424/3424 1187/3425/3425 1205/3426/3426
f 1207/3427/3427 1206/3428/3428 1205/3429/3429
f 1198/3430/3430 1178/3431/3431 1193/3432/3432
f 1197/3433/3433 1198/3434/3434 1193/3435/3435
f 1185/3436/3436 1195/3437/3437 1182/3438/3438
f 1185/3439/3439 1182/3440/3440 1208/3441/3441
f 1184/3442/3442 1185/3443/3443 1208/3444/3444
f 1180/3445/3445 1181/3446/3446 1209/3447/3447
f 1195/3448/3448 1185/3449/3449 1194/3450/3450
f 1176/3451/3451 1209/3452/3452 1181/3453/3453
f 1200/3454/3454 1201/3455/3455 1210/3456/3456
f 1213/3457/3457 1212/3458/3458 1211/3459/3459
f 1187/3460/3460 1194/3461/3461 1186/3462/3462
f 1182/3463/3463 1190/3464/3464 1208/3465/3465
f 1190/3466/3466 1182/3467/3467 1180/3468/3468
f 1212/3469/3469 1214/3470/3470 1211/3471/3471
f 1197/3472/3472 1191/3473/3473 1145/3474/3474
f 1192/3475/3475 1179/3476/3476 1191/3477/3477
f 1188/3478/3478 1191/3479/3479 1215/3480/3480
f 1209/3481/3481 1176/3482/3482 1189/3483/3483
f 1208/3484/3484 1190/3485/3485 1189/3486/3486
f 1188/3487/3487 1183/3488/3488 1189/3489/3489
f 1207/3490/3490 1188/3491/3491 1215/3492/3492
f 1188/3493/3493 1199/3494/3494 1183/3495/3495
f 1179/3496/3496 1204/3497/3497 1191/3498/3498
f 1197/3499/3499 1193/3500/3500 1191/3501/3501
f 1207/3502/3502 1205/3503/3503 1188/3504/3504
f 1188/3505/3505 1186/3506/3506 1199/3507/3507
f 1184/3508/3508 1208/3509/3509 1189/3510/3510
f 1180/3511/3511 1209/3512/3512 1189/3513/3513
f 1141/3514/3514 1181/3515/3515 1140/3516/3516
f 1146/3517/3517 1198/3518/3518 1145/3519/3519
f 1146/3520/3520 1152/3521/3521 1198/3522/3522
f 1155/3523/3523 1153/3524/3524 1200/3525/3525
f 1138/3526/3526 1203/3527/3527 1156/3528/3528
f 1141/3529/3529 1176/3530/3530 1181/3531/3531
f 1157/3532/3532 1145/3533/3533 1191/3534/3534
f 1175/3535/3535 1189/3536/3536 1176/3537/3537
f 1215/3538/3538 1206/3539/3539 1207/3540/3540
f 1185/3541/3541 1183/3542/3542 1194/3543/3543
f 1179/3544/3544 1192/3545/3545 1178/3546/3546
f 1187/3547/3547 1188/3548/3548 1205/3549/3549
f 1218/3550/3550 1217/3551/3551 1216/3552/3552
f 1221/3553/3553 1220/3554/3554 1219/3555/3555
f 1224/3556/3556 1223/3557/3557 1222/3558/3558
f 1227/3559/3559 1226/3560/3560 1225/3561/3561
f 1227/3562/3562 1228/3563/3563 1226/3564/3564
f 1227/3565/3565 1229/3566/3566 1228/3567/3567
f 1232/3568/3568 1231/3569/3569 1230/3570/3570
f 1230/3571/3571 1223/3572/3572 1233/3573/3573
f 1236/3574/3574 1235/3575/3575 1234/3576/3576
f 1239/3577/3577 1238/3578/3578 1237/3579/3579
f 1242/3580/3580 1241/3581/3581 1240/3582/3582
f 1245/3583/3583 1244/3584/3584 1243/3585/3585
f 1248/3586/3586 1247/3587/3587 1246/3588/3588
f 1224/3589/3589 1249/3590/3590 1223/3591/3591
f 1250/3592/3592 1232/3593/3593 1236/3594/3594
f 1253/3595/3595 1252/3596/3596 1251/3597/3597
f 1255/3598/3598 1243/3599/3599 1254/3600/3600
f 1254/3601/3601 1257/3602/3602 1256/3603/3603
f 1254/3604/3604 1258/3605/3605 1257/3606/3606
f 1261/3607/3607 1260/3608/3608 1259/3609/3609
f 1248/3610/3610 1263/3611/3611 1262/3612/3612
f 1258/3613/3613 1264/3614/3614 1257/3615/3615
f 1260/3616/3616 1265/3617/3617 1259/3618/3618
f 1267/3619/3619 1234/3620/3620 1266/3621/3621
f 1266/3622/3622 1235/3623/3623 1249/3624/3624
f 1222/3625/3625 1269/3626/3626 1268/3627/3627
f 1224/3628/3628 1222/3629/3629 1268/3630/3630
f 1232/3631/3631 1233/3632/3632 1235/3633/3633
f 1234/3634/3634 1235/3635/3635 1266/3636/3636
f 1232/3637/3637 1230/3638/3638 1233/3639/3639
f 1232/3640/3640 1250/3641/3641 1231/3642/3642
f 1249/3643/3643 1270/3644/3644 1223/3645/3645
f 1272/3646/3646 1271/3647/3647 1238/3648/3648
f 1273/3649/3649 1239/3650/3650 1237/3651/3651
f 1271/3652/3652 1237/3653/3653 1238/3654/3654
f 1258/3655/3655 1274/3656/3656 1264/3657/3657
f 1268/3658/3658 1275/3659/3659 1227/3660/3660
f 1268/3661/3661 1227/3662/3662 1224/3663/3663
f 1275/3664/3664 1268/3665/3665 1269/3666/3666
f 1276/3667/3667 1229/3668/3668 1275/3669/3669
f 1278/3670/3670 1277/3671/3671 1229/3672/3672
f 1281/3673/3673 1280/3674/3674 1279/3675/3675
f 1284/3676/3676 1283/3677/3677 1282/3678/3678
f 1230/3679/3679 1231/3680/3680 1285/3681/3681
f 1270/3682/3682 1233/3683/3683 1223/3684/3684
f 1222/3685/3685 1286/3686/3686 1269/3687/3687
f 1230/3688/3688 1285/3689/3689 1278/3690/3690
f 1235/3691/3691 1270/3692/3692 1249/3693/3693
f 1276/3694/3694 1275/3695/3695 1269/3696/3696
f 1230/3697/3697 1286/3698/3698 1223/3699/3699
f 1223/3700/3700 1286/3701/3701 1222/3702/3702
f 1247/3703/3703 1287/3704/3704 1220/3705/3705
f 1243/3706/3706 1288/3707/3707 1254/3708/3708
f 1279/3709/3709 1290/3710/3710 1289/3711/3711
f 1281/3712/3712 1284/3713/3713 1280/3714/3714
f 1293/3715/3715 1292/3716/3716 1291/3717/3717
f 1280/3718/3718 1284/3719/3719 1282/3720/3720
f 1294/3721/3721 1291/3722/3722 1292/3723/3723
f 1275/3724/3724 1229/3725/3725 1227/3726/3726
f 1295/3727/3727 1225/3728/3728 1226/3729/3729
f 1257/3730/3730 1264/3731/3731 1265/3732/3732
f 1228/3733/3733 1229/3734/3734 1277/3735/3735
f 1284/3736/3736 1296/3737/3737 1283/3738/3738
f 1290/3739/3739 1293/3740/3740 1291/3741/3741
f 1291/3742/3742 1294/3743/3743 1289/3744/3744
f 1278/3745/3745 1285/3746/3746 1277/3747/3747
f 1247/3748/3748 1248/3749/3749 1242/3750/3750
f 1298/3751/3751 1218/3752/3752 1297/3753/3753
f 1236/3754/3754 1232/3755/3755 1235/3756/3756
f 1218/3757/3757 1298/3758/3758 1299/3759/3759
f 1237/3760/3760 1271/3761/3761 1300/3762/3762
f 1301/3763/3763 1267/3764/3764 1266/3765/3765
f 1230/3766/3766 1278/3767/3767 1276/3768/3768
f 1230/3769/3769 1276/3770/3770 1286/3771/3771
f 1286/3772/3772 1276/3773/3773 1269/3774/3774
f 1221/3775/3775 1247/3776/3776 1220/3777/3777
f 1220/3778/3778 1302/3779/3779 1219/3780/3780
f 1302/3781/3781 1243/3782/3782 1244/3783/3783
f 1217/3784/3784 1273/3785/3785 1237/3786/3786
f 1220/3787/3787 1252/3788/3788 1302/3789/3789
f 1219/3790/3790 1302/3791/3791 1244/3792/3792
f 1217/3793/3793 1303/3794/3794 1273/3795/3795
f 1303/3796/3796 1217/3797/3797 1218/3798/3798
f 1217/3799/3799 1237/3800/3800 1300/3801/3801
f 1302/3802/3802 1288/3803/3803 1243/3804/3804
f 1235/3805/3805 1233/3806/3806 1270/3807/3807
f 1248/3808/3808 1262/3809/3809 1241/3810/3810
f 1248/3811/3811 1246/3812/3812 1263/3813/3813
f 1246/3814/3814 1247/3815/3815 1221/3816/3816
f 1260/3817/3817 1257/3818/3818 1265/3819/3819
f 1254/3820/3820 1256/3821/3821 1255/3822/3822
f 1276/3823/3823 1278/3824/3824 1229/3825/3825
f 1290/3826/3826 1291/3827/3827 1289/3828/3828
f 1241/3829/3829 1242/3830/3830 1248/3831/3831
f 1297/3832/3832 1304/3833/3833 1298/3834/3834
f 1218/3835/3835 1299/3836/3836 1303/3837/3837
f 1279/3838/3838 1289/3839/3839 1226/3840/3840
f 1265/3841/3841 1264/3842/3842 1259/3843/3843
f 1274/3844/3844 1259/3845/3845 1264/3846/3846
f 1253/3847/3847 1288/3848/3848 1252/3849/3849
f 1216/3850/3850 1297/3851/3851 1218/3852/3852
f 1300/3853/3853 1216/3854/3854 1217/3855/3855
f 1305/3856/3856 1299/3857/3857 1298/3858/3858
f 1288/3859/3859 1302/3860/3860 1252/3861/3861
f 1252/3862/3862 1220/3863/3863 1287/3864/3864
f 1307/3865/3865 1306/3866/3866 1304/3867/3867
f 1310/3868/3868 1309/3869/3869 1308/3870/3870
f 1313/3871/3871 1312/3872/3872 1311/3873/3873
f 1311/3874/3874 1315/3875/3875 1314/3876/3876
f 1312/3877/3877 1315/3878/3878 1311/3879/3879
f 1318/3880/3880 1317/3881/3881 1316/3882/3882
f 1321/3883/3883 1320/3884/3884 1319/3885/3885
f 1321/3886/3886 1319/3887/3887 1322/3888/3888
f 1321/3889/3889 1322/3890/3890 1323/3891/3891
f 1326/3892/3892 1325/3893/3893 1324/3894/3894
f 1325/3895/3895 1327/3896/3896 1316/3897/3897
f 1330/3898/3898 1329/3899/3899 1328/3900/3900
f 1333/3901/3901 1332/3902/3902 1331/3903/3903
f 1333/3904/3904 1335/3905/3905 1334/3906/3906
f 1338/3907/3907 1337/3908/3908 1336/3909/3909
f 1318/3910/3910 1316/3911/3911 1339/3912/3912
f 1340/3913/3913 1330/3914/3914 1326/3915/3915
f 1341/3916/3916 1251/3917/3917 1252/3918/3918
f 1343/3919/3919 1342/3920/3920 1335/3921/3921
f 1342/3922/3922 1345/3923/3923 1344/3924/3924
f 1342/3925/3925 1344/3926/3926 1346/3927/3927
f 1261/3928/3928 1347/3929/3929 1260/3930/3930
f 1346/3931/3931 1344/3932/3932 1348/3933/3933
f 1260/3934/3934 1347/3935/3935 1349/3936/3936
f 1313/3937/3937 1311/3938/3938 1337/3939/3939
f 1351/3940/3940 1350/3941/3941 1329/3942/3942
f 1350/3943/3943 1339/3944/3944 1328/3945/3945
f 1317/3946/3946 1353/3947/3947 1352/3948/3948
f 1318/3949/3949 1353/3950/3950 1317/3951/3951
f 1326/3952/3952 1328/3953/3953 1327/3954/3954
f 1329/3955/3955 1350/3956/3956 1328/3957/3957
f 1326/3958/3958 1327/3959/3959 1325/3960/3960
f 1326/3961/3961 1324/3962/3962 1340/3963/3963
f 1339/3964/3964 1316/3965/3965 1354/3966/3966
f 1357/3967/3967 1356/3968/3968 1355/3969/3969
f 1334/3970/3970 1332/3971/3971 1333/3972/3972
f 1355/3973/3973 1356/3974/3974 1358/3975/3975
f 1346/3976/3976 1348/3977/3977 1359/3978/3978
f 1353/3979/3979 1321/3980/3980 1360/3981/3981
f 1353/3982/3982 1318/3983/3983 1321/3984/3984
f 1360/3985/3985 1352/3986/3986 1353/3987/3987
f 1361/3988/3988 1360/3989/3989 1323/3990/3990
f 1363/3991/3991 1323/3992/3992 1362/3993/3993
f 1366/3994/3994 1365/3995/3995 1364/3996/3996
f 1325/3997/3997 1367/3998/3998 1324/3999/3999
f 1354/4000/4000 1316/4001/4001 1327/4002/4002
f 1317/4003/4003 1352/4004/4004 1368/4005/4005
f 1325/4006/4006 1363/4007/4007 1367/4008/4008
f 1328/4009/4009 1339/4010/4010 1354/4011/4011
f 1361/4012/4012 1352/4013/4013 1360/4014/4014
f 1371/4015/4015 1370/4016/4016 1369/4017/4017
f 1370/4018/4018 1372/4019/4019 1369/4020/4020
f 1325/4021/4021 1316/4022/4022 1368/4023/4023
f 1316/4024/4024 1317/4025/4025 1368/4026/4026
f 1336/4027/4027 1314/4028/4028 1287/4029/4029
f 1335/4030/4030 1342/4031/4031 1373/4032/4032
f 1365/4033/4033 1375/4034/4034 1374/4035/4035
f 1366/4036/4036 1364/4037/4037 1376/4038/4038
f 1379/4039/4039 1378/4040/4040 1377/4041/4041
f 1364/4042/4042 1380/4043/4043 1376/4044/4044
f 1381/4045/4045 1377/4046/4046 1378/4047/4047
f 1360/4048/4048 1321/4049/4049 1323/4050/4050
f 1382/4051/4051 1319/4052/4052 1320/4053/4053
f 1344/4054/4054 1349/4055/4055 1348/4056/4056
f 1322/4057/4057 1362/4058/4058 1323/4059/4059
f 1374/4060/4060 1378/4061/4061 1379/4062/4062
f 1378/4063/4063 1375/4064/4064 1381/4065/4065
f 1363/4066/4066 1362/4067/4067 1367/4068/4068
f 1336/4069/4069 1383/4070/4070 1338/4071/4071
f 1385/4072/4072 1384/4073/4073 1310/4074/4074
f 1330/4075/4075 1328/4076/4076 1326/4077/4077
f 1358/4078/4078 1386/4079/4079 1355/4080/4080
f 1387/4081/4081 1370/4082/4082 1371/4083/4083
f 1372/4084/4084 1350/4085/4085 1351/4086/4086
f 1325/4087/4087 1361/4088/4088 1363/4089/4089
f 1325/4090/4090 1368/4091/4091 1361/4092/4092
f 1368/4093/4093 1352/4094/4094 1361/4095/4095
f 1311/4096/4096 1314/4097/4097 1336/4098/4098
f 1314/4099/4099 1315/4100/4100 1388/4101/4101
f 1388/4102/4102 1334/4103/4103 1335/4104/4104
f 1314/4105/4105 1388/4106/4106 1252/4107/4107
f 1389/4108/4108 1332/4109/4109 1334/4110/4110
f 1315/4111/4111 1334/4112/4112 1388/4113/4113
f 1308/4114/4114 1386/4115/4115 1358/4116/4116
f 1389/4117/4117 1334/4118/4118 1315/4119/4119
f 1388/4120/4120 1335/4121/4121 1373/4122/4122
f 1328/4123/4123 1354/4124/4124 1327/4125/4125
f 1338/4126/4126 1390/4127/4127 1337/4128/4128
f 1337/4129/4129 1311/4130/4130 1336/4131/4131
f 1260/4132/4132 1349/4133/4133 1344/4134/4134
f 1342/4135/4135 1343/4136/4136 1345/4137/4137
f 1361/4138/4138 1323/4139/4139 1363/4140/4140
f 1374/4141/4141 1375/4142/4142 1378/4143/4143
f 1384/4144/4144 1385/4145/4145 1391/4146/4146
f 1312/4147/4147 1389/4148/4148 1315/4149/4149
f 1365/4150/4150 1319/4151/4151 1375/4152/4152
f 1349/4153/4153 1347/4154/4154 1348/4155/4155
f 1359/4156/4156 1348/4157/4157 1347/4158/4158
f 1341/4159/4159 1252/4160/4160 1373/4161/4161
f 1309/4162/4162 1310/4163/4163 1384/4164/4164
f 1386/4165/4165 1308/4166/4166 1309/4167/4167
f 1373/4168/4168 1252/4169/4169 1388/4170/4170
f 1252/4171/4171 1287/4172/4172 1314/4173/4173
f 1393/4174/4174 1266/4175/4175 1392/4176/4176
f 1396/4177/4177 1395/4178/4178 1394/4179/4179
f 1397/4180/4180 1224/4181/4181 1227/4182/4182
f 1249/4183/4183 1224/4184/4184 1397/4185/4185
f 1266/4186/4186 1249/4187/4187 1398/4188/4188
f 1227/4189/4189 1225/4190/4190 1399/4191/4191
f 1402/4192/4192 1401/4193/4193 1400/4194/4194
f 1405/4195/4195 1404/4196/4196 1403/4197/4197
f 1407/4198/4198 1406/4199/4199 1405/4200/4200
f 1240/4201/4201 1409/4202/4202 1408/4203/4203
f 1396/4204/4204 1410/4205/4205 1395/4206/4206
f 1411/4207/4207 1394/4208/4208 1395/4209/4209
f 1413/4210/4210 1410/4211/4211 1412/4212/4212
f 1416/4213/4213 1415/4214/4214 1414/4215/4215
f 1419/4216/4216 1418/4217/4217 1417/4218/4218
f 1418/4219/4219 1419/4220/4220 1420/4221/4221
f 1418/4222/4222 1422/4223/4223 1421/4224/4224
f 1424/4225/4225 1423/4226/4226 1422/4227/4227
f 1425/4228/4228 1407/4229/4229 1416/4230/4230
f 1427/4231/4231 1424/4232/4232 1426/4233/4233
f 1407/4234/4234 1415/4235/4235 1416/4236/4236
f 1415/4237/4237 1428/4238/4238 1414/4239/4239
f 1429/4240/4240 1415/4241/4241 1407/4242/4242
f 1428/4243/4243 1415/4244/4244 1430/4245/4245
f 1431/4246/4246 1429/4247/4247 1403/4248/4248
f 1433/4249/4249 1400/4250/4250 1432/4251/4251
f 1404/4252/4252 1405/4253/4253 1434/4254/4254
f 1405/4255/4255 1406/4256/4256 1434/4257/4257
f 1429/4258/4258 1405/4259/4259 1403/4260/4260
f 1407/4261/4261 1405/4262/4262 1429/4263/4263
f 1407/4264/4264 1435/4265/4265 1406/4266/4266
f 1402/4267/4267 1433/4268/4268 1406/4269/4269
f 1398/4270/4270 1249/4271/4271 1397/4272/4272
f 1399/4273/4273 1225/4274/4274 1436/4275/4275
f 1225/4276/4276 1437/4277/4277 1436/4278/4278
f 1438/4279/4279 1426/4280/4280 1422/4281/4281
f 1438/4282/4282 1439/4283/4283 1426/4284/4284
f 1421/4285/4285 1423/4286/4286 1440/4287/4287
f 1421/4288/4288 1422/4289/4289 1423/4290/4290
f 1423/4291/4291 1441/4292/4292 1440/4293/4293
f 1428/4294/4294 1430/4295/4295 1442/4296/4296
f 1430/4297/4297 1429/4298/4298 1431/4299/4299
f 1415/4300/4300 1429/4301/4301 1430/4302/4302
f 1442/4303/4303 1441/4304/4304 1428/4305/4305
f 1443/4306/4306 1434/4307/4307 1433/4308/4308
f 1436/4309/4309 1437/4310/4310 1401/4311/4311
f 1433/4312/4312 1402/4313/4313 1400/4314/4314
f 1406/4315/4315 1433/4316/4316 1434/4317/4317
f 1443/4318/4318 1433/4319/4319 1432/4320/4320
f 1399/4321/4321 1436/4322/4322 1435/4323/4323
f 1438/4324/4324 1418/4325/4325 1420/4326/4326
f 1411/4327/4327 1301/4328/4328 1394/4329/4329
f 1423/4330/4330 1428/4331/4331 1441/4332/4332
f 1426/4333/4333 1424/4334/4334 1422/4335/4335
f 1417/4336/4336 1418/4337/4337 1421/4338/4338
f 1418/4339/4339 1438/4340/4340 1422/4341/4341
f 1444/4342/4342 1438/4343/4343 1420/4344/4344
f 1402/4345/4345 1406/4346/4346 1435/4347/4347
f 1394/4348/4348 1301/4349/4349 1393/4350/4350
f 1416/4351/4351 1414/4352/4352 1425/4353/4353
f 1444/4354/4354 1439/4355/4355 1438/4356/4356
f 1413/4357/4357 1445/4358/4358 1410/4359/4359
f 1401/4360/4360 1402/4361/4361 1436/4362/4362
f 1240/4363/4363 1241/4364/4364 1409/4365/4365
f 1413/4366/4366 1446/4367/4367 1445/4368/4368
f 1393/4369/4369 1301/4370/4370 1266/4371/4371
f 1447/4372/4372 1412/4373/4373 1396/4374/4374
f 1425/4375/4375 1414/4376/4376 1448/4377/4377
f 1409/4378/4378 1395/4379/4379 1410/4380/4380
f 1396/4381/4381 1412/4382/4382 1410/4383/4383
f 1435/4384/4384 1436/4385/4385 1402/4386/4386
f 1451/4387/4387 1450/4388/4388 1449/4389/4389
f 1453/4390/4390 1452/4391/4391 1321/4392/4392
f 1453/4393/4393 1321/4394/4394 1318/4395/4395
f 1339/4396/4396 1453/4397/4397 1318/4398/4398
f 1321/4399/4399 1452/4400/4400 1320/4401/4401
f 1456/4402/4402 1455/4403/4403 1454/4404/4404
f 1459/4405/4405 1458/4406/4406 1457/4407/4407
f 1461/4408/4408 1459/4409/4409 1460/4410/4410
f 1240/4411/4411 1408/4412/4412 1462/4413/4413
f 1451/4414/4414 1449/4415/4415 1463/4416/4416
f 1370/4417/4417 1449/4418/4418 1450/4419/4419
f 1465/4420/4420 1464/4421/4421 1463/4422/4422
f 1468/4423/4423 1467/4424/4424 1466/4425/4425
f 1419/4426/4426 1470/4427/4427 1469/4428/4428
f 1469/4429/4429 1420/4430/4430 1419/4431/4431
f 1469/4432/4432 1472/4433/4433 1471/4434/4434
f 1473/4435/4435 1468/4436/4436 1461/4437/4437
f 1476/4438/4438 1475/4439/4439 1474/4440/4440
f 1467/4441/4441 1476/4442/4442 1474/4443/4443
f 1461/4444/4444 1468/4445/4445 1466/4446/4446
f 1467/4447/4447 1474/4448/4448 1477/4449/4449
f 1466/4450/4450 1467/4451/4451 1477/4452/4452
f 1478/4453/4453 1461/4454/4454 1466/4455/4455
f 1477/4456/4456 1479/4457/4457 1466/4458/4458
f 1480/4459/4459 1458/4460/4460 1478/4461/4461
f 1482/4462/4462 1481/4463/4463 1455/4464/4464
f 1457/4465/4465 1483/4466/4466 1459/4467/4467
f 1459/4468/4468 1483/4469/4469 1460/4470/4470
f 1478/4471/4471 1458/4472/4472 1459/4473/4473
f 1461/4474/4474 1478/4475/4475 1459/4476/4476
f 1461/4477/4477 1460/4478/4478 1484/4479/4479
f 1456/4480/4480 1460/4481/4481 1482/4482/4482
f 1485/4483/4483 1453/4484/4484 1339/4485/4485
f 1452/4486/4486 1486/4487/4487 1320/4488/4488
f 1320/4489/4489 1486/4490/4490 1487/4491/4491
f 1472/4492/4492 1489/4493/4493 1488/4494/4494
f 1472/4495/4495 1488/4496/4496 1471/4497/4497
f 1488/4498/4498 1489/4499/4499 1490/4500/4500
f 1477/4501/4501 1491/4502/4502 1479/4503/4503
f 1479/4504/4504 1480/4505/4505 1478/4506/4506
f 1466/4507/4507 1479/4508/4508 1478/4509/4509
f 1491/4510/4510 1477/4511/4511 1490/4512/4512
f 1492/4513/4513 1482/4514/4514 1483/4515/4515
f 1486/4516/4516 1454/4517/4517 1487/4518/4518
f 1482/4519/4519 1455/4520/4520 1456/4521/4521
f 1460/4522/4522 1483/4523/4523 1482/4524/4524
f 1492/4525/4525 1481/4526/4526 1482/4527/4527
f 1452/4528/4528 1484/4529/4529 1486/4530/4530
f 1493/4531/4531 1420/4532/4532 1469/4533/4533
f 1370/4534/4534 1450/4535/4535 1372/4536/4536
f 1470/4537/4537 1472/4538/4538 1469/4539/4539
f 1469/4540/4540 1471/4541/4541 1493/4542/4542
f 1444/4543/4543 1420/4544/4544 1493/4545/4545
f 1456/4546/4546 1484/4547/4547 1460/4548/4548
f 1450/4549/4549 1494/4550/4550 1372/4551/4551
f 1468/4552/4552 1473/4553/4553 1467/4554/4554
f 1497/4555/4555 1496/4556/4556 1495/4557/4557
f 1465/4558/4558 1463/4559/4559 1445/4560/4560
f 1454/4561/4561 1486/4562/4562 1456/4563/4563
f 1240/4564/4564 1462/4565/4565 1387/4566/4566
f 1465/4567/4567 1445/4568/4568 1446/4569/4569
f 1498/4570/4570 1451/4571/4571 1464/4572/4572
f 1476/4573/4573 1467/4574/4574 1499/4575/4575
f 1473/4576/4576 1499/4577/4577 1467/4578/4578
f 1476/4579/4579 1499/4580/4580 1475/4581/4581
f 1462/4582/4582 1463/4583/4583 1449/4584/4584
f 1451/4585/4585 1463/4586/4586 1464/4587/4587
f 1484/4588/4588 1456/4589/4589 1486/4590/4590
f 1502/4591/4591 1501/4592/4592 1500/4593/4593
f 1417/4594/4594 1421/4595/4595 1503/4596/4596
f 1441/4597/4597 1504/4598/4598 1440/4599/4599
f 1506/4600/4600 1505/4601/4601 1417/4602/4602
f 1442/4603/4603 1508/4604/4604 1507/4605/4605
f 1508/4606/4606 1430/4607/4607 1431/4608/4608
f 1442/4609/4609 1430/4610/4610 1508/4611/4611
f 1400/4612/4612 1401/4613/4613 1509/4614/4614
f 1434/4615/4615 1443/4616/4616 1510/4617/4617
f 1437/4618/4618 1509/4619/4619 1401/4620/4620
f 1511/4621/4621 1417/4622/4622 1503/4623/4623
f 1511/4624/4624 1512/4625/4625 1506/4626/4626
f 1417/4627/4627 1511/4628/4628 1506/4629/4629
f 1515/4630/4630 1514/4631/4631 1513/4632/4632
f 1517/4633/4633 1516/4634/4634 1513/4635/4635
f 1520/4636/4636 1519/4637/4637 1518/4638/4638
f 1437/4639/4639 1521/4640/4640 1509/4641/4641
f 1442/4642/4642 1507/4643/4643 1441/4644/4644
f 1502/4645/4645 1522/4646/4646 1501/4647/4647
f 1516/4648/4648 1501/4649/4649 1513/4650/4650
f 1514/4651/4651 1517/4652/4652 1513/4653/4653
f 1525/4654/4654 1524/4655/4655 1523/4656/4656
f 1508/4657/4657 1431/4658/4658 1403/4659/4659
f 1434/4660/4660 1510/4661/4661 1404/4662/4662
f 1526/4663/4663 1403/4664/4664 1404/4665/4665
f 1527/4666/4666 1403/4667/4667 1526/4668/4668
f 1529/4669/4669 1509/4670/4670 1528/4671/4671
f 1400/4672/4672 1509/4673/4673 1529/4674/4674
f 1432/4675/4675 1531/4676/4676 1530/4677/4677
f 1441/4678/4678 1507/4679/4679 1504/4680/4680
f 1532/4681/4681 1514/4682/4682 1515/4683/4683
f 1534/4684/4684 1533/4685/4685 1520/4686/4686
f 1519/4687/4687 1509/4688/4688 1521/4689/4689
f 1536/4690/4690 1524/4691/4691 1535/4692/4692
f 1537/4693/4693 1523/4694/4694 1524/4695/4695
f 1533/4696/4696 1528/4697/4697 1519/4698/4698
f 1509/4699/4699 1519/4700/4700 1528/4701/4701
f 1519/4702/4702 1520/4703/4703 1533/4704/4704
f 1521/4705/4705 1518/4706/4706 1519/4707/4707
f 1470/4708/4708 1538/4709/4709 1472/4710/4710
f 1490/4711/4711 1489/4712/4712 1539/4713/4713
f 1540/4714/4714 1470/4715/4715 1419/4716/4716
f 1491/4717/4717 1542/4718/4718 1541/4719/4719
f 1541/4720/4720 1480/4721/4721 1479/4722/4722
f 1491/4723/4723 1541/4724/4724 1479/4725/4725
f 1545/4726/4726 1544/4727/4727 1543/4728/4728
f 1455/4729/4729 1546/4730/4730 1454/4731/4731
f 1483/4732/4732 1547/4733/4733 1492/4734/4734
f 1487/4735/4735 1454/4736/4736 1546/4737/4737
f 1548/4738/4738 1538/4739/4739 1470/4740/4740
f 1548/4741/4741 1540/4742/4742 1549/4743/4743
f 1470/4744/4744 1540/4745/4745 1548/4746/4746
f 1552/4747/4747 1551/4748/4748 1550/4749/4749
f 1520/4750/4750 1518/4751/4751 1553/4752/4752
f 1487/4753/4753 1546/4754/4754 1554/4755/4755
f 1557/4756/4756 1556/4757/4757 1555/4758/4758
f 1491/4759/4759 1490/4760/4760 1542/4761/4761
f 1559/4762/4762 1555/4763/4763 1558/4764/4764
f 1550/4765/4765 1551/4766/4766 1555/4767/4767
f 1562/4768/4768 1561/4769/4769 1560/4770/4770
f 1541/4771/4771 1458/4772/4772 1480/4773/4773
f 1483/4774/4774 1457/4775/4775 1547/4776/4776
f 1563/4777/4777 1457/4778/4778 1458/4779/4779
f 1544/4780/4780 1563/4781/4781 1458/4782/4782
f 1543/4783/4783 1556/4784/4784 1546/4785/4785
f 1455/4786/4786 1543/4787/4787 1546/4788/4788
f 1544/4789/4789 1558/4790/4790 1543/4791/4791
f 1481/4792/4792 1564/4793/4793 1545/4794/4794
f 1490/4795/4795 1539/4796/4796 1542/4797/4797
f 1532/4798/4798 1515/4799/4799 1565/4800/4800
f 1534/4801/4801 1520/4802/4802 1557/4803/4803
f 1553/4804/4804 1554/4805/4805 1546/4806/4806
f 1567/4807/4807 1566/4808/4808 1560/4809/4809
f 1568/4810/4810 1560/4811/4811 1561/4812/4812
f 1557/4813/4813 1553/4814/4814 1556/4815/4815
f 1543/4816/4816 1558/4817/4817 1556/4818/4818
f 1558/4819/4819 1555/4820/4820 1556/4821/4821
f 1546/4822/4822 1556/4823/4823 1553/4824/4824
f 1551/4825/4825 1557/4826/4826 1555/4827/4827
f 1557/4828/4828 1551/4829/4829 1534/4830/4830
f 1553/4831/4831 1557/4832/4832 1520/4833/4833
f 1554/4834/4834 1553/4835/4835 1518/4836/4836
f 194/4837/4837 260/4838/4838 31/4839/4839
f 1569/4840/4840 31/4841/4841 260/4842/4842
f 545/4843/4843 551/4844/4844 560/4845/4845
f 552/4846/4846 560/4847/4847 551/4848/4848
f 1571/4849/4849 1570/4850/4850 605/4851/4851
f 56/4852/4852 374/4853/4853 58/4854/4854
f 378/4855/4855 58/4856/4856 374/4857/4857
f 51/4858/4858 830/4859/4859 1572/4860/4860
f 843/4861/4861 841/4862/4862 844/4863/4863
f 1575/4864/4864 1574/4865/4865 1573/4866/4866
f 1577/4867/4867 1576/4868/4868 693/4869/4869
f 828/4870/4870 819/4871/4871 821/4872/4872
f 715/4873/4873 719/4874/4874 720/4875/4875
f 736/4876/4876 850/4877/4877 776/4878/4878
f 690/4879/4879 734/4880/4880 831/4881/4881
f 737/4882/4882 739/4883/4883 736/4884/4884
f 709/4885/4885 710/4886/4886 733/4887/4887
f 692/4888/4888 690/4889/4889 733/4890/4890
f 1578/4891/4891 708/4892/4892 709/4893/4893
f 1578/4894/4894 740/4895/4895 708/4896/4896
f 1576/4897/4897 45/4898/4898 693/4899/4899
f 32/4900/4900 33/4901/4901 1579/4902/4902
f 1581/4903/4903 540/4904/4904 1580/4905/4905
f 541/4906/4906 1580/4907/4907 540/4908/4908
f 194/4909/4909 31/4910/4910 236/4911/4911
f 246/4912/4912 236/4913/4913 31/4914/4914
f 597/4915/4915 575/4916/4916 596/4917/4917
f 576/4918/4918 596/4919/4919 575/4920/4920
f 402/4921/4921 1582/4922/4922 388/4923/4923
f 1585/4924/4924 1584/4925/4925 1583/4926/4926
f 1588/4927/4927 1587/4928/4928 1586/4929/4929
f 1590/4930/4930 1586/4931/4931 1589/4932/4932
f 1587/4933/4933 1589/4934/4934 1586/4935/4935
f 390/4936/4936 388/4937/4937 1583/4938/4938
f 1582/4939/4939 1583/4940/4940 388/4941/4941
f 1592/4942/4942 1591/4943/4943 1584/4944/4944
f 1583/4945/4945 1584/4946/4946 1591/4947/4947
f 575/4948/4948 597/4949/4949 1593/4950/4950
f 1596/4951/4951 1595/4952/4952 1594/4953/4953
f 587/4954/4954 1597/4955/4955 597/4956/4956
f 1593/4957/4957 597/4958/4958 1597/4959/4959
f 1599/4960/4960 1598/4961/4961 1595/4962/4962
f 1594/4963/4963 1595/4964/4964 1598/4965/4965
f 1600/4966/4966 1597/4967/4967 60/4968/4968
f 59/4969/4969 60/4970/4970 1597/4971/4971
f 29/4972/4972 1601/4973/4973 245/4974/4974
f 243/4975/4975 29/4976/4976 245/4977/4977
f 1604/4978/4978 1603/4979/4979 1602/4980/4980
f 33/4981/4981 1604/4982/4982 1602/4983/4983
f 34/4984/4984 1606/4985/4985 1605/4986/4986
f 1607/4987/4987 34/4988/4988 1605/4989/4989
f 242/4990/4990 1606/4991/4991 1608/4992/4992
f 367/4993/4993 242/4994/4994 1608/4995/4995
f 1609/4996/4996 37/4997/4997 35/4998/4998
f 1610/4999/4999 1609/5000/5000 35/5001/5001
f 1611/5002/5002 1605/5003/5003 1606/5004/5004
f 242/5005/5005 1611/5006/5006 1606/5007/5007
f 34/5008/5008 1607/5009/5009 1604/5010/5010
f 33/5011/5011 34/5012/5012 1604/5013/5013
f 368/5014/5014 1608/5015/5015 1606/5016/5016
f 34/5017/5017 368/5018/5018 1606/5019/5019
f 1614/5020/5020 1613/5021/5021 1612/5022/5022
f 1615/5023/5023 1614/5024/5024 1612/5025/5025
f 1616/5026/5026 373/5027/5027 56/5028/5028
f 1617/5029/5029 1616/5030/5030 56/5031/5031
f 390/5032/5032 1583/5033/5033 1591/5034/5034
f 399/5035/5035 390/5036/5036 1591/5037/5037
f 1620/5038/5038 1619/5039/5039 1618/5040/5040
f 1621/5041/5041 1620/5042/5042 1618/5043/5043
f 1624/5044/5044 1623/5045/5045 1622/5046/5046
f 1625/5047/5047 1624/5048/5048 1622/5049/5049
f 1627/5050/5050 1622/5051/5051 1626/5052/5052
f 1628/5053/5053 1627/5054/5054 1626/5055/5055
f 1625/5056/5056 1622/5057/5057 1627/5058/5058
f 1629/5059/5059 1625/5060/5060 1627/5061/5061
f 1632/5062/5062 1631/5063/5063 1630/5064/5064
f 1633/5065/5065 1632/5066/5066 1630/5067/5067
f 1636/5068/5068 1635/5069/5069 1634/5070/5070
f 1637/5071/5071 1636/5072/5072 1634/5073/5073
f 1640/5074/5074 1639/5075/5075 1638/5076/5076
f 1641/5077/5077 1640/5078/5078 1638/5079/5079
f 1632/5080/5080 1642/5081/5081 1638/5082/5082
f 1631/5083/5083 1632/5084/5084 1638/5085/5085
f 1631/5086/5086 1638/5087/5087 1639/5088/5088
f 1643/5089/5089 1631/5090/5090 1639/5091/5091
f 1624/5092/5092 1645/5093/5093 1644/5094/5094
f 1646/5095/5095 1624/5096/5096 1644/5097/5097
f 1642/5098/5098 1647/5099/5099 1641/5100/5100
f 1638/5101/5101 1642/5102/5102 1641/5103/5103
f 102/5104/5104 1648/5105/5105 1647/5106/5106
f 103/5107/5107 102/5108/5108 1647/5109/5109
f 1650/5110/5110 1649/5111/5111 1642/5112/5112
f 1632/5113/5113 1650/5114/5114 1642/5115/5115
f 1649/5116/5116 103/5117/5117 1647/5118/5118
f 1642/5119/5119 1649/5120/5120 1647/5121/5121
f 1650/5122/5122 1632/5123/5123 1633/5124/5124
f 1651/5125/5125 1650/5126/5126 1633/5127/5127
f 1625/5128/5128 1652/5129/5129 1645/5130/5130
f 1624/5131/5131 1625/5132/5132 1645/5133/5133
f 1652/5134/5134 1625/5135/5135 1629/5136/5136
f 1653/5137/5137 1652/5138/5138 1629/5139/5139
f 1644/5140/5140 1655/5141/5141 1654/5142/5142
f 1646/5143/5143 1644/5144/5144 1654/5145/5145
f 1648/5146/5146 1656/5147/5147 1635/5148/5148
f 1636/5149/5149 1648/5150/5150 1635/5151/5151
f 1658/5152/5152 1657/5153/5153 1626/5154/5154
f 1659/5155/5155 1658/5156/5156 1626/5157/5157
f 1648/5158/5158 102/5159/5159 1660/5160/5160
f 1656/5161/5161 1648/5162/5162 1660/5163/5163
f 1646/5164/5164 1661/5165/5165 1623/5166/5166
f 1624/5167/5167 1646/5168/5168 1623/5169/5169
f 1663/5170/5170 1662/5171/5171 1654/5172/5172
f 1664/5173/5173 1663/5174/5174 1654/5175/5175
f 1658/5176/5176 1659/5177/5177 1621/5178/5178
f 1618/5179/5179 1658/5180/5180 1621/5181/5181
f 1628/5182/5182 1626/5183/5183 1657/5184/5184
f 1665/5185/5185 1628/5186/5186 1657/5187/5187
f 1630/5188/5188 1631/5189/5189 1643/5190/5190
f 1666/5191/5191 1630/5192/5192 1643/5193/5193
f 1662/5194/5194 1620/5195/5195 1621/5196/5196
f 1661/5197/5197 1662/5198/5198 1621/5199/5199
f 1621/5200/5200 1659/5201/5201 1623/5202/5202
f 1661/5203/5203 1621/5204/5204 1623/5205/5205
f 1647/5206/5206 1648/5207/5207 1636/5208/5208
f 1641/5209/5209 1647/5210/5210 1636/5211/5211
f 1622/5212/5212 1623/5213/5213 1659/5214/5214
f 1626/5215/5215 1622/5216/5216 1659/5217/5217
f 1635/5218/5218 1630/5219/5219 1666/5220/5220
f 1634/5221/5221 1635/5222/5222 1666/5223/5223
f 1656/5224/5224 1633/5225/5225 1630/5226/5226
f 1635/5227/5227 1656/5228/5228 1630/5229/5229
f 1660/5230/5230 1651/5231/5231 1633/5232/5232
f 1656/5233/5233 1660/5234/5234 1633/5235/5235
f 1654/5236/5236 1655/5237/5237 1667/5238/5238
f 1664/5239/5239 1654/5240/5240 1667/5241/5241
f 1654/5242/5242 1662/5243/5243 1661/5244/5244
f 1646/5245/5245 1654/5246/5246 1661/5247/5247
f 1620/5248/5248 1662/5249/5249 1663/5250/5250
f 1668/5251/5251 1620/5252/5252 1663/5253/5253
f 1620/5254/5254 1668/5255/5255 1669/5256/5256
f 1619/5257/5257 1620/5258/5258 1669/5259/5259
f 1672/5260/5260 1671/5261/5261 1670/5262/5262
f 1673/5263/5263 1672/5264/5264 1670/5265/5265
f 1676/5266/5266 1675/5267/5267 1674/5268/5268
f 1677/5269/5269 1676/5270/5270 1674/5271/5271
f 1679/5272/5272 1678/5273/5273 1675/5274/5274
f 1680/5275/5275 1679/5276/5276 1675/5277/5277
f 1681/5278/5278 1680/5279/5279 1675/5280/5280
f 1676/5281/5281 1681/5282/5282 1675/5283/5283
f 1684/5284/5284 1683/5285/5285 1682/5286/5286
f 1685/5287/5287 1684/5288/5288 1682/5289/5289
f 1687/5290/5290 1686/5291/5291 1684/5292/5292
f 1685/5293/5293 1687/5294/5294 1684/5295/5295
f 1687/5296/5296 1689/5297/5297 1688/5298/5298
f 1686/5299/5299 1687/5300/5300 1688/5301/5301
f 1691/5302/5302 1689/5303/5303 1690/5304/5304
f 1692/5305/5305 1691/5306/5306 1690/5307/5307
f 1693/5308/5308 1688/5309/5309 1689/5310/5310
f 1691/5311/5311 1693/5312/5312 1689/5313/5313
f 1695/5314/5314 1694/5315/5315 1680/5316/5316
f 1681/5317/5317 1695/5318/5318 1680/5319/5319
f 1679/5320/5320 1680/5321/5321 1694/5322/5322
f 1696/5323/5323 1679/5324/5324 1694/5325/5325
f 1697/5326/5326 1679/5327/5327 1696/5328/5328
f 1698/5329/5329 1697/5330/5330 1696/5331/5331
f 1689/5332/5332 1687/5333/5333 1699/5334/5334
f 1690/5335/5335 1689/5336/5336 1699/5337/5337
f 1701/5338/5338 1699/5339/5339 1700/5340/5340
f 1702/5341/5341 1701/5342/5342 1700/5343/5343
f 1692/5344/5344 1690/5345/5345 1703/5346/5346
f 146/5347/5347 1692/5348/5348 1703/5349/5349
f 1690/5350/5350 1699/5351/5351 1701/5352/5352
f 1703/5353/5353 1690/5354/5354 1701/5355/5355
f 143/5356/5356 1704/5357/5357 1692/5358/5358
f 146/5359/5359 143/5360/5360 1692/5361/5361
f 1677/5362/5362 1706/5363/5363 1705/5364/5364
f 1676/5365/5365 1677/5366/5366 1705/5367/5367
f 1707/5368/5368 1681/5369/5369 1676/5370/5370
f 1705/5371/5371 1707/5372/5372 1676/5373/5373
f 1681/5374/5374 1707/5375/5375 1708/5376/5376
f 1695/5377/5377 1681/5378/5378 1708/5379/5379
f 1711/5380/5380 1710/5381/5381 1709/5382/5382
f 1712/5383/5383 1711/5384/5384 1709/5385/5385
f 1685/5386/5386 1682/5387/5387 1713/5388/5388
f 1700/5389/5389 1685/5390/5390 1713/5391/5391
f 1715/5392/5392 1678/5393/5393 1714/5394/5394
f 1716/5395/5395 1715/5396/5396 1714/5397/5397
f 1713/5398/5398 1717/5399/5399 1702/5400/5400
f 1700/5401/5401 1713/5402/5402 1702/5403/5403
f 1695/5404/5404 1710/5405/5405 1718/5406/5406
f 1694/5407/5407 1695/5408/5408 1718/5409/5409
f 1697/5410/5410 1714/5411/5411 1678/5412/5412
f 1679/5413/5413 1697/5414/5414 1678/5415/5415
f 1719/5416/5416 1672/5417/5417 1673/5418/5418
f 1718/5419/5419 1719/5420/5420 1673/5421/5421
f 1687/5422/5422 1685/5423/5423 1700/5424/5424
f 1699/5425/5425 1687/5426/5426 1700/5427/5427
f 1678/5428/5428 1715/5429/5429 1674/5430/5430
f 1675/5431/5431 1678/5432/5432 1674/5433/5433
f 1683/5434/5434 1721/5435/5435 1720/5436/5436
f 1682/5437/5437 1683/5438/5438 1720/5439/5439
f 1682/5440/5440 1720/5441/5441 1704/5442/5442
f 1713/5443/5443 1682/5444/5444 1704/5445/5445
f 1713/5446/5446 1704/5447/5447 143/5448/5448
f 1717/5449/5449 1713/5450/5450 143/5451/5451
f 1695/5452/5452 1708/5453/5453 1709/5454/5454
f 1710/5455/5455 1695/5456/5456 1709/5457/5457
f 1711/5458/5458 1719/5459/5459 1718/5460/5460
f 1710/5461/5461 1711/5462/5462 1718/5463/5463
f 1696/5464/5464 1694/5465/5465 1718/5466/5466
f 1673/5467/5467 1696/5468/5468 1718/5469/5469
f 1670/5470/5470 1698/5471/5471 1696/5472/5472
f 1673/5473/5473 1670/5474/5474 1696/5475/5475
f 104/5476/5476 83/5477/5477 96/5478/5478
f 1722/5479/5479 104/5480/5480 96/5481/5481
f 97/5482/5482 93/5483/5483 65/5484/5484
f 66/5485/5485 97/5486/5486 65/5487/5487
f 63/5488/5488 1724/5489/5489 1723/5490/5490
f 62/5491/5491 63/5492/5492 1723/5493/5493
f 68/5494/5494 100/5495/5495 1725/5496/5496
f 65/5497/5497 68/5498/5498 1725/5499/5499
f 100/5500/5500 75/5501/5501 1726/5502/5502
f 1725/5503/5503 100/5504/5504 1726/5505/5505
f 95/5506/5506 83/5507/5507 84/5508/5508
f 68/5509/5509 95/5510/5510 84/5511/5511
f 65/5512/5512 93/5513/5513 95/5514/5514
f 68/5515/5515 65/5516/5516 95/5517/5517
f 1726/5518/5518 75/5519/5519 80/5520/5520
f 81/5521/5521 1726/5522/5522 80/5523/5523
f 63/5524/5524 84/5525/5525 82/5526/5526
f 1724/5527/5527 63/5528/5528 82/5529/5529
f 86/5530/5530 62/5531/5531 1723/5532/5532
f 1727/5533/5533 86/5534/5534 1723/5535/5535
f 1724/5536/5536 82/5537/5537 66/5538/5538
f 67/5539/5539 1724/5540/5540 66/5541/5541
f 1723/5542/5542 1729/5543/5543 1728/5544/5544
f 1727/5545/5545 1723/5546/5546 1728/5547/5547
f 1722/5548/5548 96/5549/5549 94/5550/5550
f 92/5551/5551 1722/5552/5552 94/5553/5553
f 72/5554/5554 91/5555/5555 1730/5556/5556
f 71/5557/5557 72/5558/5558 1730/5559/5559
f 1730/5560/5560 1660/5561/5561 102/5562/5562
f 71/5563/5563 1730/5564/5564 102/5565/5565
f 104/5566/5566 1722/5567/5567 92/5568/5568
f 97/5569/5569 104/5570/5570 92/5571/5571
f 1731/5572/5572 140/5573/5573 128/5574/5574
f 147/5575/5575 1731/5576/5576 128/5577/5577
f 109/5578/5578 110/5579/5579 137/5580/5580
f 142/5581/5581 109/5582/5582 137/5583/5583
f 110/5584/5584 117/5585/5585 1732/5586/5586
f 112/5587/5587 110/5588/5588 1732/5589/5589
f 117/5590/5590 118/5591/5591 1733/5592/5592
f 1732/5593/5593 117/5594/5594 1733/5595/5595
f 112/5596/5596 130/5597/5597 128/5598/5598
f 141/5599/5599 112/5600/5600 128/5601/5601
f 112/5602/5602 141/5603/5603 137/5604/5604
f 110/5605/5605 112/5606/5606 137/5607/5607
f 127/5608/5608 125/5609/5609 1733/5610/5610
f 118/5611/5611 127/5612/5612 1733/5613/5613
f 114/5614/5614 115/5615/5615 145/5616/5616
f 1734/5617/5617 114/5618/5618 145/5619/5619
f 1735/5620/5620 129/5621/5621 130/5622/5622
f 113/5623/5623 1735/5624/5624 130/5625/5625
f 1738/5626/5626 1737/5627/5627 1736/5628/5628
f 1739/5629/5629 1738/5630/5630 1736/5631/5631
f 105/5632/5632 109/5633/5633 129/5634/5634
f 1735/5635/5635 105/5636/5636 129/5637/5637
f 1738/5638/5638 108/5639/5639 107/5640/5640
f 1737/5641/5641 1738/5642/5642 107/5643/5643
f 138/5644/5644 139/5645/5645 140/5646/5646
f 1731/5647/5647 138/5648/5648 140/5649/5649
f 1734/5650/5650 1717/5651/5651 143/5652/5652
f 114/5653/5653 1734/5654/5654 143/5655/5655
f 142/5656/5656 138/5657/5657 1731/5658/5658
f 147/5659/5659 142/5660/5660 1731/5661/5661
f 191/5662/5662 165/5663/5663 152/5664/5664
f 1740/5665/5665 191/5666/5666 152/5667/5667
f 1743/5668/5668 1742/5669/5669 1741/5670/5670
f 1744/5671/5671 1743/5672/5672 1741/5673/5673
f 1745/5674/5674 1743/5675/5675 1744/5676/5676
f 182/5677/5677 1745/5678/5678 1744/5679/5679
f 166/5680/5680 174/5681/5681 1746/5682/5682
f 1747/5683/5683 166/5684/5684 1746/5685/5685
f 169/5686/5686 184/5687/5687 183/5688/5688
f 187/5689/5689 169/5690/5690 183/5691/5691
f 168/5692/5692 1749/5693/5693 1748/5694/5694
f 180/5695/5695 168/5696/5696 1748/5697/5697
f 1741/5698/5698 1742/5699/5699 186/5700/5700
f 185/5701/5701 1741/5702/5702 186/5703/5703
f 1747/5704/5704 1749/5705/5705 168/5706/5706
f 166/5707/5707 1747/5708/5708 168/5709/5709
f 1752/5710/5710 1751/5711/5711 1750/5712/5712
f 1753/5713/5713 1752/5714/5714 1750/5715/5715
f 1752/5716/5716 1753/5717/5717 1754/5718/5718
f 1755/5719/5719 1752/5720/5720 1754/5721/5721
f 1740/5722/5722 198/5723/5723 211/5724/5724
f 191/5725/5725 1740/5726/5726 211/5727/5727
f 231/5728/5728 228/5729/5729 1756/5730/5730
f 1743/5731/5731 231/5732/5732 1756/5733/5733
f 215/5734/5734 227/5735/5735 228/5736/5736
f 231/5737/5737 215/5738/5738 228/5739/5739
f 225/5740/5740 231/5741/5741 1743/5742/5742
f 1745/5743/5743 225/5744/5744 1743/5745/5745
f 1750/5746/5746 220/5747/5747 207/5748/5748
f 213/5749/5749 1750/5750/5750 207/5751/5751
f 230/5752/5752 226/5753/5753 227/5754/5754
f 216/5755/5755 230/5756/5756 227/5757/5757
f 220/5758/5758 1750/5759/5759 1751/5760/5760
f 159/5761/5761 220/5762/5762 1751/5763/5763
f 223/5764/5764 1754/5765/5765 1753/5766/5766
f 214/5767/5767 223/5768/5768 1753/5769/5769
f 205/5770/5770 158/5771/5771 1756/5772/5772
f 228/5773/5773 205/5774/5774 1756/5775/5775
f 213/5776/5776 214/5777/5777 1753/5778/5778
f 1750/5779/5779 213/5780/5780 1753/5781/5781
f 1759/5782/5782 1758/5783/5783 1757/5784/5784
f 1760/5785/5785 1759/5786/5786 1757/5787/5787
f 1760/5788/5788 1757/5789/5789 1761/5790/5790
f 1762/5791/5791 1760/5792/5792 1761/5793/5793
f 209/5794/5794 1764/5795/5795 1763/5796/5796
f 201/5797/5797 209/5798/5798 1763/5799/5799
f 1767/5800/5800 1766/5801/5801 1765/5802/5802
f 257/5803/5803 1767/5804/5804 1765/5805/5805
f 1768/5806/5806 256/5807/5807 254/5808/5808
f 1769/5809/5809 1768/5810/5810 254/5811/5811
f 248/5812/5812 30/5813/5813 250/5814/5814
f 239/5815/5815 248/5816/5816 250/5817/5817
f 1772/5818/5818 1771/5819/5819 1770/5820/5820
f 1773/5821/5821 1772/5822/5822 1770/5823/5823
f 1765/5824/5824 1757/5825/5825 1758/5826/5826
f 1774/5827/5827 1765/5828/5828 1758/5829/5829
f 1770/5830/5830 1763/5831/5831 1764/5832/5832
f 1773/5833/5833 1770/5834/5834 1764/5835/5835
f 211/5836/5836 252/5837/5837 250/5838/5838
f 233/5839/5839 211/5840/5840 250/5841/5841
f 30/5842/5842 248/5843/5843 1601/5844/5844
f 29/5845/5845 30/5846/5846 1601/5847/5847
f 194/5848/5848 235/5849/5849 1775/5850/5850
f 234/5851/5851 194/5852/5852 1775/5853/5853
f 234/5854/5854 1775/5855/5855 1776/5856/5856
f 196/5857/5857 234/5858/5858 1776/5859/5859
f 1764/5860/5860 1776/5861/5861 1768/5862/5862
f 1773/5863/5863 1764/5864/5864 1768/5865/5865
f 1757/5866/5866 1765/5867/5867 1766/5868/5868
f 1761/5869/5869 1757/5870/5870 1766/5871/5871
f 1762/5872/5872 1778/5873/5873 1777/5874/5874
f 1760/5875/5875 1762/5876/5876 1777/5877/5877
f 1769/5878/5878 1772/5879/5879 1773/5880/5880
f 1768/5881/5881 1769/5882/5882 1773/5883/5883
f 1774/5884/5884 251/5885/5885 257/5886/5886
f 1765/5887/5887 1774/5888/5888 257/5889/5889
f 244/5890/5890 245/5891/5891 1767/5892/5892
f 257/5893/5893 244/5894/5894 1767/5895/5895
f 238/5896/5896 1779/5897/5897 1763/5898/5898
f 1770/5899/5899 238/5900/5900 1763/5901/5901
f 199/5902/5902 1779/5903/5903 252/5904/5904
f 211/5905/5905 199/5906/5906 252/5907/5907
f 201/5908/5908 1763/5909/5909 1779/5910/5910
f 199/5911/5911 201/5912/5912 1779/5913/5913
f 252/5914/5914 1779/5915/5915 238/5916/5916
f 239/5917/5917 252/5918/5918 238/5919/5919
f 238/5920/5920 1770/5921/5921 1771/5922/5922
f 237/5923/5923 238/5924/5924 1771/5925/5925
f 1780/5926/5926 1759/5927/5927 1760/5928/5928
f 1777/5929/5929 1780/5930/5930 1760/5931/5931
f 256/5932/5932 1768/5933/5933 1776/5934/5934
f 1775/5935/5935 256/5936/5936 1776/5937/5937
f 209/5938/5938 196/5939/5939 1776/5940/5940
f 1764/5941/5941 209/5942/5942 1776/5943/5943
f 31/5944/5944 29/5945/5945 243/5946/5946
f 246/5947/5947 31/5948/5948 243/5949/5949
f 255/5950/5950 256/5951/5951 1775/5952/5952
f 235/5953/5953 255/5954/5954 1775/5955/5955
f 1783/5956/5956 1782/5957/5957 1781/5958/5958
f 1784/5959/5959 1783/5960/5960 1781/5961/5961
f 1569/5962/5962 260/5963/5963 258/5964/5964
f 267/5965/5965 1569/5966/5966 258/5967/5967
f 1786/5968/5968 1785/5969/5969 1781/5970/5970
f 1787/5971/5971 1786/5972/5972 1781/5973/5973
f 1790/5974/5974 1789/5975/5975 1788/5976/5976
f 1784/5977/5977 1790/5978/5978 1788/5979/5979
f 270/5980/5980 272/5981/5981 1791/5982/5982
f 269/5983/5983 270/5984/5984 1791/5985/5985
f 1787/5986/5986 1781/5987/5987 1782/5988/5988
f 1792/5989/5989 1787/5990/5990 1782/5991/5991
f 1795/5992/5992 1794/5993/5993 1793/5994/5994
f 1796/5995/5995 1795/5996/5996 1793/5997/5997
f 148/5998/5998 1798/5999/5999 1797/6000/6000
f 193/6001/6001 148/6002/6002 1797/6003/6003
f 1795/6004/6004 1799/6005/6005 1798/6006/6006
f 1794/6007/6007 1795/6008/6008 1798/6009/6009
f 1784/6010/6010 1781/6011/6011 1785/6012/6012
f 1790/6013/6013 1784/6014/6014 1785/6015/6015
f 1787/6016/6016 271/6017/6017 266/6018/6018
f 1786/6019/6019 1787/6020/6020 266/6021/6021
f 1792/6022/6022 274/6023/6023 271/6024/6024
f 1787/6025/6025 1792/6026/6026 271/6027/6027
f 1796/6028/6028 1793/6029/6029 1800/6030/6030
f 1801/6031/6031 1796/6032/6032 1800/6033/6033
f 270/6034/6034 1801/6035/6035 1800/6036/6036
f 273/6037/6037 270/6038/6038 1800/6039/6039
f 1802/6040/6040 1783/6041/6041 1784/6042/6042
f 1788/6043/6043 1802/6044/6044 1784/6045/6045
f 1797/6046/6046 1798/6047/6047 1799/6048/6048
f 1803/6049/6049 1797/6050/6050 1799/6051/6051
f 1794/6052/6052 1798/6053/6053 148/6054/6054
f 162/6055/6055 1794/6056/6056 148/6057/6057
f 1804/6058/6058 293/6059/6059 302/6060/6060
f 1805/6061/6061 1804/6062/6062 302/6063/6063
f 1805/6064/6064 302/6065/6065 301/6066/6066
f 1806/6067/6067 1805/6068/6068 301/6069/6069
f 1806/6070/6070 301/6071/6071 300/6072/6072
f 1807/6073/6073 1806/6074/6074 300/6075/6075
f 1807/6076/6076 300/6077/6077 299/6078/6078
f 1808/6079/6079 1807/6080/6080 299/6081/6081
f 1808/6082/6082 299/6083/6083 298/6084/6084
f 1809/6085/6085 1808/6086/6086 298/6087/6087
f 1809/6088/6088 298/6089/6089 297/6090/6090
f 1810/6091/6091 1809/6092/6092 297/6093/6093
f 1810/6094/6094 297/6095/6095 296/6096/6096
f 1811/6097/6097 1810/6098/6098 296/6099/6099
f 1811/6100/6100 296/6101/6101 295/6102/6102
f 1812/6103/6103 1811/6104/6104 295/6105/6105
f 1812/6106/6106 295/6107/6107 292/6108/6108
f 1813/6109/6109 1812/6110/6110 292/6111/6111
f 1813/6112/6112 292/6113/6113 293/6114/6114
f 1804/6115/6115 1813/6116/6116 293/6117/6117
f 290/6118/6118 1804/6119/6119 1805/6120/6120
f 289/6121/6121 290/6122/6122 1805/6123/6123
f 289/6124/6124 1805/6125/6125 1806/6126/6126
f 287/6127/6127 289/6128/6128 1806/6129/6129
f 287/6130/6130 1806/6131/6131 1807/6132/6132
f 285/6133/6133 287/6134/6134 1807/6135/6135
f 285/6136/6136 1807/6137/6137 1808/6138/6138
f 283/6139/6139 285/6140/6140 1808/6141/6141
f 283/6142/6142 1808/6143/6143 1809/6144/6144
f 282/6145/6145 283/6146/6146 1809/6147/6147
f 282/6148/6148 1809/6149/6149 1810/6150/6150
f 280/6151/6151 282/6152/6152 1810/6153/6153
f 280/6154/6154 1810/6155/6155 1811/6156/6156
f 278/6157/6157 280/6158/6158 1811/6159/6159
f 278/6160/6160 1811/6161/6161 1812/6162/6162
f 276/6163/6163 278/6164/6164 1812/6165/6165
f 276/6166/6166 1812/6167/6167 1813/6168/6168
f 275/6169/6169 276/6170/6170 1813/6171/6171
f 275/6172/6172 1813/6173/6173 1804/6174/6174
f 290/6175/6175 275/6176/6176 1804/6177/6177
f 1611/6178/6178 242/6179/6179 240/6180/6180
f 1814/6181/6181 1611/6182/6182 240/6183/6183
f 167/6184/6184 1815/6185/6185 370/6186/6186
f 173/6187/6187 167/6188/6188 370/6189/6189
f 181/6190/6190 369/6191/6191 1815/6192/6192
f 167/6193/6193 181/6194/6194 1815/6195/6195
f 169/6196/6196 1816/6197/6197 372/6198/6198
f 171/6199/6199 169/6200/6200 372/6201/6201
f 169/6202/6202 187/6203/6203 371/6204/6204
f 1816/6205/6205 169/6206/6206 371/6207/6207
f 1761/6208/6208 1766/6209/6209 1778/6210/6210
f 1762/6211/6211 1761/6212/6212 1778/6213/6213
f 262/6214/6214 1817/6215/6215 31/6216/6216
f 1569/6217/6217 262/6218/6218 31/6219/6219
f 263/6220/6220 1818/6221/6221 1817/6222/6222
f 262/6223/6223 263/6224/6224 1817/6225/6225
f 248/6226/6226 249/6227/6227 1819/6228/6228
f 1601/6229/6229 248/6230/6230 1819/6231/6231
f 1821/6232/6232 1820/6233/6233 1604/6234/6234
f 1607/6235/6235 1821/6236/6236 1604/6237/6237
f 1822/6238/6238 1603/6239/6239 1604/6240/6240
f 1820/6241/6241 1822/6242/6242 1604/6243/6243
f 1814/6244/6244 1824/6245/6245 1823/6246/6246
f 1611/6247/6247 1814/6248/6248 1823/6249/6249
f 1821/6250/6250 1607/6251/6251 1605/6252/6252
f 1825/6253/6253 1821/6254/6254 1605/6255/6255
f 1827/6256/6256 1826/6257/6257 1818/6258/6258
f 263/6259/6259 1827/6260/6260 1818/6261/6261
f 1816/6262/6262 1822/6263/6263 1820/6264/6264
f 372/6265/6265 1816/6266/6266 1820/6267/6267
f 372/6268/6268 1820/6269/6269 1821/6270/6270
f 369/6271/6271 372/6272/6272 1821/6273/6273
f 369/6274/6274 1821/6275/6275 1825/6276/6276
f 1815/6277/6277 369/6278/6278 1825/6279/6279
f 1815/6280/6280 1825/6281/6281 1823/6282/6282
f 370/6283/6283 1815/6284/6284 1823/6285/6285
f 370/6286/6286 1823/6287/6287 1824/6288/6288
f 371/6289/6289 370/6290/6290 1824/6291/6291
f 371/6292/6292 1824/6293/6293 1822/6294/6294
f 1816/6295/6295 371/6296/6296 1822/6297/6297
f 376/6298/6298 441/6299/6299 1828/6300/6300
f 1829/6301/6301 376/6302/6302 1828/6303/6303
f 1830/6304/6304 438/6305/6305 391/6306/6306
f 392/6307/6307 1830/6308/6308 391/6309/6309
f 441/6310/6310 377/6311/6311 382/6312/6312
f 380/6313/6313 441/6314/6314 382/6315/6315
f 1832/6316/6316 433/6317/6317 1831/6318/6318
f 1833/6319/6319 1832/6320/6320 1831/6321/6321
f 1834/6322/6322 374/6323/6323 373/6324/6324
f 1835/6325/6325 1834/6326/6326 373/6327/6327
f 1835/6328/6328 1837/6329/6329 1836/6330/6330
f 1834/6331/6331 1835/6332/6332 1836/6333/6333
f 1837/6334/6334 1839/6335/6335 1838/6336/6336
f 1836/6337/6337 1837/6338/6338 1838/6339/6339
f 422/6340/6340 423/6341/6341 426/6342/6342
f 400/6343/6343 422/6344/6344 426/6345/6345
f 375/6346/6346 440/6347/6347 382/6348/6348
f 377/6349/6349 375/6350/6350 382/6351/6351
f 1617/6352/6352 1841/6353/6353 1840/6354/6354
f 1616/6355/6355 1617/6356/6356 1840/6357/6357
f 1842/6358/6358 427/6359/6359 393/6360/6360
f 434/6361/6361 1842/6362/6362 393/6363/6363
f 392/6364/6364 1844/6365/6365 1843/6366/6366
f 1830/6367/6367 392/6368/6368 1843/6369/6369
f 1846/6370/6370 1845/6371/6371 1830/6372/6372
f 1843/6373/6373 1846/6374/6374 1830/6375/6375
f 1847/6376/6376 442/6377/6377 441/6378/6378
f 380/6379/6379 1847/6380/6380 441/6381/6381
f 373/6382/6382 1616/6383/6383 1848/6384/6384
f 418/6385/6385 373/6386/6386 1848/6387/6387
f 1616/6388/6388 1840/6389/6389 1849/6390/6390
f 1848/6391/6391 1616/6392/6392 1849/6393/6393
f 1850/6394/6394 1849/6395/6395 1840/6396/6396
f 1851/6397/6397 1850/6398/6398 1840/6399/6399
f 1853/6400/6400 1852/6401/6401 1591/6402/6402
f 1592/6403/6403 1853/6404/6404 1591/6405/6405
f 1854/6406/6406 436/6407/6407 414/6408/6408
f 384/6409/6409 1854/6410/6410 414/6411/6411
f 1843/6412/6412 1854/6413/6413 384/6414/6414
f 1846/6415/6415 1843/6416/6416 384/6417/6417
f 1855/6418/6418 1832/6419/6419 1833/6420/6420
f 1856/6421/6421 1855/6422/6422 1833/6423/6423
f 1585/6424/6424 1583/6425/6425 1582/6426/6426
f 1857/6427/6427 1585/6428/6428 1582/6429/6429
f 435/6430/6430 387/6431/6431 427/6432/6432
f 394/6433/6433 435/6434/6434 427/6435/6435
f 1841/6436/6436 1858/6437/6437 1851/6438/6438
f 1840/6439/6439 1841/6440/6440 1851/6441/6441
f 391/6442/6442 439/6443/6443 1828/6444/6444
f 434/6445/6445 391/6446/6446 1828/6447/6447
f 1845/6448/6448 1859/6449/6449 438/6450/6450
f 1830/6451/6451 1845/6452/6452 438/6453/6453
f 425/6454/6454 1852/6455/6455 1589/6456/6456
f 426/6457/6457 425/6458/6458 1589/6459/6459
f 1857/6460/6460 1582/6461/6461 1587/6462/6462
f 1588/6463/6463 1857/6464/6464 1587/6465/6465
f 426/6466/6466 1589/6467/6467 1587/6468/6468
f 400/6469/6469 426/6470/6470 1587/6471/6471
f 1842/6472/6472 404/6473/6473 389/6474/6474
f 427/6475/6475 1842/6476/6476 389/6477/6477
f 1860/6478/6478 373/6479/6479 418/6480/6480
f 419/6481/6481 1860/6482/6482 418/6483/6483
f 416/6484/6484 414/6485/6485 436/6486/6486
f 432/6487/6487 416/6488/6488 436/6489/6489
f 381/6490/6490 1861/6491/6491 1847/6492/6492
f 380/6493/6493 381/6494/6494 1847/6495/6495
f 1847/6496/6496 1861/6497/6497 381/6498/6498
f 440/6499/6499 1847/6500/6500 381/6501/6501
f 392/6502/6502 393/6503/6503 387/6504/6504
f 378/6505/6505 392/6506/6506 387/6507/6507
f 385/6508/6508 1862/6509/6509 1846/6510/6510
f 384/6511/6511 385/6512/6512 1846/6513/6513
f 437/6514/6514 383/6515/6515 384/6516/6516
f 414/6517/6517 437/6518/6518 384/6519/6519
f 429/6520/6520 430/6521/6521 1831/6522/6522
f 433/6523/6523 429/6524/6524 1831/6525/6525
f 376/6526/6526 1829/6527/6527 1863/6528/6528
f 375/6529/6529 376/6530/6530 1863/6531/6531
f 440/6532/6532 375/6533/6533 442/6534/6534
f 1847/6535/6535 440/6536/6536 442/6537/6537
f 434/6538/6538 1828/6539/6539 441/6540/6540
f 443/6541/6541 434/6542/6542 441/6543/6543
f 403/6544/6544 404/6545/6545 405/6546/6546
f 401/6547/6547 403/6548/6548 405/6549/6549
f 316/6550/6550 1865/6551/6551 1864/6552/6552
f 315/6553/6553 316/6554/6554 1864/6555/6555
f 315/6556/6556 1864/6557/6557 339/6558/6558
f 314/6559/6559 315/6560/6560 339/6561/6561
f 314/6562/6562 339/6563/6563 444/6564/6564
f 365/6565/6565 314/6566/6566 444/6567/6567
f 446/6568/6568 445/6569/6569 1865/6570/6570
f 316/6571/6571 446/6572/6572 1865/6573/6573
f 1866/6574/6574 474/6575/6575 464/6576/6576
f 1867/6577/6577 1866/6578/6578 464/6579/6579
f 1868/6580/6580 473/6581/6581 474/6582/6582
f 1866/6583/6583 1868/6584/6584 474/6585/6585
f 1869/6586/6586 472/6587/6587 473/6588/6588
f 1868/6589/6589 1869/6590/6590 473/6591/6591
f 1870/6592/6592 471/6593/6593 472/6594/6594
f 1869/6595/6595 1870/6596/6596 472/6597/6597
f 1871/6598/6598 470/6599/6599 471/6600/6600
f 1870/6601/6601 1871/6602/6602 471/6603/6603
f 1872/6604/6604 469/6605/6605 470/6606/6606
f 1871/6607/6607 1872/6608/6608 470/6609/6609
f 1873/6610/6610 468/6611/6611 469/6612/6612
f 1872/6613/6613 1873/6614/6614 469/6615/6615
f 1874/6616/6616 467/6617/6617 468/6618/6618
f 1873/6619/6619 1874/6620/6620 468/6621/6621
f 1875/6622/6622 465/6623/6623 467/6624/6624
f 1874/6625/6625 1875/6626/6626 467/6627/6627
f 1867/6628/6628 464/6629/6629 465/6630/6630
f 1875/6631/6631 1867/6632/6632 465/6633/6633
f 461/6634/6634 1866/6635/6635 1867/6636/6636
f 462/6637/6637 461/6638/6638 1867/6639/6639
f 459/6640/6640 1868/6641/6641 1866/6642/6642
f 461/6643/6643 459/6644/6644 1866/6645/6645
f 457/6646/6646 1869/6647/6647 1868/6648/6648
f 459/6649/6649 457/6650/6650 1868/6651/6651
f 455/6652/6652 1870/6653/6653 1869/6654/6654
f 457/6655/6655 455/6656/6656 1869/6657/6657
f 454/6658/6658 1871/6659/6659 1870/6660/6660
f 455/6661/6661 454/6662/6662 1870/6663/6663
f 452/6664/6664 1872/6665/6665 1871/6666/6666
f 454/6667/6667 452/6668/6668 1871/6669/6669
f 450/6670/6670 1873/6671/6671 1872/6672/6672
f 452/6673/6673 450/6674/6674 1872/6675/6675
f 447/6676/6676 1874/6677/6677 1873/6678/6678
f 450/6679/6679 447/6680/6680 1873/6681/6681
f 448/6682/6682 1875/6683/6683 1874/6684/6684
f 447/6685/6685 448/6686/6686 1874/6687/6687
f 462/6688/6688 1867/6689/6689 1875/6690/6690
f 448/6691/6691 462/6692/6692 1875/6693/6693
f 1615/6694/6694 1612/6695/6695 1826/6696/6696
f 1827/6697/6697 1615/6698/6698 1826/6699/6699
f 1876/6700/6700 1580/6701/6701 541/6702/6702
f 1877/6703/6703 1876/6704/6704 541/6705/6705
f 1878/6706/6706 37/6707/6707 1609/6708/6708
f 1879/6709/6709 1878/6710/6710 1609/6711/6711
f 218/6712/6712 538/6713/6713 1880/6714/6714
f 212/6715/6715 218/6716/6716 1880/6717/6717
f 212/6718/6718 1880/6719/6719 537/6720/6720
f 224/6721/6721 212/6722/6722 537/6723/6723
f 217/6724/6724 544/6725/6725 1881/6726/6726
f 216/6727/6727 217/6728/6728 1881/6729/6729
f 1881/6730/6730 543/6731/6731 230/6732/6732
f 216/6733/6733 1881/6734/6734 230/6735/6735
f 1882/6736/6736 35/6737/6737 38/6738/6738
f 1883/6739/6739 1882/6740/6740 38/6741/6741
f 37/6742/6742 1878/6743/6743 1884/6744/6744
f 39/6745/6745 37/6746/6746 1884/6747/6747
f 1878/6748/6748 541/6749/6749 542/6750/6750
f 1884/6751/6751 1878/6752/6752 542/6753/6753
f 1882/6754/6754 1883/6755/6755 1581/6756/6756
f 1580/6757/6757 1882/6758/6758 1581/6759/6759
f 1610/6760/6760 35/6761/6761 1882/6762/6762
f 1885/6763/6763 1610/6764/6764 1882/6765/6765
f 1885/6766/6766 1882/6767/6767 1580/6768/6768
f 1876/6769/6769 1885/6770/6770 1580/6771/6771
f 1886/6772/6772 1877/6773/6773 1879/6774/6774
f 1887/6775/6775 1886/6776/6776 1879/6777/6777
f 1609/6778/6778 1610/6779/6779 1888/6780/6780
f 1889/6781/6781 1609/6782/6782 1888/6783/6783
f 1888/6784/6784 1610/6785/6785 1885/6786/6786
f 1890/6787/6787 1888/6788/6788 1885/6789/6789
f 1885/6790/6790 1876/6791/6791 1891/6792/6792
f 1890/6793/6793 1885/6794/6794 1891/6795/6795
f 1876/6796/6796 1877/6797/6797 1886/6798/6798
f 1891/6799/6799 1876/6800/6800 1886/6801/6801
f 1887/6802/6802 1879/6803/6803 1609/6804/6804
f 1889/6805/6805 1887/6806/6806 1609/6807/6807
f 1879/6808/6808 1877/6809/6809 541/6810/6810
f 1878/6811/6811 1879/6812/6812 541/6813/6813
f 544/6814/6814 1888/6815/6815 1890/6816/6816
f 1881/6817/6817 544/6818/6818 1890/6819/6819
f 537/6820/6820 1889/6821/6821 1888/6822/6822
f 544/6823/6823 537/6824/6824 1888/6825/6825
f 1880/6826/6826 1887/6827/6827 1889/6828/6828
f 537/6829/6829 1880/6830/6830 1889/6831/6831
f 538/6832/6832 1886/6833/6833 1887/6834/6834
f 1880/6835/6835 538/6836/6836 1887/6837/6837
f 543/6838/6838 1891/6839/6839 1886/6840/6840
f 538/6841/6841 543/6842/6842 1886/6843/6843
f 1881/6844/6844 1890/6845/6845 1891/6846/6846
f 543/6847/6847 1881/6848/6848 1891/6849/6849
f 1893/6850/6850 546/6851/6851 1892/6852/6852
f 1894/6853/6853 1893/6854/6854 1892/6855/6855
f 55/6856/6856 53/6857/6857 578/6858/6858
f 1895/6859/6859 55/6860/6860 578/6861/6861
f 1892/6862/6862 1897/6863/6863 1896/6864/6864
f 1898/6865/6865 1892/6866/6866 1896/6867/6867
f 1901/6868/6868 1900/6869/6869 1899/6870/6870
f 1902/6871/6871 1901/6872/6872 1899/6873/6873
f 1903/6874/6874 606/6875/6875 607/6876/6876
f 1904/6877/6877 1903/6878/6878 607/6879/6879
f 557/6880/6880 558/6881/6881 550/6882/6882
f 610/6883/6883 557/6884/6884 550/6885/6885
f 1905/6886/6886 583/6887/6887 1902/6888/6888
f 1899/6889/6889 1905/6890/6890 1902/6891/6891
f 1906/6892/6892 590/6893/6893 553/6894/6894
f 1907/6895/6895 1906/6896/6896 553/6897/6897
f 577/6898/6898 567/6899/6899 594/6900/6900
f 592/6901/6901 577/6902/6902 594/6903/6903
f 550/6904/6904 558/6905/6905 609/6906/6906
f 549/6907/6907 550/6908/6908 609/6909/6909
f 1571/6910/6910 599/6911/6911 1908/6912/6912
f 1570/6913/6913 1571/6914/6914 1908/6915/6915
f 605/6916/6916 563/6917/6917 598/6918/6918
f 1571/6919/6919 605/6920/6920 598/6921/6921
f 1910/6922/6922 1909/6923/6923 546/6924/6924
f 1911/6925/6925 1910/6926/6926 546/6927/6927
f 557/6928/6928 610/6929/6929 555/6930/6930
f 1912/6931/6931 557/6932/6932 555/6933/6933
f 554/6934/6934 605/6935/6935 1570/6936/6936
f 549/6937/6937 554/6938/6938 1570/6939/6939
f 590/6940/6940 1906/6941/6941 1913/6942/6942
f 1897/6943/6943 590/6944/6944 1913/6945/6945
f 1906/6946/6946 1915/6947/6947 1914/6948/6948
f 1913/6949/6949 1906/6950/6950 1914/6951/6951
f 1906/6952/6952 1907/6953/6953 1916/6954/6954
f 1915/6955/6955 1906/6956/6956 1916/6957/6957
f 54/6958/6958 1914/6959/6959 1915/6960/6960
f 1895/6961/6961 54/6962/6962 1915/6963/6963
f 1895/6964/6964 1915/6965/6965 1916/6966/6966
f 55/6967/6967 1895/6968/6968 1916/6969/6969
f 1596/6970/6970 1594/6971/6971 1593/6972/6972
f 1917/6973/6973 1596/6974/6974 1593/6975/6975
f 1918/6976/6976 585/6977/6977 1904/6978/6978
f 607/6979/6979 1918/6980/6980 1904/6981/6981
f 1911/6982/6982 1918/6983/6983 607/6984/6984
f 1910/6985/6985 1911/6986/6986 607/6987/6987
f 1894/6988/6988 1905/6989/6989 1899/6990/6990
f 1893/6991/6991 1894/6992/6992 1899/6993/6993
f 598/6994/6994 595/6995/6995 599/6996/6996
f 1571/6997/6997 598/6998/6998 599/6999/6999
f 589/7000/7000 598/7001/7001 561/7002/7002
f 588/7003/7003 589/7004/7004 561/7005/7005
f 1899/7006/7006 1900/7007/7007 1919/7008/7008
f 1893/7009/7009 1899/7010/7010 1919/7011/7011
f 1922/7012/7012 1921/7013/7013 1920/7014/7014
f 1923/7015/7015 1922/7016/7016 1920/7017/7017
f 1925/7018/7018 1924/7019/7019 1920/7020/7020
f 1921/7021/7021 1925/7022/7022 1920/7023/7023
f 1896/7024/7024 1923/7025/7025 1920/7026/7026
f 1898/7027/7027 1896/7028/7028 1920/7029/7029
f 55/7030/7030 1916/7031/7031 1914/7032/7032
f 54/7033/7033 55/7034/7034 1914/7035/7035
f 568/7036/7036 1926/7037/7037 59/7038/7038
f 574/7039/7039 568/7040/7040 59/7041/7041
f 605/7042/7042 611/7043/7043 612/7044/7044
f 562/7045/7045 605/7046/7046 612/7047/7047
f 1909/7048/7048 1927/7049/7049 615/7050/7050
f 546/7051/7051 1909/7052/7052 615/7053/7053
f 1927/7054/7054 616/7055/7055 592/7056/7056
f 615/7057/7057 1927/7058/7058 592/7059/7059
f 615/7060/7060 593/7061/7061 1892/7062/7062
f 546/7063/7063 615/7064/7064 1892/7065/7065
f 565/7066/7066 614/7067/7067 594/7068/7068
f 564/7069/7069 565/7070/7070 594/7071/7071
f 566/7072/7072 569/7073/7073 553/7074/7074
f 590/7075/7075 566/7076/7076 553/7077/7077
f 1928/7078/7078 1579/7079/7079 33/7080/7080
f 1602/7081/7081 1928/7082/7082 33/7083/7083
f 1917/7084/7084 1593/7085/7085 1597/7086/7086
f 1600/7087/7087 1917/7088/7088 1597/7089/7089
f 539/7090/7090 1928/7091/7091 1602/7092/7092
f 240/7093/7093 539/7094/7094 1602/7095/7095
f 565/7096/7096 590/7097/7097 1897/7098/7098
f 614/7099/7099 565/7100/7100 1897/7101/7101
f 1895/7102/7102 578/7103/7103 580/7104/7104
f 54/7105/7105 1895/7106/7106 580/7107/7107
f 557/7108/7108 1912/7109/7109 1929/7110/7110
f 556/7111/7111 557/7112/7112 1929/7113/7113
f 609/7114/7114 556/7115/7115 1929/7116/7116
f 1912/7117/7117 609/7118/7118 1929/7119/7119
f 577/7120/7120 1594/7121/7121 1598/7122/7122
f 567/7123/7123 577/7124/7124 1598/7125/7125
f 240/7126/7126 1602/7127/7127 1603/7128/7128
f 1814/7129/7129 240/7130/7130 1603/7131/7131
f 560/7132/7132 561/7133/7133 563/7134/7134
f 547/7135/7135 560/7136/7136 563/7137/7137
f 1892/7138/7138 593/7139/7139 614/7140/7140
f 1897/7141/7141 1892/7142/7142 614/7143/7143
f 608/7144/7144 1930/7145/7145 1910/7146/7146
f 607/7147/7147 608/7148/7148 1910/7149/7149
f 1911/7150/7150 546/7151/7151 547/7152/7152
f 1931/7153/7153 1911/7154/7154 547/7155/7155
f 1919/7156/7156 545/7157/7157 546/7158/7158
f 1893/7159/7159 1919/7160/7160 546/7161/7161
f 549/7162/7162 1570/7163/7163 1908/7164/7164
f 548/7165/7165 549/7166/7166 1908/7167/7167
f 1912/7168/7168 555/7169/7169 549/7170/7170
f 609/7171/7171 1912/7172/7172 549/7173/7173
f 554/7174/7174 610/7175/7175 611/7176/7176
f 605/7177/7177 554/7178/7178 611/7179/7179
f 576/7180/7180 616/7181/7181 599/7182/7182
f 596/7183/7183 576/7184/7184 599/7185/7185
f 1605/7186/7186 1611/7187/7187 1823/7188/7188
f 1825/7189/7189 1605/7190/7190 1823/7191/7191
f 488/7192/7192 530/7193/7193 508/7194/7194
f 1932/7195/7195 488/7196/7196 508/7197/7197
f 486/7198/7198 511/7199/7199 530/7200/7200
f 488/7201/7201 486/7202/7202 530/7203/7203
f 534/7204/7204 533/7205/7205 511/7206/7206
f 486/7207/7207 534/7208/7208 511/7209/7209
f 1932/7210/7210 508/7211/7211 617/7212/7212
f 618/7213/7213 1932/7214/7214 617/7215/7215
f 727/7216/7216 1934/7217/7217 1933/7218/7218
f 1935/7219/7219 727/7220/7220 1933/7221/7221
f 1936/7222/7222 628/7223/7223 626/7224/7224
f 638/7225/7225 1936/7226/7226 626/7227/7227
f 632/7228/7228 727/7229/7229 1935/7230/7230
f 631/7231/7231 632/7232/7232 1935/7233/7233
f 1938/7234/7234 1937/7235/7235 650/7236/7236
f 1576/7237/7237 1938/7238/7238 650/7239/7239
f 1576/7240/7240 650/7241/7241 621/7242/7242
f 619/7243/7243 1576/7244/7244 621/7245/7245
f 1934/7246/7246 1940/7247/7247 1939/7248/7248
f 1933/7249/7249 1934/7250/7250 1939/7251/7251
f 1942/7252/7252 1941/7253/7253 629/7254/7254
f 624/7255/7255 1942/7256/7256 629/7257/7257
f 653/7258/7258 641/7259/7259 642/7260/7260
f 652/7261/7261 653/7262/7262 642/7263/7263
f 651/7264/7264 1942/7265/7265 624/7266/7266
f 621/7267/7267 651/7268/7268 624/7269/7269
f 1941/7270/7270 1943/7271/7271 630/7272/7272
f 629/7273/7273 1941/7274/7274 630/7275/7275
f 1943/7276/7276 649/7277/7277 637/7278/7278
f 630/7279/7279 1943/7280/7280 637/7281/7281
f 1946/7282/7282 1945/7283/7283 1944/7284/7284
f 770/7285/7285 1946/7286/7286 1944/7287/7287
f 1947/7288/7288 661/7289/7289 663/7290/7290
f 1948/7291/7291 1947/7292/7292 663/7293/7293
f 1947/7294/7294 1948/7295/7295 1949/7296/7296
f 1950/7297/7297 1947/7298/7298 1949/7299/7299
f 667/7300/7300 671/7301/7301 688/7302/7302
f 665/7303/7303 667/7304/7304 688/7305/7305
f 1573/7306/7306 686/7307/7307 673/7308/7308
f 674/7309/7309 1573/7310/7310 673/7311/7311
f 674/7312/7312 675/7313/7313 672/7314/7314
f 669/7315/7315 674/7316/7316 672/7317/7317
f 655/7318/7318 656/7319/7319 686/7320/7320
f 1573/7321/7321 655/7322/7322 686/7323/7323
f 1945/7324/7324 1950/7325/7325 1949/7326/7326
f 1944/7327/7327 1945/7328/7328 1949/7329/7329
f 688/7330/7330 671/7331/7331 676/7332/7332
f 689/7333/7333 688/7334/7334 676/7335/7335
f 656/7336/7336 659/7337/7337 1951/7338/7338
f 687/7339/7339 656/7340/7340 1951/7341/7341
f 1954/7342/7342 1953/7343/7343 1952/7344/7344
f 1955/7345/7345 1954/7346/7346 1952/7347/7347
f 1953/7348/7348 683/7349/7349 685/7350/7350
f 1952/7351/7351 1953/7352/7352 685/7353/7353
f 692/7354/7354 733/7355/7355 710/7356/7356
f 1956/7357/7357 692/7358/7358 710/7359/7359
f 1958/7360/7360 1957/7361/7361 634/7362/7362
f 636/7363/7363 1958/7364/7364 634/7365/7365
f 619/7366/7366 1959/7367/7367 45/7368/7368
f 1576/7369/7369 619/7370/7370 45/7371/7371
f 730/7372/7372 1961/7373/7373 1960/7374/7374
f 1962/7375/7375 730/7376/7376 1960/7377/7377
f 1962/7378/7378 1964/7379/7379 1963/7380/7380
f 730/7381/7381 1962/7382/7382 1963/7383/7383
f 1966/7384/7384 1965/7385/7385 1963/7386/7386
f 1964/7387/7387 1966/7388/7388 1963/7389/7389
f 711/7390/7390 719/7391/7391 1957/7392/7392
f 1958/7393/7393 711/7394/7394 1957/7395/7395
f 1934/7396/7396 727/7397/7397 725/7398/7398
f 722/7399/7399 1934/7400/7400 725/7401/7401
f 730/7402/7402 694/7403/7403 1967/7404/7404
f 1961/7405/7405 730/7406/7406 1967/7407/7407
f 1577/7408/7408 729/7409/7409 713/7410/7410
f 1968/7411/7411 1577/7412/7412 713/7413/7413
f 1967/7414/7414 694/7415/7415 731/7416/7416
f 1969/7417/7417 1967/7418/7418 731/7419/7419
f 698/7420/7420 1936/7421/7421 1940/7422/7422
f 700/7423/7423 698/7424/7424 1940/7425/7425
f 1972/7426/7426 1971/7427/7427 1970/7428/7428
f 1973/7429/7429 1972/7430/7430 1970/7431/7431
f 699/7432/7432 1972/7433/7433 1973/7434/7434
f 698/7435/7435 699/7436/7436 1973/7437/7437
f 703/7438/7438 695/7439/7439 696/7440/7440
f 705/7441/7441 703/7442/7442 696/7443/7443
f 1976/7444/7444 1975/7445/7445 1974/7446/7446
f 1977/7447/7447 1976/7448/7448 1974/7449/7449
f 1970/7450/7450 718/7451/7451 628/7452/7452
f 1973/7453/7453 1970/7454/7454 628/7455/7455
f 628/7456/7456 1936/7457/7457 698/7458/7458
f 1973/7459/7459 628/7460/7460 698/7461/7461
f 1979/7462/7462 1978/7463/7463 627/7464/7464
f 717/7465/7465 1979/7466/7466 627/7467/7467
f 1963/7468/7468 697/7469/7469 696/7470/7470
f 730/7471/7471 1963/7472/7472 696/7473/7473
f 1963/7474/7474 1965/7475/7475 41/7476/7476
f 697/7477/7477 1963/7478/7478 41/7479/7479
f 705/7480/7480 696/7481/7481 697/7482/7482
f 42/7483/7483 705/7484/7484 697/7485/7485
f 716/7486/7486 1980/7487/7487 1957/7488/7488
f 719/7489/7489 716/7490/7490 1957/7491/7491
f 633/7492/7492 634/7493/7493 1957/7494/7494
f 1980/7495/7495 633/7496/7496 1957/7497/7497
f 1977/7498/7498 1974/7499/7499 1978/7500/7500
f 1979/7501/7501 1977/7502/7502 1978/7503/7503
f 1956/7504/7504 726/7505/7505 715/7506/7506
f 692/7507/7507 1956/7508/7508 715/7509/7509
f 1968/7510/7510 713/7511/7511 711/7512/7512
f 1958/7513/7513 1968/7514/7514 711/7515/7515
f 1938/7516/7516 1968/7517/7517 1958/7518/7518
f 636/7519/7519 1938/7520/7520 1958/7521/7521
f 1938/7522/7522 1576/7523/7523 1577/7524/7524
f 1968/7525/7525 1938/7526/7526 1577/7527/7527
f 619/7528/7528 620/7529/7529 724/7530/7530
f 1959/7531/7531 619/7532/7532 724/7533/7533
f 748/7534/7534 1573/7535/7535 1574/7536/7536
f 749/7537/7537 748/7538/7538 1574/7539/7539
f 750/7540/7540 756/7541/7541 769/7542/7542
f 666/7543/7543 750/7544/7544 769/7545/7545
f 669/7546/7546 668/7547/7547 1981/7548/7548
f 1982/7549/7549 669/7550/7550 1981/7551/7551
f 1573/7552/7552 748/7553/7553 1983/7554/7554
f 655/7555/7555 1573/7556/7556 1983/7557/7557
f 1984/7558/7558 1960/7559/7559 1961/7560/7560
f 773/7561/7561 1984/7562/7562 1961/7563/7563
f 773/7564/7564 1986/7565/7565 1985/7566/7566
f 1984/7567/7567 773/7568/7568 1985/7569/7569
f 1985/7570/7570 1986/7571/7571 1965/7572/7572
f 1966/7573/7573 1985/7574/7574 1965/7575/7575
f 1982/7576/7576 1981/7577/7577 1987/7578/7578
f 758/7579/7579 1982/7580/7580 1987/7581/7581
f 760/7582/7582 764/7583/7583 770/7584/7584
f 1944/7585/7585 760/7586/7586 770/7587/7587
f 1961/7588/7588 1967/7589/7589 742/7590/7590
f 773/7591/7591 1961/7592/7592 742/7593/7593
f 1988/7594/7594 759/7595/7595 772/7596/7596
f 1575/7597/7597 1988/7598/7598 772/7599/7599
f 1969/7600/7600 774/7601/7601 742/7602/7602
f 1967/7603/7603 1969/7604/7604 742/7605/7605
f 747/7606/7606 1949/7607/7607 1948/7608/7608
f 746/7609/7609 747/7610/7610 1948/7611/7611
f 746/7612/7612 1990/7613/7613 1989/7614/7614
f 745/7615/7615 746/7616/7616 1989/7617/7617
f 754/7618/7618 743/7619/7619 741/7620/7620
f 753/7621/7621 754/7622/7622 741/7623/7623
f 1983/7624/7624 1992/7625/7625 1991/7626/7626
f 763/7627/7627 1983/7628/7628 1991/7629/7629
f 1990/7630/7630 746/7631/7631 1948/7632/7632
f 663/7633/7633 1990/7634/7634 1948/7635/7635
f 773/7636/7636 743/7637/7637 744/7638/7638
f 1986/7639/7639 773/7640/7640 744/7641/7641
f 744/7642/7642 41/7643/7643 1965/7644/7644
f 1986/7645/7645 744/7646/7646 1965/7647/7647
f 40/7648/7648 744/7649/7649 743/7650/7650
f 754/7651/7651 40/7652/7652 743/7653/7653
f 1987/7654/7654 1981/7655/7655 769/7656/7656
f 768/7657/7657 1987/7658/7658 769/7659/7659
f 769/7660/7660 1981/7661/7661 668/7662/7662
f 666/7663/7663 769/7664/7664 668/7665/7665
f 763/7666/7666 1991/7667/7667 751/7668/7668
f 657/7669/7669 763/7670/7670 751/7671/7671
f 737/7672/7672 765/7673/7673 766/7674/7674
f 1993/7675/7675 737/7676/7676 766/7677/7677
f 1982/7678/7678 758/7679/7679 759/7680/7680
f 1988/7681/7681 1982/7682/7682 759/7683/7683
f 669/7684/7684 1982/7685/7685 1988/7686/7686
f 674/7687/7687 669/7688/7688 1988/7689/7689
f 1988/7690/7690 1575/7691/7691 1573/7692/7692
f 674/7693/7693 1988/7694/7694 1573/7695/7695
f 1983/7696/7696 763/7697/7697 654/7698/7698
f 655/7699/7699 1983/7700/7700 654/7701/7701
f 1996/7702/7702 1995/7703/7703 1994/7704/7704
f 1997/7705/7705 1996/7706/7706 1994/7707/7707
f 721/7708/7708 725/7709/7709 782/7710/7710
f 780/7711/7711 721/7712/7712 782/7713/7713
f 777/7714/7714 784/7715/7715 783/7716/7716
f 785/7717/7717 777/7718/7718 783/7719/7719
f 787/7720/7720 1998/7721/7721 784/7722/7722
f 777/7723/7723 787/7724/7724 784/7725/7725
f 1994/7726/7726 781/7727/7727 702/7728/7728
f 1997/7729/7729 1994/7730/7730 702/7731/7731
f 800/7732/7732 797/7733/7733 752/7734/7734
f 756/7735/7735 800/7736/7736 752/7737/7737
f 789/7738/7738 794/7739/7739 795/7740/7740
f 796/7741/7741 789/7742/7742 795/7743/7743
f 1999/7744/7744 790/7745/7745 791/7746/7746
f 2000/7747/7747 1999/7748/7748 791/7749/7749
f 2002/7750/7750 2001/7751/7751 807/7752/7752
f 832/7753/7753 2002/7754/7754 807/7755/7755
f 2001/7756/7756 1578/7757/7757 709/7758/7758
f 807/7759/7759 2001/7760/7760 709/7761/7761
f 2003/7762/7762 810/7763/7763 861/7764/7764
f 858/7765/7765 2003/7766/7766 861/7767/7767
f 826/7768/7768 2005/7769/7769 2004/7770/7770
f 825/7771/7771 826/7772/7772 2004/7773/7773
f 2003/7774/7774 2006/7775/7775 809/7776/7776
f 810/7777/7777 2003/7778/7778 809/7779/7779
f 808/7780/7780 827/7781/7781 861/7782/7782
f 810/7783/7783 808/7784/7784 861/7785/7785
f 2008/7786/7786 2007/7787/7787 2001/7788/7788
f 2002/7789/7789 2008/7790/7790 2001/7791/7791
f 2007/7792/7792 740/7793/7793 1578/7794/7794
f 2001/7795/7795 2007/7796/7796 1578/7797/7797
f 858/7798/7798 859/7799/7799 835/7800/7800
f 2003/7801/7801 858/7802/7802 835/7803/7803
f 846/7804/7804 2004/7805/7805 2005/7806/7806
f 848/7807/7807 846/7808/7808 2005/7809/7809
f 835/7810/7810 833/7811/7811 2006/7812/7812
f 2003/7813/7813 835/7814/7814 2006/7815/7815
f 835/7816/7816 859/7817/7817 849/7818/7818
f 834/7819/7819 835/7820/7820 849/7821/7821
f 2009/7822/7822 852/7823/7823 853/7824/7824
f 2010/7825/7825 2009/7826/7826 853/7827/7827
f 2013/7828/7828 2012/7829/7829 2011/7830/7830
f 2014/7831/7831 2013/7832/7832 2011/7833/7833
f 855/7834/7834 2016/7835/7835 2015/7836/7836
f 854/7837/7837 855/7838/7838 2015/7839/7839
f 2012/7840/7840 2009/7841/7841 2010/7842/7842
f 2011/7843/7843 2012/7844/7844 2010/7845/7845
f 2016/7846/7846 2013/7847/7847 2014/7848/7848
f 2015/7849/7849 2016/7850/7850 2014/7851/7851
f 2019/7852/7852 2018/7853/7853 2017/7854/7854
f 2020/7855/7855 2019/7856/7856 2017/7857/7857
f 2023/7858/7858 2022/7859/7859 2021/7860/7860
f 2024/7861/7861 2023/7862/7862 2021/7863/7863
f 2027/7864/7864 2026/7865/7865 2025/7866/7866
f 2028/7867/7867 2027/7868/7868 2025/7869/7869
f 2030/7870/7870 2029/7871/7871 2026/7872/7872
f 2027/7873/7873 2030/7874/7874 2026/7875/7875
f 2033/7876/7876 2032/7877/7877 2031/7878/7878
f 2034/7879/7879 2033/7880/7880 2031/7881/7881
f 2031/7882/7882 2036/7883/7883 2035/7884/7884
f 2034/7885/7885 2031/7886/7886 2035/7887/7887
f 2037/7888/7888 2030/7889/7889 2027/7890/7890
f 2021/7891/7891 2037/7892/7892 2027/7893/7893
f 2021/7894/7894 2027/7895/7895 2028/7896/7896
f 2024/7897/7897 2021/7898/7898 2028/7899/7899
f 2034/7900/7900 2018/7901/7901 2019/7902/7902
f 2033/7903/7903 2034/7904/7904 2019/7905/7905
f 2035/7906/7906 2038/7907/7907 2018/7908/7908
f 2034/7909/7909 2035/7910/7910 2018/7911/7911
f 2041/7912/7912 2040/7913/7913 2039/7914/7914
f 2042/7915/7915 2041/7916/7916 2039/7917/7917
f 2035/7918/7918 2043/7919/7919 2039/7920/7920
f 2038/7921/7921 2035/7922/7922 2039/7923/7923
f 2043/7924/7924 2044/7925/7925 2042/7926/7926
f 2039/7927/7927 2043/7928/7928 2042/7929/7929
f 2047/7930/7930 2046/7931/7931 2045/7932/7932
f 2048/7933/7933 2047/7934/7934 2045/7935/7935
f 2046/7936/7936 2047/7937/7937 2049/7938/7938
f 2050/7939/7939 2046/7940/7940 2049/7941/7941
f 2037/7942/7942 2046/7943/7943 2050/7944/7944
f 2030/7945/7945 2037/7946/7946 2050/7947/7947
f 2050/7948/7948 2049/7949/7949 2051/7950/7950
f 2052/7951/7951 2050/7952/7952 2051/7953/7953
f 2030/7954/7954 2050/7955/7955 2052/7956/7956
f 2029/7957/7957 2030/7958/7958 2052/7959/7959
f 2044/7960/7960 2043/7961/7961 2053/7962/7962
f 2054/7963/7963 2044/7964/7964 2053/7965/7965
f 2053/7966/7966 2043/7967/7967 2035/7968/7968
f 2036/7969/7969 2053/7970/7970 2035/7971/7971
f 2046/7972/7972 2037/7973/7973 2055/7974/7974
f 2045/7975/7975 2046/7976/7976 2055/7977/7977
f 2039/7978/7978 2040/7979/7979 2056/7980/7980
f 2038/7981/7981 2039/7982/7982 2056/7983/7983
f 2022/7984/7984 2055/7985/7985 2037/7986/7986
f 2021/7987/7987 2022/7988/7988 2037/7989/7989
f 2018/7990/7990 2038/7991/7991 2056/7992/7992
f 2017/7993/7993 2018/7994/7994 2056/7995/7995
f 896/7996/7996 901/7997/7997 895/7998/7998
f 871/7999/7999 896/8000/8000 895/8001/8001
f 871/8002/8002 895/8003/8003 893/8004/8004
f 892/8005/8005 871/8006/8006 893/8007/8007
f 914/8008/8008 937/8009/8009 943/8010/8010
f 938/8011/8011 914/8012/8012 943/8013/8013
f 934/8014/8014 935/8015/8015 937/8016/8016
f 914/8017/8017 934/8018/8018 937/8019/8019
f 2057/8020/8020 2023/8021/8021 2024/8022/8022
f 2058/8023/8023 2057/8024/8024 2024/8025/8025
f 2060/8026/8026 2059/8027/8027 2019/8028/8028
f 2020/8029/8029 2060/8030/8030 2019/8031/8031
f 2063/8032/8032 2062/8033/8033 2061/8034/8034
f 2064/8035/8035 2063/8036/8036 2061/8037/8037
f 2028/8038/8038 2025/8039/8039 2062/8040/8040
f 2063/8041/8041 2028/8042/8042 2062/8043/8043
f 2064/8044/8044 2061/8045/8045 2065/8046/8046
f 2066/8047/8047 2064/8048/8048 2065/8049/8049
f 2066/8050/8050 2065/8051/8051 2032/8052/8052
f 2033/8053/8053 2066/8054/8054 2032/8055/8055
f 2024/8056/8056 2028/8057/8057 2063/8058/8058
f 2058/8059/8059 2024/8060/8060 2063/8061/8061
f 2063/8062/8062 2064/8063/8063 2067/8064/8064
f 2058/8065/8065 2063/8066/8066 2067/8067/8067
f 2066/8068/8068 2059/8069/8069 2067/8070/8070
f 2064/8071/8071 2066/8072/8072 2067/8073/8073
f 2033/8074/8074 2019/8075/8075 2059/8076/8076
f 2066/8077/8077 2033/8078/8078 2059/8079/8079
f 2068/8080/8080 2041/8081/8081 2042/8082/8082
f 2069/8083/8083 2068/8084/8084 2042/8085/8085
f 2071/8086/8086 2070/8087/8087 2047/8088/8088
f 2048/8089/8089 2071/8090/8090 2047/8091/8091
f 2074/8092/8092 2073/8093/8093 2072/8094/8094
f 2075/8095/8095 2074/8096/8096 2072/8097/8097
f 2049/8098/8098 2074/8099/8099 2075/8100/8100
f 2051/8101/8101 2049/8102/8102 2075/8103/8103
f 2073/8104/8104 2077/8105/8105 2076/8106/8106
f 2072/8107/8107 2073/8108/8108 2076/8109/8109
f 2077/8110/8110 2044/8111/8111 2054/8112/8112
f 2076/8113/8113 2077/8114/8114 2054/8115/8115
f 2047/8116/8116 2070/8117/8117 2074/8118/8118
f 2049/8119/8119 2047/8120/8120 2074/8121/8121
f 2074/8122/8122 2070/8123/8123 2078/8124/8124
f 2073/8125/8125 2074/8126/8126 2078/8127/8127
f 2077/8128/8128 2073/8129/8129 2078/8130/8130
f 2069/8131/8131 2077/8132/8132 2078/8133/8133
f 2044/8134/8134 2077/8135/8135 2069/8136/8136
f 2042/8137/8137 2044/8138/8138 2069/8139/8139
f 2067/8140/8140 2059/8141/8141 2060/8142/8142
f 2079/8143/8143 2067/8144/8144 2060/8145/8145
f 2079/8146/8146 2057/8147/8147 2058/8148/8148
f 2067/8149/8149 2079/8150/8150 2058/8151/8151
f 2078/8152/8152 2070/8153/8153 2071/8154/8154
f 2080/8155/8155 2078/8156/8156 2071/8157/8157
f 2069/8158/8158 2078/8159/8159 2080/8160/8160
f 2068/8161/8161 2069/8162/8162 2080/8163/8163
f 947/8164/8164 949/8165/8165 2081/8166/8166
f 957/8167/8167 947/8168/8168 2081/8169/8169
f 2081/8170/8170 2082/8171/8171 956/8172/8172
f 957/8173/8173 2081/8174/8174 956/8175/8175
f 2085/8176/8176 2084/8177/8177 2083/8178/8178
f 2086/8179/8179 2085/8180/8180 2083/8181/8181
f 2084/8182/8182 2088/8183/8183 2087/8184/8184
f 2083/8185/8185 2084/8186/8186 2087/8187/8187
f 2088/8188/8188 2090/8189/8189 2089/8190/8190
f 2087/8191/8191 2088/8192/8192 2089/8193/8193
f 2090/8194/8194 2092/8195/8195 2091/8196/8196
f 2089/8197/8197 2090/8198/8198 2091/8199/8199
f 2093/8200/8200 958/8201/8201 2084/8202/8202
f 2085/8203/8203 2093/8204/8204 2084/8205/8205
f 948/8206/8206 946/8207/8207 2094/8208/8208
f 2095/8209/8209 948/8210/8210 2094/8211/8211
f 958/8212/8212 955/8213/8213 2088/8214/8214
f 2084/8215/8215 958/8216/8216 2088/8217/8217
f 955/8218/8218 953/8219/8219 2090/8220/8220
f 2088/8221/8221 955/8222/8222 2090/8223/8223
f 953/8224/8224 951/8225/8225 2092/8226/8226
f 2090/8227/8227 953/8228/8228 2092/8229/8229
f 950/8230/8230 948/8231/8231 2095/8232/8232
f 2096/8233/8233 950/8234/8234 2095/8235/8235
f 2095/8236/8236 2094/8237/8237 2097/8238/8238
f 2098/8239/8239 2095/8240/8240 2097/8241/8241
f 2096/8242/8242 2095/8243/8243 2098/8244/8244
f 2099/8245/8245 2096/8246/8246 2098/8247/8247
f 2101/8248/8248 2100/8249/8249 973/8250/8250
f 963/8251/8251 2101/8252/8252 973/8253/8253
f 972/8254/8254 2101/8255/8255 963/8256/8256
f 960/8257/8257 972/8258/8258 963/8259/8259
f 2104/8260/8260 2103/8261/8261 2102/8262/8262
f 2105/8263/8263 2104/8264/8264 2102/8265/8265
f 2103/8266/8266 2107/8267/8267 2106/8268/8268
f 2102/8269/8269 2103/8270/8270 2106/8271/8271
f 2107/8272/8272 2109/8273/8273 2108/8274/8274
f 2106/8275/8275 2107/8276/8276 2108/8277/8277
f 2109/8278/8278 2111/8279/8279 2110/8280/8280
f 2108/8281/8281 2109/8282/8282 2110/8283/8283
f 2105/8284/8284 2102/8285/8285 970/8286/8286
f 971/8287/8287 2105/8288/8288 970/8289/8289
f 2113/8290/8290 2112/8291/8291 961/8292/8292
f 962/8293/8293 2113/8294/8294 961/8295/8295
f 2102/8296/8296 2106/8297/8297 967/8298/8298
f 970/8299/8299 2102/8300/8300 967/8301/8301
f 2106/8302/8302 2108/8303/8303 966/8304/8304
f 967/8305/8305 2106/8306/8306 966/8307/8307
f 2108/8308/8308 2110/8309/8309 2114/8310/8310
f 966/8311/8311 2108/8312/8312 2114/8313/8313
f 2115/8314/8314 2113/8315/8315 962/8316/8316
f 964/8317/8317 2115/8318/8318 962/8319/8319
f 2117/8320/8320 2116/8321/8321 2112/8322/8322
f 2113/8323/8323 2117/8324/8324 2112/8325/8325
f 2118/8326/8326 2117/8327/8327 2113/8328/8328
f 2115/8329/8329 2118/8330/8330 2113/8331/8331
f 980/8332/8332 2119/8333/8333 990/8334/8334
f 982/8335/8335 980/8336/8336 990/8337/8337
f 2120/8338/8338 985/8339/8339 979/8340/8340
f 978/8341/8341 2120/8342/8342 979/8343/8343
f 991/8344/8344 992/8345/8345 997/8346/8346
f 998/8347/8347 991/8348/8348 997/8349/8349
f 1006/8350/8350 1015/8351/8351 2121/8352/8352
f 1005/8353/8353 1006/8354/8354 2121/8355/8355
f 1012/8356/8356 1013/8357/8357 1033/8358/8358
f 1051/8359/8359 1012/8360/8360 1033/8361/8361
f 2122/8362/8362 1031/8363/8363 1024/8364/8364
f 1025/8365/8365 2122/8366/8366 1024/8367/8367
f 1017/8368/8368 1018/8369/8369 1027/8370/8370
f 2123/8371/8371 1017/8372/8372 1027/8373/8373
f 1035/8374/8374 997/8375/8375 992/8376/8376
f 1050/8377/8377 1035/8378/8378 992/8379/8379
f 1037/8380/8380 1049/8381/8381 2124/8382/8382
f 1042/8383/8383 1037/8384/8384 2124/8385/8385
f 1033/8386/8386 1013/8387/8387 1040/8388/8388
f 1032/8389/8389 1033/8390/8390 1040/8391/8391
f 1066/8392/8392 1083/8393/8393 1081/8394/8394
f 1068/8395/8395 1066/8396/8396 1081/8397/8397
f 1065/8398/8398 1071/8399/8399 1075/8400/8400
f 1055/8401/8401 1065/8402/8402 1075/8403/8403
f 1063/8404/8404 1064/8405/8405 1069/8406/8406
f 2125/8407/8407 1063/8408/8408 1069/8409/8409
f 1094/8410/8410 2126/8411/8411 1072/8412/8412
f 1073/8413/8413 1094/8414/8414 1072/8415/8415
f 1089/8416/8416 2127/8417/8417 1092/8418/8418
f 1090/8419/8419 1089/8420/8420 1092/8421/8421
f 1108/8422/8422 1107/8423/8423 1083/8424/8424
f 1066/8425/8425 1108/8426/8426 1083/8427/8427
f 1111/8428/8428 1075/8429/8429 1071/8430/8430
f 1129/8431/8431 1111/8432/8432 1071/8433/8433
f 2128/8434/8434 1110/8435/8435 1098/8436/8436
f 1097/8437/8437 2128/8438/8438 1098/8439/8439
f 1122/8440/8440 2129/8441/8441 1128/8442/8442
f 1116/8443/8443 1122/8444/8444 1128/8445/8445
f 1113/8446/8446 1121/8447/8447 2130/8448/8448
f 1112/8449/8449 1113/8450/8450 2130/8451/8451
f 1172/8452/8452 1214/8453/8453 1212/8454/8454
f 1171/8455/8455 1172/8456/8456 1212/8457/8457
f 1195/8458/8458 1187/8459/8459 2131/8460/8460
f 1210/8461/8461 1195/8462/8462 2131/8463/8463
f 1140/8464/8464 1182/8465/8465 1201/8466/8466
f 1153/8467/8467 1140/8468/8468 1201/8469/8469
f 1140/8470/8470 1153/8471/8471 1154/8472/8472
f 1139/8473/8473 1140/8474/8474 1154/8475/8475
f 1143/8476/8476 1136/8477/8477 1137/8478/8478
f 1142/8479/8479 1143/8480/8480 1137/8481/8481
f 1201/8482/8482 1182/8483/8483 1195/8484/8484
f 1210/8485/8485 1201/8486/8486 1195/8487/8487
f 1202/8488/8488 1178/8489/8489 1152/8490/8490
f 1156/8491/8491 1202/8492/8492 1152/8493/8493
f 1137/8494/8494 1156/8495/8495 1152/8496/8496
f 1142/8497/8497 1137/8498/8498 1152/8499/8499
f 2132/8500/8500 1136/8501/8501 1143/8502/8502
f 1132/8503/8503 2132/8504/8504 1143/8505/8505
f 1259/8506/8506 1274/8507/8507 2133/8508/8508
f 1261/8509/8509 1259/8510/8510 2133/8511/8511
f 1293/8512/8512 1290/8513/8513 1279/8514/8514
f 1280/8515/8515 1293/8516/8516 1279/8517/8517
f 1282/8518/8518 1292/8519/8519 1293/8520/8520
f 1280/8521/8521 1282/8522/8522 1293/8523/8523
f 1295/8524/8524 1226/8525/8525 1289/8526/8526
f 1294/8527/8527 1295/8528/8528 1289/8529/8529
f 1292/8530/8530 1282/8531/8531 1295/8532/8532
f 1294/8533/8533 1292/8534/8534 1295/8535/8535
f 1253/8536/8536 1251/8537/8537 1261/8538/8538
f 2133/8539/8539 1253/8540/8540 1261/8541/8541
f 1253/8542/8542 2133/8543/8543 1254/8544/8544
f 1288/8545/8545 1253/8546/8546 1254/8547/8547
f 2134/8548/8548 1255/8549/8549 1256/8550/8550
f 2135/8551/8551 2134/8552/8552 1256/8553/8553
f 1296/8554/8554 1284/8555/8555 1238/8556/8556
f 1239/8557/8557 1296/8558/8558 1238/8559/8559
f 1255/8560/8560 2134/8561/8561 1245/8562/8562
f 1243/8563/8563 1255/8564/8564 1245/8565/8565
f 1238/8566/8566 1284/8567/8567 1281/8568/8568
f 1272/8569/8569 1238/8570/8570 1281/8571/8571
f 1242/8572/8572 2136/8573/8573 1287/8574/8574
f 1247/8575/8575 1242/8576/8576 1287/8577/8577
f 2135/8578/8578 1283/8579/8579 1296/8580/8580
f 2134/8581/8581 2135/8582/8582 1296/8583/8583
f 1274/8584/8584 1258/8585/8585 1254/8586/8586
f 2133/8587/8587 1274/8588/8588 1254/8589/8589
f 1305/8590/8590 1298/8591/8591 1304/8592/8592
f 1306/8593/8593 1305/8594/8594 1304/8595/8595
f 1333/8596/8596 1331/8597/8597 2137/8598/8598
f 2138/8599/8599 1333/8600/8600 2137/8601/8601
f 1261/8602/8602 2139/8603/8603 1359/8604/8604
f 1347/8605/8605 1261/8606/8606 1359/8607/8607
f 1364/8608/8608 1365/8609/8609 1374/8610/8610
f 1379/8611/8611 1364/8612/8612 1374/8613/8613
f 1364/8614/8614 1379/8615/8615 1377/8616/8616
f 1380/8617/8617 1364/8618/8618 1377/8619/8619
f 1381/8620/8620 1375/8621/8621 1319/8622/8622
f 1382/8623/8623 1381/8624/8624 1319/8625/8625
f 1381/8626/8626 1382/8627/8627 1380/8628/8628
f 1377/8629/8629 1381/8630/8630 1380/8631/8631
f 1337/8632/8632 1390/8633/8633 2140/8634/8634
f 1313/8635/8635 1337/8636/8636 2140/8637/8637
f 2139/8638/8638 1261/8639/8639 1251/8640/8640
f 1341/8641/8641 2139/8642/8642 1251/8643/8643
f 1373/8644/8644 1342/8645/8645 2139/8646/8646
f 1341/8647/8647 1373/8648/8648 2139/8649/8649
f 2141/8650/8650 1345/8651/8651 1343/8652/8652
f 2138/8653/8653 2141/8654/8654 1343/8655/8655
f 1335/8656/8656 1333/8657/8657 2138/8658/8658
f 1343/8659/8659 1335/8660/8660 2138/8661/8661
f 1357/8662/8662 1366/8663/8663 1376/8664/8664
f 1356/8665/8665 1357/8666/8666 1376/8667/8667
f 1336/8668/8668 1287/8669/8669 2136/8670/8670
f 1383/8671/8671 1336/8672/8672 2136/8673/8673
f 2138/8674/8674 2137/8675/8675 2142/8676/8676
f 2141/8677/8677 2138/8678/8678 2142/8679/8679
f 2139/8680/8680 1342/8681/8681 1346/8682/8682
f 1359/8683/8683 2139/8684/8684 1346/8685/8685
f 1392/8686/8686 2143/8687/8687 1447/8688/8688
f 1393/8689/8689 1392/8690/8690 1447/8691/8691
f 1409/8692/8692 1410/8693/8693 1445/8694/8694
f 1408/8695/8695 1409/8696/8696 1445/8697/8697
f 1425/8698/8698 1399/8699/8699 1435/8700/8700
f 1407/8701/8701 1425/8702/8702 1435/8703/8703
f 1411/8704/8704 1395/8705/8705 1409/8706/8706
f 1241/8707/8707 1411/8708/8708 1409/8709/8709
f 1393/8710/8710 1447/8711/8711 1396/8712/8712
f 1394/8713/8713 1393/8714/8714 1396/8715/8715
f 1408/8716/8716 1445/8717/8717 1463/8718/8718
f 1462/8719/8719 1408/8720/8720 1463/8721/8721
f 1496/8722/8722 1475/8723/8723 1499/8724/8724
f 1495/8725/8725 1496/8726/8726 1499/8727/8727
f 1461/8728/8728 1484/8729/8729 1452/8730/8730
f 1473/8731/8731 1461/8732/8732 1452/8733/8733
f 1387/8734/8734 1462/8735/8735 1449/8736/8736
f 1370/8737/8737 1387/8738/8738 1449/8739/8739
f 1450/8740/8740 1451/8741/8741 1498/8742/8742
f 1494/8743/8743 1450/8744/8744 1498/8745/8745
f 1510/8746/8746 1443/8747/8747 1432/8748/8748
f 1530/8749/8749 1510/8750/8750 1432/8751/8751
f 1525/8752/8752 1517/8753/8753 1514/8754/8754
f 2144/8755/8755 1525/8756/8756 1514/8757/8757
f 1403/8758/8758 1527/8759/8759 2145/8760/8760
f 1508/8761/8761 1403/8762/8762 2145/8763/8763
f 1523/8764/8764 1516/8765/8765 1517/8766/8766
f 1525/8767/8767 1523/8768/8768 1517/8769/8769
f 2146/8770/8770 1537/8771/8771 1524/8772/8772
f 2147/8773/8773 2146/8774/8774 1524/8775/8775
f 2145/8776/8776 1502/8777/8777 1500/8778/8778
f 2148/8779/8779 2145/8780/8780 1500/8781/8781
f 1512/8782/8782 2149/8783/8783 1505/8784/8784
f 1506/8785/8785 1512/8786/8786 1505/8787/8787
f 2150/8788/8788 2144/8789/8789 1514/8790/8790
f 1532/8791/8791 2150/8792/8792 1514/8793/8793
f 1507/8794/8794 1508/8795/8795 2145/8796/8796
f 2148/8797/8797 1507/8798/8798 2145/8799/8799
f 2145/8800/8800 1527/8801/8801 1522/8802/8802
f 1502/8803/8803 2145/8804/8804 1522/8805/8805
f 2144/8806/8806 1535/8807/8807 1524/8808/8808
f 1525/8809/8809 2144/8810/8810 1524/8811/8811
f 1531/8812/8812 1432/8813/8813 1400/8814/8814
f 1529/8815/8815 1531/8816/8816 1400/8817/8817
f 1563/8818/8818 1564/8819/8819 1547/8820/8820
f 1457/8821/8821 1563/8822/8822 1547/8823/8823
f 1564/8824/8824 1481/8825/8825 1492/8826/8826
f 1547/8827/8827 1564/8828/8828 1492/8829/8829
f 1541/8830/8830 2151/8831/8831 1544/8832/8832
f 1458/8833/8833 1541/8834/8834 1544/8835/8835
f 1562/8836/8836 1552/8837/8837 1550/8838/8838
f 1561/8839/8839 1562/8840/8840 1550/8841/8841
f 2152/8842/8842 1560/8843/8843 1568/8844/8844
f 2153/8845/8845 2152/8846/8846 1568/8847/8847
f 2155/8848/8848 2154/8849/8849 1559/8850/8850
f 2151/8851/8851 2155/8852/8852 1559/8853/8853
f 1540/8854/8854 1419/8855/8855 2150/8856/8856
f 1549/8857/8857 1540/8858/8858 2150/8859/8859
f 1532/8860/8860 1565/8861/8861 2156/8862/8862
f 2150/8863/8863 1532/8864/8864 2156/8865/8865
f 2155/8866/8866 2151/8867/8867 1541/8868/8868
f 1542/8869/8869 2155/8870/8870 1541/8871/8871
f 1559/8872/8872 1558/8873/8873 1544/8874/8874
f 2151/8875/8875 1559/8876/8876 1544/8877/8877
f 1562/8878/8878 1560/8879/8879 1566/8880/8880
f 2156/8881/8881 1562/8882/8882 1566/8883/8883
f 1543/8884/8884 1455/8885/8885 1481/8886/8886
f 1545/8887/8887 1543/8888/8888 1481/8889/8889
f 1564/8890/8890 1563/8891/8891 1544/8892/8892
f 1545/8893/8893 1564/8894/8894 1544/8895/8895
f 1601/8896/8896 1819/8897/8897 1767/8898/8898
f 245/8899/8899 1601/8900/8900 1767/8901/8901
f 1819/8902/8902 1778/8903/8903 1766/8904/8904
f 1767/8905/8905 1819/8906/8906 1766/8907/8907
f 715/8908/8908 720/8909/8909 691/8910/8910
f 692/8911/8911 715/8912/8912 691/8913/8913
f 737/8914/8914 735/8915/8915 2157/8916/8916
f 765/8917/8917 737/8918/8918 2157/8919/8919
f 748/8920/8920 2158/8921/8921 1992/8922/8922
f 1983/8923/8923 748/8924/8924 1992/8925/8925
f 2159/8926/8926 47/8927/8927 1975/8928/8928
f 1976/8929/8929 2159/8930/8930 1975/8931/8931
f 712/8932/8932 691/8933/8933 720/8934/8934
f 711/8935/8935 712/8936/8936 720/8937/8937
f 691/8938/8938 712/8939/8939 734/8940/8940
f 690/8941/8941 691/8942/8942 734/8943/8943
f 1993/8944/8944 738/8945/8945 739/8946/8946
f 737/8947/8947 1993/8948/8948 739/8949/8949
f 1822/8950/8950 1824/8951/8951 1814/8952/8952
f 1603/8953/8953 1822/8954/8954 1814/8955/8955
f 567/8956/8956 1598/8957/8957 1926/8958/8958
f 568/8959/8959 567/8960/8960 1926/8961/8961
f 400/8962/8962 1587/8963/8963 1582/8964/8964
f 402/8965/8965 400/8966/8966 1582/8967/8967
f 399/8968/8968 1591/8969/8969 1852/8970/8970
f 425/8971/8971 399/8972/8972 1852/8973/8973
f 1590/8974/8974 1589/8975/8975 1852/8976/8976
f 1853/8977/8977 1590/8978/8978 1852/8979/8979
f 574/8980/8980 59/8981/8981 1597/8982/8982
f 587/8983/8983 574/8984/8984 1597/8985/8985
f 61/8986/8986 59/8987/8987 1926/8988/8988
f 2160/8989/8989 61/8990/8990 1926/8991/8991
f 2160/8992/8992 1926/8993/8993 1598/8994/8994
f 1599/8995/8995 2160/8996/8996 1598/8997/8997
f 575/8998/8998 1593/8999/8999 1594/9000/9000
f 577/9001/9001 575/9002/9002 1594/9003/9003
f 813/9004/9004 43/9005/9005 802/9006/9006
f 813/9007/9007 49/9008/9008 43/9009/9009
f 814/9010/9010 49/9011/9011 813/9012/9012
f 814/9013/9013 693/9014/9014 49/9015/9015
f 2161/9016/9016 693/9017/9017 814/9018/9018
f 2161/9019/9019 1577/9020/9020 693/9021/9021
f 806/9022/9022 1577/9023/9023 2161/9024/9024
f 806/9025/9025 729/9026/9026 1577/9027/9027
f 804/9028/9028 729/9029/9029 806/9030/9030
f 804/9031/9031 728/9032/9032 729/9033/9033
f 824/9034/9034 728/9035/9035 804/9036/9036
f 824/9037/9037 831/9038/9038 728/9039/9039
f 825/9040/9040 831/9041/9041 824/9042/9042
f 825/9043/9043 832/9044/9044 831/9045/9045
f 2004/9046/9046 832/9047/9047 825/9048/9048
f 2004/9049/9049 2002/9050/9050 832/9051/9051
f 846/9052/9052 2002/9053/9053 2004/9054/9054
f 846/9055/9055 2008/9056/9056 2002/9057/9057
f 850/9058/9058 2008/9059/9059 846/9060/9060
f 850/9061/9061 2007/9062/9062 2008/9063/9063
f 736/9064/9064 2007/9065/9065 850/9066/9066
f 736/9067/9067 740/9068/9068 2007/9069/9069
f 51/9070/9070 748/9071/9071 50/9072/9072
f 51/9073/9073 2158/9074/9074 748/9075/9075
f 1572/9076/9076 2158/9077/9077 51/9078/9078
f 1572/9079/9079 46/9080/9080 2158/9081/9081
f 830/9082/9082 46/9083/9083 1572/9084/9084
f 830/9085/9085 48/9086/9086 46/9087/9087
f 44/9088/9088 48/9089/9089 830/9090/9090
f 44/9091/9091 47/9092/9092 48/9093/9093
f 45/9094/9094 47/9095/9095 44/9096/9096
f 45/9097/9097 1975/9098/9098 47/9099/9099
f 1959/9100/9100 1975/9101/9101 45/9102/9102
f 1959/9103/9103 1974/9104/9104 1975/9105/9105
f 724/9106/9106 1974/9107/9107 1959/9108/9108
f 724/9109/9109 1978/9110/9110 1974/9111/9111
f 622/9112/9112 1978/9113/9113 724/9114/9114
f 622/9115/9115 627/9116/9116 1978/9117/9117
f 1850/9118/9118 408/9119/9119 409/9120/9120
f 1850/9121/9121 410/9122/9122 408/9123/9123
f 1851/9124/9124 410/9125/9125 1850/9126/9126
f 1851/9127/9127 409/9128/9128 410/9129/9129
f 1858/9130/9130 409/9131/9131 1851/9132/9132
f 1858/9133/9133 1850/9134/9134 409/9135/9135
f 1841/9136/9136 1850/9137/9137 1858/9138/9138
f 1841/9139/9139 1849/9140/9140 1850/9141/9141
f 1617/9142/9142 1849/9143/9143 1841/9144/9144
f 1617/9145/9145 1848/9146/9146 1849/9147/9147
f 56/9148/9148 1848/9149/9149 1617/9150/9150
f 56/9151/9151 418/9152/9152 1848/9153/9153
f 57/9154/9154 418/9155/9155 56/9156/9156
f 57/9157/9157 417/9158/9158 418/9159/9159
f 424/9160/9160 417/9161/9161 57/9162/9162
f 424/9163/9163 419/9164/9164 417/9165/9165
f 423/9166/9166 419/9167/9167 424/9168/9168
f 423/9169/9169 1860/9170/9170 419/9171/9171
f 421/9172/9172 1860/9173/9173 423/9174/9174
f 421/9175/9175 373/9176/9176 1860/9177/9177
f 2162/9178/9178 373/9179/9179 421/9180/9180
f 2162/9181/9181 1835/9182/9182 373/9183/9183
f 2163/9184/9184 1835/9185/9185 2162/9186/9186
f 2163/9187/9187 1837/9188/9188 1835/9189/9189
f 2164/9190/9190 1837/9191/9191 2163/9192/9192
f 2164/9193/9193 1839/9194/9194 1837/9195/9195
f 413/9196/9196 1839/9197/9197 2164/9198/9198
f 413/9199/9199 428/9200/9200 1839/9201/9201
f 411/9202/9202 428/9203/9203 413/9204/9204
f 1637/9205/9205 1641/9206/9206 1636/9207/9207
f 1637/9208/9208 1640/9209/9209 1641/9210/9210
f 2165/9211/9211 1640/9212/9212 1637/9213/9213
f 2165/9214/9214 1639/9215/9215 1640/9216/9216
f 2166/9217/9217 1639/9218/9218 2165/9219/9219
f 2166/9220/9220 1643/9221/9221 1639/9222/9222
f 2167/9223/9223 1643/9224/9224 2166/9225/9225
f 2167/9226/9226 1666/9227/9227 1643/9228/9228
f 1665/9229/9229 1666/9230/9230 2167/9231/9231
f 1665/9232/9232 1634/9233/9233 1666/9234/9234
f 1657/9235/9235 1634/9236/9236 1665/9237/9237
f 1657/9238/9238 1637/9239/9239 1634/9240/9240
f 1658/9241/9241 1637/9242/9242 1657/9243/9243
f 1658/9244/9244 2165/9245/9245 1637/9246/9246
f 1618/9247/9247 2165/9248/9248 1658/9249/9249
f 1618/9250/9250 2166/9251/9251 2165/9252/9252
f 1619/9253/9253 2166/9254/9254 1618/9255/9255
f 1619/9256/9256 2167/9257/9257 2166/9258/9258
f 1669/9259/9259 2167/9260/9260 1619/9261/9261
f 1669/9262/9262 1665/9263/9263 2167/9264/9264
f 1668/9265/9265 1665/9266/9266 1669/9267/9267
f 1668/9268/9268 1628/9269/9269 1665/9270/9270
f 1663/9271/9271 1628/9272/9272 1668/9273/9273
f 1663/9274/9274 1627/9275/9275 1628/9276/9276
f 1664/9277/9277 1627/9278/9278 1663/9279/9279
f 1664/9280/9280 1629/9281/9281 1627/9282/9282
f 1667/9283/9283 1629/9284/9284 1664/9285/9285
f 1667/9286/9286 1653/9287/9287 1629/9288/9288
f 1720/9289/9289 1692/9290/9290 1704/9291/9291
f 1720/9292/9292 1691/9293/9293 1692/9294/9294
f 1721/9295/9295 1691/9296/9296 1720/9297/9297
f 1721/9298/9298 1693/9299/9299 1691/9300/9300
f 2168/9301/9301 1693/9302/9302 1721/9303/9303
f 2168/9304/9304 1688/9305/9305 1693/9306/9306
f 2169/9307/9307 1688/9308/9308 2168/9309/9309
f 2169/9310/9310 1686/9311/9311 1688/9312/9312
f 2170/9313/9313 1686/9314/9314 2169/9315/9315
f 2170/9316/9316 1684/9317/9317 1686/9318/9318
f 1716/9319/9319 1684/9320/9320 2170/9321/9321
f 1716/9322/9322 1683/9323/9323 1684/9324/9324
f 1714/9325/9325 1683/9326/9326 1716/9327/9327
f 1714/9328/9328 1721/9329/9329 1683/9330/9330
f 1697/9331/9331 1721/9332/9332 1714/9333/9333
f 1697/9334/9334 2168/9335/9335 1721/9336/9336
f 1698/9337/9337 2168/9338/9338 1697/9339/9339
f 1698/9340/9340 2169/9341/9341 2168/9342/9342
f 1670/9343/9343 2169/9344/9344 1698/9345/9345
f 1670/9346/9346 2170/9347/9347 2169/9348/9348
f 1671/9349/9349 2170/9350/9350 1670/9351/9351
f 1671/9352/9352 1716/9353/9353 2170/9354/9354
f 1672/9355/9355 1716/9356/9356 1671/9357/9357
f 1672/9358/9358 1715/9359/9359 1716/9360/9360
f 1719/9361/9361 1715/9362/9362 1672/9363/9363
f 1719/9364/9364 1674/9365/9365 1715/9366/9366
f 1711/9367/9367 1674/9368/9368 1719/9369/9369
f 1711/9370/9370 1677/9371/9371 1674/9372/9372
f 1712/9373/9373 1677/9374/9374 1711/9375/9375
f 1712/9376/9376 1706/9377/9377 1677/9378/9378
f 67/9379/9379 1723/9380/9380 1724/9381/9381
f 67/9382/9382 1729/9383/9383 1723/9384/9384
f 87/9385/9385 1729/9386/9386 67/9387/9387
f 87/9388/9388 1728/9389/9389 1729/9390/9390
f 103/9391/9391 1728/9392/9392 87/9393/9393
f 103/9394/9394 1727/9395/9395 1728/9396/9396
f 1649/9397/9397 1727/9398/9398 103/9399/9399
f 1649/9400/9400 86/9401/9401 1727/9402/9402
f 1650/9403/9403 86/9404/9404 1649/9405/9405
f 1650/9406/9406 64/9407/9407 86/9408/9408
f 1651/9409/9409 64/9410/9410 1650/9411/9411
f 1651/9412/9412 99/9413/9413 64/9414/9414
f 2171/9415/9415 99/9416/9416 1651/9417/9417
f 2171/9418/9418 77/9419/9419 99/9420/9420
f 2172/9421/9421 77/9422/9422 2171/9423/9423
f 2172/9424/9424 73/9425/9425 77/9426/9426
f 101/9427/9427 73/9428/9428 2172/9429/9429
f 101/9430/9430 75/9431/9431 73/9432/9432
f 80/9433/9433 75/9434/9434 101/9435/9435
f 1725/9436/9436 85/9437/9437 65/9438/9438
f 1725/9439/9439 78/9440/9440 85/9441/9441
f 1726/9442/9442 78/9443/9443 1725/9444/9444
f 1726/9445/9445 98/9446/9446 78/9447/9447
f 81/9448/9448 98/9449/9449 1726/9450/9450
f 81/9451/9451 88/9452/9452 98/9453/9453
f 79/9454/9454 88/9455/9455 81/9456/9456
f 79/9457/9457 90/9458/9458 88/9459/9459
f 101/9460/9460 90/9461/9461 79/9462/9462
f 101/9463/9463 89/9464/9464 90/9465/9465
f 2172/9466/9466 89/9467/9467 101/9468/9468
f 2172/9469/9469 91/9470/9470 89/9471/9471
f 2171/9472/9472 91/9473/9473 2172/9474/9474
f 2171/9475/9475 1730/9476/9476 91/9477/9477
f 1651/9478/9478 1730/9479/9479 2171/9480/9480
f 1651/9481/9481 1660/9482/9482 1730/9483/9483
f 1735/9484/9484 107/9485/9485 105/9486/9486
f 1735/9487/9487 1737/9488/9488 107/9489/9489
f 113/9490/9490 1737/9491/9491 1735/9492/9492
f 113/9493/9493 1736/9494/9494 1737/9495/9495
f 133/9496/9496 1736/9497/9497 113/9498/9498
f 133/9499/9499 1739/9500/9500 1736/9501/9501
f 146/9502/9502 1739/9503/9503 133/9504/9504
f 146/9505/9505 1738/9506/9506 1739/9507/9507
f 1703/9508/9508 1738/9509/9509 146/9510/9510
f 1703/9511/9511 108/9512/9512 1738/9513/9513
f 1701/9514/9514 108/9515/9515 1703/9516/9516
f 1701/9517/9517 106/9518/9518 108/9519/9519
f 1702/9520/9520 106/9521/9521 1701/9522/9522
f 1702/9523/9523 123/9524/9524 106/9525/9525
f 2173/9526/9526 123/9527/9527 1702/9528/9528
f 2173/9529/9529 124/9530/9530 123/9531/9531
f 2174/9532/9532 124/9533/9533 2173/9534/9534
f 2174/9535/9535 131/9536/9536 124/9537/9537
f 144/9538/9538 131/9539/9539 2174/9540/9540
f 144/9541/9541 118/9542/9542 131/9543/9543
f 127/9544/9544 118/9545/9545 144/9546/9546
f 1732/9547/9547 111/9548/9548 112/9549/9549
f 1732/9550/9550 122/9551/9551 111/9552/9552
f 1733/9553/9553 122/9554/9554 1732/9555/9555
f 1733/9556/9556 121/9557/9557 122/9558/9558
f 125/9559/9559 121/9560/9560 1733/9561/9561
f 125/9562/9562 135/9563/9563 121/9564/9564
f 126/9565/9565 135/9566/9566 125/9567/9567
f 126/9568/9568 136/9569/9569 135/9570/9570
f 144/9571/9571 136/9572/9572 126/9573/9573
f 144/9574/9574 134/9575/9575 136/9576/9576
f 2174/9577/9577 134/9578/9578 144/9579/9579
f 2174/9580/9580 145/9581/9581 134/9582/9582
f 2173/9583/9583 145/9584/9584 2174/9585/9585
f 2173/9586/9586 1734/9587/9587 145/9588/9588
f 1702/9589/9589 1734/9590/9590 2173/9591/9591
f 1702/9592/9592 1717/9593/9593 1734/9594/9594
f 2176/9595/9595 176/9596/9596 2175/9597/9597
f 2176/9598/9598 189/9599/9599 176/9600/9600
f 2177/9601/9601 189/9602/9602 2176/9603/9603
f 2177/9604/9604 2178/9605/9605 189/9606/9606
f 2179/9607/9607 2178/9608/9608 2177/9609/9609
f 2179/9610/9610 2180/9611/9611 2178/9612/9612
f 1748/9613/9613 2180/9614/9614 2179/9615/9615
f 1748/9616/9616 2181/9617/9617 2180/9618/9618
f 1755/9619/9619 2181/9620/9620 1748/9621/9621
f 1755/9622/9622 2182/9623/9623 2181/9624/9624
f 1754/9625/9625 2182/9626/9626 1755/9627/9627
f 1754/9628/9628 2183/9629/9629 2182/9630/9630
f 2184/9631/9631 2183/9632/9632 1754/9633/9633
f 2184/9634/9634 2185/9635/9635 2183/9636/9636
f 2186/9637/9637 2185/9638/9638 2184/9639/9639
f 2186/9640/9640 2187/9641/9641 2185/9642/9642
f 2188/9643/9643 2187/9644/9644 2186/9645/9645
f 2188/9646/9646 2189/9647/9647 2187/9648/9648
f 2190/9649/9649 2189/9650/9650 2188/9651/9651
f 2190/9652/9652 232/9653/9653 2189/9654/9654
f 2191/9655/9655 232/9656/9656 2190/9657/9657
f 2191/9658/9658 190/9659/9659 232/9660/9660
f 2175/9661/9661 190/9662/9662 2191/9663/9663
f 2175/9664/9664 176/9665/9665 190/9666/9666
f 2178/9667/9667 150/9668/9668 189/9669/9669
f 2178/9670/9670 149/9671/9671 150/9672/9672
f 2180/9673/9673 149/9674/9674 2178/9675/9675
f 2180/9676/9676 153/9677/9677 149/9678/9678
f 2181/9679/9679 153/9680/9680 2180/9681/9681
f 2181/9682/9682 152/9683/9683 153/9684/9684
f 2182/9685/9685 152/9686/9686 2181/9687/9687
f 2182/9688/9688 1740/9689/9689 152/9690/9690
f 2183/9691/9691 1740/9692/9692 2182/9693/9693
f 2183/9694/9694 198/9695/9695 1740/9696/9696
f 2185/9697/9697 198/9698/9698 2183/9699/9699
f 2185/9700/9700 200/9701/9701 198/9702/9702
f 2187/9703/9703 200/9704/9704 2185/9705/9705
f 2187/9706/9706 195/9707/9707 200/9708/9708
f 2189/9709/9709 195/9710/9710 2187/9711/9711
f 2189/9712/9712 197/9713/9713 195/9714/9714
f 232/9715/9715 197/9716/9716 2189/9717/9717
f 232/9718/9718 210/9719/9719 197/9720/9720
f 177/9721/9721 210/9722/9722 232/9723/9723
f 177/9724/9724 163/9725/9725 210/9726/9726
f 164/9727/9727 163/9728/9728 177/9729/9729
f 2179/9730/9730 180/9731/9731 1748/9732/9732
f 2179/9733/9733 179/9734/9734 180/9735/9735
f 2177/9736/9736 179/9737/9737 2179/9738/9738
f 2177/9739/9739 178/9740/9740 179/9741/9741
f 2176/9742/9742 178/9743/9743 2177/9744/9744
f 2176/9745/9745 182/9746/9746 178/9747/9747
f 2175/9748/9748 182/9749/9749 2176/9750/9750
f 2175/9751/9751 1745/9752/9752 182/9753/9753
f 2191/9754/9754 1745/9755/9755 2175/9756/9756
f 2191/9757/9757 225/9758/9758 1745/9759/9759
f 2190/9760/9760 225/9761/9761 2191/9762/9762
f 2190/9763/9763 222/9764/9764 225/9765/9765
f 2188/9766/9766 222/9767/9767 2190/9768/9768
f 2188/9769/9769 221/9770/9770 222/9771/9771
f 2186/9772/9772 221/9773/9773 2188/9774/9774
f 2186/9775/9775 223/9776/9776 221/9777/9777
f 2184/9778/9778 223/9779/9779 2186/9780/9780
f 2184/9781/9781 1754/9782/9782 223/9783/9783
f 1744/9784/9784 170/9785/9785 182/9786/9786
f 1744/9787/9787 184/9788/9788 170/9789/9789
f 1741/9790/9790 184/9791/9791 1744/9792/9792
f 1741/9793/9793 183/9794/9794 184/9795/9795
f 185/9796/9796 183/9797/9797 1741/9798/9798
f 185/9799/9799 175/9800/9800 183/9801/9801
f 188/9802/9802 175/9803/9803 185/9804/9804
f 188/9805/9805 174/9806/9806 175/9807/9807
f 161/9808/9808 174/9809/9809 188/9810/9810
f 161/9811/9811 1746/9812/9812 174/9813/9813
f 159/9814/9814 1746/9815/9815 161/9816/9816
f 159/9817/9817 1747/9818/9818 1746/9819/9819
f 1751/9820/9820 1747/9821/9821 159/9822/9822
f 1751/9823/9823 1749/9824/9824 1747/9825/9825
f 1752/9826/9826 1749/9827/9827 1751/9828/9828
f 1752/9829/9829 1748/9830/9830 1749/9831/9831
f 1755/9832/9832 1748/9833/9833 1752/9834/9834
f 246/9835/9835 235/9836/9836 236/9837/9837
f 246/9838/9838 255/9839/9839 235/9840/9840
f 247/9841/9841 255/9842/9842 246/9843/9843
f 247/9844/9844 254/9845/9845 255/9846/9846
f 251/9847/9847 254/9848/9848 247/9849/9849
f 251/9850/9850 1769/9851/9851 254/9852/9852
f 1774/9853/9853 1769/9854/9854 251/9855/9855
f 1774/9856/9856 1772/9857/9857 1769/9858/9858
f 1758/9859/9859 1772/9860/9860 1774/9861/9861
f 1758/9862/9862 1771/9863/9863 1772/9864/9864
f 1759/9865/9865 1771/9866/9866 1758/9867/9867
f 1759/9868/9868 237/9869/9869 1771/9870/9870
f 1780/9871/9871 237/9872/9872 1759/9873/9873
f 1780/9874/9874 239/9875/9875 237/9876/9876
f 1777/9877/9877 239/9878/9878 1780/9879/9879
f 1777/9880/9880 249/9881/9881 239/9882/9882
f 1778/9883/9883 249/9884/9884 1777/9885/9885
f 1778/9886/9886 1819/9887/9887 249/9888/9888
f 154/9889/9889 1794/9890/9890 162/9891/9891
f 154/9892/9892 1793/9893/9893 1794/9894/9894
f 151/9895/9895 1793/9896/9896 154/9897/9897
f 151/9898/9898 1800/9899/9899 1793/9900/9900
f 165/9901/9901 1800/9902/9902 151/9903/9903
f 165/9904/9904 273/9905/9905 1800/9906/9906
f 192/9907/9907 273/9908/9908 165/9909/9909
f 192/9910/9910 272/9911/9911 273/9912/9912
f 31/9913/9913 272/9914/9914 192/9915/9915
f 31/9916/9916 1791/9917/9917 272/9918/9918
f 1817/9919/9919 1791/9920/9920 31/9921/9921
f 1817/9922/9922 269/9923/9923 1791/9924/9924
f 1818/9925/9925 269/9926/9926 1817/9927/9927
f 1818/9928/9928 268/9929/9929 269/9930/9930
f 1826/9931/9931 268/9932/9932 1818/9933/9933
f 1826/9934/9934 1802/9935/9935 268/9936/9936
f 1612/9937/9937 1802/9938/9938 1826/9939/9939
f 1612/9940/9940 1783/9941/9941 1802/9942/9942
f 1613/9943/9943 1783/9944/9944 1612/9945/9945
f 1613/9946/9946 1782/9947/9947 1783/9948/9948
f 1614/9949/9949 1782/9950/9950 1613/9951/9951
f 1614/9952/9952 1792/9953/9953 1782/9954/9954
f 1615/9955/9955 1792/9956/9956 1614/9957/9957
f 1615/9958/9958 274/9959/9959 1792/9960/9960
f 1827/9961/9961 274/9962/9962 1615/9963/9963
f 1827/9964/9964 261/9965/9965 274/9966/9966
f 263/9967/9967 261/9968/9968 1827/9969/9969
f 1788/9970/9970 268/9971/9971 1802/9972/9972
f 1788/9973/9973 270/9974/9974 268/9975/9975
f 1789/9976/9976 270/9977/9977 1788/9978/9978
f 1789/9979/9979 1801/9980/9980 270/9981/9981
f 1790/9982/9982 1801/9983/9983 1789/9984/9984
f 1790/9985/9985 1796/9986/9986 1801/9987/9987
f 1785/9988/9988 1796/9989/9989 1790/9990/9990
f 1785/9991/9991 1795/9992/9992 1796/9993/9993
f 1786/9994/9994 1795/9995/9995 1785/9996/9996
f 1786/9997/9997 1799/9998/9998 1795/9999/9999
f 266/10000/10000 1799/10001/10001 1786/10002/10002
f 266/10003/10003 1803/10004/10004 1799/10005/10005
f 267/10006/10006 1803/10007/10007 266/10008/10008
f 267/10009/10009 1797/10010/10010 1803/10011/10011
f 258/10012/10012 1797/10013/10013 267/10014/10014
f 258/10015/10015 193/10016/10016 1797/10017/10017
f 259/10018/10018 193/10019/10019 258/10020/10020
f 2162/10021/10021 1855/10022/10022 1856/10023/10023
f 2162/10024/10024 1845/10025/10025 1855/10026/10026
f 421/10027/10027 1845/10028/10028 2162/10029/10029
f 421/10030/10030 1859/10031/10031 1845/10032/10032
f 422/10033/10033 1859/10034/10034 421/10035/10035
f 422/10036/10036 438/10037/10037 1859/10038/10038
f 405/10039/10039 438/10040/10040 422/10041/10041
f 405/10042/10042 439/10043/10043 438/10044/10044
f 406/10045/10045 439/10046/10046 405/10047/10047
f 406/10048/10048 1828/10049/10049 439/10050/10050
f 404/10051/10051 1828/10052/10052 406/10053/10053
f 404/10054/10054 1829/10055/10055 1828/10056/10056
f 1842/10057/10057 1829/10058/10058 404/10059/10059
f 1842/10060/10060 1863/10061/10061 1829/10062/10062
f 434/10063/10063 1863/10064/10064 1842/10065/10065
f 434/10066/10066 375/10067/10067 1863/10068/10068
f 443/10069/10069 375/10070/10070 434/10071/10071
f 443/10072/10072 442/10073/10073 375/10074/10074
f 2193/10075/10075 1831/10076/10076 2192/10077/10077
f 2193/10078/10078 1833/10079/10079 1831/10080/10080
f 2194/10081/10081 1833/10082/10082 2193/10083/10083
f 2194/10084/10084 1856/10085/10085 1833/10086/10086
f 379/10087/10087 1856/10088/10088 2194/10089/10089
f 379/10090/10090 2162/10091/10091 1856/10092/10092
f 374/10093/10093 2162/10094/10094 379/10095/10095
f 374/10096/10096 2163/10097/10097 2162/10098/10098
f 1834/10099/10099 2163/10100/10100 374/10101/10101
f 1834/10102/10102 2164/10103/10103 2163/10104/10104
f 1836/10105/10105 2164/10106/10106 1834/10107/10107
f 1836/10108/10108 413/10109/10109 2164/10110/10110
f 1838/10111/10111 413/10112/10112 1836/10113/10113
f 1838/10114/10114 412/10115/10115 413/10116/10116
f 1839/10117/10117 412/10118/10118 1838/10119/10119
f 1839/10120/10120 428/10121/10121 412/10122/10122
f 436/10123/10123 437/10124/10124 415/10125/10125
f 436/10126/10126 383/10127/10127 437/10128/10128
f 1854/10129/10129 383/10130/10130 436/10131/10131
f 1854/10132/10132 385/10133/10133 383/10134/10134
f 1843/10135/10135 385/10136/10136 1854/10137/10137
f 1843/10138/10138 1862/10139/10139 385/10140/10140
f 1844/10141/10141 1862/10142/10142 1843/10143/10143
f 1844/10144/10144 1846/10145/10145 1862/10146/10146
f 392/10147/10147 1846/10148/10148 1844/10149/10149
f 392/10150/10150 1845/10151/10151 1846/10152/10152
f 379/10153/10153 1845/10154/10154 392/10155/10155
f 379/10156/10156 1855/10157/10157 1845/10158/10158
f 2194/10159/10159 1855/10160/10160 379/10161/10161
f 2194/10162/10162 1832/10163/10163 1855/10164/10164
f 2193/10165/10165 1832/10166/10166 2194/10167/10167
f 2193/10168/10168 433/10169/10169 1832/10170/10170
f 2192/10171/10171 433/10172/10172 2193/10173/10173
f 2192/10174/10174 431/10175/10175 433/10176/10176
f 1831/10177/10177 431/10178/10178 2192/10179/10179
f 1831/10180/10180 430/10181/10181 431/10182/10182
f 1908/10183/10183 610/10184/10184 548/10185/10185
f 1908/10186/10186 611/10187/10187 610/10188/10188
f 599/10189/10189 611/10190/10190 1908/10191/10191
f 599/10192/10192 613/10193/10193 611/10194/10194
f 616/10195/10195 613/10196/10196 599/10197/10197
f 616/10198/10198 612/10199/10199 613/10200/10200
f 1927/10201/10201 612/10202/10202 616/10203/10203
f 1927/10204/10204 562/10205/10205 612/10206/10206
f 1909/10207/10207 562/10208/10208 1927/10209/10209
f 1909/10210/10210 547/10211/10211 562/10212/10212
f 1910/10213/10213 547/10214/10214 1909/10215/10215
f 1910/10216/10216 1931/10217/10217 547/10218/10218
f 1930/10219/10219 1931/10220/10220 1910/10221/10221
f 1930/10222/10222 1911/10223/10223 1931/10224/10224
f 608/10225/10225 1911/10226/10226 1930/10227/10227
f 608/10228/10228 1918/10229/10229 1911/10230/10230
f 606/10231/10231 1918/10232/10232 608/10233/10233
f 606/10234/10234 585/10235/10235 1918/10236/10236
f 1903/10237/10237 585/10238/10238 606/10239/10239
f 1903/10240/10240 584/10241/10241 585/10242/10242
f 1904/10243/10243 584/10244/10244 1903/10245/10245
f 1904/10246/10246 604/10247/10247 584/10248/10248
f 585/10249/10249 604/10250/10250 1904/10251/10251
f 585/10252/10252 586/10253/10253 604/10254/10254
f 2195/10255/10255 1920/10256/10256 1924/10257/10257
f 2195/10258/10258 1898/10259/10259 1920/10260/10260
f 551/10261/10261 1898/10262/10262 2195/10263/10263
f 551/10264/10264 1892/10265/10265 1898/10266/10266
f 545/10267/10267 1892/10268/10268 551/10269/10269
f 545/10270/10270 1894/10271/10271 1892/10272/10272
f 1919/10273/10273 1894/10274/10274 545/10275/10275
f 1919/10276/10276 1905/10277/10277 1894/10278/10278
f 1900/10279/10279 1905/10280/10280 1919/10281/10281
f 1900/10282/10282 583/10283/10283 1905/10284/10284
f 1901/10285/10285 583/10286/10286 1900/10287/10287
f 1901/10288/10288 582/10289/10289 583/10290/10290
f 1902/10291/10291 582/10292/10292 1901/10293/10293
f 1902/10294/10294 603/10295/10295 582/10296/10296
f 583/10297/10297 603/10298/10298 1902/10299/10299
f 583/10300/10300 581/10301/10301 603/10302/10302
f 1907/10303/10303 1914/10304/10304 1916/10305/10305
f 1907/10306/10306 1913/10307/10307 1914/10308/10308
f 553/10309/10309 1913/10310/10310 1907/10311/10311
f 553/10312/10312 1897/10313/10313 1913/10314/10314
f 551/10315/10315 1897/10316/10316 553/10317/10317
f 551/10318/10318 1896/10319/10319 1897/10320/10320
f 2195/10321/10321 1896/10322/10322 551/10323/10323
f 2195/10324/10324 1923/10325/10325 1896/10326/10326
f 1924/10327/10327 1923/10328/10328 2195/10329/10329
f 1924/10330/10330 1922/10331/10331 1923/10332/10332
f 1925/10333/10333 1922/10334/10334 1924/10335/10335
f 1925/10336/10336 600/10337/10337 1922/10338/10338
f 1921/10339/10339 600/10340/10340 1925/10341/10341
f 1921/10342/10342 602/10343/10343 600/10344/10344
f 1922/10345/10345 602/10346/10346 1921/10347/10347
f 1922/10348/10348 601/10349/10349 602/10350/10350
f 600/10351/10351 601/10352/10352 1922/10353/10353
f 638/10354/10354 1940/10355/10355 1936/10356/10356
f 638/10357/10357 1939/10358/10358 1940/10359/10359
f 639/10360/10360 1939/10361/10361 638/10362/10362
f 639/10363/10363 1933/10364/10364 1939/10365/10365
f 643/10366/10366 1933/10367/10367 639/10368/10368
f 643/10369/10369 1935/10370/10370 1933/10371/10371
f 652/10372/10372 1935/10373/10373 643/10374/10374
f 652/10375/10375 631/10376/10376 1935/10377/10377
f 642/10378/10378 631/10379/10379 652/10380/10380
f 642/10381/10381 635/10382/10382 631/10383/10383
f 640/10384/10384 635/10385/10385 642/10386/10386
f 640/10387/10387 636/10388/10388 635/10389/10389
f 2196/10390/10390 636/10391/10391 640/10392/10392
f 2196/10393/10393 1938/10394/10394 636/10395/10395
f 2197/10396/10396 1938/10397/10397 2196/10398/10398
f 2197/10399/10399 1937/10400/10400 1938/10401/10401
f 665/10402/10402 770/10403/10403 664/10404/10404
f 665/10405/10405 1946/10406/10406 770/10407/10407
f 688/10408/10408 1946/10409/10409 665/10410/10410
f 688/10411/10411 1945/10412/10412 1946/10413/10413
f 678/10414/10414 1945/10415/10415 688/10416/10416
f 678/10417/10417 1950/10418/10418 1945/10419/10419
f 681/10420/10420 1950/10421/10421 678/10422/10422
f 681/10423/10423 1947/10424/10424 1950/10425/10425
f 683/10426/10426 1947/10427/10427 681/10428/10428
f 683/10429/10429 661/10430/10430 1947/10431/10431
f 1953/10432/10432 661/10433/10433 683/10434/10434
f 1953/10435/10435 658/10436/10436 661/10437/10437
f 1954/10438/10438 658/10439/10439 1953/10440/10440
f 1954/10441/10441 659/10442/10442 658/10443/10443
f 1955/10444/10444 659/10445/10445 1954/10446/10446
f 1955/10447/10447 1951/10448/10448 659/10449/10449
f 1980/10450/10450 702/10451/10451 633/10452/10452
f 1980/10453/10453 707/10454/10454 702/10455/10455
f 716/10456/10456 707/10457/10457 1980/10458/10458
f 716/10459/10459 703/10460/10460 707/10461/10461
f 714/10462/10462 703/10463/10463 716/10464/10464
f 714/10465/10465 695/10466/10466 703/10467/10467
f 726/10468/10468 695/10469/10469 714/10470/10470
f 726/10471/10471 732/10472/10472 695/10473/10473
f 1956/10474/10474 732/10475/10475 726/10476/10476
f 1956/10477/10477 731/10478/10478 732/10479/10479
f 710/10480/10480 731/10481/10481 1956/10482/10482
f 710/10483/10483 1969/10484/10484 731/10485/10485
f 708/10486/10486 1969/10487/10487 710/10488/10488
f 708/10489/10489 774/10490/10490 1969/10491/10491
f 738/10492/10492 774/10493/10493 708/10494/10494
f 738/10495/10495 775/10496/10496 774/10497/10497
f 1993/10498/10498 775/10499/10499 738/10500/10500
f 1993/10501/10501 741/10502/10502 775/10503/10503
f 766/10504/10504 741/10505/10505 1993/10506/10506
f 766/10507/10507 753/10508/10508 741/10509/10509
f 767/10510/10510 753/10511/10511 766/10512/10512
f 767/10513/10513 768/10514/10514 753/10515/10515
f 765/10516/10516 768/10517/10517 767/10518/10518
f 765/10519/10519 1987/10520/10520 768/10521/10521
f 2157/10522/10522 1987/10523/10523 765/10524/10524
f 2157/10525/10525 758/10526/10526 1987/10527/10527
f 735/10528/10528 758/10529/10529 2157/10530/10530
f 735/10531/10531 757/10532/10532 758/10533/10533
f 736/10534/10534 757/10535/10535 735/10536/10536
f 736/10537/10537 776/10538/10538 757/10539/10539
f 2159/10540/10540 46/10541/10541 47/10542/10542
f 2159/10543/10543 2158/10544/10544 46/10545/10545
f 1976/10546/10546 2158/10547/10547 2159/10548/10548
f 1976/10549/10549 1992/10550/10550 2158/10551/10551
f 1977/10552/10552 1992/10553/10553 1976/10554/10554
f 1977/10555/10555 1991/10556/10556 1992/10557/10557
f 1979/10558/10558 1991/10559/10559 1977/10560/10560
f 1979/10561/10561 751/10562/10562 1991/10563/10563
f 717/10564/10564 751/10565/10565 1979/10566/10566
f 717/10567/10567 662/10568/10568 751/10569/10569
f 718/10570/10570 662/10571/10571 717/10572/10572
f 718/10573/10573 663/10574/10574 662/10575/10575
f 1970/10576/10576 663/10577/10577 718/10578/10578
f 1970/10579/10579 1990/10580/10580 663/10581/10581
f 1971/10582/10582 1990/10583/10583 1970/10584/10584
f 1971/10585/10585 1989/10586/10586 1990/10587/10587
f 723/10588/10588 779/10589/10589 785/10590/10590
f 723/10591/10591 786/10592/10592 779/10593/10593
f 780/10594/10594 786/10595/10595 723/10596/10596
f 780/10597/10597 778/10598/10598 786/10599/10599
f 782/10600/10600 778/10601/10601 780/10602/10602
f 782/10603/10603 787/10604/10604 778/10605/10605
f 781/10606/10606 787/10607/10607 782/10608/10608
f 781/10609/10609 1998/10610/10610 787/10611/10611
f 1994/10612/10612 1998/10613/10613 781/10614/10614
f 1994/10615/10615 784/10616/10616 1998/10617/10617
f 1995/10618/10618 784/10619/10619 1994/10620/10620
f 1995/10621/10621 706/10622/10622 784/10623/10623
f 1996/10624/10624 706/10625/10625 1995/10626/10626
f 1996/10627/10627 704/10628/10628 706/10629/10629
f 1997/10630/10630 704/10631/10631 1996/10632/10632
f 1997/10633/10633 707/10634/10634 704/10635/10635
f 702/10636/10636 707/10637/10637 1997/10638/10638
f 800/10639/10639 798/10640/10640 797/10641/10641
f 800/10642/10642 799/10643/10643 798/10644/10644
f 750/10645/10645 799/10646/10646 800/10647/10647
f 750/10648/10648 1999/10649/10649 799/10650/10650
f 764/10651/10651 1999/10652/10652 750/10653/10653
f 764/10654/10654 790/10655/10655 1999/10656/10656
f 761/10657/10657 790/10658/10658 764/10659/10659
f 761/10660/10660 793/10661/10661 790/10662/10662
f 762/10663/10663 793/10664/10664 761/10665/10665
f 762/10666/10666 801/10667/10667 793/10668/10668
f 788/10669/10669 801/10670/10670 762/10671/10671
f 788/10672/10672 792/10673/10673 801/10674/10674
f 796/10675/10675 792/10676/10676 788/10677/10677
f 796/10678/10678 791/10679/10679 792/10680/10680
f 795/10681/10681 791/10682/10682 796/10683/10683
f 795/10684/10684 2000/10685/10685 791/10686/10686
f 799/10687/10687 2000/10688/10688 795/10689/10689
f 799/10690/10690 1999/10691/10691 2000/10692/10692
f 806/10693/10693 820/10694/10694 805/10695/10695
f 806/10696/10696 821/10697/10697 820/10698/10698
f 2161/10699/10699 821/10700/10700 806/10701/10701
f 2161/10702/10702 828/10703/10703 821/10704/10704
f 814/10705/10705 828/10706/10706 2161/10707/10707
f 814/10708/10708 829/10709/10709 828/10710/10710
f 811/10711/10711 829/10712/10712 814/10713/10713
f 811/10714/10714 845/10715/10715 829/10716/10716
f 837/10717/10717 845/10718/10718 811/10719/10719
f 837/10720/10720 844/10721/10721 845/10722/10722
f 2198/10723/10723 844/10724/10724 837/10725/10725
f 2198/10726/10726 843/10727/10727 844/10728/10728
f 2199/10729/10729 843/10730/10730 2198/10731/10731
f 2199/10732/10732 842/10733/10733 843/10734/10734
f 2200/10735/10735 842/10736/10736 2199/10737/10737
f 2200/10738/10738 834/10739/10739 842/10740/10740
f 847/10741/10741 834/10742/10742 2200/10743/10743
f 847/10744/10744 833/10745/10745 834/10746/10746
f 848/10747/10747 833/10748/10748 847/10749/10749
f 848/10750/10750 2006/10751/10751 833/10752/10752
f 2005/10753/10753 2006/10754/10754 848/10755/10755
f 2005/10756/10756 809/10757/10757 2006/10758/10758
f 826/10759/10759 809/10760/10760 2005/10761/10761
f 826/10762/10762 808/10763/10763 809/10764/10764
f 824/10765/10765 808/10766/10766 826/10767/10767
f 824/10768/10768 804/10769/10769 808/10770/10770
f 52/10771/10771 803/10772/10772 51/10773/10773
f 52/10774/10774 836/10775/10775 803/10776/10776
f 50/10777/10777 836/10778/10778 52/10779/10779
f 50/10780/10780 838/10781/10781 836/10782/10782
f 749/10783/10783 838/10784/10784 50/10785/10785
f 749/10786/10786 837/10787/10787 838/10788/10788
f 1574/10789/10789 837/10790/10790 749/10791/10791
f 1574/10792/10792 2198/10793/10793 837/10794/10794
f 1575/10795/10795 2198/10796/10796 1574/10797/10797
f 1575/10798/10798 2199/10799/10799 2198/10800/10800
f 772/10801/10801 2199/10802/10802 1575/10803/10803
f 772/10804/10804 2200/10805/10805 2199/10806/10806
f 771/10807/10807 2200/10808/10808 772/10809/10809
f 771/10810/10810 847/10811/10811 2200/10812/10812
f 850/10813/10813 847/10814/10814 771/10815/10815
f 850/10816/10816 846/10817/10817 847/10818/10818
f 878/10819/10819 2201/10820/10820 889/10821/10821
f 878/10822/10822 2202/10823/10823 2201/10824/10824
f 876/10825/10825 2202/10826/10826 878/10827/10827
f 876/10828/10828 2203/10829/10829 2202/10830/10830
f 879/10831/10831 2203/10832/10832 876/10833/10833
f 879/10834/10834 2204/10835/10835 2203/10836/10836
f 880/10837/10837 2204/10838/10838 879/10839/10839
f 880/10840/10840 2205/10841/10841 2204/10842/10842
f 881/10843/10843 2205/10844/10844 880/10845/10845
f 881/10846/10846 2206/10847/10847 2205/10848/10848
f 882/10849/10849 2206/10850/10850 881/10851/10851
f 882/10852/10852 2207/10853/10853 2206/10854/10854
f 883/10855/10855 2207/10856/10856 882/10857/10857
f 883/10858/10858 2208/10859/10859 2207/10860/10860
f 884/10861/10861 2208/10862/10862 883/10863/10863
f 884/10864/10864 2209/10865/10865 2208/10866/10866
f 865/10867/10867 2209/10868/10868 884/10869/10869
f 865/10870/10870 2210/10871/10871 2209/10872/10872
f 866/10873/10873 2210/10874/10874 865/10875/10875
f 866/10876/10876 2211/10877/10877 2210/10878/10878
f 867/10879/10879 2211/10880/10880 866/10881/10881
f 867/10882/10882 2212/10883/10883 2211/10884/10884
f 903/10885/10885 2212/10886/10886 867/10887/10887
f 903/10888/10888 2213/10889/10889 2212/10890/10890
f 887/10891/10891 2213/10892/10892 903/10893/10893
f 887/10894/10894 2214/10895/10895 2213/10896/10896
f 886/10897/10897 2214/10898/10898 887/10899/10899
f 886/10900/10900 2215/10901/10901 2214/10902/10902
f 874/10903/10903 2215/10904/10904 886/10905/10905
f 874/10906/10906 2216/10907/10907 2215/10908/10908
f 890/10909/10909 2216/10910/10910 874/10911/10911
f 890/10912/10912 2217/10913/10913 2216/10914/10914
f 862/10915/10915 2217/10916/10916 890/10917/10917
f 862/10918/10918 2218/10919/10919 2217/10920/10920
f 863/10921/10921 2218/10922/10922 862/10923/10923
f 863/10924/10924 2219/10925/10925 2218/10926/10926
f 864/10927/10927 2219/10928/10928 863/10929/10929
f 864/10930/10930 2220/10931/10931 2219/10932/10932
f 902/10933/10933 2220/10934/10934 864/10935/10935
f 902/10936/10936 2221/10937/10937 2220/10938/10938
f 868/10939/10939 2221/10940/10940 902/10941/10941
f 868/10942/10942 2222/10943/10943 2221/10944/10944
f 869/10945/10945 2222/10946/10946 868/10947/10947
f 869/10948/10948 2223/10949/10949 2222/10950/10950
f 870/10951/10951 2223/10952/10952 869/10953/10953
f 870/10954/10954 2224/10955/10955 2223/10956/10956
f 889/10957/10957 2224/10958/10958 870/10959/10959
f 889/10960/10960 2201/10961/10961 2224/10962/10962
f 891/10963/10963 862/10964/10964 873/10965/10965
f 891/10966/10966 888/10967/10967 862/10968/10968
f 894/10969/10969 888/10970/10970 891/10971/10971
f 894/10972/10972 870/10973/10973 888/10974/10974
f 899/10975/10975 870/10976/10976 894/10977/10977
f 899/10978/10978 877/10979/10979 870/10980/10980
f 900/10981/10981 877/10982/10982 899/10983/10983
f 900/10984/10984 881/10985/10985 877/10986/10986
f 898/10987/10987 881/10988/10988 900/10989/10989
f 898/10990/10990 885/10991/10991 881/10992/10992
f 897/10993/10993 885/10994/10994 898/10995/10995
f 897/10996/10996 867/10997/10997 885/10998/10998
f 872/10999/10999 867/11000/11000 897/11001/11001
f 872/11002/11002 875/11003/11003 867/11004/11004
f 873/11005/11005 875/11006/11006 872/11007/11007
f 873/11008/11008 862/11009/11009 875/11010/11010
f 931/11011/11011 2225/11012/11012 920/11013/11013
f 931/11014/11014 2226/11015/11015 2225/11016/11016
f 912/11017/11017 2226/11018/11018 931/11019/11019
f 912/11020/11020 2227/11021/11021 2226/11022/11022
f 910/11023/11023 2227/11024/11024 912/11025/11025
f 910/11026/11026 2228/11027/11027 2227/11028/11028
f 911/11029/11029 2228/11030/11030 910/11031/11031
f 911/11032/11032 2229/11033/11033 2228/11034/11034
f 944/11035/11035 2229/11036/11036 911/11037/11037
f 944/11038/11038 2230/11039/11039 2229/11040/11040
f 906/11041/11041 2230/11042/11042 944/11043/11043
f 906/11044/11044 2231/11045/11045 2230/11046/11046
f 904/11047/11047 2231/11048/11048 906/11049/11049
f 904/11050/11050 2232/11051/11051 2231/11052/11052
f 905/11053/11053 2232/11054/11054 904/11055/11055
f 905/11056/11056 2233/11057/11057 2232/11058/11058
f 932/11059/11059 2233/11060/11060 905/11061/11061
f 932/11062/11062 2234/11063/11063 2233/11064/11064
f 916/11065/11065 2234/11066/11066 932/11067/11067
f 916/11068/11068 2235/11069/11069 2234/11070/11070
f 928/11071/11071 2235/11072/11072 916/11073/11073
f 928/11074/11074 2236/11075/11075 2235/11076/11076
f 929/11077/11077 2236/11078/11078 928/11079/11079
f 929/11080/11080 2237/11081/11081 2236/11082/11082
f 945/11083/11083 2237/11084/11084 929/11085/11085
f 945/11086/11086 2238/11087/11087 2237/11088/11088
f 909/11089/11089 2238/11090/11090 945/11091/11091
f 909/11092/11092 2239/11093/11093 2238/11094/11094
f 907/11095/11095 2239/11096/11096 909/11097/11097
f 907/11098/11098 2240/11099/11099 2239/11100/11100
f 908/11101/11101 2240/11102/11102 907/11103/11103
f 908/11104/11104 2241/11105/11105 2240/11106/11106
f 927/11107/11107 2241/11108/11108 908/11109/11109
f 927/11110/11110 2242/11111/11111 2241/11112/11112
f 925/11113/11113 2242/11114/11114 927/11115/11115
f 925/11116/11116 2243/11117/11117 2242/11118/11118
f 924/11119/11119 2243/11120/11120 925/11121/11121
f 924/11122/11122 2244/11123/11123 2243/11124/11124
f 923/11125/11125 2244/11126/11126 924/11127/11127
f 923/11128/11128 2245/11129/11129 2244/11130/11130
f 922/11131/11131 2245/11132/11132 923/11133/11133
f 922/11134/11134 2246/11135/11135 2245/11136/11136
f 921/11137/11137 2246/11138/11138 922/11139/11139
f 921/11140/11140 2247/11141/11141 2246/11142/11142
f 919/11143/11143 2247/11144/11144 921/11145/11145
f 919/11146/11146 2248/11147/11147 2247/11148/11148
f 920/11149/11149 2248/11150/11150 919/11151/11151
f 920/11152/11152 2225/11153/11153 2248/11154/11154
f 915/11155/11155 930/11156/11156 933/11157/11157
f 915/11158/11158 905/11159/11159 930/11160/11160
f 913/11161/11161 905/11162/11162 915/11163/11163
f 913/11164/11164 917/11165/11165 905/11166/11166
f 939/11167/11167 917/11168/11168 913/11169/11169
f 939/11170/11170 909/11171/11171 917/11172/11172
f 940/11173/11173 909/11174/11174 939/11175/11175
f 940/11176/11176 926/11177/11177 909/11178/11178
f 942/11179/11179 926/11180/11180 940/11181/11181
f 942/11182/11182 923/11183/11183 926/11184/11184
f 941/11185/11185 923/11186/11186 942/11187/11187
f 941/11188/11188 918/11189/11189 923/11190/11190
f 936/11191/11191 918/11192/11192 941/11193/11193
f 936/11194/11194 912/11195/11195 918/11196/11196
f 933/11197/11197 912/11198/11198 936/11199/11199
f 933/11200/11200 930/11201/11201 912/11202/11202
f 2094/11203/11203 2086/11204/11204 2097/11205/11205
f 2094/11206/11206 2085/11207/11207 2086/11208/11208
f 946/11209/11209 2085/11210/11210 2094/11211/11211
f 946/11212/11212 2093/11213/11213 2085/11214/11214
f 956/11215/11215 2093/11216/11216 946/11217/11217
f 956/11218/11218 958/11219/11219 2093/11220/11220
f 2082/11221/11221 958/11222/11222 956/11223/11223
f 2082/11224/11224 954/11225/11225 958/11226/11226
f 2081/11227/11227 954/11228/11228 2082/11229/11229
f 2081/11230/11230 959/11231/11231 954/11232/11232
f 949/11233/11233 959/11234/11234 2081/11235/11235
f 949/11236/11236 952/11237/11237 959/11238/11238
f 950/11239/11239 952/11240/11240 949/11241/11241
f 950/11242/11242 951/11243/11243 952/11244/11244
f 2096/11245/11245 951/11246/11246 950/11247/11247
f 2096/11248/11248 2092/11249/11249 951/11250/11250
f 2099/11251/11251 2092/11252/11252 2096/11253/11253
f 2099/11254/11254 2091/11255/11255 2092/11256/11256
f 2105/11257/11257 2116/11258/11258 2104/11259/11259
f 2105/11260/11260 2112/11261/11261 2116/11262/11262
f 971/11263/11263 2112/11264/11264 2105/11265/11265
f 971/11266/11266 961/11267/11267 2112/11268/11268
f 968/11269/11269 961/11270/11270 971/11271/11271
f 968/11272/11272 972/11273/11273 961/11274/11274
f 969/11275/11275 972/11276/11276 968/11277/11277
f 969/11278/11278 2101/11279/11279 972/11280/11280
f 965/11281/11281 2101/11282/11282 969/11283/11283
f 965/11284/11284 2100/11285/11285 2101/11286/11286
f 966/11287/11287 2100/11288/11288 965/11289/11289
f 966/11290/11290 973/11291/11291 2100/11292/11292
f 2114/11293/11293 973/11294/11294 966/11295/11295
f 2114/11296/11296 964/11297/11297 973/11298/11298
f 2110/11299/11299 964/11300/11300 2114/11301/11301
f 2110/11302/11302 2115/11303/11303 964/11304/11304
f 2111/11305/11305 2115/11306/11306 2110/11307/11307
f 2111/11308/11308 2118/11309/11309 2115/11310/11310
f 978/11311/11311 2123/11312/11312 2120/11313/11313
f 978/11314/11314 1017/11315/11315 2123/11316/11316
f 977/11317/11317 1017/11318/11318 978/11319/11319
f 977/11320/11320 1016/11321/11321 1017/11322/11322
f 975/11323/11323 1016/11324/11324 977/11325/11325
f 975/11326/11326 2249/11327/11327 1016/11328/11328
f 976/11329/11329 2249/11330/11330 975/11331/11331
f 976/11332/11332 2250/11333/11333 2249/11334/11334
f 1008/11335/11335 2250/11336/11336 976/11337/11337
f 1008/11338/11338 1030/11339/11339 2250/11340/11340
f 1010/11341/11341 1030/11342/11342 1008/11343/11343
f 1010/11344/11344 1024/11345/11345 1030/11346/11346
f 1046/11347/11347 1024/11348/11348 1010/11349/11349
f 1046/11350/11350 1023/11351/11351 1024/11352/11352
f 1047/11353/11353 1023/11354/11354 1046/11355/11355
f 1047/11356/11356 1038/11357/11357 1023/11358/11358
f 1048/11359/11359 1038/11360/11360 1047/11361/11361
f 1048/11362/11362 1032/11363/11363 1038/11364/11364
f 2251/11365/11365 1032/11366/11366 1048/11367/11367
f 2251/11368/11368 1034/11369/11369 1032/11370/11370
f 2252/11371/11371 1034/11372/11372 2251/11373/11373
f 2252/11374/11374 1051/11375/11375 1034/11376/11376
f 1000/11377/11377 1051/11378/11378 2252/11379/11379
f 1000/11380/11380 1012/11381/11381 1051/11382/11382
f 1001/11383/11383 1012/11384/11384 1000/11385/11385
f 1001/11386/11386 1014/11387/11387 1012/11388/11388
f 1004/11389/11389 1014/11390/11390 1001/11391/11391
f 1004/11392/11392 1049/11393/11393 1014/11394/11394
f 1005/11395/11395 1049/11396/11396 1004/11397/11397
f 1005/11398/11398 2124/11399/11399 1049/11400/11400
f 2121/11401/11401 2124/11402/11402 1005/11403/11403
f 2121/11404/11404 1042/11405/11405 2124/11406/11406
f 1015/11407/11407 1042/11408/11408 2121/11409/11409
f 1015/11410/11410 1041/11411/11411 1042/11412/11412
f 996/11413/11413 1041/11414/11414 1015/11415/11415
f 996/11416/11416 1045/11417/11417 1041/11418/11418
f 1035/11419/11419 1045/11420/11420 996/11421/11421
f 1035/11422/11422 1044/11423/11423 1045/11424/11424
f 1050/11425/11425 1044/11426/11426 1035/11427/11427
f 1050/11428/11428 2253/11429/11429 1044/11430/11430
f 993/11431/11431 2253/11432/11432 1050/11433/11433
f 993/11434/11434 2254/11435/11435 2253/11436/11436
f 991/11437/11437 2254/11438/11438 993/11439/11439
f 991/11440/11440 995/11441/11441 2254/11442/11442
f 1002/11443/11443 995/11444/11444 991/11445/11445
f 1002/11446/11446 994/11447/11447 995/11448/11448
f 981/11449/11449 994/11450/11450 1002/11451/11451
f 981/11452/11452 988/11453/11453 994/11454/11454
f 982/11455/11455 988/11456/11456 981/11457/11457
f 982/11458/11458 987/11459/11459 988/11460/11460
f 989/11461/11461 987/11462/11462 982/11463/11463
f 989/11464/11464 1028/11465/11465 987/11466/11466
f 2255/11467/11467 1028/11468/11468 989/11469/11469
f 2255/11470/11470 1019/11471/11471 1028/11472/11472
f 2256/11473/11473 1019/11474/11474 2255/11475/11475
f 2256/11476/11476 1021/11477/11477 1019/11478/11478
f 984/11479/11479 1021/11480/11480 2256/11481/11481
f 984/11482/11482 1026/11483/11483 1021/11484/11484
f 985/11485/11485 1026/11486/11486 984/11487/11487
f 985/11488/11488 1027/11489/11489 1026/11490/11490
f 2120/11491/11491 1027/11492/11492 985/11493/11493
f 2120/11494/11494 2123/11495/11495 1027/11496/11496
f 986/11497/11497 2254/11498/11498 995/11499/11499
f 986/11500/11500 2253/11501/11501 2254/11502/11502
f 1029/11503/11503 2253/11504/11504 986/11505/11505
f 1029/11506/11506 1044/11507/11507 2253/11508/11508
f 1019/11509/11509 1044/11510/11510 1029/11511/11511
f 1019/11512/11512 1043/11513/11513 1044/11514/11514
f 1020/11515/11515 1043/11516/11516 1019/11517/11517
f 1020/11518/11518 1023/11519/11519 1043/11520/11520
f 1022/11521/11521 1023/11522/11522 1020/11523/11523
f 1022/11524/11524 1025/11525/11525 1023/11526/11526
f 1016/11527/11527 1025/11528/11528 1022/11529/11529
f 1016/11530/11530 2122/11531/11531 1025/11532/11532
f 2249/11533/11533 2122/11534/11534 1016/11535/11535
f 2249/11536/11536 1031/11537/11537 2122/11538/11538
f 2250/11539/11539 1031/11540/11540 2249/11541/11541
f 2250/11542/11542 1030/11543/11543 1031/11544/11544
f 1011/11545/11545 2251/11546/11546 1048/11547/11547
f 1011/11548/11548 2252/11549/11549 2251/11550/11550
f 1009/11551/11551 2252/11552/11552 1011/11553/11553
f 1009/11554/11554 1000/11555/11555 2252/11556/11556
f 976/11557/11557 1000/11558/11558 1009/11559/11559
f 976/11560/11560 1007/11561/11561 1000/11562/11562
f 974/11563/11563 1007/11564/11564 976/11565/11565
f 974/11566/11566 981/11567/11567 1007/11568/11568
f 983/11569/11569 981/11570/11570 974/11571/11571
f 983/11572/11572 980/11573/11573 981/11574/11574
f 984/11575/11575 980/11576/11576 983/11577/11577
f 984/11578/11578 2119/11579/11579 980/11580/11580
f 2256/11581/11581 2119/11582/11582 984/11583/11583
f 2256/11584/11584 990/11585/11585 2119/11586/11586
f 2255/11587/11587 990/11588/11588 2256/11589/11589
f 2255/11590/11590 989/11591/11591 990/11592/11592
f 2125/11593/11593 2128/11594/11594 1063/11595/11595
f 2125/11596/11596 1110/11597/11597 2128/11598/11598
f 1069/11599/11599 1110/11600/11600 2125/11601/11601
f 1069/11602/11602 1109/11603/11603 1110/11604/11604
f 1057/11605/11605 1109/11606/11606 1069/11607/11607
f 1057/11608/11608 1104/11609/11609 1109/11610/11610
f 1111/11611/11611 1104/11612/11612 1057/11613/11613
f 1111/11614/11614 1103/11615/11615 1104/11616/11616
f 1129/11617/11617 1103/11618/11618 1111/11619/11619
f 1129/11620/11620 2257/11621/11621 1103/11622/11622
f 1070/11623/11623 2257/11624/11624 1129/11625/11625
f 1070/11626/11626 2258/11627/11627 2257/11628/11628
f 1065/11629/11629 2258/11630/11630 1070/11631/11631
f 1065/11632/11632 1077/11633/11633 2258/11634/11634
f 1061/11635/11635 1077/11636/11636 1065/11637/11637
f 1061/11638/11638 1076/11639/11639 1077/11640/11640
f 1095/11641/11641 1076/11642/11642 1061/11643/11643
f 1095/11644/11644 1053/11645/11645 1076/11646/11646
f 1073/11647/11647 1053/11648/11648 1095/11649/11649
f 1073/11650/11650 1052/11651/11651 1053/11652/11652
f 1074/11653/11653 1052/11654/11654 1073/11655/11655
f 1074/11656/11656 1099/11657/11657 1052/11658/11658
f 2259/11659/11659 1099/11660/11660 1074/11661/11661
f 2259/11662/11662 1106/11663/11663 1099/11664/11664
f 2260/11665/11665 1106/11666/11666 2259/11667/11667
f 2260/11668/11668 1125/11669/11669 1106/11670/11670
f 1093/11671/11671 1125/11672/11672 2260/11673/11673
f 1093/11674/11674 1123/11675/11675 1125/11676/11676
f 1092/11677/11677 1123/11678/11678 1093/11679/11679
f 1092/11680/11680 1122/11681/11681 1123/11682/11682
f 2127/11683/11683 1122/11684/11684 1092/11685/11685
f 2127/11686/11686 2129/11687/11687 1122/11688/11688
f 1089/11689/11689 2129/11690/11690 2127/11691/11691
f 1089/11692/11692 1128/11693/11693 2129/11694/11694
f 1087/11695/11695 1128/11696/11696 1089/11697/11697
f 1087/11698/11698 1118/11699/11699 1128/11700/11700
f 1086/11701/11701 1118/11702/11702 1087/11703/11703
f 1086/11704/11704 2261/11705/11705 1118/11706/11706
f 1084/11707/11707 2261/11708/11708 1086/11709/11709
f 1084/11710/11710 2262/11711/11711 2261/11712/11712
f 1080/11713/11713 2262/11714/11714 1084/11715/11715
f 1080/11716/11716 1114/11717/11717 2262/11718/11718
f 1078/11719/11719 1114/11720/11720 1080/11721/11721
f 1078/11722/11722 1113/11723/11723 1114/11724/11724
f 1115/11725/11725 1113/11726/11726 1078/11727/11727
f 1115/11728/11728 1120/11729/11729 1113/11730/11730
f 1126/11731/11731 1120/11732/11732 1115/11733/11733
f 1126/11734/11734 1101/11735/11735 1120/11736/11736
f 1127/11737/11737 1101/11738/11738 1126/11739/11739
f 1127/11740/11740 1107/11741/11741 1101/11742/11742
f 2263/11743/11743 1107/11744/11744 1127/11745/11745
f 2263/11746/11746 1082/11747/11747 1107/11748/11748
f 2264/11749/11749 1082/11750/11750 2263/11751/11751
f 2264/11752/11752 1081/11753/11753 1082/11754/11754
f 1060/11755/11755 1081/11756/11756 2264/11757/11757
f 1060/11758/11758 1068/11759/11759 1081/11760/11760
f 1058/11761/11761 1068/11762/11762 1060/11763/11763
f 1058/11764/11764 1067/11765/11765 1068/11766/11766
f 1062/11767/11767 1067/11768/11768 1058/11769/11769
f 1062/11770/11770 1097/11771/11771 1067/11772/11772
f 1063/11773/11773 1097/11774/11774 1062/11775/11775
f 1063/11776/11776 2128/11777/11777 1097/11778/11778
f 1054/11779/11779 2258/11780/11780 1077/11781/11781
f 1054/11782/11782 2257/11783/11783 2258/11784/11784
f 1105/11785/11785 2257/11786/11786 1054/11787/11787
f 1105/11788/11788 1103/11789/11789 2257/11790/11790
f 1106/11791/11791 1103/11792/11792 1105/11793/11793
f 1106/11794/11794 1124/11795/11795 1103/11796/11796
f 1119/11797/11797 1124/11798/11798 1106/11799/11799
f 1119/11800/11800 1120/11801/11801 1124/11802/11802
f 1117/11803/11803 1120/11804/11804 1119/11805/11805
f 1117/11806/11806 1121/11807/11807 1120/11808/11808
f 1118/11809/11809 1121/11810/11810 1117/11811/11811
f 1118/11812/11812 2130/11813/11813 1121/11814/11814
f 2261/11815/11815 2130/11816/11816 1118/11817/11817
f 2261/11818/11818 1112/11819/11819 2130/11820/11820
f 2262/11821/11821 1112/11822/11822 2261/11823/11823
f 2262/11824/11824 1114/11825/11825 1112/11826/11826
f 1079/11827/11827 2263/11828/11828 1127/11829/11829
f 1079/11830/11830 2264/11831/11831 2263/11832/11832
f 1088/11833/11833 2264/11834/11834 1079/11835/11835
f 1088/11836/11836 1060/11837/11837 2264/11838/11838
f 1084/11839/11839 1060/11840/11840 1088/11841/11841
f 1084/11842/11842 1096/11843/11843 1060/11844/11844
f 1085/11845/11845 1096/11846/11846 1084/11847/11847
f 1085/11848/11848 1095/11849/11849 1096/11850/11850
f 1091/11851/11851 1095/11852/11852 1085/11853/11853
f 1091/11854/11854 1094/11855/11855 1095/11856/11856
f 1093/11857/11857 1094/11858/11858 1091/11859/11859
f 1093/11860/11860 2126/11861/11861 1094/11862/11862
f 2260/11863/11863 2126/11864/11864 1093/11865/11865
f 2260/11866/11866 1072/11867/11867 2126/11868/11868
f 2259/11869/11869 1072/11870/11870 2260/11871/11871
f 2259/11872/11872 1074/11873/11873 1072/11874/11874
f 1202/11875/11875 1196/11876/11876 1178/11877/11877
f 1202/11878/11878 1213/11879/11879 1196/11880/11880
f 1203/11881/11881 1213/11882/11882 1202/11883/11883
f 1203/11884/11884 1212/11885/11885 1213/11886/11886
f 1138/11887/11887 1212/11888/11888 1203/11889/11889
f 1138/11890/11890 1171/11891/11891 1212/11892/11892
f 1136/11893/11893 1171/11894/11894 1138/11895/11895
f 1136/11896/11896 1170/11897/11897 1171/11898/11898
f 2132/11899/11899 1170/11900/11900 1136/11901/11901
f 2132/11902/11902 1173/11903/11903 1170/11904/11904
f 1132/11905/11905 1173/11906/11906 2132/11907/11907
f 1132/11908/11908 1163/11909/11909 1173/11910/11910
f 1149/11911/11911 1163/11912/11912 1132/11913/11913
f 1149/11914/11914 1162/11915/11915 1163/11916/11916
f 1150/11917/11917 1162/11918/11918 1149/11919/11919
f 1150/11920/11920 1165/11921/11921 1162/11922/11922
f 1175/11923/11923 1165/11924/11924 1150/11925/11925
f 1154/11926/11926 1163/11927/11927 1139/11928/11928
f 1154/11929/11929 1173/11930/11930 1163/11931/11931
f 1155/11932/11932 1173/11933/11933 1154/11934/11934
f 1155/11935/11935 1172/11936/11936 1173/11937/11937
f 1200/11938/11938 1172/11939/11939 1155/11940/11940
f 1200/11941/11941 1214/11942/11942 1172/11943/11943
f 1210/11944/11944 1214/11945/11945 1200/11946/11946
f 1210/11947/11947 1211/11948/11948 1214/11949/11949
f 2131/11950/11950 1211/11951/11951 1210/11952/11952
f 2131/11953/11953 1213/11954/11954 1211/11955/11955
f 1187/11956/11956 1213/11957/11957 2131/11958/11958
f 1187/11959/11959 1196/11960/11960 1213/11961/11961
f 1206/11962/11962 1196/11963/11963 1187/11964/11964
f 1206/11965/11965 1177/11966/11966 1196/11967/11967
f 1215/11968/11968 1177/11969/11969 1206/11970/11970
f 1215/11971/11971 1204/11972/11972 1177/11973/11973
f 1191/11974/11974 1204/11975/11975 1215/11976/11976
f 1239/11977/11977 2134/11978/11978 1296/11979/11979
f 1239/11980/11980 1245/11981/11981 2134/11982/11982
f 1273/11983/11983 1245/11984/11984 1239/11985/11985
f 1273/11986/11986 1244/11987/11987 1245/11988/11988
f 1303/11989/11989 1244/11990/11990 1273/11991/11991
f 1303/11992/11992 1219/11993/11993 1244/11994/11994
f 1299/11995/11995 1219/11996/11996 1303/11997/11997
f 1299/11998/11998 1221/11999/11999 1219/12000/12000
f 1305/12001/12001 1221/12002/12002 1299/12003/12003
f 1305/12004/12004 1246/12005/12005 1221/12006/12006
f 1306/12007/12007 1246/12008/12008 1305/12009/12009
f 1306/12010/12010 1263/12011/12011 1246/12012/12012
f 1307/12013/12013 1263/12014/12014 1306/12015/12015
f 1307/12016/12016 1262/12017/12017 1263/12018/12018
f 1411/12019/12019 1262/12020/12020 1307/12021/12021
f 1411/12022/12022 1241/12023/12023 1262/12024/12024
f 1228/12025/12025 1279/12026/12026 1226/12027/12027
f 1228/12028/12028 1281/12029/12029 1279/12030/12030
f 1277/12031/12031 1281/12032/12032 1228/12033/12033
f 1277/12034/12034 1272/12035/12035 1281/12036/12036
f 1285/12037/12037 1272/12038/12038 1277/12039/12039
f 1285/12040/12040 1271/12041/12041 1272/12042/12042
f 1231/12043/12043 1271/12044/12044 1285/12045/12045
f 1231/12046/12046 1300/12047/12047 1271/12048/12048
f 1250/12049/12049 1300/12050/12050 1231/12051/12051
f 1250/12052/12052 1216/12053/12053 1300/12054/12054
f 1236/12055/12055 1216/12056/12056 1250/12057/12057
f 1236/12058/12058 1297/12059/12059 1216/12060/12060
f 1234/12061/12061 1297/12062/12062 1236/12063/12063
f 1234/12064/12064 1304/12065/12065 1297/12066/12066
f 1267/12067/12067 1304/12068/12068 1234/12069/12069
f 1267/12070/12070 1307/12071/12071 1304/12072/12072
f 1301/12073/12073 1307/12074/12074 1267/12075/12075
f 1301/12076/12076 1411/12077/12077 1307/12078/12078
f 1240/12079/12079 2136/12080/12080 1242/12081/12081
f 1240/12082/12082 1383/12083/12083 2136/12084/12084
f 1387/12085/12085 1383/12086/12086 1240/12087/12087
f 1387/12088/12088 1338/12089/12089 1383/12090/12090
f 1371/12091/12091 1338/12092/12092 1387/12093/12093
f 1371/12094/12094 1390/12095/12095 1338/12096/12096
f 1369/12097/12097 1390/12098/12098 1371/12099/12099
f 1369/12100/12100 2140/12101/12101 1390/12102/12102
f 1391/12103/12103 2140/12104/12104 1369/12105/12105
f 1391/12106/12106 1313/12107/12107 2140/12108/12108
f 1385/12109/12109 1313/12110/12110 1391/12111/12111
f 1385/12112/12112 1312/12113/12113 1313/12114/12114
f 1310/12115/12115 1312/12116/12116 1385/12117/12117
f 1310/12118/12118 1389/12119/12119 1312/12120/12120
f 1308/12121/12121 1389/12122/12122 1310/12123/12123
f 1308/12124/12124 1332/12125/12125 1389/12126/12126
f 1358/12127/12127 1332/12128/12128 1308/12129/12129
f 1358/12130/12130 1331/12131/12131 1332/12132/12132
f 1356/12133/12133 1331/12134/12134 1358/12135/12135
f 1356/12136/12136 2137/12137/12137 1331/12138/12138
f 1376/12139/12139 2137/12140/12140 1356/12141/12141
f 1376/12142/12142 2142/12143/12143 2137/12144/12144
f 1380/12145/12145 2142/12146/12146 1376/12147/12147
f 1351/12148/12148 1369/12149/12149 1372/12150/12150
f 1351/12151/12151 1391/12152/12152 1369/12153/12153
f 1329/12154/12154 1391/12155/12155 1351/12156/12156
f 1329/12157/12157 1384/12158/12158 1391/12159/12159
f 1330/12160/12160 1384/12161/12161 1329/12162/12162
f 1330/12163/12163 1309/12164/12164 1384/12165/12165
f 1340/12166/12166 1309/12167/12167 1330/12168/12168
f 1340/12169/12169 1386/12170/12170 1309/12171/12171
f 1324/12172/12172 1386/12173/12173 1340/12174/12174
f 1324/12175/12175 1355/12176/12176 1386/12177/12177
f 1367/12178/12178 1355/12179/12179 1324/12180/12180
f 1367/12181/12181 1357/12182/12182 1355/12183/12183
f 1362/12184/12184 1357/12185/12185 1367/12186/12186
f 1362/12187/12187 1366/12188/12188 1357/12189/12189
f 1322/12190/12190 1366/12191/12191 1362/12192/12192
f 1322/12193/12193 1365/12194/12194 1366/12195/12195
f 1319/12196/12196 1365/12197/12197 1322/12198/12198
f 2265/12199/12199 1398/12200/12200 1397/12201/12201
f 2265/12202/12202 2266/12203/12203 1398/12204/12204
f 2267/12205/12205 2266/12206/12206 2265/12207/12207
f 2267/12208/12208 2268/12209/12209 2266/12210/12210
f 2269/12211/12211 2268/12212/12212 2267/12213/12213
f 2269/12214/12214 2270/12215/12215 2268/12216/12216
f 2271/12217/12217 2270/12218/12218 2269/12219/12219
f 2271/12220/12220 2272/12221/12221 2270/12222/12222
f 2273/12223/12223 2272/12224/12224 2271/12225/12225
f 2273/12226/12226 2274/12227/12227 2272/12228/12228
f 2275/12229/12229 2274/12230/12230 2273/12231/12231
f 2275/12232/12232 2276/12233/12233 2274/12234/12234
f 2277/12235/12235 2276/12236/12236 2275/12237/12237
f 2277/12238/12238 2278/12239/12239 2276/12240/12240
f 1453/12241/12241 2278/12242/12242 2277/12243/12243
f 1453/12244/12244 1485/12245/12245 2278/12246/12246
f 2279/12247/12247 1447/12248/12248 2143/12249/12249
f 2279/12250/12250 1412/12251/12251 1447/12252/12252
f 2280/12253/12253 1412/12254/12254 2279/12255/12255
f 2280/12256/12256 1413/12257/12257 1412/12258/12258
f 2281/12259/12259 1413/12260/12260 2280/12261/12261
f 2281/12262/12262 1446/12263/12263 1413/12264/12264
f 2282/12265/12265 1446/12266/12266 2281/12267/12267
f 2282/12268/12268 1465/12269/12269 1446/12270/12270
f 2283/12271/12271 1465/12272/12272 2282/12273/12273
f 2283/12274/12274 1464/12275/12275 1465/12276/12276
f 2284/12277/12277 1464/12278/12278 2283/12279/12279
f 2284/12280/12280 1498/12281/12281 1464/12282/12282
f 2285/12283/12283 1498/12284/12284 2284/12285/12285
f 2285/12286/12286 1494/12287/12287 1498/12288/12288
f 1350/12289/12289 1494/12290/12290 2285/12291/12291
f 1350/12292/12292 1372/12293/12293 1494/12294/12294
f 1398/12295/12295 1392/12296/12296 1266/12297/12297
f 1398/12298/12298 2143/12299/12299 1392/12300/12300
f 2266/12301/12301 2143/12302/12302 1398/12303/12303
f 2266/12304/12304 2279/12305/12305 2143/12306/12306
f 2268/12307/12307 2279/12308/12308 2266/12309/12309
f 2268/12310/12310 2280/12311/12311 2279/12312/12312
f 2270/12313/12313 2280/12314/12314 2268/12315/12315
f 2270/12316/12316 2281/12317/12317 2280/12318/12318
f 2272/12319/12319 2281/12320/12320 2270/12321/12321
f 2272/12322/12322 2282/12323/12323 2281/12324/12324
f 2274/12325/12325 2282/12326/12326 2272/12327/12327
f 2274/12328/12328 2283/12329/12329 2282/12330/12330
f 2276/12331/12331 2283/12332/12332 2274/12333/12333
f 2276/12334/12334 2284/12335/12335 2283/12336/12336
f 2278/12337/12337 2284/12338/12338 2276/12339/12339
f 2278/12340/12340 2285/12341/12341 2284/12342/12342
f 1485/12343/12343 2285/12344/12344 2278/12345/12345
f 1485/12346/12346 1350/12347/12347 2285/12348/12348
f 1339/12349/12349 1350/12350/12350 1485/12351/12351
f 1399/12352/12352 1397/12353/12353 1227/12354/12354
f 1399/12355/12355 2265/12356/12356 1397/12357/12357
f 1425/12358/12358 2265/12359/12359 1399/12360/12360
f 1425/12361/12361 2267/12362/12362 2265/12363/12363
f 1448/12364/12364 2267/12365/12365 1425/12366/12366
f 1448/12367/12367 2269/12368/12368 2267/12369/12369
f 2286/12370/12370 2269/12371/12371 1448/12372/12372
f 2286/12373/12373 2271/12374/12374 2269/12375/12375
f 1497/12376/12376 2271/12377/12377 2286/12378/12378
f 1497/12379/12379 2273/12380/12380 2271/12381/12381
f 1495/12382/12382 2273/12383/12383 1497/12384/12384
f 1495/12385/12385 2275/12386/12386 2273/12387/12387
f 1499/12388/12388 2275/12389/12389 1495/12390/12390
f 1499/12391/12391 2277/12392/12392 2275/12393/12393
f 1473/12394/12394 2277/12395/12395 1499/12396/12396
f 1473/12397/12397 1453/12398/12398 2277/12399/12399
f 1452/12400/12400 1453/12401/12401 1473/12402/12402
f 1424/12403/12403 1428/12404/12404 1423/12405/12405
f 1424/12406/12406 1414/12407/12407 1428/12408/12408
f 1427/12409/12409 1414/12410/12410 1424/12411/12411
f 1427/12412/12412 1448/12413/12413 1414/12414/12414
f 1426/12415/12415 1448/12416/12416 1427/12417/12417
f 1426/12418/12418 2286/12419/12419 1448/12420/12420
f 1439/12421/12421 2286/12422/12422 1426/12423/12423
f 1439/12424/12424 1497/12425/12425 2286/12426/12426
f 1444/12427/12427 1497/12428/12428 1439/12429/12429
f 1444/12430/12430 1496/12431/12431 1497/12432/12432
f 1493/12433/12433 1496/12434/12434 1444/12435/12435
f 1493/12436/12436 1475/12437/12437 1496/12438/12438
f 1471/12439/12439 1475/12440/12440 1493/12441/12441
f 1471/12442/12442 1474/12443/12443 1475/12444/12444
f 1488/12445/12445 1474/12446/12446 1471/12447/12447
f 1488/12448/12448 1477/12449/12449 1474/12450/12450
f 1490/12451/12451 1477/12452/12452 1488/12453/12453
f 1530/12454/12454 1404/12455/12455 1510/12456/12456
f 1530/12457/12457 1526/12458/12458 1404/12459/12459
f 1531/12460/12460 1526/12461/12461 1530/12462/12462
f 1531/12463/12463 1527/12464/12464 1526/12465/12465
f 1529/12466/12466 1527/12467/12467 1531/12468/12468
f 1529/12469/12469 1522/12470/12470 1527/12471/12471
f 1528/12472/12472 1522/12473/12473 1529/12474/12474
f 1528/12475/12475 1501/12476/12476 1522/12477/12477
f 1533/12478/12478 1501/12479/12479 1528/12480/12480
f 1533/12481/12481 1513/12482/12482 1501/12483/12483
f 1534/12484/12484 1513/12485/12485 1533/12486/12486
f 1534/12487/12487 1515/12488/12488 1513/12489/12489
f 1551/12490/12490 1515/12491/12491 1534/12492/12492
f 1551/12493/12493 1565/12494/12494 1515/12495/12495
f 1552/12496/12496 1565/12497/12497 1551/12498/12498
f 1552/12499/12499 2156/12500/12500 1565/12501/12501
f 1562/12502/12502 2156/12503/12503 1552/12504/12504
f 1516/12505/12505 1500/12506/12506 1501/12507/12507
f 1516/12508/12508 2148/12509/12509 1500/12510/12510
f 1523/12511/12511 2148/12512/12512 1516/12513/12513
f 1523/12514/12514 1507/12515/12515 2148/12516/12516
f 1537/12517/12517 1507/12518/12518 1523/12519/12519
f 1537/12520/12520 1504/12521/12521 1507/12522/12522
f 2146/12523/12523 1504/12524/12524 1537/12525/12525
f 2146/12526/12526 1440/12527/12527 1504/12528/12528
f 2147/12529/12529 1440/12530/12530 2146/12531/12531
f 2147/12532/12532 1421/12533/12533 1440/12534/12534
f 1524/12535/12535 1421/12536/12536 2147/12537/12537
f 1524/12538/12538 1503/12539/12539 1421/12540/12540
f 1536/12541/12541 1503/12542/12542 1524/12543/12543
f 1536/12544/12544 1511/12545/12545 1503/12546/12546
f 1535/12547/12547 1511/12548/12548 1536/12549/12549
f 1535/12550/12550 1512/12551/12551 1511/12552/12552
f 2144/12553/12553 1512/12554/12554 1535/12555/12555
f 2144/12556/12556 2149/12557/12557 1512/12558/12558
f 2154/12559/12559 1555/12560/12560 1559/12561/12561
f 2154/12562/12562 1550/12563/12563 1555/12564/12564
f 2155/12565/12565 1550/12566/12566 2154/12567/12567
f 2155/12568/12568 1561/12569/12569 1550/12570/12570
f 1542/12571/12571 1561/12572/12572 2155/12573/12573
f 1542/12574/12574 1568/12575/12575 1561/12576/12576
f 1539/12577/12577 1568/12578/12578 1542/12579/12579
f 1539/12580/12580 2153/12581/12581 1568/12582/12582
f 1489/12583/12583 2153/12584/12584 1539/12585/12585
f 1489/12586/12586 2152/12587/12587 2153/12588/12588
f 1472/12589/12589 2152/12590/12590 1489/12591/12591
f 1472/12592/12592 1560/12593/12593 2152/12594/12594
f 1538/12595/12595 1560/12596/12596 1472/12597/12597
f 1538/12598/12598 1567/12599/12599 1560/12600/12600
f 1548/12601/12601 1567/12602/12602 1538/12603/12603
f 1548/12604/12604 1566/12605/12605 1567/12606/12606
f 1549/12607/12607 1566/12608/12608 1548/12609/12609
f 1549/12610/12610 2156/12611/12611 1566/12612/12612
f 2150/12613/12613 2156/12614/12614 1549/12615/12615
# Mesh_00092, 56 grouped triangles

usemtl Tex_0004_0_dds
o Mesh_00092
g Mesh_00092

f 2289/12616/12616 2288/12617/12617 2287/12618/12618
f 2290/12619/12619 2289/12620/12620 2287/12621/12621
f 2292/12622/12622 2291/12623/12623 2289/12624/12624
f 2293/12625/12625 2287/12626/12626 2288/12627/12627
f 2295/12628/12628 2294/12629/12629 2287/12630/12630
f 2296/12631/12631 2295/12632/12632 2287/12633/12633
f 2298/12634/12634 2297/12635/12635 2295/12636/12636
f 2299/12637/12637 2296/12638/12638 2287/12639/12639
f 2300/12640/12640 2299/12641/12641 2287/12642/12642
f 2302/12643/12643 2301/12644/12644 2299/12645/12645
f 2303/12646/12646 2287/12647/12647 2294/12648/12648
f 2304/12649/12649 2290/12650/12650 2287/12651/12651
f 2306/12652/12652 2293/12653/12653 2305/12654/12654
f 2304/12655/12655 2287/12656/12656 2307/12657/12657
f 2303/12658/12658 2308/12659/12659 2287/12660/12660
f 2310/12661/12661 2309/12662/12662 2303/12663/12663
f 2311/12664/12664 2300/12665/12665 2287/12666/12666
f 2312/12667/12667 2307/12668/12668 2287/12669/12669
f 2314/12670/12670 2313/12671/12671 2304/12672/12672
f 2312/12673/12673 2287/12674/12674 2308/12675/12675
f 2316/12676/12676 2311/12677/12677 2315/12678/12678
f 2318/12679/12679 2317/12680/12680 2312/12681/12681
f 2292/12682/12682 2289/12683/12683 2290/12684/12684
f 2319/12685/12685 2292/12686/12686 2290/12687/12687
f 2303/12688/12688 2294/12689/12689 2320/12690/12690
f 2310/12691/12691 2303/12692/12692 2320/12693/12693
f 2311/12694/12694 2322/12695/12695 2321/12696/12696
f 2315/12697/12697 2311/12698/12698 2321/12699/12699
f 2296/12700/12700 2299/12701/12701 2301/12702/12702
f 2323/12703/12703 2296/12704/12704 2301/12705/12705
f 2324/12706/12706 2302/12707/12707 2299/12708/12708
f 2300/12709/12709 2324/12710/12710 2299/12711/12711
f 2323/12712/12712 2298/12713/12713 2295/12714/12714
f 2296/12715/12715 2323/12716/12716 2295/12717/12717
f 2290/12718/12718 2304/12719/12719 2313/12720/12720
f 2319/12721/12721 2290/12722/12722 2313/12723/12723
f 2308/12724/12724 2303/12725/12725 2309/12726/12726
f 2325/12727/12727 2308/12728/12728 2309/12729/12729
f 2326/12730/12730 2305/12731/12731 2293/12732/12732
f 2288/12733/12733 2326/12734/12734 2293/12735/12735
f 2325/12736/12736 2318/12737/12737 2312/12738/12738
f 2308/12739/12739 2325/12740/12740 2312/12741/12741
f 2294/12742/12742 2295/12743/12743 2297/12744/12744
f 2320/12745/12745 2294/12746/12746 2297/12747/12747
f 2307/12748/12748 2312/12749/12749 2317/12750/12750
f 2327/12751/12751 2307/12752/12752 2317/12753/12753
f 2300/12754/12754 2311/12755/12755 2316/12756/12756
f 2324/12757/12757 2300/12758/12758 2316/12759/12759
f 2322/12760/12760 2293/12761/12761 2306/12762/12762
f 2321/12763/12763 2322/12764/12764 2306/12765/12765
f 2327/12766/12766 2314/12767/12767 2304/12768/12768
f 2307/12769/12769 2327/12770/12770 2304/12771/12771
f 2311/12772/12772 2287/12773/12773 2293/12774/12774
f 2322/12775/12775 2311/12776/12776 2293/12777/12777
f 2288/12778/12778 2289/12779/12779 2291/12780/12780
f 2326/12781/12781 2288/12782/12782 2291/12783/12783
# Mesh_00102, 492 grouped triangles

usemtl Tex_0005_0_dds
o Mesh_00102
g Mesh_00102

f 2330/12784/12784 2329/12785/12785 2328/12786/12786
f 2331/12787/12787 2329/12788/12788 2330/12789/12789
f 2332/12790/12790 2329/12791/12791 2331/12792/12792
f 2333/12793/12793 2329/12794/12794 2332/12795/12795
f 2334/12796/12796 2329/12797/12797 2333/12798/12798
f 2335/12799/12799 2329/12800/12800 2334/12801/12801
f 2336/12802/12802 2329/12803/12803 2335/12804/12804
f 2337/12805/12805 2329/12806/12806 2336/12807/12807
f 2338/12808/12808 2329/12809/12809 2337/12810/12810
f 2339/12811/12811 2329/12812/12812 2338/12813/12813
f 2328/12814/12814 2329/12815/12815 2340/12816/12816
f 2340/12817/12817 2329/12818/12818 2339/12819/12819
f 2343/12820/12820 2342/12821/12821 2341/12822/12822
f 2346/12823/12823 2345/12824/12824 2344/12825/12825
f 2346/12826/12826 2344/12827/12827 2347/12828/12828
f 2350/12829/12829 2349/12830/12830 2348/12831/12831
f 2350/12832/12832 2351/12833/12833 2349/12834/12834
f 2354/12835/12835 2353/12836/12836 2352/12837/12837
f 2357/12838/12838 2356/12839/12839 2355/12840/12840
f 2359/12841/12841 2358/12842/12842 2350/12843/12843
f 2362/12844/12844 2361/12845/12845 2360/12846/12846
f 2364/12847/12847 2363/12848/12848 2343/12849/12849
f 2366/12850/12850 2365/12851/12851 2354/12852/12852
f 2369/12853/12853 2368/12854/12854 2367/12855/12855
f 2371/12856/12856 2370/12857/12857 2346/12858/12858
f 2374/12859/12859 2373/12860/12860 2372/12861/12861
f 2354/12862/12862 2352/12863/12863 2375/12864/12864
f 2343/12865/12865 2341/12866/12866 2376/12867/12867
f 2379/12868/12868 2378/12869/12869 2377/12870/12870
f 2380/12871/12871 2379/12872/12872 2377/12873/12873
f 2381/12874/12874 2379/12875/12875 2380/12876/12876
f 2382/12877/12877 2381/12878/12878 2380/12879/12879
f 2385/12880/12880 2384/12881/12881 2383/12882/12882
f 2386/12883/12883 2385/12884/12884 2383/12885/12885
f 2389/12886/12886 2388/12887/12887 2387/12888/12888
f 2390/12889/12889 2389/12890/12890 2387/12891/12891
f 2391/12892/12892 2389/12893/12893 2390/12894/12894
f 2392/12895/12895 2391/12896/12896 2390/12897/12897
f 2395/12898/12898 2394/12899/12899 2393/12900/12900
f 2396/12901/12901 2395/12902/12902 2393/12903/12903
f 2378/12904/12904 2398/12905/12905 2397/12906/12906
f 2377/12907/12907 2378/12908/12908 2397/12909/12909
f 2400/12910/12910 2399/12911/12911 2381/12912/12912
f 2382/12913/12913 2400/12914/12914 2381/12915/12915
f 2403/12916/12916 2402/12917/12917 2401/12918/12918
f 2386/12919/12919 2403/12920/12920 2401/12921/12921
f 2388/12922/12922 2402/12923/12923 2403/12924/12924
f 2387/12925/12925 2388/12926/12926 2403/12927/12927
f 2393/12928/12928 2404/12929/12929 2391/12930/12930
f 2392/12931/12931 2393/12932/12932 2391/12933/12933
f 2397/12934/12934 2398/12935/12935 2405/12936/12936
f 2396/12937/12937 2397/12938/12938 2405/12939/12939
f 2407/12940/12940 2406/12941/12941 2398/12942/12942
f 2378/12943/12943 2407/12944/12944 2398/12945/12945
f 2408/12946/12946 2407/12947/12947 2378/12948/12948
f 2379/12949/12949 2408/12950/12950 2378/12951/12951
f 2409/12952/12952 2408/12953/12953 2379/12954/12954
f 2381/12955/12955 2409/12956/12956 2379/12957/12957
f 2410/12958/12958 2409/12959/12959 2381/12960/12960
f 2399/12961/12961 2410/12962/12962 2381/12963/12963
f 2411/12964/12964 2410/12965/12965 2399/12966/12966
f 2401/12967/12967 2411/12968/12968 2399/12969/12969
f 2412/12970/12970 2411/12971/12971 2401/12972/12972
f 2402/12973/12973 2412/12974/12974 2401/12975/12975
f 2413/12976/12976 2412/12977/12977 2402/12978/12978
f 2388/12979/12979 2413/12980/12980 2402/12981/12981
f 2414/12982/12982 2413/12983/12983 2388/12984/12984
f 2389/12985/12985 2414/12986/12986 2388/12987/12987
f 2415/12988/12988 2414/12989/12989 2389/12990/12990
f 2391/12991/12991 2415/12992/12992 2389/12993/12993
f 2416/12994/12994 2415/12995/12995 2391/12996/12996
f 2404/12997/12997 2416/12998/12998 2391/12999/12999
f 2417/13000/13000 2416/13001/13001 2404/13002/13002
f 2405/13003/13003 2417/13004/13004 2404/13005/13005
f 2406/13006/13006 2417/13007/13007 2405/13008/13008
f 2398/13009/13009 2406/13010/13010 2405/13011/13011
f 2420/13012/13012 2419/13013/13013 2418/13014/13014
f 2421/13015/13015 2420/13016/13016 2418/13017/13017
f 2422/13018/13018 2420/13019/13019 2421/13020/13020
f 2423/13021/13021 2422/13022/13022 2421/13023/13023
f 2426/13024/13024 2425/13025/13025 2424/13026/13026
f 2427/13027/13027 2426/13028/13028 2424/13029/13029
f 2430/13030/13030 2429/13031/13031 2428/13032/13032
f 2431/13033/13033 2430/13034/13034 2428/13035/13035
f 2432/13036/13036 2430/13037/13037 2431/13038/13038
f 2433/13039/13039 2432/13040/13040 2431/13041/13041
f 2436/13042/13042 2435/13043/13043 2434/13044/13044
f 2437/13045/13045 2436/13046/13046 2434/13047/13047
f 2419/13048/13048 2439/13049/13049 2438/13050/13050
f 2418/13051/13051 2419/13052/13052 2438/13053/13053
f 2422/13054/13054 2423/13055/13055 2424/13056/13056
f 2440/13057/13057 2422/13058/13058 2424/13059/13059
f 2426/13060/13060 2427/13061/13061 2441/13062/13062
f 2442/13063/13063 2426/13064/13064 2441/13065/13065
f 2429/13066/13066 2442/13067/13067 2441/13068/13068
f 2428/13069/13069 2429/13070/13070 2441/13071/13071
f 2432/13072/13072 2433/13073/13073 2434/13074/13074
f 2435/13075/13075 2432/13076/13076 2434/13077/13077
f 2436/13078/13078 2437/13079/13079 2438/13080/13080
f 2439/13081/13081 2436/13082/13082 2438/13083/13083
f 2445/13084/13084 2444/13085/13085 2443/13086/13086
f 2446/13087/13087 2445/13088/13088 2443/13089/13089
f 2447/13090/13090 2446/13091/13091 2443/13092/13092
f 2448/13093/13093 2447/13094/13094 2443/13095/13095
f 2451/13096/13096 2450/13097/13097 2449/13098/13098
f 2452/13099/13099 2451/13100/13100 2449/13101/13101
f 2452/13102/13102 2449/13103/13103 2453/13104/13104
f 2454/13105/13105 2452/13106/13106 2453/13107/13107
f 2456/13108/13108 2455/13109/13109 2450/13110/13110
f 2451/13111/13111 2456/13112/13112 2450/13113/13113
f 2458/13114/13114 2457/13115/13115 2444/13116/13116
f 2445/13117/13117 2458/13118/13118 2444/13119/13119
f 2461/13120/13120 2460/13121/13121 2459/13122/13122
f 2462/13123/13123 2461/13124/13124 2459/13125/13125
f 2465/13126/13126 2464/13127/13127 2463/13128/13128
f 2466/13129/13129 2465/13130/13130 2463/13131/13131
f 2464/13132/13132 2468/13133/13133 2467/13134/13134
f 2463/13135/13135 2464/13136/13136 2467/13137/13137
f 2471/13138/13138 2470/13139/13139 2469/13140/13140
f 2472/13141/13141 2471/13142/13142 2469/13143/13143
f 2462/13144/13144 2459/13145/13145 2470/13146/13146
f 2471/13147/13147 2462/13148/13148 2470/13149/13149
f 2472/13150/13150 2469/13151/13151 2467/13152/13152
f 2468/13153/13153 2472/13154/13154 2467/13155/13155
f 2474/13156/13156 2473/13157/13157 2460/13158/13158
f 2461/13159/13159 2474/13160/13160 2460/13161/13161
f 2477/13162/13162 2476/13163/13163 2475/13164/13164
f 2478/13165/13165 2477/13166/13166 2475/13167/13167
f 2481/13168/13168 2480/13169/13169 2479/13170/13170
f 2482/13171/13171 2481/13172/13172 2479/13173/13173
f 2479/13174/13174 2484/13175/13175 2483/13176/13176
f 2482/13177/13177 2479/13178/13178 2483/13179/13179
f 2487/13180/13180 2486/13181/13181 2485/13182/13182
f 2488/13183/13183 2487/13184/13184 2485/13185/13185
f 2476/13186/13186 2487/13187/13187 2488/13188/13188
f 2475/13189/13189 2476/13190/13190 2488/13191/13191
f 2489/13192/13192 2477/13193/13193 2478/13194/13194
f 2490/13195/13195 2489/13196/13196 2478/13197/13197
f 2491/13198/13198 2352/13199/13199 2353/13200/13200
f 2355/13201/13201 2491/13202/13202 2353/13203/13203
f 2376/13204/13204 2341/13205/13205 2492/13206/13206
f 2360/13207/13207 2376/13208/13208 2492/13209/13209
f 2367/13210/13210 2375/13211/13211 2352/13212/13212
f 2493/13213/13213 2367/13214/13214 2352/13215/13215
f 2370/13216/13216 2494/13217/13217 2345/13218/13218
f 2346/13219/13219 2370/13220/13220 2345/13221/13221
f 2371/13222/13222 2346/13223/13223 2347/13224/13224
f 2495/13225/13225 2371/13226/13226 2347/13227/13227
f 2369/13228/13228 2367/13229/13229 2345/13230/13230
f 2494/13231/13231 2369/13232/13232 2345/13233/13233
f 2366/13234/13234 2354/13235/13235 2375/13236/13236
f 2496/13237/13237 2366/13238/13238 2375/13239/13239
f 2497/13240/13240 2357/13241/13241 2355/13242/13242
f 2353/13243/13243 2497/13244/13244 2355/13245/13245
f 2342/13246/13246 2343/13247/13247 2363/13248/13248
f 2498/13249/13249 2342/13250/13250 2363/13251/13251
f 2364/13252/13252 2343/13253/13253 2376/13254/13254
f 2499/13255/13255 2364/13256/13256 2376/13257/13257
f 2358/13258/13258 2500/13259/13259 2351/13260/13260
f 2350/13261/13261 2358/13262/13262 2351/13263/13263
f 2359/13264/13264 2350/13265/13265 2348/13266/13266
f 2501/13267/13267 2359/13268/13268 2348/13269/13269
f 2361/13270/13270 2499/13271/13271 2376/13272/13272
f 2360/13273/13273 2361/13274/13274 2376/13275/13275
f 2498/13276/13276 2372/13277/13277 2373/13278/13278
f 2342/13279/13279 2498/13280/13280 2373/13281/13281
f 2348/13282/13282 2355/13283/13283 2356/13284/13284
f 2501/13285/13285 2348/13286/13286 2356/13287/13287
f 2347/13288/13288 2373/13289/13289 2374/13290/13290
f 2495/13291/13291 2347/13292/13292 2374/13293/13293
f 2362/13294/13294 2360/13295/13295 2351/13296/13296
f 2500/13297/13297 2362/13298/13298 2351/13299/13299
f 2365/13300/13300 2497/13301/13301 2353/13302/13302
f 2354/13303/13303 2365/13304/13304 2353/13305/13305
f 2368/13306/13306 2496/13307/13307 2375/13308/13308
f 2367/13309/13309 2368/13310/13310 2375/13311/13311
f 2348/13312/13312 2349/13313/13313 2491/13314/13314
f 2355/13315/13315 2348/13316/13316 2491/13317/13317
f 2360/13318/13318 2492/13319/13319 2349/13320/13320
f 2351/13321/13321 2360/13322/13322 2349/13323/13323
f 2367/13324/13324 2493/13325/13325 2344/13326/13326
f 2345/13327/13327 2367/13328/13328 2344/13329/13329
f 2347/13330/13330 2344/13331/13331 2502/13332/13332
f 2373/13333/13333 2347/13334/13334 2502/13335/13335
f 2342/13336/13336 2373/13337/13337 2502/13338/13338
f 2341/13339/13339 2342/13340/13340 2502/13341/13341
f 2466/13342/13342 2473/13343/13343 2474/13344/13344
f 2465/13345/13345 2466/13346/13346 2474/13347/13347
f 2455/13348/13348 2456/13349/13349 2447/13350/13350
f 2448/13351/13351 2455/13352/13352 2447/13353/13353
f 2454/13354/13354 2453/13355/13355 2457/13356/13356
f 2458/13357/13357 2454/13358/13358 2457/13359/13359
f 2504/13360/13360 2338/13361/13361 2503/13362/13362
f 2504/13363/13363 2339/13364/13364 2338/13365/13365
f 2505/13366/13366 2339/13367/13367 2504/13368/13368
f 2505/13369/13369 2340/13370/13370 2339/13371/13371
f 2506/13372/13372 2340/13373/13373 2505/13374/13374
f 2506/13375/13375 2328/13376/13376 2340/13377/13377
f 2507/13378/13378 2328/13379/13379 2506/13380/13380
f 2507/13381/13381 2330/13382/13382 2328/13383/13383
f 2508/13384/13384 2330/13385/13385 2507/13386/13386
f 2508/13387/13387 2331/13388/13388 2330/13389/13389
f 2509/13390/13390 2331/13391/13391 2508/13392/13392
f 2509/13393/13393 2332/13394/13394 2331/13395/13395
f 2510/13396/13396 2332/13397/13397 2509/13398/13398
f 2510/13399/13399 2333/13400/13400 2332/13401/13401
f 2511/13402/13402 2333/13403/13403 2510/13404/13404
f 2511/13405/13405 2334/13406/13406 2333/13407/13407
f 2512/13408/13408 2334/13409/13409 2511/13410/13410
f 2512/13411/13411 2335/13412/13412 2334/13413/13413
f 2513/13414/13414 2335/13415/13415 2512/13416/13416
f 2513/13417/13417 2336/13418/13418 2335/13419/13419
f 2514/13420/13420 2336/13421/13421 2513/13422/13422
f 2514/13423/13423 2337/13424/13424 2336/13425/13425
f 2503/13426/13426 2337/13427/13427 2514/13428/13428
f 2503/13429/13429 2338/13430/13430 2337/13431/13431
f 2516/13432/13432 2511/13433/13433 2515/13434/13434
f 2516/13435/13435 2512/13436/13436 2511/13437/13437
f 2517/13438/13438 2512/13439/13439 2516/13440/13440
f 2517/13441/13441 2513/13442/13442 2512/13443/13443
f 2518/13444/13444 2513/13445/13445 2517/13446/13446
f 2518/13447/13447 2514/13448/13448 2513/13449/13449
f 2519/13450/13450 2514/13451/13451 2518/13452/13452
f 2519/13453/13453 2503/13454/13454 2514/13455/13455
f 2520/13456/13456 2503/13457/13457 2519/13458/13458
f 2520/13459/13459 2504/13460/13460 2503/13461/13461
f 2521/13462/13462 2504/13463/13463 2520/13464/13464
f 2521/13465/13465 2505/13466/13466 2504/13467/13467
f 2522/13468/13468 2505/13469/13469 2521/13470/13470
f 2522/13471/13471 2506/13472/13472 2505/13473/13473
f 2523/13474/13474 2506/13475/13475 2522/13476/13476
f 2523/13477/13477 2507/13478/13478 2506/13479/13479
f 2524/13480/13480 2507/13481/13481 2523/13482/13482
f 2524/13483/13483 2508/13484/13484 2507/13485/13485
f 2525/13486/13486 2508/13487/13487 2524/13488/13488
f 2525/13489/13489 2509/13490/13490 2508/13491/13491
f 2526/13492/13492 2509/13493/13493 2525/13494/13494
f 2526/13495/13495 2510/13496/13496 2509/13497/13497
f 2515/13498/13498 2510/13499/13499 2526/13500/13500
f 2515/13501/13501 2511/13502/13502 2510/13503/13503
f 2438/13504/13504 2527/13505/13505 2418/13506/13506
f 2438/13507/13507 2528/13508/13508 2527/13509/13509
f 2437/13510/13510 2528/13511/13511 2438/13512/13512
f 2437/13513/13513 2529/13514/13514 2528/13515/13515
f 2434/13516/13516 2529/13517/13517 2437/13518/13518
f 2434/13519/13519 2530/13520/13520 2529/13521/13521
f 2433/13522/13522 2530/13523/13523 2434/13524/13524
f 2433/13525/13525 2531/13526/13526 2530/13527/13527
f 2431/13528/13528 2531/13529/13529 2433/13530/13530
f 2431/13531/13531 2532/13532/13532 2531/13533/13533
f 2428/13534/13534 2532/13535/13535 2431/13536/13536
f 2428/13537/13537 2533/13538/13538 2532/13539/13539
f 2441/13540/13540 2533/13541/13541 2428/13542/13542
f 2441/13543/13543 2534/13544/13544 2533/13545/13545
f 2427/13546/13546 2534/13547/13547 2441/13548/13548
f 2427/13549/13549 2535/13550/13550 2534/13551/13551
f 2424/13552/13552 2535/13553/13553 2427/13554/13554
f 2424/13555/13555 2536/13556/13556 2535/13557/13557
f 2423/13558/13558 2536/13559/13559 2424/13560/13560
f 2423/13561/13561 2537/13562/13562 2536/13563/13563
f 2421/13564/13564 2537/13565/13565 2423/13566/13566
f 2421/13567/13567 2538/13568/13568 2537/13569/13569
f 2418/13570/13570 2538/13571/13571 2421/13572/13572
f 2418/13573/13573 2527/13574/13574 2538/13575/13575
f 2539/13576/13576 2480/13577/13577 2481/13578/13578
f 2539/13579/13579 2540/13580/13580 2480/13581/13581
f 2541/13582/13582 2540/13583/13583 2539/13584/13584
f 2541/13585/13585 2542/13586/13586 2540/13587/13587
f 2543/13588/13588 2542/13589/13589 2541/13590/13590
f 2543/13591/13591 2544/13592/13592 2542/13593/13593
f 2545/13594/13594 2544/13595/13595 2543/13596/13596
f 2545/13597/13597 2546/13598/13598 2544/13599/13599
f 2547/13600/13600 2546/13601/13601 2545/13602/13602
f 2547/13603/13603 2548/13604/13604 2546/13605/13605
f 2549/13606/13606 2548/13607/13607 2547/13608/13608
f 2549/13609/13609 2550/13610/13610 2548/13611/13611
f 2551/13612/13612 2550/13613/13613 2549/13614/13614
f 2551/13615/13615 2552/13616/13616 2550/13617/13617
f 2553/13618/13618 2552/13619/13619 2551/13620/13620
f 2553/13621/13621 2554/13622/13622 2552/13623/13623
f 2555/13624/13624 2554/13625/13625 2553/13626/13626
f 2555/13627/13627 2556/13628/13628 2554/13629/13629
f 2489/13630/13630 2556/13631/13631 2555/13632/13632
f 2489/13633/13633 2490/13634/13634 2556/13635/13635
f 2557/13636/13636 2485/13637/13637 2486/13638/13638
f 2557/13639/13639 2558/13640/13640 2485/13641/13641
f 2559/13642/13642 2558/13643/13643 2557/13644/13644
f 2559/13645/13645 2560/13646/13646 2558/13647/13647
f 2561/13648/13648 2560/13649/13649 2559/13650/13650
f 2561/13651/13651 2562/13652/13652 2560/13653/13653
f 2563/13654/13654 2562/13655/13655 2561/13656/13656
f 2563/13657/13657 2564/13658/13658 2562/13659/13659
f 2565/13660/13660 2564/13661/13661 2563/13662/13662
f 2565/13663/13663 2566/13664/13664 2564/13665/13665
f 2567/13666/13666 2566/13667/13667 2565/13668/13668
f 2567/13669/13669 2568/13670/13670 2566/13671/13671
f 2569/13672/13672 2568/13673/13673 2567/13674/13674
f 2569/13675/13675 2570/13676/13676 2568/13677/13677
f 2483/13678/13678 2570/13679/13679 2569/13680/13680
f 2483/13681/13681 2484/13682/13682 2570/13683/13683
f 2548/13684/13684 2571/13685/13685 2546/13686/13686
f 2548/13687/13687 2572/13688/13688 2571/13689/13689
f 2550/13690/13690 2572/13691/13691 2548/13692/13692
f 2550/13693/13693 2573/13694/13694 2572/13695/13695
f 2552/13696/13696 2573/13697/13697 2550/13698/13698
f 2552/13699/13699 2574/13700/13700 2573/13701/13701
f 2554/13702/13702 2574/13703/13703 2552/13704/13704
f 2554/13705/13705 2575/13706/13706 2574/13707/13707
f 2556/13708/13708 2575/13709/13709 2554/13710/13710
f 2556/13711/13711 2576/13712/13712 2575/13713/13713
f 2490/13714/13714 2576/13715/13715 2556/13716/13716
f 2490/13717/13717 2577/13718/13718 2576/13719/13719
f 2478/13720/13720 2577/13721/13721 2490/13722/13722
f 2478/13723/13723 2578/13724/13724 2577/13725/13725
f 2475/13726/13726 2578/13727/13727 2478/13728/13728
f 2475/13729/13729 2579/13730/13730 2578/13731/13731
f 2488/13732/13732 2579/13733/13733 2475/13734/13734
f 2488/13735/13735 2580/13736/13736 2579/13737/13737
f 2485/13738/13738 2580/13739/13739 2488/13740/13740
f 2485/13741/13741 2581/13742/13742 2580/13743/13743
f 2558/13744/13744 2581/13745/13745 2485/13746/13746
f 2558/13747/13747 2582/13748/13748 2581/13749/13749
f 2560/13750/13750 2582/13751/13751 2558/13752/13752
f 2560/13753/13753 2583/13754/13754 2582/13755/13755
f 2562/13756/13756 2583/13757/13757 2560/13758/13758
f 2562/13759/13759 2584/13760/13760 2583/13761/13761
f 2564/13762/13762 2584/13763/13763 2562/13764/13764
f 2564/13765/13765 2585/13766/13766 2584/13767/13767
f 2566/13768/13768 2585/13769/13769 2564/13770/13770
f 2566/13771/13771 2586/13772/13772 2585/13773/13773
f 2568/13774/13774 2586/13775/13775 2566/13776/13776
f 2568/13777/13777 2587/13778/13778 2586/13779/13779
f 2570/13780/13780 2587/13781/13781 2568/13782/13782
f 2570/13783/13783 2588/13784/13784 2587/13785/13785
f 2484/13786/13786 2588/13787/13787 2570/13788/13788
f 2484/13789/13789 2589/13790/13790 2588/13791/13791
f 2479/13792/13792 2589/13793/13793 2484/13794/13794
f 2479/13795/13795 2590/13796/13796 2589/13797/13797
f 2480/13798/13798 2590/13799/13799 2479/13800/13800
f 2480/13801/13801 2591/13802/13802 2590/13803/13803
f 2540/13804/13804 2591/13805/13805 2480/13806/13806
f 2540/13807/13807 2592/13808/13808 2591/13809/13809
f 2542/13810/13810 2592/13811/13811 2540/13812/13812
f 2542/13813/13813 2593/13814/13814 2592/13815/13815
f 2544/13816/13816 2593/13817/13817 2542/13818/13818
f 2544/13819/13819 2594/13820/13820 2593/13821/13821
f 2546/13822/13822 2594/13823/13823 2544/13824/13824
f 2546/13825/13825 2571/13826/13826 2594/13827/13827
f 2597/13828/13828 2596/13829/13829 2595/13830/13830
f 2597/13831/13831 2598/13832/13832 2596/13833/13833
f 2599/13834/13834 2598/13835/13835 2597/13836/13836
f 2599/13837/13837 2600/13838/13838 2598/13839/13839
f 2601/13840/13840 2600/13841/13841 2599/13842/13842
f 2601/13843/13843 2602/13844/13844 2600/13845/13845
f 2603/13846/13846 2602/13847/13847 2601/13848/13848
f 2603/13849/13849 2604/13850/13850 2602/13851/13851
f 2605/13852/13852 2604/13853/13853 2603/13854/13854
f 2605/13855/13855 2606/13856/13856 2604/13857/13857
f 2607/13858/13858 2606/13859/13859 2605/13860/13860
f 2607/13861/13861 2608/13862/13862 2606/13863/13863
f 2609/13864/13864 2608/13865/13865 2607/13866/13866
f 2609/13867/13867 2610/13868/13868 2608/13869/13869
f 2611/13870/13870 2610/13871/13871 2609/13872/13872
f 2611/13873/13873 2612/13874/13874 2610/13875/13875
f 2613/13876/13876 2612/13877/13877 2611/13878/13878
f 2613/13879/13879 2614/13880/13880 2612/13881/13881
f 2615/13882/13882 2614/13883/13883 2613/13884/13884
f 2615/13885/13885 2616/13886/13886 2614/13887/13887
f 2617/13888/13888 2616/13889/13889 2615/13890/13890
f 2617/13891/13891 2618/13892/13892 2616/13893/13893
f 2619/13894/13894 2618/13895/13895 2617/13896/13896
f 2619/13897/13897 2620/13898/13898 2618/13899/13899
f 2621/13900/13900 2620/13901/13901 2619/13902/13902
f 2621/13903/13903 2622/13904/13904 2620/13905/13905
f 2623/13906/13906 2622/13907/13907 2621/13908/13908
f 2623/13909/13909 2624/13910/13910 2622/13911/13911
f 2625/13912/13912 2624/13913/13913 2623/13914/13914
f 2625/13915/13915 2626/13916/13916 2624/13917/13917
f 2627/13918/13918 2626/13919/13919 2625/13920/13920
f 2627/13921/13921 2628/13922/13922 2626/13923/13923
f 2629/13924/13924 2628/13925/13925 2627/13926/13926
f 2629/13927/13927 2630/13928/13928 2628/13929/13929
f 2631/13930/13930 2630/13931/13931 2629/13932/13932
f 2631/13933/13933 2632/13934/13934 2630/13935/13935
f 2633/13936/13936 2632/13937/13937 2631/13938/13938
f 2633/13939/13939 2634/13940/13940 2632/13941/13941
f 2635/13942/13942 2634/13943/13943 2633/13944/13944
f 2635/13945/13945 2636/13946/13946 2634/13947/13947
f 2637/13948/13948 2636/13949/13949 2635/13950/13950
f 2637/13951/13951 2638/13952/13952 2636/13953/13953
f 2639/13954/13954 2638/13955/13955 2637/13956/13956
f 2639/13957/13957 2640/13958/13958 2638/13959/13959
f 2641/13960/13960 2640/13961/13961 2639/13962/13962
f 2641/13963/13963 2642/13964/13964 2640/13965/13965
f 2595/13966/13966 2642/13967/13967 2641/13968/13968
f 2595/13969/13969 2596/13970/13970 2642/13971/13971
f 2370/13972/13972 2628/13973/13973 2494/13974/13974
f 2370/13975/13975 2626/13976/13976 2628/13977/13977
f 2371/13978/13978 2626/13979/13979 2370/13980/13980
f 2371/13981/13981 2624/13982/13982 2626/13983/13983
f 2495/13984/13984 2624/13985/13985 2371/13986/13986
f 2495/13987/13987 2622/13988/13988 2624/13989/13989
f 2374/13990/13990 2622/13991/13991 2495/13992/13992
f 2374/13993/13993 2620/13994/13994 2622/13995/13995
f 2372/13996/13996 2620/13997/13997 2374/13998/13998
f 2372/13999/13999 2618/14000/14000 2620/14001/14001
f 2498/14002/14002 2618/14003/14003 2372/14004/14004
f 2498/14005/14005 2616/14006/14006 2618/14007/14007
f 2363/14008/14008 2616/14009/14009 2498/14010/14010
f 2363/14011/14011 2614/14012/14012 2616/14013/14013
f 2364/14014/14014 2614/14015/14015 2363/14016/14016
f 2364/14017/14017 2612/14018/14018 2614/14019/14019
f 2499/14020/14020 2612/14021/14021 2364/14022/14022
f 2499/14023/14023 2610/14024/14024 2612/14025/14025
f 2361/14026/14026 2610/14027/14027 2499/14028/14028
f 2361/14029/14029 2608/14030/14030 2610/14031/14031
f 2362/14032/14032 2608/14033/14033 2361/14034/14034
f 2362/14035/14035 2606/14036/14036 2608/14037/14037
f 2500/14038/14038 2606/14039/14039 2362/14040/14040
f 2500/14041/14041 2604/14042/14042 2606/14043/14043
f 2358/14044/14044 2604/14045/14045 2500/14046/14046
f 2358/14047/14047 2602/14048/14048 2604/14049/14049
f 2359/14050/14050 2602/14051/14051 2358/14052/14052
f 2359/14053/14053 2600/14054/14054 2602/14055/14055
f 2501/14056/14056 2600/14057/14057 2359/14058/14058
f 2501/14059/14059 2598/14060/14060 2600/14061/14061
f 2356/14062/14062 2598/14063/14063 2501/14064/14064
f 2356/14065/14065 2596/14066/14066 2598/14067/14067
f 2357/14068/14068 2596/14069/14069 2356/14070/14070
f 2357/14071/14071 2642/14072/14072 2596/14073/14073
f 2497/14074/14074 2642/14075/14075 2357/14076/14076
f 2497/14077/14077 2640/14078/14078 2642/14079/14079
f 2365/14080/14080 2640/14081/14081 2497/14082/14082
f 2365/14083/14083 2638/14084/14084 2640/14085/14085
f 2366/14086/14086 2638/14087/14087 2365/14088/14088
f 2366/14089/14089 2636/14090/14090 2638/14091/14091
f 2496/14092/14092 2636/14093/14093 2366/14094/14094
f 2496/14095/14095 2634/14096/14096 2636/14097/14097
f 2368/14098/14098 2634/14099/14099 2496/14100/14100
f 2368/14101/14101 2632/14102/14102 2634/14103/14103
f 2369/14104/14104 2632/14105/14105 2368/14106/14106
f 2369/14107/14107 2630/14108/14108 2632/14109/14109
f 2494/14110/14110 2630/14111/14111 2369/14112/14112
f 2494/14113/14113 2628/14114/14114 2630/14115/14115
f 2644/14116/14116 2619/14117/14117 2643/14118/14118
f 2644/14119/14119 2621/14120/14120 2619/14121/14121
f 2645/14122/14122 2621/14123/14123 2644/14124/14124
f 2645/14125/14125 2623/14126/14126 2621/14127/14127
f 2646/14128/14128 2623/14129/14129 2645/14130/14130
f 2646/14131/14131 2625/14132/14132 2623/14133/14133
f 2647/14134/14134 2625/14135/14135 2646/14136/14136
f 2647/14137/14137 2627/14138/14138 2625/14139/14139
f 2648/14140/14140 2627/14141/14141 2647/14142/14142
f 2648/14143/14143 2629/14144/14144 2627/14145/14145
f 2649/14146/14146 2629/14147/14147 2648/14148/14148
f 2649/14149/14149 2631/14150/14150 2629/14151/14151
f 2650/14152/14152 2631/14153/14153 2649/14154/14154
f 2650/14155/14155 2633/14156/14156 2631/14157/14157
f 2651/14158/14158 2633/14159/14159 2650/14160/14160
f 2651/14161/14161 2635/14162/14162 2633/14163/14163
f 2652/14164/14164 2635/14165/14165 2651/14166/14166
f 2652/14167/14167 2637/14168/14168 2635/14169/14169
f 2653/14170/14170 2637/14171/14171 2652/14172/14172
f 2653/14173/14173 2639/14174/14174 2637/14175/14175
f 2654/14176/14176 2639/14177/14177 2653/14178/14178
f 2654/14179/14179 2641/14180/14180 2639/14181/14181
f 2655/14182/14182 2641/14183/14183 2654/14184/14184
f 2655/14185/14185 2595/14186/14186 2641/14187/14187
f 2656/14188/14188 2595/14189/14189 2655/14190/14190
f 2656/14191/14191 2597/14192/14192 2595/14193/14193
f 2657/14194/14194 2597/14195/14195 2656/14196/14196
f 2657/14197/14197 2599/14198/14198 2597/14199/14199
f 2658/14200/14200 2599/14201/14201 2657/14202/14202
f 2658/14203/14203 2601/14204/14204 2599/14205/14205
f 2659/14206/14206 2601/14207/14207 2658/14208/14208
f 2659/14209/14209 2603/14210/14210 2601/14211/14211
f 2660/14212/14212 2603/14213/14213 2659/14214/14214
f 2660/14215/14215 2605/14216/14216 2603/14217/14217
f 2661/14218/14218 2605/14219/14219 2660/14220/14220
f 2661/14221/14221 2607/14222/14222 2605/14223/14223
f 2662/14224/14224 2607/14225/14225 2661/14226/14226
f 2662/14227/14227 2609/14228/14228 2607/14229/14229
f 2663/14230/14230 2609/14231/14231 2662/14232/14232
f 2663/14233/14233 2611/14234/14234 2609/14235/14235
f 2664/14236/14236 2611/14237/14237 2663/14238/14238
f 2664/14239/14239 2613/14240/14240 2611/14241/14241
f 2665/14242/14242 2613/14243/14243 2664/14244/14244
f 2665/14245/14245 2615/14246/14246 2613/14247/14247
f 2666/14248/14248 2615/14249/14249 2665/14250/14250
f 2666/14251/14251 2617/14252/14252 2615/14253/14253
f 2643/14254/14254 2617/14255/14255 2666/14256/14256
f 2643/14257/14257 2619/14258/14258 2617/14259/14259
# Mesh_00112, 25 grouped triangles

usemtl Tex_0006_0_dds
o Mesh_00112
g Mesh_00112

f 2669/14260/14260 2668/14261/14261 2667/14262/14262
f 2668/14263/14263 2671/14264/14264 2670/14265/14265
f 2668/14266/14266 2672/14267/14267 2671/14268/14268
f 2674/14269/14269 2668/14270/14270 2673/14271/14271
f 2668/14272/14272 2675/14273/14273 2672/14274/14274
f 2678/14275/14275 2677/14276/14276 2676/14277/14277
f 2669/14278/14278 2675/14279/14279 2668/14280/14280
f 2678/14281/14281 2679/14282/14282 2677/14283/14283
f 2681/14284/14284 2678/14285/14285 2680/14286/14286
f 2668/14287/14287 2674/14288/14288 2682/14289/14289
f 2674/14290/14290 2677/14291/14291 2683/14292/14292
f 2670/14293/14293 2673/14294/14294 2668/14295/14295
f 2683/14296/14296 2682/14297/14297 2674/14298/14298
f 2683/14299/14299 2677/14300/14300 2679/14301/14301
f 2676/14302/14302 2680/14303/14303 2678/14304/14304
f 2685/14305/14305 2684/14306/14306 2682/14307/14307
f 2683/14308/14308 2685/14309/14309 2682/14310/14310
f 2678/14311/14311 2681/14312/14312 2686/14313/14313
f 2687/14314/14314 2678/14315/14315 2686/14316/14316
f 2683/14317/14317 2679/14318/14318 2688/14319/14319
f 2685/14320/14320 2683/14321/14321 2688/14322/14322
f 2668/14323/14323 2682/14324/14324 2684/14325/14325
f 2667/14326/14326 2668/14327/14327 2684/14328/14328
f 2687/14329/14329 2688/14330/14330 2679/14331/14331
f 2678/14332/14332 2687/14333/14333 2679/14334/14334
# Mesh_00122, 25 grouped triangles

usemtl Tex_0008_0_dds
o Mesh_00122
g Mesh_00122

f 2691/14335/14335 2690/14336/14336 2689/14337/14337
f 2689/14338/14338 2693/14339/14339 2692/14340/14340
f 2689/14341/14341 2692/14342/14342 2694/14343/14343
f 2696/14344/14344 2695/14345/14345 2689/14346/14346
f 2689/14347/14347 2694/14348/14348 2697/14349/14349
f 2700/14350/14350 2699/14351/14351 2698/14352/14352
f 2691/14353/14353 2689/14354/14354 2697/14355/14355
f 2700/14356/14356 2698/14357/14357 2701/14358/14358
f 2703/14359/14359 2702/14360/14360 2700/14361/14361
f 2689/14362/14362 2704/14363/14363 2696/14364/14364
f 2696/14365/14365 2705/14366/14366 2698/14367/14367
f 2693/14368/14368 2689/14369/14369 2695/14370/14370
f 2705/14371/14371 2696/14372/14372 2704/14373/14373
f 2705/14374/14374 2701/14375/14375 2698/14376/14376
f 2699/14377/14377 2700/14378/14378 2702/14379/14379
f 2705/14380/14380 2704/14381/14381 2706/14382/14382
f 2707/14383/14383 2705/14384/14384 2706/14385/14385
f 2709/14386/14386 2708/14387/14387 2703/14388/14388
f 2700/14389/14389 2709/14390/14390 2703/14391/14391
f 2707/14392/14392 2710/14393/14393 2701/14394/14394
f 2705/14395/14395 2707/14396/14396 2701/14397/14397
f 2690/14398/14398 2706/14399/14399 2704/14400/14400
f 2689/14401/14401 2690/14402/14402 2704/14403/14403
f 2700/14404/14404 2701/14405/14405 2710/14406/14406
f 2709/14407/14407 2700/14408/14408 2710/14409/14409
