Using pre-set license
Built from '6000.0/staging' branch; Version is '6000.0.42f1 (feb9a7235030) revision 16693671'; Using compiler version '193933523'; Build Type 'Release'
OS: 'Windows 11  (10.0.26100) 64bit Professional' Language: 'es' Physical Memory: 16312 MB
BatchMode: 1, IsHumanControllingUs: 0, StartBugReporterOnCrash: 0, Is64bit: 1, IsPro: 1

COMMAND LINE ARGUMENTS:
C:\Program Files\Unity\Hub\Editor\6000.0.42f1-x86_64\Editor\Unity.exe
-adb2
-batchMode
-noUpm
-name
AssetImportWorker1
-projectPath
C:/Users/luisc/ParatrooperPlunge
-logFile
Logs/AssetImportWorker1.log
-srvPort
64036
-job-worker-count
3
-background-job-worker-count
8
-gc-helper-count
1
Successfully changed project path to: C:/Users/luisc/ParatrooperPlunge
C:/Users/luisc/ParatrooperPlunge
[UnityMemory] Configuration Parameters - Can be set up in boot.config
    "memorysetup-bucket-allocator-granularity=16"
    "memorysetup-bucket-allocator-bucket-count=8"
    "memorysetup-bucket-allocator-block-size=33554432"
    "memorysetup-bucket-allocator-block-count=8"
    "memorysetup-main-allocator-block-size=16777216"
    "memorysetup-thread-allocator-block-size=16777216"
    "memorysetup-gfx-main-allocator-block-size=16777216"
    "memorysetup-gfx-thread-allocator-block-size=16777216"
    "memorysetup-cache-allocator-block-size=4194304"
    "memorysetup-typetree-allocator-block-size=2097152"
    "memorysetup-profiler-bucket-allocator-granularity=16"
    "memorysetup-profiler-bucket-allocator-bucket-count=8"
    "memorysetup-profiler-bucket-allocator-block-size=33554432"
    "memorysetup-profiler-bucket-allocator-block-count=8"
    "memorysetup-profiler-allocator-block-size=16777216"
    "memorysetup-profiler-editor-allocator-block-size=1048576"
    "memorysetup-temp-allocator-size-main=16777216"
    "memorysetup-job-temp-allocator-block-size=2097152"
    "memorysetup-job-temp-allocator-block-size-background=1048576"
    "memorysetup-job-temp-allocator-reduction-small-platforms=262144"
    "memorysetup-allocator-temp-initial-block-size-main=262144"
    "memorysetup-allocator-temp-initial-block-size-worker=262144"
    "memorysetup-temp-allocator-size-background-worker=32768"
    "memorysetup-temp-allocator-size-job-worker=262144"
    "memorysetup-temp-allocator-size-preload-manager=33554432"
    "memorysetup-temp-allocator-size-nav-mesh-worker=65536"
    "memorysetup-temp-allocator-size-audio-worker=65536"
    "memorysetup-temp-allocator-size-cloud-worker=32768"
    "memorysetup-temp-allocator-size-gi-baking-worker=262144"
    "memorysetup-temp-allocator-size-gi-baking-worker=262144"
    "memorysetup-temp-allocator-size-gi-baking-worker=262144"
    "memorysetup-temp-allocator-size-gi-baking-worker=262144"
    "memorysetup-temp-allocator-size-gi-baking-worker=262144"
    "memorysetup-temp-allocator-size-gfx=262144"
Player connection [14708]  Target information:

Player connection [14708]  * "[IP] 192.168.1.5 [Port] 0 [Flags] 2 [Guid] 614687076 [EditorId] 614687076 [Version] 1048832 [Id] WindowsEditor(7,DESKTOP-NNT86IS) [Debug] 1 [PackageName] WindowsEditor [ProjectName] Editor" 

Player connection [14708] Host joined multi-casting on [225.0.0.222:54997]...
Player connection [14708] Host joined alternative multi-casting on [225.0.0.222:34997]...
JobSystem: Creating JobQueue using job-worker-count value 3
Input System module state changed to: Initialized.
[Physics::Module] Initialized fallback backend.
[Physics::Module] Id: 0xdecafbad
Library Redirect Path: Library/
[Physics::Module] Selected backend.
[Physics::Module] Name: PhysX
[Physics::Module] Id: 0xf2b8ea05
[Physics::Module] SDK Version: 4.1.2
[Physics::Module] Integration Version: 1.0.0
[Physics::Module] Threading Mode: Multi-Threaded
Refreshing native plugins compatible for Editor in 5.03 ms, found 3 plugins.
Preloading 0 native plugins for Editor in 0.00 ms.
Initialize engine version: 6000.0.42f1 (feb9a7235030)
[Subsystems] Discovering subsystems at path C:/Program Files/Unity/Hub/Editor/6000.0.42f1-x86_64/Editor/Data/Resources/UnitySubsystems
[Subsystems] Discovering subsystems at path C:/Users/luisc/ParatrooperPlunge/Assets
GfxDevice: creating device client; kGfxThreadingModeNonThreaded
Direct3D:
    Version:  Direct3D 11.0 [level 11.1]
    Renderer: NVIDIA GeForce RTX 3060 (ID=0x2544)
    Vendor:   NVIDIA
    VRAM:     8036 MB
    Driver:   32.0.15.7283
Initialize mono
Mono path[0] = 'C:/Program Files/Unity/Hub/Editor/6000.0.42f1-x86_64/Editor/Data/Managed'
Mono path[1] = 'C:/Program Files/Unity/Hub/Editor/6000.0.42f1-x86_64/Editor/Data/MonoBleedingEdge/lib/mono/unityjit-win32'
Mono config path = 'C:/Program Files/Unity/Hub/Editor/6000.0.42f1-x86_64/Editor/Data/MonoBleedingEdge/etc'
Using monoOptions --debugger-agent=transport=dt_socket,embedding=1,server=y,suspend=n,address=127.0.0.1:56648
Begin MonoManager ReloadAssembly
Registering precompiled unity dll's ...
Register platform support module: C:/Program Files/Unity/Hub/Editor/6000.0.42f1-x86_64/Editor/Data/PlaybackEngines/WindowsStandaloneSupport/UnityEditor.WindowsStandalone.Extensions.dll
Registered in 0.009544 seconds.
- Loaded All Assemblies, in  1.000 seconds
Native extension for WindowsStandalone target not found
Mono: successfully reloaded assembly
- Finished resetting the current domain, in  0.801 seconds
Domain Reload Profiling: 1795ms
	BeginReloadAssembly (364ms)
		ExecutionOrderSort (0ms)
		DisableScriptedObjects (0ms)
		BackupInstance (0ms)
		ReleaseScriptingObjects (0ms)
		CreateAndSetChildDomain (2ms)
	RebuildCommonClasses (104ms)
	RebuildNativeTypeToScriptingClass (30ms)
	initialDomainReloadingComplete (119ms)
	LoadAllAssembliesAndSetupDomain (375ms)
		LoadAssemblies (353ms)
		RebuildTransferFunctionScriptingTraits (0ms)
		AnalyzeDomain (368ms)
			TypeCache.Refresh (364ms)
				TypeCache.ScanAssembly (335ms)
			BuildScriptInfoCaches (0ms)
			ResolveRequiredComponents (1ms)
	FinalizeReload (802ms)
		ReleaseScriptCaches (0ms)
		RebuildScriptCaches (0ms)
		SetupLoadedEditorAssemblies (687ms)
			LogAssemblyErrors (0ms)
			InitializePlatformSupportModulesInManaged (53ms)
			SetLoadedEditorAssemblies (9ms)
			BeforeProcessingInitializeOnLoad (136ms)
			ProcessInitializeOnLoadAttributes (340ms)
			ProcessInitializeOnLoadMethodAttributes (149ms)
			AfterProcessingInitializeOnLoad (0ms)
			EditorAssembliesLoaded (0ms)
		ExecutionOrderSort2 (0ms)
		AwakeInstancesAfterBackupRestoration (0ms)
========================================================================
Worker process is ready to serve import requests
Import Worker Mode flag is 0x00
Begin MonoManager ReloadAssembly
- Loaded All Assemblies, in  1.719 seconds
Refreshing native plugins compatible for Editor in 3.63 ms, found 3 plugins.
Native extension for WindowsStandalone target not found
Mono: successfully reloaded assembly
- Finished resetting the current domain, in  1.525 seconds
Domain Reload Profiling: 3230ms
	BeginReloadAssembly (414ms)
		ExecutionOrderSort (0ms)
		DisableScriptedObjects (16ms)
		BackupInstance (0ms)
		ReleaseScriptingObjects (0ms)
		CreateAndSetChildDomain (66ms)
	RebuildCommonClasses (78ms)
	RebuildNativeTypeToScriptingClass (21ms)
	initialDomainReloadingComplete (95ms)
	LoadAllAssembliesAndSetupDomain (1096ms)
		LoadAssemblies (840ms)
		RebuildTransferFunctionScriptingTraits (0ms)
		AnalyzeDomain (505ms)
			TypeCache.Refresh (391ms)
				TypeCache.ScanAssembly (365ms)
			BuildScriptInfoCaches (88ms)
			ResolveRequiredComponents (21ms)
	FinalizeReload (1526ms)
		ReleaseScriptCaches (0ms)
		RebuildScriptCaches (0ms)
		SetupLoadedEditorAssemblies (1180ms)
			LogAssemblyErrors (0ms)
			InitializePlatformSupportModulesInManaged (4ms)
			SetLoadedEditorAssemblies (8ms)
			BeforeProcessingInitializeOnLoad (235ms)
			ProcessInitializeOnLoadAttributes (716ms)
			ProcessInitializeOnLoadMethodAttributes (202ms)
			AfterProcessingInitializeOnLoad (14ms)
			EditorAssembliesLoaded (0ms)
		ExecutionOrderSort2 (0ms)
		AwakeInstancesAfterBackupRestoration (11ms)
Launched and connected shader compiler UnityShaderCompiler.exe after 0.04 seconds
Refreshing native plugins compatible for Editor in 3.74 ms, found 3 plugins.
Preloading 0 native plugins for Editor in 0.00 ms.
Unloading 198 Unused Serialized files (Serialized files now loaded: 0)
Unloading 5952 unused Assets / (6.1 MB). Loaded Objects now: 6594.
Memory consumption went from 151.6 MB to 145.5 MB.
Total: 21.672700 ms (FindLiveObjects: 1.151100 ms CreateObjectMapping: 1.888500 ms MarkObjects: 10.794600 ms  DeleteObjects: 7.836200 ms)

========================================================================
Received Import Request.
  Time since last request: 258116.506806 seconds.
  path: Assets/InputSystem_Actions.inputactions
  artifactKey: Guid(052faaac586de48259a63d0c4782560b) Importer(815301076,1909f56bfc062723c751e8b465ee728b)
Start importing Assets/InputSystem_Actions.inputactions using Guid(052faaac586de48259a63d0c4782560b) Importer(815301076,1909f56bfc062723c751e8b465ee728b) (PreviewImporter) -> (artifact id: '02e5b530d5b44d961131ffba578cd945') in 0.0661554 seconds
Number of updated asset objects reloaded before import = 0Number of asset objects unloaded after import = 20

========================================================================
Received Import Request.
  Time since last request: 173.430147 seconds.
  path: Assets/Models/Mario/mario.fbx
  artifactKey: Guid(6779a243ee8f9fe4bad714ff31aee8e5) Importer(815301076,1909f56bfc062723c751e8b465ee728b)
Start importing Assets/Models/Mario/mario.fbx using Guid(6779a243ee8f9fe4bad714ff31aee8e5) Importer(815301076,1909f56bfc062723c751e8b465ee728b) (PreviewImporter) -> (artifact id: '3e131dd92865e6e026a4e24e130d06de') in 16.2739981 seconds
Number of updated asset objects reloaded before import = 0Number of asset objects unloaded after import = 380

========================================================================
Received Prepare
Refreshing native plugins compatible for Editor in 3.78 ms, found 3 plugins.
Preloading 0 native plugins for Editor in 0.00 ms.
Unloading 35 Unused Serialized files (Serialized files now loaded: 0)
Unloading 5942 unused Assets / (7.0 MB). Loaded Objects now: 6788.
Memory consumption went from 149.7 MB to 142.7 MB.
Total: 24.491600 ms (FindLiveObjects: 1.156500 ms CreateObjectMapping: 1.645000 ms MarkObjects: 14.134000 ms  DeleteObjects: 7.554000 ms)

Prepare: number of updated asset objects reloaded= 0
========================================================================
Received Prepare
Begin MonoManager ReloadAssembly
- Loaded All Assemblies, in  1.253 seconds
Refreshing native plugins compatible for Editor in 3.09 ms, found 3 plugins.
Native extension for WindowsStandalone target not found
Mono: successfully reloaded assembly
- Finished resetting the current domain, in  1.215 seconds
Domain Reload Profiling: 2463ms
	BeginReloadAssembly (397ms)
		ExecutionOrderSort (0ms)
		DisableScriptedObjects (39ms)
		BackupInstance (0ms)
		ReleaseScriptingObjects (0ms)
		CreateAndSetChildDomain (98ms)
	RebuildCommonClasses (60ms)
	RebuildNativeTypeToScriptingClass (23ms)
	initialDomainReloadingComplete (50ms)
	LoadAllAssembliesAndSetupDomain (716ms)
		LoadAssemblies (645ms)
		RebuildTransferFunctionScriptingTraits (0ms)
		AnalyzeDomain (263ms)
			TypeCache.Refresh (9ms)
				TypeCache.ScanAssembly (0ms)
			BuildScriptInfoCaches (231ms)
			ResolveRequiredComponents (16ms)
	FinalizeReload (1216ms)
		ReleaseScriptCaches (0ms)
		RebuildScriptCaches (0ms)
		SetupLoadedEditorAssemblies (874ms)
			LogAssemblyErrors (0ms)
			InitializePlatformSupportModulesInManaged (4ms)
			SetLoadedEditorAssemblies (7ms)
			BeforeProcessingInitializeOnLoad (196ms)
			ProcessInitializeOnLoadAttributes (574ms)
			ProcessInitializeOnLoadMethodAttributes (83ms)
			AfterProcessingInitializeOnLoad (9ms)
			EditorAssembliesLoaded (0ms)
		ExecutionOrderSort2 (0ms)
		AwakeInstancesAfterBackupRestoration (23ms)
Refreshing native plugins compatible for Editor in 3.72 ms, found 3 plugins.
Preloading 0 native plugins for Editor in 0.00 ms.
Unloading 44 Unused Serialized files (Serialized files now loaded: 0)
Unloading 5948 unused Assets / (6.5 MB). Loaded Objects now: 6682.
Memory consumption went from 160.0 MB to 153.5 MB.
Total: 21.708900 ms (FindLiveObjects: 1.191300 ms CreateObjectMapping: 2.038000 ms MarkObjects: 10.844000 ms  DeleteObjects: 7.633200 ms)

Prepare: number of updated asset objects reloaded= 0
========================================================================
Received Prepare
Refreshing native plugins compatible for Editor in 4.07 ms, found 3 plugins.
Preloading 0 native plugins for Editor in 0.00 ms.
Unloading 34 Unused Serialized files (Serialized files now loaded: 0)
Unloading 5942 unused Assets / (6.7 MB). Loaded Objects now: 6683.
Memory consumption went from 158.3 MB to 151.6 MB.
Total: 21.905400 ms (FindLiveObjects: 1.166700 ms CreateObjectMapping: 1.564000 ms MarkObjects: 11.475100 ms  DeleteObjects: 7.692600 ms)

Prepare: number of updated asset objects reloaded= 0
========================================================================
Received Prepare
Begin MonoManager ReloadAssembly
- Loaded All Assemblies, in  1.248 seconds
Refreshing native plugins compatible for Editor in 4.29 ms, found 3 plugins.
Native extension for WindowsStandalone target not found
Mono: successfully reloaded assembly
- Finished resetting the current domain, in  1.389 seconds
Domain Reload Profiling: 2624ms
	BeginReloadAssembly (340ms)
		ExecutionOrderSort (0ms)
		DisableScriptedObjects (9ms)
		BackupInstance (0ms)
		ReleaseScriptingObjects (0ms)
		CreateAndSetChildDomain (73ms)
	RebuildCommonClasses (61ms)
	RebuildNativeTypeToScriptingClass (22ms)
	initialDomainReloadingComplete (61ms)
	LoadAllAssembliesAndSetupDomain (751ms)
		LoadAssemblies (643ms)
		RebuildTransferFunctionScriptingTraits (0ms)
		AnalyzeDomain (295ms)
			TypeCache.Refresh (12ms)
				TypeCache.ScanAssembly (0ms)
			BuildScriptInfoCaches (260ms)
			ResolveRequiredComponents (17ms)
	FinalizeReload (1389ms)
		ReleaseScriptCaches (0ms)
		RebuildScriptCaches (0ms)
		SetupLoadedEditorAssemblies (1052ms)
			LogAssemblyErrors (0ms)
			InitializePlatformSupportModulesInManaged (4ms)
			SetLoadedEditorAssemblies (9ms)
			BeforeProcessingInitializeOnLoad (213ms)
			ProcessInitializeOnLoadAttributes (693ms)
			ProcessInitializeOnLoadMethodAttributes (118ms)
			AfterProcessingInitializeOnLoad (15ms)
			EditorAssembliesLoaded (0ms)
		ExecutionOrderSort2 (0ms)
		AwakeInstancesAfterBackupRestoration (25ms)
Refreshing native plugins compatible for Editor in 3.86 ms, found 3 plugins.
Preloading 0 native plugins for Editor in 0.00 ms.
Unloading 34 Unused Serialized files (Serialized files now loaded: 0)
Unloading 5949 unused Assets / (6.4 MB). Loaded Objects now: 6685.
Memory consumption went from 158.1 MB to 151.7 MB.
Total: 21.387800 ms (FindLiveObjects: 1.055200 ms CreateObjectMapping: 1.759100 ms MarkObjects: 11.178500 ms  DeleteObjects: 7.393100 ms)

Prepare: number of updated asset objects reloaded= 0
========================================================================
Received Import Request.
  Time since last request: 155.306842 seconds.
  path: Assets/Scripts/BallonManager.cs
  artifactKey: Guid(3900dac311403fe439f181c220418f03) Importer(815301076,1909f56bfc062723c751e8b465ee728b)
Start importing Assets/Scripts/BallonManager.cs using Guid(3900dac311403fe439f181c220418f03) Importer(815301076,1909f56bfc062723c751e8b465ee728b) (PreviewImporter) -> (artifact id: '595742a38cd519b5136533ffb252ffeb') in 0.0325503 seconds
Number of updated asset objects reloaded before import = 0Number of asset objects unloaded after import = 0

========================================================================
Received Import Request.
  Time since last request: 77.964156 seconds.
  path: Assets/Models/Coin/Tex_0031_0.png
  artifactKey: Guid(92e05a698a8630c488df788de0eb8725) Importer(815301076,1909f56bfc062723c751e8b465ee728b)
Start importing Assets/Models/Coin/Tex_0031_0.png using Guid(92e05a698a8630c488df788de0eb8725) Importer(815301076,1909f56bfc062723c751e8b465ee728b) (PreviewImporter) -> (artifact id: '09624c5d6d70f0febbc62162d3a57853') in 0.1740181 seconds
Number of updated asset objects reloaded before import = 0Number of asset objects unloaded after import = 2

========================================================================
Received Prepare
Refreshing native plugins compatible for Editor in 3.88 ms, found 3 plugins.
Preloading 0 native plugins for Editor in 0.00 ms.
Unloading 34 Unused Serialized files (Serialized files now loaded: 0)
Unloading 5943 unused Assets / (7.3 MB). Loaded Objects now: 6688.
Memory consumption went from 158.4 MB to 151.1 MB.
Total: 30.383000 ms (FindLiveObjects: 1.077300 ms CreateObjectMapping: 1.748100 ms MarkObjects: 18.133500 ms  DeleteObjects: 9.422300 ms)

Prepare: number of updated asset objects reloaded= 0
========================================================================
Received Prepare
Begin MonoManager ReloadAssembly
- Loaded All Assemblies, in  1.424 seconds
Refreshing native plugins compatible for Editor in 4.44 ms, found 3 plugins.
Native extension for WindowsStandalone target not found
Mono: successfully reloaded assembly
- Finished resetting the current domain, in  1.424 seconds
Domain Reload Profiling: 2838ms
	BeginReloadAssembly (367ms)
		ExecutionOrderSort (0ms)
		DisableScriptedObjects (12ms)
		BackupInstance (0ms)
		ReleaseScriptingObjects (0ms)
		CreateAndSetChildDomain (80ms)
	RebuildCommonClasses (71ms)
	RebuildNativeTypeToScriptingClass (22ms)
	initialDomainReloadingComplete (53ms)
	LoadAllAssembliesAndSetupDomain (900ms)
		LoadAssemblies (816ms)
		RebuildTransferFunctionScriptingTraits (0ms)
		AnalyzeDomain (288ms)
			TypeCache.Refresh (11ms)
				TypeCache.ScanAssembly (0ms)
			BuildScriptInfoCaches (254ms)
			ResolveRequiredComponents (17ms)
	FinalizeReload (1425ms)
		ReleaseScriptCaches (0ms)
		RebuildScriptCaches (0ms)
		SetupLoadedEditorAssemblies (1065ms)
			LogAssemblyErrors (0ms)
			InitializePlatformSupportModulesInManaged (3ms)
			SetLoadedEditorAssemblies (8ms)
			BeforeProcessingInitializeOnLoad (236ms)
			ProcessInitializeOnLoadAttributes (686ms)
			ProcessInitializeOnLoadMethodAttributes (118ms)
			AfterProcessingInitializeOnLoad (14ms)
			EditorAssembliesLoaded (0ms)
		ExecutionOrderSort2 (0ms)
		AwakeInstancesAfterBackupRestoration (23ms)
Refreshing native plugins compatible for Editor in 3.83 ms, found 3 plugins.
Preloading 0 native plugins for Editor in 0.00 ms.
Unloading 34 Unused Serialized files (Serialized files now loaded: 0)
Unloading 5950 unused Assets / (6.7 MB). Loaded Objects now: 6690.
Memory consumption went from 158.2 MB to 151.4 MB.
Total: 21.726200 ms (FindLiveObjects: 1.446700 ms CreateObjectMapping: 1.939200 ms MarkObjects: 10.710800 ms  DeleteObjects: 7.627200 ms)

Prepare: number of updated asset objects reloaded= 0
========================================================================
Received Import Request.
  Time since last request: 266.317473 seconds.
  path: Assets/Models/Coin Bag/moneybag.obj
  artifactKey: Guid(eaaaa16ae0dd42a4ca6c20c1dd2f1fd3) Importer(815301076,1909f56bfc062723c751e8b465ee728b)
Start importing Assets/Models/Coin Bag/moneybag.obj using Guid(eaaaa16ae0dd42a4ca6c20c1dd2f1fd3) Importer(815301076,1909f56bfc062723c751e8b465ee728b) (PreviewImporter) -> (artifact id: '23cf23e13d20520283c736a1d02ad442') in 1.0267954 seconds
Number of updated asset objects reloaded before import = 0Number of asset objects unloaded after import = 12

========================================================================
Received Prepare
Refreshing native plugins compatible for Editor in 3.37 ms, found 3 plugins.
Preloading 0 native plugins for Editor in 0.00 ms.
Unloading 34 Unused Serialized files (Serialized files now loaded: 0)
Unloading 5945 unused Assets / (6.3 MB). Loaded Objects now: 6832.
Memory consumption went from 166.1 MB to 159.8 MB.
Total: 22.994400 ms (FindLiveObjects: 1.063300 ms CreateObjectMapping: 1.583200 ms MarkObjects: 12.795200 ms  DeleteObjects: 7.550500 ms)

Prepare: number of updated asset objects reloaded= 0
========================================================================
Received Prepare
Begin MonoManager ReloadAssembly
- Loaded All Assemblies, in  1.332 seconds
Refreshing native plugins compatible for Editor in 2.21 ms, found 3 plugins.
Native extension for WindowsStandalone target not found
Mono: successfully reloaded assembly
- Finished resetting the current domain, in  1.110 seconds
Domain Reload Profiling: 2435ms
	BeginReloadAssembly (415ms)
		ExecutionOrderSort (0ms)
		DisableScriptedObjects (36ms)
		BackupInstance (0ms)
		ReleaseScriptingObjects (0ms)
		CreateAndSetChildDomain (102ms)
	RebuildCommonClasses (61ms)
	RebuildNativeTypeToScriptingClass (20ms)
	initialDomainReloadingComplete (50ms)
	LoadAllAssembliesAndSetupDomain (779ms)
		LoadAssemblies (676ms)
		RebuildTransferFunctionScriptingTraits (0ms)
		AnalyzeDomain (297ms)
			TypeCache.Refresh (13ms)
				TypeCache.ScanAssembly (0ms)
			BuildScriptInfoCaches (259ms)
			ResolveRequiredComponents (18ms)
	FinalizeReload (1110ms)
		ReleaseScriptCaches (0ms)
		RebuildScriptCaches (0ms)
		SetupLoadedEditorAssemblies (828ms)
			LogAssemblyErrors (0ms)
			InitializePlatformSupportModulesInManaged (5ms)
			SetLoadedEditorAssemblies (6ms)
			BeforeProcessingInitializeOnLoad (193ms)
			ProcessInitializeOnLoadAttributes (529ms)
			ProcessInitializeOnLoadMethodAttributes (83ms)
			AfterProcessingInitializeOnLoad (10ms)
			EditorAssembliesLoaded (0ms)
		ExecutionOrderSort2 (0ms)
		AwakeInstancesAfterBackupRestoration (21ms)
Refreshing native plugins compatible for Editor in 4.60 ms, found 3 plugins.
Preloading 0 native plugins for Editor in 0.00 ms.
Unloading 34 Unused Serialized files (Serialized files now loaded: 0)
Unloading 5951 unused Assets / (6.5 MB). Loaded Objects now: 6713.
Memory consumption went from 162.5 MB to 156.0 MB.
Total: 24.561700 ms (FindLiveObjects: 1.339000 ms CreateObjectMapping: 1.938600 ms MarkObjects: 13.424500 ms  DeleteObjects: 7.857400 ms)

Prepare: number of updated asset objects reloaded= 0
========================================================================
Received Prepare
Refreshing native plugins compatible for Editor in 3.99 ms, found 3 plugins.
Preloading 0 native plugins for Editor in 0.00 ms.
Unloading 34 Unused Serialized files (Serialized files now loaded: 0)
Unloading 5944 unused Assets / (6.8 MB). Loaded Objects now: 6713.
Memory consumption went from 162.6 MB to 155.8 MB.
Total: 47.418900 ms (FindLiveObjects: 1.107300 ms CreateObjectMapping: 1.613000 ms MarkObjects: 36.777200 ms  DeleteObjects: 7.919100 ms)

Prepare: number of updated asset objects reloaded= 0
========================================================================
Received Import Request.
  Time since last request: 234.137874 seconds.
  path: Assets/Scripts/PlayerController.cs
  artifactKey: Guid(bdaf5aa5da3ae03419b5776b6897fcd4) Importer(815301076,1909f56bfc062723c751e8b465ee728b)
Start importing Assets/Scripts/PlayerController.cs using Guid(bdaf5aa5da3ae03419b5776b6897fcd4) Importer(815301076,1909f56bfc062723c751e8b465ee728b) (PreviewImporter) -> (artifact id: 'b8229f21ac60a03bb2da89e2e035bb53') in 0.0353102 seconds
Number of updated asset objects reloaded before import = 0Number of asset objects unloaded after import = 0

========================================================================
Received Prepare
Begin MonoManager ReloadAssembly
- Loaded All Assemblies, in  1.378 seconds
Refreshing native plugins compatible for Editor in 3.83 ms, found 3 plugins.
Native extension for WindowsStandalone target not found
Mono: successfully reloaded assembly
- Finished resetting the current domain, in  1.608 seconds
Domain Reload Profiling: 2979ms
	BeginReloadAssembly (368ms)
		ExecutionOrderSort (0ms)
		DisableScriptedObjects (11ms)
		BackupInstance (0ms)
		ReleaseScriptingObjects (0ms)
		CreateAndSetChildDomain (85ms)
	RebuildCommonClasses (81ms)
	RebuildNativeTypeToScriptingClass (27ms)
	initialDomainReloadingComplete (56ms)
	LoadAllAssembliesAndSetupDomain (837ms)
		LoadAssemblies (694ms)
		RebuildTransferFunctionScriptingTraits (0ms)
		AnalyzeDomain (339ms)
			TypeCache.Refresh (12ms)
				TypeCache.ScanAssembly (0ms)
			BuildScriptInfoCaches (300ms)
			ResolveRequiredComponents (19ms)
	FinalizeReload (1609ms)
		ReleaseScriptCaches (0ms)
		RebuildScriptCaches (0ms)
		SetupLoadedEditorAssemblies (1168ms)
			LogAssemblyErrors (0ms)
			InitializePlatformSupportModulesInManaged (5ms)
			SetLoadedEditorAssemblies (8ms)
			BeforeProcessingInitializeOnLoad (257ms)
			ProcessInitializeOnLoadAttributes (753ms)
			ProcessInitializeOnLoadMethodAttributes (123ms)
			AfterProcessingInitializeOnLoad (21ms)
			EditorAssembliesLoaded (0ms)
		ExecutionOrderSort2 (0ms)
		AwakeInstancesAfterBackupRestoration (32ms)
Refreshing native plugins compatible for Editor in 3.38 ms, found 3 plugins.
Preloading 0 native plugins for Editor in 0.00 ms.
Unloading 34 Unused Serialized files (Serialized files now loaded: 0)
Unloading 5951 unused Assets / (6.6 MB). Loaded Objects now: 6715.
Memory consumption went from 162.4 MB to 155.8 MB.
Total: 25.106500 ms (FindLiveObjects: 1.183700 ms CreateObjectMapping: 1.848400 ms MarkObjects: 14.175900 ms  DeleteObjects: 7.896600 ms)

Prepare: number of updated asset objects reloaded= 0
========================================================================
Received Prepare
Begin MonoManager ReloadAssembly
- Loaded All Assemblies, in  1.347 seconds
Refreshing native plugins compatible for Editor in 2.79 ms, found 3 plugins.
Native extension for WindowsStandalone target not found
Mono: successfully reloaded assembly
- Finished resetting the current domain, in  1.560 seconds
Domain Reload Profiling: 2900ms
	BeginReloadAssembly (375ms)
		ExecutionOrderSort (0ms)
		DisableScriptedObjects (14ms)
		BackupInstance (0ms)
		ReleaseScriptingObjects (0ms)
		CreateAndSetChildDomain (92ms)
	RebuildCommonClasses (68ms)
	RebuildNativeTypeToScriptingClass (25ms)
	initialDomainReloadingComplete (62ms)
	LoadAllAssembliesAndSetupDomain (809ms)
		LoadAssemblies (676ms)
		RebuildTransferFunctionScriptingTraits (0ms)
		AnalyzeDomain (322ms)
			TypeCache.Refresh (12ms)
				TypeCache.ScanAssembly (1ms)
			BuildScriptInfoCaches (278ms)
			ResolveRequiredComponents (23ms)
	FinalizeReload (1562ms)
		ReleaseScriptCaches (0ms)
		RebuildScriptCaches (0ms)
		SetupLoadedEditorAssemblies (1178ms)
			LogAssemblyErrors (0ms)
			InitializePlatformSupportModulesInManaged (5ms)
			SetLoadedEditorAssemblies (29ms)
			BeforeProcessingInitializeOnLoad (255ms)
			ProcessInitializeOnLoadAttributes (724ms)
			ProcessInitializeOnLoadMethodAttributes (144ms)
			AfterProcessingInitializeOnLoad (19ms)
			EditorAssembliesLoaded (0ms)
		ExecutionOrderSort2 (0ms)
		AwakeInstancesAfterBackupRestoration (32ms)
Refreshing native plugins compatible for Editor in 3.97 ms, found 3 plugins.
Preloading 0 native plugins for Editor in 0.00 ms.
Unloading 34 Unused Serialized files (Serialized files now loaded: 0)
Unloading 5951 unused Assets / (4.3 MB). Loaded Objects now: 6717.
Memory consumption went from 162.4 MB to 158.1 MB.
Total: 31.696900 ms (FindLiveObjects: 1.110100 ms CreateObjectMapping: 1.988300 ms MarkObjects: 21.572600 ms  DeleteObjects: 7.024200 ms)

Prepare: number of updated asset objects reloaded= 0
========================================================================
Received Import Request.
  Time since last request: 68.009681 seconds.
  path: Assets/Scripts/Coin.cs
  artifactKey: Guid(c0c37391c52310e4dbb7e9f4a50f728a) Importer(815301076,1909f56bfc062723c751e8b465ee728b)
Start importing Assets/Scripts/Coin.cs using Guid(c0c37391c52310e4dbb7e9f4a50f728a) Importer(815301076,1909f56bfc062723c751e8b465ee728b) (PreviewImporter) -> (artifact id: 'f0e538ed50d7a203b71311a4a622f0eb') in 0.0071916 seconds
Number of updated asset objects reloaded before import = 0Number of asset objects unloaded after import = 0

========================================================================
Received Prepare
Begin MonoManager ReloadAssembly
- Loaded All Assemblies, in  1.328 seconds
Refreshing native plugins compatible for Editor in 3.20 ms, found 3 plugins.
Native extension for WindowsStandalone target not found
Mono: successfully reloaded assembly
- Finished resetting the current domain, in  1.587 seconds
Domain Reload Profiling: 2911ms
	BeginReloadAssembly (347ms)
		ExecutionOrderSort (0ms)
		DisableScriptedObjects (13ms)
		BackupInstance (0ms)
		ReleaseScriptingObjects (0ms)
		CreateAndSetChildDomain (83ms)
	RebuildCommonClasses (61ms)
	RebuildNativeTypeToScriptingClass (23ms)
	initialDomainReloadingComplete (55ms)
	LoadAllAssembliesAndSetupDomain (838ms)
		LoadAssemblies (666ms)
		RebuildTransferFunctionScriptingTraits (0ms)
		AnalyzeDomain (348ms)
			TypeCache.Refresh (13ms)
				TypeCache.ScanAssembly (0ms)
			BuildScriptInfoCaches (302ms)
			ResolveRequiredComponents (24ms)
	FinalizeReload (1588ms)
		ReleaseScriptCaches (0ms)
		RebuildScriptCaches (0ms)
		SetupLoadedEditorAssemblies (1188ms)
			LogAssemblyErrors (0ms)
			InitializePlatformSupportModulesInManaged (4ms)
			SetLoadedEditorAssemblies (7ms)
			BeforeProcessingInitializeOnLoad (265ms)
			ProcessInitializeOnLoadAttributes (769ms)
			ProcessInitializeOnLoadMethodAttributes (123ms)
			AfterProcessingInitializeOnLoad (19ms)
			EditorAssembliesLoaded (1ms)
		ExecutionOrderSort2 (0ms)
		AwakeInstancesAfterBackupRestoration (32ms)
Refreshing native plugins compatible for Editor in 3.30 ms, found 3 plugins.
Preloading 0 native plugins for Editor in 0.00 ms.
Unloading 34 Unused Serialized files (Serialized files now loaded: 0)
Unloading 5951 unused Assets / (6.7 MB). Loaded Objects now: 6719.
Memory consumption went from 162.4 MB to 155.7 MB.
Total: 23.006400 ms (FindLiveObjects: 1.156900 ms CreateObjectMapping: 1.931000 ms MarkObjects: 11.887900 ms  DeleteObjects: 8.028600 ms)

Prepare: number of updated asset objects reloaded= 0
========================================================================
Received Import Request.
  Time since last request: 20.804330 seconds.
  path: Assets/Scripts/Blooper.cs
  artifactKey: Guid(d04898d13abef3745893938dfab9fedb) Importer(815301076,1909f56bfc062723c751e8b465ee728b)
Start importing Assets/Scripts/Blooper.cs using Guid(d04898d13abef3745893938dfab9fedb) Importer(815301076,1909f56bfc062723c751e8b465ee728b) (PreviewImporter) -> (artifact id: '1f949c7b7f8cac4ce7d3e770351b0701') in 0.0070081 seconds
Number of updated asset objects reloaded before import = 0Number of asset objects unloaded after import = 0

========================================================================
Received Prepare
Refreshing native plugins compatible for Editor in 5.55 ms, found 3 plugins.
Preloading 0 native plugins for Editor in 0.00 ms.
Unloading 34 Unused Serialized files (Serialized files now loaded: 0)
Unloading 5945 unused Assets / (6.3 MB). Loaded Objects now: 6720.
Memory consumption went from 162.6 MB to 156.2 MB.
Total: 25.906300 ms (FindLiveObjects: 1.363700 ms CreateObjectMapping: 2.006000 ms MarkObjects: 15.283500 ms  DeleteObjects: 7.251100 ms)

Prepare: number of updated asset objects reloaded= 0
========================================================================
Received Prepare
Begin MonoManager ReloadAssembly
- Loaded All Assemblies, in  1.371 seconds
Refreshing native plugins compatible for Editor in 2.91 ms, found 3 plugins.
Native extension for WindowsStandalone target not found
Mono: successfully reloaded assembly
- Finished resetting the current domain, in  2.571 seconds
Domain Reload Profiling: 3935ms
	BeginReloadAssembly (367ms)
		ExecutionOrderSort (0ms)
		DisableScriptedObjects (13ms)
		BackupInstance (0ms)
		ReleaseScriptingObjects (0ms)
		CreateAndSetChildDomain (76ms)
	RebuildCommonClasses (82ms)
	RebuildNativeTypeToScriptingClass (24ms)
	initialDomainReloadingComplete (64ms)
	LoadAllAssembliesAndSetupDomain (825ms)
		LoadAssemblies (731ms)
		RebuildTransferFunctionScriptingTraits (0ms)
		AnalyzeDomain (299ms)
			TypeCache.Refresh (11ms)
				TypeCache.ScanAssembly (0ms)
			BuildScriptInfoCaches (263ms)
			ResolveRequiredComponents (19ms)
	FinalizeReload (2573ms)
		ReleaseScriptCaches (0ms)
		RebuildScriptCaches (0ms)
		SetupLoadedEditorAssemblies (1987ms)
			LogAssemblyErrors (0ms)
			InitializePlatformSupportModulesInManaged (8ms)
			SetLoadedEditorAssemblies (11ms)
			BeforeProcessingInitializeOnLoad (262ms)
			ProcessInitializeOnLoadAttributes (819ms)
			ProcessInitializeOnLoadMethodAttributes (864ms)
			AfterProcessingInitializeOnLoad (23ms)
			EditorAssembliesLoaded (1ms)
		ExecutionOrderSort2 (0ms)
		AwakeInstancesAfterBackupRestoration (200ms)
Refreshing native plugins compatible for Editor in 3.61 ms, found 3 plugins.
Preloading 0 native plugins for Editor in 0.00 ms.
Unloading 34 Unused Serialized files (Serialized files now loaded: 0)
Unloading 5952 unused Assets / (6.2 MB). Loaded Objects now: 6722.
Memory consumption went from 162.4 MB to 156.2 MB.
Total: 26.273900 ms (FindLiveObjects: 1.160800 ms CreateObjectMapping: 2.059500 ms MarkObjects: 15.153400 ms  DeleteObjects: 7.897500 ms)

Prepare: number of updated asset objects reloaded= 0
========================================================================
Received Import Request.
  Time since last request: 42.241145 seconds.
  path: Assets/Scripts/ObjectSpawner.cs
  artifactKey: Guid(8809a8422179934459ed1d16bb835ad8) Importer(815301076,1909f56bfc062723c751e8b465ee728b)
Start importing Assets/Scripts/ObjectSpawner.cs using Guid(8809a8422179934459ed1d16bb835ad8) Importer(815301076,1909f56bfc062723c751e8b465ee728b) (PreviewImporter) -> (artifact id: 'b898e789c24f9954fc33af0723d78a95') in 0.0110769 seconds
Number of updated asset objects reloaded before import = 0Number of asset objects unloaded after import = 0

========================================================================
Received Prepare
Begin MonoManager ReloadAssembly
- Loaded All Assemblies, in  1.381 seconds
Refreshing native plugins compatible for Editor in 3.30 ms, found 3 plugins.
Native extension for WindowsStandalone target not found
Mono: successfully reloaded assembly
- Finished resetting the current domain, in  1.444 seconds
Domain Reload Profiling: 2814ms
	BeginReloadAssembly (405ms)
		ExecutionOrderSort (0ms)
		DisableScriptedObjects (12ms)
		BackupInstance (0ms)
		ReleaseScriptingObjects (0ms)
		CreateAndSetChildDomain (83ms)
	RebuildCommonClasses (86ms)
	RebuildNativeTypeToScriptingClass (24ms)
	initialDomainReloadingComplete (64ms)
	LoadAllAssembliesAndSetupDomain (790ms)
		LoadAssemblies (710ms)
		RebuildTransferFunctionScriptingTraits (0ms)
		AnalyzeDomain (314ms)
			TypeCache.Refresh (13ms)
				TypeCache.ScanAssembly (1ms)
			BuildScriptInfoCaches (277ms)
			ResolveRequiredComponents (17ms)
	FinalizeReload (1444ms)
		ReleaseScriptCaches (0ms)
		RebuildScriptCaches (0ms)
		SetupLoadedEditorAssemblies (1087ms)
			LogAssemblyErrors (0ms)
			InitializePlatformSupportModulesInManaged (4ms)
			SetLoadedEditorAssemblies (8ms)
			BeforeProcessingInitializeOnLoad (324ms)
			ProcessInitializeOnLoadAttributes (645ms)
			ProcessInitializeOnLoadMethodAttributes (93ms)
			AfterProcessingInitializeOnLoad (13ms)
			EditorAssembliesLoaded (0ms)
		ExecutionOrderSort2 (0ms)
		AwakeInstancesAfterBackupRestoration (24ms)
Refreshing native plugins compatible for Editor in 3.98 ms, found 3 plugins.
Preloading 0 native plugins for Editor in 0.00 ms.
Unloading 34 Unused Serialized files (Serialized files now loaded: 0)
Unloading 5952 unused Assets / (7.0 MB). Loaded Objects now: 6724.
Memory consumption went from 162.4 MB to 155.4 MB.
Total: 24.086100 ms (FindLiveObjects: 1.998500 ms CreateObjectMapping: 2.452900 ms MarkObjects: 10.475300 ms  DeleteObjects: 9.156900 ms)

Prepare: number of updated asset objects reloaded= 0
========================================================================
Received Import Request.
  Time since last request: 162.427266 seconds.
  path: Assets/Models/Daisy/MPGCSND_SE_VOC_DAISY_001 - Good Choice! (CHARACTER SELECT) 00008 (0x041B).wav
  artifactKey: Guid(d7d56b7dd796b864db71e9da198e4200) Importer(815301076,1909f56bfc062723c751e8b465ee728b)
Start importing Assets/Models/Daisy/MPGCSND_SE_VOC_DAISY_001 - Good Choice! (CHARACTER SELECT) 00008 (0x041B).wav using Guid(d7d56b7dd796b864db71e9da198e4200) Importer(815301076,1909f56bfc062723c751e8b465ee728b) (PreviewImporter) -> (artifact id: '5d0fb559cb8624d4b506580354811929') in 0.1626958 seconds
Number of updated asset objects reloaded before import = 0Number of asset objects unloaded after import = 2

========================================================================
Received Import Request.
  Time since last request: 0.000036 seconds.
  path: Assets/Models/Daisy/MPGCSND_SE_VOC_DAISY_LEFTOVERS_003 - 00002 (0x001D).wav
  artifactKey: Guid(a6371b4fa864e4b458b4eb1c3f4926d7) Importer(815301076,1909f56bfc062723c751e8b465ee728b)
Start importing Assets/Models/Daisy/MPGCSND_SE_VOC_DAISY_LEFTOVERS_003 - 00002 (0x001D).wav using Guid(a6371b4fa864e4b458b4eb1c3f4926d7) Importer(815301076,1909f56bfc062723c751e8b465ee728b) (PreviewImporter) -> (artifact id: '3111abe090a368d62755d3c65853434d') in 0.0214021 seconds
Number of updated asset objects reloaded before import = 0Number of asset objects unloaded after import = 2

========================================================================
Received Import Request.
  Time since last request: 0.000042 seconds.
  path: Assets/Models/Daisy/MPGCSND_SE_VOC_DAISY_017 - Yah! (ATTACK IN BOO ORB) 00031 (0x0025).wav
  artifactKey: Guid(79b74268a9585cf4e9832a6cd7d4c258) Importer(815301076,1909f56bfc062723c751e8b465ee728b)
Start importing Assets/Models/Daisy/MPGCSND_SE_VOC_DAISY_017 - Yah! (ATTACK IN BOO ORB) 00031 (0x0025).wav using Guid(79b74268a9585cf4e9832a6cd7d4c258) Importer(815301076,1909f56bfc062723c751e8b465ee728b) (PreviewImporter) -> (artifact id: 'a11880eab8ac67b8f9bb8710ee3254a1') in 0.0229848 seconds
Number of updated asset objects reloaded before import = 0Number of asset objects unloaded after import = 2

========================================================================
Received Import Request.
  Time since last request: 0.000030 seconds.
  path: Assets/Models/Daisy/MPGCSND_SE_VOC_DAISY_008 - Yahoo! (CELEBRATION) 00022 (0x001C).wav
  artifactKey: Guid(c2489f92ee0040f48b7fa920e2aa5cd1) Importer(815301076,1909f56bfc062723c751e8b465ee728b)
Start importing Assets/Models/Daisy/MPGCSND_SE_VOC_DAISY_008 - Yahoo! (CELEBRATION) 00022 (0x001C).wav using Guid(c2489f92ee0040f48b7fa920e2aa5cd1) Importer(815301076,1909f56bfc062723c751e8b465ee728b) (PreviewImporter) -> (artifact id: '99124488565ff49b6262ecb10631f6c7') in 0.0225363 seconds
Number of updated asset objects reloaded before import = 0Number of asset objects unloaded after import = 2

========================================================================
Received Import Request.
  Time since last request: 0.000043 seconds.
  path: Assets/Models/Daisy/MPGCSND_SE_VOC_DAISY_SOUND_OPTIONS_002 - 00001 (0x0018).wav
  artifactKey: Guid(ce455c7cad206654eb405a1b7385d92a) Importer(815301076,1909f56bfc062723c751e8b465ee728b)
Start importing Assets/Models/Daisy/MPGCSND_SE_VOC_DAISY_SOUND_OPTIONS_002 - 00001 (0x0018).wav using Guid(ce455c7cad206654eb405a1b7385d92a) Importer(815301076,1909f56bfc062723c751e8b465ee728b) (PreviewImporter) -> (artifact id: '264d60477c8766e0e157086137eaf533') in 0.0225261 seconds
Number of updated asset objects reloaded before import = 0Number of asset objects unloaded after import = 2

========================================================================
Received Import Request.
  Time since last request: 0.000035 seconds.
  path: Assets/Models/Daisy/MPGCSND_SE_VOC_DAISY_010 - Grrrooaarrr! (BOWSER SUIT) 00024 (0x001E).wav
  artifactKey: Guid(9c3b0d2ef7c9dbb46bbb66247fc41726) Importer(815301076,1909f56bfc062723c751e8b465ee728b)
Start importing Assets/Models/Daisy/MPGCSND_SE_VOC_DAISY_010 - Grrrooaarrr! (BOWSER SUIT) 00024 (0x001E).wav using Guid(9c3b0d2ef7c9dbb46bbb66247fc41726) Importer(815301076,1909f56bfc062723c751e8b465ee728b) (PreviewImporter) -> (artifact id: '19cdbf36eb98b7c1d30f0d3a3f16cd4a') in 0.0255946 seconds
Number of updated asset objects reloaded before import = 0Number of asset objects unloaded after import = 2

========================================================================
Received Import Request.
  Time since last request: 0.000036 seconds.
  path: Assets/Models/Daisy/Tex_0008_0.png
  artifactKey: Guid(705aca37b27d8904a96dc86a65ba0ca9) Importer(815301076,1909f56bfc062723c751e8b465ee728b)
Start importing Assets/Models/Daisy/Tex_0008_0.png using Guid(705aca37b27d8904a96dc86a65ba0ca9) Importer(815301076,1909f56bfc062723c751e8b465ee728b) (PreviewImporter) -> (artifact id: '5860c8bfb7684b5b5ee2f255287147f0') in 0.0454452 seconds
Number of updated asset objects reloaded before import = 0Number of asset objects unloaded after import = 2

========================================================================
Received Import Request.
  Time since last request: 0.000030 seconds.
  path: Assets/Models/Daisy/Tex_0006_0.png
  artifactKey: Guid(e5ed909fc0e4fb04db97325e24abde9a) Importer(815301076,1909f56bfc062723c751e8b465ee728b)
Start importing Assets/Models/Daisy/Tex_0006_0.png using Guid(e5ed909fc0e4fb04db97325e24abde9a) Importer(815301076,1909f56bfc062723c751e8b465ee728b) (PreviewImporter) -> (artifact id: '362019508b2839513a5789b691897750') in 0.0260923 seconds
Number of updated asset objects reloaded before import = 0Number of asset objects unloaded after import = 2

========================================================================
Received Import Request.
  Time since last request: 0.000040 seconds.
  path: Assets/Models/Daisy/MPGCSND_SE_VOC_DAISY_SOUND_OPTIONS_009 - 00008 (0x0020).wav
  artifactKey: Guid(e0ef28b351b5cee419284ddd783d43a2) Importer(815301076,1909f56bfc062723c751e8b465ee728b)
Start importing Assets/Models/Daisy/MPGCSND_SE_VOC_DAISY_SOUND_OPTIONS_009 - 00008 (0x0020).wav using Guid(e0ef28b351b5cee419284ddd783d43a2) Importer(815301076,1909f56bfc062723c751e8b465ee728b) (PreviewImporter) -> (artifact id: 'df7200a5498ed846f1a66cbc50facb37') in 0.0255438 seconds
Number of updated asset objects reloaded before import = 0Number of asset objects unloaded after import = 2

========================================================================
Received Import Request.
  Time since last request: 0.000063 seconds.
  path: Assets/Models/Daisy/MPGCSND_SE_VOC_DAISY_003 - Yaaay! I got it! (GETTING A STAR) 00017 (0x0017).wav
  artifactKey: Guid(32c8ed63f469a8b449a75c53dfe57af0) Importer(815301076,1909f56bfc062723c751e8b465ee728b)
Start importing Assets/Models/Daisy/MPGCSND_SE_VOC_DAISY_003 - Yaaay! I got it! (GETTING A STAR) 00017 (0x0017).wav using Guid(32c8ed63f469a8b449a75c53dfe57af0) Importer(815301076,1909f56bfc062723c751e8b465ee728b) (PreviewImporter) -> (artifact id: '0428f100a1e59c8f421eeafb10dd74ab') in 0.0231122 seconds
Number of updated asset objects reloaded before import = 0Number of asset objects unloaded after import = 2

========================================================================
Received Import Request.
  Time since last request: 0.000029 seconds.
  path: Assets/Models/Daisy/MPGCSND_SE_VOC_DAISY_SOUND_OPTIONS_006 - 00005 (0x001D).wav
  artifactKey: Guid(3989480db28b2044ea66215b47d70ef1) Importer(815301076,1909f56bfc062723c751e8b465ee728b)
Start importing Assets/Models/Daisy/MPGCSND_SE_VOC_DAISY_SOUND_OPTIONS_006 - 00005 (0x001D).wav using Guid(3989480db28b2044ea66215b47d70ef1) Importer(815301076,1909f56bfc062723c751e8b465ee728b) (PreviewImporter) -> (artifact id: '71e366247aa32806c0173fbc0dfeb7b6') in 0.0101719 seconds
Number of updated asset objects reloaded before import = 0Number of asset objects unloaded after import = 2

========================================================================
Received Import Request.
  Time since last request: 0.000025 seconds.
  path: Assets/Models/Daisy/MPGCSND_SE_VOC_DAISY_005 - Yaaay! (GETTING AN ITEM) 00019 (0x0019).wav
  artifactKey: Guid(e3c11484aaf9c3d4ba6625bca4a089a4) Importer(815301076,1909f56bfc062723c751e8b465ee728b)
Start importing Assets/Models/Daisy/MPGCSND_SE_VOC_DAISY_005 - Yaaay! (GETTING AN ITEM) 00019 (0x0019).wav using Guid(e3c11484aaf9c3d4ba6625bca4a089a4) Importer(815301076,1909f56bfc062723c751e8b465ee728b) (PreviewImporter) -> (artifact id: '9e68d1ec7561596bc5ab3ddf08b07cbb') in 0.0224602 seconds
Number of updated asset objects reloaded before import = 0Number of asset objects unloaded after import = 2

========================================================================
Received Import Request.
  Time since last request: 0.000032 seconds.
  path: Assets/Models/Daisy/MPGCSND_SE_VOC_DAISY_014 - (MANTA RING SCREAM WITH WATER EFFECT) 00028 (0x0022).wav
  artifactKey: Guid(bd6f17aafe1056f418afe7db5c815ecb) Importer(815301076,1909f56bfc062723c751e8b465ee728b)
Start importing Assets/Models/Daisy/MPGCSND_SE_VOC_DAISY_014 - (MANTA RING SCREAM WITH WATER EFFECT) 00028 (0x0022).wav using Guid(bd6f17aafe1056f418afe7db5c815ecb) Importer(815301076,1909f56bfc062723c751e8b465ee728b) (PreviewImporter) -> (artifact id: 'e79626b582b8bdc3fe57a2120a7f1365') in 0.0213259 seconds
Number of updated asset objects reloaded before import = 0Number of asset objects unloaded after import = 2

========================================================================
Received Import Request.
  Time since last request: 0.000034 seconds.
  path: Assets/Models/Daisy/MPGCSND_SE_VOC_DAISY_012 - I Am The Party Star! (YOU ARE THE PARTY STAR!) 00026 (0x0020).wav
  artifactKey: Guid(d2dff317f3de2424c8e64fe4b4452c6c) Importer(815301076,1909f56bfc062723c751e8b465ee728b)
Start importing Assets/Models/Daisy/MPGCSND_SE_VOC_DAISY_012 - I Am The Party Star! (YOU ARE THE PARTY STAR!) 00026 (0x0020).wav using Guid(d2dff317f3de2424c8e64fe4b4452c6c) Importer(815301076,1909f56bfc062723c751e8b465ee728b) (PreviewImporter) -> (artifact id: '78a6bd2cb33bbf6c42a724d556f2e993') in 0.0252942 seconds
Number of updated asset objects reloaded before import = 0Number of asset objects unloaded after import = 2

========================================================================
Received Import Request.
  Time since last request: 0.000021 seconds.
  path: Assets/Models/Daisy/MPGCSND_SE_VOC_DAISY_011 - Ow! (GETTING HURT) 00025 (0x001F).wav
  artifactKey: Guid(de210d32d65e3d140a9a34c8a9c7d90a) Importer(815301076,1909f56bfc062723c751e8b465ee728b)
Start importing Assets/Models/Daisy/MPGCSND_SE_VOC_DAISY_011 - Ow! (GETTING HURT) 00025 (0x001F).wav using Guid(de210d32d65e3d140a9a34c8a9c7d90a) Importer(815301076,1909f56bfc062723c751e8b465ee728b) (PreviewImporter) -> (artifact id: 'ceace64c3591094daf28d5df9683a3ac') in 0.0247804 seconds
Number of updated asset objects reloaded before import = 0Number of asset objects unloaded after import = 2

========================================================================
Received Import Request.
  Time since last request: 0.000028 seconds.
  path: Assets/Models/Daisy/Tex_0005_0.png
  artifactKey: Guid(1535033f3138474479690ed2ed02e9f5) Importer(815301076,1909f56bfc062723c751e8b465ee728b)
Start importing Assets/Models/Daisy/Tex_0005_0.png using Guid(1535033f3138474479690ed2ed02e9f5) Importer(815301076,1909f56bfc062723c751e8b465ee728b) (PreviewImporter) -> (artifact id: 'a88d66fbd79e1ffeff5a25d706475cc7') in 0.0272811 seconds
Number of updated asset objects reloaded before import = 0Number of asset objects unloaded after import = 2

========================================================================
Received Import Request.
  Time since last request: 0.000026 seconds.
  path: Assets/Models/Daisy/MPGCSND_SE_VOC_DAISY_018 - (SCREAM IN BOO ORB) 00032 (0x0026).wav
  artifactKey: Guid(6c4e28bf0759ac04896e75ea7609c912) Importer(815301076,1909f56bfc062723c751e8b465ee728b)
Start importing Assets/Models/Daisy/MPGCSND_SE_VOC_DAISY_018 - (SCREAM IN BOO ORB) 00032 (0x0026).wav using Guid(6c4e28bf0759ac04896e75ea7609c912) Importer(815301076,1909f56bfc062723c751e8b465ee728b) (PreviewImporter) -> (artifact id: '6f342f28c25b7f45839a8e1789a1a7d4') in 0.0225081 seconds
Number of updated asset objects reloaded before import = 0Number of asset objects unloaded after import = 2

========================================================================
Received Import Request.
  Time since last request: 0.000034 seconds.
  path: Assets/Models/Daisy/Tex_0004_0.png
  artifactKey: Guid(70be9a7173241ef4f9a257eeb5acbb0a) Importer(815301076,1909f56bfc062723c751e8b465ee728b)
Start importing Assets/Models/Daisy/Tex_0004_0.png using Guid(70be9a7173241ef4f9a257eeb5acbb0a) Importer(815301076,1909f56bfc062723c751e8b465ee728b) (PreviewImporter) -> (artifact id: 'cbd5bf667eae9b853e337a5beda1be9e') in 0.0230742 seconds
Number of updated asset objects reloaded before import = 0Number of asset objects unloaded after import = 2

========================================================================
Received Import Request.
  Time since last request: 0.000028 seconds.
  path: Assets/Models/Daisy/Tex_0002_0.png
  artifactKey: Guid(47b9180b6ed260f47a0c7ef163ebc26c) Importer(815301076,1909f56bfc062723c751e8b465ee728b)
Start importing Assets/Models/Daisy/Tex_0002_0.png using Guid(47b9180b6ed260f47a0c7ef163ebc26c) Importer(815301076,1909f56bfc062723c751e8b465ee728b) (PreviewImporter) -> (artifact id: '2f0333911cc3d590203d853bdacdd734') in 0.026046 seconds
Number of updated asset objects reloaded before import = 0Number of asset objects unloaded after import = 2

========================================================================
Received Import Request.
  Time since last request: 0.000028 seconds.
  path: Assets/Models/Daisy/MPGCSND_SE_VOC_DAISY_LEFTOVERS_002 - 00001 (0x001B).wav
  artifactKey: Guid(c015423122c161e4dbb1ccd709df4441) Importer(815301076,1909f56bfc062723c751e8b465ee728b)
Start importing Assets/Models/Daisy/MPGCSND_SE_VOC_DAISY_LEFTOVERS_002 - 00001 (0x001B).wav using Guid(c015423122c161e4dbb1ccd709df4441) Importer(815301076,1909f56bfc062723c751e8b465ee728b) (PreviewImporter) -> (artifact id: 'd0e5440b1346171571d8cd032af55171') in 0.0223298 seconds
Number of updated asset objects reloaded before import = 0Number of asset objects unloaded after import = 2

========================================================================
Received Import Request.
  Time since last request: 0.000028 seconds.
  path: Assets/Models/Daisy/MPGCSND_SE_VOC_DAISY_SOUND_OPTIONS_005 - 00004 (0x001B).wav
  artifactKey: Guid(91b3bbbedb05cf747901359d637945f5) Importer(815301076,1909f56bfc062723c751e8b465ee728b)
Start importing Assets/Models/Daisy/MPGCSND_SE_VOC_DAISY_SOUND_OPTIONS_005 - 00004 (0x001B).wav using Guid(91b3bbbedb05cf747901359d637945f5) Importer(815301076,1909f56bfc062723c751e8b465ee728b) (PreviewImporter) -> (artifact id: '265720f5d2e172000f445562e35353a3') in 0.0098134 seconds
Number of updated asset objects reloaded before import = 0Number of asset objects unloaded after import = 2

========================================================================
Received Import Request.
  Time since last request: 0.000047 seconds.
  path: Assets/Models/Daisy/MPGCSND_SE_VOC_DAISY_SOUND_OPTIONS_001 - 00000 (0x0017).wav
  artifactKey: Guid(4e4ab067fccdda240894c3d698a3ecf8) Importer(815301076,1909f56bfc062723c751e8b465ee728b)
Start importing Assets/Models/Daisy/MPGCSND_SE_VOC_DAISY_SOUND_OPTIONS_001 - 00000 (0x0017).wav using Guid(4e4ab067fccdda240894c3d698a3ecf8) Importer(815301076,1909f56bfc062723c751e8b465ee728b) (PreviewImporter) -> (artifact id: '14b7572ce9a596120113ec130df662b2') in 0.0113493 seconds
Number of updated asset objects reloaded before import = 0Number of asset objects unloaded after import = 2

========================================================================
Received Import Request.
  Time since last request: 0.000026 seconds.
  path: Assets/Models/Daisy/MPGCSND_SE_VOC_DAISY_009 - Wow! (SURPRISED) 00023 (0x001D).wav
  artifactKey: Guid(a19daeba9007ab34aa8ef5c2840ed447) Importer(815301076,1909f56bfc062723c751e8b465ee728b)
Start importing Assets/Models/Daisy/MPGCSND_SE_VOC_DAISY_009 - Wow! (SURPRISED) 00023 (0x001D).wav using Guid(a19daeba9007ab34aa8ef5c2840ed447) Importer(815301076,1909f56bfc062723c751e8b465ee728b) (PreviewImporter) -> (artifact id: '47ec91efb84e6b404886ba89cfcf54cb') in 0.0238066 seconds
Number of updated asset objects reloaded before import = 0Number of asset objects unloaded after import = 2

========================================================================
Received Import Request.
  Time since last request: 0.000044 seconds.
  path: Assets/Models/Daisy/MPGCSND_SE_VOC_DAISY_SOUND_OPTIONS_007 - 00006 (0x001E).wav
  artifactKey: Guid(7fa10781260d34647af8cc7782457954) Importer(815301076,1909f56bfc062723c751e8b465ee728b)
Start importing Assets/Models/Daisy/MPGCSND_SE_VOC_DAISY_SOUND_OPTIONS_007 - 00006 (0x001E).wav using Guid(7fa10781260d34647af8cc7782457954) Importer(815301076,1909f56bfc062723c751e8b465ee728b) (PreviewImporter) -> (artifact id: '3af476168ecc0d6bb023317b06a102ff') in 0.0107019 seconds
Number of updated asset objects reloaded before import = 0Number of asset objects unloaded after import = 2

========================================================================
Received Import Request.
  Time since last request: 0.000033 seconds.
  path: Assets/Models/Daisy/MPGCSND_SE_VOC_DAISY_006 - (DESPAIR SCREAM) 00020 (0x001A).wav
  artifactKey: Guid(70d8046b4a1d15d439acd5180f582861) Importer(815301076,1909f56bfc062723c751e8b465ee728b)
Start importing Assets/Models/Daisy/MPGCSND_SE_VOC_DAISY_006 - (DESPAIR SCREAM) 00020 (0x001A).wav using Guid(70d8046b4a1d15d439acd5180f582861) Importer(815301076,1909f56bfc062723c751e8b465ee728b) (PreviewImporter) -> (artifact id: '509bf82ca3c67096cadeed93f5a63fb0') in 0.0093614 seconds
Number of updated asset objects reloaded before import = 0Number of asset objects unloaded after import = 2

========================================================================
Received Import Request.
  Time since last request: 21.393030 seconds.
  path: Assets/Models/Luigi/c001m0_mayu.png
  artifactKey: Guid(eef23d83de3f5aa46bd506838eb9e84e) Importer(815301076,1909f56bfc062723c751e8b465ee728b)
Start importing Assets/Models/Luigi/c001m0_mayu.png using Guid(eef23d83de3f5aa46bd506838eb9e84e) Importer(815301076,1909f56bfc062723c751e8b465ee728b) (PreviewImporter) -> (artifact id: 'ee5e50315a7b57616484fc2b7d2f6471') in 0.0280519 seconds
Number of updated asset objects reloaded before import = 0Number of asset objects unloaded after import = 2

========================================================================
Received Import Request.
  Time since last request: 0.000022 seconds.
  path: Assets/Models/Luigi/s3c001m0_eye_close2.png
  artifactKey: Guid(4e80a6f5bbe52874cafcca8fedf9afd3) Importer(815301076,1909f56bfc062723c751e8b465ee728b)
Start importing Assets/Models/Luigi/s3c001m0_eye_close2.png using Guid(4e80a6f5bbe52874cafcca8fedf9afd3) Importer(815301076,1909f56bfc062723c751e8b465ee728b) (PreviewImporter) -> (artifact id: 'da82dc1202c7ee223d3bd94ffa2a9611') in 0.0231954 seconds
Number of updated asset objects reloaded before import = 0Number of asset objects unloaded after import = 2

========================================================================
Received Import Request.
  Time since last request: 0.000025 seconds.
  path: Assets/Models/Luigi/luigi.dae
  artifactKey: Guid(d7503384b2f557c448d2b18b49da8a86) Importer(815301076,1909f56bfc062723c751e8b465ee728b)
Start importing Assets/Models/Luigi/luigi.dae using Guid(d7503384b2f557c448d2b18b49da8a86) Importer(815301076,1909f56bfc062723c751e8b465ee728b) (PreviewImporter) -> (artifact id: '545fb68c93a2210b20e6715a08865133') in 1.5335714 seconds
Number of updated asset objects reloaded before import = 0Number of asset objects unloaded after import = 400

========================================================================
Received Import Request.
  Time since last request: 15.875127 seconds.
  path: Assets/Models/Peach/c002m1_Skirt.png
  artifactKey: Guid(3b2258c8eca97f345b79fcca5fbb436e) Importer(815301076,1909f56bfc062723c751e8b465ee728b)
Start importing Assets/Models/Peach/c002m1_Skirt.png using Guid(3b2258c8eca97f345b79fcca5fbb436e) Importer(815301076,1909f56bfc062723c751e8b465ee728b) (PreviewImporter) -> (artifact id: '11d1b4024ad485b947725723c54003f4') in 0.0273273 seconds
Number of updated asset objects reloaded before import = 0Number of asset objects unloaded after import = 2

========================================================================
Received Import Request.
  Time since last request: 0.000044 seconds.
  path: Assets/Models/Peach/s3c002m0_eye_+.png
  artifactKey: Guid(9ad2d9ec77e523547806734143519bfe) Importer(815301076,1909f56bfc062723c751e8b465ee728b)
Start importing Assets/Models/Peach/s3c002m0_eye_+.png using Guid(9ad2d9ec77e523547806734143519bfe) Importer(815301076,1909f56bfc062723c751e8b465ee728b) (PreviewImporter) -> (artifact id: '0d0ee6f82e602e8674f821f3f8e79038') in 0.0298342 seconds
Number of updated asset objects reloaded before import = 0Number of asset objects unloaded after import = 2

========================================================================
Received Import Request.
  Time since last request: 0.000034 seconds.
  path: Assets/Models/Peach/s3c002m0_eye.png
  artifactKey: Guid(068e02f550a5aa046bc276a4ed1b6545) Importer(815301076,1909f56bfc062723c751e8b465ee728b)
Start importing Assets/Models/Peach/s3c002m0_eye.png using Guid(068e02f550a5aa046bc276a4ed1b6545) Importer(815301076,1909f56bfc062723c751e8b465ee728b) (PreviewImporter) -> (artifact id: 'a4f65b96258162bfbd2551a1eb188c29') in 0.022202 seconds
Number of updated asset objects reloaded before import = 0Number of asset objects unloaded after import = 2

========================================================================
Received Import Request.
  Time since last request: 0.000032 seconds.
  path: Assets/Models/Peach/s3c002m0.png
  artifactKey: Guid(9b24628c62aabc94e9684742ecac107e) Importer(815301076,1909f56bfc062723c751e8b465ee728b)
Start importing Assets/Models/Peach/s3c002m0.png using Guid(9b24628c62aabc94e9684742ecac107e) Importer(815301076,1909f56bfc062723c751e8b465ee728b) (PreviewImporter) -> (artifact id: 'b6bf72c3fe870b0c1de566661da90a9f') in 0.0242888 seconds
Number of updated asset objects reloaded before import = 0Number of asset objects unloaded after import = 2

========================================================================
Received Import Request.
  Time since last request: 0.000072 seconds.
  path: Assets/Models/Peach/peach.fbx
  artifactKey: Guid(d61735f4cb1436746bce35663b974d38) Importer(815301076,1909f56bfc062723c751e8b465ee728b)
Start importing Assets/Models/Peach/peach.fbx using Guid(d61735f4cb1436746bce35663b974d38) Importer(815301076,1909f56bfc062723c751e8b465ee728b) (PreviewImporter) -> (artifact id: 'b350632b895b202752812c5cf59872a8') in 0.1348544 seconds
Number of updated asset objects reloaded before import = 0Number of asset objects unloaded after import = 412

========================================================================
Received Prepare
Begin MonoManager ReloadAssembly
- Loaded All Assemblies, in  1.534 seconds
Refreshing native plugins compatible for Editor in 2.86 ms, found 3 plugins.
Native extension for WindowsStandalone target not found
Mono: successfully reloaded assembly
- Finished resetting the current domain, in  1.488 seconds
Domain Reload Profiling: 3008ms
	BeginReloadAssembly (402ms)
		ExecutionOrderSort (0ms)
		DisableScriptedObjects (33ms)
		BackupInstance (0ms)
		ReleaseScriptingObjects (0ms)
		CreateAndSetChildDomain (102ms)
	RebuildCommonClasses (104ms)
	RebuildNativeTypeToScriptingClass (35ms)
	initialDomainReloadingComplete (81ms)
	LoadAllAssembliesAndSetupDomain (897ms)
		LoadAssemblies (770ms)
		RebuildTransferFunctionScriptingTraits (0ms)
		AnalyzeDomain (323ms)
			TypeCache.Refresh (8ms)
				TypeCache.ScanAssembly (0ms)
			BuildScriptInfoCaches (294ms)
			ResolveRequiredComponents (17ms)
	FinalizeReload (1489ms)
		ReleaseScriptCaches (0ms)
		RebuildScriptCaches (0ms)
		SetupLoadedEditorAssemblies (1105ms)
			LogAssemblyErrors (0ms)
			InitializePlatformSupportModulesInManaged (5ms)
			SetLoadedEditorAssemblies (10ms)
			BeforeProcessingInitializeOnLoad (214ms)
			ProcessInitializeOnLoadAttributes (739ms)
			ProcessInitializeOnLoadMethodAttributes (120ms)
			AfterProcessingInitializeOnLoad (18ms)
			EditorAssembliesLoaded (0ms)
		ExecutionOrderSort2 (0ms)
		AwakeInstancesAfterBackupRestoration (24ms)
Refreshing native plugins compatible for Editor in 3.27 ms, found 3 plugins.
Preloading 0 native plugins for Editor in 0.00 ms.
Unloading 34 Unused Serialized files (Serialized files now loaded: 0)
Unloading 5953 unused Assets / (5.9 MB). Loaded Objects now: 6750.
Memory consumption went from 168.2 MB to 162.2 MB.
Total: 21.861800 ms (FindLiveObjects: 1.332100 ms CreateObjectMapping: 1.866400 ms MarkObjects: 10.499800 ms  DeleteObjects: 8.161500 ms)

Prepare: number of updated asset objects reloaded= 0
========================================================================
Received Prepare
Begin MonoManager ReloadAssembly
- Loaded All Assemblies, in  1.341 seconds
Refreshing native plugins compatible for Editor in 2.77 ms, found 3 plugins.
Native extension for WindowsStandalone target not found
Mono: successfully reloaded assembly
- Finished resetting the current domain, in  1.555 seconds
Domain Reload Profiling: 2889ms
	BeginReloadAssembly (373ms)
		ExecutionOrderSort (0ms)
		DisableScriptedObjects (14ms)
		BackupInstance (0ms)
		ReleaseScriptingObjects (0ms)
		CreateAndSetChildDomain (80ms)
	RebuildCommonClasses (70ms)
	RebuildNativeTypeToScriptingClass (23ms)
	initialDomainReloadingComplete (59ms)
	LoadAllAssembliesAndSetupDomain (808ms)
		LoadAssemblies (702ms)
		RebuildTransferFunctionScriptingTraits (0ms)
		AnalyzeDomain (311ms)
			TypeCache.Refresh (12ms)
				TypeCache.ScanAssembly (0ms)
			BuildScriptInfoCaches (272ms)
			ResolveRequiredComponents (21ms)
	FinalizeReload (1556ms)
		ReleaseScriptCaches (0ms)
		RebuildScriptCaches (0ms)
		SetupLoadedEditorAssemblies (1190ms)
			LogAssemblyErrors (0ms)
			InitializePlatformSupportModulesInManaged (3ms)
			SetLoadedEditorAssemblies (7ms)
			BeforeProcessingInitializeOnLoad (246ms)
			ProcessInitializeOnLoadAttributes (772ms)
			ProcessInitializeOnLoadMethodAttributes (139ms)
			AfterProcessingInitializeOnLoad (22ms)
			EditorAssembliesLoaded (1ms)
		ExecutionOrderSort2 (0ms)
		AwakeInstancesAfterBackupRestoration (34ms)
Refreshing native plugins compatible for Editor in 4.82 ms, found 3 plugins.
Preloading 0 native plugins for Editor in 0.00 ms.
Unloading 34 Unused Serialized files (Serialized files now loaded: 0)
Unloading 5952 unused Assets / (6.2 MB). Loaded Objects now: 6752.
Memory consumption went from 168.0 MB to 161.8 MB.
Total: 26.450300 ms (FindLiveObjects: 1.159300 ms CreateObjectMapping: 1.905800 ms MarkObjects: 14.027100 ms  DeleteObjects: 9.356000 ms)

Prepare: number of updated asset objects reloaded= 0
========================================================================
Received Prepare
Refreshing native plugins compatible for Editor in 4.20 ms, found 3 plugins.
Preloading 0 native plugins for Editor in 0.00 ms.
Unloading 34 Unused Serialized files (Serialized files now loaded: 0)
Unloading 5946 unused Assets / (6.7 MB). Loaded Objects now: 6753.
Memory consumption went from 168.2 MB to 161.5 MB.
Total: 23.587500 ms (FindLiveObjects: 1.365500 ms CreateObjectMapping: 1.952500 ms MarkObjects: 11.391900 ms  DeleteObjects: 8.874700 ms)

Prepare: number of updated asset objects reloaded= 0
========================================================================
Received Prepare
Begin MonoManager ReloadAssembly
- Loaded All Assemblies, in  1.814 seconds
Refreshing native plugins compatible for Editor in 3.17 ms, found 3 plugins.
Native extension for WindowsStandalone target not found
Mono: successfully reloaded assembly
- Finished resetting the current domain, in  1.362 seconds
Domain Reload Profiling: 3163ms
	BeginReloadAssembly (373ms)
		ExecutionOrderSort (0ms)
		DisableScriptedObjects (10ms)
		BackupInstance (0ms)
		ReleaseScriptingObjects (0ms)
		CreateAndSetChildDomain (75ms)
	RebuildCommonClasses (79ms)
	RebuildNativeTypeToScriptingClass (36ms)
	initialDomainReloadingComplete (96ms)
	LoadAllAssembliesAndSetupDomain (1216ms)
		LoadAssemblies (1078ms)
		RebuildTransferFunctionScriptingTraits (0ms)
		AnalyzeDomain (351ms)
			TypeCache.Refresh (12ms)
				TypeCache.ScanAssembly (0ms)
			BuildScriptInfoCaches (312ms)
			ResolveRequiredComponents (20ms)
	FinalizeReload (1363ms)
		ReleaseScriptCaches (0ms)
		RebuildScriptCaches (0ms)
		SetupLoadedEditorAssemblies (1005ms)
			LogAssemblyErrors (0ms)
			InitializePlatformSupportModulesInManaged (5ms)
			SetLoadedEditorAssemblies (9ms)
			BeforeProcessingInitializeOnLoad (216ms)
			ProcessInitializeOnLoadAttributes (646ms)
			ProcessInitializeOnLoadMethodAttributes (114ms)
			AfterProcessingInitializeOnLoad (15ms)
			EditorAssembliesLoaded (0ms)
		ExecutionOrderSort2 (0ms)
		AwakeInstancesAfterBackupRestoration (24ms)
Refreshing native plugins compatible for Editor in 3.14 ms, found 3 plugins.
Preloading 0 native plugins for Editor in 0.00 ms.
Unloading 34 Unused Serialized files (Serialized files now loaded: 0)
Unloading 5953 unused Assets / (6.9 MB). Loaded Objects now: 6755.
Memory consumption went from 168.0 MB to 161.1 MB.
Total: 22.714000 ms (FindLiveObjects: 1.830400 ms CreateObjectMapping: 1.949700 ms MarkObjects: 10.525600 ms  DeleteObjects: 8.406100 ms)

Prepare: number of updated asset objects reloaded= 0
========================================================================
Received Prepare
Begin MonoManager ReloadAssembly
- Loaded All Assemblies, in  1.438 seconds
Refreshing native plugins compatible for Editor in 3.12 ms, found 3 plugins.
Native extension for WindowsStandalone target not found
Mono: successfully reloaded assembly
- Finished resetting the current domain, in  1.298 seconds
Domain Reload Profiling: 2729ms
	BeginReloadAssembly (416ms)
		ExecutionOrderSort (0ms)
		DisableScriptedObjects (16ms)
		BackupInstance (0ms)
		ReleaseScriptingObjects (0ms)
		CreateAndSetChildDomain (95ms)
	RebuildCommonClasses (84ms)
	RebuildNativeTypeToScriptingClass (32ms)
	initialDomainReloadingComplete (76ms)
	LoadAllAssembliesAndSetupDomain (822ms)
		LoadAssemblies (699ms)
		RebuildTransferFunctionScriptingTraits (0ms)
		AnalyzeDomain (340ms)
			TypeCache.Refresh (14ms)
				TypeCache.ScanAssembly (0ms)
			BuildScriptInfoCaches (299ms)
			ResolveRequiredComponents (21ms)
	FinalizeReload (1299ms)
		ReleaseScriptCaches (0ms)
		RebuildScriptCaches (0ms)
		SetupLoadedEditorAssemblies (961ms)
			LogAssemblyErrors (0ms)
			InitializePlatformSupportModulesInManaged (4ms)
			SetLoadedEditorAssemblies (8ms)
			BeforeProcessingInitializeOnLoad (214ms)
			ProcessInitializeOnLoadAttributes (606ms)
			ProcessInitializeOnLoadMethodAttributes (112ms)
			AfterProcessingInitializeOnLoad (16ms)
			EditorAssembliesLoaded (1ms)
		ExecutionOrderSort2 (0ms)
		AwakeInstancesAfterBackupRestoration (26ms)
Refreshing native plugins compatible for Editor in 3.84 ms, found 3 plugins.
Preloading 0 native plugins for Editor in 0.00 ms.
Unloading 34 Unused Serialized files (Serialized files now loaded: 0)
Unloading 5953 unused Assets / (6.8 MB). Loaded Objects now: 6757.
Memory consumption went from 168.0 MB to 161.2 MB.
Total: 21.622700 ms (FindLiveObjects: 1.255500 ms CreateObjectMapping: 1.704600 ms MarkObjects: 9.836400 ms  DeleteObjects: 8.824400 ms)

Prepare: number of updated asset objects reloaded= 0
========================================================================
Received Import Request.
  Time since last request: 1504.081183 seconds.
  path: Assets/Scripts/ThirdPersonCameraFollow.cs
  artifactKey: Guid(9279b136e48644d418bc48bc2790c762) Importer(815301076,1909f56bfc062723c751e8b465ee728b)
Start importing Assets/Scripts/ThirdPersonCameraFollow.cs using Guid(9279b136e48644d418bc48bc2790c762) Importer(815301076,1909f56bfc062723c751e8b465ee728b) (PreviewImporter) -> (artifact id: '6b00c38dc6671ce536e552b19057b3c5') in 0.0311697 seconds
Number of updated asset objects reloaded before import = 0Number of asset objects unloaded after import = 0

========================================================================
Received Prepare
Begin MonoManager ReloadAssembly
- Loaded All Assemblies, in  1.419 seconds
Refreshing native plugins compatible for Editor in 3.80 ms, found 3 plugins.
Native extension for WindowsStandalone target not found
Mono: successfully reloaded assembly
- Finished resetting the current domain, in  1.984 seconds
Domain Reload Profiling: 3394ms
	BeginReloadAssembly (375ms)
		ExecutionOrderSort (0ms)
		DisableScriptedObjects (13ms)
		BackupInstance (0ms)
		ReleaseScriptingObjects (0ms)
		CreateAndSetChildDomain (84ms)
	RebuildCommonClasses (73ms)
	RebuildNativeTypeToScriptingClass (25ms)
	initialDomainReloadingComplete (66ms)
	LoadAllAssembliesAndSetupDomain (871ms)
		LoadAssemblies (740ms)
		RebuildTransferFunctionScriptingTraits (0ms)
		AnalyzeDomain (335ms)
			TypeCache.Refresh (8ms)
				TypeCache.ScanAssembly (0ms)
			BuildScriptInfoCaches (297ms)
			ResolveRequiredComponents (23ms)
	FinalizeReload (1985ms)
		ReleaseScriptCaches (0ms)
		RebuildScriptCaches (0ms)
		SetupLoadedEditorAssemblies (1225ms)
			LogAssemblyErrors (0ms)
			InitializePlatformSupportModulesInManaged (5ms)
			SetLoadedEditorAssemblies (8ms)
			BeforeProcessingInitializeOnLoad (272ms)
			ProcessInitializeOnLoadAttributes (769ms)
			ProcessInitializeOnLoadMethodAttributes (151ms)
			AfterProcessingInitializeOnLoad (20ms)
			EditorAssembliesLoaded (0ms)
		ExecutionOrderSort2 (0ms)
		AwakeInstancesAfterBackupRestoration (339ms)
Refreshing native plugins compatible for Editor in 3.45 ms, found 3 plugins.
Preloading 0 native plugins for Editor in 0.00 ms.
Unloading 34 Unused Serialized files (Serialized files now loaded: 0)
Unloading 5953 unused Assets / (6.5 MB). Loaded Objects now: 6759.
Memory consumption went from 168.0 MB to 161.6 MB.
Total: 20.755700 ms (FindLiveObjects: 1.069500 ms CreateObjectMapping: 1.957000 ms MarkObjects: 10.287700 ms  DeleteObjects: 7.439400 ms)

Prepare: number of updated asset objects reloaded= 0
========================================================================
Received Prepare
Begin MonoManager ReloadAssembly
- Loaded All Assemblies, in  1.418 seconds
Refreshing native plugins compatible for Editor in 2.96 ms, found 3 plugins.
Native extension for WindowsStandalone target not found
Mono: successfully reloaded assembly
- Finished resetting the current domain, in  1.637 seconds
Domain Reload Profiling: 3048ms
	BeginReloadAssembly (456ms)
		ExecutionOrderSort (0ms)
		DisableScriptedObjects (10ms)
		BackupInstance (0ms)
		ReleaseScriptingObjects (0ms)
		CreateAndSetChildDomain (83ms)
	RebuildCommonClasses (66ms)
	RebuildNativeTypeToScriptingClass (21ms)
	initialDomainReloadingComplete (60ms)
	LoadAllAssembliesAndSetupDomain (807ms)
		LoadAssemblies (776ms)
		RebuildTransferFunctionScriptingTraits (0ms)
		AnalyzeDomain (319ms)
			TypeCache.Refresh (8ms)
				TypeCache.ScanAssembly (0ms)
			BuildScriptInfoCaches (282ms)
			ResolveRequiredComponents (22ms)
	FinalizeReload (1638ms)
		ReleaseScriptCaches (0ms)
		RebuildScriptCaches (0ms)
		SetupLoadedEditorAssemblies (1263ms)
			LogAssemblyErrors (0ms)
			InitializePlatformSupportModulesInManaged (3ms)
			SetLoadedEditorAssemblies (6ms)
			BeforeProcessingInitializeOnLoad (260ms)
			ProcessInitializeOnLoadAttributes (839ms)
			ProcessInitializeOnLoadMethodAttributes (135ms)
			AfterProcessingInitializeOnLoad (19ms)
			EditorAssembliesLoaded (0ms)
		ExecutionOrderSort2 (0ms)
		AwakeInstancesAfterBackupRestoration (33ms)
Refreshing native plugins compatible for Editor in 3.54 ms, found 3 plugins.
Preloading 0 native plugins for Editor in 0.00 ms.
Unloading 34 Unused Serialized files (Serialized files now loaded: 0)
Unloading 5953 unused Assets / (6.9 MB). Loaded Objects now: 6761.
Memory consumption went from 168.0 MB to 161.1 MB.
Total: 24.436900 ms (FindLiveObjects: 1.678900 ms CreateObjectMapping: 2.017400 ms MarkObjects: 10.945500 ms  DeleteObjects: 9.793100 ms)

Prepare: number of updated asset objects reloaded= 0
========================================================================
Received Prepare
Refreshing native plugins compatible for Editor in 3.65 ms, found 3 plugins.
Preloading 0 native plugins for Editor in 0.00 ms.
Unloading 34 Unused Serialized files (Serialized files now loaded: 0)
Unloading 5947 unused Assets / (6.9 MB). Loaded Objects now: 6762.
Memory consumption went from 168.2 MB to 161.3 MB.
Total: 23.654700 ms (FindLiveObjects: 1.093900 ms CreateObjectMapping: 1.634700 ms MarkObjects: 11.982100 ms  DeleteObjects: 8.942000 ms)

Prepare: number of updated asset objects reloaded= 0
========================================================================
Received Prepare
Begin MonoManager ReloadAssembly
- Loaded All Assemblies, in  1.686 seconds
Refreshing native plugins compatible for Editor in 4.10 ms, found 3 plugins.
Native extension for WindowsStandalone target not found
Mono: successfully reloaded assembly
- Finished resetting the current domain, in  1.443 seconds
Domain Reload Profiling: 3124ms
	BeginReloadAssembly (604ms)
		ExecutionOrderSort (0ms)
		DisableScriptedObjects (13ms)
		BackupInstance (0ms)
		ReleaseScriptingObjects (0ms)
		CreateAndSetChildDomain (276ms)
	RebuildCommonClasses (70ms)
	RebuildNativeTypeToScriptingClass (19ms)
	initialDomainReloadingComplete (56ms)
	LoadAllAssembliesAndSetupDomain (932ms)
		LoadAssemblies (784ms)
		RebuildTransferFunctionScriptingTraits (0ms)
		AnalyzeDomain (383ms)
			TypeCache.Refresh (14ms)
				TypeCache.ScanAssembly (1ms)
			BuildScriptInfoCaches (338ms)
			ResolveRequiredComponents (22ms)
	FinalizeReload (1444ms)
		ReleaseScriptCaches (0ms)
		RebuildScriptCaches (0ms)
		SetupLoadedEditorAssemblies (1069ms)
			LogAssemblyErrors (0ms)
			InitializePlatformSupportModulesInManaged (3ms)
			SetLoadedEditorAssemblies (5ms)
			BeforeProcessingInitializeOnLoad (215ms)
			ProcessInitializeOnLoadAttributes (674ms)
			ProcessInitializeOnLoadMethodAttributes (150ms)
			AfterProcessingInitializeOnLoad (21ms)
			EditorAssembliesLoaded (1ms)
		ExecutionOrderSort2 (0ms)
		AwakeInstancesAfterBackupRestoration (34ms)
Refreshing native plugins compatible for Editor in 3.59 ms, found 3 plugins.
Preloading 0 native plugins for Editor in 0.00 ms.
Unloading 34 Unused Serialized files (Serialized files now loaded: 0)
Unloading 5954 unused Assets / (6.5 MB). Loaded Objects now: 6764.
Memory consumption went from 168.1 MB to 161.5 MB.
Total: 32.648500 ms (FindLiveObjects: 1.191200 ms CreateObjectMapping: 1.968900 ms MarkObjects: 20.462200 ms  DeleteObjects: 9.023900 ms)

Prepare: number of updated asset objects reloaded= 0
========================================================================
Received Prepare
Begin MonoManager ReloadAssembly
- Loaded All Assemblies, in  1.393 seconds
Refreshing native plugins compatible for Editor in 3.30 ms, found 3 plugins.
Native extension for WindowsStandalone target not found
Mono: successfully reloaded assembly
- Finished resetting the current domain, in  1.549 seconds
Domain Reload Profiling: 2933ms
	BeginReloadAssembly (414ms)
		ExecutionOrderSort (0ms)
		DisableScriptedObjects (15ms)
		BackupInstance (0ms)
		ReleaseScriptingObjects (0ms)
		CreateAndSetChildDomain (110ms)
	RebuildCommonClasses (68ms)
	RebuildNativeTypeToScriptingClass (20ms)
	initialDomainReloadingComplete (60ms)
	LoadAllAssembliesAndSetupDomain (821ms)
		LoadAssemblies (703ms)
		RebuildTransferFunctionScriptingTraits (0ms)
		AnalyzeDomain (323ms)
			TypeCache.Refresh (13ms)
				TypeCache.ScanAssembly (0ms)
			BuildScriptInfoCaches (287ms)
			ResolveRequiredComponents (18ms)
	FinalizeReload (1550ms)
		ReleaseScriptCaches (0ms)
		RebuildScriptCaches (0ms)
		SetupLoadedEditorAssemblies (1141ms)
			LogAssemblyErrors (0ms)
			InitializePlatformSupportModulesInManaged (5ms)
			SetLoadedEditorAssemblies (7ms)
			BeforeProcessingInitializeOnLoad (254ms)
			ProcessInitializeOnLoadAttributes (721ms)
			ProcessInitializeOnLoadMethodAttributes (138ms)
			AfterProcessingInitializeOnLoad (16ms)
			EditorAssembliesLoaded (0ms)
		ExecutionOrderSort2 (0ms)
		AwakeInstancesAfterBackupRestoration (27ms)
Refreshing native plugins compatible for Editor in 4.18 ms, found 3 plugins.
Preloading 0 native plugins for Editor in 0.00 ms.
Unloading 34 Unused Serialized files (Serialized files now loaded: 0)
Unloading 5954 unused Assets / (7.0 MB). Loaded Objects now: 6766.
Memory consumption went from 168.1 MB to 161.0 MB.
Total: 26.190400 ms (FindLiveObjects: 1.225200 ms CreateObjectMapping: 1.772100 ms MarkObjects: 14.540200 ms  DeleteObjects: 8.650900 ms)

Prepare: number of updated asset objects reloaded= 0
========================================================================
Received Import Request.
  Time since last request: 275.034826 seconds.
  path: Assets/Scripts/InitialCircleFormation.cs
  artifactKey: Guid(1266b61f5dbc5504eb9a3c6c08baef9e) Importer(815301076,1909f56bfc062723c751e8b465ee728b)
Start importing Assets/Scripts/InitialCircleFormation.cs using Guid(1266b61f5dbc5504eb9a3c6c08baef9e) Importer(815301076,1909f56bfc062723c751e8b465ee728b) (PreviewImporter) -> (artifact id: '98d8cfdeb5c433f555515ff68854e2c9') in 0.0075823 seconds
Number of updated asset objects reloaded before import = 0Number of asset objects unloaded after import = 0

========================================================================
Received Prepare
Begin MonoManager ReloadAssembly
- Loaded All Assemblies, in  1.712 seconds
Refreshing native plugins compatible for Editor in 2.40 ms, found 3 plugins.
Native extension for WindowsStandalone target not found
Mono: successfully reloaded assembly
- Finished resetting the current domain, in  1.560 seconds
Domain Reload Profiling: 3263ms
	BeginReloadAssembly (682ms)
		ExecutionOrderSort (0ms)
		DisableScriptedObjects (17ms)
		BackupInstance (0ms)
		ReleaseScriptingObjects (0ms)
		CreateAndSetChildDomain (244ms)
	RebuildCommonClasses (79ms)
	RebuildNativeTypeToScriptingClass (28ms)
	initialDomainReloadingComplete (69ms)
	LoadAllAssembliesAndSetupDomain (845ms)
		LoadAssemblies (730ms)
		RebuildTransferFunctionScriptingTraits (0ms)
		AnalyzeDomain (329ms)
			TypeCache.Refresh (10ms)
				TypeCache.ScanAssembly (0ms)
			BuildScriptInfoCaches (289ms)
			ResolveRequiredComponents (24ms)
	FinalizeReload (1560ms)
		ReleaseScriptCaches (0ms)
		RebuildScriptCaches (0ms)
		SetupLoadedEditorAssemblies (1151ms)
			LogAssemblyErrors (0ms)
			InitializePlatformSupportModulesInManaged (4ms)
			SetLoadedEditorAssemblies (5ms)
			BeforeProcessingInitializeOnLoad (234ms)
			ProcessInitializeOnLoadAttributes (759ms)
			ProcessInitializeOnLoadMethodAttributes (132ms)
			AfterProcessingInitializeOnLoad (17ms)
			EditorAssembliesLoaded (0ms)
		ExecutionOrderSort2 (0ms)
		AwakeInstancesAfterBackupRestoration (35ms)
Refreshing native plugins compatible for Editor in 3.48 ms, found 3 plugins.
Preloading 0 native plugins for Editor in 0.00 ms.
Unloading 34 Unused Serialized files (Serialized files now loaded: 0)
Unloading 5954 unused Assets / (6.4 MB). Loaded Objects now: 6768.
Memory consumption went from 168.1 MB to 161.7 MB.
Total: 23.854300 ms (FindLiveObjects: 1.701900 ms CreateObjectMapping: 2.800100 ms MarkObjects: 10.839600 ms  DeleteObjects: 8.510500 ms)

Prepare: number of updated asset objects reloaded= 0
========================================================================
Received Prepare
Begin MonoManager ReloadAssembly
- Loaded All Assemblies, in  1.401 seconds
Refreshing native plugins compatible for Editor in 3.12 ms, found 3 plugins.
Native extension for WindowsStandalone target not found
Mono: successfully reloaded assembly
- Finished resetting the current domain, in  1.545 seconds
Domain Reload Profiling: 2941ms
	BeginReloadAssembly (377ms)
		ExecutionOrderSort (0ms)
		DisableScriptedObjects (12ms)
		BackupInstance (0ms)
		ReleaseScriptingObjects (0ms)
		CreateAndSetChildDomain (91ms)
	RebuildCommonClasses (69ms)
	RebuildNativeTypeToScriptingClass (28ms)
	initialDomainReloadingComplete (58ms)
	LoadAllAssembliesAndSetupDomain (863ms)
		LoadAssemblies (675ms)
		RebuildTransferFunctionScriptingTraits (0ms)
		AnalyzeDomain (372ms)
			TypeCache.Refresh (11ms)
				TypeCache.ScanAssembly (0ms)
			BuildScriptInfoCaches (330ms)
			ResolveRequiredComponents (24ms)
	FinalizeReload (1546ms)
		ReleaseScriptCaches (0ms)
		RebuildScriptCaches (0ms)
		SetupLoadedEditorAssemblies (1164ms)
			LogAssemblyErrors (0ms)
			InitializePlatformSupportModulesInManaged (5ms)
			SetLoadedEditorAssemblies (7ms)
			BeforeProcessingInitializeOnLoad (245ms)
			ProcessInitializeOnLoadAttributes (749ms)
			ProcessInitializeOnLoadMethodAttributes (138ms)
			AfterProcessingInitializeOnLoad (20ms)
			EditorAssembliesLoaded (0ms)
		ExecutionOrderSort2 (0ms)
		AwakeInstancesAfterBackupRestoration (33ms)
Refreshing native plugins compatible for Editor in 4.42 ms, found 3 plugins.
Preloading 0 native plugins for Editor in 0.00 ms.
Unloading 34 Unused Serialized files (Serialized files now loaded: 0)
Unloading 5954 unused Assets / (6.3 MB). Loaded Objects now: 6770.
Memory consumption went from 168.1 MB to 161.8 MB.
Total: 26.243400 ms (FindLiveObjects: 1.119900 ms CreateObjectMapping: 1.789500 ms MarkObjects: 15.359200 ms  DeleteObjects: 7.972500 ms)

Prepare: number of updated asset objects reloaded= 0
========================================================================
Received Prepare
Refreshing native plugins compatible for Editor in 3.36 ms, found 3 plugins.
Preloading 0 native plugins for Editor in 0.00 ms.
Unloading 34 Unused Serialized files (Serialized files now loaded: 0)
Unloading 5947 unused Assets / (7.1 MB). Loaded Objects now: 6770.
Memory consumption went from 168.2 MB to 161.2 MB.
Total: 119.966100 ms (FindLiveObjects: 1.203900 ms CreateObjectMapping: 1.750700 ms MarkObjects: 108.620200 ms  DeleteObjects: 8.389300 ms)

Prepare: number of updated asset objects reloaded= 0
========================================================================
Received Import Request.
  Time since last request: 457.357989 seconds.
  path: Assets/Scripts/PlayerController.cs
  artifactKey: Guid(bdaf5aa5da3ae03419b5776b6897fcd4) Importer(815301076,1909f56bfc062723c751e8b465ee728b)
Start importing Assets/Scripts/PlayerController.cs using Guid(bdaf5aa5da3ae03419b5776b6897fcd4) Importer(815301076,1909f56bfc062723c751e8b465ee728b) (PreviewImporter) -> (artifact id: 'f3f55cbc999837cb7ec828b5297f4b0c') in 0.0137179 seconds
Number of updated asset objects reloaded before import = 0Number of asset objects unloaded after import = 0

========================================================================
Received Prepare
Refreshing native plugins compatible for Editor in 3.45 ms, found 3 plugins.
Preloading 0 native plugins for Editor in 0.00 ms.
Unloading 34 Unused Serialized files (Serialized files now loaded: 0)
Unloading 5948 unused Assets / (6.7 MB). Loaded Objects now: 6771.
Memory consumption went from 168.3 MB to 161.6 MB.
Total: 22.734300 ms (FindLiveObjects: 1.130300 ms CreateObjectMapping: 1.889900 ms MarkObjects: 11.069000 ms  DeleteObjects: 8.642400 ms)

Prepare: number of updated asset objects reloaded= 0
========================================================================
Received Prepare
Refreshing native plugins compatible for Editor in 3.27 ms, found 3 plugins.
Preloading 0 native plugins for Editor in 0.00 ms.
Unloading 34 Unused Serialized files (Serialized files now loaded: 0)
Unloading 5948 unused Assets / (7.0 MB). Loaded Objects now: 6771.
Memory consumption went from 168.2 MB to 161.3 MB.
Total: 204.767500 ms (FindLiveObjects: 1.404100 ms CreateObjectMapping: 1.746100 ms MarkObjects: 192.822500 ms  DeleteObjects: 8.792400 ms)

Prepare: number of updated asset objects reloaded= 0
========================================================================
Received Import Request.
  Time since last request: 154.478174 seconds.
  path: Assets/Scripts/RandomMovement.cs
  artifactKey: Guid(66de349a137e8ed4eaaf531dd1e1acc1) Importer(815301076,1909f56bfc062723c751e8b465ee728b)
Start importing Assets/Scripts/RandomMovement.cs using Guid(66de349a137e8ed4eaaf531dd1e1acc1) Importer(815301076,1909f56bfc062723c751e8b465ee728b) (PreviewImporter) -> (artifact id: '767fbd79083b45dcaa5bbc0df67f0abd') in 0.0082278 seconds
Number of updated asset objects reloaded before import = 0Number of asset objects unloaded after import = 0

========================================================================
Received Prepare
Refreshing native plugins compatible for Editor in 3.68 ms, found 3 plugins.
Preloading 0 native plugins for Editor in 0.00 ms.
Unloading 34 Unused Serialized files (Serialized files now loaded: 0)
Unloading 5947 unused Assets / (6.6 MB). Loaded Objects now: 6770.
Memory consumption went from 168.2 MB to 161.6 MB.
Total: 51.091000 ms (FindLiveObjects: 1.177700 ms CreateObjectMapping: 1.856400 ms MarkObjects: 39.918500 ms  DeleteObjects: 8.135200 ms)

Prepare: number of updated asset objects reloaded= 0
========================================================================
Received Prepare
Begin MonoManager ReloadAssembly
- Loaded All Assemblies, in  1.377 seconds
Refreshing native plugins compatible for Editor in 3.28 ms, found 3 plugins.
Native extension for WindowsStandalone target not found
Mono: successfully reloaded assembly
- Finished resetting the current domain, in  1.322 seconds
Domain Reload Profiling: 2692ms
	BeginReloadAssembly (377ms)
		ExecutionOrderSort (0ms)
		DisableScriptedObjects (10ms)
		BackupInstance (0ms)
		ReleaseScriptingObjects (0ms)
		CreateAndSetChildDomain (79ms)
	RebuildCommonClasses (67ms)
	RebuildNativeTypeToScriptingClass (24ms)
	initialDomainReloadingComplete (60ms)
	LoadAllAssembliesAndSetupDomain (841ms)
		LoadAssemblies (705ms)
		RebuildTransferFunctionScriptingTraits (0ms)
		AnalyzeDomain (345ms)
			TypeCache.Refresh (13ms)
				TypeCache.ScanAssembly (0ms)
			BuildScriptInfoCaches (308ms)
			ResolveRequiredComponents (18ms)
	FinalizeReload (1323ms)
		ReleaseScriptCaches (0ms)
		RebuildScriptCaches (0ms)
		SetupLoadedEditorAssemblies (934ms)
			LogAssemblyErrors (0ms)
			InitializePlatformSupportModulesInManaged (4ms)
			SetLoadedEditorAssemblies (6ms)
			BeforeProcessingInitializeOnLoad (223ms)
			ProcessInitializeOnLoadAttributes (590ms)
			ProcessInitializeOnLoadMethodAttributes (96ms)
			AfterProcessingInitializeOnLoad (15ms)
			EditorAssembliesLoaded (0ms)
		ExecutionOrderSort2 (0ms)
		AwakeInstancesAfterBackupRestoration (28ms)
Refreshing native plugins compatible for Editor in 3.54 ms, found 3 plugins.
Preloading 0 native plugins for Editor in 0.00 ms.
Unloading 34 Unused Serialized files (Serialized files now loaded: 0)
Unloading 5954 unused Assets / (7.8 MB). Loaded Objects now: 6772.
Memory consumption went from 168.1 MB to 160.3 MB.
Total: 22.417400 ms (FindLiveObjects: 1.104400 ms CreateObjectMapping: 1.695700 ms MarkObjects: 9.442200 ms  DeleteObjects: 10.172900 ms)

Prepare: number of updated asset objects reloaded= 0
========================================================================
Received Prepare
Begin MonoManager ReloadAssembly
- Loaded All Assemblies, in  1.376 seconds
Refreshing native plugins compatible for Editor in 3.14 ms, found 3 plugins.
Native extension for WindowsStandalone target not found
Mono: successfully reloaded assembly
- Finished resetting the current domain, in  1.549 seconds
Domain Reload Profiling: 2916ms
	BeginReloadAssembly (346ms)
		ExecutionOrderSort (0ms)
		DisableScriptedObjects (13ms)
		BackupInstance (0ms)
		ReleaseScriptingObjects (0ms)
		CreateAndSetChildDomain (73ms)
	RebuildCommonClasses (72ms)
	RebuildNativeTypeToScriptingClass (29ms)
	initialDomainReloadingComplete (62ms)
	LoadAllAssembliesAndSetupDomain (857ms)
		LoadAssemblies (692ms)
		RebuildTransferFunctionScriptingTraits (0ms)
		AnalyzeDomain (345ms)
			TypeCache.Refresh (8ms)
				TypeCache.ScanAssembly (0ms)
			BuildScriptInfoCaches (313ms)
			ResolveRequiredComponents (19ms)
	FinalizeReload (1549ms)
		ReleaseScriptCaches (0ms)
		RebuildScriptCaches (0ms)
		SetupLoadedEditorAssemblies (1177ms)
			LogAssemblyErrors (0ms)
			InitializePlatformSupportModulesInManaged (4ms)
			SetLoadedEditorAssemblies (6ms)
			BeforeProcessingInitializeOnLoad (248ms)
			ProcessInitializeOnLoadAttributes (770ms)
			ProcessInitializeOnLoadMethodAttributes (130ms)
			AfterProcessingInitializeOnLoad (18ms)
			EditorAssembliesLoaded (0ms)
		ExecutionOrderSort2 (0ms)
		AwakeInstancesAfterBackupRestoration (32ms)
Refreshing native plugins compatible for Editor in 3.85 ms, found 3 plugins.
Preloading 0 native plugins for Editor in 0.00 ms.
Unloading 34 Unused Serialized files (Serialized files now loaded: 0)
Unloading 5954 unused Assets / (7.6 MB). Loaded Objects now: 6774.
Memory consumption went from 168.0 MB to 160.4 MB.
Total: 30.289100 ms (FindLiveObjects: 1.210100 ms CreateObjectMapping: 2.004500 ms MarkObjects: 16.521600 ms  DeleteObjects: 10.549800 ms)

Prepare: number of updated asset objects reloaded= 0
========================================================================
Received Prepare
Begin MonoManager ReloadAssembly
- Loaded All Assemblies, in  1.409 seconds
Refreshing native plugins compatible for Editor in 3.24 ms, found 3 plugins.
Native extension for WindowsStandalone target not found
Mono: successfully reloaded assembly
- Finished resetting the current domain, in  1.431 seconds
Domain Reload Profiling: 2832ms
	BeginReloadAssembly (356ms)
		ExecutionOrderSort (0ms)
		DisableScriptedObjects (13ms)
		BackupInstance (0ms)
		ReleaseScriptingObjects (0ms)
		CreateAndSetChildDomain (76ms)
	RebuildCommonClasses (66ms)
	RebuildNativeTypeToScriptingClass (22ms)
	initialDomainReloadingComplete (56ms)
	LoadAllAssembliesAndSetupDomain (901ms)
		LoadAssemblies (678ms)
		RebuildTransferFunctionScriptingTraits (0ms)
		AnalyzeDomain (410ms)
			TypeCache.Refresh (8ms)
				TypeCache.ScanAssembly (0ms)
			BuildScriptInfoCaches (376ms)
			ResolveRequiredComponents (20ms)
	FinalizeReload (1432ms)
		ReleaseScriptCaches (0ms)
		RebuildScriptCaches (0ms)
		SetupLoadedEditorAssemblies (1096ms)
			LogAssemblyErrors (0ms)
			InitializePlatformSupportModulesInManaged (4ms)
			SetLoadedEditorAssemblies (5ms)
			BeforeProcessingInitializeOnLoad (249ms)
			ProcessInitializeOnLoadAttributes (703ms)
			ProcessInitializeOnLoadMethodAttributes (118ms)
			AfterProcessingInitializeOnLoad (16ms)
			EditorAssembliesLoaded (1ms)
		ExecutionOrderSort2 (0ms)
		AwakeInstancesAfterBackupRestoration (35ms)
Refreshing native plugins compatible for Editor in 3.70 ms, found 3 plugins.
Preloading 0 native plugins for Editor in 0.00 ms.
Unloading 34 Unused Serialized files (Serialized files now loaded: 0)
Unloading 5954 unused Assets / (6.8 MB). Loaded Objects now: 6776.
Memory consumption went from 168.1 MB to 161.3 MB.
Total: 24.435800 ms (FindLiveObjects: 1.431400 ms CreateObjectMapping: 1.698500 ms MarkObjects: 11.743900 ms  DeleteObjects: 9.559600 ms)

Prepare: number of updated asset objects reloaded= 0
========================================================================
Received Prepare
Begin MonoManager ReloadAssembly
- Loaded All Assemblies, in  1.288 seconds
Refreshing native plugins compatible for Editor in 3.98 ms, found 3 plugins.
Native extension for WindowsStandalone target not found
Mono: successfully reloaded assembly
- Finished resetting the current domain, in  1.473 seconds
Domain Reload Profiling: 2751ms
	BeginReloadAssembly (321ms)
		ExecutionOrderSort (0ms)
		DisableScriptedObjects (11ms)
		BackupInstance (0ms)
		ReleaseScriptingObjects (0ms)
		CreateAndSetChildDomain (74ms)
	RebuildCommonClasses (62ms)
	RebuildNativeTypeToScriptingClass (19ms)
	initialDomainReloadingComplete (64ms)
	LoadAllAssembliesAndSetupDomain (809ms)
		LoadAssemblies (656ms)
		RebuildTransferFunctionScriptingTraits (0ms)
		AnalyzeDomain (319ms)
			TypeCache.Refresh (8ms)
				TypeCache.ScanAssembly (0ms)
			BuildScriptInfoCaches (284ms)
			ResolveRequiredComponents (19ms)
	FinalizeReload (1474ms)
		ReleaseScriptCaches (0ms)
		RebuildScriptCaches (0ms)
		SetupLoadedEditorAssemblies (1124ms)
			LogAssemblyErrors (0ms)
			InitializePlatformSupportModulesInManaged (4ms)
			SetLoadedEditorAssemblies (5ms)
			BeforeProcessingInitializeOnLoad (230ms)
			ProcessInitializeOnLoadAttributes (721ms)
			ProcessInitializeOnLoadMethodAttributes (143ms)
			AfterProcessingInitializeOnLoad (20ms)
			EditorAssembliesLoaded (1ms)
		ExecutionOrderSort2 (0ms)
		AwakeInstancesAfterBackupRestoration (37ms)
Refreshing native plugins compatible for Editor in 3.52 ms, found 3 plugins.
Preloading 0 native plugins for Editor in 0.00 ms.
Unloading 34 Unused Serialized files (Serialized files now loaded: 0)
Unloading 5954 unused Assets / (7.0 MB). Loaded Objects now: 6778.
Memory consumption went from 168.1 MB to 161.1 MB.
Total: 34.401900 ms (FindLiveObjects: 1.283200 ms CreateObjectMapping: 1.741800 ms MarkObjects: 22.120900 ms  DeleteObjects: 9.254000 ms)

Prepare: number of updated asset objects reloaded= 0
========================================================================
Received Import Request.
  Time since last request: 523.607916 seconds.
  path: Assets/Models/Paratrooper Plunge Island/Island.dae
  artifactKey: Guid(a51d1e90daa2ad3428f6f5b3e00e35a9) Importer(815301076,1909f56bfc062723c751e8b465ee728b)
Start importing Assets/Models/Paratrooper Plunge Island/Island.dae using Guid(a51d1e90daa2ad3428f6f5b3e00e35a9) Importer(815301076,1909f56bfc062723c751e8b465ee728b) (PreviewImporter) -> (artifact id: '243af5e7a6d108b5caf775cb704ccbb9') in 1.2656912 seconds
Number of updated asset objects reloaded before import = 0Number of asset objects unloaded after import = 79

========================================================================
Received Import Request.
  Time since last request: 0.000090 seconds.
  path: Assets/Models/Paratrooper Plunge Island/island1.png
  artifactKey: Guid(f0dbf05bd3604804993d336f337948bc) Importer(815301076,1909f56bfc062723c751e8b465ee728b)
Start importing Assets/Models/Paratrooper Plunge Island/island1.png using Guid(f0dbf05bd3604804993d336f337948bc) Importer(815301076,1909f56bfc062723c751e8b465ee728b) (PreviewImporter) -> (artifact id: 'c00c8ac4dd23a1615e54b7482de8f0c0') in 0.0384461 seconds
Number of updated asset objects reloaded before import = 0Number of asset objects unloaded after import = 2

========================================================================
Received Import Request.
  Time since last request: 0.000050 seconds.
  path: Assets/Models/Paratrooper Plunge Island/water.png
  artifactKey: Guid(18b3a2d7000cd2f458a45b90cbef69b2) Importer(815301076,1909f56bfc062723c751e8b465ee728b)
Start importing Assets/Models/Paratrooper Plunge Island/water.png using Guid(18b3a2d7000cd2f458a45b90cbef69b2) Importer(815301076,1909f56bfc062723c751e8b465ee728b) (PreviewImporter) -> (artifact id: 'ddb0644df29703d784bf0de59d33b133') in 0.0265735 seconds
Number of updated asset objects reloaded before import = 0Number of asset objects unloaded after import = 2

========================================================================
Received Import Request.
  Time since last request: 0.000043 seconds.
  path: Assets/Models/Paratrooper Plunge Island/island3.png
  artifactKey: Guid(8d1763a6b9b96bc45b8f9c775a95be6d) Importer(815301076,1909f56bfc062723c751e8b465ee728b)
Start importing Assets/Models/Paratrooper Plunge Island/island3.png using Guid(8d1763a6b9b96bc45b8f9c775a95be6d) Importer(815301076,1909f56bfc062723c751e8b465ee728b) (PreviewImporter) -> (artifact id: '9baf7def564d3dced7a1c5699c30b3d6') in 0.0282128 seconds
Number of updated asset objects reloaded before import = 0Number of asset objects unloaded after import = 2

========================================================================
Received Import Request.
  Time since last request: 0.000040 seconds.
  path: Assets/Models/Paratrooper Plunge Island/trunk.png
  artifactKey: Guid(40f2d41abf68b5948ba54091048d603f) Importer(815301076,1909f56bfc062723c751e8b465ee728b)
Start importing Assets/Models/Paratrooper Plunge Island/trunk.png using Guid(40f2d41abf68b5948ba54091048d603f) Importer(815301076,1909f56bfc062723c751e8b465ee728b) (PreviewImporter) -> (artifact id: 'c38f928279a5cc37fdb37a5abeda203d') in 0.0253804 seconds
Number of updated asset objects reloaded before import = 0Number of asset objects unloaded after import = 2

========================================================================
Received Prepare
Begin MonoManager ReloadAssembly
- Loaded All Assemblies, in  1.357 seconds
Refreshing native plugins compatible for Editor in 2.79 ms, found 3 plugins.
Native extension for WindowsStandalone target not found
Mono: successfully reloaded assembly
- Finished resetting the current domain, in  1.505 seconds
Domain Reload Profiling: 2855ms
	BeginReloadAssembly (434ms)
		ExecutionOrderSort (0ms)
		DisableScriptedObjects (42ms)
		BackupInstance (0ms)
		ReleaseScriptingObjects (0ms)
		CreateAndSetChildDomain (104ms)
	RebuildCommonClasses (79ms)
	RebuildNativeTypeToScriptingClass (25ms)
	initialDomainReloadingComplete (60ms)
	LoadAllAssembliesAndSetupDomain (751ms)
		LoadAssemblies (650ms)
		RebuildTransferFunctionScriptingTraits (0ms)
		AnalyzeDomain (313ms)
			TypeCache.Refresh (9ms)
				TypeCache.ScanAssembly (0ms)
			BuildScriptInfoCaches (277ms)
			ResolveRequiredComponents (21ms)
	FinalizeReload (1506ms)
		ReleaseScriptCaches (0ms)
		RebuildScriptCaches (0ms)
		SetupLoadedEditorAssemblies (1140ms)
			LogAssemblyErrors (0ms)
			InitializePlatformSupportModulesInManaged (4ms)
			SetLoadedEditorAssemblies (8ms)
			BeforeProcessingInitializeOnLoad (234ms)
			ProcessInitializeOnLoadAttributes (742ms)
			ProcessInitializeOnLoadMethodAttributes (133ms)
			AfterProcessingInitializeOnLoad (19ms)
			EditorAssembliesLoaded (0ms)
		ExecutionOrderSort2 (0ms)
		AwakeInstancesAfterBackupRestoration (36ms)
Refreshing native plugins compatible for Editor in 3.91 ms, found 3 plugins.
Preloading 0 native plugins for Editor in 0.00 ms.
Unloading 34 Unused Serialized files (Serialized files now loaded: 0)
Unloading 5954 unused Assets / (6.0 MB). Loaded Objects now: 6801.
Memory consumption went from 172.4 MB to 166.5 MB.
Total: 22.250000 ms (FindLiveObjects: 1.039100 ms CreateObjectMapping: 2.187600 ms MarkObjects: 11.295700 ms  DeleteObjects: 7.725100 ms)

Prepare: number of updated asset objects reloaded= 0
========================================================================
Received Prepare
Refreshing native plugins compatible for Editor in 4.02 ms, found 3 plugins.
Preloading 0 native plugins for Editor in 0.00 ms.
Unloading 34 Unused Serialized files (Serialized files now loaded: 0)
Unloading 5948 unused Assets / (7.2 MB). Loaded Objects now: 6802.
Memory consumption went from 172.5 MB to 165.3 MB.
Total: 26.520700 ms (FindLiveObjects: 1.163200 ms CreateObjectMapping: 1.702200 ms MarkObjects: 14.852500 ms  DeleteObjects: 8.800900 ms)

Prepare: number of updated asset objects reloaded= 0
========================================================================
Received Prepare
Refreshing native plugins compatible for Editor in 3.89 ms, found 3 plugins.
Preloading 0 native plugins for Editor in 0.00 ms.
Unloading 34 Unused Serialized files (Serialized files now loaded: 0)
Unloading 5948 unused Assets / (6.1 MB). Loaded Objects now: 6802.
Memory consumption went from 172.5 MB to 166.4 MB.
Total: 22.528800 ms (FindLiveObjects: 1.329600 ms CreateObjectMapping: 2.048400 ms MarkObjects: 10.833900 ms  DeleteObjects: 8.314100 ms)

Prepare: number of updated asset objects reloaded= 0
========================================================================
Received Import Request.
  Time since last request: 321.157369 seconds.
  path: Assets/Scripts/PlayerMovementRotated.cs
  artifactKey: Guid(ef9320cd162d8084c8c029f1bf55f3fd) Importer(815301076,1909f56bfc062723c751e8b465ee728b)
Start importing Assets/Scripts/PlayerMovementRotated.cs using Guid(ef9320cd162d8084c8c029f1bf55f3fd) Importer(815301076,1909f56bfc062723c751e8b465ee728b) (PreviewImporter) -> (artifact id: '3f1e58d6a7b4370b5337fe11ac30e18f') in 0.0149031 seconds
Number of updated asset objects reloaded before import = 0Number of asset objects unloaded after import = 0

========================================================================
Received Prepare
Refreshing native plugins compatible for Editor in 3.85 ms, found 3 plugins.
Preloading 0 native plugins for Editor in 0.00 ms.
Unloading 34 Unused Serialized files (Serialized files now loaded: 0)
Unloading 5947 unused Assets / (6.7 MB). Loaded Objects now: 6801.
Memory consumption went from 172.5 MB to 165.8 MB.
Total: 32.291700 ms (FindLiveObjects: 1.164600 ms CreateObjectMapping: 1.902100 ms MarkObjects: 21.687100 ms  DeleteObjects: 7.535500 ms)

Prepare: number of updated asset objects reloaded= 0
========================================================================
Received Prepare
Begin MonoManager ReloadAssembly
- Loaded All Assemblies, in  1.382 seconds
Refreshing native plugins compatible for Editor in 4.43 ms, found 3 plugins.
Native extension for WindowsStandalone target not found
Mono: successfully reloaded assembly
- Finished resetting the current domain, in  1.449 seconds
Domain Reload Profiling: 2823ms
	BeginReloadAssembly (364ms)
		ExecutionOrderSort (0ms)
		DisableScriptedObjects (16ms)
		BackupInstance (0ms)
		ReleaseScriptingObjects (0ms)
		CreateAndSetChildDomain (74ms)
	RebuildCommonClasses (71ms)
	RebuildNativeTypeToScriptingClass (26ms)
	initialDomainReloadingComplete (63ms)
	LoadAllAssembliesAndSetupDomain (850ms)
		LoadAssemblies (695ms)
		RebuildTransferFunctionScriptingTraits (0ms)
		AnalyzeDomain (350ms)
			TypeCache.Refresh (10ms)
				TypeCache.ScanAssembly (0ms)
			BuildScriptInfoCaches (309ms)
			ResolveRequiredComponents (25ms)
	FinalizeReload (1450ms)
		ReleaseScriptCaches (0ms)
		RebuildScriptCaches (0ms)
		SetupLoadedEditorAssemblies (1041ms)
			LogAssemblyErrors (0ms)
			InitializePlatformSupportModulesInManaged (5ms)
			SetLoadedEditorAssemblies (8ms)
			BeforeProcessingInitializeOnLoad (218ms)
			ProcessInitializeOnLoadAttributes (668ms)
			ProcessInitializeOnLoadMethodAttributes (123ms)
			AfterProcessingInitializeOnLoad (18ms)
			EditorAssembliesLoaded (0ms)
		ExecutionOrderSort2 (0ms)
		AwakeInstancesAfterBackupRestoration (31ms)
Refreshing native plugins compatible for Editor in 3.78 ms, found 3 plugins.
Preloading 0 native plugins for Editor in 0.00 ms.
Unloading 34 Unused Serialized files (Serialized files now loaded: 0)
Unloading 5954 unused Assets / (6.7 MB). Loaded Objects now: 6803.
Memory consumption went from 172.3 MB to 165.6 MB.
Total: 23.472800 ms (FindLiveObjects: 1.370000 ms CreateObjectMapping: 1.955700 ms MarkObjects: 12.243300 ms  DeleteObjects: 7.901700 ms)

Prepare: number of updated asset objects reloaded= 0
========================================================================
Received Prepare
Refreshing native plugins compatible for Editor in 4.02 ms, found 3 plugins.
Preloading 0 native plugins for Editor in 0.00 ms.
Unloading 34 Unused Serialized files (Serialized files now loaded: 0)
Unloading 5947 unused Assets / (7.1 MB). Loaded Objects now: 6803.
Memory consumption went from 172.5 MB to 165.4 MB.
Total: 28.183400 ms (FindLiveObjects: 1.194200 ms CreateObjectMapping: 2.078900 ms MarkObjects: 16.194300 ms  DeleteObjects: 8.713900 ms)

Prepare: number of updated asset objects reloaded= 0
========================================================================
Received Prepare
Begin MonoManager ReloadAssembly
- Loaded All Assemblies, in  1.388 seconds
Refreshing native plugins compatible for Editor in 2.74 ms, found 3 plugins.
Native extension for WindowsStandalone target not found
Mono: successfully reloaded assembly
- Finished resetting the current domain, in  1.587 seconds
Domain Reload Profiling: 2967ms
	BeginReloadAssembly (373ms)
		ExecutionOrderSort (0ms)
		DisableScriptedObjects (15ms)
		BackupInstance (0ms)
		ReleaseScriptingObjects (0ms)
		CreateAndSetChildDomain (80ms)
	RebuildCommonClasses (71ms)
	RebuildNativeTypeToScriptingClass (22ms)
	initialDomainReloadingComplete (58ms)
	LoadAllAssembliesAndSetupDomain (855ms)
		LoadAssemblies (725ms)
		RebuildTransferFunctionScriptingTraits (0ms)
		AnalyzeDomain (319ms)
			TypeCache.Refresh (12ms)
				TypeCache.ScanAssembly (0ms)
			BuildScriptInfoCaches (281ms)
			ResolveRequiredComponents (20ms)
	FinalizeReload (1588ms)
		ReleaseScriptCaches (0ms)
		RebuildScriptCaches (0ms)
		SetupLoadedEditorAssemblies (1178ms)
			LogAssemblyErrors (0ms)
			InitializePlatformSupportModulesInManaged (4ms)
			SetLoadedEditorAssemblies (7ms)
			BeforeProcessingInitializeOnLoad (263ms)
			ProcessInitializeOnLoadAttributes (753ms)
			ProcessInitializeOnLoadMethodAttributes (134ms)
			AfterProcessingInitializeOnLoad (17ms)
			EditorAssembliesLoaded (0ms)
		ExecutionOrderSort2 (0ms)
		AwakeInstancesAfterBackupRestoration (32ms)
Refreshing native plugins compatible for Editor in 3.63 ms, found 3 plugins.
Preloading 0 native plugins for Editor in 0.00 ms.
Unloading 34 Unused Serialized files (Serialized files now loaded: 0)
Unloading 5954 unused Assets / (6.8 MB). Loaded Objects now: 6805.
Memory consumption went from 172.3 MB to 165.5 MB.
Total: 21.555700 ms (FindLiveObjects: 1.379300 ms CreateObjectMapping: 1.752000 ms MarkObjects: 10.042900 ms  DeleteObjects: 8.379400 ms)

Prepare: number of updated asset objects reloaded= 0
========================================================================
Received Prepare
Begin MonoManager ReloadAssembly
- Loaded All Assemblies, in  1.359 seconds
Refreshing native plugins compatible for Editor in 2.71 ms, found 3 plugins.
Native extension for WindowsStandalone target not found
Mono: successfully reloaded assembly
- Finished resetting the current domain, in  1.331 seconds
Domain Reload Profiling: 2682ms
	BeginReloadAssembly (340ms)
		ExecutionOrderSort (0ms)
		DisableScriptedObjects (13ms)
		BackupInstance (0ms)
		ReleaseScriptingObjects (0ms)
		CreateAndSetChildDomain (73ms)
	RebuildCommonClasses (69ms)
	RebuildNativeTypeToScriptingClass (20ms)
	initialDomainReloadingComplete (58ms)
	LoadAllAssembliesAndSetupDomain (863ms)
		LoadAssemblies (668ms)
		RebuildTransferFunctionScriptingTraits (0ms)
		AnalyzeDomain (377ms)
			TypeCache.Refresh (14ms)
				TypeCache.ScanAssembly (0ms)
			BuildScriptInfoCaches (334ms)
			ResolveRequiredComponents (21ms)
	FinalizeReload (1332ms)
		ReleaseScriptCaches (0ms)
		RebuildScriptCaches (0ms)
		SetupLoadedEditorAssemblies (981ms)
			LogAssemblyErrors (0ms)
			InitializePlatformSupportModulesInManaged (4ms)
			SetLoadedEditorAssemblies (7ms)
			BeforeProcessingInitializeOnLoad (246ms)
			ProcessInitializeOnLoadAttributes (601ms)
			ProcessInitializeOnLoadMethodAttributes (107ms)
			AfterProcessingInitializeOnLoad (15ms)
			EditorAssembliesLoaded (0ms)
		ExecutionOrderSort2 (0ms)
		AwakeInstancesAfterBackupRestoration (25ms)
Refreshing native plugins compatible for Editor in 3.81 ms, found 3 plugins.
Preloading 0 native plugins for Editor in 0.00 ms.
Unloading 34 Unused Serialized files (Serialized files now loaded: 0)
Unloading 5954 unused Assets / (6.9 MB). Loaded Objects now: 6807.
Memory consumption went from 172.3 MB to 165.4 MB.
Total: 21.928600 ms (FindLiveObjects: 1.215600 ms CreateObjectMapping: 1.838600 ms MarkObjects: 10.664400 ms  DeleteObjects: 8.207900 ms)

Prepare: number of updated asset objects reloaded= 0
========================================================================
Received Prepare
Refreshing native plugins compatible for Editor in 4.25 ms, found 3 plugins.
Preloading 0 native plugins for Editor in 0.00 ms.
Unloading 34 Unused Serialized files (Serialized files now loaded: 0)
Unloading 5947 unused Assets / (6.6 MB). Loaded Objects now: 6807.
Memory consumption went from 172.5 MB to 165.9 MB.
Total: 31.653200 ms (FindLiveObjects: 1.280100 ms CreateObjectMapping: 2.540800 ms MarkObjects: 20.011700 ms  DeleteObjects: 7.818400 ms)

Prepare: number of updated asset objects reloaded= 0
========================================================================
Received Prepare
Begin MonoManager ReloadAssembly
- Loaded All Assemblies, in  1.500 seconds
Refreshing native plugins compatible for Editor in 3.36 ms, found 3 plugins.
Native extension for WindowsStandalone target not found
Mono: successfully reloaded assembly
- Finished resetting the current domain, in  1.955 seconds
Domain Reload Profiling: 3440ms
	BeginReloadAssembly (400ms)
		ExecutionOrderSort (0ms)
		DisableScriptedObjects (16ms)
		BackupInstance (0ms)
		ReleaseScriptingObjects (0ms)
		CreateAndSetChildDomain (97ms)
	RebuildCommonClasses (75ms)
	RebuildNativeTypeToScriptingClass (24ms)
	initialDomainReloadingComplete (73ms)
	LoadAllAssembliesAndSetupDomain (912ms)
		LoadAssemblies (722ms)
		RebuildTransferFunctionScriptingTraits (0ms)
		AnalyzeDomain (395ms)
			TypeCache.Refresh (18ms)
				TypeCache.ScanAssembly (1ms)
			BuildScriptInfoCaches (350ms)
			ResolveRequiredComponents (19ms)
	FinalizeReload (1956ms)
		ReleaseScriptCaches (0ms)
		RebuildScriptCaches (0ms)
		SetupLoadedEditorAssemblies (1517ms)
			LogAssemblyErrors (0ms)
			InitializePlatformSupportModulesInManaged (4ms)
			SetLoadedEditorAssemblies (16ms)
			BeforeProcessingInitializeOnLoad (384ms)
			ProcessInitializeOnLoadAttributes (956ms)
			ProcessInitializeOnLoadMethodAttributes (135ms)
			AfterProcessingInitializeOnLoad (21ms)
			EditorAssembliesLoaded (1ms)
		ExecutionOrderSort2 (0ms)
		AwakeInstancesAfterBackupRestoration (63ms)
Refreshing native plugins compatible for Editor in 3.38 ms, found 3 plugins.
Preloading 0 native plugins for Editor in 0.00 ms.
Unloading 34 Unused Serialized files (Serialized files now loaded: 0)
Unloading 5954 unused Assets / (7.4 MB). Loaded Objects now: 6809.
Memory consumption went from 172.3 MB to 164.9 MB.
Total: 21.732700 ms (FindLiveObjects: 1.045600 ms CreateObjectMapping: 1.545800 ms MarkObjects: 9.990400 ms  DeleteObjects: 9.148700 ms)

Prepare: number of updated asset objects reloaded= 0
========================================================================
Received Prepare
Begin MonoManager ReloadAssembly
- Loaded All Assemblies, in  1.352 seconds
Refreshing native plugins compatible for Editor in 2.03 ms, found 3 plugins.
Native extension for WindowsStandalone target not found
Mono: successfully reloaded assembly
- Finished resetting the current domain, in  1.390 seconds
Domain Reload Profiling: 2733ms
	BeginReloadAssembly (349ms)
		ExecutionOrderSort (0ms)
		DisableScriptedObjects (12ms)
		BackupInstance (0ms)
		ReleaseScriptingObjects (0ms)
		CreateAndSetChildDomain (71ms)
	RebuildCommonClasses (71ms)
	RebuildNativeTypeToScriptingClass (29ms)
	initialDomainReloadingComplete (65ms)
	LoadAllAssembliesAndSetupDomain (829ms)
		LoadAssemblies (682ms)
		RebuildTransferFunctionScriptingTraits (0ms)
		AnalyzeDomain (333ms)
			TypeCache.Refresh (12ms)
				TypeCache.ScanAssembly (0ms)
			BuildScriptInfoCaches (295ms)
			ResolveRequiredComponents (20ms)
	FinalizeReload (1391ms)
		ReleaseScriptCaches (0ms)
		RebuildScriptCaches (0ms)
		SetupLoadedEditorAssemblies (1025ms)
			LogAssemblyErrors (0ms)
			InitializePlatformSupportModulesInManaged (4ms)
			SetLoadedEditorAssemblies (10ms)
			BeforeProcessingInitializeOnLoad (254ms)
			ProcessInitializeOnLoadAttributes (638ms)
			ProcessInitializeOnLoadMethodAttributes (103ms)
			AfterProcessingInitializeOnLoad (16ms)
			EditorAssembliesLoaded (1ms)
		ExecutionOrderSort2 (0ms)
		AwakeInstancesAfterBackupRestoration (28ms)
Refreshing native plugins compatible for Editor in 3.26 ms, found 3 plugins.
Preloading 0 native plugins for Editor in 0.00 ms.
Unloading 34 Unused Serialized files (Serialized files now loaded: 0)
Unloading 5954 unused Assets / (6.7 MB). Loaded Objects now: 6811.
Memory consumption went from 172.3 MB to 165.7 MB.
Total: 20.480200 ms (FindLiveObjects: 1.087100 ms CreateObjectMapping: 1.643000 ms MarkObjects: 10.352900 ms  DeleteObjects: 7.394400 ms)

Prepare: number of updated asset objects reloaded= 0
========================================================================
Received Prepare
Begin MonoManager ReloadAssembly
- Loaded All Assemblies, in  1.525 seconds
Refreshing native plugins compatible for Editor in 3.56 ms, found 3 plugins.
Native extension for WindowsStandalone target not found
Mono: successfully reloaded assembly
- Finished resetting the current domain, in  1.558 seconds
Domain Reload Profiling: 3073ms
	BeginReloadAssembly (394ms)
		ExecutionOrderSort (0ms)
		DisableScriptedObjects (14ms)
		BackupInstance (0ms)
		ReleaseScriptingObjects (0ms)
		CreateAndSetChildDomain (88ms)
	RebuildCommonClasses (71ms)
	RebuildNativeTypeToScriptingClass (22ms)
	initialDomainReloadingComplete (65ms)
	LoadAllAssembliesAndSetupDomain (964ms)
		LoadAssemblies (859ms)
		RebuildTransferFunctionScriptingTraits (0ms)
		AnalyzeDomain (308ms)
			TypeCache.Refresh (7ms)
				TypeCache.ScanAssembly (0ms)
			BuildScriptInfoCaches (272ms)
			ResolveRequiredComponents (21ms)
	FinalizeReload (1559ms)
		ReleaseScriptCaches (0ms)
		RebuildScriptCaches (0ms)
		SetupLoadedEditorAssemblies (1156ms)
			LogAssemblyErrors (0ms)
			InitializePlatformSupportModulesInManaged (4ms)
			SetLoadedEditorAssemblies (9ms)
			BeforeProcessingInitializeOnLoad (223ms)
			ProcessInitializeOnLoadAttributes (762ms)
			ProcessInitializeOnLoadMethodAttributes (138ms)
			AfterProcessingInitializeOnLoad (19ms)
			EditorAssembliesLoaded (1ms)
		ExecutionOrderSort2 (0ms)
		AwakeInstancesAfterBackupRestoration (33ms)
Refreshing native plugins compatible for Editor in 4.51 ms, found 3 plugins.
Preloading 0 native plugins for Editor in 0.00 ms.
Unloading 34 Unused Serialized files (Serialized files now loaded: 0)
Unloading 5954 unused Assets / (6.2 MB). Loaded Objects now: 6813.
Memory consumption went from 172.3 MB to 166.1 MB.
Total: 23.366200 ms (FindLiveObjects: 1.231800 ms CreateObjectMapping: 1.796700 ms MarkObjects: 12.518600 ms  DeleteObjects: 7.817100 ms)

Prepare: number of updated asset objects reloaded= 0
========================================================================
Received Prepare
Begin MonoManager ReloadAssembly
- Loaded All Assemblies, in  1.373 seconds
Refreshing native plugins compatible for Editor in 3.55 ms, found 3 plugins.
Native extension for WindowsStandalone target not found
Mono: successfully reloaded assembly
- Finished resetting the current domain, in  1.518 seconds
Domain Reload Profiling: 2884ms
	BeginReloadAssembly (382ms)
		ExecutionOrderSort (0ms)
		DisableScriptedObjects (12ms)
		BackupInstance (0ms)
		ReleaseScriptingObjects (0ms)
		CreateAndSetChildDomain (66ms)
	RebuildCommonClasses (86ms)
	RebuildNativeTypeToScriptingClass (26ms)
	initialDomainReloadingComplete (58ms)
	LoadAllAssembliesAndSetupDomain (813ms)
		LoadAssemblies (715ms)
		RebuildTransferFunctionScriptingTraits (0ms)
		AnalyzeDomain (323ms)
			TypeCache.Refresh (10ms)
				TypeCache.ScanAssembly (0ms)
			BuildScriptInfoCaches (288ms)
			ResolveRequiredComponents (18ms)
	FinalizeReload (1519ms)
		ReleaseScriptCaches (0ms)
		RebuildScriptCaches (0ms)
		SetupLoadedEditorAssemblies (1132ms)
			LogAssemblyErrors (0ms)
			InitializePlatformSupportModulesInManaged (4ms)
			SetLoadedEditorAssemblies (8ms)
			BeforeProcessingInitializeOnLoad (242ms)
			ProcessInitializeOnLoadAttributes (725ms)
			ProcessInitializeOnLoadMethodAttributes (131ms)
			AfterProcessingInitializeOnLoad (20ms)
			EditorAssembliesLoaded (0ms)
		ExecutionOrderSort2 (0ms)
		AwakeInstancesAfterBackupRestoration (33ms)
Refreshing native plugins compatible for Editor in 3.71 ms, found 3 plugins.
Preloading 0 native plugins for Editor in 0.00 ms.
Unloading 34 Unused Serialized files (Serialized files now loaded: 0)
Unloading 5954 unused Assets / (6.8 MB). Loaded Objects now: 6815.
Memory consumption went from 172.3 MB to 165.5 MB.
Total: 22.001900 ms (FindLiveObjects: 1.494400 ms CreateObjectMapping: 1.923000 ms MarkObjects: 10.159100 ms  DeleteObjects: 8.423400 ms)

Prepare: number of updated asset objects reloaded= 0
========================================================================
Received Prepare
Refreshing native plugins compatible for Editor in 4.40 ms, found 3 plugins.
Preloading 0 native plugins for Editor in 0.00 ms.
Unloading 34 Unused Serialized files (Serialized files now loaded: 0)
Unloading 5948 unused Assets / (7.2 MB). Loaded Objects now: 6816.
Memory consumption went from 172.5 MB to 165.3 MB.
Total: 22.482100 ms (FindLiveObjects: 1.069800 ms CreateObjectMapping: 2.041400 ms MarkObjects: 11.065200 ms  DeleteObjects: 8.303300 ms)

Prepare: number of updated asset objects reloaded= 0
========================================================================
Received Prepare
Begin MonoManager ReloadAssembly
- Loaded All Assemblies, in  1.456 seconds
Refreshing native plugins compatible for Editor in 3.17 ms, found 3 plugins.
Native extension for WindowsStandalone target not found
Mono: successfully reloaded assembly
- Finished resetting the current domain, in  1.526 seconds
Domain Reload Profiling: 2975ms
	BeginReloadAssembly (365ms)
		ExecutionOrderSort (0ms)
		DisableScriptedObjects (15ms)
		BackupInstance (0ms)
		ReleaseScriptingObjects (0ms)
		CreateAndSetChildDomain (87ms)
	RebuildCommonClasses (70ms)
	RebuildNativeTypeToScriptingClass (20ms)
	initialDomainReloadingComplete (62ms)
	LoadAllAssembliesAndSetupDomain (930ms)
		LoadAssemblies (753ms)
		RebuildTransferFunctionScriptingTraits (0ms)
		AnalyzeDomain (361ms)
			TypeCache.Refresh (14ms)
				TypeCache.ScanAssembly (0ms)
			BuildScriptInfoCaches (319ms)
			ResolveRequiredComponents (22ms)
	FinalizeReload (1527ms)
		ReleaseScriptCaches (0ms)
		RebuildScriptCaches (0ms)
		SetupLoadedEditorAssemblies (1142ms)
			LogAssemblyErrors (0ms)
			InitializePlatformSupportModulesInManaged (4ms)
			SetLoadedEditorAssemblies (12ms)
			BeforeProcessingInitializeOnLoad (246ms)
			ProcessInitializeOnLoadAttributes (741ms)
			ProcessInitializeOnLoadMethodAttributes (122ms)
			AfterProcessingInitializeOnLoad (16ms)
			EditorAssembliesLoaded (0ms)
		ExecutionOrderSort2 (0ms)
		AwakeInstancesAfterBackupRestoration (29ms)
Refreshing native plugins compatible for Editor in 3.58 ms, found 3 plugins.
Preloading 0 native plugins for Editor in 0.00 ms.
Unloading 34 Unused Serialized files (Serialized files now loaded: 0)
Unloading 5955 unused Assets / (6.6 MB). Loaded Objects now: 6818.
Memory consumption went from 172.3 MB to 165.7 MB.
Total: 25.898500 ms (FindLiveObjects: 1.068000 ms CreateObjectMapping: 2.080800 ms MarkObjects: 14.429200 ms  DeleteObjects: 8.318200 ms)

Prepare: number of updated asset objects reloaded= 0
========================================================================
Received Import Request.
  Time since last request: 1557.264587 seconds.
  path: Assets/Scripts/OverheadFollowCamera.cs
  artifactKey: Guid(ed1ddada807126648a626af71b11c39b) Importer(815301076,1909f56bfc062723c751e8b465ee728b)
Start importing Assets/Scripts/OverheadFollowCamera.cs using Guid(ed1ddada807126648a626af71b11c39b) Importer(815301076,1909f56bfc062723c751e8b465ee728b) (PreviewImporter) -> (artifact id: '9a26d975181e0a8bd9ffc59c191a781e') in 0.1117468 seconds
Number of updated asset objects reloaded before import = 0Number of asset objects unloaded after import = 0

========================================================================
Received Prepare
Refreshing native plugins compatible for Editor in 3.48 ms, found 3 plugins.
Preloading 0 native plugins for Editor in 0.00 ms.
Unloading 34 Unused Serialized files (Serialized files now loaded: 0)
Unloading 5947 unused Assets / (6.5 MB). Loaded Objects now: 6817.
Memory consumption went from 172.5 MB to 166.0 MB.
Total: 22.049600 ms (FindLiveObjects: 1.108500 ms CreateObjectMapping: 2.127900 ms MarkObjects: 10.487500 ms  DeleteObjects: 8.322700 ms)

Prepare: number of updated asset objects reloaded= 0
========================================================================
Received Prepare
Begin MonoManager ReloadAssembly
- Loaded All Assemblies, in  1.528 seconds
Refreshing native plugins compatible for Editor in 1.89 ms, found 3 plugins.
Native extension for WindowsStandalone target not found
Mono: successfully reloaded assembly
- Finished resetting the current domain, in  1.280 seconds
Domain Reload Profiling: 2802ms
	BeginReloadAssembly (427ms)
		ExecutionOrderSort (0ms)
		DisableScriptedObjects (17ms)
		BackupInstance (0ms)
		ReleaseScriptingObjects (0ms)
		CreateAndSetChildDomain (97ms)
	RebuildCommonClasses (74ms)
	RebuildNativeTypeToScriptingClass (24ms)
	initialDomainReloadingComplete (69ms)
	LoadAllAssembliesAndSetupDomain (927ms)
		LoadAssemblies (729ms)
		RebuildTransferFunctionScriptingTraits (0ms)
		AnalyzeDomain (414ms)
			TypeCache.Refresh (20ms)
				TypeCache.ScanAssembly (1ms)
			BuildScriptInfoCaches (366ms)
			ResolveRequiredComponents (21ms)
	FinalizeReload (1281ms)
		ReleaseScriptCaches (0ms)
		RebuildScriptCaches (0ms)
		SetupLoadedEditorAssemblies (985ms)
			LogAssemblyErrors (0ms)
			InitializePlatformSupportModulesInManaged (3ms)
			SetLoadedEditorAssemblies (7ms)
			BeforeProcessingInitializeOnLoad (217ms)
			ProcessInitializeOnLoadAttributes (638ms)
			ProcessInitializeOnLoadMethodAttributes (105ms)
			AfterProcessingInitializeOnLoad (15ms)
			EditorAssembliesLoaded (0ms)
		ExecutionOrderSort2 (0ms)
		AwakeInstancesAfterBackupRestoration (23ms)
Refreshing native plugins compatible for Editor in 4.47 ms, found 3 plugins.
Preloading 0 native plugins for Editor in 0.00 ms.
Unloading 34 Unused Serialized files (Serialized files now loaded: 0)
Unloading 5954 unused Assets / (7.1 MB). Loaded Objects now: 6819.
Memory consumption went from 172.3 MB to 165.3 MB.
Total: 22.674800 ms (FindLiveObjects: 1.117800 ms CreateObjectMapping: 1.738900 ms MarkObjects: 10.988900 ms  DeleteObjects: 8.827100 ms)

Prepare: number of updated asset objects reloaded= 0
========================================================================
Received Prepare
Refreshing native plugins compatible for Editor in 2.90 ms, found 3 plugins.
Preloading 0 native plugins for Editor in 0.00 ms.
Unloading 34 Unused Serialized files (Serialized files now loaded: 0)
Unloading 5947 unused Assets / (7.1 MB). Loaded Objects now: 6819.
Memory consumption went from 172.5 MB to 165.4 MB.
Total: 70.942300 ms (FindLiveObjects: 1.082700 ms CreateObjectMapping: 1.613000 ms MarkObjects: 59.512300 ms  DeleteObjects: 8.732400 ms)

Prepare: number of updated asset objects reloaded= 0
========================================================================
Received Import Request.
  Time since last request: 155.402031 seconds.
  path: Assets/Scripts/InitialCircleFormation.cs
  artifactKey: Guid(1266b61f5dbc5504eb9a3c6c08baef9e) Importer(815301076,1909f56bfc062723c751e8b465ee728b)
Start importing Assets/Scripts/InitialCircleFormation.cs using Guid(1266b61f5dbc5504eb9a3c6c08baef9e) Importer(815301076,1909f56bfc062723c751e8b465ee728b) (PreviewImporter) -> (artifact id: '295894dc3e307d297d79d2f585021bad') in 0.0155034 seconds
Number of updated asset objects reloaded before import = 0Number of asset objects unloaded after import = 0

========================================================================
Received Prepare
Refreshing native plugins compatible for Editor in 3.77 ms, found 3 plugins.
Preloading 0 native plugins for Editor in 0.00 ms.
Unloading 34 Unused Serialized files (Serialized files now loaded: 0)
Unloading 5948 unused Assets / (6.3 MB). Loaded Objects now: 6820.
Memory consumption went from 172.5 MB to 166.3 MB.
Total: 24.541800 ms (FindLiveObjects: 1.221200 ms CreateObjectMapping: 1.761500 ms MarkObjects: 13.948400 ms  DeleteObjects: 7.608300 ms)

Prepare: number of updated asset objects reloaded= 0
========================================================================
Received Prepare
Begin MonoManager ReloadAssembly
- Loaded All Assemblies, in  1.405 seconds
Refreshing native plugins compatible for Editor in 2.44 ms, found 3 plugins.
Native extension for WindowsStandalone target not found
Mono: successfully reloaded assembly
- Finished resetting the current domain, in  1.515 seconds
Domain Reload Profiling: 2914ms
	BeginReloadAssembly (373ms)
		ExecutionOrderSort (0ms)
		DisableScriptedObjects (10ms)
		BackupInstance (0ms)
		ReleaseScriptingObjects (0ms)
		CreateAndSetChildDomain (81ms)
	RebuildCommonClasses (77ms)
	RebuildNativeTypeToScriptingClass (27ms)
	initialDomainReloadingComplete (57ms)
	LoadAllAssembliesAndSetupDomain (864ms)
		LoadAssemblies (701ms)
		RebuildTransferFunctionScriptingTraits (0ms)
		AnalyzeDomain (359ms)
			TypeCache.Refresh (15ms)
				TypeCache.ScanAssembly (1ms)
			BuildScriptInfoCaches (315ms)
			ResolveRequiredComponents (22ms)
	FinalizeReload (1516ms)
		ReleaseScriptCaches (0ms)
		RebuildScriptCaches (0ms)
		SetupLoadedEditorAssemblies (1142ms)
			LogAssemblyErrors (0ms)
			InitializePlatformSupportModulesInManaged (5ms)
			SetLoadedEditorAssemblies (12ms)
			BeforeProcessingInitializeOnLoad (279ms)
			ProcessInitializeOnLoadAttributes (700ms)
			ProcessInitializeOnLoadMethodAttributes (128ms)
			AfterProcessingInitializeOnLoad (18ms)
			EditorAssembliesLoaded (0ms)
		ExecutionOrderSort2 (0ms)
		AwakeInstancesAfterBackupRestoration (30ms)
Refreshing native plugins compatible for Editor in 3.99 ms, found 3 plugins.
Preloading 0 native plugins for Editor in 0.00 ms.
Unloading 34 Unused Serialized files (Serialized files now loaded: 0)
Unloading 5955 unused Assets / (7.2 MB). Loaded Objects now: 6822.
Memory consumption went from 172.3 MB to 165.1 MB.
Total: 27.741300 ms (FindLiveObjects: 1.113300 ms CreateObjectMapping: 1.925300 ms MarkObjects: 14.625900 ms  DeleteObjects: 10.075000 ms)

Prepare: number of updated asset objects reloaded= 0
========================================================================
Received Import Request.
  Time since last request: 52.984941 seconds.
  path: Assets/Scripts/FollowGroup.cs
  artifactKey: Guid(b33e05314f60acd4194df6387bdb70f0) Importer(815301076,1909f56bfc062723c751e8b465ee728b)
Start importing Assets/Scripts/FollowGroup.cs using Guid(b33e05314f60acd4194df6387bdb70f0) Importer(815301076,1909f56bfc062723c751e8b465ee728b) (PreviewImporter) -> (artifact id: 'e4d93dc672d7a54ebc69637cb34f85b2') in 0.0214592 seconds
Number of updated asset objects reloaded before import = 0Number of asset objects unloaded after import = 0

========================================================================
Received Prepare
Begin MonoManager ReloadAssembly
- Loaded All Assemblies, in  1.844 seconds
Refreshing native plugins compatible for Editor in 3.22 ms, found 3 plugins.
Native extension for WindowsStandalone target not found
Mono: successfully reloaded assembly
- Finished resetting the current domain, in  1.700 seconds
Domain Reload Profiling: 3534ms
	BeginReloadAssembly (393ms)
		ExecutionOrderSort (0ms)
		DisableScriptedObjects (10ms)
		BackupInstance (0ms)
		ReleaseScriptingObjects (0ms)
		CreateAndSetChildDomain (99ms)
	RebuildCommonClasses (86ms)
	RebuildNativeTypeToScriptingClass (41ms)
	initialDomainReloadingComplete (92ms)
	LoadAllAssembliesAndSetupDomain (1221ms)
		LoadAssemblies (1031ms)
		RebuildTransferFunctionScriptingTraits (0ms)
		AnalyzeDomain (391ms)
			TypeCache.Refresh (10ms)
				TypeCache.ScanAssembly (0ms)
			BuildScriptInfoCaches (349ms)
			ResolveRequiredComponents (25ms)
	FinalizeReload (1701ms)
		ReleaseScriptCaches (0ms)
		RebuildScriptCaches (0ms)
		SetupLoadedEditorAssemblies (1318ms)
			LogAssemblyErrors (0ms)
			InitializePlatformSupportModulesInManaged (5ms)
			SetLoadedEditorAssemblies (10ms)
			BeforeProcessingInitializeOnLoad (263ms)
			ProcessInitializeOnLoadAttributes (866ms)
			ProcessInitializeOnLoadMethodAttributes (151ms)
			AfterProcessingInitializeOnLoad (22ms)
			EditorAssembliesLoaded (0ms)
		ExecutionOrderSort2 (0ms)
		AwakeInstancesAfterBackupRestoration (36ms)
Refreshing native plugins compatible for Editor in 4.00 ms, found 3 plugins.
Preloading 0 native plugins for Editor in 0.00 ms.
Unloading 34 Unused Serialized files (Serialized files now loaded: 0)
Unloading 5955 unused Assets / (7.4 MB). Loaded Objects now: 6824.
Memory consumption went from 172.4 MB to 165.0 MB.
Total: 23.213200 ms (FindLiveObjects: 1.206100 ms CreateObjectMapping: 1.769700 ms MarkObjects: 10.478700 ms  DeleteObjects: 9.756500 ms)

Prepare: number of updated asset objects reloaded= 0
========================================================================
Received Prepare
Begin MonoManager ReloadAssembly
- Loaded All Assemblies, in  1.336 seconds
Refreshing native plugins compatible for Editor in 3.21 ms, found 3 plugins.
Native extension for WindowsStandalone target not found
Mono: successfully reloaded assembly
- Finished resetting the current domain, in  1.518 seconds
Domain Reload Profiling: 2849ms
	BeginReloadAssembly (360ms)
		ExecutionOrderSort (0ms)
		DisableScriptedObjects (11ms)
		BackupInstance (0ms)
		ReleaseScriptingObjects (0ms)
		CreateAndSetChildDomain (76ms)
	RebuildCommonClasses (62ms)
	RebuildNativeTypeToScriptingClass (20ms)
	initialDomainReloadingComplete (53ms)
	LoadAllAssembliesAndSetupDomain (834ms)
		LoadAssemblies (710ms)
		RebuildTransferFunctionScriptingTraits (0ms)
		AnalyzeDomain (318ms)
			TypeCache.Refresh (7ms)
				TypeCache.ScanAssembly (0ms)
			BuildScriptInfoCaches (282ms)
			ResolveRequiredComponents (22ms)
	FinalizeReload (1519ms)
		ReleaseScriptCaches (0ms)
		RebuildScriptCaches (0ms)
		SetupLoadedEditorAssemblies (1136ms)
			LogAssemblyErrors (0ms)
			InitializePlatformSupportModulesInManaged (4ms)
			SetLoadedEditorAssemblies (10ms)
			BeforeProcessingInitializeOnLoad (238ms)
			ProcessInitializeOnLoadAttributes (748ms)
			ProcessInitializeOnLoadMethodAttributes (120ms)
			AfterProcessingInitializeOnLoad (16ms)
			EditorAssembliesLoaded (0ms)
		ExecutionOrderSort2 (0ms)
		AwakeInstancesAfterBackupRestoration (40ms)
Refreshing native plugins compatible for Editor in 4.07 ms, found 3 plugins.
Preloading 0 native plugins for Editor in 0.00 ms.
Unloading 34 Unused Serialized files (Serialized files now loaded: 0)
Unloading 5955 unused Assets / (6.9 MB). Loaded Objects now: 6826.
Memory consumption went from 172.3 MB to 165.5 MB.
Total: 23.481000 ms (FindLiveObjects: 1.268400 ms CreateObjectMapping: 1.911800 ms MarkObjects: 11.965800 ms  DeleteObjects: 8.332700 ms)

Prepare: number of updated asset objects reloaded= 0
========================================================================
Received Prepare
Begin MonoManager ReloadAssembly
- Loaded All Assemblies, in  1.384 seconds
Refreshing native plugins compatible for Editor in 2.50 ms, found 3 plugins.
Native extension for WindowsStandalone target not found
Mono: successfully reloaded assembly
- Finished resetting the current domain, in  1.557 seconds
Domain Reload Profiling: 2935ms
	BeginReloadAssembly (376ms)
		ExecutionOrderSort (0ms)
		DisableScriptedObjects (16ms)
		BackupInstance (0ms)
		ReleaseScriptingObjects (0ms)
		CreateAndSetChildDomain (75ms)
	RebuildCommonClasses (88ms)
	RebuildNativeTypeToScriptingClass (22ms)
	initialDomainReloadingComplete (59ms)
	LoadAllAssembliesAndSetupDomain (831ms)
		LoadAssemblies (708ms)
		RebuildTransferFunctionScriptingTraits (0ms)
		AnalyzeDomain (325ms)
			TypeCache.Refresh (10ms)
				TypeCache.ScanAssembly (0ms)
			BuildScriptInfoCaches (286ms)
			ResolveRequiredComponents (22ms)
	FinalizeReload (1559ms)
		ReleaseScriptCaches (0ms)
		RebuildScriptCaches (0ms)
		SetupLoadedEditorAssemblies (1176ms)
			LogAssemblyErrors (0ms)
			InitializePlatformSupportModulesInManaged (5ms)
			SetLoadedEditorAssemblies (9ms)
			BeforeProcessingInitializeOnLoad (245ms)
			ProcessInitializeOnLoadAttributes (764ms)
			ProcessInitializeOnLoadMethodAttributes (134ms)
			AfterProcessingInitializeOnLoad (19ms)
			EditorAssembliesLoaded (0ms)
		ExecutionOrderSort2 (0ms)
		AwakeInstancesAfterBackupRestoration (32ms)
Refreshing native plugins compatible for Editor in 3.50 ms, found 3 plugins.
Preloading 0 native plugins for Editor in 0.00 ms.
Unloading 34 Unused Serialized files (Serialized files now loaded: 0)
Unloading 5955 unused Assets / (6.6 MB). Loaded Objects now: 6828.
Memory consumption went from 172.3 MB to 165.8 MB.
Total: 34.353500 ms (FindLiveObjects: 1.355800 ms CreateObjectMapping: 1.747300 ms MarkObjects: 22.742100 ms  DeleteObjects: 8.506500 ms)

Prepare: number of updated asset objects reloaded= 0
========================================================================
Received Prepare
Begin MonoManager ReloadAssembly
- Loaded All Assemblies, in  1.483 seconds
Refreshing native plugins compatible for Editor in 3.88 ms, found 3 plugins.
Native extension for WindowsStandalone target not found
Mono: successfully reloaded assembly
- Finished resetting the current domain, in  1.647 seconds
Domain Reload Profiling: 3123ms
	BeginReloadAssembly (381ms)
		ExecutionOrderSort (0ms)
		DisableScriptedObjects (16ms)
		BackupInstance (0ms)
		ReleaseScriptingObjects (0ms)
		CreateAndSetChildDomain (83ms)
	RebuildCommonClasses (74ms)
	RebuildNativeTypeToScriptingClass (26ms)
	initialDomainReloadingComplete (67ms)
	LoadAllAssembliesAndSetupDomain (927ms)
		LoadAssemblies (757ms)
		RebuildTransferFunctionScriptingTraits (0ms)
		AnalyzeDomain (373ms)
			TypeCache.Refresh (8ms)
				TypeCache.ScanAssembly (0ms)
			BuildScriptInfoCaches (328ms)
			ResolveRequiredComponents (30ms)
	FinalizeReload (1648ms)
		ReleaseScriptCaches (0ms)
		RebuildScriptCaches (0ms)
		SetupLoadedEditorAssemblies (1244ms)
			LogAssemblyErrors (0ms)
			InitializePlatformSupportModulesInManaged (4ms)
			SetLoadedEditorAssemblies (8ms)
			BeforeProcessingInitializeOnLoad (272ms)
			ProcessInitializeOnLoadAttributes (796ms)
			ProcessInitializeOnLoadMethodAttributes (144ms)
			AfterProcessingInitializeOnLoad (20ms)
			EditorAssembliesLoaded (0ms)
		ExecutionOrderSort2 (0ms)
		AwakeInstancesAfterBackupRestoration (28ms)
Refreshing native plugins compatible for Editor in 4.09 ms, found 3 plugins.
Preloading 0 native plugins for Editor in 0.00 ms.
Unloading 34 Unused Serialized files (Serialized files now loaded: 0)
Unloading 5955 unused Assets / (7.0 MB). Loaded Objects now: 6830.
Memory consumption went from 172.3 MB to 165.3 MB.
Total: 22.930400 ms (FindLiveObjects: 1.669800 ms CreateObjectMapping: 2.185600 ms MarkObjects: 10.638800 ms  DeleteObjects: 8.434100 ms)

Prepare: number of updated asset objects reloaded= 0
========================================================================
Received Prepare
Begin MonoManager ReloadAssembly
- Loaded All Assemblies, in  1.441 seconds
Refreshing native plugins compatible for Editor in 2.59 ms, found 3 plugins.
Native extension for WindowsStandalone target not found
Mono: successfully reloaded assembly
- Finished resetting the current domain, in  1.404 seconds
Domain Reload Profiling: 2839ms
	BeginReloadAssembly (385ms)
		ExecutionOrderSort (0ms)
		DisableScriptedObjects (13ms)
		BackupInstance (0ms)
		ReleaseScriptingObjects (0ms)
		CreateAndSetChildDomain (82ms)
	RebuildCommonClasses (64ms)
	RebuildNativeTypeToScriptingClass (19ms)
	initialDomainReloadingComplete (57ms)
	LoadAllAssembliesAndSetupDomain (909ms)
		LoadAssemblies (705ms)
		RebuildTransferFunctionScriptingTraits (0ms)
		AnalyzeDomain (410ms)
			TypeCache.Refresh (8ms)
				TypeCache.ScanAssembly (0ms)
			BuildScriptInfoCaches (370ms)
			ResolveRequiredComponents (24ms)
	FinalizeReload (1405ms)
		ReleaseScriptCaches (0ms)
		RebuildScriptCaches (0ms)
		SetupLoadedEditorAssemblies (1071ms)
			LogAssemblyErrors (0ms)
			InitializePlatformSupportModulesInManaged (3ms)
			SetLoadedEditorAssemblies (7ms)
			BeforeProcessingInitializeOnLoad (229ms)
			ProcessInitializeOnLoadAttributes (688ms)
			ProcessInitializeOnLoadMethodAttributes (126ms)
			AfterProcessingInitializeOnLoad (17ms)
			EditorAssembliesLoaded (0ms)
		ExecutionOrderSort2 (0ms)
		AwakeInstancesAfterBackupRestoration (29ms)
Refreshing native plugins compatible for Editor in 3.45 ms, found 3 plugins.
Preloading 0 native plugins for Editor in 0.00 ms.
Unloading 34 Unused Serialized files (Serialized files now loaded: 0)
Unloading 5955 unused Assets / (6.7 MB). Loaded Objects now: 6832.
Memory consumption went from 172.3 MB to 165.7 MB.
Total: 21.162800 ms (FindLiveObjects: 1.605700 ms CreateObjectMapping: 1.902300 ms MarkObjects: 9.603300 ms  DeleteObjects: 8.049300 ms)

Prepare: number of updated asset objects reloaded= 0
========================================================================
Received Prepare
Begin MonoManager ReloadAssembly
- Loaded All Assemblies, in  1.425 seconds
Refreshing native plugins compatible for Editor in 3.22 ms, found 3 plugins.
Native extension for WindowsStandalone target not found
Mono: successfully reloaded assembly
- Finished resetting the current domain, in  1.670 seconds
Domain Reload Profiling: 3087ms
	BeginReloadAssembly (376ms)
		ExecutionOrderSort (0ms)
		DisableScriptedObjects (17ms)
		BackupInstance (0ms)
		ReleaseScriptingObjects (0ms)
		CreateAndSetChildDomain (77ms)
	RebuildCommonClasses (76ms)
	RebuildNativeTypeToScriptingClass (24ms)
	initialDomainReloadingComplete (62ms)
	LoadAllAssembliesAndSetupDomain (879ms)
		LoadAssemblies (684ms)
		RebuildTransferFunctionScriptingTraits (0ms)
		AnalyzeDomain (397ms)
			TypeCache.Refresh (10ms)
				TypeCache.ScanAssembly (0ms)
			BuildScriptInfoCaches (360ms)
			ResolveRequiredComponents (20ms)
	FinalizeReload (1672ms)
		ReleaseScriptCaches (0ms)
		RebuildScriptCaches (0ms)
		SetupLoadedEditorAssemblies (1183ms)
			LogAssemblyErrors (0ms)
			InitializePlatformSupportModulesInManaged (6ms)
			SetLoadedEditorAssemblies (11ms)
			BeforeProcessingInitializeOnLoad (269ms)
			ProcessInitializeOnLoadAttributes (749ms)
			ProcessInitializeOnLoadMethodAttributes (128ms)
			AfterProcessingInitializeOnLoad (19ms)
			EditorAssembliesLoaded (1ms)
		ExecutionOrderSort2 (0ms)
		AwakeInstancesAfterBackupRestoration (42ms)
Refreshing native plugins compatible for Editor in 3.58 ms, found 3 plugins.
Preloading 0 native plugins for Editor in 0.00 ms.
Unloading 34 Unused Serialized files (Serialized files now loaded: 0)
Unloading 5955 unused Assets / (6.4 MB). Loaded Objects now: 6834.
Memory consumption went from 172.4 MB to 166.0 MB.
Total: 22.782500 ms (FindLiveObjects: 1.513600 ms CreateObjectMapping: 1.995900 ms MarkObjects: 11.591200 ms  DeleteObjects: 7.679100 ms)

Prepare: number of updated asset objects reloaded= 0
========================================================================
Received Prepare
Begin MonoManager ReloadAssembly
- Loaded All Assemblies, in  1.465 seconds
Refreshing native plugins compatible for Editor in 3.00 ms, found 3 plugins.
Native extension for WindowsStandalone target not found
Mono: successfully reloaded assembly
- Finished resetting the current domain, in  1.522 seconds
Domain Reload Profiling: 2980ms
	BeginReloadAssembly (398ms)
		ExecutionOrderSort (0ms)
		DisableScriptedObjects (14ms)
		BackupInstance (0ms)
		ReleaseScriptingObjects (0ms)
		CreateAndSetChildDomain (87ms)
	RebuildCommonClasses (70ms)
	RebuildNativeTypeToScriptingClass (25ms)
	initialDomainReloadingComplete (66ms)
	LoadAllAssembliesAndSetupDomain (899ms)
		LoadAssemblies (717ms)
		RebuildTransferFunctionScriptingTraits (0ms)
		AnalyzeDomain (400ms)
			TypeCache.Refresh (8ms)
				TypeCache.ScanAssembly (0ms)
			BuildScriptInfoCaches (355ms)
			ResolveRequiredComponents (29ms)
	FinalizeReload (1523ms)
		ReleaseScriptCaches (0ms)
		RebuildScriptCaches (0ms)
		SetupLoadedEditorAssemblies (1123ms)
			LogAssemblyErrors (0ms)
			InitializePlatformSupportModulesInManaged (4ms)
			SetLoadedEditorAssemblies (9ms)
			BeforeProcessingInitializeOnLoad (236ms)
			ProcessInitializeOnLoadAttributes (728ms)
			ProcessInitializeOnLoadMethodAttributes (130ms)
			AfterProcessingInitializeOnLoad (16ms)
			EditorAssembliesLoaded (1ms)
		ExecutionOrderSort2 (0ms)
		AwakeInstancesAfterBackupRestoration (34ms)
Refreshing native plugins compatible for Editor in 3.96 ms, found 3 plugins.
Preloading 0 native plugins for Editor in 0.00 ms.
Unloading 34 Unused Serialized files (Serialized files now loaded: 0)
Unloading 5955 unused Assets / (6.0 MB). Loaded Objects now: 6836.
Memory consumption went from 172.3 MB to 166.4 MB.
Total: 22.083700 ms (FindLiveObjects: 1.086600 ms CreateObjectMapping: 1.836500 ms MarkObjects: 10.534500 ms  DeleteObjects: 8.624300 ms)

Prepare: number of updated asset objects reloaded= 0
========================================================================
Received Prepare
Begin MonoManager ReloadAssembly
- Loaded All Assemblies, in  1.389 seconds
Refreshing native plugins compatible for Editor in 2.53 ms, found 3 plugins.
Native extension for WindowsStandalone target not found
Mono: successfully reloaded assembly
- Finished resetting the current domain, in  1.664 seconds
Domain Reload Profiling: 3047ms
	BeginReloadAssembly (363ms)
		ExecutionOrderSort (0ms)
		DisableScriptedObjects (13ms)
		BackupInstance (0ms)
		ReleaseScriptingObjects (0ms)
		CreateAndSetChildDomain (77ms)
	RebuildCommonClasses (63ms)
	RebuildNativeTypeToScriptingClass (32ms)
	initialDomainReloadingComplete (62ms)
	LoadAllAssembliesAndSetupDomain (862ms)
		LoadAssemblies (693ms)
		RebuildTransferFunctionScriptingTraits (0ms)
		AnalyzeDomain (363ms)
			TypeCache.Refresh (10ms)
				TypeCache.ScanAssembly (0ms)
			BuildScriptInfoCaches (322ms)
			ResolveRequiredComponents (23ms)
	FinalizeReload (1665ms)
		ReleaseScriptCaches (0ms)
		RebuildScriptCaches (0ms)
		SetupLoadedEditorAssemblies (1247ms)
			LogAssemblyErrors (0ms)
			InitializePlatformSupportModulesInManaged (5ms)
			SetLoadedEditorAssemblies (10ms)
			BeforeProcessingInitializeOnLoad (274ms)
			ProcessInitializeOnLoadAttributes (790ms)
			ProcessInitializeOnLoadMethodAttributes (148ms)
			AfterProcessingInitializeOnLoad (20ms)
			EditorAssembliesLoaded (0ms)
		ExecutionOrderSort2 (0ms)
		AwakeInstancesAfterBackupRestoration (37ms)
Refreshing native plugins compatible for Editor in 3.82 ms, found 3 plugins.
Preloading 0 native plugins for Editor in 0.00 ms.
Unloading 34 Unused Serialized files (Serialized files now loaded: 0)
Unloading 5955 unused Assets / (7.1 MB). Loaded Objects now: 6838.
Memory consumption went from 172.3 MB to 165.2 MB.
Total: 22.229800 ms (FindLiveObjects: 1.152300 ms CreateObjectMapping: 1.662000 ms MarkObjects: 10.739400 ms  DeleteObjects: 8.673400 ms)

Prepare: number of updated asset objects reloaded= 0
========================================================================
Received Prepare
Begin MonoManager ReloadAssembly
- Loaded All Assemblies, in  1.411 seconds
Refreshing native plugins compatible for Editor in 3.17 ms, found 3 plugins.
Native extension for WindowsStandalone target not found
Mono: successfully reloaded assembly
- Finished resetting the current domain, in  1.844 seconds
Domain Reload Profiling: 3248ms
	BeginReloadAssembly (354ms)
		ExecutionOrderSort (0ms)
		DisableScriptedObjects (11ms)
		BackupInstance (0ms)
		ReleaseScriptingObjects (0ms)
		CreateAndSetChildDomain (67ms)
	RebuildCommonClasses (56ms)
	RebuildNativeTypeToScriptingClass (21ms)
	initialDomainReloadingComplete (65ms)
	LoadAllAssembliesAndSetupDomain (906ms)
		LoadAssemblies (800ms)
		RebuildTransferFunctionScriptingTraits (0ms)
		AnalyzeDomain (301ms)
			TypeCache.Refresh (12ms)
				TypeCache.ScanAssembly (0ms)
			BuildScriptInfoCaches (262ms)
			ResolveRequiredComponents (20ms)
	FinalizeReload (1846ms)
		ReleaseScriptCaches (0ms)
		RebuildScriptCaches (0ms)
		SetupLoadedEditorAssemblies (1194ms)
			LogAssemblyErrors (0ms)
			InitializePlatformSupportModulesInManaged (5ms)
			SetLoadedEditorAssemblies (8ms)
			BeforeProcessingInitializeOnLoad (262ms)
			ProcessInitializeOnLoadAttributes (759ms)
			ProcessInitializeOnLoadMethodAttributes (139ms)
			AfterProcessingInitializeOnLoad (20ms)
			EditorAssembliesLoaded (0ms)
		ExecutionOrderSort2 (0ms)
		AwakeInstancesAfterBackupRestoration (36ms)
Refreshing native plugins compatible for Editor in 3.13 ms, found 3 plugins.
Preloading 0 native plugins for Editor in 0.00 ms.
Unloading 34 Unused Serialized files (Serialized files now loaded: 0)
Unloading 5955 unused Assets / (7.1 MB). Loaded Objects now: 6840.
Memory consumption went from 172.3 MB to 165.2 MB.
Total: 24.794500 ms (FindLiveObjects: 1.200100 ms CreateObjectMapping: 1.788500 ms MarkObjects: 12.546300 ms  DeleteObjects: 9.257400 ms)

Prepare: number of updated asset objects reloaded= 0
========================================================================
Received Prepare
Begin MonoManager ReloadAssembly
- Loaded All Assemblies, in  1.485 seconds
Refreshing native plugins compatible for Editor in 2.18 ms, found 3 plugins.
Native extension for WindowsStandalone target not found
Mono: successfully reloaded assembly
- Finished resetting the current domain, in  1.470 seconds
Domain Reload Profiling: 2948ms
	BeginReloadAssembly (364ms)
		ExecutionOrderSort (0ms)
		DisableScriptedObjects (10ms)
		BackupInstance (0ms)
		ReleaseScriptingObjects (0ms)
		CreateAndSetChildDomain (73ms)
	RebuildCommonClasses (67ms)
	RebuildNativeTypeToScriptingClass (20ms)
	initialDomainReloadingComplete (72ms)
	LoadAllAssembliesAndSetupDomain (953ms)
		LoadAssemblies (744ms)
		RebuildTransferFunctionScriptingTraits (0ms)
		AnalyzeDomain (403ms)
			TypeCache.Refresh (11ms)
				TypeCache.ScanAssembly (0ms)
			BuildScriptInfoCaches (364ms)
			ResolveRequiredComponents (21ms)
	FinalizeReload (1471ms)
		ReleaseScriptCaches (0ms)
		RebuildScriptCaches (0ms)
		SetupLoadedEditorAssemblies (1125ms)
			LogAssemblyErrors (0ms)
			InitializePlatformSupportModulesInManaged (5ms)
			SetLoadedEditorAssemblies (8ms)
			BeforeProcessingInitializeOnLoad (230ms)
			ProcessInitializeOnLoadAttributes (738ms)
			ProcessInitializeOnLoadMethodAttributes (128ms)
			AfterProcessingInitializeOnLoad (15ms)
			EditorAssembliesLoaded (0ms)
		ExecutionOrderSort2 (0ms)
		AwakeInstancesAfterBackupRestoration (32ms)
Refreshing native plugins compatible for Editor in 3.43 ms, found 3 plugins.
Preloading 0 native plugins for Editor in 0.00 ms.
Unloading 34 Unused Serialized files (Serialized files now loaded: 0)
Unloading 5955 unused Assets / (6.6 MB). Loaded Objects now: 6842.
Memory consumption went from 172.4 MB to 165.8 MB.
Total: 22.356200 ms (FindLiveObjects: 1.225900 ms CreateObjectMapping: 1.878200 ms MarkObjects: 9.988300 ms  DeleteObjects: 9.261300 ms)

Prepare: number of updated asset objects reloaded= 0
========================================================================
Received Prepare
Begin MonoManager ReloadAssembly
- Loaded All Assemblies, in  1.328 seconds
Refreshing native plugins compatible for Editor in 3.13 ms, found 3 plugins.
Native extension for WindowsStandalone target not found
Mono: successfully reloaded assembly
- Finished resetting the current domain, in  1.516 seconds
Domain Reload Profiling: 2836ms
	BeginReloadAssembly (339ms)
		ExecutionOrderSort (0ms)
		DisableScriptedObjects (15ms)
		BackupInstance (0ms)
		ReleaseScriptingObjects (0ms)
		CreateAndSetChildDomain (78ms)
	RebuildCommonClasses (63ms)
	RebuildNativeTypeToScriptingClass (18ms)
	initialDomainReloadingComplete (61ms)
	LoadAllAssembliesAndSetupDomain (839ms)
		LoadAssemblies (656ms)
		RebuildTransferFunctionScriptingTraits (0ms)
		AnalyzeDomain (345ms)
			TypeCache.Refresh (10ms)
				TypeCache.ScanAssembly (0ms)
			BuildScriptInfoCaches (309ms)
			ResolveRequiredComponents (20ms)
	FinalizeReload (1517ms)
		ReleaseScriptCaches (0ms)
		RebuildScriptCaches (0ms)
		SetupLoadedEditorAssemblies (1151ms)
			LogAssemblyErrors (0ms)
			InitializePlatformSupportModulesInManaged (5ms)
			SetLoadedEditorAssemblies (7ms)
			BeforeProcessingInitializeOnLoad (254ms)
			ProcessInitializeOnLoadAttributes (742ms)
			ProcessInitializeOnLoadMethodAttributes (122ms)
			AfterProcessingInitializeOnLoad (21ms)
			EditorAssembliesLoaded (0ms)
		ExecutionOrderSort2 (0ms)
		AwakeInstancesAfterBackupRestoration (30ms)
Refreshing native plugins compatible for Editor in 3.71 ms, found 3 plugins.
Preloading 0 native plugins for Editor in 0.00 ms.
Unloading 34 Unused Serialized files (Serialized files now loaded: 0)
Unloading 5955 unused Assets / (5.5 MB). Loaded Objects now: 6844.
Memory consumption went from 172.4 MB to 166.8 MB.
Total: 26.682400 ms (FindLiveObjects: 1.258400 ms CreateObjectMapping: 2.439500 ms MarkObjects: 14.862800 ms  DeleteObjects: 8.119700 ms)

Prepare: number of updated asset objects reloaded= 0
========================================================================
Received Prepare
Begin MonoManager ReloadAssembly
- Loaded All Assemblies, in  1.390 seconds
Refreshing native plugins compatible for Editor in 3.51 ms, found 3 plugins.
Native extension for WindowsStandalone target not found
Mono: successfully reloaded assembly
- Finished resetting the current domain, in  2.185 seconds
Domain Reload Profiling: 3565ms
	BeginReloadAssembly (377ms)
		ExecutionOrderSort (0ms)
		DisableScriptedObjects (14ms)
		BackupInstance (0ms)
		ReleaseScriptingObjects (0ms)
		CreateAndSetChildDomain (93ms)
	RebuildCommonClasses (73ms)
	RebuildNativeTypeToScriptingClass (26ms)
	initialDomainReloadingComplete (66ms)
	LoadAllAssembliesAndSetupDomain (837ms)
		LoadAssemblies (700ms)
		RebuildTransferFunctionScriptingTraits (0ms)
		AnalyzeDomain (323ms)
			TypeCache.Refresh (12ms)
				TypeCache.ScanAssembly (0ms)
			BuildScriptInfoCaches (285ms)
			ResolveRequiredComponents (19ms)
	FinalizeReload (2186ms)
		ReleaseScriptCaches (0ms)
		RebuildScriptCaches (0ms)
		SetupLoadedEditorAssemblies (1620ms)
			LogAssemblyErrors (0ms)
			InitializePlatformSupportModulesInManaged (4ms)
			SetLoadedEditorAssemblies (13ms)
			BeforeProcessingInitializeOnLoad (281ms)
			ProcessInitializeOnLoadAttributes (1132ms)
			ProcessInitializeOnLoadMethodAttributes (165ms)
			AfterProcessingInitializeOnLoad (25ms)
			EditorAssembliesLoaded (1ms)
		ExecutionOrderSort2 (0ms)
		AwakeInstancesAfterBackupRestoration (186ms)
Refreshing native plugins compatible for Editor in 4.95 ms, found 3 plugins.
Preloading 0 native plugins for Editor in 0.00 ms.
Unloading 34 Unused Serialized files (Serialized files now loaded: 0)
Unloading 5955 unused Assets / (6.4 MB). Loaded Objects now: 6846.
Memory consumption went from 172.4 MB to 166.0 MB.
Total: 24.535000 ms (FindLiveObjects: 1.249000 ms CreateObjectMapping: 1.954800 ms MarkObjects: 12.284700 ms  DeleteObjects: 9.043700 ms)

Prepare: number of updated asset objects reloaded= 0
========================================================================
Received Prepare
Begin MonoManager ReloadAssembly
- Loaded All Assemblies, in  1.475 seconds
Refreshing native plugins compatible for Editor in 2.53 ms, found 3 plugins.
Native extension for WindowsStandalone target not found
Mono: successfully reloaded assembly
- Finished resetting the current domain, in  1.583 seconds
Domain Reload Profiling: 3050ms
	BeginReloadAssembly (459ms)
		ExecutionOrderSort (0ms)
		DisableScriptedObjects (11ms)
		BackupInstance (0ms)
		ReleaseScriptingObjects (0ms)
		CreateAndSetChildDomain (93ms)
	RebuildCommonClasses (74ms)
	RebuildNativeTypeToScriptingClass (22ms)
	initialDomainReloadingComplete (60ms)
	LoadAllAssembliesAndSetupDomain (850ms)
		LoadAssemblies (787ms)
		RebuildTransferFunctionScriptingTraits (0ms)
		AnalyzeDomain (334ms)
			TypeCache.Refresh (9ms)
				TypeCache.ScanAssembly (0ms)
			BuildScriptInfoCaches (297ms)
			ResolveRequiredComponents (21ms)
	FinalizeReload (1585ms)
		ReleaseScriptCaches (0ms)
		RebuildScriptCaches (0ms)
		SetupLoadedEditorAssemblies (1201ms)
			LogAssemblyErrors (0ms)
			InitializePlatformSupportModulesInManaged (7ms)
			SetLoadedEditorAssemblies (13ms)
			BeforeProcessingInitializeOnLoad (260ms)
			ProcessInitializeOnLoadAttributes (761ms)
			ProcessInitializeOnLoadMethodAttributes (140ms)
			AfterProcessingInitializeOnLoad (19ms)
			EditorAssembliesLoaded (1ms)
		ExecutionOrderSort2 (0ms)
		AwakeInstancesAfterBackupRestoration (35ms)
Refreshing native plugins compatible for Editor in 3.36 ms, found 3 plugins.
Preloading 0 native plugins for Editor in 0.00 ms.
Unloading 34 Unused Serialized files (Serialized files now loaded: 0)
Unloading 5955 unused Assets / (5.7 MB). Loaded Objects now: 6848.
Memory consumption went from 172.4 MB to 166.7 MB.
Total: 22.799000 ms (FindLiveObjects: 1.719500 ms CreateObjectMapping: 2.096900 ms MarkObjects: 10.827500 ms  DeleteObjects: 8.153200 ms)

Prepare: number of updated asset objects reloaded= 0
========================================================================
Received Prepare
Begin MonoManager ReloadAssembly
- Loaded All Assemblies, in  1.439 seconds
Refreshing native plugins compatible for Editor in 2.22 ms, found 3 plugins.
Native extension for WindowsStandalone target not found
Mono: successfully reloaded assembly
- Finished resetting the current domain, in  1.570 seconds
Domain Reload Profiling: 3001ms
	BeginReloadAssembly (403ms)
		ExecutionOrderSort (0ms)
		DisableScriptedObjects (15ms)
		BackupInstance (0ms)
		ReleaseScriptingObjects (0ms)
		CreateAndSetChildDomain (92ms)
	RebuildCommonClasses (60ms)
	RebuildNativeTypeToScriptingClass (22ms)
	initialDomainReloadingComplete (57ms)
	LoadAllAssembliesAndSetupDomain (888ms)
		LoadAssemblies (735ms)
		RebuildTransferFunctionScriptingTraits (0ms)
		AnalyzeDomain (357ms)
			TypeCache.Refresh (12ms)
				TypeCache.ScanAssembly (0ms)
			BuildScriptInfoCaches (317ms)
			ResolveRequiredComponents (21ms)
	FinalizeReload (1571ms)
		ReleaseScriptCaches (0ms)
		RebuildScriptCaches (0ms)
		SetupLoadedEditorAssemblies (1162ms)
			LogAssemblyErrors (0ms)
			InitializePlatformSupportModulesInManaged (4ms)
			SetLoadedEditorAssemblies (9ms)
			BeforeProcessingInitializeOnLoad (244ms)
			ProcessInitializeOnLoadAttributes (760ms)
			ProcessInitializeOnLoadMethodAttributes (127ms)
			AfterProcessingInitializeOnLoad (17ms)
			EditorAssembliesLoaded (1ms)
		ExecutionOrderSort2 (0ms)
		AwakeInstancesAfterBackupRestoration (32ms)
Refreshing native plugins compatible for Editor in 4.03 ms, found 3 plugins.
Preloading 0 native plugins for Editor in 0.00 ms.
Unloading 34 Unused Serialized files (Serialized files now loaded: 0)
Unloading 5955 unused Assets / (6.0 MB). Loaded Objects now: 6850.
Memory consumption went from 172.4 MB to 166.4 MB.
Total: 22.046300 ms (FindLiveObjects: 1.155700 ms CreateObjectMapping: 2.045600 ms MarkObjects: 10.785100 ms  DeleteObjects: 8.057900 ms)

Prepare: number of updated asset objects reloaded= 0
========================================================================
Received Prepare
Begin MonoManager ReloadAssembly
- Loaded All Assemblies, in  1.339 seconds
Refreshing native plugins compatible for Editor in 2.42 ms, found 3 plugins.
Native extension for WindowsStandalone target not found
Mono: successfully reloaded assembly
- Finished resetting the current domain, in  1.370 seconds
Domain Reload Profiling: 2700ms
	BeginReloadAssembly (403ms)
		ExecutionOrderSort (0ms)
		DisableScriptedObjects (14ms)
		BackupInstance (0ms)
		ReleaseScriptingObjects (0ms)
		CreateAndSetChildDomain (72ms)
	RebuildCommonClasses (62ms)
	RebuildNativeTypeToScriptingClass (21ms)
	initialDomainReloadingComplete (63ms)
	LoadAllAssembliesAndSetupDomain (782ms)
		LoadAssemblies (740ms)
		RebuildTransferFunctionScriptingTraits (0ms)
		AnalyzeDomain (285ms)
			TypeCache.Refresh (12ms)
				TypeCache.ScanAssembly (0ms)
			BuildScriptInfoCaches (251ms)
			ResolveRequiredComponents (17ms)
	FinalizeReload (1370ms)
		ReleaseScriptCaches (0ms)
		RebuildScriptCaches (0ms)
		SetupLoadedEditorAssemblies (1044ms)
			LogAssemblyErrors (0ms)
			InitializePlatformSupportModulesInManaged (6ms)
			SetLoadedEditorAssemblies (7ms)
			BeforeProcessingInitializeOnLoad (245ms)
			ProcessInitializeOnLoadAttributes (672ms)
			ProcessInitializeOnLoadMethodAttributes (98ms)
			AfterProcessingInitializeOnLoad (16ms)
			EditorAssembliesLoaded (0ms)
		ExecutionOrderSort2 (0ms)
		AwakeInstancesAfterBackupRestoration (22ms)
Refreshing native plugins compatible for Editor in 3.16 ms, found 3 plugins.
Preloading 0 native plugins for Editor in 0.00 ms.
Unloading 34 Unused Serialized files (Serialized files now loaded: 0)
Unloading 5955 unused Assets / (6.2 MB). Loaded Objects now: 6852.
Memory consumption went from 172.4 MB to 166.1 MB.
Total: 20.747100 ms (FindLiveObjects: 1.145500 ms CreateObjectMapping: 1.630500 ms MarkObjects: 10.535700 ms  DeleteObjects: 7.432900 ms)

Prepare: number of updated asset objects reloaded= 0
========================================================================
Received Import Request.
  Time since last request: 1394.758344 seconds.
  path: Assets/Scripts/PlayerMovementRotated.cs
  artifactKey: Guid(bdaf5aa5da3ae03419b5776b6897fcd4) Importer(815301076,1909f56bfc062723c751e8b465ee728b)
Start importing Assets/Scripts/PlayerMovementRotated.cs using Guid(bdaf5aa5da3ae03419b5776b6897fcd4) Importer(815301076,1909f56bfc062723c751e8b465ee728b) (PreviewImporter) -> (artifact id: '3f7eb227b4c74e2235ea590ecbae4c64') in 0.0162278 seconds
Number of updated asset objects reloaded before import = 0Number of asset objects unloaded after import = 0

========================================================================
Received Prepare
Begin MonoManager ReloadAssembly
- Loaded All Assemblies, in  1.424 seconds
Refreshing native plugins compatible for Editor in 3.15 ms, found 3 plugins.
Native extension for WindowsStandalone target not found
Mono: successfully reloaded assembly
- Finished resetting the current domain, in  1.473 seconds
Domain Reload Profiling: 2888ms
	BeginReloadAssembly (374ms)
		ExecutionOrderSort (0ms)
		DisableScriptedObjects (16ms)
		BackupInstance (0ms)
		ReleaseScriptingObjects (0ms)
		CreateAndSetChildDomain (89ms)
	RebuildCommonClasses (83ms)
	RebuildNativeTypeToScriptingClass (34ms)
	initialDomainReloadingComplete (70ms)
	LoadAllAssembliesAndSetupDomain (853ms)
		LoadAssemblies (696ms)
		RebuildTransferFunctionScriptingTraits (0ms)
		AnalyzeDomain (354ms)
			TypeCache.Refresh (11ms)
				TypeCache.ScanAssembly (0ms)
			BuildScriptInfoCaches (311ms)
			ResolveRequiredComponents (24ms)
	FinalizeReload (1474ms)
		ReleaseScriptCaches (0ms)
		RebuildScriptCaches (0ms)
		SetupLoadedEditorAssemblies (1112ms)
			LogAssemblyErrors (0ms)
			InitializePlatformSupportModulesInManaged (5ms)
			SetLoadedEditorAssemblies (9ms)
			BeforeProcessingInitializeOnLoad (224ms)
			ProcessInitializeOnLoadAttributes (738ms)
			ProcessInitializeOnLoadMethodAttributes (122ms)
			AfterProcessingInitializeOnLoad (15ms)
			EditorAssembliesLoaded (0ms)
		ExecutionOrderSort2 (0ms)
		AwakeInstancesAfterBackupRestoration (33ms)
Refreshing native plugins compatible for Editor in 3.82 ms, found 3 plugins.
Preloading 0 native plugins for Editor in 0.00 ms.
Unloading 34 Unused Serialized files (Serialized files now loaded: 0)
Unloading 5955 unused Assets / (6.1 MB). Loaded Objects now: 6854.
Memory consumption went from 172.4 MB to 166.2 MB.
Total: 31.054900 ms (FindLiveObjects: 1.291600 ms CreateObjectMapping: 1.930700 ms MarkObjects: 18.645200 ms  DeleteObjects: 9.185300 ms)

Prepare: number of updated asset objects reloaded= 0
========================================================================
Received Prepare
Begin MonoManager ReloadAssembly
- Loaded All Assemblies, in  1.337 seconds
Refreshing native plugins compatible for Editor in 3.18 ms, found 3 plugins.
Native extension for WindowsStandalone target not found
Mono: successfully reloaded assembly
- Finished resetting the current domain, in  1.506 seconds
Domain Reload Profiling: 2838ms
	BeginReloadAssembly (364ms)
		ExecutionOrderSort (0ms)
		DisableScriptedObjects (12ms)
		BackupInstance (0ms)
		ReleaseScriptingObjects (0ms)
		CreateAndSetChildDomain (81ms)
	RebuildCommonClasses (71ms)
	RebuildNativeTypeToScriptingClass (26ms)
	initialDomainReloadingComplete (64ms)
	LoadAllAssembliesAndSetupDomain (806ms)
		LoadAssemblies (685ms)
		RebuildTransferFunctionScriptingTraits (0ms)
		AnalyzeDomain (313ms)
			TypeCache.Refresh (10ms)
				TypeCache.ScanAssembly (0ms)
			BuildScriptInfoCaches (281ms)
			ResolveRequiredComponents (17ms)
	FinalizeReload (1507ms)
		ReleaseScriptCaches (0ms)
		RebuildScriptCaches (0ms)
		SetupLoadedEditorAssemblies (1117ms)
			LogAssemblyErrors (0ms)
			InitializePlatformSupportModulesInManaged (4ms)
			SetLoadedEditorAssemblies (9ms)
			BeforeProcessingInitializeOnLoad (263ms)
			ProcessInitializeOnLoadAttributes (693ms)
			ProcessInitializeOnLoadMethodAttributes (127ms)
			AfterProcessingInitializeOnLoad (19ms)
			EditorAssembliesLoaded (1ms)
		ExecutionOrderSort2 (0ms)
		AwakeInstancesAfterBackupRestoration (29ms)
Refreshing native plugins compatible for Editor in 4.30 ms, found 3 plugins.
Preloading 0 native plugins for Editor in 0.00 ms.
Unloading 34 Unused Serialized files (Serialized files now loaded: 0)
Unloading 5955 unused Assets / (6.7 MB). Loaded Objects now: 6856.
Memory consumption went from 172.4 MB to 165.7 MB.
Total: 24.856500 ms (FindLiveObjects: 1.118200 ms CreateObjectMapping: 1.694400 ms MarkObjects: 12.657000 ms  DeleteObjects: 9.384700 ms)

Prepare: number of updated asset objects reloaded= 0
========================================================================
Received Prepare
Begin MonoManager ReloadAssembly
- Loaded All Assemblies, in  1.439 seconds
Refreshing native plugins compatible for Editor in 3.10 ms, found 3 plugins.
Native extension for WindowsStandalone target not found
Mono: successfully reloaded assembly
- Finished resetting the current domain, in  1.641 seconds
Domain Reload Profiling: 3073ms
	BeginReloadAssembly (361ms)
		ExecutionOrderSort (0ms)
		DisableScriptedObjects (14ms)
		BackupInstance (0ms)
		ReleaseScriptingObjects (0ms)
		CreateAndSetChildDomain (77ms)
	RebuildCommonClasses (70ms)
	RebuildNativeTypeToScriptingClass (23ms)
	initialDomainReloadingComplete (61ms)
	LoadAllAssembliesAndSetupDomain (915ms)
		LoadAssemblies (730ms)
		RebuildTransferFunctionScriptingTraits (0ms)
		AnalyzeDomain (372ms)
			TypeCache.Refresh (12ms)
				TypeCache.ScanAssembly (0ms)
			BuildScriptInfoCaches (332ms)
			ResolveRequiredComponents (22ms)
	FinalizeReload (1642ms)
		ReleaseScriptCaches (0ms)
		RebuildScriptCaches (0ms)
		SetupLoadedEditorAssemblies (1253ms)
			LogAssemblyErrors (0ms)
			InitializePlatformSupportModulesInManaged (5ms)
			SetLoadedEditorAssemblies (9ms)
			BeforeProcessingInitializeOnLoad (355ms)
			ProcessInitializeOnLoadAttributes (734ms)
			ProcessInitializeOnLoadMethodAttributes (130ms)
			AfterProcessingInitializeOnLoad (20ms)
			EditorAssembliesLoaded (0ms)
		ExecutionOrderSort2 (0ms)
		AwakeInstancesAfterBackupRestoration (35ms)
Refreshing native plugins compatible for Editor in 4.14 ms, found 3 plugins.
Preloading 0 native plugins for Editor in 0.00 ms.
Unloading 34 Unused Serialized files (Serialized files now loaded: 0)
Unloading 5955 unused Assets / (6.4 MB). Loaded Objects now: 6858.
Memory consumption went from 172.4 MB to 166.0 MB.
Total: 23.768000 ms (FindLiveObjects: 1.297000 ms CreateObjectMapping: 2.041100 ms MarkObjects: 12.047400 ms  DeleteObjects: 8.380500 ms)

Prepare: number of updated asset objects reloaded= 0
