<?xml version="1.0" encoding="utf-8"?>
<COLLADA xmlns="http://www.collada.org/2005/11/COLLADASchema" version="1.4.1" xmlns:xsi="http://www.w3.org/2001/XMLSchema-instance">
  <asset>
    <contributor>
      <author>Blender User</author>
      <authoring_tool>Blender 2.79.0 commit date:2018-03-22, commit time:14:10, hash:f4dc9f9d68b</authoring_tool>
    </contributor>
    <created>2019-06-18T06:45:59</created>
    <modified>2019-06-18T06:45:59</modified>
    <unit name="meter" meter="1"/>
    <up_axis>Z_UP</up_axis>
  </asset>
  <library_images>
    <image id="s3mabuta1_m1_png" name="s3mabuta1_m1_png">
      <init_from>s3mabuta1_m1.png</init_from>
    </image>
    <image id="s3mabuta2_m1_png" name="s3mabuta2_m1_png">
      <init_from>s3mabuta2_m1.png</init_from>
    </image>
    <image id="s3_c000m1_A0_png" name="s3_c000m1_A0_png">
      <init_from>s3_c000m1_A0.png</init_from>
    </image>
    <image id="s3c000m1_eyes_png" name="s3c000m1_eyes_png">
      <init_from>s3c000m1_eyes.png</init_from>
    </image>
    <image id="mario_mayu_png" name="mario_mayu_png">
      <init_from>mario_mayu.png</init_from>
    </image>
  </library_images>
  <library_effects>
    <effect id="s3mabuta1_m1_png-effect">
      <profile_COMMON>
        <newparam sid="s3mabuta1_m1_png-surface">
          <surface type="2D">
            <init_from>s3mabuta1_m1_png</init_from>
          </surface>
        </newparam>
        <newparam sid="s3mabuta1_m1_png-sampler">
          <sampler2D>
            <source>s3mabuta1_m1_png-surface</source>
          </sampler2D>
        </newparam>
        <technique sid="common">
          <lambert>
            <emission>
              <color sid="emission">0 0 0 1</color>
            </emission>
            <ambient>
              <color sid="ambient">0 0 0 1</color>
            </ambient>
            <diffuse>
              <texture texture="s3mabuta1_m1_png-sampler"/>
            </diffuse>
            <index_of_refraction>
              <float sid="index_of_refraction">1</float>
            </index_of_refraction>
          </lambert>
        </technique>
      </profile_COMMON>
    </effect>
    <effect id="s3mabuta2_m1_png-effect">
      <profile_COMMON>
        <newparam sid="s3mabuta2_m1_png-surface">
          <surface type="2D">
            <init_from>s3mabuta2_m1_png</init_from>
          </surface>
        </newparam>
        <newparam sid="s3mabuta2_m1_png-sampler">
          <sampler2D>
            <source>s3mabuta2_m1_png-surface</source>
          </sampler2D>
        </newparam>
        <technique sid="common">
          <lambert>
            <emission>
              <color sid="emission">0 0 0 1</color>
            </emission>
            <ambient>
              <color sid="ambient">0 0 0 1</color>
            </ambient>
            <diffuse>
              <texture texture="s3mabuta2_m1_png-sampler"/>
            </diffuse>
            <index_of_refraction>
              <float sid="index_of_refraction">1</float>
            </index_of_refraction>
          </lambert>
        </technique>
      </profile_COMMON>
    </effect>
    <effect id="s3_c000m1_A0_png-effect">
      <profile_COMMON>
        <newparam sid="s3_c000m1_A0_png-surface">
          <surface type="2D">
            <init_from>s3_c000m1_A0_png</init_from>
          </surface>
        </newparam>
        <newparam sid="s3_c000m1_A0_png-sampler">
          <sampler2D>
            <source>s3_c000m1_A0_png-surface</source>
          </sampler2D>
        </newparam>
        <technique sid="common">
          <lambert>
            <emission>
              <color sid="emission">0 0 0 1</color>
            </emission>
            <ambient>
              <color sid="ambient">0 0 0 1</color>
            </ambient>
            <diffuse>
              <texture texture="s3_c000m1_A0_png-sampler"/>
            </diffuse>
            <index_of_refraction>
              <float sid="index_of_refraction">1</float>
            </index_of_refraction>
          </lambert>
        </technique>
      </profile_COMMON>
    </effect>
    <effect id="s3c000m1_eyes_png-effect">
      <profile_COMMON>
        <newparam sid="s3c000m1_eyes_png-surface">
          <surface type="2D">
            <init_from>s3c000m1_eyes_png</init_from>
          </surface>
        </newparam>
        <newparam sid="s3c000m1_eyes_png-sampler">
          <sampler2D>
            <source>s3c000m1_eyes_png-surface</source>
          </sampler2D>
        </newparam>
        <technique sid="common">
          <lambert>
            <emission>
              <color sid="emission">0 0 0 1</color>
            </emission>
            <ambient>
              <color sid="ambient">0 0 0 1</color>
            </ambient>
            <diffuse>
              <texture texture="s3c000m1_eyes_png-sampler"/>
            </diffuse>
            <index_of_refraction>
              <float sid="index_of_refraction">1</float>
            </index_of_refraction>
          </lambert>
        </technique>
      </profile_COMMON>
    </effect>
    <effect id="mario_mayu_png-effect">
      <profile_COMMON>
        <newparam sid="mario_mayu_png-surface">
          <surface type="2D">
            <init_from>mario_mayu_png</init_from>
          </surface>
        </newparam>
        <newparam sid="mario_mayu_png-sampler">
          <sampler2D>
            <source>mario_mayu_png-surface</source>
          </sampler2D>
        </newparam>
        <technique sid="common">
          <lambert>
            <emission>
              <color sid="emission">1 1 1 1</color>
            </emission>
            <ambient>
              <color sid="ambient">0 0 0 1</color>
            </ambient>
            <diffuse>
              <texture texture="mario_mayu_png-sampler"/>
            </diffuse>
            <transparent opaque="A_ONE">
              <texture texture="mario_mayu_png-sampler"/>
            </transparent>
            <index_of_refraction>
              <float sid="index_of_refraction">1</float>
            </index_of_refraction>
          </lambert>
        </technique>
      </profile_COMMON>
    </effect>
  </library_effects>
  <library_materials>
    <material id="s3mabuta1_m1_png-material" name="s3mabuta1_m1_png">
      <instance_effect url="#s3mabuta1_m1_png-effect"/>
    </material>
    <material id="s3mabuta2_m1_png-material" name="s3mabuta2_m1_png">
      <instance_effect url="#s3mabuta2_m1_png-effect"/>
    </material>
    <material id="s3_c000m1_A0_png-material" name="s3_c000m1_A0_png">
      <instance_effect url="#s3_c000m1_A0_png-effect"/>
    </material>
    <material id="s3c000m1_eyes_png-material" name="s3c000m1_eyes_png">
      <instance_effect url="#s3c000m1_eyes_png-effect"/>
    </material>
    <material id="mario_mayu_png-material" name="mario_mayu_png">
      <instance_effect url="#mario_mayu_png-effect"/>
    </material>
  </library_materials>
  <library_geometries>
    <geometry id="mario-mesh" name="mario">
      <mesh>
        <source id="mario-mesh-positions">
          <float_array id="mario-mesh-positions-array" count="7563">-10.99321 118.1824 18.32201 -12.4211 115.8685 17.54584 -10.89488 116.0769 18.85301 -5.887043 117.9731 20.24288 -5.829414 115.8458 20.84731 -4.191594 115.5998 20.48319 10.8949 116.0769 18.85302 12.42112 115.8685 17.54585 10.99323 118.1824 18.32202 4.19161 115.5998 20.48319 5.829431 115.8458 20.84732 5.887061 117.9731 20.24288 -3.794 112.9347 20.48915 -5.821005 113.262 20.96344 -10.9801 112.6136 19.08801 -12.65386 111.8933 17.40005 -8.331085 116.1373 20.08523 -8.335855 113.1104 20.32447 -8.571994 118.7209 19.28181 5.821022 113.262 20.96344 3.794016 112.9347 20.48915 10.98012 112.6136 19.08802 12.65387 111.8933 17.40006 8.331102 116.1373 20.08523 8.33587 113.1104 20.32447 8.572013 118.7209 19.28182 -8.571994 118.7209 19.40057 -12.74802 120.3007 18.17247 -10.99321 118.1824 18.44077 -12.69353 112.145 17.40554 -14.77363 112.2978 16.37749 -14.2919 107.0206 16.41041 -14.67619 116.5626 16.56296 -11.51414 104.3235 20.09613 -10.1844 105.6794 19.12793 -15.2789 105.6024 17.684 -3.682674 112.1885 20.50543 -4.525224 108.0271 20.45847 -3.729404 108.0176 22.6039 -6.061124 107.8809 20.85895 -5.995265 105.7377 19.92427 -5.887043 117.9731 20.36163 -6.816713 119.7188 21.23326 -9.833564 120.4467 19.65683 -3.078074 115.9687 21.60015 -12.4211 115.8685 17.62294 15.27892 105.6024 17.684 14.29192 107.0206 16.41042 10.18441 105.6794 19.12794 10.99323 118.1824 18.44077 12.74804 120.3007 18.17248 8.572013 118.7209 19.40057 14.77365 112.2978 16.37749 12.69355 112.145 17.40555 14.67621 116.5626 16.56297 11.51415 104.3235 20.09613 3.72942 108.0176 22.6039 4.52524 108.0271 20.45847 3.68269 112.1885 20.50543 5.99528 105.7377 19.92428 6.06114 107.8809 20.85895 6.816731 119.7188 21.23326 5.887061 117.9731 20.36164 9.833581 120.4467 19.65684 3.07809 115.9687 21.60015 12.42112 115.8685 17.62295 12.05871 108.1187 17.55153 -12.0587 108.1187 17.55153 -10.99227 112.1189 19.18417 -10.68155 108.1179 19.26189 -8.337445 112.1014 20.46679 -8.139415 107.8785 20.24844 -7.911905 105.1172 19.64439 -10.89488 116.0769 18.9156 -8.331085 116.1373 20.14782 -5.829414 115.8458 20.90989 -5.817184 112.0876 21.0788 -4.191594 115.5998 20.4978 -6.074715 104.7422 22.42726 -7.534245 102.6178 21.44239 8.337462 112.1014 20.46679 8.139432 107.8785 20.24845 10.99229 112.1189 19.18417 10.68156 108.1179 19.2619 7.91192 105.1172 19.6444 10.8949 116.0769 18.9156 8.331101 116.1373 20.14782 5.817201 112.0876 21.0788 5.829431 115.8458 20.9099 4.19161 115.5998 20.49781 7.534259 102.6178 21.4424 6.074729 104.7422 22.42726 -2.547724 112.239 21.81333 2.54774 112.239 21.81333 -10.99321 118.4624 18.32201 -12.78132 115.5686 17.51784 -11.0448 116.0769 18.85301 -5.887043 118.253 20.24287 -5.829413 116.9058 20.84729 -4.552068 116.9159 20.48317 11.04481 116.0769 18.85301 12.78133 115.5686 17.51784 10.99323 118.4624 18.32201 4.552085 116.9159 20.48317 5.829431 116.9058 20.8473 5.887061 118.253 20.24287 -4.037877 115.5587 20.4891 -5.821005 115.202 20.9634 -10.9801 112.7736 19.08801 -13.02082 111.4534 17.43206 -8.464384 116.6573 20.08522 -8.335855 114.2703 20.32445 -8.571994 119.0008 19.28181 5.821022 115.202 20.96341 4.037893 115.5587 20.4891 10.98012 112.7736 19.08801 13.02083 111.4533 17.43207 8.464402 116.6573 20.08522 8.33587 114.2703 20.32445 8.572013 119.0008 19.28181 -12.0587 108.1184 17.42552 -14.2919 107.0203 16.37457 -10.18439 105.6791 18.73133 -8.571997 118.7205 19.17061 -12.74802 120.3004 18.13687 -10.99321 118.1821 18.2108 -12.42111 115.8682 17.43459 -14.6762 116.5624 16.5273 -12.69354 112.1447 17.27961 -14.77363 112.2975 16.34175 10.1844 105.6791 18.73133 14.2919 107.0203 16.37457 12.0587 108.1184 17.42552 10.99322 118.1821 18.2108 12.74802 120.3004 18.13687 8.571997 118.7205 19.17061 14.6762 116.5624 16.5273 12.42112 115.8682 17.43459 14.77363 112.2975 16.34175 12.69354 112.1447 17.27961 16.50255 71.33548 17.07183 14.37464 71.8029 18.7714 16.17987 69.90555 17.89038 15.91957 72.87617 16.74749 15.0748 69.13259 18.89047 11.76052 71.91551 19.65949 12.3435 70.37482 19.98383 13.60944 69.31183 19.6901 12.0832 73.34545 18.84094 14.65364 73.93915 17.04123 13.18827 74.11841 17.84086 61.2854 81.77779 -4.778285 61.47056 81.77783 -2.125393 57.6108 77.23416 -0.591724 61.40071 81.52562 0.846416 57.90367 78.44482 5.476698 56.48331 75.17697 5.001533 41.06036 86.5638 -7.573161 41.06036 86.56393 0.738465 41.06036 87.5461 -3.417364 41.06036 73.86542 0.73868 41.06036 73.86528 -7.572948 41.06036 72.88314 -3.417119 52.8709 89.5839 -8.597948 51.94236 88.89366 -8.43162 52.58787 89.20436 -7.6578 52.87912 89.81824 1.724951 51.88608 89.04506 1.555364 52.59931 89.09157 2.420543 55.47585 90.06549 1.709107 56.59483 89.49337 1.526635 55.8816 89.72686 0.761458 52.80349 90.31026 -3.491762 51.84026 89.48268 -3.491762 52.52732 89.57093 -2.696671 45.30812 88.0959 -3.417365 45.30812 86.43867 1.109522 50.49693 88.80886 3.272027 45.30812 84.13924 4.411572 49.59139 86.34732 5.80624 45.30812 80.21477 5.525179 49.33384 82.18138 6.97252 20.85085 23.34873 -7.05742 21.47047 27.11742 -7.104229 20.99387 27.13398 2.239441 4.5315 40.90028 -11.39775 1.374618 39.99319 -6.16107 4.299327 42.45618 -11.66708 1.23604 13.71708 2.226052 4.377164 16.73245 9.251554 4.51302 17.72701 7.274159 4.240207 10.07363 -12.66224 10.63002 10.60883 -14.80049 17.63285 10.31142 -12.66286 4.572915 39.56226 8.239396 10.67904 41.11148 10.28665 10.68159 42.4423 11.69116 21.24606 14.67378 2.221182 17.15333 18.7241 7.224834 17.39371 17.6874 9.226294 1.318275 27.13283 2.227763 0.888922 27.16532 -7.084099 1.41367 23.12571 -7.046138 8.183922 81.50833 -16.09169 8.7365 77.45576 -16.59366 -0.03000497 79.66109 -16.34368 5.41693 84.91803 -14.96862 13.51761 81.6833 -13.91297 7.207735 86.99542 -12.60507 8.222935 88.21947 -8.837123 13.47538 87.15114 -8.981584 8.98176 71.88173 18.64394 9.091607 68.1962 20.18119 13.31192 65.23233 18.85783 17.0867 71.03963 14.18989 14.46704 65.16532 18.12277 17.49601 67.07396 15.01944 8.408901 75.95375 13.92652 8.589074 76.19165 15.08895 8.320874 79.43576 12.25545 16.31182 73.37001 11.94187 15.38012 79.50772 10.10936 16.26165 75.29399 12.60605 31.47428 85.16913 2.09356 32.38337 87.49652 -3.384868 30.27747 86.93729 -3.324579 32.67572 85.50975 -8.846854 29.94011 85.05731 -8.434397 20.66591 73.89915 1.765828 22.72194 80.16838 4.53617 18.71628 77.68059 5.023356 26.81858 80.03227 -11.41447 23.35103 80.16812 -10.83896 28.38067 85.20512 -8.552241 17.19078 80.05295 -11.3041 16.56562 86.22544 -8.519423 17.40316 86.25457 -8.546173 17.1405 82.32088 4.86079 19.3669 82.39405 4.856271 25.28328 74.05482 -8.905467 20.65226 73.89899 -8.389962 19.921 85.98073 -8.733422 22.60913 85.4505 -8.587678 17.5358 86.1744 1.947435 16.74196 86.22049 1.867834 25.16099 85.74388 -8.827203 17.59088 74.74808 -11.55924 14.17301 74.70626 -13.3852 22.26008 68.3455 5.547328 17.22511 73.91902 9.759757 18.62918 70.1777 9.636419 21.04535 66.43495 6.434353 21.13874 70.37271 -8.875589 21.71896 68.80786 -2.018903 22.69727 67.39257 -5.756464 21.32845 68.80522 -9.927122 23.30882 67.18054 -1.324602 17.36064 74.56909 8.097869 20.63011 69.90558 4.185683 14.51406 82.73831 6.325903 13.62046 86.20317 -8.716902 13.54932 86.93115 -0.602299 16.92456 87.60277 -3.324615 13.83383 85.69944 2.732679 15.206 79.18419 8.621271 16.05755 72.91751 10.64406 20.11128 70.43483 -11.51948 13.62597 80.99681 -12.97461 -0.03000599 84.11209 -15.53611 5.12143 84.2334 -14.01299 -0.03000599 79.57693 -15.25093 6.885076 86.08539 -11.50736 5.209584 90.7923 -11.73222 21.21525 66.67707 -10.49331 21.45796 63.09999 -8.912695 15.64762 65.33322 -14.51858 22.07545 55.96843 -9.079305 14.67802 50.57066 -15.15451 16.0547 55.39032 -15.86495 22.12798 55.81783 8.042676 23.05657 53.94341 0.115876 23.23607 56.56128 0.192166 16.97379 70.34279 -13.77015 8.414558 70.18743 -16.4341 5.28171 65.62139 21.03489 -0.03000998 65.65079 21.97198 -0.03000998 60.60175 22.70544 22.27532 53.63316 -5.640515 22.05795 52.6343 -5.478085 10.89766 60.5606 19.91331 21.11957 52.70652 -9.374245 18.44291 51.44669 -12.31682 20.62439 51.40285 -9.353455 16.36777 48.70947 -13.02908 22.42213 62.66246 -6.937325 22.4472 60.87787 -8.224925 18.76305 65.41368 13.28075 22.24272 64.00067 7.552946 18.45188 68.88702 11.93993 16.83618 70.47284 13.02423 19.00085 70.20634 10.59601 17.30819 66.50728 14.15778 14.3373 64.61795 17.36957 4.118391 75.01123 16.9966 4.552531 72.70409 19.19939 8.532977 71.36772 18.22284 1.876122 41.18876 10.4714 -0.03000795 41.18494 10.88775 -0.030007 39.64962 5.575702 8.646581 47.26494 16.69455 6.523771 43.7808 14.02492 11.34318 47.20448 14.61515 13.55256 48.4539 -14.61394 12.61937 46.86245 -14.19362 3.782006 43.47943 -12.39894 5.213606 45.6711 -15.51512 7.846355 45.7202 -14.79065 -0.03000497 43.72476 -11.93602 -0.03000497 40.75336 -8.442949 17.46311 48.1856 10.49765 19.10667 51.04706 10.57076 14.21697 47.15406 13.26624 7.170722 81.20383 10.92972 8.313765 82.99051 8.266731 3.842021 77.50696 15.54102 3.412052 79.22821 13.54672 5.447993 86.06892 6.844703 8.308172 86.07656 2.828271 8.306255 87.41915 -0.446526 -0.03000795 81.20893 12.91607 -0.03000897 79.2928 14.06693 4.753703 87.21982 4.469533 3.875171 74.7657 15.74005 17.63399 16.19773 9.876865 10.63139 17.44384 12.40955 4.241239 15.32695 9.877944 -0.02999597 99.93803 28.34253 5.739524 102.4381 25.22316 -0.03000599 102.9072 23.64682 17.5364 102.8312 18.73186 16.48061 104.4476 20.22437 15.60631 102.8683 21.72192 16.20658 107.2407 17.87572 16.93734 105.4656 17.06834 14.48407 105.7006 19.2922 1.851093 94.27997 27.25253 -0.02999597 95.192 27.99689 -0.02999699 94.57088 26.40602 17.08088 105.4787 17.87089 13.51687 99.21158 21.33288 16.25877 100.1012 18.63692 14.79725 99.25284 20.04908 4.004234 96.90433 28.86236 3.534063 99.22339 28.48855 6.496262 100.0943 26.48821 8.115989 103.5078 22.12504 11.5598 95.3633 22.09107 7.292666 96.06813 23.59435 6.274818 94.89342 25.64171 6.235671 94.44966 23.94779 22.21915 109.5671 8.280707 20.92184 109.4288 10.58233 21.28176 107.8759 9.688898 23.14857 108.0444 4.10037 21.59599 107.7384 7.607973 23.41189 120.7108 -1.558553 22.61932 112.453 -1.577962 22.62109 112.5326 -4.69137 23.40243 120.7091 -4.570801 23.50866 103.0995 5.222414 23.74569 105.318 5.637985 23.38554 103.3182 6.911967 22.58876 104.3421 7.802163 21.98734 106.3381 7.809351 19.84421 127.3024 9.915421 16.25672 127.3022 12.34264 20.08507 123.1627 9.98353 23.32025 114.0291 1.395645 20.94528 109.359 0.674918 22.58952 109.0944 1.219108 21.64458 127.3024 5.954337 21.04055 121.245 7.478016 22.49052 120.7131 3.692085 20.73235 111.4266 10.32023 23.06729 103.9021 3.67607 21.27289 113.4022 7.670737 21.16664 113.4279 -12.1556 7.534243 102.6174 21.40647 12.83971 101.4561 20.97001 11.51413 104.3232 20.06024 11.21427 93.30356 20.74921 11.72014 90.23899 17.6644 14.53758 93.3959 18.51933 4.651101 99.76288 23.59111 -0.03000599 96.95044 26.37258 2.282804 94.00566 25.6908 6.074713 104.7418 22.39137 5.812863 102.1983 22.62996 7.176271 93.07048 21.75596 5.910363 93.97908 23.78645 5.604825 92.94646 23.12496 5.283433 92.8591 22.42723 9.348367 94.09011 22.12725 7.785127 91.63494 20.97807 7.82172 90.13623 20.09973 8.101896 88.28508 17.96676 5.455235 91.16788 22.41209 3.011865 89.94926 22.50243 5.363879 90.39723 21.66871 3.019706 90.93631 23.90251 5.893028 93.26353 22.19067 5.671742 92.9524 22.94031 4.196261 87.61171 20.98711 -0.03000599 87.00873 21.78686 -0.03000599 89.71772 22.73229 4.498823 85.76688 18.50975 28.22936 110.5627 -10.95984 22.3008 111.371 -7.677061 27.81293 113.7589 -9.123623 25.97273 115.1149 -5.597752 19.03689 94.59539 0.09599995 15.39291 94.41856 -6.210377 18.6081 99.39064 -4.380459 16.43161 120.5804 14.75377 14.68073 127.3021 14.4843 -0.03000599 112.3337 22.35297 3.078073 115.9684 21.56447 -0.03000599 116.0088 22.11348 -0.03000599 109.5417 23.0077 2.547723 112.2386 21.77758 16.8449 117.2914 14.34739 18.80514 112.9851 10.45992 18.68383 120.7794 10.43128 -0.03000599 127.3015 19.63983 6.816713 119.7185 21.19764 6.61877 127.3016 18.55922 21.07666 106.1738 -8.49886 24.20437 114.5267 -2.665501 8.598196 89.73094 -9.031594 12.64116 88.01712 4.828841 9.542849 86.66591 8.343532 1.806759 88.27858 -10.6868 5.691271 88.57039 -10.10142 5.431574 84.34236 8.481759 -0.03000599 120.0905 21.97974 19.67192 102.6094 -7.573376 22.05885 96.70999 -3.377293 9.833564 120.4464 19.47543 18.49899 122.409 10.22057 20.6871 97.25035 -0.065885 19.67935 94.21783 1.390147 21.38497 99.03347 1.031773 20.05897 93.71808 7.102319 21.96691 99.10406 6.570097 12.34709 87.57622 8.219326 27.86924 106.1849 -11.54437 24.43751 97.93457 -7.002949 26.74192 102.0567 -10.4713 19.51944 120.7313 7.865276 1.839128 109.2496 22.75533 3.729403 108.0172 22.56807 16.94359 112.4838 13.90476 16.47879 90.54124 2.492873 20.95802 103.675 1.173129 20.58417 106.1518 1.197773 20.29072 106.8857 6.014315 21.83985 104.2052 6.024447 20.66578 104.0026 11.51146 19.39175 106.6445 10.98903 18.82323 108.0205 10.80951 19.80197 108.1979 6.426778 19.58318 113.3974 8.165475 19.55249 116.53 6.806087 7.257231 107.5695 27.06175 7.871306 107.8394 30.09797 9.142536 104.6139 30.09797 7.82703 104.7926 35.79744 8.972875 104.7172 33.16064 7.782578 107.8811 33.16064 8.487533 104.5155 27.06174 7.506007 104.3013 24.47161 6.202571 106.8772 24.51804 3.844838 101.0318 37.58879 5.412185 99.33689 35.79744 7.498505 102.0572 35.79744 1.511032 99.92589 37.58879 2.157412 97.78639 35.79744 2.438192 96.69844 33.16064 2.223608 96.52721 30.09797 5.952151 98.31732 30.09797 8.520565 101.6431 27.06175 8.471456 101.6349 33.21095 8.679174 101.5465 30.14828 5.947729 98.45589 33.16064 1.974674 109.641 24.67931 6.644616 107.4895 35.79744 4.423845 108.5617 24.56448 -0.03000599 109.641 24.67931 0.672752 107.144 38.5359 3.202245 108.0487 37.58879 1.27552 108.7043 37.58879 5.880653 93.19705 13.31107 5.704693 104.8407 37.58879 5.421093 102.9872 37.58879 5.574122 98.64197 27.06175 7.288394 101.7258 24.61343 2.789841 105.6439 38.5359 4.844456 106.8183 37.58879 -0.03000599 105.0929 38.92077 2.818888 103.5757 38.5359 0.987352 102.002 38.5359 29.87461 112.3349 -5.137864 24.84705 108.9372 -4.357258 30.66565 109.3009 -6.526401 22.16946 97.08113 -0.631431 24.88528 99.82452 -2.582469 26.85261 100.3873 -4.61133 23.06494 102.6219 -4.526781 25.43442 112.6362 -1.227031 22.78662 109.3879 -0.11963 22.83564 100.8816 -0.635111 22.00155 103.6041 -0.06085097 27.75302 113.2481 -3.089996 28.75242 102.6655 -6.242286 -61.07736 83.50196 -3.417297 -61.53057 81.77783 -2.125402 -62.13871 81.91674 -2.114208 17.92822 99.92578 -11.44499 8.486185 96.66016 -17.73545 13.7363 97.95645 -14.75822 10.2093 95.46527 -14.234 9.280737 90.20001 -18.04642 9.530907 93.04022 -20.0102 9.079369 91.81594 -11.1818 15.21394 91.53907 -15.02352 17.36391 90.97754 -13.15343 3.470036 89.38729 -19.53387 -0.03000396 93.04898 -16.37815 3.748719 92.48141 -21.42775 2.970088 96.33356 -19.55641 6.906912 94.34584 -21.6669 18.68401 92.50782 -10.84342 17.78981 97.65625 -8.745657 18.91495 94.14844 -15.82561 19.25607 95.9336 -12.44759 6.948428 91.52156 -21.80998 6.290584 88.3929 -18.49991 17.92822 96.92084 -15.20862 15.44878 95.08693 -16.4631 -0.03000599 89.71759 -12.85458 -0.03000599 88.27858 -10.71177 -0.03000599 96.33356 -19.56451 11.97367 91.70163 -7.686946 45.30812 80.21448 -12.32256 49.09662 86.347 -12.64861 49.01372 80.53263 -14.66922 48.79321 79.69504 8.716027 54.542 80.27943 9.852626 55.28039 82.56363 8.93937 60.85791 82.49736 7.592791 56.71823 80.46292 8.409462 10.80872 -0.03845977 -13.44629 16.6479 -0.006451785 -11.46757 5.48154 -0.006451785 -11.467 16.42336 16.74445 13.55862 19.11431 15.30502 8.246697 11.6099 16.80849 8.340398 3.335352 12.52778 -1.867164 1.299617 11.68232 6.083845 4.207944 15.30355 8.238202 1.729763 13.03696 12.22051 2.520046 9.480902 -7.759284 1.137403 10.05937 -1.103912 20.14294 12.53283 -1.820658 21.97395 10.06167 -1.076401 20.314 9.481354 -7.746848 8.998212 12.80298 -9.801761 14.04105 12.80314 -9.792797 11.01247 11.17652 -13.83546 6.554092 16.74438 13.55836 16.98045 9.01596 -13.28747 15.69338 11.27832 -12.22033 4.40587 14.08982 17.87474 18.25623 14.08981 17.87402 21.05515 13.03691 12.21942 21.61208 11.68349 6.093337 9.747157 17.25471 15.47472 6.858966 11.27836 -12.22286 5.193467 9.015928 -13.2854 13.15084 17.25471 15.47461 5.367643 106.1193 -23.5099 12.05212 108.9319 -22.98474 17.6535 108.5437 -17.59867 4.278493 107.6214 -25.8822 22.83414 112.4258 -14.64588 23.05235 112.2121 -7.956131 23.67208 115.731 0.400085 21.98475 120.7155 9.756545 21.14649 119.7746 9.813162 20.40231 126.3344 14.68822 15.52799 128.1957 18.38457 19.70652 123.9843 13.6772 26.67414 115.1685 -8.624635 -0.03000599 134.5268 -15.27412 1.622481 134.5268 -15.27412 -0.03000599 126.716 -22.78747 10.04994 125.5631 -22.12188 16.51194 127.674 -18.02287 14.46359 124.2299 -21.35196 12.12272 131.1413 -16.82294 17.19714 132.1759 -13.69565 16.14248 136.736 -9.128558 9.334228 137.5564 -10.89042 13.70995 140.9377 -4.906964 9.902707 144.289 -1.565109 3.238908 141.0484 -7.615842 5.129848 126.4241 -22.61896 2.692228 126.3941 -24.7989 6.192891 129.3053 -19.91494 0.928699 126.3908 -25.3349 -0.03000599 126.3908 -25.3349 -0.03000599 147.1713 1.160452 -0.03000599 141.0484 -7.615842 4.592547 146.579 0.676718 11.05301 118.3908 -28.88154 9.584838 121.184 -28.91481 19.5361 121.7693 -19.93086 17.67411 141.8424 2.659196 11.83776 146.5171 4.683639 13.41163 146.1694 10.06943 21.84174 119.6907 14.67136 18.57601 121.2549 12.96888 20.7244 121.3028 23.15122 78.62741 84.90887 0.352295 75.66759 85.32933 2.180532 75.66759 83.30083 0.776744 75.66759 88.54056 -1.999521 78.20737 87.38855 -1.89044 75.66759 85.24782 -3.401089 71.72998 82.77579 0.940041 71.52753 85.124 2.514033 71.34543 82.74734 0.94062 71.34543 82.87242 -2.09749 71.52753 85.124 -3.741571 71.72998 82.90087 -2.098064 61.2376 82.68918 2.274583 62.01759 81.68033 0.856284 66.57431 85.01266 2.489104 66.20438 88.48241 1.091731 61.2376 87.98503 2.324005 73.553 87.60371 3.504578 75.75499 86.45169 3.576553 73.553 84.31096 2.103009 76.15541 83.97203 5.819288 73.553 84.39247 7.684631 73.553 82.30797 5.698774 70.26171 81.72238 5.754583 69.97224 84.18714 7.981026 69.71184 81.67972 5.755448 65.90985 81.75946 5.748325 65.61629 84.07582 7.956097 65.24769 81.75534 5.74648 61.58031 81.12141 3.600546 61.03885 81.02116 3.606562 65.61629 84.07582 1.857066 65.26366 87.54555 3.338807 76.79071 87.38855 -7.689841 77.19336 84.82736 -7.264597 74.42726 85.24782 -9.200489 70.7594 82.77579 -4.859358 70.56534 85.124 -3.285367 70.37128 82.74806 -4.858788 77.19336 84.90887 -5.447106 74.42726 85.32933 -3.618867 74.42726 83.30083 -5.022655 61.61428 81.79689 -7.749185 61.03167 81.65882 -7.755636 60.62822 82.88695 -9.214707 66.10122 82.76352 -4.870394 65.92393 85.01266 -3.310296 65.69256 82.76332 -4.867682 61.01735 88.65565 -3.417373 65.56932 88.48241 -4.70767 60.68543 87.71981 -9.175215 65.56932 88.48241 -7.927587 65.92393 85.01266 -9.409329 56.69795 74.59619 12.97378 57.56548 72.8002 10.73301 59.24197 72.71321 11.39635 59.85292 77.62973 14.91927 60.56905 79.51313 12.9286 58.9974 79.57939 12.22161 62.14357 78.72129 9.330313 61.98116 73.23587 9.696222 60.91846 72.62622 12.0597 60.54111 81.78859 -13.00051 60.12451 81.71247 -13.01479 59.88892 82.28157 -14.27656 71.72089 86.36331 -12.83951 72.0816 84.13364 -12.46931 70.12297 84.49966 -14.11753 63.6552 84.29496 -9.063925 64.58719 78.07513 11.457 64.37184 76.94937 15.66985 65.74182 75.69322 13.39905 64.53842 73.65987 11.73005 64.55919 74.72339 15.34568 63.68526 73.10398 13.4399 63.08997 74.29541 15.69531 63.43999 78.89311 14.08825 64.85078 75.99084 10.70599 62.96734 77.24847 16.01949 63.33754 87.31562 -13.08359 63.6552 84.29496 -14.37355 59.88892 86.92462 -14.10664 66.93447 82.32347 -12.95043 67.10832 84.39186 -14.45105 67.28218 82.34761 -12.95093 63.45734 82.32151 -12.90049 63.81402 82.33693 -12.89132 71.72089 86.43431 -10.56768 70.12297 87.36623 -10.3362 70.12297 84.57064 -9.258346 63.33754 87.31562 -10.28043 72.0816 84.20462 -10.88706 67.28218 82.34761 -10.37538 67.10832 84.39186 -9.005118 66.93447 82.32347 -10.37489 63.81402 82.33693 -10.4221 63.45734 82.32151 -10.43126 60.56675 81.30197 -10.36306 60.92807 81.4294 -10.37159 70.12297 82.76921 -12.77845 70.12297 82.80469 -10.48044 74.42726 83.26007 -7.662325 70.37128 82.74806 -7.817252 70.56534 85.124 -9.540971 70.7594 82.77579 -7.817822 65.69256 82.76332 -7.704023 66.10122 82.76352 -7.706735 70.12297 87.36623 -12.89737 76.79071 87.47006 -5.080249 65.26366 87.54555 6.558724 60.8579 86.92499 7.428428 74.42726 88.54056 -7.798921 74.42726 88.54056 -4.856971 78.62741 84.82736 -1.465196 66.3357 82.88899 -2.035911 66.57431 85.01266 -3.609927 66.77959 82.88848 -2.032258 75.66759 83.31894 -1.934183 61.01735 83.50196 -3.417288 66.77959 82.7628 0.929011 66.3357 82.76332 0.925357 75.66759 88.54056 0.942429 78.20737 87.47006 0.719152 60.82324 81.02339 5.78003 61.3763 81.11489 5.775836 65.37055 81.8232 3.558435 65.81199 81.82596 3.559664 73.553 87.60371 6.446528 75.75499 86.53321 6.186145 69.79864 81.8105 3.449149 69.97224 84.18714 1.725422 70.16522 81.83893 3.448572 73.553 82.32323 3.641172 76.15541 83.89051 4.001797 61.8363 81.901 -4.78946 56.19504 77.11064 -13.89847 57.12268 75.21632 -10.70576 46.42785 76.19574 5.941109 48.29406 76.14604 8.49013 55.95223 81.64035 -15.37786 55.1787 71.87257 7.277008 58.64706 73.44213 8.381208 59.33279 76.14531 7.332216 58.83699 79.18959 8.052056 50.92422 72.51493 0.684884 49.77118 71.55693 4.247234 53.41026 74.36732 11.22621 53.3476 77.89171 11.72576 56.23214 88.44214 4.742339 55.70159 87.39798 7.453475 52.52732 89.57093 -4.286853 55.39075 90.64255 -3.491762 56.53186 90.08525 -3.491762 55.84479 89.99699 -4.286853 55.84479 89.99699 -2.696671 55.44014 90.03476 -8.587089 56.60127 89.55123 -8.411931 55.95576 89.24052 -9.185753 61.85358 87.60283 -11.55944 56.35861 88.44186 -12.20717 59.88271 88.48323 -11.64095 56.74469 90.09315 -0.2493979 56.74155 90.09305 -6.585416 50.48558 89.32545 -3.417394 49.78648 88.22385 -10.4878 60.59894 89.6315 -6.347161 61.25076 89.44118 -0.400351 60.66134 88.77647 5.000759 55.98575 87.3976 -14.27217 63.02471 88.81233 -6.262071 63.42157 88.81233 -0.46267 66.20438 88.48241 -2.128187 63.0289 87.87548 5.004323 55.9289 89.22859 2.400228 52.552 89.30984 0.781772 55.88223 89.62248 -7.643877 52.66142 88.98239 -9.199675 57.42575 79.64566 11.51463 -16.23988 69.90555 17.89038 -14.43465 71.8029 18.7714 -16.56256 71.33548 17.07183 -15.97959 72.87617 16.74749 -15.13482 69.13259 18.89047 -12.40352 70.37482 19.98383 -11.82054 71.91551 19.65949 -13.66945 69.31183 19.6901 -12.14322 73.34545 18.84094 -14.71365 73.93915 17.04123 -13.24828 74.11841 17.84086 -57.67081 77.23416 -0.591733 -61.34541 81.77779 -4.778294 -61.46073 81.52562 0.846407 -56.54332 75.17697 5.001524 -57.96368 78.44482 5.476689 -41.12037 87.5461 -3.41737 -41.12037 86.56393 0.738458 -41.12038 86.5638 -7.573167 -41.12037 72.88314 -3.417125 -41.12038 73.86528 -7.572955 -41.12037 73.86542 0.738673 -52.64788 89.20436 -7.657808 -52.00237 88.89366 -8.431628 -52.93091 89.5839 -8.597955 -52.65932 89.09157 2.420535 -51.94609 89.04506 1.555357 -52.93914 89.81824 1.724943 -55.94161 89.72686 0.761449 -56.65485 89.49337 1.526626 -55.53587 90.06549 1.709099 -52.58733 89.57093 -2.696679 -51.90027 89.48268 -3.49177 -52.8635 90.31026 -3.49177 -50.55695 88.80886 3.27202 -45.36814 86.43867 1.109515 -45.36814 88.0959 -3.417372 -49.6514 86.34732 5.806232 -45.36814 84.13924 4.411566 -49.39386 82.18138 6.972513 -45.36814 80.21477 5.525172 -21.05388 27.13398 2.239438 -21.53049 27.11742 -7.104232 -20.91086 23.34873 -7.057423 -21.48498 49.06683 4.515401 -21.80028 51.23969 5.292822 -22.66286 51.54832 -0.08036798 -4.359338 42.45618 -11.66708 -1.43463 39.99319 -6.16107 -4.591511 40.90028 -11.39775 -1.473682 23.12571 -7.046138 -0.948934 27.16532 -7.084099 -1.378288 27.13283 2.227763 -21.78317 51.07159 -5.197528 -21.47152 48.92688 -5.26272 -8.79651 77.45576 -16.59366 -8.243932 81.50833 -16.09169 -13.57762 81.6833 -13.91298 -5.47694 84.91803 -14.96862 -13.53539 87.15114 -8.981587 -8.282947 88.21947 -8.837124 -7.267746 86.99542 -12.60507 -8.791334 87.08487 3.104942 -13.86295 86.6328 2.975564 -8.728545 83.95658 8.321912 -14.54381 83.62915 6.704653 -8.763119 79.84896 13.04931 -15.44014 79.50772 10.10936 -8.973338 76.22251 16.37243 -13.37193 65.23233 18.85782 -9.151622 68.1962 20.18119 -9.041776 71.88173 18.64394 -17.14671 71.03963 14.18989 -14.52706 65.16532 18.12277 -17.55602 67.07396 15.01944 -8.380888 79.43576 12.25545 -8.649088 76.19165 15.08895 -8.468915 75.95375 13.92651 -16.32166 75.29399 12.60605 -30.33748 86.93729 -3.324579 -32.44338 87.49652 -3.384873 -31.5343 85.16913 2.09356 -30.00012 85.05731 -8.434403 -32.73573 85.50975 -8.846858 -18.77629 77.68059 5.023354 -22.78195 80.16838 4.536167 -20.72592 73.89915 1.765825 -17.46317 86.25457 -8.546173 -16.62564 86.22544 -8.519423 -17.25079 80.05295 -11.30411 -19.42691 82.39405 4.856268 -17.20051 82.32088 4.86079 -20.71227 73.89899 -8.389965 -23.41104 80.16812 -10.83897 -22.66914 85.4505 -8.587682 -19.98101 85.98073 -8.733425 -19.82105 85.36914 2.508 -22.29412 85.13614 2.089175 -28.44068 85.20512 -8.552245 -25.221 85.74388 -8.827207 -14.23302 74.70626 -13.3852 -17.65089 74.74808 -11.55924 -18.6892 70.1777 9.636415 -17.28512 73.91902 9.759754 -22.3201 68.3455 5.547324 -22.75728 67.39257 -5.756467 -21.77897 68.80786 -2.018906 -21.19876 70.37271 -8.875592 -21.38846 68.80522 -9.927124 -23.36883 67.18054 -1.324606 -20.69012 69.90558 4.18568 -17.42066 74.56909 8.097867 -14.57407 82.73831 6.325901 -16.80198 86.22049 1.867834 -16.98457 87.60277 -3.324615 -13.60933 86.93115 -0.602301 -13.68047 86.20317 -8.716904 -13.89385 85.69944 2.732677 -16.11756 72.91751 10.64406 -15.26602 79.18419 8.621269 -20.17129 70.43483 -11.51948 -13.68598 80.99681 -12.97461 -5.181441 84.2334 -14.01299 -5.269595 90.7923 -11.73222 -6.945086 86.08539 -11.50737 -15.70763 65.33322 -14.51858 -21.51797 63.09999 -8.912698 -21.27526 66.67707 -10.49331 -8.474567 70.18743 -16.43411 -6.540216 65.0955 -17.01245 -23.11658 53.94341 0.115872 -22.12279 53.0933 6.569812 -22.188 55.81783 8.042673 -19.16669 51.04706 10.57076 -16.62746 51.1458 13.7475 -16.11471 55.39032 -15.86496 -14.73803 50.57066 -15.15451 -22.13547 55.96843 -9.079308 -23.29609 56.56128 0.192162 -17.03381 70.34279 -13.77015 -5.341726 65.62139 21.03489 -22.11797 52.6343 -5.478088 -22.33534 53.63316 -5.640518 -10.95768 60.5606 19.91331 -12.78743 64.60799 18.22399 -8.590503 67.66733 19.4875 -5.273616 45.6711 -15.51512 -0.03000396 50.39235 -16.82172 -0.03000396 46.53516 -14.4414 -16.42779 48.70947 -13.02908 -20.6844 51.40285 -9.353458 -18.50293 51.44669 -12.31682 -21.17958 52.70652 -9.374248 -22.50721 60.87787 -8.224928 -22.48215 62.66246 -6.937328 -5.443806 68.27198 20.37403 -4.478406 70.1714 19.24665 -8.592992 71.36772 18.22284 -16.37183 73.37001 11.94187 -19.06087 70.20634 10.596 -16.89619 70.47284 13.02423 -18.82307 65.41368 13.28075 -14.39731 64.61795 17.36957 -17.36821 66.50728 14.15778 -18.5119 68.88702 11.93992 -18.91106 60.52099 14.05194 -4.612546 72.70409 19.19939 -4.178406 75.01123 16.9966 -11.25581 45.29944 -14.00136 -12.67938 46.86245 -14.19362 -8.074277 44.67014 -13.92273 -1.936136 41.18876 10.4714 -11.4032 47.20448 14.61515 -6.583786 43.7808 14.02492 -8.706597 47.26494 16.69455 -13.61257 48.4539 -14.61394 -7.906366 45.7202 -14.79065 -8.678946 43.69614 13.06074 -14.27699 47.15406 13.26624 -4.222276 41.19335 9.975703 -3.842016 43.47943 -12.39894 -4.200066 42.84087 -12.287 -8.373779 82.99051 8.26673 -7.230736 81.20383 10.92972 -3.902036 77.50696 15.54102 -3.472067 79.22821 13.54672 -8.366268 87.41915 -0.446528 -8.368185 86.07656 2.82827 -5.508007 86.06892 6.844702 -4.813716 87.21982 4.469532 -3.935187 74.7657 15.74005 -11.61981 95.3633 22.09106 -14.16449 97.33043 21.40778 -13.57689 99.21158 21.33288 -15.2097 99.67337 21.37934 -12.97816 100.8191 24.02943 -15.66632 102.8683 21.72192 -16.26659 107.2407 17.87572 -15.0791 105.7136 19.96246 -14.54408 105.7006 19.2922 -0.02999699 94.53856 25.39425 -7.352683 96.06813 23.59435 -16.54063 104.4476 20.22437 -6.334835 94.89342 25.64171 -7.017521 97.81793 25.56788 -16.31879 100.1012 18.63692 -17.36274 102.542 17.30366 -16.99735 105.4656 17.06834 -1.91111 94.27997 27.25253 -4.064251 96.90433 28.86236 -5.799541 102.4381 25.22316 -6.556279 100.0943 26.48821 -3.59408 99.22339 28.48855 -6.295687 94.44966 23.94779 -1.571827 93.8362 25.9734 -4.142547 93.57516 24.9104 -8.176006 103.5078 22.12504 -8.803449 103.1902 24.01746 -9.38838 95.72876 24.30752 -9.075197 95.19362 22.90588 -4.442681 94.16252 25.62027 -14.12397 97.76615 22.69937 -11.69811 95.87231 23.49718 -10.44538 99.4486 25.82188 -21.34177 107.8759 9.688895 -20.98186 109.4288 10.58233 -22.27917 109.5671 8.280703 -21.656 107.7384 7.607969 -23.20859 108.0444 4.100367 -22.6811 112.5326 -4.691374 -22.67933 112.453 -1.577966 -23.47191 120.7108 -1.558556 -23.46244 120.7091 -4.570804 -23.44555 103.3182 6.911964 -23.8057 105.318 5.637981 -23.56868 103.0995 5.222411 -22.64878 104.3421 7.802159 -22.04735 106.3381 7.809348 -23.38026 114.0291 1.395641 -22.64953 109.0944 1.219104 -21.00529 109.359 0.674915 -22.55054 120.7131 3.692082 -21.10057 121.245 7.478013 -21.70459 127.3024 5.954334 -20.79237 111.4266 10.32023 -23.1273 103.9021 3.676067 -21.3329 113.4022 7.670734 -21.22665 113.4279 -12.1556 -11.51413 104.3232 20.06024 -12.89972 101.4561 20.97001 -7.534243 102.6174 21.40647 -14.5976 93.3959 18.51932 -11.78015 90.23899 17.6644 -11.27428 93.30356 20.7492 -5.87288 102.1983 22.62996 -6.074713 104.7418 22.39137 -9.408384 94.09011 22.12725 -7.236288 93.07048 21.75596 -9.999998 87.85939 15.28101 -8.951801 87.38864 15.37094 -8.161911 88.28508 17.96676 -5.423895 90.39723 21.66871 -3.071881 89.94926 22.50243 -5.515251 91.16788 22.41209 -3.079723 90.93631 23.90251 -4.256277 87.61171 20.98711 -27.87294 113.7589 -9.123627 -22.36081 111.371 -7.677064 -28.28938 110.5627 -10.95984 -26.03275 115.1149 -5.597756 -18.66811 99.39064 -4.380462 -15.45292 94.41856 -6.21038 -19.0969 94.59539 0.09599697 -14.74074 127.3021 14.48429 -16.49162 120.5804 14.75376 -3.078073 115.9684 21.56447 -2.547723 112.2386 21.77758 -18.74384 120.7794 10.43128 -18.86515 112.9851 10.45992 -16.90491 117.2914 14.34738 -6.678785 127.3016 18.55922 -6.816713 119.7185 21.19764 -21.13667 106.1738 -8.498863 -24.26439 114.5267 -2.665504 -9.602863 86.66591 8.34353 -12.70117 88.01712 4.828839 -8.658208 89.73094 -9.031595 -5.491589 84.34236 8.481758 -5.751283 88.57039 -10.10142 -1.86677 88.27858 -10.6868 -22.11886 96.70999 -3.377296 -19.73193 102.6094 -7.573379 -9.833564 120.4464 19.47543 -18.55901 122.409 10.22057 -20.74711 97.25035 -0.06588798 -20.11898 93.71808 7.102316 -21.44498 99.03347 1.03177 -19.73936 94.21783 1.390144 -22.02693 99.10406 6.570094 -12.4071 87.57622 8.219324 -27.92925 106.1849 -11.54437 -26.80194 102.0567 -10.4713 -24.49752 97.93457 -7.002953 -19.57945 120.7313 7.865273 -1.899144 109.2496 22.75533 -3.729403 108.0172 22.56807 -17.0036 112.4838 13.90476 -16.5388 90.54124 2.49287 -20.35074 106.8857 6.014312 -20.64418 106.1518 1.19777 -21.01803 103.675 1.173126 -21.89986 104.2052 6.024444 -19.45177 106.6445 10.98903 -20.72579 104.0026 11.51146 -18.88324 108.0205 10.80951 -19.86198 108.1979 6.426775 -19.61251 116.53 6.806085 -19.64319 113.3974 8.165472 -60.88326 81.02339 5.780021 -60.91792 82.49736 7.592782 -61.43631 81.11489 5.775836 -62.04117 73.23587 9.696212 -58.70707 73.44213 8.381208 -59.29356 72.71364 11.39301 -60.97847 72.62622 12.05969 -56.75796 74.59619 12.97378 -58.40663 74.4391 13.7293 -60.0553 74.28203 14.48482 -59.05741 79.57939 12.22161 -59.91294 77.62973 14.91927 -58.30051 77.75777 14.14193 -56.6881 77.88582 13.36459 -60.62907 79.51313 12.92859 -58.897 79.18959 8.052056 -62.20359 78.72129 9.330304 -17.59581 86.1744 1.947435 -4.483862 108.5617 24.56448 -6.262588 106.8772 24.51804 -7.566023 104.3013 24.4716 -1.335539 108.7043 37.58879 -3.262264 108.0487 37.58879 -0.732771 107.144 38.5359 -2.849859 105.6439 38.5359 -4.904475 106.8183 37.58879 -5.953044 93.26353 22.19067 -5.940668 93.19705 13.31107 -5.34345 92.8591 22.42723 -2.283625 96.52721 30.09797 -6.012168 98.31732 30.09797 -5.634139 98.64197 27.06175 -2.878906 103.5757 38.5359 -3.904856 101.0318 37.58879 -1.04737 102.002 38.5359 -5.764711 104.8407 37.58879 -5.481112 102.9872 37.58879 -1.57105 99.92589 37.58879 -8.580581 101.6431 27.06175 -7.348411 101.7258 24.61343 -30.72566 109.3009 -6.526406 -24.90706 108.9372 -4.357262 -29.93462 112.3349 -5.137868 -22.22947 97.08113 -0.631434 -23.65201 96.83192 -2.995623 -26.13637 97.88047 -6.286114 -25.28135 114.3377 -1.776857 -23.12495 102.6219 -4.526784 -26.91262 100.3873 -4.611334 -24.9453 99.82452 -2.582472 -22.84663 109.3879 -0.119634 -25.49443 112.6362 -1.227035 -22.89565 100.8816 -0.635115 -22.06156 103.6041 -0.06085395 -27.81303 113.2481 -3.09 -28.81244 102.6655 -6.24229 59.99529 74.28203 14.48482 58.34662 74.4391 13.7293 58.2405 77.75777 14.14193 56.62808 77.88582 13.36459 -3.530046 89.38729 -19.53387 -17.98823 99.92578 -11.44499 -10.26931 95.46527 -14.234 -13.79631 97.95645 -14.75823 -8.546195 96.66016 -17.73546 -19.31608 95.9336 -12.44759 -17.98823 96.92084 -15.20862 -17.84982 97.65625 -8.74566 -9.590917 93.04022 -20.0102 -9.340747 90.20001 -18.04643 -15.50879 95.08693 -16.4631 -18.97496 94.14844 -15.82561 -17.42393 90.97754 -13.15343 -15.27396 91.53907 -15.02353 -9.139381 91.81594 -11.18181 -3.030097 96.33356 -19.55641 -6.966922 94.34584 -21.6669 -6.350594 88.3929 -18.49991 -18.74402 92.50782 -10.84342 -12.03368 91.70163 -7.686948 -3.808728 92.48141 -21.42775 -7.008438 91.52156 -21.80998 -19.60813 105.2878 -12.8737 -49.07373 80.53263 -14.66923 -49.15663 86.347 -12.64862 -45.36814 80.21448 -12.32257 -48.85322 79.69504 8.716019 -54.60201 80.27943 9.852618 -55.3404 82.56363 8.939361 -56.77824 80.46292 8.409454 -5.541551 -0.006451785 -11.467 -16.70791 -0.006451785 -11.46757 -10.86873 -0.03845977 -13.44629 -11.66991 16.80849 8.340396 -19.17432 15.30502 8.246694 -16.48337 16.74445 13.55861 -4.267959 15.30355 8.238201 -1.359631 11.68232 6.083845 -3.395365 12.52778 -1.867164 -1.789778 13.03696 12.22051 -1.197415 10.05937 -1.103912 -2.580058 9.480902 -7.759284 -20.37402 9.481354 -7.746851 -22.03396 10.06167 -1.076404 -20.20296 12.53283 -1.820661 -11.07248 11.17652 -13.83547 -14.10106 12.80314 -9.792798 -9.058223 12.80298 -9.801762 -6.614107 16.74438 13.55836 -15.75339 11.27832 -12.22033 -17.04046 9.01596 -13.28747 -4.465886 14.08982 17.87474 -21.11517 13.03691 12.21942 -18.31625 14.08981 17.87402 -21.67209 11.68349 6.093334 -9.807171 17.25471 15.47471 -5.253478 9.015928 -13.2854 -6.918977 11.27836 -12.22286 -13.21085 17.25471 15.47461 -17.71351 108.5437 -17.59868 -12.11213 108.9319 -22.98475 -5.427653 106.1193 -23.5099 -4.338502 107.6214 -25.8822 -23.11236 112.2121 -7.956134 -22.89415 112.4258 -14.64588 -21.20651 119.7746 9.813159 -22.04477 120.7155 9.756542 -23.73209 115.731 0.400082 -19.76654 123.9843 13.6772 -15.588 128.1957 18.38457 -20.46232 126.3344 14.68822 -26.73415 115.1685 -8.624639 -1.682491 134.5268 -15.27412 -14.5236 124.2299 -21.35197 -16.57195 127.674 -18.02287 -10.10995 125.5631 -22.12188 -17.25715 132.1759 -13.69565 -12.18274 131.1413 -16.82294 -16.20249 136.736 -9.128561 -13.76996 140.9377 -4.906966 -9.394239 137.5564 -10.89042 -9.962719 144.289 -1.565111 -6.252901 129.3053 -19.91494 -0.988708 126.3908 -25.3349 -2.752237 126.3941 -24.7989 -3.29892 141.0484 -7.615843 -4.65256 146.579 0.676718 -13.47165 146.1694 10.06943 -11.89778 146.5171 4.683637 -17.73413 141.8424 2.659194 -18.63603 121.2549 12.96888 -21.90175 119.6907 14.67136 -20.78442 121.3028 23.15122 -75.7276 83.30083 0.776733 -75.7276 85.32933 2.180521 -78.68743 84.90887 0.352283 -75.7276 85.24782 -3.401101 -78.26739 87.38855 -1.890452 -75.7276 88.54056 -1.999532 -71.40544 82.74734 0.940609 -71.58755 85.124 2.514022 -71.79 82.77579 0.94003 -71.79 82.90087 -2.098075 -71.58755 85.124 -3.741581 -71.40544 82.87242 -2.0975 -62.0776 81.68033 0.856284 -61.29761 82.68918 2.274574 -61.29761 87.98503 2.323996 -66.2644 88.48241 1.091721 -66.63433 85.01266 2.489094 -73.61301 84.31096 2.102998 -75.81501 86.45169 3.576542 -73.61301 87.60371 3.504566 -73.61301 82.30797 5.698763 -73.61301 84.39247 7.68462 -76.21543 83.97203 5.819276 -69.77185 81.67972 5.755438 -70.03225 84.18714 7.981016 -70.32172 81.72238 5.754573 -65.3077 81.75534 5.746469 -65.6763 84.07582 7.956087 -65.96986 81.75946 5.748315 -61.09886 81.02116 3.606553 -61.64032 81.12141 3.600546 -65.6763 84.07582 1.857056 -65.32367 87.54555 3.338797 -74.48726 85.24782 -9.2005 -77.25337 84.82736 -7.264608 -76.85073 87.38855 -7.689852 -70.4313 82.74806 -4.858798 -70.62535 85.124 -3.285378 -70.81941 82.77579 -4.859369 -74.48726 83.30083 -5.022667 -74.48726 85.32933 -3.618878 -77.25337 84.90887 -5.447117 -60.68823 82.88695 -9.214716 -61.09169 81.65882 -7.755645 -61.67429 81.79689 -7.749185 -65.75257 82.76332 -4.867692 -65.98394 85.01266 -3.310306 -66.16123 82.76352 -4.870404 -65.62934 88.48241 -4.70768 -61.07736 88.65565 -3.417383 -65.98394 85.01266 -9.409337 -65.62934 88.48241 -7.927597 -60.74545 87.71981 -9.175225 -57.6255 72.8002 10.733 -57.48576 79.64566 11.51462 -59.94893 82.28157 -14.27657 -60.18452 81.71247 -13.0148 -60.60113 81.78859 -13.00051 -70.18297 84.49966 -14.11754 -72.14162 84.13364 -12.46932 -71.78091 86.36331 -12.83952 -63.71521 84.29496 -9.063935 -65.80182 75.69322 13.39904 -64.43185 76.94937 15.66984 -64.6472 78.07513 11.45699 -63.74527 73.10398 13.43989 -64.6192 74.72339 15.34567 -64.59843 73.65987 11.73004 -63.14999 74.29541 15.6953 -63.50001 78.89311 14.08824 -64.9108 75.99084 10.70598 -63.02736 77.24847 16.01948 -59.94893 86.92462 -14.10664 -63.71521 84.29496 -14.37356 -63.39755 87.31562 -13.0836 -67.3422 82.34761 -12.95094 -67.16833 84.39186 -14.45106 -66.99448 82.32347 -12.95044 -63.87403 82.33693 -12.89133 -63.51735 82.32151 -12.9005 -70.18297 84.57064 -9.258357 -70.18297 87.36623 -10.33621 -71.78091 86.43431 -10.56769 -63.39755 87.31562 -10.28044 -72.14162 84.20462 -10.88707 -66.99448 82.32347 -10.3749 -67.16833 84.39186 -9.005128 -67.3422 82.34761 -10.37539 -63.51735 82.32151 -10.43127 -63.87403 82.33693 -10.42211 -60.98808 81.4294 -10.37159 -60.62676 81.30197 -10.36307 -70.18297 82.76921 -12.77846 -70.18297 82.80469 -10.48045 -74.48726 83.26007 -7.662336 -70.81941 82.77579 -7.817832 -70.62535 85.124 -9.540982 -70.4313 82.74806 -7.817262 -66.16123 82.76352 -7.706745 -65.75257 82.76332 -7.704033 -70.18297 87.36623 -12.89738 -76.85073 87.47006 -5.08026 -60.91791 86.92499 7.428419 -65.32367 87.54555 6.558714 -74.48726 88.54056 -7.798933 -74.48726 88.54056 -4.856982 -78.68743 84.82736 -1.465208 -66.8396 82.88848 -2.032268 -66.63433 85.01266 -3.609937 -66.39572 82.88899 -2.035921 -75.7276 83.31894 -1.934195 -66.39572 82.76332 0.925347 -66.8396 82.7628 0.929 -78.26739 87.47006 0.71914 -75.7276 88.54056 0.942418 -65.872 81.82596 3.559654 -65.43056 81.8232 3.558425 -75.81501 86.53321 6.186134 -73.61301 87.60371 6.446517 -70.22523 81.83893 3.448561 -70.03225 84.18714 1.725411 -69.85865 81.8105 3.449138 -76.21543 83.89051 4.001785 -73.61301 82.32323 3.641161 -61.89631 81.901 -4.78946 -56.25505 77.11064 -13.89848 -57.18269 75.21632 -10.70577 -45.36814 76.22533 -11.20896 -46.75774 77.84056 -12.50656 -48.35407 76.14604 8.490121 -46.48787 76.19574 5.941102 -56.01224 81.64035 -15.37787 -55.23871 71.87257 7.276999 -59.3928 76.14531 7.332216 -50.98423 72.51493 0.684876 -49.83119 71.55693 4.247226 -53.40762 77.89171 11.72576 -53.47027 74.36732 11.2262 -56.29216 88.44214 4.74233 -55.7616 87.39798 7.453467 -52.58733 89.57093 -4.286861 -55.9048 89.99699 -4.286861 -56.59187 90.08525 -3.491771 -55.45077 90.64255 -3.49177 -55.9048 89.99699 -2.69668 -56.01578 89.24052 -9.185762 -56.66129 89.55123 -8.41194 -55.50016 90.03476 -8.587098 -61.9136 87.60283 -11.55945 -59.94272 88.48323 -11.64095 -56.41862 88.44186 -12.20718 -50.5456 89.32545 -3.417402 -56.80156 90.09305 -6.585424 -56.8047 90.09315 -0.2494069 -49.84649 88.22385 -10.4878 -60.65895 89.6315 -6.34717 -61.31077 89.44118 -0.40036 -60.72135 88.77647 5.00075 -56.04576 87.3976 -14.27218 -63.08472 88.81233 -6.26208 -63.48159 88.81233 -0.46268 -66.2644 88.48241 -2.128197 -63.08892 87.87548 5.004314 -55.98891 89.22859 2.40022 -52.61201 89.30984 0.781764 -55.94224 89.62248 -7.643885 -52.72143 88.98239 -9.199683 62.0787 81.91674 -2.114208 -28.93639 80.08165 3.938706 -26.8701 80.03252 4.08229 -28.685 84.91626 1.899086 -31.71864 74.55162 1.980008 -32.61951 72.76485 -3.376636 -30.509 73.10295 -3.316584 -45.36814 76.22557 4.411689 -47.5566 74.44155 -10.66728 -49.74507 75.56764 -13.42765 -47.00949 75.9787 -12.04097 45.30812 76.22557 4.411695 8.952804 92.09545 14.54524 7.237244 92.09542 19.82521 7.791704 91.67607 14.55621 6.297894 91.67607 19.1537 2.745833 92.09543 23.08841 2.387034 91.67607 21.9951 -2.805846 92.09543 23.08841 -2.447047 91.67607 21.9951 -7.297256 92.09542 19.82521 -6.357907 91.67607 19.1537 -9.012817 92.09543 14.54524 -7.851717 91.67607 14.55621 7.432183 93.92208 19.96671 9.193764 93.92208 14.54512 2.820294 93.92208 23.31745 -2.880306 93.92208 23.31745 -7.492196 93.92208 19.96671 -9.253777 93.92208 14.54512 41.06036 76.54874 -10.61526 41.06036 76.54898 3.7809 41.06036 80.21448 -11.72887 41.06036 80.21477 4.894384 41.06036 83.8805 3.780777 41.06036 83.88024 -10.61538 54.21982 89.53035 -7.331506 54.13285 90.00041 -8.648404 54.32382 88.99237 -9.512046 54.2739 89.16759 2.729077 54.24318 90.00077 1.73245 54.207 89.71083 0.452923 54.12147 90.59401 -3.496407 54.18606 89.78398 -2.367335 54.18606 89.78398 -4.616188 4.228083 26.76294 -12.54204 10.64844 26.42023 -14.68597 4.459017 21.83207 -12.04601 10.64477 20.96235 -14.08847 10.64185 18.95864 11.55111 10.65226 20.36448 9.189515 11.00735 43.16502 -13.4338 11.1958 45.29944 -14.00136 21.12444 45.81106 4.048678 21.42497 49.06683 4.515404 17.26783 43.71904 8.782174 17.62842 46.22708 9.350778 21.10581 45.4173 -5.643521 21.41151 48.92688 -5.262717 13.51595 87.90686 -0.490652 13.93619 75.16008 -14.39368 13.80293 86.6328 2.975566 14.4838 83.62915 6.704655 32.92485 80.13055 -11.15387 32.81493 74.17151 -8.925163 29.98267 80.13054 -11.59207 30.07775 74.40283 -8.512529 32.5595 72.76485 -3.376631 36.07122 72.48405 -3.270412 31.65862 74.55162 1.980008 35.49788 74.32447 2.245688 35.2853 85.36122 2.383128 35.91351 87.7773 -3.279321 31.37862 80.1308 4.306741 35.06727 80.13083 4.670503 44.92412 84.8479 1.566146 44.92412 80.1308 3.540916 44.92412 74.55146 -8.358775 36.58607 73.94437 -8.978556 44.92412 80.13055 -10.1778 36.83953 80.13055 -11.20926 44.92412 73.23445 -3.318009 44.92412 74.93154 1.52759 44.92412 87.02692 -3.326397 44.92412 85.12982 -8.281064 36.46472 85.73691 -8.900494 17.75824 87.70539 -3.324635 20.24914 87.94596 -3.324772 25.45024 87.78549 -3.32471 22.9803 87.39714 -3.247996 24.55031 85.36737 2.200562 22.2341 85.13614 2.089178 26.81009 80.03252 4.082294 24.90496 74.3255 2.081174 21.53651 71.99908 -3.316323 24.40112 72.48386 -3.316323 28.62499 84.91626 1.899087 28.89785 87.05908 -3.324607 21.37847 65.49295 -5.742913 19.92961 66.63957 -9.983072 22.04093 65.20293 -0.832569 21.81833 70.93178 -2.567207 21.27857 72.18542 -8.380095 21.20027 71.75014 2.921058 18.06454 76.39569 6.923071 17.27623 78.6053 7.08315 7.723703 90.94305 -7.503055 7.979103 87.22574 -8.063316 -0.03000599 90.12851 -12.26574 16.70331 70.14595 -12.88957 -0.03000396 70.15329 -16.38022 16.32551 60.40226 -15.31199 22.80236 66.26173 7.056386 23.88514 64.99817 -0.577214 -0.03000897 47.25593 18.42705 -0.03000998 51.1834 20.88022 10.20171 51.17085 18.70164 16.56744 51.1458 13.74751 23.17692 65.28528 -5.836374 23.31412 62.7518 -0.253284 4.418391 70.1714 19.24665 -0.03000897 69.82654 19.8353 5.38379 68.27198 20.37403 -0.03000998 67.92712 21.13835 -0.03000897 43.8192 15.36461 -0.03000897 72.28081 19.7107 -0.03000897 74.69234 17.5239 -0.03000897 74.43914 16.21924 4.140055 42.84087 -12.287 8.014266 44.67014 -13.92273 -0.03000998 55.56983 22.1787 10.8304 55.52406 19.62042 18.12493 55.55938 14.18631 18.85104 60.52099 14.05194 22.48394 60.88631 7.632626 23.46523 61.07694 -0.003033995 10.69348 43.63208 12.2 8.618932 43.69614 13.06074 21.72316 51.07159 -5.197525 22.60284 51.54832 -0.080365 21.74026 51.23969 5.292825 22.06277 53.0933 6.569816 4.31532 40.78508 8.638643 4.162262 41.19335 9.975704 1.385466 39.4442 3.16059 1.423333 39.62537 5.358552 -0.03000795 86.07138 7.861402 -0.03000599 87.11667 5.295996 5.052429 90.20428 3.788417 -0.03000599 90.08917 4.526029 8.018087 90.83014 -1.058455 -0.03000897 77.35022 16.20771 21.511 12.21068 2.730213 1.100595 11.02713 2.731228 21.51049 9.852022 -7.407318 1.100034 9.804979 -7.40633 6.957504 97.81793 25.56788 4.08253 93.57516 24.9104 4.382664 94.16252 25.62027 1.511811 93.8362 25.9734 10.38536 99.4486 25.82188 12.91815 100.8191 24.02943 8.743432 103.1902 24.01747 11.35222 103.4687 23.27299 10.64577 104.0548 21.19113 14.12897 99.62033 22.86631 15.14968 99.67337 21.37934 16.46609 100.5236 20.04391 11.63809 95.87231 23.49718 14.06395 97.76615 22.69937 14.10447 97.33043 21.40778 13.28249 104.8219 21.1531 15.01909 105.7136 19.96246 13.17913 104.8783 20.19193 22.62159 115.6215 4.527932 21.46777 116.5327 6.413488 22.49949 106.908 2.249615 21.40037 103.7514 8.385843 21.87451 102.2385 7.097183 20.48307 105.8361 8.273131 21.69853 102.878 2.677357 22.15619 101.8477 4.828252 13.13071 97.36725 21.2491 16.493 98.09151 19.14481 16.05865 102.7022 18.75861 15.2789 105.6021 17.64813 15.75538 89.97652 11.94838 16.53167 90.04445 7.446386 19.07578 93.53543 12.04754 -0.03000599 83.67671 8.550017 -0.03000599 83.30565 12.42622 5.47658 84.21392 12.19247 9.52519 86.71135 12.02846 11.62596 87.52043 11.80364 21.17861 98.96632 11.85377 1.875046 92.69568 23.45372 2.014134 92.83425 24.34504 -0.03000599 84.826 19.02896 -0.03000599 90.77735 24.38748 17.95586 106.277 14.65528 16.82575 107.6135 14.12276 5.41193 109.8568 30.09797 2.211029 110.92 30.09797 5.166357 109.8739 33.16064 2.055035 110.908 33.16064 -0.03000599 107.144 38.5359 -0.03000599 108.7043 37.58879 4.403628 109.2014 35.79744 1.752597 110.0942 35.79744 -0.03000599 110.0942 35.79744 -0.03000599 110.908 33.16064 -0.03000599 110.92 30.09797 -0.03000599 110.387 27.06175 2.027366 110.387 27.06175 5.102104 109.3685 27.06175 2.893482 93.01147 12.15258 -0.03000599 92.95038 11.86005 3.203726 93.23191 23.20126 -0.03000599 93.17566 23.54702 -0.03000599 92.66835 23.61417 -0.03000599 96.52721 30.09797 -0.03000599 96.69844 33.16064 -0.03000599 97.78639 35.79744 -0.03000599 99.92589 37.58879 -0.03000599 102.002 38.5359 24.06261 105.7407 -4.725907 21.66401 106.1286 0.06744498 30.27677 106.0409 -6.897005 19.8749 85.27684 2.497202 8.289896 0.07595217 20.63477 3.635864 -0.006450772 17.92308 14.22093 0.07595217 20.6345 18.97712 -0.006450772 17.92235 3.429274 2.217826 -0.576928 20.57477 2.217826 -0.577796 1.897164 -0.006450772 6.399208 21.78349 -0.006450772 6.398203 20.57477 -0.006450772 -0.577796 3.429274 -0.006450772 -0.576928 21.6974 -0.006450772 12.38579 1.362266 -0.006450772 12.38682 2.910505 -0.006451785 -5.770833 19.85937 -0.006451785 -5.771693 5.48154 1.948721 -11.467 10.80872 1.95133 -13.44629 16.6479 1.948721 -11.46757 2.910505 1.950498 -5.770833 19.85937 1.950498 -5.771693 8.748288 14.35778 20.37655 13.83891 14.35778 20.37631 -0.03000599 107.6214 -25.8822 -0.03000599 106.1193 -23.5099 15.97218 133.8531 18.88021 9.85311 136.0594 21.92154 9.524018 131.3601 21.28936 21.109 131.1898 14.51454 27.19533 118.7712 -0.543997 25.3375 122.7521 7.575511 25.99479 126.9634 7.16467 28.29181 122.5458 -1.238699 27.73193 118.3427 -9.729112 24.12465 115.0768 -16.17393 12.66364 110.9418 -25.16187 12.32404 113.3471 -26.65872 11.97445 115.7525 -28.1556 23.7931 117.3618 -17.38489 22.65437 119.5147 -18.62872 27.15534 121.0301 -10.97352 25.85727 123.4401 -12.57891 27.6984 125.6946 -2.557492 26.38002 128.8484 -4.870883 21.52261 122.2854 23.14992 22.68 120.6315 14.61474 25.57408 130.879 5.511757 24.54805 134.2642 2.856531 20.91527 135.8657 12.26707 19.89709 139.6293 9.236956 15.51119 139.7203 17.58318 14.47553 143.6938 14.41874 9.237436 142.5833 20.95323 7.157797 147.0232 18.83572 -0.03000599 109.5105 -28.04587 4.422923 109.5105 -28.04587 16.37346 124.2529 30.51549 17.0108 125.3532 30.64517 9.18681 126.6044 34.89929 9.509598 127.8335 35.14126 -0.02999395 127.2128 36.4979 -0.02999299 128.4948 36.7765 4.469834 111.7115 -29.72996 4.256623 114.2738 -31.09764 -0.03000599 111.7115 -29.72996 -0.03000599 114.2738 -31.09764 -0.03000599 143.3618 22.61778 -0.03000599 147.8404 19.85339 -0.02999097 136.7155 23.60665 -0.02999097 132.1953 22.94807 6.348846 149.2935 14.17664 5.426621 149.1949 7.645115 -0.03000599 150.0235 15.08665 -0.03000599 150.0194 8.567536 5.296937 125.5746 -26.39443 7.633531 123.9287 -28.07322 1.858307 125.5895 -27.45184 2.711394 123.0499 -30.41763 -0.03000599 125.5895 -27.45184 -0.03000599 123.0499 -30.41763 13.83181 123.4214 17.42883 6.558822 124.7416 19.71539 -0.02999198 125.0794 20.3004 71.12266 88.54116 1.130917 71.12266 88.54116 -2.172522 69.58626 87.60428 3.294471 69.58626 87.60428 6.597909 70.17723 88.54116 -7.971922 70.17723 88.54116 -4.668483 66.76062 87.36673 -13.08508 66.76062 87.36673 -10.20921 62.51757 75.9704 8.323843 47.49659 75.89648 -12.31829 49.68506 75.56764 -13.42764 48.08382 72.39881 -8.288495 50.85953 71.48218 -8.670091 48.11617 72.91526 0.897309 46.69772 77.84056 -12.50655 49.03093 73.09355 7.008508 53.8301 72.86626 10.18617 43.82191 80.21479 6.915281 43.8219 75.65771 5.53106 43.82191 72.3217 1.749151 45.30812 73.31558 1.109735 43.82191 71.10054 -3.417088 45.30812 72.33329 -3.417119 43.82191 72.32152 -8.58337 45.30812 73.31543 -7.906898 43.82191 75.65741 -12.36539 45.30812 76.22533 -11.20895 43.82191 80.21445 -13.74976 42.20377 80.21479 6.915281 42.20377 75.65771 5.53106 42.20377 72.3217 1.749151 42.20377 71.10054 -3.417089 42.20377 72.32152 -8.58337 42.20377 75.65741 -12.36539 42.20377 80.21445 -13.74976 47.16953 73.20456 4.059122 42.20377 89.32867 -3.417394 42.20377 88.10773 1.748887 43.82191 89.32867 -3.417394 43.82191 88.10773 1.748887 42.20377 88.10753 -8.583634 43.82191 88.10753 -8.583634 42.20377 84.7715 -12.36554 43.82191 84.7715 -12.36554 42.20377 84.77179 5.530909 43.8219 84.77179 5.530909 45.30812 84.13898 -11.20907 45.30812 86.98424 -7.907112 -41.12038 80.21448 -11.72888 -41.12038 80.21477 4.894378 -41.12038 76.54874 -10.61527 -41.12038 76.54898 3.780894 -41.12038 83.88024 -10.61539 -41.12038 83.8805 3.780771 -54.19286 90.00041 -8.648412 -54.27983 89.53035 -7.331514 -54.38383 88.99237 -9.512055 -54.3032 90.00077 1.732442 -54.33391 89.16759 2.729069 -54.26702 89.71083 0.452915 -54.24607 89.78398 -2.367343 -54.18148 90.59401 -3.496415 -54.24607 89.78398 -4.616196 -1.684854 30.28057 2.826506 -1.684431 30.28057 -6.284382 -20.70453 30.28057 2.842436 -20.70353 30.02856 -6.310237 -17.22903 30.28056 7.903271 -17.37285 26.79117 7.123563 -1.292737 12.56789 -7.30528 -1.296053 13.71708 2.226052 -1.160045 9.804979 -7.40633 -1.160608 11.02713 2.731227 -17.21334 18.7241 7.224832 -21.30607 14.67378 2.221179 -21.5705 9.852022 -7.407321 -21.57101 12.21068 2.73021 -21.40613 12.66155 -7.34241 -17.68844 46.22708 9.350775 -10.7416 42.4423 11.69115 -17.52312 48.1856 10.49765 -10.75349 43.63208 12.2 -1.445479 39.4442 3.16059 -1.430694 38.89656 3.130249 -1.420935 39.36198 -6.180711 -4.736156 39.56962 -11.48524 -11.06736 43.16502 -13.4338 -10.73724 40.91688 -13.33747 -1.280713 33.36149 2.822165 -1.283988 33.04975 -6.37712 -4.406939 32.87962 -11.44848 -10.70945 32.81123 -13.39477 -21.16583 45.4173 -5.643525 -21.16489 33.04807 -6.412359 -21.18446 45.81106 4.048675 -21.1717 33.35983 2.843805 -17.52828 33.52726 7.754175 -10.71256 33.59451 9.679057 -17.32785 43.71904 8.782171 -10.73906 41.11148 10.28665 -10.71293 30.28057 9.844517 -4.665014 29.73078 -11.29468 -10.71054 29.15723 -12.885 -13.57597 87.90686 -0.490654 -8.856087 88.4243 -0.634171 -13.9962 75.16008 -14.39368 -30.13776 74.40283 -8.512534 -32.87494 74.17151 -8.925168 -30.04268 80.13054 -11.59208 -32.98487 80.13055 -11.15387 -35.55789 74.32447 2.245682 -36.13124 72.48405 -3.270417 -35.34531 85.36122 2.383123 -35.97352 87.7773 -3.279327 -35.12728 80.13083 4.670498 -31.43864 80.1308 4.306741 -44.98413 84.8479 1.566139 -44.98413 80.1308 3.54091 -44.98413 80.13055 -10.1778 -36.89954 80.13055 -11.20927 -44.98413 74.55146 -8.358781 -36.64608 73.94437 -8.978562 -44.98413 73.23445 -3.318015 -44.98413 74.93154 1.527583 -44.98413 87.02692 -3.326404 -36.52473 85.73691 -8.9005 -44.98413 85.12982 -8.28107 -20.30915 87.94596 -3.324775 -23.04031 87.39714 -3.247999 -17.81826 87.70539 -3.324635 -24.61032 85.36737 2.200558 -25.51025 87.78549 -3.324714 -29.32457 74.66856 1.78457 -24.96497 74.3255 2.08117 -25.34329 74.05482 -8.905471 -24.46113 72.48386 -3.316326 -26.87859 80.03227 -11.41448 -21.87835 70.93178 -2.56721 -21.33858 72.18542 -8.380099 -21.26028 71.75014 2.921055 -18.12455 76.39569 6.923068 -17.33625 78.6053 7.083148 -8.039115 87.22574 -8.063317 -7.783715 90.94305 -7.503056 -16.76332 70.14595 -12.88958 -19.98962 66.63957 -9.983075 -7.170226 60.02692 -18.04872 -16.38552 60.40226 -15.31199 -22.30274 64.00067 7.552942 -23.37413 62.7518 -0.253288 -22.54396 60.88631 7.632622 -23.52524 61.07694 -0.003037989 -22.86238 66.26173 7.056382 -21.10536 66.43495 6.43435 -23.94516 64.99817 -0.577218 -22.10094 65.20293 -0.832572 -10.26173 51.17085 18.70164 -7.155016 54.94713 -18.38207 -6.657446 50.51688 -17.6361 -23.23694 65.28528 -5.836378 -21.43848 65.49295 -5.742917 -17.8914 48.53806 -11.14533 -0.03000599 39.6362 -4.365668 -0.03000599 39.15422 0.335882 -10.89042 55.52406 19.62042 -18.18495 55.55938 14.1863 -1.483346 39.62537 5.358552 -5.112442 90.20428 3.788416 -8.0781 90.83014 -1.058456 -11.41224 103.4687 23.27299 -10.70579 104.0548 21.19113 -14.18899 99.62033 22.86631 -13.23915 104.8783 20.19192 -13.34251 104.8219 21.1531 -17.59641 102.8312 18.73186 -16.5261 100.5236 20.0439 -17.1409 105.4787 17.87088 -21.52778 116.5327 6.413485 -22.6816 115.6215 4.527928 -22.5595 106.908 2.249612 -21.46039 103.7514 8.38584 -21.93453 102.2385 7.097179 -20.54309 105.8361 8.273128 -22.21621 101.8477 4.828249 -21.75854 102.878 2.677354 -20.14508 123.1627 9.983528 -19.90422 127.3024 9.915419 -4.711117 99.76288 23.59111 -15.2789 105.6021 17.64813 -18.01588 106.277 14.65528 -16.11867 102.7022 18.75861 -18.98048 103.494 15.0908 -0.03000599 94.01448 25.79385 -2.34282 94.00566 25.6908 -0.03000599 92.8076 24.67521 -2.074151 92.83425 24.34504 -19.13579 93.53543 12.04754 -15.8154 89.97652 11.94838 -16.59168 90.04445 7.446384 -5.536594 84.21392 12.19246 -9.585205 86.71135 12.02845 -11.68597 87.52043 11.80364 -17.29184 93.293 15.21948 -14.1718 89.97916 15.48247 -5.970379 93.97908 23.78645 -5.664842 92.94646 23.12496 -4.558838 85.76688 18.50975 -16.88577 107.6135 14.12276 -16.31674 127.3022 12.34263 -21.23862 98.96632 11.85376 -7.842597 107.8811 33.16064 -5.226375 109.8739 33.16064 -7.931324 107.8394 30.09797 -5.471948 109.8568 30.09797 -2.115052 110.908 33.16064 -2.271047 110.92 30.09797 -9.032893 104.7172 33.16064 -9.202553 104.6139 30.09797 -7.887048 104.7926 35.79744 -6.704634 107.4895 35.79744 -4.463646 109.2014 35.79744 -1.812615 110.0942 35.79744 -2.03469 109.641 24.67931 -8.54755 104.5155 27.06174 -7.317248 107.5695 27.06174 -5.162121 109.3685 27.06175 -2.087383 110.387 27.06175 -3.263742 93.23191 23.20126 -2.953497 93.01147 12.15258 -1.935063 92.69568 23.45372 -2.49821 96.69844 33.16064 -6.007747 98.45589 33.16064 -8.531474 101.6349 33.21095 -8.739192 101.5465 30.14827 -2.21743 97.78639 35.79744 -5.472203 99.33689 35.79744 -7.558523 102.0572 35.79744 -31.07663 110.0586 -9.287336 -30.25574 113.5896 -7.491802 -30.74433 105.9838 -9.890838 -29.30634 101.9889 -8.983019 -27.47403 115.1443 -4.057087 -21.72402 106.1286 0.06744199 -24.12262 105.7407 -4.725911 -30.33678 106.0409 -6.89701 -8.75266 101.9851 -20.86592 -0.03000599 101.4289 -22.76444 -14.28782 103.3062 -17.28679 -14.28094 0.07595217 20.6345 -19.03713 -0.006450772 17.92234 -8.349912 0.07595217 20.63477 -3.69588 -0.006450772 17.92308 -1.957178 -0.006450772 6.399208 -21.84351 -0.006450772 6.3982 -3.489286 2.217826 -0.576928 -20.63478 2.217826 -0.577799 -20.63478 -0.006450772 -0.577799 -3.489286 -0.006450772 -0.576928 -21.75742 -0.006450772 12.38579 -1.42228 -0.006450772 12.38682 -2.970517 -0.006451785 -5.770833 -19.91938 -0.006451785 -5.771696 -5.541551 1.948721 -11.467 -10.86873 1.95133 -13.44629 -16.70791 1.948721 -11.46757 -2.970517 1.950498 -5.770833 -19.91938 1.950498 -5.771696 -8.808303 14.35778 20.37654 -13.89892 14.35778 20.37631 -9.584033 131.3601 21.28936 -16.03219 133.8531 18.88021 -9.913125 136.0594 21.92154 -21.16902 131.1898 14.51454 -25.39751 122.7521 7.575507 -27.25535 118.7712 -0.544001 -26.05481 126.9634 7.164667 -28.35182 122.5458 -1.238703 -27.79194 118.3427 -9.729115 -24.18467 115.0768 -16.17394 -12.72364 110.9418 -25.16187 -23.85312 117.3618 -17.3849 -22.71438 119.5147 -18.62872 -12.38405 113.3471 -26.65873 -12.03445 115.7525 -28.1556 -27.21535 121.0301 -10.97352 -25.91728 123.4401 -12.57891 -27.75841 125.6946 -2.557496 -26.44003 128.8484 -4.870887 -21.58263 122.2854 23.14992 -22.74001 120.6315 14.61474 -25.63409 130.879 5.511753 -24.60807 134.2642 2.856528 -20.97529 135.8657 12.26707 -19.9571 139.6293 9.236953 -15.5712 139.7203 17.58318 -14.53555 143.6938 14.41874 -9.297451 142.5833 20.95323 -7.217813 147.0232 18.83572 -4.482932 109.5105 -28.04587 -17.07082 125.3532 30.64517 -16.43348 124.2529 30.51549 -9.569617 127.8335 35.14126 -9.246829 126.6044 34.89929 -4.529842 111.7115 -29.72996 -4.316631 114.2738 -31.09764 -6.408861 149.2935 14.17664 -5.486635 149.1949 7.645114 -21.26952 136.9183 -2.519027 -22.845 131.3542 -8.940647 -22.36035 125.8604 -15.11594 -5.189857 126.4241 -22.61896 -1.918316 125.5895 -27.45184 -2.771402 123.0499 -30.41763 -5.356946 125.5746 -26.39443 -7.69354 123.9287 -28.07323 -19.59611 121.7693 -19.93086 -6.618838 124.7416 19.71538 -13.89182 123.4214 17.42883 -71.18267 88.54116 1.130907 -71.18267 88.54116 -2.172533 -69.64627 87.60428 3.29446 -69.64627 87.60428 6.597898 -70.23725 88.54116 -7.971933 -70.23725 88.54116 -4.668494 -66.82064 87.36673 -13.08509 -66.82064 87.36673 -10.20922 -62.57758 75.9704 8.323834 -53.89011 72.86626 10.18616 -49.09094 73.09355 7.0085 -43.88192 80.21479 6.915274 -43.88191 75.65771 5.531054 -45.36814 73.31558 1.109729 -43.88192 72.3217 1.749145 -45.36814 72.33329 -3.417126 -43.88192 71.10054 -3.417095 -45.36814 73.31543 -7.906905 -43.88192 72.32152 -8.583376 -43.88192 75.65741 -12.3654 -43.88192 80.21445 -13.74977 -42.26379 80.21479 6.915275 -42.26379 75.65771 5.531054 -42.26379 72.3217 1.749145 -42.26379 71.10054 -3.417096 -42.26379 72.32152 -8.583376 -42.26379 75.65741 -12.3654 -42.26378 80.21445 -13.74977 -50.91954 71.48218 -8.670099 -47.22954 73.20456 4.059114 -43.88192 89.32867 -3.417401 -43.88192 88.10773 1.74888 -42.26379 89.32867 -3.4174 -42.26379 88.10773 1.748881 -43.88192 88.10753 -8.583641 -42.26379 88.10753 -8.583641 -43.88192 84.7715 -12.36555 -42.26379 84.7715 -12.36555 -43.88191 84.77179 5.530902 -42.26379 84.77179 5.530903 -45.36814 84.13898 -11.20908 -45.36814 86.98424 -7.907119 -47.59966 72.43625 2.678477 -48.17619 72.91526 0.897302 -48.14384 72.39881 -8.288502 47.53965 72.43625 2.678484 -5.887045 117.9727 20.13166 -4.191597 115.5995 20.37193 -3.682677 112.1881 20.37949 -4.525227 108.0267 20.33246 -5.995267 105.7374 19.52767 -7.911907 105.1169 19.24778 7.91191 105.1169 19.24778 5.99527 105.7374 19.52767 4.52523 108.0267 20.33246 3.68268 112.1881 20.37949 4.1916 115.5995 20.37193 5.88705 117.9727 20.13166 11.80592 68.42407 19.90855 10.33066 70.50157 19.88413 10.12297 72.87186 18.97221 11.26218 74.62957 17.52112 13.31314 75.10329 16.08512 15.49246 74.11211 15.21271 16.96772 72.03461 15.23713 17.17541 69.66434 16.14905 16.0362 67.90663 17.60015 13.98524 67.43289 19.03615 10.56854 74.1234 16.36346 12.61951 74.59714 14.92746 14.79883 73.60596 14.05505 16.27409 71.52846 14.07947 16.48178 69.15818 14.9914 15.34257 67.40047 16.44249 13.29161 66.92673 17.87849 11.11229 67.91791 18.7509 9.637031 69.99541 18.72647 9.429341 72.36569 17.81456 10.65053 29.15723 -12.885 4.605003 29.73078 -11.29468 1.624419 30.28057 -6.284382 1.624841 30.28057 2.826506 4.473763 26.79104 7.09033 4.606091 30.28056 7.852769 10.64983 26.70062 9.080992 10.65291 30.28057 9.844519 17.31284 26.79117 7.123566 17.16902 30.28056 7.903274 20.64452 30.28057 2.842439 20.64352 30.02856 -6.310234 10.64802 14.2758 -14.24338 4.344054 13.3798 -12.13089 1.232726 12.56789 -7.30528 21.34612 12.66155 -7.342406 17.44619 13.4715 -12.15729 17.30868 21.83196 -12.04767 17.58351 26.69936 -12.54465 17.16681 29.66521 -11.29735 10.64944 32.81123 -13.39477 17.4585 32.87943 -11.45202 10.67723 40.91688 -13.33747 17.24148 43.18546 -11.1265 17.6024 46.30828 -11.03144 17.83139 48.53806 -11.14533 21.10488 33.04807 -6.412356 4.346928 32.87962 -11.44848 4.676146 39.56962 -11.48524 1.223976 33.04975 -6.37712 1.360923 39.36198 -6.180711 1.2207 33.36149 2.822165 1.37068 38.89656 3.130249 4.34341 33.52744 7.687219 10.65255 33.59451 9.679059 17.46827 33.52726 7.754178 21.11169 33.35983 2.843808 8.796074 88.4243 -0.63417 8.731321 87.08487 3.104944 8.668531 83.95658 8.321913 8.703104 79.84896 13.04932 8.913321 76.22251 16.37243 12.72741 64.60799 18.22399 8.530488 67.66733 19.4875 30.44899 73.10295 -3.316584 29.26456 74.66856 1.78457 28.87638 80.08165 3.938707 3.888243 90.21714 -11.0393 6.923697 97.57841 -7.408356 6.808606 90.30178 -7.272547 4.321786 97.57841 -11.27505 -0.03000599 97.57841 -12.5296 -3.948255 90.21714 -11.03931 -4.381797 97.57841 -11.27505 -6.868618 90.30178 -7.272548 -6.983709 97.57841 -7.408357 -6.896297 90.21646 -1.100694 -6.98349 97.57841 -1.069415 -4.927341 89.80957 2.708395 -5.140064 97.57841 2.820627 -0.03000599 89.72887 3.709769 -0.03000599 97.57841 3.836094 4.867328 89.80957 2.708395 5.080051 97.57841 2.820628 6.836285 90.21646 -1.100693 6.923477 97.57841 -1.069414 -0.03000396 65.02589 -16.62178 6.480206 65.0955 -17.01245 7.110216 60.02692 -18.04872 7.095006 54.94713 -18.38206 6.597436 50.51688 -17.6361 -0.03000396 59.91899 -17.75781 -0.03000396 54.81792 -17.55582 9.328363 95.72876 24.30752 9.01518 95.19362 22.90588 17.30272 102.542 17.30366 18.76795 111.511 10.7207 18.64341 109.074 11.07619 19.49994 107.1762 9.995277 20.14074 106.8537 7.452388 3.12281 92.78676 23.93336 -0.03000599 92.63578 24.37649 -3.182827 92.78676 23.93336 -5.731759 92.9524 22.94031 -7.845143 91.63494 20.97807 -7.881735 90.13623 20.09973 -5.061001 84.5923 15.58409 18.92047 103.494 15.0908 19.35238 98.57718 15.47538 17.23182 93.293 15.21949 14.11178 89.97916 15.48247 9.939983 87.85939 15.28101 8.891786 87.38864 15.37094 5.000986 84.5923 15.58409 -0.03000599 83.82658 15.85221 -13.19073 97.36725 21.2491 -16.55302 98.09151 19.14481 -19.41239 98.57718 15.47538 25.22134 114.3377 -1.776854 27.41402 115.1443 -4.057083 23.592 96.83192 -2.995619 26.07636 97.88047 -6.28611 29.24633 101.9889 -8.983015 30.68432 105.9838 -9.890833 31.01662 110.0586 -9.287331 30.19573 113.5896 -7.491797 19.54812 105.2878 -12.8737 14.22781 103.3062 -17.28679 8.69265 101.9851 -20.86591 16.50923 113.4188 -18.7518 9.026819 113.4169 -23.17522 -0.03000599 113.4168 -24.94763 -9.086828 113.4169 -23.17522 -16.56924 113.4188 -18.7518 1.897164 1.977514 6.399209 1.362266 1.988246 12.38682 3.635864 1.990286 17.92308 8.289896 2.107424 20.63477 14.22093 2.107424 20.6345 18.97712 1.990286 17.92235 21.6974 1.988246 12.38579 21.78349 1.977514 6.398204 1.475907 6.72196 -7.574458 1.166366 4.280737 -0.533024 0.520665 6.972147 -0.718374 1.501994 3.726257 -6.832808 4.425901 6.399016 -13.72723 4.451283 3.806272 -13.32116 10.7973 6.355201 -15.963 10.78862 3.617357 -15.44845 17.60884 6.399024 -13.72843 17.57036 3.806272 -13.32185 21.22036 6.722019 -7.572835 21.18088 3.959667 -6.833674 22.84115 6.972506 -0.712379 22.82615 4.514252 -0.533659 23.05534 8.153982 6.876363 23.11262 4.494209 6.858626 22.72815 9.038873 14.17349 22.93571 4.592453 13.98075 19.7877 9.706971 20.23891 20.04732 4.847376 20.12444 14.52897 10.03221 22.64868 14.65398 5.220026 22.72392 7.929203 10.03221 22.64898 7.781456 5.220026 22.72424 2.750312 9.706974 20.23975 2.474934 4.847376 20.1253 -0.09827196 8.958916 13.47393 -0.308599 4.564193 13.2911 -0.01094698 8.153864 6.875348 0.2436479 4.494209 6.859679 10.83392 8.943902 -15.30181 17.15242 13.59006 -3.383693 14.54555 15.84678 3.618005 8.909901 15.84595 3.613401 6.613285 13.58766 -3.407451 3.931434 117.078 -31.89825 22.30034 125.8604 -15.11594 22.78499 131.3542 -8.940643 21.20951 136.9183 -2.519023 -11.11302 118.3908 -28.88154 -3.991442 117.078 -31.89825 -0.03000599 117.078 -31.89825 3.407603 120.0581 -31.76081 -0.03000599 120.0581 -31.7608 -3.467611 120.0581 -31.76081 -9.644846 121.184 -28.91481 -11.86593 68.42407 19.90855 -14.04526 67.43289 19.03615 -16.09622 67.90663 17.60015 -17.23542 69.66434 16.14905 -17.02773 72.03461 15.23713 -15.55248 74.11211 15.21271 -13.37316 75.10329 16.08511 -11.32219 74.62957 17.52111 -10.18299 72.87186 18.97221 -10.39068 70.50157 19.88413 -12.67952 74.59714 14.92745 -10.62856 74.1234 16.36346 -14.85885 73.60596 14.05505 -16.3341 71.52846 14.07947 -16.54179 69.15818 14.99139 -15.40259 67.40047 16.44249 -13.35163 66.92673 17.87849 -11.1723 67.91791 18.75089 -9.697047 69.99541 18.72647 -9.489356 72.36569 17.81455 -4.288094 26.76294 -12.54204 -10.70845 26.42023 -14.68597 -4.519028 21.83207 -12.04601 -10.70478 20.96235 -14.08848 -4.404065 13.3798 -12.13089 -10.70803 14.2758 -14.24338 -4.300218 10.07363 -12.66224 -10.69003 10.60883 -14.8005 -17.69286 10.31142 -12.66287 -17.5062 13.4715 -12.1573 -17.36869 21.83196 -12.04767 -17.64352 26.69936 -12.54465 -17.22682 29.66521 -11.29735 -17.51851 32.87943 -11.45203 -17.30149 43.18546 -11.12651 -17.66241 46.30828 -11.03145 -10.70984 26.70062 9.08099 -10.71227 20.36448 9.189513 -17.45372 17.6874 9.226291 -10.70187 18.95864 11.55111 -17.69401 16.19773 9.876862 -10.6914 17.44384 12.40955 -4.301253 15.32695 9.877943 -4.437179 16.73245 9.251554 -4.573033 17.72701 7.274159 -4.533777 26.79104 7.09033 -4.666104 30.28056 7.852769 -4.403424 33.52744 7.687218 -4.632929 39.56226 8.239395 -4.375334 40.78508 8.638642 -28.95787 87.05908 -3.324611 -21.59652 71.99908 -3.316326 -14.85727 99.25284 20.04907 -18.82797 111.511 10.7207 -18.70343 109.074 11.07619 -19.55996 107.1762 9.995274 -20.20075 106.8537 7.452385 -1.957178 1.977514 6.399208 -1.42228 1.988246 12.38682 -3.69588 1.990286 17.92308 -8.349912 2.107424 20.63477 -14.28094 2.107424 20.6345 -19.03713 1.990286 17.92234 -21.75742 1.988246 12.38579 -21.84351 1.977514 6.398201 -1.562006 3.726257 -6.832808 -0.580678 6.972147 -0.718374 -1.226378 4.280737 -0.533024 -1.535919 6.72196 -7.574458 -4.511294 3.806272 -13.32116 -4.485912 6.399016 -13.72724 -10.84863 3.617357 -15.44845 -10.85731 6.355201 -15.963 -17.63037 3.806272 -13.32186 -17.66885 6.399024 -13.72844 -21.24089 3.959667 -6.833678 -21.28037 6.722019 -7.572838 -22.88616 4.514252 -0.533662 -22.90117 6.972506 -0.712383 -23.17263 4.494209 6.858623 -23.11535 8.153982 6.87636 -22.99573 4.592453 13.98075 -22.78816 9.038873 14.17349 -20.10733 4.847376 20.12444 -19.84772 9.706971 20.23891 -14.71399 5.220026 22.72392 -14.58898 10.03221 22.64868 -7.841472 5.220026 22.72424 -7.989219 10.03221 22.64898 -2.53495 4.847376 20.1253 -2.810328 9.706974 20.23975 0.248584 4.564193 13.2911 0.038257 8.958916 13.47393 -0.303661 4.494209 6.859679 -0.04906696 8.153864 6.875348 -10.89393 8.943902 -15.30182 -6.673297 13.58766 -3.407452 -8.969915 15.84595 3.6134 -14.60556 15.84678 3.618002 -17.21244 13.59006 -3.383696 10.68156 108.1176 18.86533 10.8949 116.0766 18.51918 6.061137 107.8805 20.46237 5.829427 115.8455 20.51347 8.337457 112.1011 20.0703 8.331097 116.1369 19.7514 5.817196 112.0872 20.68231 10.99229 112.1186 18.78768 8.139427 107.8782 19.85188 -10.68155 108.1176 18.86533 -10.89489 116.0766 18.51918 -6.06113 107.8805 20.46237 -5.82942 115.8455 20.51347 -5.81719 112.0872 20.68231 -8.33745 112.1011 20.0703 -8.33109 116.1369 19.7514 -10.99228 112.1186 18.78768 -8.139422 107.8782 19.85188 14.95137 119.0763 16.33076 14.3425 122.9148 16.34865 14.02873 121.8535 17.8698 13.33098 120.7273 17.7536 4.215149 117.9009 21.57687 5.370089 119.2632 21.47307 4.948719 119.7433 21.94526 4.540239 120.0985 21.52262 12.25529 123.3016 19.03856 11.57643 121.4663 18.49633 12.44378 125.3167 16.74447 9.874111 123.689 20.26284 9.54581 121.5266 19.33489 9.997401 125.9937 17.83105 7.74584 123.0081 21.21847 7.86212 121.0255 20.3708 7.39703 124.864 19.20892 6.17776 121.6967 21.71496 6.427609 120.2084 21.14832 5.57409 122.782 20.57431 14.87248 115.3629 16.66498 15.39115 118.3575 16.34865 14.63686 117.7592 17.8698 13.89962 117.4009 17.7536 5.72661 121.717 21.57687 7.064069 121.8546 21.47307 7.012229 122.475 21.94526 7.055399 123.1723 21.52262 13.6747 120.0248 19.03856 12.6596 119.2645 18.49634 14.79117 121.0718 16.74447 12.06664 121.8068 20.26284 11.28786 120.564 19.33489 13.04969 123.4353 17.83105 10.16144 122.557 21.21847 9.74545 121.3811 20.3708 10.65584 124.1464 19.20892 8.38701 122.7181 21.71497 8.31619 121.7509 21.14832 8.52722 123.8815 20.57431 -14.02869 121.8535 17.86979 -14.34246 122.9148 16.34864 -14.95133 119.0763 16.33076 -13.33094 120.7273 17.7536 -4.948678 119.7434 21.94525 -5.370048 119.2632 21.47306 -4.215108 117.9009 21.57687 -4.540198 120.0985 21.52261 -11.57639 121.4664 18.49632 -12.25525 123.3016 19.03855 -12.44374 125.3167 16.74446 -9.545768 121.5267 19.33488 -9.874068 123.689 20.26283 -9.997358 125.9938 17.83103 -7.862078 121.0255 20.3708 -7.745798 123.0081 21.21846 -7.396987 124.8641 19.20891 -6.427568 120.2084 21.14831 -6.177718 121.6968 21.71495 -5.574048 122.782 20.5743 -14.63683 117.7592 17.86981 -15.39112 118.3576 16.34866 -14.87245 115.3629 16.66499 -13.89959 117.4009 17.75361 -7.0122 122.4751 21.94526 -7.064041 121.8546 21.47307 -5.726581 121.717 21.57687 -7.05537 123.1724 21.52261 -12.65957 119.2645 18.49635 -13.67467 120.0249 19.03856 -14.79114 121.0718 16.74448 -11.28783 120.564 19.3349 -12.06661 121.8068 20.26284 -13.04966 123.4354 17.83105 -9.745422 121.3811 20.3708 -10.16141 122.5571 21.21847 -10.65581 124.1465 19.20892 -8.316162 121.751 21.14832 -8.386981 122.7182 21.71497 -8.527192 123.8816 20.57431</float_array>
          <technique_common>
            <accessor source="#mario-mesh-positions-array" count="2521" stride="3">
              <param name="X" type="float"/>
              <param name="Y" type="float"/>
              <param name="Z" type="float"/>
            </accessor>
          </technique_common>
        </source>
        <source id="mario-mesh-normals">
          <float_array id="mario-mesh-normals-array" count="7614">-0.5402932 0.1905274 0.8196235 -0.6708808 0.09685349 0.7352132 -0.5542839 0.1231796 0.8231623 -0.004714369 0.2752699 0.9613555 -0.01212 0.1647028 0.9862688 0.2398301 0.1567226 0.9580813 0.554264 0.1231842 0.823175 0.6708738 0.096834 0.7352222 0.5403158 0.1905202 0.8196104 -0.239829 0.1567189 0.9580821 0.01227813 0.1647053 0.9862664 0.004722654 0.2752804 0.9613524 0.2288023 0.04031747 0.9726377 -0.01968824 0.05215668 0.9984449 -0.5655604 0.05484098 0.8228816 -0.6844965 0.03740876 0.7280558 -0.3456172 0.1550415 0.9254787 -0.3516155 0.06645804 0.9337826 -0.3368981 0.242354 0.9098155 0.01964968 0.05214971 0.998446 -0.2288002 0.04028862 0.9726394 0.5656136 0.05516976 0.8228229 0.6844816 0.03740203 0.7280701 0.3456254 0.154996 0.9254834 0.3516156 0.06642121 0.9337852 0.3368867 0.242347 0.9098215 -0.410343 -0.2078167 0.8879363 -0.3714571 -0.257546 0.8920145 -0.4516338 -0.01294577 0.8921095 -0.5609099 -0.02616071 0.8274635 -0.4413533 -0.03002464 0.8968311 -0.4258677 0.2166821 0.8784565 -0.4181147 -0.0900622 0.9039188 -0.1178018 0.6454509 0.7546628 -0.3825531 0.3397099 0.859215 -0.2016652 0.7110679 0.6735827 -0.4577097 0.09740883 0.8837497 -0.4430376 0.09813284 0.891116 -0.8416162 0.3518865 0.4097049 0.0282644 -0.2073286 0.977863 -0.4629558 0.1403712 0.8751959 -0.382761 -0.2470624 0.8901991 -0.5214658 -0.5501183 0.6522602 -0.4473054 -0.4424052 0.7773001 -0.6672133 -0.3597139 0.6522519 -0.5612016 0.02608984 0.8272679 0.2016667 0.7110655 0.6735848 0.4245581 0.2164087 0.8791575 0.3825214 0.3396984 0.8592336 0.451632 -0.01294547 0.8921105 0.3714569 -0.2575493 0.8920135 0.4103581 -0.2077775 0.8879385 0.4413147 -0.03005123 0.8968491 0.560928 -0.0261572 0.8274514 0.4181177 -0.09004932 0.9039186 0.1178013 0.6454532 0.754661 0.8416109 0.351896 0.4097079 0.4430472 0.09814989 0.8911094 0.4576857 0.09740555 0.8837625 0.4629475 0.1403542 0.8752031 -0.02830022 -0.2073268 0.9778623 0.5214651 -0.5501183 0.6522608 0.3827607 -0.2470675 0.8901978 0.4472785 -0.4423888 0.777325 0.6672167 -0.3597107 0.6522501 0.5612106 0.02609705 0.8272615 0.6316452 -0.03606343 0.7744184 -0.6316474 -0.03606301 0.7744167 -0.5796378 -1.67787e-4 0.8148742 -0.5777192 -0.1232559 0.8068759 -0.339711 0.01066869 0.9404693 -0.2878561 -0.1439902 0.9467871 -0.3357427 0.1948381 0.9215829 -0.5544144 0.1136893 0.8244388 -0.3449531 0.1443626 0.9274518 7.47485e-4 0.1535794 0.9881361 -7.22869e-4 -0.0028342 0.9999958 -0.2300752 -0.05048108 0.9718627 -0.7417889 0.5543421 0.3774309 -0.3615214 0.615118 0.7006655 0.3397076 0.01068407 0.9404705 0.2878308 -0.1439982 0.9467936 0.5796356 -1.1213e-4 0.8148759 0.577701 -0.1232377 0.8068917 0.3357548 0.1948432 0.9215775 0.5544117 0.1136893 0.8244407 0.34496 0.1443265 0.9274549 7.29073e-4 -0.002825975 0.9999958 -6.6609e-4 0.1537578 0.9881084 0.2300622 -0.05048251 0.9718657 0.3615066 0.6151204 0.700671 0.7417896 0.5543457 0.3774244 -0.7372834 0.1192622 0.6649736 0.7372836 0.1192622 0.6649733 -0.5369942 0.2120779 0.8164927 -0.6327322 0.1061671 0.7670583 -0.5408481 0.1290032 0.8311688 -0.007435798 0.3824267 0.9239559 -0.009901523 0.2346147 0.972038 0.2545044 0.2470719 0.9349776 0.5408235 0.1290137 0.8311832 0.6327285 0.106173 0.7670606 0.536979 0.2120737 0.8165038 -0.2545104 0.2470386 0.9349848 0.009870529 0.2345968 0.9720427 0.00744152 0.3824197 0.9239589 0.2542085 0.08179736 0.9636843 -0.01211661 0.08075422 0.9966605 -0.540842 0.0451439 0.8399119 -0.6295439 0.03042858 0.776369 -0.3587406 0.1786133 0.9161891 -0.3630825 0.06687098 0.9293543 -0.3498347 0.288221 0.8913722 0.01210916 0.08075731 0.9966603 -0.2541819 0.08178007 0.9636927 0.5408616 0.04513812 0.8398996 0.6295414 0.03044074 0.7763704 0.3587327 0.1786199 0.916191 0.3630583 0.06686747 0.929364 0.3498422 0.2881922 0.8913787 -0.5488663 -0.04013162 0.8349463 -0.4683383 0.3215118 0.8229759 -0.3397291 0.3627951 0.867735 -0.40628 -0.2564948 0.8770103 -0.5134201 -0.04798972 0.8567945 -0.4115769 -0.06023359 0.9093825 -0.5042384 0.01117295 0.8634923 -0.5157856 -0.0627914 0.8544135 -0.5382669 -0.01836431 0.8425744 -0.5371561 -0.02863544 0.8429967 0.3397045 0.3628073 0.8677394 0.4718201 0.3218272 0.8208612 0.5488597 -0.04014033 0.8349502 0.4115855 -0.06022489 0.9093791 0.5168992 -0.04600954 0.8548091 0.4062948 -0.2564643 0.8770123 0.5200968 -0.06111466 0.8519181 0.5042297 0.01116633 0.8634974 0.5415751 -0.02864766 0.8401642 0.5382668 -0.01838254 0.842574 0.8036279 0.273864 0.5283755 0.4812366 0.3511746 0.8031735 0.7534668 0.05286449 0.6553574 0.713823 0.5125105 0.4772734 0.5825591 -0.06640887 0.8100709 0.06935125 0.3636376 0.9289554 0.1600675 0.1253406 0.979116 0.3558858 -0.03932511 0.9337018 0.1188814 0.5852763 0.8020716 0.5173565 0.6774362 0.5228981 0.2900541 0.7052767 0.6468797 0.7364681 -0.6510215 0.1838093 0.7096396 -0.6554286 -0.2585053 0.8206166 -0.5712799 0.01509863 0.6691928 -0.7243169 0.16597 0.9148257 -0.4023877 -0.03432428 0.7486237 -0.5499778 -0.3702524 -0.9617653 0.2438137 -0.1247496 -0.9617603 0.2438338 0.1247493 -0.9280875 0.3723624 -7.34255e-6 -0.9617644 -0.243818 0.124748 -0.9617595 -0.2438356 -0.124752 -0.9280887 -0.3723595 8.37166e-6 -0.4556515 0.8664013 -0.2042806 -0.6072692 0.7772099 -0.1648302 -0.4249747 0.8726716 0.2405012 -0.4299752 0.8870597 0.168067 -0.6226437 0.7729134 0.1221463 -0.3754902 0.725279 0.5770421 0.2669718 0.9330973 0.2409474 0.4724124 0.8519682 0.2257804 0.2229648 0.9524379 -0.2077231 -0.4734724 0.8808086 -4.42819e-4 -0.6516768 0.7584967 0 -0.4010313 0.7472832 0.5298509 0.001677811 0.9999616 0.00861746 -0.03432321 0.8729778 0.4865508 -0.27188 0.901665 0.3362758 -0.004803419 0.505903 0.862577 -0.3789548 0.6416729 0.6668203 -0.3612972 0.1020023 0.9268549 -0.3626564 0.3907204 0.8460602 0.952696 -0.05566096 -0.2987846 0.9567273 0.0693863 -0.2825924 0.964019 3.45843e-4 0.2658333 -0.5919877 -0.1203932 -0.7969042 -0.5146808 -0.7316283 -0.4470165 -0.3137366 -0.6089773 -0.7285026 -0.9652422 0.1450605 0.2174056 -0.729581 0.4993507 0.4672905 -0.7068899 0.3700986 0.6027716 -0.4272702 -0.644226 -0.6343605 -0.005249977 -0.3107243 -0.9504856 0.4096887 -0.629541 -0.6601768 -0.5196805 -0.3146679 0.7943024 0.09550112 -0.3644052 0.9263307 0.1433591 -0.5175274 0.843572 0.94956 0.1928369 0.2472849 0.6417188 0.4121031 0.6468139 0.6547371 0.5637166 0.5035305 -0.9719702 -7.76969e-4 0.2351028 -0.9654697 0.0655148 -0.2521435 -0.9639365 -0.05133479 -0.2611347 0.1757251 0.2707073 -0.9464874 0.1841207 0.0643025 -0.980798 -8.87178e-6 0.3681213 -0.9297779 -0.2522044 0.7526136 -0.6082482 0.714389 0.3294464 -0.6173439 -0.4203529 0.8674851 -0.2660321 -0.489026 0.8689933 -0.07552784 0.6727114 0.6736882 -0.3059471 0.03965091 0.4201926 0.9065684 -0.2505774 -0.04049921 0.967249 0.3887243 -0.1110122 0.914642 0.8019426 0.2756394 0.5300105 0.6465519 -0.274325 0.7118402 0.9337896 -0.1470452 0.3262128 -0.2201207 0.6240653 0.7497262 -0.6236876 0.6028607 0.4975669 -0.4471341 0.5651029 0.6933469 0.9527552 0.2949339 -0.07260608 0.8388373 0.4326447 0.3304097 0.808341 0.3694564 0.4583523 -0.1350888 0.7701839 0.6233521 -0.1675264 0.9858064 0.01098871 -0.07870042 0.9958246 -0.04625827 -0.1238064 0.78274 -0.6099101 -0.03385889 0.7602111 -0.6487932 0.656889 -0.342729 0.6715905 0.1814466 -0.002853631 0.9833967 0.6062216 0.08035403 0.791226 -0.06904673 0.06785362 -0.9953032 -0.03077369 0.02482545 -0.9992181 0.07034152 0.7414581 -0.667302 0.2489643 0.2324525 -0.9402036 0.05235171 0.7867967 -0.6149882 -0.04189532 0.7520813 -0.6577375 0.3356849 0.4810525 0.8098792 0.1017758 0.3608477 0.9270549 -0.01265567 -0.6723406 -0.7401338 0.556514 -0.2306581 -0.7981786 0.07908123 0.7224597 -0.6868757 0.04800403 0.7144892 -0.6979977 0.003074228 0.8158993 0.5781859 0.06664401 0.8485649 0.5248776 0.04924064 0.7055168 -0.7069805 0.6667523 0.1916448 -0.7202178 0.7301667 0.2440074 -0.6382139 0.901522 0.3032569 0.3086963 0.7183674 0.3598617 0.5953553 0.8121722 0.4710496 0.3442218 0.8758162 0.4705582 0.1073368 0.8957309 0.2740702 -0.3500741 0.9269618 0.3751256 0.004757702 0.9778238 0.08859312 -0.1897684 0.8566284 -0.07631599 -0.5102584 0.9935506 0.1133233 -0.003877878 0.8439075 0.4003295 0.3571506 0.9120283 0.3785277 0.1578653 0.7533411 0.4980396 0.4294574 0.5749966 0.7385034 -0.3521245 0.4851455 0.8648962 0.1287965 -0.07523047 0.9970373 -0.01603108 0.7030587 0.6528549 0.281938 0.8509212 0.3078051 0.4256635 0.816901 0.4178229 0.397614 0.6425034 0.1251314 -0.7559971 0.7970169 0.2275836 -0.5594372 2.27275e-5 0.1787645 -0.983892 -0.1310454 0.6280878 -0.7670287 -6.60308e-6 0.6275037 -0.7786136 -0.09401977 0.8587276 -0.5037332 0.6212857 0.300559 -0.7236494 0.81405 0.4266498 -0.394072 0.817183 0.01710498 -0.5761246 0.4760558 0.02383506 -0.8790921 0.8700546 -0.1076654 -0.4810544 0.4680566 -0.2988224 -0.8316419 0.5361974 -0.1007764 -0.8380553 0.9156849 -0.1551335 0.3707489 0.9888893 -0.1486343 0.002426028 0.9975281 -0.06689977 -0.02149397 0.7043205 0.3977965 -0.5879547 0.1711869 0.03386867 -0.9846563 0.2686063 0.1737411 0.9474517 4.65568e-6 0.216427 0.9762988 1.95578e-7 0.04165917 0.9991319 0.9677717 -0.1895767 -0.1657671 0.9510564 -0.2451007 -0.1881951 0.4129288 0.03183561 0.9102068 0.8680727 -0.2625593 -0.4213224 0.6770483 -0.241705 -0.6951147 0.8400932 -0.3633735 -0.4027445 0.6207401 -0.4569936 -0.6370546 0.9621423 0.005329191 -0.272496 0.9072811 0.112457 -0.4052092 0.767231 0.1914507 0.6121301 0.9181808 0.06211656 0.3912616 0.7477712 0.2534919 0.6136614 0.9176468 0.2448168 0.3130325 0.7990345 0.5457094 0.2524781 0.8635016 0.06139194 0.5005958 0.6581352 -0.23566 0.7150681 -0.07392221 0.9442489 0.3208264 0.184962 0.4099959 0.8931363 -0.1575716 0.3649688 0.9175887 0.08077937 -0.9164792 0.3918423 2.43029e-6 -0.9193183 0.393515 -9.87202e-7 -0.9755612 0.2197278 0.3218339 -0.6150404 0.7198252 0.2176406 -0.7720373 0.5971526 0.4038456 -0.5562972 0.7262521 0.4062428 -0.3787167 -0.8315892 0.3010416 -0.460826 -0.8348733 -0.05379551 -0.7724367 -0.6328093 -0.01330572 -0.5975477 -0.8017229 0.1392083 -0.5623304 -0.8151109 0 -0.741828 -0.6705903 -7.20471e-6 -0.8794423 -0.4760056 0.6721926 -0.4468129 0.5903519 0.761915 -0.3548189 0.5418387 0.5281445 -0.5035106 0.6837694 0.2386126 0.6900634 0.6832838 -0.143114 0.7815853 0.6071597 0.2308215 0.4811561 0.845701 0.1252418 0.6649619 0.7363017 0.3533231 0.8045174 0.4774042 -0.3005335 0.8618484 0.4085303 0.2704152 0.8573721 0.4379368 2.08616e-7 0.6158534 0.7878609 -1.41739e-5 0.6422836 0.7664672 0.4170439 0.6270093 0.6579771 0.03572082 0.7840483 0.6196714 0.4845858 -0.3620761 0.7962899 -0.01051777 0.01567083 0.999822 -0.4603353 -0.4039295 0.7905266 -1.23531e-5 0.5561279 0.8310968 0.07855713 0.7931908 0.6038851 -8.96142e-6 0.7956875 -0.6057075 0.9647254 -0.0169999 0.2627086 0.7004891 0.4037687 0.5884606 0.6872048 0.1244688 0.7157213 0.3839825 0.9025734 0.1947273 -0.02627205 0.1369456 -0.9902302 -0.7373341 0.5815517 -0.3437093 -0.01587569 -0.847855 0.5299906 -1.42818e-5 -0.5563365 0.8309571 4.20958e-6 -0.9500552 0.3120819 0.9414388 0.3211856 0.1026305 -0.1148784 -0.3152715 -0.9420228 -0.2784215 -0.456875 -0.8448353 0.08955043 -0.9693547 -0.2287625 0.3732136 -0.3920559 0.8408353 0.2752786 0.3440291 0.8977003 0.3702785 0.2007461 0.9069702 -0.2980169 0.7258989 -0.6198846 -0.0745458 -0.5038713 -0.8605561 -0.02031612 -0.6939489 -0.7197377 0.7070265 -0.5450928 0.4505413 0.274007 -0.7693789 -0.5770409 0.9226771 -0.02285212 0.3848958 0.6140332 -0.05461639 0.7873882 0.7176097 -0.4970187 0.4878614 0.9961586 -0.02207869 0.08473926 0.7965366 -0.2485168 0.5511525 0.9984026 -0.0564655 -0.002003729 0.9091481 -0.3301417 -0.2538826 0.8571349 0.4563725 -0.2388389 0.9903663 -0.09312516 -0.1024813 0.9004681 -0.4145978 -0.1313999 0.9774478 0.1195938 0.1740494 0.8335799 -0.3223612 0.4485843 0.6570847 0.03964626 0.7527735 0.5201819 0.3152323 0.7937502 0.7735001 0.03832358 0.6326366 0.5925027 -0.008973181 0.8055185 0.5940298 -0.2370308 0.7687295 0.9977851 -0.05195719 -0.04153925 0.6002494 0.05021274 0.7982353 0.7316967 -0.3479954 -0.5861052 0.9283004 0.01210367 0.3716343 0.7667838 -0.1797794 0.6162159 0.9479885 0.03353887 0.3165327 0.5996896 0.3805606 0.7039503 0.8444398 -0.2096174 -0.4929323 0.5819314 0.4576514 0.6722434 0.938437 -0.0903716 -0.3334203 0.3500789 0.4461462 0.8236494 0.3273442 0.2871129 0.9002289 0.1718289 0.5722284 0.8018912 0.3862755 -0.4972487 0.7768751 0.4625083 -0.648037 0.6050903 0.5892118 -0.4733953 0.6547719 0.757485 -0.3235808 0.5670203 -4.41447e-7 -0.8272104 0.5618922 0.3187631 -0.2883625 0.9029049 0.9117603 0.4100776 -0.02301126 0.9708498 -0.09141969 0.2215698 0.4742726 -0.5002648 0.7244313 0.424999 -0.3791601 0.821957 0.2916288 -0.8719475 0.3932687 0.09150236 -0.9953253 0.03090161 0.3628525 -0.5422249 0.7578458 0.4503578 -0.408146 0.7941 0.438793 -0.5342916 0.7224911 0.483091 -0.7108955 0.5111269 0.4649222 -0.5247573 0.7130759 0.2718204 -0.5877487 0.7620139 0.4337218 -0.5074717 0.7445523 0.3080306 -0.4882462 0.8165372 0.1384152 0.9631499 0.2306159 0.5011845 0.2698362 0.8221939 0.4083156 -0.5495664 0.7288726 -5.62697e-6 -0.5387805 0.8424462 -6.03451e-6 -0.6114698 0.7912679 0.3866184 -0.7839908 0.4856799 -0.04861247 0.3132449 -0.9484274 -0.005103468 0.5913834 -0.8063745 -0.02833396 0.7470469 -0.6641672 -0.3505384 0.9086066 -0.2270615 0.7036611 -0.5245581 -0.4792701 0.8154527 -0.5709534 0.09512764 0.5494982 -0.7225946 -0.4194149 0.7976368 0.1243677 0.5901765 0.6540207 0.2476146 0.7148035 -0.002265691 0.1063518 0.9943261 0.4713155 -0.1933584 0.8605082 -0.001318216 0.006401658 0.9999787 -9.02735e-4 0.8337141 0.5521958 0.4414982 0.1652269 0.8819181 0.8061068 0.01017415 0.5916827 0.9259392 -0.002725839 0.3776629 0.9138446 0.0789501 0.3983151 -2.8994e-4 0.3202848 0.9473214 0.3646699 -0.1194241 0.9234468 0.3323495 0.3214257 0.8866957 0.5461131 -0.1734478 -0.8195586 -0.5485537 0.8168684 0.1783674 0.4533001 -0.8208145 -0.3475382 0.3800578 -0.9110826 -0.1596387 0.3667006 -0.9260359 -0.08937698 -0.07859247 -0.9694623 -0.2323062 0.4151698 -0.9012196 -0.1242474 0.2654978 -0.9532418 -0.1443641 -5.31102e-4 0.1723442 0.9850367 0.2597644 -0.6244474 -0.7366057 -0.1920428 -0.9471664 -0.2568958 0.4674795 -0.07783716 0.8805705 0.7553057 -0.09581738 0.6483306 0.4678731 -0.8807672 -0.07310336 0.8158476 -0.5197028 -0.253578 0.9503136 -0.2259193 0.2141606 0.8727976 -0.4880765 -0.002397 0.9880512 -0.1502768 0.03423321 0.4165005 -0.9089896 -0.01629567 0.05166268 -0.06328439 -0.9966576 -0.1389268 -0.7621963 -0.6322628 0.006918966 -0.4543721 -0.8907852 0.8365427 -0.1641501 0.5227343 0.3394768 0.8097029 0.4786823 0.7659494 0.6383689 0.07620179 0.803897 -0.01543319 0.5945683 0.6060032 -0.7500317 -0.2649769 0.9561452 0.1959127 0.2177256 0.9996193 0.01497435 -0.02317637 0.9208874 0.3794111 0.08952003 0.9696065 0.2433947 -0.02494847 0.9022429 0.3178915 0.2913808 0.835942 0.4599023 0.2994842 0.9107969 0.2636086 0.3177415 0.9699847 0.1487274 0.19238 0.8064597 0.271129 0.5254635 0.6210626 0.07067513 0.7805679 0.7718303 0.5475309 -0.323246 0.807562 0.5826904 -0.09119045 0.9906975 0.1103754 -0.07959848 0.7889565 0.1193813 0.6027403 0.9692747 0.1106728 0.2196773 0.7798988 0.5887284 0.2125014 0.9451162 0.1729692 -0.277195 0.8793347 0.1302959 -0.4580323 0.7373878 0.5087129 -0.4443766 0.3284651 -0.3736702 0.8674569 0.5098947 -0.6164374 0.6000102 0.735563 -0.2932944 0.6106763 0.145584 -0.5213101 0.8408574 0.2273795 -0.7967059 0.5599628 0.269179 -0.9454022 0.1837322 0.27809 -0.9571398 -0.08092808 0.6035936 -0.7958785 -0.04745954 0.8916304 -0.371945 -0.2581713 0.8945388 -0.3870117 0.2236571 0.9225443 -0.3850895 -0.02486526 0.6111318 -0.7622758 0.2131988 0.1812226 0.9528529 -0.243372 0.644258 0.5137348 0.566576 0.5247748 0.7644438 -0.3744824 0 0.9835939 -0.180397 0.10015 0.3337121 0.93734 0.2709544 0.4984577 0.8234826 0.1039068 0.641217 0.7602923 0.9575536 -0.01520067 -0.2878542 0.4616274 0.0569688 0.8852428 0.4873453 -0.1742495 0.8556469 0.5110129 -0.810831 -0.2853405 0.754153 -0.4306797 -0.4957503 0.2297144 0.1597275 0.9600617 0.4259573 0.3429151 0.8372393 -8.33999e-7 0.02326542 0.9997294 0.2304219 -0.1062843 0.9672691 0.09765166 -0.2565805 0.9615772 0.7482954 -0.06080877 0.6605728 0.5933227 -0.4074398 0.6942341 0.7755968 -0.1304243 0.6176076 0.4962151 -0.6483648 0.5774025 0.7694722 0.08909189 0.6324361 0.7093397 0.05088794 0.7030275 0.679946 0.3692399 0.6335104 0.5680131 -0.07902747 0.8192166 0.6838715 -0.2104929 0.698579 0.8284116 0.1573202 0.537573 0.8713313 0.0773614 0.4845586 0.6912927 -0.06316471 0.7198089 0.7071037 -0.1178306 0.6972233 -0.6374486 -0.7699669 -0.0284686 -0.709707 -0.6557469 -0.2575113 -0.2070255 -0.853083 -0.4789467 0.9431401 -0.003122091 -0.3323807 0.6389085 0.03779804 -0.7683536 0.3337458 0.01751983 -0.9425004 0.5137807 -0.2915074 -0.8068786 0.8088334 -0.5655069 -0.1612153 0.8433752 0.09608876 -0.5286638 0.3779293 -0.8745548 -0.3038479 -0.1327037 -0.6493837 -0.7487928 0.2965862 -0.9492463 -0.1047291 -0.4803209 -0.6971461 -0.5322399 -2.27429e-6 -0.4831022 -0.875564 -0.4947224 -0.04609555 -0.8678277 -0.1522054 -0.0763362 -0.9853966 0.2111465 0.4239987 -0.8807055 0.8137212 -0.4662462 0.3470915 0.9634187 -0.1907997 0.1882019 0.7371067 -0.239541 -0.631897 0.9839645 0.1782758 0.00562781 0.2624721 -0.4344682 -0.8615949 0.1781313 -0.938882 -0.2945673 0.498588 0.5364721 -0.6808875 -0.08645224 0.09659045 -0.9915626 3.53158e-6 -0.8788158 -0.4771611 5.39469e-6 -0.9173678 -0.3980404 0 -0.6173588 -0.7866818 0.434924 -0.9001169 -0.02511262 -0.1411604 0.01331597 -0.9898972 -0.4057992 0.5792771 -0.7069407 -0.3676737 -0.05108523 -0.9285507 -0.4575248 0.4033985 0.7924273 0.03372436 0.6689388 0.7425521 0.07342278 0.2037426 0.9762674 0.2610716 -0.4473869 0.8553868 0.5864403 0.2174975 0.7802453 -0.01290941 -0.4718133 -0.881604 0.436943 -0.7330375 -0.5212839 -0.4642663 -0.7370451 -0.4911429 0.4038122 0.9093958 0.09967541 0.503472 0.8584023 -0.09829366 -5.35492e-4 0.9928884 -0.1190482 -0.6211587 0.7560908 -0.2061275 -0.8433329 0.5294822 -0.09186148 -0.4738551 0.8720431 -0.1224838 -0.7741687 0.6279344 0.07975769 -0.7903333 0.5298222 -0.3076714 -0.8785984 0.4528197 -0.151721 0.6657882 0.7138487 -0.2171317 0.889646 0.427622 -0.1602172 0.7929481 0.484161 -0.3698938 -0.1796115 0.9172756 -0.3554506 0.1906549 0.904295 -0.3819704 -0.004890561 0.7972904 -0.6035761 -0.3935694 0.9162535 0.07471746 0.5481039 0.4280971 -0.7185506 0.4418671 0.7475785 -0.4958627 -0.5839189 0.6907503 0.4265007 0.5817191 0.6806672 0.4453034 0.7867927 0.6060404 0.1169297 0.8652233 0.4980963 -0.05734854 -0.1129294 0.9732778 0.199944 -0.4353409 0.7819883 -0.4460635 -0.5671207 0.4746958 -0.6730812 0.1136317 0.9720045 0.2056581 0.2457718 -0.8038466 -0.541689 0.4734044 -0.6605148 -0.5827595 0.5852079 -0.6905911 -0.4249889 0.1747613 -0.7728915 -0.6099977 0.7020368 -0.6324118 -0.3274136 0.6393932 -0.7667069 0.05776739 0.6679344 -0.6381423 0.3829334 0.8529925 -0.3967117 0.3391515 0.4083291 -0.8996862 0.1543764 0.6306462 -0.2671014 0.7286579 0.6639545 0.2387353 0.7086395 0.8505446 0.1781461 0.4948108 0.8098058 -0.5866948 0.001928985 0 0.7281984 -0.6853664 0.03638345 0.7195339 -0.6935036 -2.05193e-7 0.895163 -0.4457392 0.2684441 0.7585616 -0.5937358 0.3858459 0.5777156 -0.7192828 0.4191147 0.6525065 -0.6313305 0.238765 0.670385 -0.7025492 0.422613 0.6583621 -0.6228625 0.3753393 0.7327692 -0.5676001 0.17919 0.7514775 -0.6349586 0.3609356 0.78803 -0.4987327 0.2263855 0.8336464 -0.5037691 0.06710284 0.7951971 -0.6026267 0.1321578 0.8708432 -0.4734622 0.09438693 0.9789655 -0.1808807 0.1084926 0.6876913 -0.717851 0.03327989 0.9726982 -0.2296751 0 0.9702796 -0.2419866 4.10713e-7 0.8657773 -0.5004297 1.58696e-7 0.7916555 -0.6109678 0.1154555 0.8761324 -0.4680405 0.5221799 0.1335965 -0.8423066 0.4702392 0.4010108 -0.7861713 0.5892316 0.4144048 -0.6935957 0.6220166 0.7618206 -0.1809003 0.4185521 0.8762559 -0.2387251 0.5666756 0.8222081 0.05341106 0.1791456 -0.9803791 0.08224171 -0.433955 -0.8966294 0.08797031 0.1754937 -0.9290971 0.3255467 0.7538572 -0.4086749 0.5144747 0.288002 -0.08850145 0.9535316 0.3066387 -0.8408569 0.4460186 0.1985256 0.8125615 -0.5480252 0.6888266 0.4536541 -0.5654342 0.2937155 -0.0934236 -0.9513166 0.09592664 -0.8855741 0.4544851 0.04059427 -0.2089127 0.9770914 0.03285497 -0.8914343 0.4519573 0.02823084 -0.8823302 -0.4697835 0.03369313 -0.2228754 -0.9742646 0.09018218 -0.8813967 -0.4636886 0.4824051 -0.8758098 -0.01557415 0.2325347 -0.911516 0.3392145 0.06327348 -0.1923364 0.9792872 0.05795747 0.8696945 0.490176 0.1800576 0.9741436 0.1364678 0.2235593 0.8064396 -0.547427 0.7132199 0.4389217 -0.5465028 0.325158 -0.0913766 -0.9412346 0.7742038 -0.4261938 0.4679395 0.321968 -0.1435763 0.9358005 0.3240038 -0.8659756 0.3809303 0.1114435 -0.9166667 0.3838001 0.04645282 -0.2978346 0.9534867 0.03230029 -0.9233311 0.3826441 -0.001221418 -0.924652 0.3808111 0.03630656 -0.2526024 0.9668888 0.0928235 -0.9243043 0.3701965 0.1570014 -0.8907275 -0.4265618 0.6440543 -0.7551447 -0.1222726 0.04619222 -0.1898235 -0.9807311 0.1154788 0.8942719 -0.4323685 0.7040503 0.4445948 -0.5537586 0.7756649 -0.4125919 -0.4776108 0.3115038 -0.0935356 -0.9456302 0.1009482 -0.8765899 0.4705314 0.04137647 -0.2088599 0.9770699 0.0314756 -0.8819786 0.4702371 0.7683108 -0.3962761 0.5026568 0.3053102 -0.0868479 0.9482844 0.3274913 -0.8289839 0.45336 0.2253326 -0.9011247 -0.3704046 0.7400472 -0.6388111 -0.2103583 0.5778585 -0.8161315 -0.003036677 0.001458168 -0.8846905 0.4661766 0.07348626 -0.1785572 0.9811816 0.1088727 -0.881686 0.4591042 0.2079467 0.9698703 0.126924 0.1028622 0.8855041 0.4531026 0.2278876 0.9591171 -0.1678143 0.04320985 0.870127 -0.4909298 0.05410641 -0.1969639 -0.9789166 -0.3539923 -0.5602014 0.7489085 -0.009391427 -0.9639864 0.2657856 -0.1521938 -0.967577 0.2015737 -0.312914 0.4509854 0.8358811 0.01380604 0.961277 0.2752385 -0.09286969 0.9386811 0.3320438 0.3682268 0.8170366 -0.4436894 0.2762971 -0.8354856 -0.4749989 -0.02056163 -0.9871676 0.1583583 0.2441928 -0.9033029 -0.3527236 0.5196291 -0.7712252 -0.3676919 0.3243791 -0.447862 -0.8331854 0.7451773 0.4224993 -0.5159508 0.8179391 -0.3715605 -0.4392251 0.3621962 -0.0839526 -0.9283134 0.1043233 -0.1809224 0.9779487 0.7966027 0.5842217 -0.1552718 0.7091249 0.3893972 0.5878024 0.9977987 -0.02407532 0.0617932 0.747347 -0.6407403 -0.1758536 0.6868838 -0.4878626 0.5386843 0.3419323 -0.8963586 0.2821768 0.02816289 -0.5473046 0.8364595 0.3743447 0.8395138 0.3938055 0.850881 -0.03561943 -0.5241496 0.02345675 0.3534312 0.9351665 0.07712966 0.8773992 -0.4735208 0.08775997 -0.2017171 -0.9755042 0.1472051 0.5913107 -0.792895 0.02676147 -0.8918727 -0.4514943 0.04632991 -0.2224577 -0.973841 0.1076534 -0.8878591 -0.4473444 0.1660305 -0.890182 -0.4242755 0.02131766 -0.8937408 -0.4480769 0.759046 0.4145296 0.5020104 0.2729076 0.7878872 0.5520465 0.3652242 -0.07788538 0.9276558 0.1713184 0.8874453 0.4278913 0.8191217 -0.3505597 0.4540349 0.1053865 -0.876038 0.470586 0.03683471 -0.2091761 0.9771841 0.02786767 -0.8820978 0.4702414 0.01021802 -0.8845824 0.466272 0.1497613 -0.8877268 0.4353306 0.7889928 -0.6142844 -0.01204258 0.2739909 -0.8845539 0.3774831 0.3772568 -0.8292326 -0.4123721 0.3807967 -0.8106256 0.4448373 0.3249922 -0.8480774 -0.418503 0.02609395 -0.8918856 -0.4515077 0.03514206 -0.2231119 -0.9741593 0.09780812 -0.8888983 -0.4475417 0.1176641 -0.898354 -0.4232203 -0.006582319 -0.8942976 -0.4474243 0.2577726 0.7969864 -0.5462292 0.7071293 0.4412734 0.5524907 0.04024767 0.8635098 0.5027236 0.07292073 0.5902339 0.803932 0.2116765 0.8095696 -0.5475311 0.2197552 0.8016713 0.5559055 0.7592312 -0.4216033 -0.4958012 0.104954 -0.8754222 -0.4718269 0.04250198 -0.268697 -0.9622867 -0.002590596 -0.8832051 -0.4689798 0.3011826 -0.849725 -0.4327315 0.6374499 -0.7699661 -0.02845966 -0.002718687 -0.8943613 0.4473373 0.1219533 -0.9020153 0.4141206 0.2061644 0.8048141 0.5565705 0.6918777 0.4506997 0.5640702 0.4017204 -0.8533403 0.3323116 0.1696807 -0.9220389 0.3479265 0.0828914 -0.8901463 -0.4480723 -0.004694998 -0.8856832 -0.4642665 0.2354558 0.798169 0.5545151 0.7251965 0.4326183 0.53566 0.02557063 -0.8805857 -0.4731966 0.04204058 -0.222711 -0.9739776 0.1100538 -0.8767144 -0.4682521 0.3453846 -0.8351912 -0.4279779 0.7859262 -0.4010245 -0.4706372 0.2094993 -0.8692513 0.4477859 0.4411994 -0.5276048 -0.7259314 0.7366877 -0.6532228 -0.1749036 -0.7777512 -0.3251619 0.537934 -0.6545082 -0.2061873 0.7273966 0.08370786 -0.01650857 -0.9963537 0.2819716 -0.9493616 -0.1385807 0.3543449 -0.7972536 -0.4886989 0.6248968 -0.1066566 -0.7733876 0.4614754 0.8624736 -0.2077975 0.2022062 -0.9607949 -0.1896994 -0.1922267 -0.9806972 0.0358057 -0.437139 -0.3925648 0.8091987 -0.4346606 0.2517668 0.8646871 -0.03130257 0.9367101 0.3487038 -0.1649067 0.6097574 0.775243 -0.4018883 0.746366 -0.5304937 0.2373746 0.9714182 -4.46898e-4 0.4388464 0.8985622 0 0.2016953 0.8227527 -0.5314105 0.200625 0.8234555 0.5307267 0.2253547 0.9471139 -0.2284526 0.4023239 0.8929288 -0.2020239 0.2154198 0.6831485 -0.697784 0.2255441 0.9677063 -0.1125802 -0.004507541 0.9389586 -0.3440006 0.2168918 0.9636251 -0.1561554 0.07932192 0.987289 0.1377266 0.07304126 0.9871035 -0.1424496 -0.1864873 0.982212 -0.02195978 -0.2683019 0.9094488 -0.3176747 0.2255061 0.963674 -0.1431064 0.2132806 0.9709886 0.1081328 0.1393029 0.9711556 0.1935242 -0.06718879 0.6178407 -0.7834275 0.1504553 0.9837121 -0.09835487 0.1388837 0.9875208 0.07425719 0.05364096 0.8709729 -0.4883943 0.1758328 0.9751818 0.1345495 0.2568292 0.7252785 0.6387566 -0.4009932 0.8761181 -0.2676224 0.1700577 0.9365585 0.3064941 -0.3944814 0.6846256 -0.6129211 -0.05482059 0.9483655 0.3124062 -0.7536517 0.05246037 0.6551772 -0.4812366 0.3511748 0.8031734 -0.8036283 0.2738628 0.5283756 -0.7137368 0.5125041 0.4774092 -0.5825593 -0.06640702 0.8100709 -0.1600687 0.1253404 0.9791159 -0.06935167 0.3636369 0.9289557 -0.3559157 -0.03922271 0.9336946 -0.1188809 0.585277 0.8020713 -0.5173545 0.6774364 0.5229 -0.290054 0.705278 0.6468784 -0.8206143 -0.5712832 0.01509571 -0.7364679 -0.6510272 0.1837901 -0.6691779 -0.7243321 0.1659635 -0.7486318 -0.5499702 -0.3702477 -0.9148284 -0.402383 -0.03430658 0.9280874 0.3723626 -7.13114e-6 0.9617666 0.2438135 0.1247403 0.9617593 0.2438318 -0.1247601 0.9280887 -0.3723595 3.46918e-6 0.9617655 -0.2438172 -0.1247416 0.961773 -0.2437903 0.1247359 0.4249439 0.8726851 0.2405067 0.6072694 0.7772093 -0.1648328 0.4556502 0.8663992 -0.2042924 0.375499 0.7252714 0.5770459 0.6226442 0.7729146 0.1221362 0.4299377 0.8870782 0.1680654 -0.2229679 0.9524388 -0.2077155 -0.4724122 0.8519697 0.2257755 -0.2669836 0.9330972 0.2409343 0.4010342 0.7472904 0.5298383 0.651677 0.7584967 0 0.4734533 0.8808189 -4.36608e-4 0.271881 0.9016648 0.3362759 0.03435224 0.8729707 0.4865617 -0.001697301 0.9999614 0.008627533 0.3789589 0.6416719 0.6668189 0.004795968 0.505914 0.8625707 0.3626574 0.3907209 0.8460596 0.3613124 0.1019791 0.9268515 -0.9640107 3.64125e-4 0.2658634 -0.9567326 0.06937432 -0.2825773 -0.9526979 -0.05565762 -0.2987793 -0.9374455 -0.2414107 0.2508321 -0.9103116 -0.2875866 0.2977025 -0.971486 -0.2370812 -0.002714216 0.3137627 -0.6089513 -0.7285131 0.514661 -0.7316414 -0.4470178 0.5919711 -0.1203971 -0.7969158 0.9639407 -0.05130982 -0.2611237 0.9654669 0.06552177 -0.2521524 0.9719709 -7.72499e-4 0.2350999 -0.9226526 -0.2482591 -0.2950928 -0.9529232 -0.1676883 -0.2526227 -0.1841087 0.06428951 -0.9808012 -0.1757368 0.270707 -0.9464853 -0.7143979 0.3294382 -0.6173381 0.2521837 0.7526166 -0.6082531 -0.672711 0.6736869 -0.3059509 0.489032 0.8689899 -0.0755279 0.4203783 0.8674876 -0.265984 0.5080837 0.7797856 0.3657671 -0.6249148 0.7079991 0.3289663 0.3317878 0.7608829 0.5576505 -0.6914342 0.5893443 0.4178422 0.2571446 0.676921 0.6896772 -0.8388609 0.4326283 0.3303712 0.1783295 0.5641525 0.8061827 -0.3887252 -0.1110002 0.9146429 0.2505572 -0.04046142 0.967256 -0.0396074 0.4201948 0.9065693 -0.8019422 0.2756398 0.5300107 -0.6465529 -0.2743232 0.71184 -0.9337894 -0.1470422 0.3262149 0.4471355 0.5650849 0.6933606 0.6236779 0.602848 0.4975945 0.220105 0.6240547 0.7497397 -0.8083413 0.3694516 0.4583557 0.07869553 0.9958249 -0.04625815 0.1675251 0.9858065 0.01099097 0.1350875 0.7701905 0.6233442 0.03380733 0.760213 -0.6487936 0.123811 0.7827468 -0.6099004 -0.6062271 0.08036392 0.7912208 -0.1814411 -0.002855658 0.9833977 -0.6568923 -0.342736 0.6715837 0.04193639 0.7520673 -0.6577509 -0.05232864 0.7868047 -0.6149798 -0.2489578 0.2324495 -0.9402059 -0.1022335 0.3569791 0.9285011 -0.3331019 0.4805788 0.8112258 -0.5565205 -0.2306658 -0.7981719 0.03077626 0.02481198 -0.9992184 -0.04797524 0.7144855 -0.6980036 -0.07909381 0.7224653 -0.6868684 -0.1095432 0.7882469 0.6055305 -0.1106743 0.7559049 0.645259 -0.0703414 0.7414569 -0.6673034 -0.04924267 0.7055228 -0.7069745 -0.7301683 0.2439942 -0.6382172 -0.666751 0.1916458 -0.7202187 -0.8121673 0.4710555 0.3442255 -0.7183687 0.3598525 0.5953592 -0.9015317 0.3032358 0.3086884 -0.977823 0.08859217 -0.1897725 -0.9269612 0.3751273 0.004748582 -0.8957319 0.2740651 -0.3500753 -0.8566272 -0.07631444 -0.5102607 -0.993551 0.1133202 -0.003874897 -0.912036 0.3785098 0.1578632 -0.8439067 0.4003068 0.3571781 -0.7533541 0.4980228 0.4294544 -0.06662386 0.8485742 0.5248649 0.07518857 0.9970404 -0.01603853 -0.4851337 0.8649088 0.1287558 -0.5749999 0.7385113 -0.3521024 -0.7030531 0.6528591 0.2819421 -0.8168986 0.4178194 0.3976227 -0.8509213 0.30781 0.4256594 -0.6425022 0.1251328 -0.7559979 -0.7970063 0.2275869 -0.5594508 0.1310529 0.6280884 -0.7670268 -0.6212742 0.3005658 -0.7236564 0.09402322 0.8587265 -0.5037345 -0.4760559 0.02387547 -0.8790909 -0.8171889 0.01712822 -0.5761156 -0.8140492 0.4266468 -0.3940769 -0.1711707 0.03386676 -0.9846592 -0.1121967 0.1289134 -0.9852885 -0.9888892 -0.1486347 0.002425849 -0.9192689 -0.2670942 0.2891461 -0.915682 -0.1551435 0.3707519 -0.7619146 -0.3548191 0.5418391 -0.639599 -0.359066 0.6796946 -0.5361213 -0.100766 -0.8381052 -0.4680523 -0.2987992 -0.8316527 -0.8700572 -0.1076671 -0.4810493 -0.9975275 -0.06690287 -0.02151119 -0.7043007 0.3978039 -0.5879734 -0.2686201 0.1737518 0.9474458 -0.9510533 -0.2451092 -0.1882 -0.9677781 -0.1895461 -0.1657649 -0.4129483 0.03182977 0.9101982 -0.3201553 -0.2510242 0.9135028 0.01351809 0.0521205 0.9985494 0.01330906 -0.5975453 -0.8017248 -1.97929e-6 -0.3560563 -0.9344645 0 -0.5977072 -0.8017145 -0.6207441 -0.4569834 -0.637058 -0.8400892 -0.3633859 -0.4027419 -0.6770526 -0.2417044 -0.6951106 -0.8680683 -0.2625629 -0.4213289 -0.9072768 0.1124746 -0.405214 -0.9621392 0.005310595 -0.2725071 -0.1808415 0.384861 0.9050849 -0.1275929 0.2911933 0.9481174 0.1575456 0.364979 0.9175891 -0.952755 0.2949369 -0.07259505 -0.7990291 0.5457083 0.2524976 -0.9176456 0.2448234 0.3130306 -0.7672299 0.1914511 0.6121314 -0.6581399 -0.2356622 0.7150632 -0.8634996 0.06139141 0.5005994 -0.7477713 0.2534926 0.6136608 -0.7247524 0.02527451 0.6885458 -0.1849543 0.4099965 0.8931376 0.07392716 0.9442495 0.3208234 -0.1979353 -0.4416338 -0.8750894 -0.301033 -0.4608378 -0.8348699 -0.06282025 -0.5474729 -0.8344622 -0.08079117 -0.9164842 0.3918285 -0.4038364 -0.5562959 0.7262583 -0.2176024 -0.7720233 0.5971845 -0.3218395 -0.6150279 0.7198334 -0.4062708 -0.3786979 -0.831584 -0.1392272 -0.5623312 -0.815107 -0.3144081 -0.7405522 0.5939108 -0.5281465 -0.5035107 0.6837677 -0.1473857 -0.9201328 0.362813 0.05381947 -0.7724311 -0.6328141 0.05373483 -0.7912935 -0.6090708 0.1431232 0.7815805 0.6071638 -0.238597 0.6900628 0.6832897 -0.2308256 0.4811545 0.8457009 -0.1252444 0.6649752 0.7362892 -0.2704209 0.8573656 0.4379462 0.3005455 0.8618481 0.4085221 -0.3533151 0.8045137 0.477416 -0.4170393 0.6270169 0.6579728 -0.03571772 0.7840465 0.6196736 0.07457643 -0.503857 -0.8605619 -0.7660732 -0.371555 -0.5244797 0.1148847 -0.3152713 -0.942022 -0.7408324 -0.432461 0.5139504 -0.6027052 0.1569443 0.7823778 -0.6871958 0.1245104 0.7157227 -0.3840601 0.9025518 0.1946747 0.0403009 0.8230282 0.566569 0.7373326 0.5815623 -0.3436947 -1.18278e-5 -0.6824012 -0.7309779 0.01948958 -0.6940323 -0.7196801 -0.7004877 0.4037711 0.5884607 -0.707029 -0.5450916 0.4505388 -0.4413169 -0.3594489 0.822214 0.278411 -0.4569362 -0.8448057 -0.7575401 -0.2766281 -0.5912784 0.02628797 0.1369838 -0.9902244 0.01588553 -0.8478586 0.5299847 -0.3732331 -0.3920739 0.8408182 -0.07857233 0.7931872 0.6038879 -0.3702623 0.2007293 0.9069806 -0.2752677 0.3440394 0.8976996 -0.2740457 -0.7693591 -0.5770492 0.3029098 -0.8486936 -0.4335492 -0.0973007 -0.9895496 -0.1064157 0.2980003 0.7259093 -0.6198803 -0.06976944 0.804198 0.5902524 -1.7938e-4 -0.7408111 0.6717134 0.2449016 -0.9611333 -0.1274602 -0.3074366 -0.8052825 0.5069545 -0.7924498 -0.2633259 0.5501661 -0.4495522 -0.6617001 0.6000465 -0.341049 -0.103897 0.9342864 -0.717611 -0.4970229 0.4878553 -0.6140334 -0.05461668 0.7873882 -0.9226856 -0.02286487 0.3848748 -0.7965396 -0.2485234 0.5511451 -0.9961602 -0.02207648 0.08472079 -0.8571348 0.4563705 -0.2388426 -0.9091519 -0.3301254 -0.2538899 -0.9984036 -0.05644756 -0.001971304 -0.9903658 -0.0931285 -0.1024836 -0.8335716 -0.3223801 0.4485861 -0.9774488 0.1195956 0.174043 -0.9004815 -0.4145669 -0.1314058 -0.6570897 0.03964447 0.7527692 -0.5201858 0.3152278 0.7937496 -0.9977835 -0.05196714 -0.04156583 -0.7317115 -0.3479638 -0.5861054 -0.6002694 0.05020815 0.7982205 -0.9479879 0.03353214 0.3165353 -0.7667793 -0.1797783 0.6162219 -0.9282991 0.01212173 0.3716367 -0.5996915 0.380564 0.7039469 -0.8444434 -0.2096179 -0.4929258 -0.5819398 0.4576608 0.6722297 -0.9384495 -0.09035354 -0.3333902 -0.1705651 0.5741179 0.8008097 -0.3265176 0.2897601 0.8996808 -0.3520861 0.4498182 0.8207917 -0.5892065 -0.4733884 0.6547818 -0.4625115 -0.648031 0.6050943 -0.3863072 -0.4972369 0.7768669 -0.9735197 -0.08058911 0.2139275 -0.9102376 0.4127804 -0.03286343 -0.3628492 -0.5422272 0.7578458 -0.4742711 -0.5002631 0.7244336 -0.4173973 -0.8381222 0.3511849 -0.4773651 -0.8164616 0.3248276 -0.4831112 -0.71088 0.5111295 -0.4337022 -0.5074774 0.7445597 -0.2718198 -0.5877468 0.7620157 -0.4649305 -0.5247406 0.7130827 -0.3080291 -0.4882329 0.8165456 -0.4082977 -0.5495834 0.7288697 0.02833187 0.747052 -0.6641618 0.005085825 0.5914438 -0.8063303 0.0486111 0.3132305 -0.9484322 0.3505378 0.90861 -0.2270486 -0.549493 -0.722602 -0.4194092 -0.8154548 -0.5709511 0.09512323 -0.7036591 -0.5245602 -0.479271 -0.6522411 0.2460793 0.7169565 -0.7958161 0.1239108 0.592725 -0.4730617 -0.1939737 0.8594108 -0.4447168 0.1658256 0.880187 -0.9138441 0.07894349 0.3983177 -0.925934 -0.002708971 0.3776757 -0.8028273 0.008491098 0.5961513 -0.3329391 0.3189414 0.8873714 -0.3654451 -0.1204246 0.9230102 -0.5461222 -0.1734579 -0.8195505 0.5485543 0.8168666 0.1783738 -0.3667119 -0.926032 -0.08937048 -0.3800495 -0.9110875 -0.1596313 -0.4532831 -0.820828 -0.3475285 -0.2655382 -0.9532333 -0.1443464 -0.4151573 -0.901225 -0.1242503 0.07856988 -0.969465 -0.2323022 0.1920436 -0.9471656 -0.2568984 -0.2597618 -0.6244452 -0.7366085 -0.4675585 -0.07950592 0.8803794 -0.7553036 -0.0958206 0.6483324 -0.4678702 -0.8807699 -0.07308888 -0.8727924 -0.4880859 -0.002386152 -0.9503127 -0.2259214 0.2141619 -0.815841 -0.5197081 -0.2535882 -0.9880501 -0.1502819 0.03423893 -0.4165313 -0.9089756 -0.01628673 -0.05167406 -0.06328636 -0.9966567 -0.006950557 -0.4543665 -0.8907878 0.1389287 -0.7621964 -0.6322624 -0.836541 -0.1641584 0.5227344 -0.3439831 0.8099744 0.4749917 -0.7676051 0.6372759 0.06827831 -0.7999693 -0.01547902 0.5998412 -0.6060064 -0.7500334 -0.2649645 -0.9208865 0.3794133 0.08951932 -0.9996193 0.01497298 -0.02317821 -0.9561468 0.1959086 0.2177226 -0.9695999 0.2434222 -0.02493196 -0.8359323 0.4599148 0.2994924 -0.9022441 0.3178871 0.2913823 -0.9107941 0.2636054 0.3177518 -0.9699844 0.1487285 0.1923808 -0.6210604 0.07068133 0.7805691 -0.8064653 0.2711172 0.5254612 -0.4017173 -0.8533421 0.3323113 -0.2610803 -0.4473882 0.8553835 -0.1696482 -0.9220457 0.3479241 -0.2763007 -0.8354774 -0.475011 -0.3543598 -0.7972353 -0.4887179 0.1522117 -0.9675654 0.2016155 0.02057105 -0.9871699 0.1583431 0.3539725 -0.560215 0.7489076 0.4011667 -0.5159859 0.7568513 0.3219947 -0.6127698 0.7216873 0.09287011 0.9386807 0.3320449 0.31291 0.450998 0.8358756 0.3786758 0.3536769 0.855288 0.3667197 0.4415334 0.8188803 -0.01380956 0.9612774 0.2752361 -0.4614719 0.8624689 -0.207825 -0.3682265 0.8170176 -0.4437248 0.005082368 0.8162015 0.577745 -0.5034 0.7810533 -0.3695193 -0.7095279 0.534837 -0.4588242 -0.859086 0.1634756 -0.4850226 -0.1039029 0.6412012 0.7603061 -0.2709593 0.4984724 0.8234722 -0.1001495 0.3337119 0.9373401 -0.2297152 0.1597273 0.9600616 -0.4259399 0.3428868 0.8372597 -0.1384151 0.9631485 0.230622 -0.9575484 -0.01524895 -0.2878693 -0.09146553 -0.9953291 0.03089141 -0.2801024 -0.9567688 -0.07833474 -0.6086649 -0.7921079 -0.04574185 -0.517838 -0.8092679 -0.2773611 -0.230421 -0.1062843 0.9672694 -0.2940697 -0.3689935 0.8816841 -0.09764569 -0.2565838 0.9615769 -0.4601688 0.05965197 0.8858253 -0.4457094 -0.1919123 0.8743643 -0.113397 -0.5072696 0.8542942 -0.883668 -0.3842115 -0.2674182 -0.7641319 -0.4193465 -0.4901543 -0.7755901 -0.130438 0.6176131 -0.5933247 -0.4074301 0.6942381 -0.748305 -0.06081217 0.6605615 -0.49621 -0.6483631 0.5774089 -0.4941784 -0.8277384 0.2657759 -0.5093966 -0.8562983 -0.08525538 -0.05335575 0.6903181 0.721536 -0.6799496 0.3692671 0.6334907 -0.7093451 0.05088913 0.703022 -0.7694721 0.08908993 0.6324363 -0.6838671 -0.2104867 0.6985852 -0.5680246 -0.07904249 0.8192073 -0.8284111 0.1573206 0.5375737 -0.8713307 0.07735311 0.484561 -0.6912865 -0.06316983 0.7198144 -0.7070969 -0.1178089 0.6972339 -0.3219891 -0.6128262 0.721642 -0.4012026 -0.5160405 0.7567951 -0.3787176 0.3536888 0.8552644 -0.3667145 0.4415283 0.8188853 0.4803199 -0.6971467 -0.53224 -0.9431404 -0.003121256 -0.3323801 -0.5137751 -0.2915085 -0.8068816 -0.333746 0.01751917 -0.9425003 -0.6389018 0.03781646 -0.7683584 -0.9839642 0.1782774 0.005631923 -0.4985882 0.5364717 -0.6808876 -0.963419 -0.1907992 0.1882013 -0.843374 0.09608876 -0.5286655 -0.8088329 -0.5655075 -0.1612161 0.08645302 0.09659081 -0.9915626 -0.7371103 -0.2395378 -0.6318941 -0.296591 -0.9492466 -0.1047123 0.1326977 -0.6493827 -0.7487947 -0.3779313 -0.8745525 -0.3038519 0.1522014 -0.0763545 -0.9853957 -0.2111458 0.4240001 -0.880705 -0.1781309 -0.938882 -0.2945674 -0.8137232 -0.4662465 0.3470864 -0.4349274 -0.9001162 -0.02508521 0.4947237 -0.04609525 -0.867827 -0.2624757 -0.4344671 -0.8615944 -0.8400804 -0.2715298 -0.4696132 0.36768 -0.0510838 -0.9285483 0.405791 0.5792767 -0.7069457 0.1411842 0.01331967 -0.9898937 0.4575273 0.4034001 0.7924249 -0.03369677 0.6689367 0.7425553 -0.07342165 0.2037411 0.9762678 -0.5864372 0.2175021 0.7802463 0.46429 -0.7370381 -0.491131 -0.436925 -0.7330661 -0.5212588 0.01289701 -0.4718016 -0.8816105 5.35244e-4 0.9928884 -0.1190483 -0.5034694 0.8584045 -0.09828817 -0.4037921 0.9094038 0.09968346 0.4738555 0.8720428 -0.1224848 0.8433261 0.5294912 -0.09187 0.6211588 0.7560908 -0.2061273 0.7741868 0.6279103 0.07977199 0.8786059 0.4528082 -0.1517125 0.7903424 0.5298141 -0.3076621 -0.79295 0.4841656 -0.3698836 -0.8896457 0.4276186 -0.160228 -0.6657885 0.7138482 -0.2171325 0.004907369 0.7972903 -0.6035761 -0.1906549 0.9042951 -0.3819702 0.1796119 0.9172757 -0.3554504 0.3936006 0.9162412 0.07470387 -0.4418644 0.7475814 -0.4958608 -0.5480998 0.4280982 -0.7185533 0.5839126 0.6907389 0.426528 -0.7868163 0.6060088 0.1169335 -0.5817105 0.680655 0.4453334 -0.8652271 0.4980912 -0.05733555 0.1129291 0.9732809 0.1999287 0.5671492 0.4746581 -0.6730836 0.4353327 0.7819953 -0.4460594 -0.1136237 0.9720101 0.2056361 -0.5852085 -0.6905903 -0.4249897 -0.4734025 -0.6605364 -0.5827366 -0.2457768 -0.8038483 -0.5416842 -0.1747445 -0.7728971 -0.6099954 -0.6393947 -0.7667028 0.05780625 -0.7020398 -0.6323985 -0.3274329 -0.4083276 -0.8996884 0.1543682 -0.8529919 -0.3967178 0.3391457 -0.6679306 -0.6381685 0.3828964 -0.850542 0.1781364 0.4948189 -0.6639523 0.2387347 0.7086418 -0.6306515 -0.2671102 0.7286501 -0.8098164 -0.5866804 0.001925766 -0.03637409 0.7195267 -0.6935116 -0.4191232 0.6524937 -0.6313382 -0.3858601 0.5777087 -0.7192807 -0.2684507 0.7585684 -0.5937241 -0.4225978 0.6583595 -0.6228756 -0.2388104 0.6703911 -0.7025279 -0.3753234 0.7327788 -0.5675982 -0.3609091 0.7880339 -0.4987457 -0.1791896 0.7514781 -0.6349582 -0.2263787 0.8336517 -0.5037634 -0.1084967 0.6876875 -0.7178541 -0.03327023 0.9726899 -0.2297122 -0.09438735 0.9789602 -0.1809094 -0.067137 0.7952124 -0.6026027 -0.1154366 0.8761202 -0.4680682 -0.5666815 0.8222023 0.05343556 -0.4185245 0.8762653 -0.2387393 -0.6220126 0.7618284 -0.1808807 0.4339672 -0.8966218 0.08798807 -0.1791207 -0.9803839 0.08223915 -0.1754634 -0.9291033 0.3255453 -0.3066418 -0.8408538 0.4460223 -0.2880083 -0.08849012 0.9535306 -0.7538592 -0.4086602 0.5144835 -0.2937021 -0.09342283 -0.9513209 -0.6888232 0.4536445 -0.565446 -0.1985296 0.8125485 -0.548043 -0.03285646 -0.8914384 0.4519494 -0.0405904 -0.2089271 0.9770885 -0.09587734 -0.8855537 0.4545352 -0.09017056 -0.8813918 -0.4637001 -0.03367733 -0.222833 -0.9742748 -0.02823269 -0.8823171 -0.4698081 -0.2325223 -0.9115223 0.3392059 -0.4823896 -0.8758184 -0.0155707 -0.1800568 0.9741438 0.1364682 -0.0579583 0.8697026 0.4901614 -0.06327509 -0.1923847 0.9792775 -0.325159 -0.09137171 -0.9412348 -0.7132188 0.4389075 -0.5465157 -0.2235564 0.8064439 -0.5474219 -0.3240097 -0.8659665 0.380946 -0.3219844 -0.1435667 0.9357963 -0.7741861 -0.4262011 0.467962 -0.03234666 -0.9233304 0.3826419 -0.04643791 -0.2978332 0.9534878 -0.1114112 -0.9166649 0.383814 -0.09281963 -0.9243074 0.3701899 -0.03631103 -0.2525713 0.9668967 0.001245558 -0.9246576 0.3807976 -0.6440448 -0.7551519 -0.1222777 -0.1569969 -0.8907209 -0.4265774 -0.04619652 -0.1898362 -0.9807285 -0.1154752 0.8942705 -0.4323723 -0.3115203 -0.09351593 -0.9456268 -0.7756547 -0.412593 -0.4776264 -0.7040693 0.4446246 -0.5537107 -0.03147399 -0.8819776 0.4702393 -0.04250437 -0.2089157 0.9770095 -0.1009117 -0.8765967 0.4705264 -0.3274937 -0.8289818 0.4533622 -0.3053249 -0.08685076 0.9482794 -0.7683124 -0.3962658 0.5026624 -0.5778635 -0.8161278 -0.003062486 -0.7400311 -0.6388257 -0.2103705 -0.2253282 -0.901117 -0.3704261 -0.1088657 -0.8816996 0.4590795 -0.07348752 -0.1785643 0.9811801 -0.001506268 -0.8847099 0.4661396 -0.1028495 0.8855188 0.4530767 -0.2079399 0.9698716 0.1269261 -0.0541076 -0.1970064 -0.978908 -0.0432052 0.8701363 -0.4909136 -0.2278778 0.9591188 -0.1678186 0.009393811 -0.9639874 0.2657824 0.05481892 0.9483718 0.3123876 -0.3243731 -0.4478541 -0.833192 -0.5196315 -0.7712126 -0.3677151 -0.244194 -0.9033093 -0.352706 -0.3624854 -0.08429908 -0.9281693 -0.8183687 -0.3704088 -0.4393976 -0.7451795 0.4224968 -0.5159497 -0.1043404 -0.1809532 0.9779413 -0.9977985 -0.0240789 0.06179344 -0.7091321 0.3894137 0.5877829 -0.7966012 0.5842283 -0.1552545 -0.3419312 -0.8963571 0.2821829 -0.6868788 -0.4878433 0.5387083 -0.747356 -0.640735 -0.1758345 -0.02817684 -0.5472947 0.8364655 -0.3743507 0.8395226 0.393781 -0.8508953 -0.035631 -0.5241258 -0.0234456 0.3534181 0.9351716 -0.1472037 0.5913118 -0.7928944 -0.08776813 -0.2017374 -0.9754992 -0.07713282 0.8774037 -0.4735118 -0.1076708 -0.8878698 -0.447319 -0.04632842 -0.2224457 -0.9738437 -0.02677798 -0.8918697 -0.4514992 -0.02132785 -0.8937247 -0.4481086 -0.166033 -0.8901786 -0.4242818 -0.3652396 -0.07788127 0.92765 -0.2729001 0.7878997 0.5520324 -0.7590447 0.414498 0.5020385 -0.1713176 0.8874551 0.4278712 -0.8191196 -0.3505668 0.4540332 -0.02784651 -0.8820766 0.4702826 -0.03684192 -0.2091733 0.9771844 -0.1054043 -0.8760297 0.4705975 -0.1497532 -0.8877294 0.4353284 -0.01021814 -0.8845742 0.4662876 -0.2740013 -0.884549 0.3774872 -0.7890005 -0.6142749 -0.01203423 -0.3772544 -0.8292334 -0.4123727 -0.3807904 -0.8106327 0.4448296 -0.3249614 -0.8480979 -0.4184854 -0.09780395 -0.8888881 -0.4475628 -0.03378725 -0.2230363 -0.9742245 -0.02610868 -0.8918607 -0.4515562 0.006605207 -0.8943039 -0.4474112 -0.1176504 -0.8983536 -0.4232248 -0.2577776 0.7969702 -0.5462503 -0.7071377 0.4412989 0.5524598 -0.07292973 0.5902335 0.8039315 -0.04024755 0.8635158 0.5027134 -0.2113268 0.8096238 -0.5475859 -0.2197576 0.8016674 0.5559101 -0.7592099 -0.4215859 -0.4958487 0.002582073 -0.8831968 -0.4689956 -0.04250788 -0.2687211 -0.9622796 -0.1049616 -0.8754295 -0.471812 -0.3011812 -0.8497331 -0.4327164 -0.1219481 -0.9020092 0.4141355 0.002653717 -0.8943497 0.4473607 -0.6918674 0.4506983 0.5640839 -0.2061599 0.8048153 0.5565702 0.00469774 -0.885693 -0.4642477 -0.08289307 -0.8901382 -0.4480878 -0.7251927 0.4326106 0.5356712 -0.2354694 0.7981528 0.5545326 -0.1100544 -0.8767194 -0.4682426 -0.04205405 -0.2226955 -0.9739806 -0.02547562 -0.8806357 -0.4731085 -0.7859202 -0.4010401 -0.4706339 -0.345393 -0.8351864 -0.4279807 -0.2094187 -0.8692575 0.4478116 -0.4412183 -0.5276004 -0.7259231 -0.7366776 -0.6532278 -0.1749279 0.02296882 -0.4922893 -0.8701286 0.4869138 -0.2527686 -0.8360761 0.6545055 -0.2061549 0.7274083 0.7777565 -0.325149 0.537934 -0.08370447 -0.01651376 -0.9963539 -0.2819717 -0.9493613 -0.1385825 -0.6249014 -0.1066526 -0.7733845 -0.2022141 -0.9607861 -0.1897355 0.1922264 -0.9806972 0.03580629 0.4346695 0.2517462 0.8646886 0.4371426 -0.3925669 0.8091956 0.03124731 0.9366359 0.3489084 0.1649129 0.6097602 0.7752395 0.4018767 0.7463726 -0.5304933 -0.201678 0.8227453 -0.5314285 -0.438849 0.8985609 -2.50346e-7 -0.2373824 0.9714162 -4.43999e-4 -0.2006061 0.8234558 0.5307334 -0.2153953 0.6831358 -0.697804 -0.4023206 0.8929327 -0.2020137 -0.2253946 0.9471059 -0.2284465 -0.2255462 0.9677061 -0.1125783 -0.2168942 0.9636256 -0.1561496 0.004506289 0.9389587 -0.3440006 0.1864874 0.9822119 -0.0219596 -0.07304185 0.9871034 -0.1424493 -0.07932198 0.9872888 0.1377276 0.2682929 0.9094502 -0.317678 -0.225506 0.9636742 -0.1431054 -0.2132811 0.9709883 0.1081333 -0.1393026 0.9711565 0.1935197 0.06721198 0.6178547 -0.7834144 -0.1504554 0.983712 -0.09835594 -0.1388831 0.9875208 0.07425719 -0.05364346 0.8709755 -0.4883894 -0.1758319 0.9751816 0.1345512 -0.2568192 0.7252918 0.6387454 0.4009949 0.8761262 -0.2675929 -0.1700723 0.936563 0.3064723 0.3944993 0.6846103 -0.6129267 0.2070217 -0.8530886 -0.4789385 0.02413678 0.0113939 0.9996438 -0.07575225 0.006994366 0.9971022 -0.03296899 0.7113622 0.702052 0.1083562 -0.7959635 0.5955679 0.1107923 -0.9934632 0.02749562 0.0329284 -0.9961426 0.08133602 0.09254908 -0.5361773 0.8390164 0.368703 -0.721154 -0.5865108 0.2242012 -0.5923265 -0.7738755 0.451113 -0.4933983 -0.7436769 -0.09255099 -0.5361706 0.8390206 0.7479244 -0.617699 0.2430165 0.6239278 -0.6364472 0.4534856 0.3385666 -0.9344907 0.1099988 0.2759943 -0.9399261 0.2009132 0.2384169 -0.6359766 0.7339559 0.1055695 -0.9395486 0.3257354 -0.238416 -0.635975 0.7339576 -0.1055681 -0.9395488 0.3257351 -0.6239315 -0.6364408 0.4534894 -0.2761377 -0.9399278 0.2007082 -0.7479298 -0.6176918 0.2430185 -0.3385534 -0.9344965 0.1099905 0.8020808 -0.1307376 0.5827299 0.9436618 -0.1244624 0.3066131 0.3063679 -0.1307159 0.9428956 -0.3063689 -0.1307163 0.9428952 -0.8020799 -0.1307373 0.5827314 -0.9436615 -0.1244615 0.3066145 -0.9654955 -0.1421454 -0.2182046 -0.9654917 -0.1421486 0.2182193 -0.9674124 -3.79607e-6 -0.2532064 -0.9674126 5.99391e-6 0.2532054 -0.9654951 0.1421497 0.2182034 -0.9654915 0.1421471 -0.2182211 -0.1375299 0.9282961 0.3454736 -0.1281972 0.9604631 -0.2471356 -0.07387334 0.6551717 -0.7518596 -0.03923475 0.7312381 0.680993 -0.08398401 0.9701849 0.2273501 -0.1065039 0.9519141 -0.2872565 -0.1256746 0.9920712 -9.39667e-4 -0.1000096 0.7892855 0.6058271 -0.0998277 0.7880715 -0.6074354 -0.6080091 0.1605796 -0.7775211 -0.009143054 0.1985881 -0.9800405 -0.6239827 -0.04482352 -0.7801517 -0.01176768 -0.04677432 -0.9988362 -0.0570628 0.7067692 0.7051391 -0.0440666 0.5093963 0.8594031 0.06812947 -0.1142465 -0.9911137 0.1979281 -0.441643 -0.8750864 0.9484046 -0.08824193 0.3045361 0.9374458 -0.2414036 0.2508382 0.6079377 -0.2049832 0.7670683 0.6545602 -0.333693 0.6783804 0.9542496 -0.02575206 -0.2979004 0.9529237 -0.1676757 -0.252629 0.7346122 0.6752712 0.06598365 0.7984781 0.2298825 -0.5564053 0.6249482 0.7079823 0.3289389 0.6914184 0.5893537 0.4178551 -0.02564525 0.0262798 -0.9993256 -0.06670427 -0.7520948 -0.6556707 -7.53705e-4 0.03696912 -0.9993162 -0.001491725 -0.7694228 -0.6387381 -0.1108036 -0.9934623 0.02748525 0.005601942 -0.999354 0.03550404 -0.1083493 -0.7959527 0.5955834 0.003965437 -0.7307506 0.6826331 0.003392636 0.7092316 0.7049674 0.005928814 0.9996598 0.02540343 -0.1105445 0.006548643 0.9938496 0.006451725 0.009516894 0.999934 0.09784036 0.6997018 0.7077039 0.1090661 0.01141422 0.993969 0.1082866 -0.7324705 -0.6721318 0.02893072 -0.7383106 -0.6738402 0.1131701 0.02350151 -0.9932977 0.0440644 0.02312785 -0.9987609 0.08760452 -0.9952626 0.04216265 0.1009495 -0.7198312 0.6867694 0.08858036 0.9955775 0.0312891 0.1036898 0.7136402 -0.6927959 0.02810704 0.7194969 -0.6939266 -0.01199376 0.9997985 0.01609766 0.1144459 0.9929357 0.03131866 0.02098637 0.9994368 0.02618592 0.02084594 0.9993409 0.02971929 0.09123259 0.7135832 0.6946047 0.1023059 0.7581341 0.6440234 0.07575315 0.006994843 0.9971021 0.08673411 -0.7196871 0.6888598 0.8466822 -0.5316428 0.02203065 0.09349215 -0.9953415 0.02355062 0.03296917 0.7113624 0.7020518 0.137269 0.9902095 0.02534306 0.8863673 0.4430475 -0.1343944 0.8466819 0.4667354 -0.2555148 0.8986418 0.438274 -0.01894164 0.9938194 0.1089831 0.02111679 0.9029622 0.1711197 -0.3941794 0.9476348 0.1388354 0.2875989 0.8177422 0.2083736 0.5365428 0.7317813 0.321091 0.6011628 0.9562946 0.149987 -0.2510072 0.02528226 0.9587116 -0.2832543 1.00425e-5 0.4029427 -0.9152253 0.7966144 0.4276205 -0.4272542 -2.05077e-6 0.03936719 -0.9992249 0.5253975 0.1324784 -0.8404802 0.81349 0.5784428 0.06031608 0.8189233 0.5733388 -0.02544492 2.57403e-5 -0.5953989 0.8034303 1.96393e-6 -0.3952432 0.9185767 0.3822023 -0.4055306 0.8303411 0.6396132 -0.3590831 0.6796723 0.7846488 0.6108025 -0.1060498 0.9975221 -0.06985193 0.008398175 0.1276028 0.2911709 0.948123 -2.75578e-6 0.3040154 0.9526672 0.1808418 0.3848307 0.9050976 5.02111e-6 0.4250938 0.9051494 3.67174e-7 -0.7741795 0.6329663 9.73465e-7 0.3824893 0.92396 2.87592e-6 0.9493443 0.3142378 1.09104e-6 0.7826557 0.6224549 -0.05374389 -0.7912926 -0.6090712 0.06281113 -0.5474632 -0.8344693 9.22522e-6 -0.1726214 0.9849883 0.417225 -0.1691078 0.8929311 0.724804 -0.184465 0.6638011 0.7247254 0.02528887 0.6885737 0.9317946 0.02989578 0.3617529 0.9998359 0.01804524 0.001624464 0.2352964 -0.6449633 0.7270887 0.3143985 -0.7405562 0.593911 0.922648 -0.2482646 -0.2951024 0.9714859 -0.2370819 -0.00271207 0.9103136 -0.2875903 0.297693 0.9192694 -0.2670931 0.2891457 -0.2311262 -0.761754 0.6052369 0.1473661 -0.9201343 0.3628172 -0.3900416 -0.8981936 0.2027706 0.0863018 -0.9792731 0.1832385 -1.72757e-5 0.8246226 0.5656833 2.37674e-6 0.642971 0.7658905 0.5283665 0.1845037 0.8287264 1.84949e-6 0.2296068 0.9732835 0.9576219 0.09856945 0.2706371 -8.12579e-7 0.4322072 0.9017744 0.7281174 -0.5677592 0.3840503 -0.6919522 -0.6162022 0.3761609 0.6994111 -0.6877623 -0.1944409 -0.6913682 -0.7045185 -0.1601988 0.4413169 -0.3594486 0.8222141 0.09732365 -0.9895438 -0.106449 0.3074457 -0.8052789 0.5069549 -0.3028838 -0.8486843 -0.4335856 0.3410449 -0.1038868 0.934289 0.6026971 0.1569554 0.7823817 0.06977778 0.8041901 0.5902621 0.0777719 0.802637 0.5913759 -0.4768335 0.6805817 -0.5562719 0.8827632 -0.2108629 0.4198406 0.7408149 -0.4324686 0.5139691 0.8483328 -0.4019989 0.3445699 0.4495512 -0.6617016 0.6000457 0.7924377 -0.2633175 0.5501875 0.7660589 -0.3715529 -0.5245022 -0.001805484 0.8230347 0.5679882 -0.04031252 0.8230332 0.5665611 -0.6840852 0.5800997 -0.4421672 0.9392833 0.09837371 0.3287391 0.618441 0.1200054 0.7766141 0.7863258 -0.1633808 -0.5958175 0.4142919 -0.1477584 0.89807 0.5828622 -0.6347732 0.5072816 0.1196333 0.2606437 0.9579942 0.6672282 -0.3928807 -0.6328123 0.6950026 -0.7050157 -0.1411535 0.4619578 -0.1482095 0.8744307 0.6708084 -0.120339 0.7318023 0.6036272 0.2660074 0.7515813 0.3671796 0.6190596 0.6942222 0.6062934 -0.7692025 0.2018316 0.6250054 -0.7805984 0.005883932 0.8181845 -0.5108372 0.2638554 -9.53456e-6 -0.9892318 -0.1463571 -4.15321e-5 -0.9992878 0.03773629 0.3493818 -0.9342173 0.07190579 0.4491942 -0.884404 0.1267058 0.4257751 -0.8905044 0.1603668 0.9417894 -0.1228446 0.3129566 0.101567 -0.9937992 0.04524815 0.1941347 -0.8876426 0.4176154 -4.91641e-6 -0.8720976 0.489332 1.96509e-7 -0.4761496 0.8793643 0.6710197 0.5246326 0.523921 0.7303168 0.3382567 0.5934811 0.5078033 0.8593503 -0.06044006 0.1589647 0.9836818 -0.0842635 0.4586296 0.8685271 0.1879352 0.1577966 0.9740788 0.1620827 0 0.3574339 0.9339385 0 0.6655568 0.7463473 0.4014336 0.7618919 0.5083029 0.1408895 0.867484 0.4770972 0 0.8871733 0.4614366 0 0.9885252 0.1510569 0 0.996396 -0.08482414 0 0.9716664 -0.2363566 0.1622331 0.9545218 -0.2501372 0.5053394 0.8224907 -0.2610387 0.6523941 0.03919273 -0.7568659 2.37068e-6 0.07086491 -0.9974859 0.03384989 0.9666324 0.2539216 9.32021e-7 0.9631084 0.2691139 -5.10365e-7 -0.9989718 0.04533529 1.97031e-5 -0.9953889 -0.09592205 0 -0.9751083 0.2217292 0 -0.8065353 0.5911861 0 -0.5333253 0.8459103 0 -0.2724472 0.9621707 0.6647372 -0.1454143 0.7327886 0.7971355 -0.08246374 0.5981427 0.7498813 -0.1777667 0.6372417 0.1091901 0.7893444 0.6041629 -0.228794 -0.4542728 0.8609817 -0.5160347 -0.7223454 0.4603534 0.2249214 -0.4537985 0.8622513 0.5008355 -0.7190185 0.4818468 -0.8299257 -0.5442877 0.1223692 0.848973 -0.5265258 0.04489332 -0.6942744 -0.687249 -0.2137103 0.7033709 -0.6918761 -0.1630248 0.599916 -0.6055243 0.5229161 -0.5563382 -0.5591287 0.6147057 0.6790682 -0.7157575 0.1629649 -0.6889299 -0.7172816 0.1043207 -0.685642 -0.7192398 -0.1122019 0.664044 -0.7133995 -0.2238452 -0.6246107 -0.4169292 -0.6603268 -0.01207315 -0.4300849 -0.9027077 0.5935366 -0.4021776 -0.6971137 -0.9125983 -0.3788599 -0.1537195 0.8868466 -0.3538107 -0.2971889 -0.1963605 0.7131891 0.6729071 0.1958859 0.7078597 0.6786482 0 -0.8014339 -0.5980833 0 -0.8448769 -0.5349608 0.5756931 0.06058079 0.8154186 0.3184276 0.02033847 0.947729 0.3743965 0.5157977 0.7705712 0.7742368 0.0869745 0.6268916 0.8393387 -0.4617405 0.2868909 0.7858933 -0.327648 0.5244224 0.9232526 0.05412364 0.380362 0.9944297 -0.02687621 0.1019178 0.9622538 -0.174759 -0.2086313 0.7791034 -0.3813155 -0.4975907 0.5086547 -0.5591897 -0.6546582 0.5375755 -0.3670551 -0.7591331 0.5464788 -0.1499915 -0.8239318 0.786013 -0.1139909 -0.6076099 0.7235659 0.1370788 -0.6765071 0.9316528 0.1217837 -0.3423331 0.8158519 0.3311859 -0.4740269 0.9688287 0.2414278 -0.0555306 0.8705219 0.4311122 -0.2373478 0.9579636 0.0921511 0.2716875 0.9614459 -0.2740682 0.0225501 0.9250432 0.3162316 0.2104589 0.8524222 0.5225566 -0.01764464 0.8198933 0.3754242 0.4322403 0.785075 0.5958781 0.1690756 0.6699772 0.3989505 0.6260744 0.6656372 0.6609022 0.3466055 0.3848299 0.3747088 0.8435043 0.3881136 0.730637 0.5617273 0 -0.683892 -0.7295833 0.1850769 -0.6660342 -0.7225961 0.1570274 -0.8377308 0.5230196 0.7656908 0.2784907 0.5797935 0.1034581 -0.7641139 0.636731 0.4039437 0.4567553 0.7925934 0 -0.7419204 0.6704881 2.70037e-6 0.5210117 0.8535496 0.1997807 -0.5142597 -0.8340411 0.2040895 -0.3430865 -0.9168637 0 -0.5410717 -0.8409765 0 -0.3748189 -0.9270982 5.03172e-6 0.3407666 0.9401479 -7.63009e-6 0.7456772 0.6663074 7.40853e-7 0.005346536 0.9999858 -2.44447e-6 0.5544875 0.8321921 0.309461 0.9362814 0.1661661 0.202358 0.9573329 -0.2063129 -6.68922e-7 0.9789891 0.2039126 5.90831e-6 0.9814887 -0.1915208 0.197561 0.9036656 -0.3799449 0.3401623 0.7088635 -0.6179014 0.06635516 0.870432 -0.4877963 0.1209713 0.6231567 -0.7726848 0 0.860271 -0.509837 3.57151e-7 0.5990532 -0.8007093 -0.2828815 -0.9517017 0.1193403 -0.115292 -0.984944 0.1288139 -2.05648e-4 -0.9915421 0.1297852 0.006879985 0.828253 0.5603122 0.003949701 0.8382654 -0.5452481 0.007291972 0.8384162 -0.5449817 0.005262672 0.8281985 0.5604101 0.004210054 0.8383025 -0.5451893 0.007387459 0.8282645 0.5602887 0.009959876 0.8385426 -0.5447451 0.001411795 0.8280818 0.5606056 0.5301185 -0.05889022 -0.845876 -0.4282681 -0.5202742 -0.7388513 -0.1794353 -0.5565621 -0.8111976 -0.2465069 -0.9324719 -0.2640655 0.02359658 -0.9531062 -0.3017147 -0.1105843 -0.9924317 -0.05339026 -0.4869126 -0.2527691 -0.8360766 -0.5214514 -0.7062701 0.4788225 -0.2540711 -0.8162992 0.5187519 0.3629108 2.49129e-4 0.9318239 0.3496865 -0.5068274 0.7879375 0.3347948 -0.8378262 0.4312304 -0.06278514 -0.9558459 0.2870831 0.3327851 -0.9430028 -9.36517e-5 0.1985766 -0.9799833 0.01414233 0.3376415 -0.8370166 -0.4305827 0.1623172 -0.8832158 -0.4399806 0.3554225 -0.5058746 -0.7859809 -0.01067048 -0.4990119 -0.8665295 0.3694174 2.20937e-4 -0.9292637 -0.512053 1.60248e-5 0.8589539 -0.5044159 -0.4684548 0.7253376 -0.490566 -0.7745838 0.3992052 -0.4842234 -0.8749445 1.16639e-5 -0.4905434 -0.7746074 -0.3991878 -0.5044163 -0.4684807 -0.7253206 -0.5120524 -1.07642e-5 -0.8589543 -0.6447786 -0.6516645 0.3994922 -0.4842209 0.8749459 -1.44204e-5 -0.4905447 0.774607 0.3991865 0.3694319 0.9292411 0.005583941 0.3876565 0.8180106 0.4249485 -0.4905664 0.7745836 -0.3992056 0.3505729 0.8321326 -0.429714 -0.5044159 0.4684529 -0.7253389 0.3632629 0.5044164 -0.7833289 -0.5044158 0.4684786 0.7253224 0.3770481 0.5051897 0.7762849 0.09108757 0.5328063 -0.8413208 -0.03485888 0.8801995 -0.473322 0.9674129 -2.64755e-6 -0.2532044 0.9674127 6.24731e-6 0.2532052 0.9654915 -0.1421566 -0.2182145 0.9654955 -0.1421381 0.2182094 0.9654957 0.1421412 -0.2182065 0.9654911 0.1421545 0.2182178 0.1281944 0.9604657 -0.2471274 0.1375379 0.928304 0.3454493 0.07386904 0.6551625 -0.751868 0.08399134 0.9701814 0.2273625 0.03925156 0.7312319 0.6809988 0.1065017 0.9519166 -0.2872498 0.1000298 0.7892827 0.6058276 0.1256722 0.9920714 -9.56154e-4 0.0998438 0.7880574 -0.6074512 0.9594028 -0.02715384 0.2807294 0.9627758 0.05960136 -0.2636484 -0.9490022 -0.02918106 0.3139161 -0.9522929 0.07168686 -0.2966466 -0.5779969 -0.08267909 0.8118399 -0.5718131 -0.06433522 0.8178576 0.9600746 0.04406446 -0.2762519 0.9652508 0.1450221 0.2173925 0.6913638 -0.7045227 -0.1601998 0.6919569 -0.6161848 0.376181 -0.6417232 0.4120966 0.6468135 -0.9495522 0.1928635 0.2472938 -0.6994109 -0.687764 -0.1944354 -0.7281084 -0.5677604 0.3840658 -0.9436599 0.06723111 -0.3240154 -0.6545604 -0.333692 0.6783807 -0.1433432 -0.5175551 0.8435577 -0.6722016 -0.4468044 0.5903481 -0.2353169 -0.6449569 0.7270877 0.3900545 -0.898189 0.2027667 0.959285 -0.05308067 0.2774072 0.9619581 0.01482957 -0.2727944 0.6128505 0.008138954 -0.790157 -0.06813144 -0.1142671 -0.991111 -0.01131582 -6.34075e-5 -0.9999361 0.9594283 -0.05197906 0.2771205 0.9618815 -0.04979729 -0.2688944 0.6110328 -0.04680579 -0.7902204 0.005958139 -0.04601746 -0.9989229 -0.9542449 -0.02573817 -0.2979165 -0.9506861 -0.06229132 -0.3038353 -0.9483944 -0.08820134 0.3045797 -0.9465854 -0.07608318 0.313349 -0.5672622 -0.05045014 0.8219906 0.01716125 -0.02427339 0.9995582 -0.6079289 -0.2049713 0.7670784 -0.09550195 -0.3643866 0.9263378 0.01427513 -0.08578741 0.9962113 0.5979286 0.1581386 -0.7857948 0.008512318 0.199002 -0.9799622 -0.7345908 0.6752941 0.06598663 0.5023624 0.8520395 0.1471762 -0.7984939 0.2298894 -0.5563798 0.001465976 -0.7694141 -0.6387487 0.06670254 -0.7520973 -0.6556681 7.88462e-4 0.03695851 -0.9993166 0.0256924 0.02626955 -0.9993247 -0.003992557 -0.7307625 0.6826202 -0.005599558 -0.9993547 0.03548067 -0.003393113 0.7092325 0.7049666 -0.00591576 0.9996594 0.02542328 -0.006421804 0.009530484 0.999934 0.1105425 0.006548047 0.9938498 -0.09790086 0.6996853 0.7077116 -0.109051 0.01143419 0.9939705 -0.113165 0.02353417 -0.9932975 -0.04406183 0.02312183 -0.9987612 -0.1082805 -0.7325047 -0.6720955 -0.02892065 -0.7383196 -0.6738308 -0.08765864 -0.995263 0.04204314 -0.1009365 -0.7198238 0.6867792 -0.08858454 0.9955775 0.03127783 -0.02810913 0.7195085 -0.6939146 -0.1036882 0.7136264 -0.6928104 -0.1136868 0.9931173 0.02816653 -0.02442091 0.9992983 0.02840048 0.01606917 0.9997684 0.01431745 -0.09121567 0.7135968 0.694593 -0.0209549 0.9994376 0.02618336 -4.2006e-4 -0.7350038 0.6780629 -0.08673673 -0.719685 0.6888616 0.0126447 -0.6723511 -0.7401245 -0.0934686 -0.9953437 0.02354872 0.0690481 0.06785434 -0.995303 -0.9938168 0.1090037 0.02113223 -0.9029608 0.1711186 -0.3941831 -0.9476262 0.1388699 0.2876105 -0.817736 0.2083603 0.5365576 -0.7317772 0.3210622 0.6011833 -0.02528071 0.9587091 -0.2832629 -0.9562961 0.1499934 -0.2509979 -0.796629 0.4276108 -0.4272368 -0.8466953 0.4667276 -0.2554849 -0.1031513 0.1276671 -0.9864386 -0.5253905 0.1324868 -0.8404834 -0.9181768 0.06215268 0.3912653 -0.9975219 -0.06985664 0.008383691 -0.9318042 0.02989643 0.3617283 -0.9998363 0.01802188 0.001600444 -0.813494 0.5784373 0.0603156 -0.8758297 0.4705342 0.1073307 -0.8189399 0.5733144 -0.02545976 -0.8986526 0.4382514 -0.01895833 -0.3821941 -0.4055321 0.8303443 -0.09289705 -0.06992191 -0.9932175 -0.08366864 -0.3042738 -0.948903 -0.7846602 0.6107863 -0.1060587 -0.8863605 0.4430646 -0.1343827 -0.6876889 -0.3867932 -0.6143901 4.44986e-6 -0.985269 -0.1710123 6.92531e-6 -0.9999516 0.009844779 -0.4172308 -0.1690983 0.8929302 -0.7248082 -0.1844533 0.6637999 -0.08629703 -0.9792734 0.1832391 -0.5283743 0.1844946 0.8287234 -0.9576177 0.0985676 0.2706528 -0.0777961 0.8026069 0.5914135 0.4768369 0.6805826 -0.5562679 -0.8827657 -0.2109057 0.4198138 0.6840878 0.5800946 -0.4421697 0.001785278 0.8230268 0.5679998 -0.9647351 -0.01700294 0.2626733 -0.8483467 -0.4019652 0.3445749 -0.9414389 0.3211882 0.102621 -0.6184468 0.1199803 0.7766134 -0.9392781 0.09837776 0.328753 -0.7863184 -0.1633821 -0.5958269 -0.4142773 -0.1477724 0.8980745 -0.582863 -0.6347842 0.5072671 -0.1196261 0.2606184 0.958002 -0.6950042 -0.7050161 -0.1411435 -0.6672173 -0.3928882 -0.6328191 -0.5940164 -0.2370194 0.7687433 -0.7734826 0.03831416 0.6326586 -0.7579316 -0.3227643 0.5668889 -0.3638755 0.6206864 0.6945092 -0.668444 0.5260347 0.5258043 -0.6015362 0.2692137 0.7521158 -0.7985843 0.2627468 0.5415046 -2.20066e-6 -0.4744197 0.8802989 -0.3187639 -0.2883391 0.9029121 -2.96382e-6 -0.9042699 0.4269615 -0.1941333 -0.8876439 0.417613 -0.8181784 -0.5108607 0.2638284 -0.6062772 -0.7692113 0.2018465 -0.6250037 -0.7805998 0.005858778 -0.3493778 -0.9342204 0.07188516 -0.4492105 -0.8843938 0.1267183 -0.4257937 -0.8904908 0.1603937 -0.7264648 -0.4863997 0.4854528 -0.5453436 -0.7267726 0.4176148 -0.4250028 -0.3791384 0.8219652 -0.2916511 -0.8719271 0.3932974 -0.3866323 -0.7839685 0.4857046 -0.7269958 0.3384472 0.5974369 -0.592508 -0.00897938 0.8055146 -0.9417767 -0.1228619 0.3129883 -0.7816265 0.5870364 0.2108274 -0.4630427 0.8671149 0.1835845 -0.8033207 0.5887644 -0.08962327 -0.4778219 0.8745087 -0.08319181 -0.1577887 0.9740812 0.162076 -0.1589106 0.9836896 -0.08427518 -0.9672385 0.1112184 0.2282108 -0.9896696 0.1283011 -0.0639761 -0.7952289 0.106773 0.5968338 -0.6512452 0.5099637 0.5619758 -0.4014053 0.7618758 0.5083495 -0.1408891 0.8674879 0.4770902 -0.181949 0.9523599 -0.2447554 -0.9417042 0.1618428 -0.2949579 -0.7656726 0.5625512 -0.3119003 -0.4763679 0.8320641 -0.2841532 -0.1622546 0.9545105 -0.2501664 -0.03384578 0.9666334 0.2539181 -0.6518812 0.04554218 -0.7569524 -0.1015519 -0.9938005 0.04525339 -0.2204292 -0.9505048 0.2189789 -0.6109057 -0.7632389 0.2103824 -0.8927848 -0.3908024 0.2240733 -0.9151666 -0.4017112 -0.03314173 -0.1777001 -0.7781015 0.602479 -0.5008378 -0.6219446 0.6019522 -0.7335067 -0.3101842 0.6047759 -0.9064811 0.1794005 -0.3822404 -0.7657496 0.6359079 -0.09617042 -0.882752 -0.2173917 -0.416521 -0.7730013 -0.5594537 -0.2991332 -0.4266303 0.8389776 0.3377915 -0.7971231 -0.08247089 0.5981583 -0.6647335 -0.1454115 0.7327926 -0.7498836 -0.1777657 0.6372393 -0.3906973 -0.3247117 -0.8613467 6.30319e-6 -0.4028086 -0.9152843 -0.6299111 -0.2995268 -0.7165862 -0.2249099 -0.4538508 0.8622269 -0.5008502 -0.7190129 0.48184 0.2287794 -0.4542713 0.8609864 0.516042 -0.7223467 0.4603432 0.6942774 -0.6872466 -0.2137081 -0.7033657 -0.6918819 -0.1630222 0.8299262 -0.544287 0.1223695 -0.8489589 -0.5265486 0.04489237 -0.5998948 -0.6055591 0.5229002 0.5563492 -0.5591087 0.614714 -0.6790769 -0.7157496 0.1629633 0.6889587 -0.7172522 0.1043328 0.6856495 -0.7192319 -0.1122068 -0.6640497 -0.7133924 -0.2238515 0.6246116 -0.416948 -0.6603142 0.0120688 -0.4300792 -0.9027106 -0.5935329 -0.4021847 -0.6971129 0.9125942 -0.3788657 -0.1537291 -0.8868491 -0.3538019 -0.297192 0.1963697 0.7131988 0.6728941 -0.1958935 0.7078545 0.6786515 -0.3743979 0.5157913 0.7705749 -0.5757003 0.0605843 0.8154134 -0.3184155 0.02032768 0.9477333 -0.7742276 0.0869829 0.6269016 -0.7858928 -0.3276457 0.5244244 -0.839336 -0.4617413 0.2868971 -0.9232663 0.05408883 0.380334 -0.9944278 -0.02685582 0.1019423 -0.9622614 -0.1747219 -0.2086275 -0.7790905 -0.3813219 -0.497606 -0.5086572 -0.5591697 -0.6546733 -0.7860125 -0.1139854 -0.6076115 -0.7235552 0.1371161 -0.6765109 -0.5375789 -0.3670508 -0.7591329 -0.546478 -0.1499954 -0.8239316 -0.9316497 0.1218211 -0.3423283 -0.8158349 0.3312084 -0.4740405 -0.9688265 0.2414388 -0.0555219 -0.8705118 0.4311223 -0.2373661 -0.9579573 0.09213334 0.2717158 -0.9614388 -0.274091 0.0225749 -0.9250441 0.3162267 0.2104615 -0.8524235 0.5225558 -0.01760101 -0.8199 0.3754277 0.4322247 -0.7850868 0.5958684 0.169055 -0.669969 0.3989649 0.626074 -0.6656382 0.6608759 0.3466538 -0.3848504 0.3747141 0.8434926 -0.388107 0.7306371 0.5617317 -0.1850885 -0.6660323 -0.7225949 -0.7656868 0.2784985 0.579795 -0.1570435 -0.8377158 0.5230389 -0.4039214 0.4567744 0.7925937 -0.1034423 -0.7641085 0.63674 -0.1997728 -0.5142509 -0.8340485 -0.2040693 -0.3430955 -0.9168649 -0.3094506 0.9362779 0.1662051 -0.2023711 0.9573298 -0.2063145 -0.6645802 0.6804865 -0.3086605 -0.6677495 0.588383 -0.4559782 -0.6139968 0.4936219 -0.6159103 -0.1321424 0.8708583 -0.4734389 -0.06635785 0.8704293 -0.4878007 -0.120975 0.6231327 -0.7727036 -0.197552 0.9036601 -0.3799627 -0.3401579 0.7088747 -0.617891 -0.5892203 0.4144166 -0.6935982 0.1152851 -0.9849454 0.1288108 0.2828814 -0.9517004 0.1193509 -0.006881356 0.8282559 0.5603079 -0.003919601 0.8382827 -0.5452218 -0.007295429 0.8384463 -0.5449354 -0.005266308 0.8282113 0.5603914 -0.004212915 0.8383013 -0.5451911 -0.007386922 0.8282679 0.5602837 -0.0100401 0.8385286 -0.5447651 -0.001413285 0.8280891 0.5605948 -0.5301283 -0.05887198 -0.8458712 0.2540659 -0.8162837 0.5187789 0.5214523 -0.7062717 0.4788193 -0.362935 2.51445e-4 0.9318144 -0.3497098 -0.5068228 0.7879301 0.06277519 -0.9558442 0.287091 -0.3347827 -0.83783 0.4312325 -0.1985729 -0.9799841 0.01413929 -0.3328009 -0.9429972 -9.64305e-5 -0.04064494 -0.8734322 -0.4852467 -0.3376176 -0.8370212 -0.4305927 -0.3553928 -0.5058782 -0.785992 -0.3694208 2.18792e-4 -0.9292622 0.5120524 -9.68109e-6 0.8589543 0.5044171 -0.4684539 0.7253373 0.4905417 -0.7745933 0.3992171 0.4842211 -0.8749457 1.70823e-5 0.4905671 -0.7745964 -0.3991799 0.5044153 -0.4684787 -0.7253227 0.5120702 -1.17188e-5 -0.8589437 -0.0317527 -0.9532867 -0.3003937 0.6447858 -0.6516623 0.3994842 -0.369446 0.9292354 0.005582749 -0.3876492 0.8180099 0.4249562 0.4842197 0.8749465 -7.72994e-7 0.4905658 0.7745967 0.3991809 -0.3505419 0.8321397 -0.4297254 0.4905434 0.774593 -0.3992154 -0.3632588 0.5044139 -0.7833325 0.5044348 0.4684559 -0.7253238 -0.3770544 0.5051818 0.776287 0.5044146 0.468483 0.7253203 -0.09109187 0.5327954 -0.8413271 0.03486531 0.880198 -0.4733244 0.3660305 -0.9306024 -9.53608e-4 0.110587 -0.9924306 -0.05340552 0.2320684 -0.9383861 -0.2560781 -0.3660303 -0.9306026 -9.53353e-4 -0.4282683 -0.2900599 0.8558339 -0.3221384 -0.07050335 0.9440637 -0.4025847 0.04274338 0.9143844 -0.4861814 0.1113373 0.8667363 -0.5121879 0.1428368 0.8469127 -0.3330474 0.2339488 0.9134263 0.3330329 0.2339509 0.913431 0.5121802 0.1428393 0.8469171 0.4861798 0.1113451 0.8667361 0.4025828 0.0427429 0.9143851 0.3221477 -0.07050019 0.9440608 0.4282426 -0.2900571 0.8558477 -0.1132423 -0.3875899 0.9148499 -0.4139341 0.03494983 0.9096358 -0.4568066 0.5173872 0.7236286 -0.2251597 0.8754109 0.427737 0.1925949 0.9719386 0.1350653 0.6366437 0.7699941 -0.0423578 0.9371717 0.3469206 -0.03681564 0.9794558 -0.1353672 0.1494734 0.7476401 -0.4927777 0.4452015 0.330367 -0.5890569 0.7374752 -0.5789536 0.8153043 -0.009576797 -0.08150225 0.9302081 -0.3578692 0.4470771 0.6898046 -0.5694662 0.8048896 0.185918 -0.5635489 0.8552621 -0.3889849 -0.3423708 0.5789564 -0.8153023 0.00958395 0.08150804 -0.9302057 0.3578744 -0.4470726 -0.6898005 0.5694748 -0.8048893 -0.185915 0.5635502 -0.8552633 0.3889821 0.3423708 -0.008425533 0.1989997 -0.9799634 -0.5979313 0.1581368 -0.7857932 -0.962776 0.05960077 -0.2636477 -0.9594053 -0.02713727 0.2807223 -0.6134587 -0.05965644 0.7874704 -0.616775 -0.07653546 0.7834098 -0.01175749 -0.09650319 0.9952633 -0.01428627 -0.0858379 0.9962068 0.5718181 -0.06433534 0.817854 0.5780171 -0.0826745 0.8118259 0.949004 -0.02917057 0.3139116 0.9522992 0.07168638 -0.2966269 -0.01357364 0.09017735 -0.9958333 -0.6226235 0.07405084 -0.7790101 -0.9600772 0.04407852 -0.2762407 0.9436655 0.06724894 -0.3239955 0.5731336 0.08314198 -0.8152334 0.5830847 -0.04498559 -0.8111649 0.5722561 0.164086 -0.8034916 0.5603057 0.1653796 -0.8116078 -0.005960166 -0.04602408 -0.9989226 0.576921 -0.04422247 -0.815602 0.01130205 -6.97924e-5 -0.9999362 0.6019985 -0.007994055 -0.7984573 0.6478731 -0.09959012 -0.7552101 0.6876983 -0.3868083 -0.6143701 0.9507023 -0.06227362 -0.303788 -0.6110147 -0.04682213 -0.7902333 -0.6128798 0.008147239 -0.7901343 -0.9618721 -0.04983997 -0.2689203 -0.9619586 0.01484858 -0.2727918 -0.9594404 -0.05197691 0.2770788 -0.9592867 -0.05307024 0.2774036 -0.6125838 -0.03397399 0.7896751 -0.01716047 -0.0242933 0.9995576 0.5672508 -0.0504502 0.8219983 0.9465809 -0.07607722 0.3133639 -0.5023813 0.8520268 0.1471849 -0.5080626 0.7798079 0.3657487 -0.3317864 0.7608926 0.5576381 -0.2571504 0.6769334 0.6896629 -0.1782867 0.5641368 0.8062033 0.3201465 -0.2510167 0.913508 -0.01351308 0.05212938 0.9985489 -0.03292632 -0.9961406 0.08136171 4.20632e-4 -0.7350033 0.6780634 -0.0241363 0.01139426 0.9996438 0.5790858 -0.04534107 -0.8140048 0.9506672 -0.03100359 -0.3086597 0.9506661 -0.0310049 -0.3086628 0.5791161 -0.04534298 -0.8139833 -4.1463e-6 -0.04248595 -0.9990971 -2.90717e-5 -0.04246836 -0.9990978 -0.5790908 -0.04534637 -0.8140009 -0.5791061 -0.04533785 -0.8139906 -0.9506618 -0.03103816 -0.3086724 -0.9506712 -0.03100979 -0.3086466 -0.9739038 -0.01837915 0.2262161 -0.9739314 -0.01842588 0.226093 -0.6094021 -0.02207255 0.792554 -0.6094077 -0.02206778 0.79255 -1.02567e-4 -0.01808422 0.9998366 -5.99663e-5 -0.01805913 0.9998369 0.6094095 -0.02207553 0.7925484 0.609435 -0.02207124 0.7925288 0.9739053 -0.01838827 0.2262089 0.9739063 -0.01839435 0.226204 5.56363e-5 0.145924 -0.9892959 0.1122201 0.1288903 -0.9852889 0.1031681 0.1276618 -0.9864375 0.09289592 -0.06990373 -0.993219 0.08367478 -0.3042679 -0.9489045 1.54031e-5 0.1099951 -0.9939321 7.09388e-6 -0.07288181 -0.9973406 1.62448e-4 -0.7408049 0.6717204 -0.2449449 -0.961118 -0.1274923 0.7575674 -0.276629 -0.5912429 0.1949717 0.4874409 0.8511096 0.2457832 -0.1373307 0.9595473 0.3962566 -0.7100852 0.5820308 0.285741 -0.4029119 0.8694907 0.2346988 0.4566875 0.8581103 0 0.4805546 0.8769649 -0.2347057 0.456688 0.8581081 -0.501199 0.2698135 0.8221923 -0.450318 -0.4081457 0.7941226 -0.4387918 -0.5342929 0.7224907 -0.3753067 -0.8823934 0.2837724 0.7996986 0.2611327 0.5406403 0.8367846 -0.1161776 0.5350649 0.7264854 -0.4863837 0.4854378 0.5453543 -0.726767 0.4176106 0.4174066 -0.838118 0.3511836 0.4773651 -0.8164643 0.3248212 0.3752912 -0.8824073 0.2837499 3.08733e-6 -0.9689949 0.247081 -0.4619601 -0.1481961 0.8744316 -0.6708168 -0.1203261 0.7317967 -0.8367909 -0.1161751 0.5350556 0.05333501 0.6903065 0.7215486 0.4266414 0.8389697 0.3377976 0.4941737 -0.8277391 0.2657825 0.5094005 -0.8562965 -0.08525061 0.7730037 -0.5594516 -0.299131 0.8827517 -0.2173923 -0.4165212 0.9064767 0.1794536 -0.3822258 0.7657531 0.6359036 -0.09617048 0.8400859 -0.2715218 -0.469608 0.6299147 -0.2995379 -0.7165784 0.3906911 -0.3247109 -0.8613498 0.6425539 -0.1988385 -0.7399917 0.3716693 -0.2009166 -0.9063634 1.5281e-5 -0.1912743 -0.9815367 -0.3716536 -0.2009171 -0.9063696 -0.6425715 -0.19883 -0.7399787 -0.9421688 -0.307612 -0.133014 -0.9437184 -0.2971558 0.1452375 -0.7020722 -0.3287701 0.6316685 -0.230501 -0.3153346 0.9205615 0.2272481 -0.3133703 0.9220399 0.6808211 -0.3216351 0.6580529 0.9360632 -0.2713122 0.2239984 0.9603782 -0.2722143 -0.05977708 -0.9534775 0.0862286 -0.2888692 -0.9069218 -0.4165015 -0.06339901 -0.9920818 0.06281369 -0.1087579 -0.8808808 -0.4281343 -0.2018663 -0.66215 0.08117604 -0.7449616 -0.5980701 -0.4780535 -0.6432552 -0.01061338 0.0395435 -0.9991616 -0.009347856 -0.5037556 -0.8637956 0.6245101 0.05667155 -0.778958 0.5700272 -0.4693452 -0.6743769 0.9212136 0.09024465 -0.3784463 0.8631395 -0.3922247 -0.3180411 0.980111 0.1365596 -0.1439935 0.9322527 -0.339422 -0.1252906 0.9820599 0.1880437 -0.01407468 0.9647107 -0.2626067 -0.0192666 0.9486234 0.2409967 0.2050228 0.9399976 -0.2553446 0.2262821 0.6974341 0.2815569 0.6590231 0.6709721 -0.3129906 0.6721855 0.2225136 0.2651213 0.938189 0.2080818 -0.3046998 0.9294408 -0.2251216 0.2682664 0.9366715 -0.210594 -0.3061946 0.9283831 -0.7142333 0.2849128 0.639293 -0.6901724 -0.3182469 0.6499084 -0.961117 0.2284376 0.1551464 -0.9446118 -0.2886723 0.1561309 -0.9900756 0.1259347 -0.06237745 -0.935506 -0.3425024 -0.08672183 -0.009798645 0.4116562 -0.9112866 0.3820282 0.8954046 -0.2287028 0.1672518 0.9733477 -0.1569115 -0.168834 0.9719909 -0.1634894 -0.359999 0.9068704 -0.2190592 0.1993101 -0.06352877 -0.977875 0.6140177 0.4935998 -0.6159072 0.6677747 0.5883707 -0.4559571 0.6646049 0.6804744 -0.3086345 -0.5221809 0.133593 -0.8423065 -0.1993027 -0.06352901 -0.9778766 -6.16226e-7 -0.1157482 -0.9932787 0.1765223 0.2741187 -0.9453564 -3.63799e-7 0.2319054 -0.9727385 -0.1765201 0.2741212 -0.9453562 -0.470241 0.4010038 -0.7861739 0.113241 -0.3875932 0.9148487 -0.3303592 -0.589054 0.7374811 -0.7476481 -0.4927712 0.4451953 -0.9794525 -0.1353816 0.1494817 -0.9371723 0.3469185 -0.03681838 -0.636649 0.7699896 -0.04235792 -0.1925927 0.9719388 0.1350675 0.2251705 0.875405 0.4277434 0.4567998 0.5173985 0.7236248 0.4139317 0.03495389 0.9096366 0.08150285 0.9302067 -0.3578729 0.5789581 0.8153011 -0.009583711 -0.4470784 0.6898031 -0.569467 -0.8048899 0.1859169 -0.5635488 -0.8552633 -0.3889824 -0.3423704 -0.5789573 -0.8153017 0.009584665 -0.08150738 -0.9302037 0.3578794 0.4470755 -0.689801 0.5694719 0.8048883 -0.1859142 0.5635522 0.8552622 0.3889825 0.342373 0.6079987 0.1605777 -0.7775297 0.00914365 0.1985886 -0.9800403 0.6239877 -0.04481726 -0.780148 0.0117678 -0.04682576 -0.9988338 0.6226237 0.07405066 -0.7790099 0.01357358 0.09017735 -0.9958332 0.427268 -0.6442249 -0.634363 0.00381571 -0.3107255 -0.9504922 -0.409674 -0.6295723 -0.660156 -0.5731313 0.08315575 -0.8152335 -0.5830847 -0.04496312 -0.8111663 -0.5722382 0.1640735 -0.8035069 -0.560308 0.1654014 -0.8116018 -0.5769314 -0.04419058 -0.8155964 -0.6020097 -0.007988035 -0.7984489 -0.6478751 -0.09958481 -0.755209 0.01176959 -0.09642106 0.9952711 0.04406678 0.5093709 0.8594181 -0.6547204 0.5637236 0.5035443 0.05705708 0.7067605 0.7051483 -0.4845898 -0.3620743 0.7962883 0.01051902 0.01566594 0.999822 0.4603282 -0.4039512 0.7905198 0.7295747 0.4993602 0.4672903 0.706878 0.3701049 0.6027819 0.6134568 -0.0595135 0.7874827 0.6167826 -0.07652872 0.7834045 0.6125832 -0.03397834 0.7896755 0.5196819 -0.314667 0.7943019 0.2311238 -0.7617564 0.6052348 -0.1372674 0.9902098 0.0253421 -0.8466653 -0.5316689 0.0220471 -0.08961015 -0.9693496 -0.2287606 -0.1949717 0.4874423 0.8511087 -0.2457842 -0.1373323 0.9595468 -0.3962583 -0.7100859 0.5820289 -0.2857271 -0.4029344 0.8694849 0.9421733 -0.3075937 -0.1330256 0.9437168 -0.2971706 0.1452181 0.7020707 -0.3287731 0.6316685 0.2305036 -0.3153384 0.9205595 -0.2272418 -0.3132537 0.922081 -0.6808197 -0.3216338 0.658055 -0.9360548 -0.2713117 0.224034 -0.9603723 -0.2722358 -0.05977433 0.8808977 -0.4280943 -0.2018779 0.9920825 0.06280153 -0.1087586 0.9069321 -0.416477 -0.06341201 0.9534838 0.08620792 -0.2888545 0.5980651 -0.4780797 -0.6432402 0.6621127 0.08118516 -0.7449939 0.009351789 -0.503746 -0.8638012 0.01061892 0.03951883 -0.9991625 -0.5700254 -0.469364 -0.6743654 -0.6245048 0.05666327 -0.7789627 -0.8631455 -0.3922054 -0.3180485 -0.9212123 0.09024071 -0.3784503 -0.9322478 -0.3394393 -0.1252799 -0.9801132 0.1365449 -0.1439919 -0.9647158 -0.2625887 -0.01925343 -0.9820594 0.1880474 -0.01405704 -0.9399859 -0.2553457 0.2263296 -0.9486228 0.2409995 0.2050222 -0.6709592 -0.3129858 0.6722006 -0.6974461 0.281569 0.6590052 -0.2080745 -0.3046951 0.9294439 -0.2224981 0.265071 0.9382069 0.2105959 -0.3062021 0.9283801 0.2250981 0.2683728 0.9366467 0.6901624 -0.3182506 0.6499172 0.7142574 0.2849205 0.6392626 0.9446119 -0.2886728 0.1561292 0.961115 0.2284408 0.1551541 0.9355071 -0.3424982 -0.08672684 0.9900757 0.1259337 -0.06237703 0.009805858 0.4116178 -0.9113039 0.3599992 0.9068703 -0.2190591 0.168834 0.971991 -0.1634894 -0.1672515 0.9733478 -0.1569114 -0.3820282 0.8954046 -0.2287033 0.5435009 -0.1179589 0.8310791 0.5179234 0.08677035 0.8510149 0.04721361 -0.2040302 0.9778255 0.07896518 0.1141077 0.9903253 0.3396851 0.01069837 0.9404785 0.3477792 0.1124637 0.9308069 0.07097166 -7.37721e-4 0.9974781 0.5450251 0.002923369 0.8384147 0.2878567 -0.1440048 0.9467846 -0.5434905 -0.1179684 0.8310846 -0.5179391 0.08676707 0.8510056 -0.0472114 -0.2040187 0.9778279 -0.07897728 0.1141379 0.9903207 -0.07101243 -7.31942e-4 0.9974752 -0.3397097 0.01066899 0.9404699 -0.3477732 0.1124766 0.9308077 -0.5450079 0.002911269 0.8384259 -0.28786 -0.1439706 0.9467889 0.7675065 -0.1500681 0.6232281 0.9055727 0.3740891 0.1999887 0.6884433 -0.002468049 0.725286 0.1851924 -0.5301977 0.8274021 -0.1155292 -0.1546395 0.981193 0.4919995 -0.3364228 0.8029673 -0.01226347 -0.04508864 0.9989078 -0.7166229 0.290264 0.6341912 0.537106 0.1244509 0.8342837 0.2130449 -0.6126918 0.7610656 0.6067374 0.7149776 0.3473858 0.4171887 0.1793827 0.8909409 0.3997445 -0.6221038 0.6731948 0.1380214 0.8830419 0.4485391 0.2528738 0.1962619 0.9473838 0.546814 -0.5064579 0.6667045 -0.3301289 0.817542 0.4718474 0.08849227 0.1357138 0.9867882 0.5523859 -0.3909618 0.7362192 -0.6017128 0.5890396 0.5394201 0.9071958 -0.1143605 0.4048676 0.895314 0.003935933 0.4454181 0.8953091 0.003967761 0.445428 0.07399266 -0.4421535 0.8938822 0.01027071 -0.4434105 0.8962599 0.01026332 -0.4434114 0.8962596 0.1228361 -0.5945295 0.7946359 0.1623732 -0.5669409 0.8075971 0.1623754 -0.566931 0.8076035 -0.489256 0.4740124 0.7320798 -0.2017587 0.5821658 0.7876398 -0.2017973 0.5821468 0.787644 -0.04106694 -0.5104005 0.8589558 -0.0410664 -0.5103849 0.858965 0.8294898 0.2284085 0.5096825 0.8294911 0.2284006 0.5096839 0.06180906 -0.60659 0.7926086 0.0618177 -0.6066006 0.7925998 0.6656655 0.4701274 0.5795427 0.6656643 0.4701328 0.5795397 0.1857085 -0.6027245 0.7760385 0.1857317 -0.60272 0.7760362 0.4173238 0.6460636 0.6390952 0.4173449 0.6460545 0.6390908 0.2106271 -0.5549598 0.8047707 0.2106513 -0.554937 0.8047801 0.2026135 0.6652758 0.7185791 0.2026271 0.6652789 0.7185724 0.6884528 -0.002525031 -0.7252768 0.905587 0.3740596 -0.1999791 0.7675116 -0.1501132 -0.6232111 0.1851955 -0.5301787 -0.8274136 -0.01228016 -0.04505628 -0.998909 0.4919697 -0.3364386 -0.8029788 -0.1155624 -0.1546692 -0.9811844 -0.7166097 0.2902073 -0.634232 0.2130811 -0.6126992 -0.7610494 0.5371155 0.1244279 -0.834281 0.6067368 0.7149443 -0.3474553 0.3997468 -0.6220906 -0.6732057 0.4171842 0.1793654 -0.8909463 0.1380088 0.8830396 -0.4485473 0.5468135 -0.5064705 -0.6666954 0.2529284 0.1962919 -0.947363 -0.3301412 0.8175506 -0.4718241 0.5523802 -0.3910048 -0.7362007 0.08847564 0.135774 -0.9867814 -0.6017532 0.5889775 -0.5394428 0.8953069 0.00390917 -0.4454329 0.8953117 0.003962635 -0.4454227 0.9071836 -0.114431 -0.4048749 0.01026582 -0.4434228 -0.8962538 0.01026552 -0.4433725 -0.8962788 0.07400882 -0.4421647 -0.8938754 0.1623477 -0.5669923 -0.8075661 0.1623904 -0.5669964 -0.8075546 0.122825 -0.5944985 -0.7946607 -0.2017358 0.5821673 -0.7876446 -0.2018174 0.5821331 -0.7876489 -0.4892528 0.4739633 -0.7321138 -0.04109895 -0.5103332 -0.8589942 -0.04107832 -0.5103907 -0.8589609 0.8294722 0.2284701 -0.5096836 0.8294912 0.2284154 -0.5096774 0.06177753 -0.606572 -0.7926248 0.06177687 -0.6065905 -0.7926107 0.6656687 0.4701377 -0.5795307 0.6656529 0.470119 -0.579564 0.185729 -0.6026886 -0.7760614 0.1856875 -0.6027253 -0.7760428 0.4173953 0.6460039 -0.6391089 0.4173447 0.6460692 -0.6390759 0.2106172 -0.5549586 -0.8047742 0.210652 -0.554909 -0.8047992 0.202623 0.6652767 -0.7185756 0.2026351 0.6652355 -0.7186104</float_array>
          <technique_common>
            <accessor source="#mario-mesh-normals-array" count="2538" stride="3">
              <param name="X" type="float"/>
              <param name="Y" type="float"/>
              <param name="Z" type="float"/>
            </accessor>
          </technique_common>
        </source>
        <source id="mario-mesh-map-0">
          <float_array id="mario-mesh-map-0-array" count="27984">0.7160879 0.739157 0.731775 0.737245 0.630429 0.742999 0.327664 0.854099 0.318624 0.723115 0.2298359 0.714384 0.630429 0.742999 0.731775 0.737245 0.640607 0.871827 0.2298359 0.714384 0.318624 0.723115 0.327664 0.854099 0.2076659 0.555965 0.2298359 0.714384 0.316381 0.567363 0.2298359 0.714384 0.318624 0.723115 0.316381 0.567363 0.630429 0.742999 0.731775 0.737245 0.631568 0.5331611 0.731775 0.737245 0.746932 0.500214 0.631568 0.5331611 0.630429 0.742999 0.631568 0.5331611 0.469205 0.741293 0.631568 0.5331611 0.465811 0.557747 0.469205 0.741293 0.316381 0.567363 0.318624 0.723115 0.465811 0.557747 0.318624 0.723115 0.469205 0.741293 0.465811 0.557747 0.327664 0.854099 0.491468 0.901083 0.318624 0.723115 0.491468 0.901083 0.469205 0.741293 0.318624 0.723115 0.630429 0.742999 0.469205 0.741293 0.640607 0.871827 0.469205 0.741293 0.491468 0.901083 0.640607 0.871827 0.316381 0.567363 0.318624 0.723115 0.2076659 0.555965 0.318624 0.723115 0.2298359 0.714384 0.2076659 0.555965 0.631568 0.5331611 0.746932 0.500214 0.630429 0.742999 0.746932 0.500214 0.731775 0.737245 0.630429 0.742999 0.469205 0.741293 0.465811 0.557747 0.630429 0.742999 0.465811 0.557747 0.631568 0.5331611 0.630429 0.742999 0.465811 0.557747 0.469205 0.741293 0.316381 0.567363 0.469205 0.741293 0.318624 0.723115 0.316381 0.567363 0.318624 0.723115 0.469205 0.741293 0.327664 0.854099 0.469205 0.741293 0.491468 0.901083 0.327664 0.854099 0.640607 0.871827 0.491468 0.901083 0.630429 0.742999 0.491468 0.901083 0.469205 0.741293 0.630429 0.742999 0.491468 0.901083 0.739188 0.994433 0.640607 0.871827 0.749275 0.515253 0.879135 0.528086 0.856245 0.269698 0.640607 0.871827 0.739188 0.994433 0.870885 0.781672 0.601911 0.04663497 0.587729 0.120696 0.773746 0.111338 0.201458 0.511608 0.2489669 0.26074 0.170576 0.239789 0.2489669 0.26074 0.332272 0.246401 0.342913 0.127798 0.327664 0.854099 0.362986 0.945191 0.491468 0.901083 0.362986 0.945191 0.556864 0.997756 0.491468 0.901083 0.491468 0.901083 0.556864 0.997756 0.739188 0.994433 0.327664 0.854099 0.149757 0.727505 0.362986 0.945191 0.731775 0.737245 0.640607 0.871827 0.870885 0.781672 0.773746 0.111338 0.856245 0.269698 0.587729 0.120696 0.640607 0.871827 0.739188 0.994433 0.491468 0.901083 0.856245 0.269698 0.879135 0.528086 0.749275 0.515253 0.870885 0.781672 0.739188 0.994433 0.640607 0.871827 0.773746 0.111338 0.587729 0.120696 0.601911 0.04663497 0.170576 0.239789 0.2489669 0.26074 0.201458 0.511608 0.342913 0.127798 0.332272 0.246401 0.2489669 0.26074 0.491468 0.901083 0.362986 0.945191 0.327664 0.854099 0.491468 0.901083 0.556864 0.997756 0.362986 0.945191 0.739188 0.994433 0.556864 0.997756 0.491468 0.901083 0.362986 0.945191 0.149757 0.727505 0.327664 0.854099 0.870885 0.781672 0.640607 0.871827 0.731775 0.737245 0.749275 0.515253 0.711788 0.27463 0.856245 0.269698 0.856245 0.269698 0.711788 0.27463 0.749275 0.515253 0.749275 0.515253 0.731775 0.737245 0.879135 0.528086 0.731775 0.737245 0.870885 0.781672 0.879135 0.528086 0.631731 0.503184 0.613287 0.263863 0.46468 0.496565 0.613287 0.263863 0.457024 0.2466449 0.46468 0.496565 0.587729 0.120696 0.453631 0.08816301 0.613287 0.263863 0.453631 0.08816301 0.457024 0.2466449 0.613287 0.263863 0.631731 0.503184 0.46468 0.496565 0.630429 0.742999 0.46468 0.496565 0.469205 0.741293 0.630429 0.742999 0.318624 0.723115 0.469205 0.741293 0.315362 0.496567 0.469205 0.741293 0.46468 0.496565 0.315362 0.496567 0.2298359 0.714384 0.318624 0.723115 0.201458 0.511608 0.318624 0.723115 0.315362 0.496567 0.201458 0.511608 0.320162 0.05872899 0.342913 0.127798 0.417121 0.004706025 0.342913 0.127798 0.453631 0.08816301 0.417121 0.004706025 0.320162 0.05872899 0.170576 0.239789 0.342913 0.127798 0.170576 0.239789 0.2489669 0.26074 0.342913 0.127798 0.417121 0.004706025 0.453631 0.08816301 0.601911 0.04663497 0.453631 0.08816301 0.587729 0.120696 0.601911 0.04663497 0.315362 0.496567 0.46468 0.496565 0.332272 0.246401 0.46468 0.496565 0.457024 0.2466449 0.332272 0.246401 0.2489669 0.26074 0.201458 0.511608 0.332272 0.246401 0.201458 0.511608 0.315362 0.496567 0.332272 0.246401 0.332272 0.246401 0.457024 0.2466449 0.342913 0.127798 0.457024 0.2466449 0.453631 0.08816301 0.342913 0.127798 0.879135 0.528086 0.870885 0.781672 0.749275 0.515253 0.870885 0.781672 0.731775 0.737245 0.749275 0.515253 0.46468 0.496565 0.457024 0.2466449 0.631731 0.503184 0.457024 0.2466449 0.613287 0.263863 0.631731 0.503184 0.613287 0.263863 0.457024 0.2466449 0.587729 0.120696 0.457024 0.2466449 0.453631 0.08816301 0.587729 0.120696 0.630429 0.742999 0.469205 0.741293 0.631731 0.503184 0.469205 0.741293 0.46468 0.496565 0.631731 0.503184 0.315362 0.496567 0.46468 0.496565 0.318624 0.723115 0.46468 0.496565 0.469205 0.741293 0.318624 0.723115 0.201458 0.511608 0.315362 0.496567 0.2298359 0.714384 0.315362 0.496567 0.318624 0.723115 0.2298359 0.714384 0.417121 0.004706025 0.453631 0.08816301 0.320162 0.05872899 0.453631 0.08816301 0.342913 0.127798 0.320162 0.05872899 0.342913 0.127798 0.2489669 0.26074 0.320162 0.05872899 0.2489669 0.26074 0.170576 0.239789 0.320162 0.05872899 0.601911 0.04663497 0.587729 0.120696 0.417121 0.004706025 0.587729 0.120696 0.453631 0.08816301 0.417121 0.004706025 0.332272 0.246401 0.457024 0.2466449 0.315362 0.496567 0.457024 0.2466449 0.46468 0.496565 0.315362 0.496567 0.332272 0.246401 0.315362 0.496567 0.2489669 0.26074 0.315362 0.496567 0.201458 0.511608 0.2489669 0.26074 0.342913 0.127798 0.453631 0.08816301 0.332272 0.246401 0.453631 0.08816301 0.457024 0.2466449 0.332272 0.246401 0.587729 0.120696 0.856245 0.269698 0.773746 0.111338 0.587729 0.120696 0.7136271 0.2716083 0.856245 0.269698 0.613287 0.263863 0.7136271 0.2716083 0.587729 0.120696 0.613287 0.263863 0.749275 0.515253 0.7136271 0.2716083 0.631731 0.503184 0.749275 0.515253 0.613287 0.263863 0.631731 0.503184 0.731775 0.737245 0.749275 0.515253 0.630429 0.742999 0.731775 0.737245 0.631731 0.503184 0.630429 0.742999 0.640607 0.871827 0.731775 0.737245 0.469205 0.741293 0.640607 0.871827 0.630429 0.742999 0.469205 0.741293 0.491468 0.901083 0.640607 0.871827 0.318624 0.723115 0.491468 0.901083 0.469205 0.741293 0.318624 0.723115 0.327664 0.854099 0.491468 0.901083 0.2298359 0.714384 0.327664 0.854099 0.318624 0.723115 0.2298359 0.714384 0.149757 0.727505 0.327664 0.854099 0.201458 0.511608 0.149757 0.727505 0.2298359 0.714384 0.201458 0.511608 0.1170449 0.503657 0.149757 0.727505 0.170576 0.239789 0.1170449 0.503657 0.201458 0.511608 0.711788 0.27463 0.587729 0.120696 0.856245 0.269698 0.711788 0.27463 0.613287 0.263863 0.587729 0.120696 0.749275 0.515253 0.613287 0.263863 0.711788 0.27463 0.749275 0.515253 0.631731 0.503184 0.613287 0.263863 0.731775 0.737245 0.631731 0.503184 0.749275 0.515253 0.731775 0.737245 0.630429 0.742999 0.631731 0.503184 0.640607 0.871827 0.630429 0.742999 0.731775 0.737245 0.640607 0.871827 0.469205 0.741293 0.630429 0.742999 0.491468 0.901083 0.469205 0.741293 0.640607 0.871827 0.491468 0.901083 0.318624 0.723115 0.469205 0.741293 0.327664 0.854099 0.318624 0.723115 0.491468 0.901083 0.327664 0.854099 0.2298359 0.714384 0.318624 0.723115 0.149757 0.727505 0.2298359 0.714384 0.327664 0.854099 0.149757 0.727505 0.201458 0.511608 0.2298359 0.714384 0.1170449 0.503657 0.201458 0.511608 0.149757 0.727505 0.1170449 0.503657 0.170576 0.239789 0.201458 0.511608 0.6767154 0.6997845 0.747768 0.696429 0.638393 0.707589 0.327664 0.854099 0.319196 0.6540181 0.2254459 0.636161 0.638393 0.707589 0.747768 0.696429 0.640607 0.871827 0.2254459 0.636161 0.319196 0.6540181 0.327664 0.854099 0.2076659 0.555965 0.2254459 0.636161 0.316381 0.567363 0.2254459 0.636161 0.319196 0.6540181 0.316381 0.567363 0.638393 0.707589 0.747768 0.696429 0.631568 0.5331611 0.747768 0.696429 0.752232 0.486607 0.631568 0.5331611 0.638393 0.707589 0.631568 0.5331611 0.473214 0.680804 0.631568 0.5331611 0.465811 0.557747 0.473214 0.680804 0.316381 0.567363 0.319196 0.6540181 0.465811 0.557747 0.319196 0.6540181 0.473214 0.680804 0.465811 0.557747 0.327664 0.854099 0.491468 0.901083 0.319196 0.6540181 0.491468 0.901083 0.473214 0.680804 0.319196 0.6540181 0.638393 0.707589 0.473214 0.680804 0.640607 0.871827 0.473214 0.680804 0.491468 0.901083 0.640607 0.871827 0.316381 0.567363 0.319196 0.6540181 0.2076659 0.555965 0.319196 0.6540181 0.2254459 0.636161 0.2076659 0.555965 0.631568 0.5331611 0.752232 0.486607 0.638393 0.707589 0.752232 0.486607 0.747768 0.696429 0.638393 0.707589 0.473214 0.680804 0.465811 0.557747 0.638393 0.707589 0.465811 0.557747 0.631568 0.5331611 0.638393 0.707589 0.465811 0.557747 0.473214 0.680804 0.316381 0.567363 0.473214 0.680804 0.319196 0.6540181 0.316381 0.567363 0.319196 0.6540181 0.473214 0.680804 0.327664 0.854099 0.473214 0.680804 0.491468 0.901083 0.327664 0.854099 0.640607 0.871827 0.491468 0.901083 0.638393 0.707589 0.491468 0.901083 0.473214 0.680804 0.638393 0.707589 0.4577057 0.8080589 0.462941 0.816991 0.396302 0.780115 0.372412 0.973252 0.43389 0.996355 0.409425 0.966012 0.43205 0.932704 0.409425 0.966012 0.466574 0.943699 0.436393 0.877763 0.468621 0.880939 0.42709 0.818212 0.42709 0.818212 0.468621 0.880939 0.462941 0.816991 0.409425 0.966012 0.43389 0.996355 0.466574 0.943699 0.396302 0.780115 0.462941 0.816991 0.42709 0.818212 0.409425 0.966012 0.43389 0.996355 0.372412 0.973252 0.466574 0.943699 0.409425 0.966012 0.43205 0.932704 0.42709 0.818212 0.468621 0.880939 0.436393 0.877763 0.462941 0.816991 0.468621 0.880939 0.42709 0.818212 0.466574 0.943699 0.43389 0.996355 0.409425 0.966012 0.296875 0.724609 0.296875 0.724609 0.296875 0.724609 0.296875 0.724609 0.296875 0.724609 0.296875 0.724609 0.296875 0.724609 0.296875 0.724609 0.296875 0.724609 0.296875 0.724609 0.296875 0.724609 0.296875 0.724609 0.296875 0.724609 0.296875 0.724609 0.296875 0.724609 0.296875 0.724609 0.296875 0.724609 0.296875 0.724609 0.296875 0.724609 0.296875 0.724609 0.296875 0.724609 0.296875 0.724609 0.296875 0.724609 0.296875 0.724609 0.296875 0.724609 0.296875 0.724609 0.296875 0.724609 0.296875 0.724609 0.296875 0.724609 0.296875 0.724609 0.826884 0.936158 0.828538 0.919203 0.794124 0.911319 0.794124 0.911319 0.828538 0.919203 0.82786 0.902899 0.794124 0.911319 0.799252 0.875802 0.775394 0.878327 0.949055 0.972329 0.882978 0.972331 0.916017 0.981344 0.882977 0.855796 0.949053 0.855795 0.916015 0.846782 0.579327 0.957632 0.57512 0.957182 0.577524 0.953275 0.578876 0.899189 0.574519 0.899339 0.578125 0.894982 0.596333 0.897181 0.603899 0.898266 0.599076 0.902814 0.578263 0.928097 0.573317 0.928335 0.576623 0.923828 0.52812 0.927655 0.52812 0.903526 0.562667 0.88789 0.52812 0.903526 0.52812 0.885862 0.556544 0.872826 0.52812 0.885862 0.52812 0.879396 0.554803 0.865893 0.972627 0.1959589 0.972627 0.230277 0.910683 0.230277 0.643794 0.449521 0.690252 0.44352 0.643794 0.454818 0.752196 0.06695401 0.798654 0.060413 0.798654 0.07611298 0.643794 0.055803 0.597337 0.055803 0.550879 0.055803 0.798654 0.439067 0.845112 0.446324 0.845112 0.452371 0.910683 0.06695401 0.891569 0.07720202 0.891569 0.06104499 0.752196 0.230277 0.690252 0.230277 0.690252 0.1959589 0.977233 0.792128 0.994467 0.792128 0.994467 0.81808 0.954253 0.81808 0.954253 0.766175 0.977233 0.792128 0.977233 0.792128 0.994467 0.81808 0.954253 0.81808 0.915954 0.81808 0.877655 0.81808 0.877655 0.766175 0.605732 0.81808 0.561574 0.81808 0.529785 0.801514 0.605732 0.766175 0.529785 0.78418 0.561574 0.766175 0.638287 0.821788 0.644031 0.821788 0.684246 0.821788 0.644031 0.762468 0.684246 0.766175 0.644031 0.766175 0.318336 0.358548 0.349386 0.358548 0.349386 0.379996 0.37032 0.358548 0.37032 0.379996 0.349386 0.379996 0.250024 0.460868 0.287285 0.444339 0.274865 0.47862 0.163082 0.408307 0.163411 0.443142 0.129728 0.392865 0.163082 0.488216 0.125822 0.473826 0.125822 0.471856 0.298576 0.495575 0.274865 0.47862 0.299705 0.465787 0.299705 0.465787 0.274865 0.47862 0.287285 0.444339 0.163411 0.443142 0.200343 0.422891 0.200684 0.470703 0.163411 0.443142 0.200684 0.470703 0.163082 0.488216 0.163411 0.443142 0.163082 0.408307 0.200343 0.422891 0.129728 0.458066 0.129728 0.442623 0.163082 0.488216 0.323014 0.47452 0.323678 0.476559 0.298576 0.495575 0.130208 0.427083 0.1299909 0.393012 0.163411 0.443142 0.473965 0.105578 0.496847 0.104453 0.462419 0.161013 0.30764 0.03867298 0.265057 0.08826899 0.262598 0.05485397 0.30764 0.03867298 0.262598 0.05485397 0.29518 0.013861 0.447872 0.05985599 0.381205 0.04350399 0.417545 0.02871501 0.447872 0.05985599 0.417545 0.02871501 0.458096 0.04347699 0.417545 0.02871501 0.381205 0.04350399 0.374455 0.02649897 0.282842 0.103708 0.30764 0.03867298 0.323438 0.05859398 0.265057 0.08826899 0.30764 0.03867298 0.282842 0.103708 0.323261 0.1847119 0.349027 0.2031049 0.296293 0.19229 0.449333 0.230233 0.366778 0.238205 0.393726 0.217549 0.366778 0.238205 0.332849 0.224717 0.349027 0.2031049 0.393726 0.217549 0.366778 0.238205 0.349027 0.2031049 0.296293 0.19229 0.349027 0.2031049 0.332849 0.224717 0.272941 0.153369 0.252345 0.08486199 0.265057 0.08826899 0.458096 0.04347699 0.473578 0.06050598 0.447872 0.05985599 0.272941 0.153369 0.265057 0.08826899 0.282842 0.103708 0.262598 0.05485397 0.265057 0.08826899 0.252345 0.08486199 0.393726 0.217549 0.438446 0.2031559 0.449333 0.230233 0.496847 0.104453 0.49265 0.173219 0.462419 0.161013 0.462419 0.161013 0.437332 0.09670501 0.473965 0.105578 0.128835 0.1371729 0.198008 0.139135 0.128835 0.06381601 0.2216899 0.1690909 0.198008 0.139135 0.1991919 0.245225 0.665527 0.677897 0.676466 0.652848 0.621787 0.667124 0.678175 0.608718 0.612242 0.57608 0.617696 0.604976 0.792864 0.607743 0.737166 0.595612 0.737372 0.612555 0.634115 0.698568 0.621787 0.667124 0.569859 0.704224 0.634115 0.698568 0.665527 0.677897 0.621787 0.667124 0.956404 0.674457 0.995979 0.675055 0.995979 0.636879 0.698863 0.593604 0.737166 0.595612 0.699404 0.58714 0.698863 0.593604 0.737372 0.612555 0.737166 0.595612 0.912472 0.636616 0.956404 0.674457 0.995979 0.636879 0.678175 0.608718 0.672708 0.587607 0.647313 0.579454 0.647313 0.579454 0.67125 0.57917 0.634011 0.564183 0.672708 0.587607 0.67125 0.57917 0.647313 0.579454 0.69073 0.650051 0.683732 0.638644 0.676466 0.652848 0.835622 0.667638 0.784492 0.658605 0.82807 0.689841 0.841146 0.700521 0.817065 0.698274 0.835536 0.718428 0.844727 0.68457 0.857747 0.6741541 0.835622 0.667638 0.844727 0.68457 0.835622 0.667638 0.82807 0.689841 0.913707 0.734273 0.960838 0.727026 0.961106 0.71355 0.923393 0.70563 0.913707 0.734273 0.961106 0.71355 0.841146 0.700521 0.844727 0.68457 0.82807 0.689841 0.82807 0.689841 0.817065 0.698274 0.841146 0.700521 0.980106 0.513066 0.995979 0.513042 0.995979 0.503106 0.927051 0.552391 0.943112 0.529842 0.884905 0.551999 0.606571 0.562526 0.647313 0.579454 0.634011 0.564183 0.634011 0.564183 0.605934 0.551231 0.606571 0.562526 0.606571 0.562526 0.612242 0.57608 0.647313 0.579454 0.53902 0.533727 0.54804 0.54829 0.568234 0.553142 0.678175 0.608718 0.647313 0.579454 0.612242 0.57608 0.54804 0.54829 0.53902 0.533727 0.502446 0.527299 0.53902 0.533727 0.502446 0.512249 0.502446 0.527299 0.817671 0.558349 0.817839 0.576868 0.859147 0.551673 0.03118598 0.09311598 0.01720696 0.064794 0.01729297 0.1213499 0.03118598 0.09311598 0.07168596 0.05310797 0.01720696 0.064794 0.03118598 0.09311598 0.07691699 0.076218 0.07168596 0.05310797 0.05214595 0.1705319 0.01736199 0.1704499 0.017385 0.19181 0.07691699 0.076218 0.03118598 0.09311598 0.118797 0.09319698 0.118797 0.07724499 0.07691699 0.076218 0.118797 0.09319698 0.05214595 0.1705319 0.017385 0.19181 0.06059396 0.1888459 0.01729297 0.1213499 0.01736199 0.1704499 0.05214595 0.1705319 0.07168596 0.05310797 0.07524496 0.006200015 0.01613599 0.005083978 0.01613599 0.005083978 0.01720696 0.064794 0.07168596 0.05310797 0.05214595 0.1705319 0.03118598 0.09311598 0.01729297 0.1213499 0.891569 0.055803 0.845112 0.055803 0.798654 0.055803 0.372048 0.715283 0.34916 0.724976 0.372048 0.725151 0.317345 0.736524 0.320376 0.740132 0.321681 0.731059 0.32618 0.748409 0.319806 0.742191 0.327182 0.740004 0.36628 0.693947 0.372048 0.706456 0.372048 0.699315 0.319264 0.741025 0.319806 0.742191 0.32618 0.748409 0.323225 0.720548 0.316318 0.727047 0.319803 0.7223 0.356886 0.707514 0.372048 0.706456 0.36628 0.693947 0.358356 0.716008 0.346792 0.719222 0.34916 0.724976 0.358356 0.716008 0.34916 0.724976 0.372048 0.715283 0.340788 0.729071 0.328901 0.702409 0.343364 0.703424 0.348501 0.696804 0.348233 0.695715 0.343364 0.703424 0.389533 0.543323 0.379298 0.542717 0.383271 0.535907 0.408076 0.536501 0.389533 0.543323 0.39266 0.535689 0.39266 0.535689 0.389533 0.543323 0.383271 0.535907 0.432199 0.57673 0.432478 0.55692 0.433594 0.592634 0.432199 0.57673 0.432478 0.55692 0.433594 0.592634 0.403134 0.514962 0.401095 0.524842 0.39562 0.515922 0.39562 0.515922 0.401095 0.524842 0.391151 0.520244 0.391151 0.520244 0.401095 0.524842 0.391374 0.529033 0.388123 0.621092 0.379282 0.619138 0.386366 0.602939 0.419883 0.559968 0.432478 0.55692 0.43329 0.592188 0.423358 0.542411 0.433377 0.555978 0.420938 0.54125 0.399879 0.621092 0.394194 0.59453 0.40994 0.592198 0.389533 0.543323 0.380463 0.551477 0.379298 0.542717 0.410011 0.518482 0.401095 0.524842 0.403134 0.514962 0.433377 0.555978 0.419883 0.559968 0.420938 0.54125 0.392246 0.56014 0.380463 0.551477 0.389533 0.543323 0.431222 0.739955 0.425502 0.740513 0.424805 0.745954 0.431083 0.746233 0.431222 0.739955 0.425502 0.740513 0.08374798 0.989131 0.138454 0.963937 0.12424 0.984524 0.119414 0.876354 0.124732 0.83791 0.154348 0.87748 0.05042296 0.95399 0.005122005 0.919733 0.025527 0.884907 0.07095098 0.997437 0.06522798 0.983654 0.08374798 0.989131 0.076967 0.873516 0.06365996 0.884583 0.06044799 0.872005 0.05706995 0.870941 0.076967 0.873516 0.06044799 0.872005 0.05042296 0.95399 0.025527 0.884907 0.06365996 0.884583 0.076967 0.873516 0.09979999 0.885935 0.06365996 0.884583 0.119414 0.876354 0.083368 0.854971 0.08375197 0.837403 0.08375197 0.837403 0.08669698 0.815228 0.124732 0.83791 0.124732 0.83791 0.119414 0.876354 0.08375197 0.837403 0.05887597 0.852459 0.03319096 0.837616 0.05791497 0.843073 0.03327399 0.849374 0.03319096 0.837616 0.05887597 0.852459 0.05791497 0.843073 0.08375197 0.837403 0.083368 0.854971 0.083368 0.854971 0.05887597 0.852459 0.05791497 0.843073 0.076967 0.873516 0.06347799 0.875867 0.06115198 0.872077 0.03319096 0.837616 0.04564195 0.807821 0.05791497 0.843073 0.005122005 0.798622 0.04564195 0.807821 0.03319096 0.837616 0.005122005 0.798622 0.03319096 0.837616 0.005122005 0.834266 0.04564195 0.807821 0.08375197 0.837403 0.05791497 0.843073 0.08669698 0.815228 0.08375197 0.837403 0.04564195 0.807821 0.08669698 0.815228 0.04564195 0.807821 0.04882198 0.783438 0.488297 0.763116 0.488297 0.812041 0.488297 0.812041 0.488297 0.763116 0.488297 0.812041 0.488297 0.812041 0.488297 0.763116 0.488297 0.812041 0.488297 0.812041 0.488297 0.763116 0.488297 0.812041 0.488297 0.812041 0.488297 0.763116 0.488297 0.812041 0.488297 0.812041 0.488297 0.763116 0.488297 0.812041 0.488297 0.812041 0.488297 0.763116 0.488297 0.812041 0.488297 0.812041 0.488297 0.763116 0.488297 0.812041 0.488297 0.812041 0.488297 0.763116 0.488297 0.812041 0.488297 0.812041 0.488297 0.763116 0.488297 0.812041 0.488297 0.812041 0.488297 0.763116 0.488297 0.812041 0.488297 0.812041 0.488297 0.763116 0.488297 0.812041 0.488297 0.812041 0.488297 0.812041 0.488297 0.812041 0.488297 0.763116 0.488297 0.763116 0.488297 0.812041 0.488297 0.812041 0.488297 0.763116 0.488297 0.812041 0.488297 0.812041 0.488297 0.763116 0.488297 0.812041 0.488297 0.812041 0.488297 0.763116 0.488297 0.812041 0.488297 0.812041 0.488297 0.763116 0.488297 0.812041 0.488297 0.812041 0.488297 0.763116 0.488297 0.812041 0.488297 0.812041 0.488297 0.763116 0.488297 0.812041 0.488297 0.812041 0.488297 0.763116 0.488297 0.812041 0.488297 0.812041 0.488297 0.763116 0.488297 0.812041 0.488297 0.812041 0.488297 0.763116 0.488297 0.812041 0.488297 0.812041 0.488297 0.763116 0.488297 0.812041 0.488297 0.812041 0.488297 0.763116 0.488297 0.812041 0.488297 0.812041 0.488297 0.763116 0.488297 0.812041 0.488297 0.812041 0.488297 0.763116 0.488297 0.812041 0.488297 0.812041 0.488297 0.763116 0.488297 0.812041 0.488297 0.812041 0.488297 0.763116 0.488297 0.812041 0.488297 0.812041 0.488297 0.763116 0.488297 0.812041 0.488297 0.812041 0.488297 0.763116 0.488297 0.812041 0.488297 0.812041 0.488297 0.763116 0.488297 0.812041 0.488297 0.812041 0.488297 0.763116 0.488297 0.812041 0.488297 0.812041 0.488297 0.763116 0.488297 0.812041 0.488297 0.812041 0.488297 0.763116 0.488297 0.812041 0.488297 0.812041 0.488297 0.763116 0.488297 0.812041 0.488297 0.812041 0.488297 0.763116 0.488297 0.812041 0.488297 0.812041 0.488297 0.763116 0.488297 0.812041 0.488297 0.812041 0.488297 0.763116 0.488297 0.812041 0.488297 0.812041 0.497257 0.52807 0.497152 0.541769 0.476708 0.545829 0.476665 0.5310021 0.497856 0.502397 0.497257 0.52807 0.453375 0.529882 0.476708 0.545829 0.455593 0.544494 0.497257 0.52807 0.476708 0.545829 0.476665 0.5310021 0.476708 0.545829 0.456355 0.552105 0.455593 0.544494 0.474349 0.502788 0.497856 0.502397 0.476665 0.5310021 0.476665 0.5310021 0.476708 0.545829 0.453375 0.529882 0.476708 0.545829 0.497152 0.541769 0.474957 0.5530861 0.469892 0.622409 0.467577 0.581845 0.476268 0.5991711 0.457838 0.579565 0.474957 0.5530861 0.467577 0.581845 0.456355 0.552105 0.476708 0.545829 0.474957 0.5530861 0.456355 0.552105 0.474957 0.5530861 0.457838 0.579565 0.426103 0.668496 0.427881 0.658922 0.430809 0.65884 0.426698 0.640916 0.430063 0.648818 0.427351 0.648894 0.430063 0.648818 0.430809 0.65884 0.427881 0.658922 0.428918 0.668417 0.42577 0.675097 0.422783 0.675047 0.482695 0.633824 0.487149 0.639535 0.493078 0.639535 0.476063 0.633824 0.4779 0.639535 0.487149 0.639535 0.478698 0.647941 0.478088 0.658499 0.488684 0.658499 0.498224 0.675959 0.498047 0.668324 0.495607 0.668511 0.493078 0.639535 0.495843 0.64778 0.497884 0.648112 0.495843 0.64778 0.496434 0.658339 0.498047 0.658203 0.488671 0.647941 0.488684 0.658499 0.496434 0.658339 0.427881 0.658922 0.427351 0.648894 0.430063 0.648818 0.411445 0.674898 0.411281 0.6808961 0.406236 0.680272 0.427351 0.648894 0.423926 0.640994 0.426698 0.640916 0.422783 0.675047 0.426103 0.668496 0.428918 0.668417 0.426103 0.668496 0.422783 0.675047 0.418506 0.675032 0.430809 0.65884 0.428918 0.668417 0.426103 0.668496 0.411445 0.674898 0.411445 0.674898 0.406236 0.680272 0.422783 0.675047 0.416302 0.681418 0.418506 0.675032 0.422623 0.681777 0.422783 0.675047 0.42577 0.675097 0.422623 0.681777 0.416302 0.681418 0.422783 0.675047 0.406893 0.633166 0.414472 0.635826 0.408666 0.635988 0.496402 0.705104 0.487914 0.747152 0.491331 0.701482 0.487914 0.747152 0.496402 0.705104 0.488922 0.736846 0.488684 0.658499 0.488671 0.647941 0.478698 0.647941 0.496434 0.658339 0.495843 0.64778 0.488671 0.647941 0.498047 0.658203 0.497884 0.648112 0.495843 0.64778 0.487149 0.639535 0.482695 0.633824 0.476063 0.633824 0.497337 0.639382 0.497159 0.633878 0.487175 0.633824 0.488671 0.647941 0.487149 0.639535 0.4779 0.639535 0.495843 0.64778 0.493078 0.639535 0.487149 0.639535 0.497884 0.648112 0.497337 0.639382 0.493078 0.639535 0.498047 0.668324 0.498047 0.658203 0.496434 0.658339 0.495607 0.668511 0.496434 0.658339 0.488684 0.658499 0.487363 0.668511 0.488684 0.658499 0.478088 0.658499 0.495607 0.668511 0.492298 0.675011 0.498224 0.675959 0.48112 0.630317 0.497159 0.633878 0.490083 0.626012 0.471684 0.66958 0.484986 0.678447 0.487363 0.668511 0.487363 0.668511 0.484986 0.678447 0.492298 0.675011 0.471354 0.627713 0.48112 0.630317 0.496449 0.629439 0.48112 0.630317 0.487175 0.633824 0.497159 0.633878 0.48112 0.630317 0.497159 0.633878 0.496449 0.629439 0.482695 0.633824 0.473931 0.630805 0.476063 0.633824 0.492298 0.675011 0.484986 0.678447 0.488989 0.681512 0.487363 0.668511 0.492298 0.675011 0.495607 0.668511 0.298866 0.647818 0.279099 0.613826 0.320147 0.627265 0.25886 0.506365 0.270074 0.507713 0.249575 0.518975 0.290348 0.51065 0.270074 0.507713 0.25886 0.506365 0.289503 0.53673 0.311628 0.547653 0.288244 0.561682 0.279099 0.613826 0.2497839 0.637262 0.238034 0.6061061 0.289503 0.53673 0.288244 0.561682 0.263498 0.538923 0.263498 0.538923 0.288244 0.561682 0.2486929 0.558717 0.272174 0.648563 0.2497839 0.637262 0.279099 0.613826 0.272174 0.648563 0.279099 0.613826 0.298866 0.647818 0.288244 0.561682 0.311628 0.547653 0.326233 0.571422 0.496434 0.658339 0.495607 0.668511 0.498047 0.668324 0.487149 0.639535 0.488671 0.647941 0.495843 0.64778 0.4779 0.639535 0.478698 0.647941 0.488671 0.647941 0.488684 0.658499 0.487363 0.668511 0.495607 0.668511 0.662169 0.84491 0.659415 0.83655 0.658655 0.838041 0.378036 0.742942 0.380962 0.747933 0.377855 0.745793 0.378036 0.742942 0.381135 0.7320351 0.380962 0.747933 0.393856 0.718658 0.381135 0.7320351 0.38476 0.72338 0.41386 0.713541 0.40603 0.715889 0.409224 0.708883 0.412103 0.6988011 0.412401 0.704913 0.409224 0.708883 0.406735 0.697502 0.400074 0.699305 0.39456 0.699211 0.426917 0.698436 0.43565 0.703017 0.426325 0.705554 0.429181 0.713638 0.426325 0.705554 0.43565 0.703017 0.420654 0.707911 0.429181 0.713638 0.41386 0.713541 0.390072 0.699753 0.389698 0.711514 0.395858 0.703637 0.393918 0.705652 0.39456 0.699211 0.400074 0.699305 0.393918 0.705652 0.39095 0.713378 0.390072 0.699753 0.393918 0.705652 0.390072 0.699753 0.39456 0.699211 0.418203 0.699764 0.419276 0.696155 0.426917 0.698436 0.412401 0.704913 0.41386 0.713541 0.409224 0.708883 0.40603 0.715889 0.396886 0.711635 0.403612 0.709931 0.43565 0.696194 0.430904 0.688534 0.43565 0.688534 0.436285 0.713628 0.429181 0.713638 0.43565 0.703017 0.390072 0.699753 0.39095 0.713378 0.389698 0.711514 0.390072 0.699753 0.400847 0.695043 0.39456 0.699211 0.426325 0.705554 0.418203 0.699764 0.426917 0.698436 0.420654 0.707911 0.418203 0.699764 0.426325 0.705554 0.412103 0.6988011 0.418203 0.699764 0.412401 0.704913 0.412401 0.704913 0.418203 0.699764 0.420654 0.707911 0.419276 0.696155 0.418203 0.699764 0.412103 0.6988011 0.412401 0.704913 0.420654 0.707911 0.41386 0.713541 0.429181 0.713638 0.420654 0.707911 0.426325 0.705554 0.40603 0.715889 0.403612 0.709931 0.409224 0.708883 0.396886 0.711635 0.40603 0.715889 0.393856 0.718658 0.390072 0.699753 0.395858 0.703637 0.400847 0.695043 0.389698 0.711514 0.387503 0.715574 0.395858 0.703637 0.406735 0.697502 0.39456 0.699211 0.400847 0.695043 0.406735 0.697502 0.400847 0.695043 0.408353 0.692484 0.406735 0.697502 0.408353 0.692484 0.421983 0.689242 0.52812 0.975912 0.55345 0.982749 0.552638 0.990129 0.52812 0.903526 0.556544 0.872826 0.562667 0.88789 0.52812 0.885862 0.554803 0.865893 0.556544 0.872826 0.52812 0.879396 0.551147 0.855529 0.554803 0.865893 0.551147 0.855529 0.590018 0.848773 0.554803 0.865893 0.595011 0.854202 0.554803 0.865893 0.590018 0.848773 0.632724 0.862206 0.595011 0.854202 0.604733 0.857352 0.1587499 0.503053 0.14183 0.509988 0.174187 0.50999 0.04767996 0.742961 0.072236 0.734625 0.07180297 0.745745 0.118991 0.71854 0.08223396 0.713643 0.07227498 0.7346161 0.07227498 0.7346161 0.08223396 0.713643 0.05386501 0.721489 0.1462309 0.7008931 0.115463 0.704243 0.118991 0.71854 0.118777 0.718569 0.115336 0.704256 0.146173 0.700895 0.158764 0.720133 0.1587229 0.720134 0.1743199 0.710713 0.05386501 0.721489 0.04767996 0.742961 0.07227498 0.7346161 0.146173 0.700895 0.171787 0.6982 0.166854 0.711303 0.05386501 0.721489 0.02772599 0.727587 0.04767996 0.742961 0.02772897 0.727587 0.05386996 0.721488 0.04767996 0.742961 0.08219099 0.71365 0.115336 0.704256 0.118777 0.718569 0.115463 0.704243 0.08223396 0.713643 0.118991 0.71854 0.08219099 0.71365 0.118777 0.718569 0.072236 0.734625 0.05386996 0.721488 0.08219099 0.71365 0.072236 0.734625 0.04767996 0.742961 0.05386996 0.721488 0.072236 0.734625 0.07180297 0.745745 0.04767996 0.742961 0.03661298 0.745917 0.1668649 0.711303 0.171777 0.6982 0.1462309 0.7008931 0.118991 0.71854 0.1668649 0.711303 0.1462309 0.7008931 0.146173 0.700895 0.166854 0.711303 0.118777 0.718569 0.07180297 0.745745 0.07227498 0.7346161 0.04767996 0.742961 0.07180297 0.745745 0.03661298 0.745917 0.04767996 0.742961 0.03661298 0.745917 0.03661298 0.745917 0.07180297 0.745745 0.007561981 0.479272 0.02647799 0.45488 0.02647799 0.479272 0.02647799 0.45488 0.02647799 0.479272 0.007561981 0.479272 0.007561981 0.479272 0.02647799 0.45488 0.02647799 0.479272 0.02647799 0.45488 0.02647799 0.479272 0.007561981 0.479272 0.02647799 0.45488 0.02647799 0.479272 0.007561981 0.479272 0.02647799 0.45488 0.02647799 0.479272 0.007561981 0.479272 0.02647799 0.45488 0.02647799 0.479272 0.007561981 0.479272 0.121304 0.351886 0.1136659 0.351869 0.121423 0.308213 0.07529097 0.306913 0.045717 0.324769 0.05512398 0.305485 0.06574201 0.337883 0.04251998 0.349923 0.045717 0.324769 0.06574201 0.337883 0.04726296 0.375965 0.04251998 0.349923 0.078381 0.373076 0.05830401 0.400016 0.04726296 0.375965 0.078381 0.373076 0.07563596 0.419143 0.05830401 0.400016 0.106163 0.392414 0.07563596 0.419143 0.078381 0.373076 0.121423 0.308213 0.09776699 0.307857 0.108933 0.301351 0.121423 0.308213 0.09286999 0.323756 0.09776699 0.307857 0.121423 0.308213 0.116995 0.299774 0.121464 0.299784 0.116995 0.299774 0.121423 0.308213 0.108933 0.301351 0.121042 0.435222 0.106163 0.392414 0.121182 0.392448 0.06574201 0.337883 0.045717 0.324769 0.07529097 0.306913 0.078381 0.373076 0.04726296 0.375965 0.06574201 0.337883 0.106163 0.392414 0.09984898 0.432117 0.07563596 0.419143 0.106163 0.392414 0.121042 0.435222 0.09984898 0.432117 0.07081896 0.267213 0.077524 0.274799 0.03193801 0.302881 0.04008096 0.424843 0.06669998 0.443726 0.05942696 0.458689 0.09286999 0.323756 0.121423 0.308213 0.1136659 0.351869 0.116481 0.60175 0.09467399 0.6096 0.121343 0.624151 0.116481 0.60175 0.1006659 0.562648 0.09467399 0.6096 0.662169 0.84491 0.650749 0.85354 0.652915 0.849292 0.662169 0.84491 0.650749 0.85354 0.652915 0.849292 0.662169 0.84491 0.650749 0.85354 0.652915 0.849292 0.662169 0.84491 0.650749 0.85354 0.652915 0.849292 0.662169 0.84491 0.650749 0.85354 0.65102 0.853009 0.662169 0.84491 0.650749 0.85354 0.652915 0.849292 0.662169 0.84491 0.650749 0.85354 0.652915 0.849292 0.662169 0.84491 0.650749 0.85354 0.652915 0.849292 0.662169 0.84491 0.650749 0.85354 0.652915 0.849292 0.662169 0.84491 0.650749 0.85354 0.652915 0.849292 0.652645 0.849823 0.652915 0.849292 0.659415 0.83655 0.662169 0.84491 0.650749 0.85354 0.652915 0.849292 0.662169 0.84491 0.650749 0.85354 0.652915 0.849292 0.662169 0.84491 0.650749 0.85354 0.652915 0.849292 0.662169 0.84491 0.650749 0.85354 0.652915 0.849292 0.662169 0.84491 0.650749 0.85354 0.652915 0.849292 0.652645 0.849823 0.652915 0.849292 0.659415 0.83655 0.662169 0.84491 0.650749 0.85354 0.652915 0.849292 0.662169 0.84491 0.650749 0.85354 0.652915 0.849292 0.662169 0.84491 0.650749 0.85354 0.652915 0.849292 0.650749 0.85354 0.652915 0.849292 0.656165 0.842921 0.652915 0.849292 0.659415 0.83655 0.660792 0.84073 0.651832 0.851416 0.652915 0.849292 0.659415 0.83655 0.652915 0.849292 0.659415 0.83655 0.660792 0.84073 0.652645 0.849823 0.652915 0.849292 0.659415 0.83655 0.662169 0.84491 0.650749 0.85354 0.652915 0.849292 0.662169 0.84491 0.650749 0.85354 0.652915 0.849292 0.662169 0.84491 0.650749 0.85354 0.652915 0.849292 0.662169 0.84491 0.650749 0.85354 0.652915 0.849292 0.662169 0.84491 0.650749 0.85354 0.652915 0.849292 0.662169 0.84491 0.650749 0.85354 0.652915 0.849292 0.662169 0.84491 0.650749 0.85354 0.652915 0.849292 0.662169 0.84491 0.650749 0.85354 0.652915 0.849292 0.662169 0.84491 0.650749 0.85354 0.652915 0.849292 0.662169 0.84491 0.650749 0.85354 0.652915 0.849292 0.662169 0.84491 0.650749 0.85354 0.652915 0.849292 0.662169 0.84491 0.650749 0.85354 0.652915 0.849292 0.662169 0.84491 0.650749 0.85354 0.652915 0.849292 0.662169 0.84491 0.650749 0.85354 0.652915 0.849292 0.662169 0.84491 0.650749 0.85354 0.652915 0.849292 0.662169 0.84491 0.650749 0.85354 0.652915 0.849292 0.662169 0.84491 0.650749 0.85354 0.652915 0.849292 0.662169 0.84491 0.650749 0.85354 0.652915 0.849292 0.662169 0.84491 0.650749 0.85354 0.652915 0.849292 0.662169 0.84491 0.650749 0.85354 0.652915 0.849292 0.662169 0.84491 0.650749 0.85354 0.65102 0.853009 0.662169 0.84491 0.650749 0.85354 0.652915 0.849292 0.662169 0.84491 0.650749 0.85354 0.652915 0.849292 0.662169 0.84491 0.650749 0.85354 0.652915 0.849292 0.662169 0.84491 0.650749 0.85354 0.652915 0.849292 0.662169 0.84491 0.650749 0.85354 0.652915 0.849292 0.662169 0.84491 0.650749 0.85354 0.652915 0.849292 0.662169 0.84491 0.650749 0.85354 0.652915 0.849292 0.662169 0.84491 0.650749 0.85354 0.652915 0.849292 0.662169 0.84491 0.650749 0.85354 0.652915 0.849292 0.662169 0.84491 0.650749 0.85354 0.652915 0.849292 0.662169 0.84491 0.650749 0.85354 0.652915 0.849292 0.662169 0.84491 0.650749 0.85354 0.652915 0.849292 0.662169 0.84491 0.650749 0.85354 0.652915 0.849292 0.662169 0.84491 0.650749 0.85354 0.652915 0.849292 0.662169 0.84491 0.650749 0.85354 0.652915 0.849292 0.662169 0.84491 0.650749 0.85354 0.652915 0.849292 0.662169 0.84491 0.650749 0.85354 0.652915 0.849292 0.662169 0.84491 0.650749 0.85354 0.652915 0.849292 0.662169 0.84491 0.650749 0.85354 0.652915 0.849292 0.662169 0.84491 0.650749 0.85354 0.65102 0.853009 0.662169 0.84491 0.650749 0.85354 0.652915 0.849292 0.662169 0.84491 0.650749 0.85354 0.652915 0.849292 0.662169 0.84491 0.650749 0.85354 0.652915 0.849292 0.662169 0.84491 0.650749 0.85354 0.652915 0.849292 0.662169 0.84491 0.650749 0.85354 0.652915 0.849292 0.662169 0.84491 0.650749 0.85354 0.652915 0.849292 0.662169 0.84491 0.650749 0.85354 0.652915 0.849292 0.662169 0.84491 0.650749 0.85354 0.652915 0.849292 0.650749 0.85354 0.652915 0.849292 0.653728 0.8477 0.662169 0.84491 0.650749 0.85354 0.652915 0.849292 0.662169 0.84491 0.650749 0.85354 0.652915 0.849292 0.785578 0.989203 0.815493 0.991416 0.817429 0.983995 0.775394 0.878327 0.785578 0.970516 0.794124 0.911319 0.82342 0.863416 0.799252 0.875802 0.82342 0.87867 0.82342 0.863416 0.789554 0.858636 0.799252 0.875802 0.705042 0.875836 0.720638 0.858164 0.694661 0.879278 0.694661 0.879278 0.720638 0.858164 0.724722 0.856842 0.815493 0.991416 0.785578 0.989203 0.783591 0.997862 0.776431 0.865264 0.775394 0.878327 0.802705 0.861038 0.802705 0.861038 0.775394 0.878327 0.805583 0.868264 0.775394 0.878327 0.799252 0.875802 0.805583 0.868264 0.805583 0.868264 0.799252 0.875802 0.804259 0.862965 0.775394 0.878327 0.776431 0.865264 0.741626 0.903848 0.741626 0.903848 0.776431 0.865264 0.732987 0.882998 0.764306 0.84063 0.764323 0.837706 0.720638 0.858164 0.764323 0.837706 0.724722 0.856842 0.720638 0.858164 0.800431 0.846123 0.776431 0.865264 0.802705 0.861038 0.785578 0.970516 0.82103 0.968546 0.824801 0.950402 0.824944 0.886986 0.82342 0.87867 0.799252 0.875802 0.562667 0.88789 0.556544 0.872826 0.601446 0.87915 0.556544 0.872826 0.554803 0.865893 0.597859 0.863034 0.576773 0.931791 0.573317 0.928335 0.578263 0.928097 0.595757 0.928097 0.603473 0.928097 0.598827 0.932823 0.598827 0.923371 0.603473 0.928097 0.595757 0.928097 0.596091 0.958386 0.603942 0.957344 0.599578 0.961944 0.654508 0.96801 0.654508 0.984673 0.639456 0.976054 0.639456 0.976054 0.631558 0.961882 0.654508 0.96801 0.626172 0.991196 0.639456 0.976054 0.654508 0.984673 0.626172 0.991196 0.602301 0.979905 0.62613 0.976539 0.604912 0.908823 0.604891 0.946487 0.56259 0.927655 0.604891 0.946487 0.602301 0.979905 0.557863 0.969684 0.631558 0.961882 0.602301 0.979905 0.604891 0.946487 0.631558 0.961882 0.604891 0.946487 0.630973 0.945071 0.604891 0.946487 0.633802 0.927655 0.630973 0.945071 0.633802 0.927655 0.604912 0.908823 0.63538 0.90972 0.631395 0.877614 0.601446 0.87915 0.632724 0.863183 0.600031 0.99218 0.602301 0.979905 0.626172 0.991196 0.632724 0.863183 0.601446 0.87915 0.597859 0.863034 0.62613 0.976539 0.631558 0.961882 0.639456 0.976054 0.626172 0.991196 0.62613 0.976539 0.639456 0.976054 0.630973 0.945071 0.633802 0.927655 0.647375 0.944565 0.631558 0.961882 0.630973 0.945071 0.647375 0.944565 0.63538 0.90972 0.635291 0.893526 0.650058 0.910091 0.633802 0.927655 0.63538 0.90972 0.650058 0.910091 0.55345 0.982749 0.602301 0.979905 0.600031 0.99218 0.601446 0.87915 0.556544 0.872826 0.597859 0.863034 0.664581 0.935325 0.664581 0.954465 0.647375 0.944565 0.647375 0.944565 0.633802 0.927655 0.664581 0.935325 0.631558 0.961882 0.647375 0.944565 0.664581 0.954465 0.668122 0.900851 0.668122 0.919991 0.650058 0.910091 0.650058 0.910091 0.635291 0.893526 0.668122 0.900851 0.633802 0.927655 0.650058 0.910091 0.668122 0.919991 0.635291 0.893526 0.647403 0.8775931 0.664521 0.887494 0.664521 0.868353 0.664521 0.887494 0.647403 0.8775931 0.632724 0.863183 0.595011 0.854202 0.632724 0.862206 0.599805 0.998752 0.600031 0.99218 0.626172 0.991196 0.626172 0.992206 0.599805 0.998752 0.626172 0.991196 0.597859 0.863034 0.595011 0.854202 0.632724 0.863183 0.604912 0.908823 0.635291 0.893526 0.63538 0.90972 0.633802 0.927655 0.604891 0.946487 0.604912 0.908823 0.602301 0.979905 0.631558 0.961882 0.62613 0.976539 0.597859 0.863034 0.554803 0.865893 0.595011 0.854202 0.557863 0.969684 0.56259 0.927655 0.604891 0.946487 0.55345 0.982749 0.557863 0.969684 0.602301 0.979905 0.599396 0.893667 0.603899 0.898266 0.596333 0.897181 0.578726 0.902644 0.574519 0.899339 0.578876 0.899189 0.59908 0.952779 0.603942 0.957344 0.596091 0.958386 0.577975 0.961538 0.57512 0.957182 0.579327 0.957632 0.612779 0.839996 0.616887 0.861748 0.590018 0.848773 0.590018 0.848773 0.616887 0.861748 0.604733 0.857352 0.612749 0.874785 0.604733 0.857352 0.616887 0.861748 0.583878 0.836094 0.590018 0.848773 0.551147 0.855529 0.590018 0.848773 0.604733 0.857352 0.595011 0.854202 0.296875 0.724609 0.296875 0.724609 0.296875 0.724609 0.296875 0.724609 0.296875 0.724609 0.296875 0.724609 0.296875 0.724609 0.296875 0.724609 0.296875 0.724609 0.296875 0.724609 0.296875 0.724609 0.296875 0.724609 0.296875 0.724609 0.296875 0.724609 0.296875 0.724609 0.296875 0.724609 0.296875 0.724609 0.296875 0.724609 0.296875 0.724609 0.296875 0.724609 0.296875 0.724609 0.296875 0.724609 0.296875 0.724609 0.296875 0.724609 0.296875 0.724609 0.296875 0.724609 0.296875 0.724609 0.296875 0.724609 0.296875 0.724609 0.296875 0.724609 0.794124 0.911319 0.828538 0.919203 0.826884 0.936158 0.82786 0.902899 0.828538 0.919203 0.794124 0.911319 0.775394 0.878327 0.799252 0.875802 0.794124 0.911319 0.916017 0.981344 0.882978 0.972331 0.949055 0.972329 0.916015 0.846782 0.949053 0.855795 0.882977 0.855796 0.577524 0.953275 0.57512 0.957182 0.579327 0.957632 0.578125 0.894982 0.574519 0.899339 0.578876 0.899189 0.599076 0.902814 0.603899 0.898266 0.596333 0.897181 0.576623 0.923828 0.573317 0.928335 0.578263 0.928097 0.562667 0.88789 0.52812 0.903526 0.52812 0.927655 0.556544 0.872826 0.52812 0.885862 0.52812 0.903526 0.554803 0.865893 0.52812 0.879396 0.52812 0.885862 0.910683 0.230277 0.972627 0.230277 0.972627 0.1959589 0.910683 0.48514 0.910683 0.497896 0.939887 0.498047 0.643794 0.454818 0.690252 0.44352 0.643794 0.449521 0.690252 0.1959589 0.690252 0.230277 0.752196 0.230277 0.939887 0.498047 0.972627 0.497484 0.972627 0.484679 0.972627 0.484679 0.910683 0.48514 0.939887 0.498047 0.994467 0.81808 0.994467 0.792128 0.977233 0.792128 0.977233 0.792128 0.954253 0.766175 0.954253 0.81808 0.954253 0.81808 0.994467 0.81808 0.977233 0.792128 0.877655 0.766175 0.877655 0.81808 0.915954 0.81808 0.760844 0.81808 0.760844 0.766175 0.722545 0.81808 0.722545 0.81808 0.760844 0.766175 0.722545 0.766175 0.722545 0.81808 0.722545 0.766175 0.684246 0.81808 0.684246 0.81808 0.684246 0.766175 0.644031 0.81808 0.684246 0.81808 0.722545 0.766175 0.684246 0.766175 0.529785 0.801514 0.561574 0.81808 0.605732 0.81808 0.605732 0.766175 0.529785 0.78418 0.529785 0.801514 0.561574 0.766175 0.529785 0.78418 0.605732 0.766175 0.605732 0.766175 0.529785 0.801514 0.605732 0.81808 0.684246 0.821788 0.644031 0.821788 0.638287 0.821788 0.644031 0.81808 0.684246 0.766175 0.644031 0.766175 0.644031 0.81808 0.644031 0.766175 0.605732 0.81808 0.605732 0.81808 0.644031 0.766175 0.605732 0.766175 0.349386 0.379996 0.349386 0.358548 0.318336 0.358548 0.349386 0.379996 0.37032 0.379996 0.37032 0.358548 0.274865 0.47862 0.287285 0.444339 0.250024 0.460868 0.125822 0.471828 0.125822 0.473826 0.163082 0.488216 0.299705 0.465787 0.274865 0.47862 0.298576 0.495575 0.287285 0.444339 0.274865 0.47862 0.299705 0.465787 0.163082 0.488216 0.200684 0.470703 0.163411 0.443142 0.163082 0.488216 0.129728 0.442623 0.129728 0.458066 0.299705 0.465787 0.318336 0.460157 0.318336 0.445546 0.163411 0.443142 0.1299909 0.393012 0.130208 0.427083 0.462419 0.161013 0.496847 0.104453 0.473965 0.105578 0.262598 0.05485397 0.265057 0.08826899 0.30764 0.03867298 0.417545 0.02871501 0.381205 0.04350399 0.447872 0.05985599 0.458096 0.04347699 0.417545 0.02871501 0.447872 0.05985599 0.374455 0.02649897 0.381205 0.04350399 0.417545 0.02871501 0.323438 0.05859398 0.30764 0.03867298 0.282842 0.103708 0.282842 0.103708 0.30764 0.03867298 0.265057 0.08826899 0.296293 0.19229 0.349027 0.2031049 0.323261 0.1847119 0.393726 0.217549 0.366778 0.238205 0.449333 0.230233 0.349027 0.2031049 0.332849 0.224717 0.366778 0.238205 0.349027 0.2031049 0.366778 0.238205 0.393726 0.217549 0.332849 0.224717 0.349027 0.2031049 0.296293 0.19229 0.265057 0.08826899 0.252345 0.08486199 0.272941 0.153369 0.447872 0.05985599 0.473578 0.06050598 0.458096 0.04347699 0.282842 0.103708 0.265057 0.08826899 0.272941 0.153369 0.252345 0.08486199 0.265057 0.08826899 0.262598 0.05485397 0.449333 0.230233 0.438446 0.2031559 0.393726 0.217549 0.462419 0.161013 0.49265 0.173219 0.496847 0.104453 0.473965 0.105578 0.437332 0.09670501 0.462419 0.161013 0.128835 0.06381601 0.198008 0.139135 0.128835 0.1371729 0.1991919 0.245225 0.198008 0.139135 0.2216899 0.1690909 0.621787 0.667124 0.676466 0.652848 0.665527 0.677897 0.569859 0.704224 0.554563 0.665604 0.621787 0.667124 0.737166 0.595612 0.782052 0.590111 0.792864 0.607743 0.792864 0.607743 0.817839 0.576868 0.850152 0.577507 0.792864 0.607743 0.782052 0.590111 0.817839 0.576868 0.617696 0.604976 0.612242 0.57608 0.678175 0.608718 0.737372 0.612555 0.737166 0.595612 0.792864 0.607743 0.569859 0.704224 0.621787 0.667124 0.634115 0.698568 0.621787 0.667124 0.665527 0.677897 0.634115 0.698568 0.995979 0.636879 0.995979 0.675055 0.956404 0.674457 0.699404 0.58714 0.737166 0.595612 0.698863 0.593604 0.737166 0.595612 0.737372 0.612555 0.698863 0.593604 0.995979 0.636879 0.956404 0.674457 0.912472 0.636616 0.956404 0.674457 0.911133 0.6741541 0.912472 0.636616 0.911133 0.6741541 0.956404 0.674457 0.926418 0.6877591 0.54804 0.54829 0.502446 0.57263 0.502446 0.547667 0.737372 0.612555 0.678175 0.608718 0.698863 0.593604 0.634011 0.564183 0.67125 0.57917 0.647313 0.579454 0.647313 0.579454 0.67125 0.57917 0.672708 0.587607 0.676466 0.652848 0.683732 0.638644 0.69073 0.650051 0.960565 0.685651 0.959512 0.70167 0.923393 0.70563 0.835536 0.718428 0.817065 0.698274 0.841146 0.700521 0.835622 0.667638 0.857747 0.6741541 0.844727 0.68457 0.82807 0.689841 0.835622 0.667638 0.844727 0.68457 0.840584 0.636362 0.857747 0.6741541 0.835622 0.667638 0.956404 0.674457 0.960565 0.685651 0.926418 0.6877591 0.961106 0.71355 0.960838 0.727026 0.913707 0.734273 0.82807 0.689841 0.844727 0.68457 0.841146 0.700521 0.841146 0.700521 0.817065 0.698274 0.82807 0.689841 0.601772 0.542497 0.605934 0.551231 0.574488 0.5383051 0.960565 0.685651 0.923393 0.70563 0.926418 0.6877591 0.995979 0.503106 0.995979 0.513042 0.980106 0.513066 0.884905 0.551999 0.943112 0.529842 0.927051 0.552391 0.634011 0.564183 0.647313 0.579454 0.606571 0.562526 0.647313 0.579454 0.612242 0.57608 0.606571 0.562526 0.574488 0.5383051 0.605934 0.551231 0.568234 0.553142 0.612242 0.57608 0.647313 0.579454 0.678175 0.608718 0.895417 0.529294 0.943112 0.529842 0.884905 0.551999 0.859147 0.551673 0.895417 0.529294 0.884905 0.551999 0.922144 0.513096 0.943112 0.529842 0.895417 0.529294 0.943112 0.529842 0.922144 0.513096 0.980106 0.513066 0.502446 0.527299 0.502446 0.512249 0.53902 0.533727 0.859147 0.551673 0.850152 0.577507 0.817839 0.576868 0.850152 0.577507 0.859147 0.551673 0.884905 0.551999 0.528824 0.507252 0.549339 0.52292 0.546657 0.526024 0.01729297 0.1213499 0.01720696 0.064794 0.03118598 0.09311598 0.01720696 0.064794 0.07168596 0.05310797 0.03118598 0.09311598 0.07168596 0.05310797 0.07691699 0.076218 0.03118598 0.09311598 0.017385 0.19181 0.01736199 0.1704499 0.05214595 0.1705319 0.118797 0.09319698 0.03118598 0.09311598 0.07691699 0.076218 0.118797 0.09319698 0.07691699 0.076218 0.118797 0.07724499 0.06059396 0.1888459 0.017385 0.19181 0.05214595 0.1705319 0.05214595 0.1705319 0.01736199 0.1704499 0.01729297 0.1213499 0.01613599 0.005083978 0.07524496 0.006200015 0.07168596 0.05310797 0.07168596 0.05310797 0.01720696 0.064794 0.01613599 0.005083978 0.01729297 0.1213499 0.03118598 0.09311598 0.05214595 0.1705319 0.328901 0.702409 0.323587 0.710269 0.323225 0.720548 0.320311 0.72318 0.326344 0.724836 0.321681 0.731059 0.32618 0.748409 0.325998 0.740134 0.327182 0.740004 0.372048 0.725151 0.372048 0.696587 0.343364 0.703424 0.325998 0.740134 0.32618 0.748409 0.320376 0.740132 0.343364 0.703424 0.348501 0.696804 0.344254 0.711903 0.316318 0.727047 0.316802 0.735942 0.319806 0.742191 0.372048 0.699315 0.372048 0.706456 0.36628 0.693947 0.36628 0.693947 0.372048 0.706456 0.356886 0.707514 0.356886 0.707514 0.344254 0.711903 0.348501 0.696804 0.34916 0.724976 0.346792 0.719222 0.358356 0.716008 0.348233 0.695715 0.366944 0.692327 0.356484 0.691465 0.340788 0.729071 0.339134 0.727985 0.34916 0.724976 0.336757 0.702358 0.338276 0.700218 0.343364 0.703424 0.348501 0.696804 0.35631 0.692981 0.356886 0.707514 0.356886 0.707514 0.35631 0.692981 0.36628 0.693947 0.343364 0.703424 0.348233 0.695715 0.348501 0.696804 0.324204 0.711222 0.328735 0.704584 0.334057 0.717997 0.343364 0.703424 0.344254 0.711903 0.336757 0.702358 0.383271 0.535907 0.379298 0.542717 0.389533 0.543323 0.39266 0.535689 0.389533 0.543323 0.408076 0.536501 0.383271 0.535907 0.389533 0.543323 0.39266 0.535689 0.433594 0.592634 0.432478 0.55692 0.432199 0.57673 0.433594 0.592634 0.432478 0.55692 0.432199 0.57673 0.39562 0.515922 0.401095 0.524842 0.403134 0.514962 0.391151 0.520244 0.401095 0.524842 0.39562 0.515922 0.391374 0.529033 0.401095 0.524842 0.391151 0.520244 0.43329 0.592188 0.432478 0.55692 0.419883 0.559968 0.420938 0.54125 0.433377 0.555978 0.423358 0.542411 0.40994 0.592198 0.394194 0.59453 0.399879 0.621092 0.379298 0.542717 0.380463 0.551477 0.389533 0.543323 0.403134 0.514962 0.401095 0.524842 0.410011 0.518482 0.420938 0.54125 0.419883 0.559968 0.433377 0.555978 0.389533 0.543323 0.380463 0.551477 0.392246 0.56014 0.424805 0.745954 0.425502 0.740513 0.431222 0.739955 0.425502 0.740513 0.431222 0.739955 0.431083 0.746233 0.12424 0.984524 0.138454 0.963937 0.08374798 0.989131 0.154348 0.87748 0.124732 0.83791 0.119414 0.876354 0.08374798 0.989131 0.06522798 0.983654 0.07095098 0.997437 0.09979999 0.885935 0.119414 0.876354 0.076967 0.873516 0.106019 0.810043 0.09500098 0.804309 0.08669698 0.815228 0.05791497 0.843073 0.03319096 0.837616 0.05887597 0.852459 0.05887597 0.852459 0.03319096 0.837616 0.03327399 0.849374 0.05791497 0.843073 0.04564195 0.807821 0.03319096 0.837616 0.03319096 0.837616 0.04564195 0.807821 0.005122005 0.798622 0.005122005 0.834266 0.03319096 0.837616 0.005122005 0.798622 0.488297 0.812041 0.488297 0.812041 0.488297 0.763116 0.488297 0.812041 0.488297 0.812041 0.488297 0.763116 0.488297 0.812041 0.488297 0.812041 0.488297 0.763116 0.488297 0.812041 0.488297 0.812041 0.488297 0.763116 0.488297 0.812041 0.488297 0.812041 0.488297 0.763116 0.488297 0.812041 0.488297 0.812041 0.488297 0.763116 0.488297 0.812041 0.488297 0.812041 0.488297 0.763116 0.488297 0.812041 0.488297 0.812041 0.488297 0.763116 0.488297 0.812041 0.488297 0.812041 0.488297 0.763116 0.488297 0.812041 0.488297 0.812041 0.488297 0.763116 0.488297 0.812041 0.488297 0.812041 0.488297 0.763116 0.488297 0.812041 0.488297 0.812041 0.488297 0.763116 0.488297 0.763116 0.488297 0.812041 0.488297 0.812041 0.488297 0.812041 0.488297 0.812041 0.488297 0.763116 0.488297 0.812041 0.488297 0.812041 0.488297 0.763116 0.488297 0.812041 0.488297 0.812041 0.488297 0.763116 0.488297 0.812041 0.488297 0.812041 0.488297 0.763116 0.488297 0.812041 0.488297 0.812041 0.488297 0.763116 0.488297 0.812041 0.488297 0.812041 0.488297 0.763116 0.488297 0.812041 0.488297 0.812041 0.488297 0.763116 0.488297 0.812041 0.488297 0.812041 0.488297 0.763116 0.488297 0.812041 0.488297 0.812041 0.488297 0.763116 0.488297 0.812041 0.488297 0.812041 0.488297 0.763116 0.488297 0.812041 0.488297 0.812041 0.488297 0.763116 0.488297 0.812041 0.488297 0.812041 0.488297 0.763116 0.488297 0.812041 0.488297 0.812041 0.488297 0.763116 0.488297 0.812041 0.488297 0.812041 0.488297 0.763116 0.488297 0.812041 0.488297 0.812041 0.488297 0.763116 0.488297 0.812041 0.488297 0.812041 0.488297 0.763116 0.488297 0.812041 0.488297 0.812041 0.488297 0.763116 0.488297 0.812041 0.488297 0.812041 0.488297 0.763116 0.488297 0.812041 0.488297 0.812041 0.488297 0.763116 0.488297 0.812041 0.488297 0.812041 0.488297 0.763116 0.488297 0.812041 0.488297 0.812041 0.488297 0.763116 0.488297 0.812041 0.488297 0.812041 0.488297 0.763116 0.488297 0.812041 0.488297 0.812041 0.488297 0.763116 0.488297 0.812041 0.488297 0.812041 0.488297 0.763116 0.488297 0.812041 0.488297 0.812041 0.488297 0.763116 0.488297 0.812041 0.488297 0.812041 0.488297 0.763116 0.476708 0.545829 0.497152 0.541769 0.497257 0.52807 0.497257 0.52807 0.497856 0.502397 0.476665 0.5310021 0.455593 0.544494 0.476708 0.545829 0.453375 0.529882 0.476665 0.5310021 0.476708 0.545829 0.497257 0.52807 0.455593 0.544494 0.456355 0.552105 0.476708 0.545829 0.476665 0.5310021 0.497856 0.502397 0.474349 0.502788 0.453375 0.529882 0.476708 0.545829 0.476665 0.5310021 0.474957 0.5530861 0.497152 0.541769 0.476708 0.545829 0.476268 0.5991711 0.467577 0.581845 0.469892 0.622409 0.467577 0.581845 0.474957 0.5530861 0.457838 0.579565 0.474957 0.5530861 0.476708 0.545829 0.456355 0.552105 0.457838 0.579565 0.474957 0.5530861 0.456355 0.552105 0.650749 0.85354 0.662169 0.84491 0.652659 0.849796 0.652915 0.849292 0.650749 0.85354 0.660799 0.840751 0.660799 0.840751 0.659415 0.83655 0.652915 0.849292 0.650749 0.85354 0.657071 0.848763 0.656149 0.842953 0.656149 0.842953 0.657071 0.848763 0.662169 0.84491 0.662169 0.84491 0.659415 0.83655 0.656149 0.842953 0.660758 0.840627 0.652915 0.849292 0.651864 0.851355 0.651864 0.851355 0.650749 0.85354 0.660758 0.840627 0.660758 0.840627 0.659415 0.83655 0.652915 0.849292 0.651859 0.851364 0.662169 0.84491 0.659415 0.83655 0.659415 0.83655 0.652915 0.849292 0.651859 0.851364 0.298576 0.495575 0.323678 0.476559 0.322522 0.473008 0.418506 0.675032 0.416302 0.681418 0.422783 0.675047 0.42577 0.675097 0.422783 0.675047 0.422623 0.681777 0.422783 0.675047 0.416302 0.681418 0.422623 0.681777 0.408666 0.635988 0.414472 0.635826 0.406893 0.633166 0.406893 0.633166 0.412197 0.633018 0.404888 0.6320551 0.406893 0.633166 0.414472 0.635826 0.412197 0.633018 0.414472 0.635826 0.418708 0.635708 0.412197 0.633018 0.491331 0.701482 0.487914 0.747152 0.496402 0.705104 0.488922 0.736846 0.496402 0.705104 0.487914 0.747152 0.478088 0.658499 0.488684 0.658499 0.487363 0.668511 0.48112 0.630317 0.482695 0.633824 0.473931 0.630805 0.490083 0.626012 0.497159 0.633878 0.48112 0.630317 0.48112 0.630317 0.473931 0.630805 0.471354 0.627713 0.48112 0.630317 0.496449 0.629439 0.471354 0.627713 0.497159 0.633878 0.487175 0.633824 0.48112 0.630317 0.48112 0.630317 0.497159 0.633878 0.496449 0.629439 0.476063 0.633824 0.473931 0.630805 0.482695 0.633824 0.487175 0.633824 0.482695 0.633824 0.48112 0.630317 0.495607 0.668511 0.492298 0.675011 0.487363 0.668511 0.320147 0.627265 0.279099 0.613826 0.298866 0.647818 0.249575 0.518975 0.270074 0.507713 0.25886 0.506365 0.294212 0.512308 0.326558 0.530416 0.290348 0.51065 0.290348 0.51065 0.270074 0.507713 0.294212 0.512308 0.25886 0.506365 0.270074 0.507713 0.290348 0.51065 0.2240449 0.602309 0.2498329 0.654397 0.248489 0.651933 0.288244 0.561682 0.311628 0.547653 0.289503 0.53673 0.238034 0.6061061 0.2497839 0.637262 0.279099 0.613826 0.263498 0.538923 0.288244 0.561682 0.289503 0.53673 0.2486929 0.558717 0.288244 0.561682 0.263498 0.538923 0.279099 0.613826 0.2497839 0.637262 0.272174 0.648563 0.326558 0.530416 0.329427 0.52832 0.290348 0.51065 0.298866 0.647818 0.279099 0.613826 0.272174 0.648563 0.326233 0.571422 0.311628 0.547653 0.288244 0.561682 0.163082 0.488216 0.129728 0.458066 0.129728 0.471828 0.125822 0.471856 0.125822 0.458066 0.163082 0.488216 0.650749 0.85354 0.652915 0.849292 0.660792 0.84073 0.660792 0.84073 0.662169 0.84491 0.650749 0.85354 0.662169 0.84491 0.656459 0.849225 0.656165 0.842921 0.656165 0.842921 0.656459 0.849225 0.650749 0.85354 0.656165 0.842921 0.659415 0.83655 0.662169 0.84491 0.651832 0.851416 0.659415 0.83655 0.662169 0.84491 0.662169 0.84491 0.650749 0.85354 0.651832 0.851416 0.651832 0.851416 0.652915 0.849292 0.660792 0.84073 0.660792 0.84073 0.650749 0.85354 0.651832 0.851416 0.660792 0.84073 0.662169 0.84491 0.650749 0.85354 0.426917 0.698436 0.43565 0.696194 0.430904 0.688534 0.377855 0.745793 0.380962 0.747933 0.378036 0.742942 0.38476 0.72338 0.381135 0.7320351 0.393856 0.718658 0.409224 0.708883 0.40603 0.715889 0.41386 0.713541 0.39095 0.713378 0.393856 0.718658 0.396886 0.711635 0.387503 0.715574 0.38476 0.72338 0.389698 0.711514 0.409224 0.708883 0.412401 0.704913 0.412103 0.6988011 0.396886 0.711635 0.403612 0.709931 0.393918 0.705652 0.39456 0.699211 0.400074 0.699305 0.406735 0.697502 0.41386 0.713541 0.429181 0.713638 0.420654 0.707911 0.419276 0.696155 0.426917 0.698436 0.430904 0.688534 0.389698 0.711514 0.393856 0.718658 0.39095 0.713378 0.395858 0.703637 0.389698 0.711514 0.390072 0.699753 0.400074 0.699305 0.39456 0.699211 0.393918 0.705652 0.390072 0.699753 0.39095 0.713378 0.393918 0.705652 0.39456 0.699211 0.390072 0.699753 0.393918 0.705652 0.409224 0.708883 0.41386 0.713541 0.412401 0.704913 0.403612 0.709931 0.396886 0.711635 0.40603 0.715889 0.43565 0.688534 0.430904 0.688534 0.43565 0.696194 0.403612 0.709931 0.400074 0.699305 0.393918 0.705652 0.400074 0.699305 0.403612 0.709931 0.409224 0.708883 0.389698 0.711514 0.39095 0.713378 0.390072 0.699753 0.39456 0.699211 0.400847 0.695043 0.390072 0.699753 0.396886 0.711635 0.393918 0.705652 0.39095 0.713378 0.426325 0.705554 0.418203 0.699764 0.420654 0.707911 0.412401 0.704913 0.418203 0.699764 0.412103 0.6988011 0.420654 0.707911 0.418203 0.699764 0.412401 0.704913 0.41386 0.713541 0.420654 0.707911 0.412401 0.704913 0.419276 0.696155 0.430904 0.688534 0.421983 0.689242 0.426325 0.705554 0.420654 0.707911 0.429181 0.713638 0.406735 0.697502 0.409224 0.708883 0.412103 0.6988011 0.409224 0.708883 0.403612 0.709931 0.40603 0.715889 0.393856 0.718658 0.40603 0.715889 0.396886 0.711635 0.400847 0.695043 0.395858 0.703637 0.390072 0.699753 0.409224 0.708883 0.406735 0.697502 0.400074 0.699305 0.395858 0.703637 0.387503 0.715574 0.389698 0.711514 0.389698 0.711514 0.38476 0.72338 0.393856 0.718658 0.393856 0.718658 0.381135 0.7320351 0.384055 0.729862 0.400847 0.695043 0.39456 0.699211 0.406735 0.697502 0.552638 0.990129 0.55345 0.982749 0.52812 0.975912 0.562667 0.88789 0.556544 0.872826 0.52812 0.903526 0.556544 0.872826 0.554803 0.865893 0.52812 0.885862 0.554803 0.865893 0.551147 0.855529 0.52812 0.879396 0.554803 0.865893 0.590018 0.848773 0.551147 0.855529 0.590018 0.848773 0.554803 0.865893 0.595011 0.854202 0.604733 0.857352 0.595011 0.854202 0.632724 0.862206 0.174187 0.50999 0.14183 0.509988 0.1587499 0.503053 0.07180297 0.745745 0.072236 0.734625 0.04767996 0.742961 0.07227498 0.7346161 0.08223396 0.713643 0.118991 0.71854 0.05386501 0.721489 0.08223396 0.713643 0.07227498 0.7346161 0.118991 0.71854 0.115463 0.704243 0.1462309 0.7008931 0.146173 0.700895 0.115336 0.704256 0.118777 0.718569 0.1743199 0.710713 0.1587229 0.720134 0.158764 0.720133 0.07227498 0.7346161 0.04767996 0.742961 0.05386501 0.721489 0.166854 0.711303 0.171787 0.6982 0.146173 0.700895 0.04767996 0.742961 0.02772599 0.727587 0.05386501 0.721489 0.04767996 0.742961 0.05386996 0.721488 0.02772897 0.727587 0.118777 0.718569 0.115336 0.704256 0.08219099 0.71365 0.118991 0.71854 0.08223396 0.713643 0.115463 0.704243 0.072236 0.734625 0.118777 0.718569 0.08219099 0.71365 0.072236 0.734625 0.08219099 0.71365 0.05386996 0.721488 0.072236 0.734625 0.05386996 0.721488 0.04767996 0.742961 0.03661298 0.745917 0.04767996 0.742961 0.07180297 0.745745 0.1462309 0.7008931 0.171777 0.6982 0.1668649 0.711303 0.1462309 0.7008931 0.1668649 0.711303 0.118991 0.71854 0.118777 0.718569 0.166854 0.711303 0.146173 0.700895 0.04767996 0.742961 0.07227498 0.7346161 0.07180297 0.745745 0.04767996 0.742961 0.03661298 0.745917 0.07180297 0.745745 0.07180297 0.745745 0.03661298 0.745917 0.03661298 0.745917 0.02647799 0.479272 0.02647799 0.45488 0.007561981 0.479272 0.007561981 0.479272 0.02647799 0.479272 0.02647799 0.45488 0.02647799 0.479272 0.02647799 0.45488 0.007561981 0.479272 0.007561981 0.479272 0.02647799 0.479272 0.02647799 0.45488 0.007561981 0.479272 0.02647799 0.479272 0.02647799 0.45488 0.007561981 0.479272 0.02647799 0.479272 0.02647799 0.45488 0.007561981 0.479272 0.02647799 0.479272 0.02647799 0.45488 0.121423 0.308213 0.1136659 0.351869 0.121304 0.351886 0.05512398 0.305485 0.045717 0.324769 0.07529097 0.306913 0.045717 0.324769 0.04251998 0.349923 0.06574201 0.337883 0.04251998 0.349923 0.04726296 0.375965 0.06574201 0.337883 0.04726296 0.375965 0.05830401 0.400016 0.078381 0.373076 0.05830401 0.400016 0.07563596 0.419143 0.078381 0.373076 0.09286999 0.323756 0.06574201 0.337883 0.078381 0.373076 0.121464 0.299784 0.116995 0.299774 0.121423 0.308213 0.108933 0.301351 0.121423 0.308213 0.116995 0.299774 0.121182 0.392448 0.106163 0.392414 0.121042 0.435222 0.07529097 0.306913 0.045717 0.324769 0.06574201 0.337883 0.06574201 0.337883 0.04726296 0.375965 0.078381 0.373076 0.09984898 0.432117 0.121042 0.435222 0.106163 0.392414 0.05942696 0.458689 0.06669998 0.443726 0.04008096 0.424843 0.121343 0.624151 0.09467399 0.6096 0.116481 0.60175 0.09467399 0.6096 0.1006659 0.562648 0.116481 0.60175 0.652915 0.849292 0.650749 0.85354 0.662169 0.84491 0.652915 0.849292 0.650749 0.85354 0.662169 0.84491 0.652915 0.849292 0.650749 0.85354 0.662169 0.84491 0.652915 0.849292 0.650749 0.85354 0.662169 0.84491 0.65101 0.853027 0.650749 0.85354 0.662169 0.84491 0.652915 0.849292 0.650749 0.85354 0.662169 0.84491 0.652915 0.849292 0.650749 0.85354 0.662169 0.84491 0.652915 0.849292 0.650749 0.85354 0.662169 0.84491 0.652915 0.849292 0.650749 0.85354 0.662169 0.84491 0.652915 0.849292 0.650749 0.85354 0.662169 0.84491 0.659415 0.83655 0.652915 0.849292 0.652654 0.849804 0.652915 0.849292 0.650749 0.85354 0.662169 0.84491 0.652915 0.849292 0.650749 0.85354 0.662169 0.84491 0.652915 0.849292 0.650749 0.85354 0.662169 0.84491 0.652915 0.849292 0.650749 0.85354 0.662169 0.84491 0.652915 0.849292 0.650749 0.85354 0.662169 0.84491 0.659415 0.83655 0.652915 0.849292 0.652648 0.849817 0.652915 0.849292 0.650749 0.85354 0.662169 0.84491 0.652915 0.849292 0.650749 0.85354 0.662169 0.84491 0.652915 0.849292 0.650749 0.85354 0.662169 0.84491 0.656149 0.842953 0.652915 0.849292 0.650749 0.85354 0.650749 0.85354 0.662169 0.84491 0.660758 0.840627 0.651859 0.851364 0.650749 0.85354 0.662169 0.84491 0.650749 0.85354 0.662169 0.84491 0.660799 0.840751 0.659415 0.83655 0.652915 0.849292 0.652624 0.849865 0.652915 0.849292 0.650749 0.85354 0.662169 0.84491 0.652915 0.849292 0.650749 0.85354 0.662169 0.84491 0.652915 0.849292 0.650749 0.85354 0.662169 0.84491 0.652915 0.849292 0.650749 0.85354 0.662169 0.84491 0.652915 0.849292 0.650749 0.85354 0.662169 0.84491 0.652915 0.849292 0.650749 0.85354 0.662169 0.84491 0.652915 0.849292 0.650749 0.85354 0.662169 0.84491 0.652915 0.849292 0.650749 0.85354 0.662169 0.84491 0.652915 0.849292 0.650749 0.85354 0.662169 0.84491 0.652915 0.849292 0.650749 0.85354 0.662169 0.84491 0.652915 0.849292 0.650749 0.85354 0.662169 0.84491 0.652915 0.849292 0.650749 0.85354 0.662169 0.84491 0.652915 0.849292 0.650749 0.85354 0.662169 0.84491 0.652915 0.849292 0.650749 0.85354 0.662169 0.84491 0.652915 0.849292 0.650749 0.85354 0.662169 0.84491 0.652915 0.849292 0.650749 0.85354 0.662169 0.84491 0.652915 0.849292 0.650749 0.85354 0.662169 0.84491 0.652915 0.849292 0.650749 0.85354 0.662169 0.84491 0.652915 0.849292 0.650749 0.85354 0.662169 0.84491 0.652915 0.849292 0.650749 0.85354 0.662169 0.84491 0.651087 0.852877 0.650749 0.85354 0.662169 0.84491 0.652915 0.849292 0.650749 0.85354 0.662169 0.84491 0.652915 0.849292 0.650749 0.85354 0.662169 0.84491 0.652915 0.849292 0.650749 0.85354 0.662169 0.84491 0.652915 0.849292 0.650749 0.85354 0.662169 0.84491 0.652915 0.849292 0.650749 0.85354 0.662169 0.84491 0.652915 0.849292 0.650749 0.85354 0.662169 0.84491 0.652915 0.849292 0.650749 0.85354 0.662169 0.84491 0.652915 0.849292 0.650749 0.85354 0.662169 0.84491 0.652915 0.849292 0.650749 0.85354 0.662169 0.84491 0.652915 0.849292 0.650749 0.85354 0.662169 0.84491 0.652915 0.849292 0.650749 0.85354 0.662169 0.84491 0.652915 0.849292 0.650749 0.85354 0.662169 0.84491 0.652915 0.849292 0.650749 0.85354 0.662169 0.84491 0.652915 0.849292 0.650749 0.85354 0.662169 0.84491 0.652915 0.849292 0.650749 0.85354 0.662169 0.84491 0.652915 0.849292 0.650749 0.85354 0.662169 0.84491 0.652915 0.849292 0.650749 0.85354 0.662169 0.84491 0.652915 0.849292 0.650749 0.85354 0.662169 0.84491 0.652915 0.849292 0.650749 0.85354 0.662169 0.84491 0.652915 0.849292 0.650749 0.85354 0.662169 0.84491 0.652915 0.849292 0.650749 0.85354 0.662169 0.84491 0.652915 0.849292 0.650749 0.85354 0.662169 0.84491 0.652915 0.849292 0.650749 0.85354 0.662169 0.84491 0.652915 0.849292 0.650749 0.85354 0.662169 0.84491 0.652915 0.849292 0.650749 0.85354 0.662169 0.84491 0.652915 0.849292 0.650749 0.85354 0.662169 0.84491 0.652915 0.849292 0.650749 0.85354 0.662169 0.84491 0.653704 0.847747 0.652915 0.849292 0.650749 0.85354 0.652915 0.849292 0.650749 0.85354 0.662169 0.84491 0.652915 0.849292 0.650749 0.85354 0.662169 0.84491 0.817429 0.983995 0.815493 0.991416 0.785578 0.989203 0.794124 0.911319 0.785578 0.970516 0.775394 0.878327 0.82342 0.87867 0.799252 0.875802 0.82342 0.863416 0.799252 0.875802 0.789554 0.858636 0.82342 0.863416 0.695397 0.975119 0.695443 0.96849 0.707099 0.97632 0.694661 0.879278 0.720638 0.858164 0.705042 0.875836 0.724722 0.856842 0.720638 0.858164 0.694661 0.879278 0.783591 0.997862 0.785578 0.989203 0.815493 0.991416 0.802705 0.861038 0.775394 0.878327 0.776431 0.865264 0.805583 0.868264 0.775394 0.878327 0.802705 0.861038 0.805583 0.868264 0.799252 0.875802 0.775394 0.878327 0.804259 0.862965 0.799252 0.875802 0.805583 0.868264 0.741626 0.903848 0.776431 0.865264 0.775394 0.878327 0.732987 0.882998 0.776431 0.865264 0.741626 0.903848 0.720638 0.858164 0.764323 0.837706 0.764306 0.84063 0.720638 0.858164 0.724722 0.856842 0.764323 0.837706 0.802705 0.861038 0.776431 0.865264 0.800431 0.846123 0.824801 0.950402 0.82103 0.968546 0.785578 0.970516 0.799252 0.875802 0.82342 0.87867 0.824944 0.886986 0.601446 0.87915 0.556544 0.872826 0.562667 0.88789 0.597859 0.863034 0.554803 0.865893 0.556544 0.872826 0.578263 0.928097 0.573317 0.928335 0.576773 0.931791 0.598827 0.932823 0.603473 0.928097 0.595757 0.928097 0.595757 0.928097 0.603473 0.928097 0.598827 0.923371 0.599578 0.961944 0.603942 0.957344 0.596091 0.958386 0.639456 0.976054 0.654508 0.984673 0.654508 0.96801 0.654508 0.96801 0.631558 0.961882 0.639456 0.976054 0.654508 0.984673 0.639456 0.976054 0.626172 0.991196 0.62613 0.976539 0.602301 0.979905 0.626172 0.991196 0.56259 0.927655 0.604891 0.946487 0.604912 0.908823 0.557863 0.969684 0.602301 0.979905 0.604891 0.946487 0.604891 0.946487 0.602301 0.979905 0.631558 0.961882 0.630973 0.945071 0.604891 0.946487 0.631558 0.961882 0.630973 0.945071 0.633802 0.927655 0.604891 0.946487 0.63538 0.90972 0.604912 0.908823 0.633802 0.927655 0.632724 0.863183 0.601446 0.87915 0.631395 0.877614 0.626172 0.991196 0.602301 0.979905 0.600031 0.99218 0.597859 0.863034 0.601446 0.87915 0.632724 0.863183 0.639456 0.976054 0.631558 0.961882 0.62613 0.976539 0.639456 0.976054 0.62613 0.976539 0.626172 0.991196 0.647375 0.944565 0.633802 0.927655 0.630973 0.945071 0.647375 0.944565 0.630973 0.945071 0.631558 0.961882 0.650058 0.910091 0.635291 0.893526 0.63538 0.90972 0.650058 0.910091 0.63538 0.90972 0.633802 0.927655 0.600031 0.99218 0.602301 0.979905 0.55345 0.982749 0.597859 0.863034 0.556544 0.872826 0.601446 0.87915 0.647375 0.944565 0.664581 0.954465 0.664581 0.935325 0.664581 0.935325 0.633802 0.927655 0.647375 0.944565 0.664581 0.954465 0.647375 0.944565 0.631558 0.961882 0.650058 0.910091 0.668122 0.919991 0.668122 0.900851 0.668122 0.900851 0.635291 0.893526 0.650058 0.910091 0.668122 0.919991 0.650058 0.910091 0.633802 0.927655 0.664521 0.887494 0.647403 0.8775931 0.635291 0.893526 0.664521 0.868353 0.632724 0.863183 0.647403 0.8775931 0.647403 0.8775931 0.664521 0.887494 0.664521 0.868353 0.632724 0.862206 0.595011 0.854202 0.632724 0.863183 0.626172 0.991196 0.600031 0.99218 0.599805 0.998752 0.626172 0.991196 0.599805 0.998752 0.626172 0.992206 0.632724 0.863183 0.595011 0.854202 0.597859 0.863034 0.63538 0.90972 0.635291 0.893526 0.604912 0.908823 0.604912 0.908823 0.604891 0.946487 0.633802 0.927655 0.62613 0.976539 0.631558 0.961882 0.602301 0.979905 0.595011 0.854202 0.554803 0.865893 0.597859 0.863034 0.604891 0.946487 0.56259 0.927655 0.557863 0.969684 0.602301 0.979905 0.557863 0.969684 0.55345 0.982749 0.596333 0.897181 0.603899 0.898266 0.599396 0.893667 0.578876 0.899189 0.574519 0.899339 0.578726 0.902644 0.596091 0.958386 0.603942 0.957344 0.59908 0.952779 0.579327 0.957632 0.57512 0.957182 0.577975 0.961538 0.590018 0.848773 0.616887 0.861748 0.612779 0.839996 0.604733 0.857352 0.616887 0.861748 0.590018 0.848773 0.616887 0.861748 0.604733 0.857352 0.612749 0.874785 0.551147 0.855529 0.590018 0.848773 0.583878 0.836094 0.595011 0.854202 0.604733 0.857352 0.590018 0.848773 0.658603 0.838143 0.659415 0.83655 0.662169 0.84491 0.349386 0.379996 0.349386 0.358548 0.37032 0.358548 0.349386 0.379996 0.37032 0.379996 0.37032 0.392865 0.374227 0.392865 0.374227 0.379996 0.349386 0.379996 0.37032 0.358548 0.349386 0.358548 0.349386 0.379996 0.287285 0.389994 0.287285 0.409218 0.318336 0.395545 0.250024 0.358548 0.225184 0.358548 0.225184 0.379996 0.705042 0.875836 0.695685 0.88644 0.694661 0.879278 0.714459 0.966859 0.732057 0.982104 0.709173 0.973595 0.707099 0.97632 0.726526 0.989371 0.695397 0.975119 0.694661 0.879278 0.695685 0.88644 0.705042 0.875836 0.436393 0.877763 0.43205 0.932704 0.468621 0.880939 0.43205 0.932704 0.466574 0.943699 0.468621 0.880939 0.468621 0.880939 0.466574 0.943699 0.436393 0.877763 0.466574 0.943699 0.43205 0.932704 0.436393 0.877763 0.678613 0.835744 0.67498 0.835744 0.678613 0.835744 0.67498 0.835744 0.67498 0.835744 0.678613 0.835744 0.67498 0.835744 0.671348 0.835744 0.67498 0.835744 0.671348 0.835744 0.671348 0.835744 0.67498 0.835744 0.671348 0.835744 0.667715 0.835744 0.671348 0.835744 0.667715 0.835744 0.667715 0.835744 0.671348 0.835744 0.667715 0.835744 0.664082 0.835744 0.667715 0.835744 0.664082 0.835744 0.664082 0.835744 0.667715 0.835744 0.664082 0.835744 0.66045 0.835744 0.664082 0.835744 0.66045 0.835744 0.66045 0.835744 0.664082 0.835744 0.67498 0.835744 0.678613 0.835744 0.67498 0.86176 0.678613 0.835744 0.678613 0.86176 0.67498 0.86176 0.671348 0.835744 0.67498 0.835744 0.671348 0.86176 0.67498 0.835744 0.67498 0.86176 0.671348 0.86176 0.667715 0.835744 0.671348 0.835744 0.667715 0.86176 0.671348 0.835744 0.671348 0.86176 0.667715 0.86176 0.664082 0.835744 0.667715 0.835744 0.664082 0.86176 0.667715 0.835744 0.667715 0.86176 0.664082 0.86176 0.66045 0.835744 0.664082 0.835744 0.66045 0.86176 0.664082 0.835744 0.664082 0.86176 0.66045 0.86176 0.973239 0.880421 0.858791 0.880423 0.982092 0.914061 0.858791 0.880423 0.849939 0.914064 0.982092 0.914061 0.858792 0.947704 0.882978 0.972331 0.97324 0.947702 0.882978 0.972331 0.949055 0.972329 0.97324 0.947702 0.858792 0.947704 0.97324 0.947702 0.849939 0.914064 0.97324 0.947702 0.982092 0.914061 0.849939 0.914064 0.973239 0.880421 0.949053 0.855795 0.858791 0.880423 0.949053 0.855795 0.882977 0.855796 0.858791 0.880423 0.577524 0.953275 0.58784 0.950922 0.579327 0.957632 0.58784 0.950922 0.587405 0.958418 0.579327 0.957632 0.599578 0.961944 0.588543 0.963884 0.596091 0.958386 0.588543 0.963884 0.587405 0.958418 0.596091 0.958386 0.578125 0.894982 0.588205 0.891713 0.578876 0.899189 0.588205 0.891713 0.587891 0.897686 0.578876 0.899189 0.599076 0.902814 0.587753 0.904648 0.596333 0.897181 0.587753 0.904648 0.587891 0.897686 0.596333 0.897181 0.58701 0.928097 0.578263 0.928097 0.587612 0.921413 0.578263 0.928097 0.576623 0.923828 0.587612 0.921413 0.587612 0.934781 0.576773 0.931791 0.58701 0.928097 0.576773 0.931791 0.578263 0.928097 0.58701 0.928097 0.595757 0.928097 0.58701 0.928097 0.598827 0.923371 0.58701 0.928097 0.587612 0.921413 0.598827 0.923371 0.58701 0.928097 0.595757 0.928097 0.587612 0.934781 0.595757 0.928097 0.598827 0.932823 0.587612 0.934781 0.612779 0.839996 0.590018 0.848773 0.611719 0.829297 0.590018 0.848773 0.583878 0.836094 0.611719 0.829297 0.643794 0.230277 0.597337 0.230277 0.643794 0.1855409 0.597337 0.230277 0.597337 0.179291 0.643794 0.1855409 0.690252 0.1959589 0.690252 0.230277 0.643794 0.1855409 0.690252 0.230277 0.643794 0.230277 0.643794 0.1855409 0.798654 0.060413 0.845112 0.05956697 0.798654 0.07611298 0.845112 0.05956697 0.845112 0.07978498 0.798654 0.07611298 0.891569 0.07720202 0.845112 0.07978498 0.891569 0.06104499 0.845112 0.07978498 0.845112 0.05956697 0.891569 0.06104499 0.597337 0.464408 0.643794 0.449521 0.597337 0.471172 0.643794 0.449521 0.643794 0.454818 0.597337 0.471172 0.910683 0.468387 0.910683 0.48514 0.891569 0.461057 0.910683 0.48514 0.891569 0.473622 0.891569 0.461057 0.972627 0.468093 0.972627 0.484679 0.910683 0.468387 0.972627 0.484679 0.910683 0.48514 0.910683 0.468387 0.891569 0.461057 0.891569 0.473622 0.845112 0.446324 0.891569 0.473622 0.845112 0.452371 0.845112 0.446324 0.877655 0.766175 0.877655 0.762468 0.954253 0.766175 0.877655 0.762468 0.954253 0.762468 0.954253 0.766175 0.799143 0.766175 0.799143 0.762468 0.877655 0.766175 0.799143 0.762468 0.877655 0.762468 0.877655 0.766175 0.954253 0.766175 0.994467 0.766175 0.977233 0.792128 0.994467 0.766175 0.994467 0.792128 0.977233 0.792128 0.954253 0.766175 0.954253 0.762468 0.994467 0.766175 0.954253 0.762468 0.994467 0.762468 0.994467 0.766175 0.954253 0.81808 0.915954 0.81808 0.954253 0.766175 0.915954 0.81808 0.877655 0.766175 0.954253 0.766175 0.799143 0.766175 0.760844 0.766175 0.799143 0.762468 0.760844 0.766175 0.760844 0.762468 0.799143 0.762468 0.760844 0.766175 0.722545 0.766175 0.760844 0.762468 0.722545 0.766175 0.722545 0.762468 0.760844 0.762468 0.722545 0.766175 0.684246 0.766175 0.722545 0.762468 0.684246 0.766175 0.684246 0.762468 0.722545 0.762468 0.605732 0.766175 0.605732 0.762468 0.644031 0.766175 0.605732 0.762468 0.644031 0.762468 0.644031 0.766175 0.684246 0.762468 0.684246 0.766175 0.638287 0.762468 0.684246 0.766175 0.644031 0.762468 0.638287 0.762468 0.561574 0.762468 0.561574 0.766175 0.52002 0.783447 0.561574 0.766175 0.529785 0.78418 0.52002 0.783447 0.561574 0.766175 0.561574 0.762468 0.605732 0.766175 0.561574 0.762468 0.605732 0.762468 0.605732 0.766175 0.163082 0.358548 0.200343 0.358548 0.163082 0.379996 0.200343 0.358548 0.200343 0.379996 0.163082 0.379996 0.163082 0.379996 0.129728 0.379996 0.163082 0.358548 0.129728 0.379996 0.129728 0.358548 0.163082 0.358548 0.225184 0.358548 0.225184 0.3371 0.250024 0.358548 0.225184 0.3371 0.250024 0.3371 0.250024 0.358548 0.318336 0.3371 0.349386 0.3371 0.318336 0.358548 0.349386 0.3371 0.349386 0.358548 0.318336 0.358548 0.318336 0.358548 0.287285 0.358548 0.318336 0.3371 0.287285 0.358548 0.287285 0.3371 0.318336 0.3371 0.318336 0.3371 0.287285 0.3371 0.318336 0.251309 0.287285 0.3371 0.287285 0.251309 0.318336 0.251309 0.200343 0.251309 0.200343 0.3371 0.163082 0.251309 0.200343 0.3371 0.163082 0.3371 0.163082 0.251309 0.200343 0.251309 0.225184 0.251309 0.200343 0.3371 0.225184 0.251309 0.225184 0.3371 0.200343 0.3371 0.225184 0.251309 0.250024 0.251309 0.225184 0.3371 0.250024 0.251309 0.250024 0.3371 0.225184 0.3371 0.349386 0.251309 0.349386 0.3371 0.318336 0.251309 0.349386 0.3371 0.318336 0.3371 0.318336 0.251309 0.349386 0.251309 0.37032 0.251309 0.349386 0.3371 0.37032 0.251309 0.37032 0.3371 0.349386 0.3371 0.200343 0.358548 0.163082 0.358548 0.200343 0.3371 0.163082 0.358548 0.163082 0.3371 0.200343 0.3371 0.349386 0.358548 0.349386 0.3371 0.37032 0.358548 0.349386 0.3371 0.37032 0.3371 0.37032 0.358548 0.225184 0.358548 0.200343 0.358548 0.225184 0.3371 0.200343 0.358548 0.200343 0.3371 0.225184 0.3371 0.349386 0.469183 0.349386 0.452918 0.374227 0.471856 0.349386 0.452918 0.374227 0.458066 0.374227 0.471856 0.349386 0.469183 0.349386 0.471506 0.323014 0.47452 0.349386 0.471506 0.323678 0.476559 0.323014 0.47452 0.349386 0.422891 0.349386 0.437905 0.318336 0.430934 0.349386 0.437905 0.318336 0.445546 0.318336 0.430934 0.287285 0.444339 0.250024 0.460868 0.287285 0.409218 0.250024 0.460868 0.250024 0.422891 0.287285 0.409218 0.250024 0.460868 0.225184 0.455334 0.250024 0.422891 0.225184 0.455334 0.225184 0.422891 0.250024 0.422891 0.200684 0.470703 0.200343 0.422891 0.225184 0.455334 0.200343 0.422891 0.225184 0.422891 0.225184 0.455334 0.318336 0.395545 0.349386 0.388575 0.318336 0.430934 0.349386 0.388575 0.349386 0.422891 0.318336 0.430934 0.250024 0.358548 0.250024 0.3371 0.287285 0.358548 0.250024 0.3371 0.287285 0.3371 0.287285 0.358548 0.250024 0.251309 0.287285 0.251309 0.250024 0.3371 0.287285 0.251309 0.287285 0.3371 0.250024 0.3371 0.129728 0.3371 0.129728 0.251309 0.163082 0.3371 0.129728 0.251309 0.163082 0.251309 0.163082 0.3371 0.129728 0.358548 0.129728 0.3371 0.163082 0.358548 0.129728 0.3371 0.163082 0.3371 0.163082 0.358548 0.163411 0.443142 0.163082 0.488216 0.130208 0.427083 0.163082 0.488216 0.129728 0.442623 0.130208 0.427083 0.419086 0.003543972 0.46223 0.01610201 0.417545 0.02871501 0.46223 0.01610201 0.458096 0.04347699 0.417545 0.02871501 0.462419 0.161013 0.49265 0.173219 0.438446 0.2031559 0.49265 0.173219 0.449333 0.230233 0.438446 0.2031559 0.30764 0.03867298 0.374455 0.02649897 0.323438 0.05859398 0.374455 0.02649897 0.381205 0.04350399 0.323438 0.05859398 0.369122 3.67999e-4 0.419086 0.003543972 0.374455 0.02649897 0.419086 0.003543972 0.417545 0.02871501 0.374455 0.02649897 0.374455 0.02649897 0.30764 0.03867298 0.369122 3.67999e-4 0.30764 0.03867298 0.29518 0.013861 0.369122 3.67999e-4 0.381205 0.04350399 0.447872 0.05985599 0.386537 0.06569898 0.447872 0.05985599 0.443054 0.078799 0.386537 0.06569898 0.323438 0.05859398 0.381205 0.04350399 0.333175 0.07424998 0.381205 0.04350399 0.386537 0.06569898 0.333175 0.07424998 0.323438 0.05859398 0.333175 0.07424998 0.282842 0.103708 0.333175 0.07424998 0.294141 0.1203129 0.282842 0.103708 0.272941 0.153369 0.282842 0.103708 0.292708 0.1458849 0.282842 0.103708 0.294141 0.1203129 0.292708 0.1458849 0.1991919 0.245225 0.2329509 0.2476639 0.2216899 0.1690909 0.2329509 0.2476639 0.236397 0.1877459 0.2216899 0.1690909 0.198008 0.139135 0.128835 0.1371729 0.1991919 0.245225 0.128835 0.1371729 0.128835 0.2427759 0.1991919 0.245225 0.63737 0.699707 0.666341 0.681315 0.634115 0.698568 0.666341 0.681315 0.665527 0.677897 0.634115 0.698568 0.569859 0.704224 0.502446 0.697935 0.569092 0.739746 0.502446 0.697935 0.502441 0.748047 0.569092 0.739746 0.676466 0.652848 0.683732 0.638644 0.621787 0.667124 0.683732 0.638644 0.621464 0.635604 0.621787 0.667124 0.609131 0.739014 0.63737 0.699707 0.603271 0.739502 0.63737 0.699707 0.634115 0.698568 0.603271 0.739502 0.569859 0.704224 0.569092 0.739746 0.634115 0.698568 0.569092 0.739746 0.603271 0.739502 0.634115 0.698568 0.778863 0.674262 0.776278 0.678267 0.817065 0.698274 0.776278 0.678267 0.810547 0.699041 0.817065 0.698274 0.817065 0.698274 0.82807 0.689841 0.778863 0.674262 0.82807 0.689841 0.784492 0.658605 0.778863 0.674262 0.732205 0.664714 0.732096 0.669271 0.778863 0.674262 0.732096 0.669271 0.776278 0.678267 0.778863 0.674262 0.995979 0.5523321 0.927051 0.552391 0.995979 0.57775 0.927051 0.552391 0.914599 0.577669 0.995979 0.57775 0.927051 0.552391 0.884905 0.551999 0.914599 0.577669 0.884905 0.551999 0.850152 0.577507 0.914599 0.577669 0.69073 0.650051 0.676466 0.652848 0.699067 0.666817 0.676466 0.652848 0.665527 0.677897 0.699067 0.666817 0.734887 0.650623 0.732205 0.664714 0.784492 0.658605 0.732205 0.664714 0.778863 0.674262 0.784492 0.658605 0.817065 0.698274 0.810547 0.699041 0.835536 0.718428 0.810547 0.699041 0.82637 0.715536 0.835536 0.718428 0.959512 0.70167 0.995979 0.699996 0.960565 0.685651 0.995979 0.699996 0.995979 0.683957 0.960565 0.685651 0.666341 0.681315 0.699382 0.670898 0.665527 0.677897 0.699382 0.670898 0.699067 0.666817 0.665527 0.677897 0.995979 0.53009 0.943112 0.529842 0.995979 0.5523321 0.943112 0.529842 0.927051 0.552391 0.995979 0.5523321 0.995979 0.513042 0.980106 0.513066 0.995979 0.53009 0.980106 0.513066 0.943112 0.529842 0.995979 0.53009 0.960565 0.685651 0.995979 0.683957 0.956404 0.674457 0.995979 0.683957 0.995979 0.675055 0.956404 0.674457 0.961106 0.71355 0.960838 0.727026 0.995979 0.711568 0.960838 0.727026 0.995979 0.725442 0.995979 0.711568 0.907645 0.73856 0.958705 0.731864 0.913707 0.734273 0.958705 0.731864 0.960838 0.727026 0.913707 0.734273 0.958705 0.731864 0.999442 0.731027 0.960838 0.727026 0.999442 0.731027 0.999885 0.725442 0.960838 0.727026 0.683732 0.638644 0.678175 0.608718 0.621464 0.635604 0.678175 0.608718 0.617696 0.604976 0.621464 0.635604 0.546657 0.526024 0.53902 0.533727 0.574488 0.5383051 0.53902 0.533727 0.568234 0.553142 0.574488 0.5383051 0.995979 0.636879 0.995979 0.606138 0.912472 0.636616 0.995979 0.606138 0.913324 0.605842 0.912472 0.636616 0.913324 0.605842 0.845503 0.606071 0.912472 0.636616 0.845503 0.606071 0.840584 0.636362 0.912472 0.636616 0.788017 0.638698 0.840584 0.636362 0.792864 0.607743 0.840584 0.636362 0.845503 0.606071 0.792864 0.607743 0.737372 0.612555 0.736764 0.639916 0.792864 0.607743 0.736764 0.639916 0.788017 0.638698 0.792864 0.607743 0.528824 0.507252 0.502446 0.512249 0.546657 0.526024 0.502446 0.512249 0.53902 0.533727 0.546657 0.526024 0.817671 0.558349 0.859147 0.551673 0.862674 0.528837 0.859147 0.551673 0.895417 0.529294 0.862674 0.528837 0.699404 0.58714 0.737166 0.595612 0.701926 0.579431 0.737166 0.595612 0.734396 0.582517 0.701926 0.579431 0.774024 0.580519 0.734396 0.582517 0.782052 0.590111 0.734396 0.582517 0.737166 0.595612 0.782052 0.590111 0.901935 0.511496 0.922144 0.513096 0.846774 0.501738 0.922144 0.513096 0.981988 0.502948 0.846774 0.501738 0.895417 0.529294 0.922144 0.513096 0.862674 0.528837 0.922144 0.513096 0.901935 0.511496 0.862674 0.528837 0.782052 0.590111 0.817839 0.576868 0.774024 0.580519 0.817839 0.576868 0.817671 0.558349 0.774024 0.580519 0.05214595 0.1705319 0.06059396 0.1888459 0.118797 0.170571 0.06059396 0.1888459 0.118797 0.186792 0.118797 0.170571 0.05697798 0.2359089 0.118797 0.2340779 0.06059396 0.1888459 0.118797 0.2340779 0.118797 0.186792 0.06059396 0.1888459 0.06059396 0.1888459 0.017385 0.19181 0.05697798 0.2359089 0.017385 0.19181 0.02090495 0.2458649 0.05697798 0.2359089 0.017385 0.19181 0.02136498 0.1887329 0.02090495 0.2458649 0.02136498 0.1887329 0.024486 0.2476609 0.02090495 0.2458649 0.118797 0.007366001 0.07524496 0.006200015 0.118797 0.055929 0.07524496 0.006200015 0.07168596 0.05310797 0.118797 0.055929 0.07168596 0.05310797 0.07691699 0.076218 0.118797 0.055929 0.07691699 0.076218 0.118797 0.07724499 0.118797 0.055929 0.05214595 0.1705319 0.118797 0.170571 0.03118598 0.09311598 0.118797 0.170571 0.118797 0.09319698 0.03118598 0.09311598 0.910683 0.055803 0.891569 0.055803 0.752196 0.055803 0.891569 0.055803 0.798654 0.055803 0.752196 0.055803 0.690151 0.052316 0.752093 0.052316 0.690252 0.055803 0.752093 0.052316 0.752196 0.055803 0.690252 0.055803 0.550879 0.055803 0.972627 0.055803 0.643794 0.055803 0.972627 0.055803 0.690252 0.055803 0.643794 0.055803 0.358356 0.716008 0.356886 0.707514 0.346792 0.719222 0.356886 0.707514 0.344254 0.711903 0.346792 0.719222 0.348233 0.695715 0.348501 0.696804 0.356484 0.691465 0.348501 0.696804 0.35631 0.692981 0.356484 0.691465 0.36628 0.693947 0.372048 0.699315 0.366944 0.692327 0.372048 0.699315 0.372048 0.696587 0.366944 0.692327 0.334057 0.717997 0.326344 0.724836 0.339134 0.727985 0.326344 0.724836 0.332514 0.730733 0.339134 0.727985 0.323225 0.720548 0.328901 0.702409 0.33397 0.731748 0.328901 0.702409 0.340788 0.729071 0.33397 0.731748 0.32382 0.7216621 0.323225 0.720548 0.320311 0.72318 0.323225 0.720548 0.319803 0.7223 0.320311 0.72318 0.320311 0.72318 0.319803 0.7223 0.316585 0.727832 0.319803 0.7223 0.316318 0.727047 0.316585 0.727832 0.328735 0.704584 0.328901 0.702409 0.324204 0.711222 0.328901 0.702409 0.323587 0.710269 0.324204 0.711222 0.321681 0.731059 0.320376 0.740132 0.328142 0.735425 0.320376 0.740132 0.325998 0.740134 0.328142 0.735425 0.332514 0.730733 0.326344 0.724836 0.328142 0.735425 0.326344 0.724836 0.321681 0.731059 0.328142 0.735425 0.329191 0.735575 0.316318 0.727047 0.33397 0.731748 0.316318 0.727047 0.323225 0.720548 0.33397 0.731748 0.319806 0.742191 0.316318 0.727047 0.327182 0.740004 0.316318 0.727047 0.329191 0.735575 0.327182 0.740004 0.39266 0.535689 0.391374 0.529033 0.408076 0.536501 0.391374 0.529033 0.401095 0.524842 0.408076 0.536501 0.389533 0.543323 0.406223 0.569872 0.392246 0.56014 0.406223 0.569872 0.400898 0.573867 0.392246 0.56014 0.389533 0.543323 0.408076 0.536501 0.406223 0.569872 0.408076 0.536501 0.419883 0.559968 0.406223 0.569872 0.406223 0.569872 0.40994 0.592198 0.400898 0.573867 0.40994 0.592198 0.394194 0.59453 0.400898 0.573867 0.420938 0.54125 0.419883 0.559968 0.416355 0.531663 0.419883 0.559968 0.408076 0.536501 0.416355 0.531663 0.389066 0.517821 0.394797 0.511187 0.391151 0.520244 0.394797 0.511187 0.39562 0.515922 0.391151 0.520244 0.391231 0.5289101 0.389567 0.526963 0.391151 0.520244 0.389567 0.526963 0.389066 0.517821 0.391151 0.520244 0.414452 0.513992 0.410011 0.518482 0.400949 0.50865 0.410011 0.518482 0.403134 0.514962 0.400949 0.50865 0.416355 0.531663 0.408076 0.536501 0.410011 0.518482 0.408076 0.536501 0.401095 0.524842 0.410011 0.518482 0.421032 0.528347 0.416355 0.531663 0.414452 0.513992 0.416355 0.531663 0.410011 0.518482 0.414452 0.513992 0.421032 0.528347 0.423358 0.542411 0.416355 0.531663 0.423358 0.542411 0.420938 0.54125 0.416355 0.531663 0.394797 0.511187 0.400949 0.50865 0.39562 0.515922 0.400949 0.50865 0.403134 0.514962 0.39562 0.515922 0.419883 0.559968 0.43329 0.592188 0.406223 0.569872 0.43329 0.592188 0.40994 0.592198 0.406223 0.569872 0.399879 0.621092 0.388123 0.621092 0.394194 0.59453 0.388123 0.621092 0.386366 0.602939 0.394194 0.59453 0.119414 0.876354 0.154348 0.87748 0.139559 0.925852 0.154348 0.87748 0.1749039 0.934674 0.139559 0.925852 0.1722909 0.975209 0.16578 0.99034 0.138454 0.963937 0.16578 0.99034 0.12424 0.984524 0.138454 0.963937 0.139559 0.925852 0.1749039 0.934674 0.138454 0.963937 0.1749039 0.934674 0.1722909 0.975209 0.138454 0.963937 0.16715 0.835085 0.17531 0.836658 0.202054 0.879179 0.17531 0.836658 0.2123889 0.881404 0.202054 0.879179 0.005122005 0.759096 0.058627 0.767204 0.005122005 0.754577 0.058627 0.767204 0.05909997 0.76564 0.005122005 0.754577 0.058627 0.767204 0.101844 0.795506 0.05909997 0.76564 0.101844 0.795506 0.1016589 0.79606 0.05909997 0.76564 0.131322 0.807936 0.1237419 0.805914 0.101844 0.795506 0.1237419 0.805914 0.1016589 0.79606 0.101844 0.795506 0.1237419 0.805914 0.131322 0.807936 0.16715 0.835085 0.131322 0.807936 0.17531 0.836658 0.16715 0.835085 0.202054 0.879179 0.2123889 0.881404 0.2241579 0.944288 0.2123889 0.881404 0.232445 0.945965 0.2241579 0.944288 0.021241 0.868951 0.05706995 0.870941 0.02270299 0.870638 0.05706995 0.870941 0.06044799 0.872005 0.02270299 0.870638 0.025527 0.884907 0.02270299 0.870638 0.06365996 0.884583 0.02270299 0.870638 0.06044799 0.872005 0.06365996 0.884583 0.005122005 0.77533 0.04882198 0.783438 0.005122005 0.798622 0.04882198 0.783438 0.04564195 0.807821 0.005122005 0.798622 0.005122005 0.834266 0.03319096 0.837616 0.005122005 0.847438 0.03319096 0.837616 0.03327399 0.849374 0.005122005 0.847438 0.488297 0.763116 0.488297 0.763116 0.488297 0.812041 0.488297 0.763116 0.488297 0.812041 0.488297 0.812041 0.488297 0.763116 0.488297 0.812041 0.488297 0.763116 0.488297 0.812041 0.488297 0.812041 0.488297 0.763116 0.488297 0.763116 0.488297 0.812041 0.488297 0.763116 0.488297 0.812041 0.488297 0.812041 0.488297 0.763116 0.488297 0.763116 0.488297 0.812041 0.488297 0.763116 0.488297 0.812041 0.488297 0.812041 0.488297 0.763116 0.488297 0.763116 0.488297 0.812041 0.488297 0.763116 0.488297 0.812041 0.488297 0.812041 0.488297 0.763116 0.488297 0.763116 0.488297 0.812041 0.488297 0.763116 0.488297 0.812041 0.488297 0.812041 0.488297 0.763116 0.488297 0.763116 0.488297 0.812041 0.488297 0.763116 0.488297 0.812041 0.488297 0.812041 0.488297 0.763116 0.488297 0.763116 0.488297 0.812041 0.488297 0.763116 0.488297 0.812041 0.488297 0.812041 0.488297 0.763116 0.488297 0.763116 0.488297 0.812041 0.488297 0.763116 0.488297 0.812041 0.488297 0.812041 0.488297 0.763116 0.488297 0.763116 0.488297 0.812041 0.488297 0.763116 0.488297 0.812041 0.488297 0.812041 0.488297 0.763116 0.488297 0.763116 0.488297 0.787579 0.488297 0.812041 0.488297 0.787579 0.488297 0.763116 0.488297 0.812041 0.488297 0.812041 0.488297 0.763116 0.488297 0.763116 0.488297 0.763116 0.488297 0.787579 0.488297 0.763116 0.457838 0.579565 0.467577 0.581845 0.456572 0.622675 0.467577 0.581845 0.469892 0.622409 0.456572 0.622675 0.456355 0.552105 0.457838 0.579565 0.442291 0.550327 0.457838 0.579565 0.443217 0.576792 0.442291 0.550327 0.442291 0.550327 0.440031 0.542935 0.456355 0.552105 0.440031 0.542935 0.455593 0.544494 0.456355 0.552105 0.451922 0.502026 0.474349 0.502788 0.453375 0.529882 0.474349 0.502788 0.476665 0.5310021 0.453375 0.529882 0.421581 0.659098 0.411948 0.659368 0.420583 0.649083 0.411948 0.659368 0.411229 0.649345 0.420583 0.649083 0.406893 0.633166 0.406893 0.633166 0.408666 0.635988 0.406893 0.633166 0.408666 0.635988 0.408666 0.635988 0.426698 0.640916 0.423926 0.640994 0.420726 0.635651 0.423926 0.640994 0.418708 0.635708 0.420726 0.635651 0.418132 0.641156 0.410157 0.641379 0.414472 0.635826 0.410157 0.641379 0.408666 0.635988 0.414472 0.635826 0.408666 0.635988 0.408666 0.635988 0.410157 0.641379 0.408666 0.635988 0.410157 0.641379 0.410157 0.641379 0.410157 0.641379 0.410157 0.641379 0.411229 0.649345 0.410157 0.641379 0.411229 0.649345 0.411229 0.649345 0.411229 0.649345 0.411229 0.649345 0.411948 0.659368 0.411229 0.649345 0.411948 0.659368 0.411948 0.659368 0.420583 0.649083 0.411229 0.649345 0.418132 0.641156 0.411229 0.649345 0.410157 0.641379 0.418132 0.641156 0.411948 0.659368 0.411948 0.659368 0.411609 0.668901 0.411948 0.659368 0.411609 0.668901 0.411609 0.668901 0.416302 0.681418 0.411281 0.6808961 0.418506 0.675032 0.411281 0.6808961 0.411445 0.674898 0.418506 0.675032 0.411609 0.668901 0.411609 0.668901 0.411445 0.674898 0.411609 0.668901 0.411445 0.674898 0.411445 0.674898 0.418506 0.675032 0.411445 0.674898 0.42071 0.668646 0.411445 0.674898 0.411609 0.668901 0.42071 0.668646 0.42071 0.668646 0.411609 0.668901 0.421581 0.659098 0.411609 0.668901 0.411948 0.659368 0.421581 0.659098 0.476875 0.74718 0.467926 0.747168 0.477407 0.691788 0.467926 0.747168 0.467926 0.690178 0.477407 0.691788 0.467926 0.747168 0.476875 0.74718 0.467926 0.746576 0.476875 0.74718 0.473758 0.744916 0.467926 0.746576 0.487914 0.747152 0.476875 0.74718 0.491331 0.701482 0.476875 0.74718 0.477407 0.691788 0.491331 0.701482 0.476875 0.74718 0.487914 0.747152 0.473758 0.744916 0.487914 0.747152 0.488922 0.736846 0.473758 0.744916 0.478088 0.658499 0.478088 0.658499 0.487363 0.668511 0.478088 0.658499 0.471684 0.66958 0.487363 0.668511 0.478088 0.658499 0.478088 0.658499 0.478698 0.647941 0.478088 0.658499 0.478698 0.647941 0.478698 0.647941 0.478698 0.647941 0.478698 0.647941 0.4779 0.639535 0.478698 0.647941 0.4779 0.639535 0.4779 0.639535 0.4779 0.639535 0.4779 0.639535 0.476063 0.633824 0.4779 0.639535 0.476063 0.633824 0.476063 0.633824 0.498224 0.675959 0.492298 0.675011 0.498047 0.683594 0.492298 0.675011 0.488989 0.681512 0.498047 0.683594 0.476063 0.633824 0.476063 0.633824 0.473931 0.630805 0.476063 0.633824 0.473931 0.630805 0.473931 0.630805 0.288244 0.561682 0.286302 0.588171 0.2486929 0.558717 0.286302 0.588171 0.2398539 0.578391 0.2486929 0.558717 0.286302 0.588171 0.279099 0.613826 0.2398539 0.578391 0.279099 0.613826 0.238034 0.6061061 0.2398539 0.578391 0.329314 0.601494 0.286302 0.588171 0.326233 0.571422 0.286302 0.588171 0.288244 0.561682 0.326233 0.571422 0.320147 0.627265 0.279099 0.613826 0.329314 0.601494 0.279099 0.613826 0.286302 0.588171 0.329314 0.601494 0.323014 0.47452 0.298576 0.495575 0.318336 0.460157 0.298576 0.495575 0.299705 0.465787 0.318336 0.460157 0.652659 0.849796 0.659747 0.837557 0.650749 0.85354 0.659747 0.837557 0.659415 0.83655 0.650749 0.85354 0.652624 0.849865 0.650749 0.85354 0.659415 0.83655 0.650749 0.85354 0.662169 0.84491 0.659415 0.83655 0.661739 0.843604 0.659415 0.83655 0.651041 0.852968 0.659415 0.83655 0.652915 0.849292 0.651041 0.852968 0.662169 0.84491 0.659415 0.83655 0.651087 0.852877 0.659415 0.83655 0.652915 0.849292 0.651087 0.852877 0.652648 0.849817 0.650749 0.85354 0.659415 0.83655 0.650749 0.85354 0.662169 0.84491 0.659415 0.83655 0.659755 0.837582 0.659415 0.83655 0.652653 0.849807 0.659415 0.83655 0.652915 0.849292 0.652653 0.849807 0.650749 0.85354 0.662169 0.84491 0.653704 0.847747 0.662169 0.84491 0.659415 0.83655 0.653704 0.847747 0.659737 0.837528 0.659415 0.83655 0.652654 0.849805 0.659415 0.83655 0.652915 0.849292 0.652654 0.849805 0.662169 0.84491 0.659415 0.83655 0.65101 0.853027 0.659415 0.83655 0.652915 0.849292 0.65101 0.853027 0.652654 0.849804 0.650749 0.85354 0.659415 0.83655 0.650749 0.85354 0.662169 0.84491 0.659415 0.83655 0.168914 0.6224851 0.1795359 0.612982 0.145998 0.622483 0.1795359 0.612982 0.1350799 0.612979 0.145998 0.622483 0.1801339 0.548152 0.13045 0.548149 0.184574 0.572598 0.13045 0.548149 0.1269479 0.572595 0.184574 0.572598 0.13045 0.548149 0.1801339 0.548152 0.13045 0.548149 0.1801339 0.548152 0.1801339 0.548152 0.13045 0.548149 0.127197 0.593577 0.186124 0.593581 0.1269479 0.572595 0.186124 0.593581 0.184574 0.572598 0.1269479 0.572595 0.181638 0.529951 0.132523 0.529948 0.1801339 0.548152 0.132523 0.529948 0.13045 0.548149 0.1801339 0.548152 0.174187 0.50999 0.14183 0.509988 0.181638 0.529951 0.14183 0.509988 0.132523 0.529948 0.181638 0.529951 0.127197 0.593577 0.1350799 0.612979 0.186124 0.593581 0.1350799 0.612979 0.1795359 0.612982 0.186124 0.593581 0.16662 0.652746 0.179376 0.652746 0.16662 0.62999 0.179376 0.652746 0.1761869 0.62999 0.16662 0.62999 0.179376 0.652746 0.16662 0.652746 0.1761869 0.62999 0.16662 0.652746 0.16662 0.62999 0.1761869 0.62999 0.114 0.652746 0.139513 0.652746 0.114 0.62999 0.139513 0.652746 0.139513 0.62999 0.114 0.62999 0.139513 0.652746 0.114 0.652746 0.139513 0.62999 0.114 0.652746 0.114 0.62999 0.139513 0.62999 0.139513 0.652746 0.16662 0.652746 0.139513 0.62999 0.16662 0.652746 0.16662 0.62999 0.139513 0.62999 0.16662 0.652746 0.139513 0.652746 0.16662 0.62999 0.139513 0.652746 0.139513 0.62999 0.16662 0.62999 0.03661298 0.745917 0.04767996 0.742961 0.01395195 0.729138 0.04767996 0.742961 0.02772599 0.727587 0.01395195 0.729138 0.03661298 0.745917 0.01395195 0.729138 0.04767996 0.742961 0.01395195 0.729138 0.02772897 0.727587 0.04767996 0.742961 0.01395195 0.729138 0.01395195 0.729138 0.03661298 0.745917 0.01395195 0.729138 0.03661298 0.745917 0.03661298 0.745917 0.02647799 0.45488 0.02647799 0.479272 0.007561981 0.45488 0.02647799 0.479272 0.007561981 0.479272 0.007561981 0.45488 0.02647799 0.45488 0.02647799 0.479272 0.007561981 0.45488 0.02647799 0.479272 0.007561981 0.479272 0.007561981 0.45488 0.02647799 0.45488 0.02647799 0.479272 0.007561981 0.45488 0.02647799 0.479272 0.007561981 0.479272 0.007561981 0.45488 0.02647799 0.45488 0.02647799 0.479272 0.007561981 0.45488 0.02647799 0.479272 0.007561981 0.479272 0.007561981 0.45488 0.02647799 0.45488 0.02647799 0.479272 0.007561981 0.45488 0.02647799 0.479272 0.007561981 0.479272 0.007561981 0.45488 0.02647799 0.45488 0.02647799 0.479272 0.007561981 0.45488 0.02647799 0.479272 0.007561981 0.479272 0.007561981 0.45488 0.02647799 0.45488 0.02647799 0.479272 0.007561981 0.45488 0.02647799 0.479272 0.007561981 0.479272 0.007561981 0.45488 0.02647799 0.45488 0.02647799 0.479272 0.007561981 0.45488 0.02647799 0.479272 0.007561981 0.479272 0.007561981 0.45488 0.02647799 0.45488 0.02647799 0.479272 0.007561981 0.45488 0.02647799 0.479272 0.007561981 0.479272 0.007561981 0.45488 0.02647799 0.45488 0.02647799 0.479272 0.007561981 0.45488 0.02647799 0.479272 0.007561981 0.479272 0.007561981 0.45488 0.02647799 0.467076 0.02647799 0.479272 0.007561981 0.467076 0.02647799 0.479272 0.007561981 0.479272 0.007561981 0.467076 0.02647799 0.467076 0.02647799 0.479272 0.007561981 0.467076 0.02647799 0.479272 0.007561981 0.479272 0.007561981 0.467076 0.02647799 0.467076 0.02647799 0.479272 0.007561981 0.467076 0.02647799 0.479272 0.007561981 0.479272 0.007561981 0.467076 0.02647799 0.45488 0.02647799 0.479272 0.007561981 0.45488 0.02647799 0.479272 0.007561981 0.479272 0.007561981 0.45488 0.02647799 0.467076 0.02647799 0.479272 0.007561981 0.467076 0.02647799 0.479272 0.007561981 0.479272 0.007561981 0.467076 0.02647799 0.467076 0.02647799 0.479272 0.007561981 0.4671 0.02647799 0.479272 0.007561981 0.479272 0.007561981 0.4671 0.02647799 0.467076 0.02647799 0.45488 0.007561981 0.479272 0.02647799 0.45488 0.02647799 0.479272 0.007561981 0.479272 0.02647799 0.45488 0.02647799 0.479272 0.007561981 0.45488 0.02647799 0.479272 0.007561981 0.479272 0.007561981 0.45488 0.02647799 0.45488 0.02647799 0.479272 0.007561981 0.45488 0.02647799 0.479272 0.007561981 0.479272 0.007561981 0.45488 0.02647799 0.45488 0.02647799 0.479272 0.007561981 0.45488 0.02647799 0.479272 0.007561981 0.479272 0.007561981 0.45488 0.02647799 0.45488 0.02647799 0.479272 0.007561981 0.45488 0.02647799 0.479272 0.007561981 0.479272 0.007561981 0.45488 0.02647799 0.45488 0.02647799 0.479272 0.007561981 0.45488 0.02647799 0.479272 0.007561981 0.479272 0.007561981 0.45488 0.02647799 0.45488 0.02647799 0.479272 0.007561981 0.45488 0.02647799 0.479272 0.007561981 0.479272 0.007561981 0.45488 0.01701998 0.479272 0.007561981 0.479272 0.01701998 0.45488 0.007561981 0.479272 0.007561981 0.45488 0.01701998 0.45488 0.02647799 0.45488 0.02647799 0.479272 0.007561981 0.45488 0.02647799 0.479272 0.007561981 0.479272 0.007561981 0.45488 0.02647799 0.45488 0.02647799 0.479272 0.007561981 0.45488 0.02647799 0.479272 0.007561981 0.479272 0.007561981 0.45488 0.01701998 0.479272 0.007561981 0.479272 0.01701998 0.45488 0.007561981 0.479272 0.007561981 0.45488 0.01701998 0.45488 0.02647799 0.45488 0.02647799 0.479272 0.007561981 0.45488 0.02647799 0.479272 0.007561981 0.479272 0.007561981 0.45488 0.02647799 0.45488 0.02647799 0.479272 0.02647799 0.467076 0.02647799 0.479272 0.02647799 0.45488 0.02647799 0.467076 0.007561981 0.467076 0.007561981 0.45488 0.02647799 0.467076 0.007561981 0.45488 0.02647799 0.45488 0.02647799 0.467076 0.007561981 0.467076 0.007561981 0.45488 0.02647799 0.467076 0.007561981 0.45488 0.02647799 0.45488 0.02647799 0.467076 0.007561981 0.467076 0.007561981 0.45488 0.02647799 0.467076 0.007561981 0.45488 0.02647799 0.45488 0.02647799 0.467076 0.007561981 0.467076 0.007561981 0.45488 0.02647799 0.467076 0.007561981 0.45488 0.02647799 0.45488 0.02647799 0.467076 0.007561981 0.467076 0.007561981 0.45488 0.02647799 0.467076 0.007561981 0.45488 0.02647799 0.45488 0.02647799 0.467076 0.01701998 0.45488 0.02647799 0.45488 0.01701998 0.479272 0.02647799 0.45488 0.02647799 0.479272 0.01701998 0.479272 0.01701998 0.45488 0.02647799 0.45488 0.01701998 0.479272 0.02647799 0.45488 0.02647799 0.479272 0.01701998 0.479272 0.485335 0.435849 0.460978 0.484421 0.380175 0.44505 0.460978 0.484421 0.380175 0.49408 0.380175 0.44505 0.492581 0.35874 0.485335 0.435849 0.380175 0.366494 0.485335 0.435849 0.380175 0.44505 0.380175 0.366494 0.492581 0.35874 0.380175 0.366494 0.488708 0.303196 0.380175 0.366494 0.380175 0.313067 0.488708 0.303196 0.091614 0.479491 0.09592896 0.459906 0.1208199 0.484253 0.09592896 0.459906 0.1209239 0.464955 0.1208199 0.484253 0.09706401 0.294354 0.07529097 0.306913 0.08642101 0.284844 0.07529097 0.306913 0.05512398 0.305485 0.08642101 0.284844 0.05942696 0.458689 0.06669998 0.443726 0.091614 0.479491 0.06669998 0.443726 0.09592896 0.459906 0.091614 0.479491 0.09592896 0.459906 0.09984898 0.432117 0.1209239 0.464955 0.09984898 0.432117 0.121042 0.435222 0.1209239 0.464955 0.06669998 0.443726 0.07563596 0.419143 0.09592896 0.459906 0.07563596 0.419143 0.09984898 0.432117 0.09592896 0.459906 0.09706401 0.294354 0.08642101 0.284844 0.112784 0.291302 0.08642101 0.284844 0.109008 0.27969 0.112784 0.291302 0.1214979 0.291321 0.112784 0.291302 0.1215299 0.279719 0.112784 0.291302 0.109008 0.27969 0.1215299 0.279719 0.07111698 0.589035 0.07850497 0.530531 0.035003 0.578491 0.07850497 0.530531 0.04485499 0.508477 0.035003 0.578491 0.035003 0.578491 0.04485499 0.508477 0.002285957 0.575794 0.04485499 0.508477 0.002285957 0.501106 0.002285957 0.575794 0.09467399 0.6096 0.1006659 0.562648 0.07111698 0.589035 0.1006659 0.562648 0.07850497 0.530531 0.07111698 0.589035 0.662169 0.84491 0.650749 0.85354 0.659415 0.83655 0.650749 0.85354 0.652915 0.849292 0.659415 0.83655 0.662169 0.84491 0.650749 0.85354 0.659415 0.83655 0.650749 0.85354 0.652915 0.849292 0.659415 0.83655 0.652915 0.849292 0.659415 0.83655 0.659415 0.83655 0.659415 0.83655 0.652915 0.849292 0.659415 0.83655 0.650749 0.85354 0.652915 0.849292 0.659415 0.83655 0.652915 0.849292 0.652915 0.849292 0.659415 0.83655 0.662169 0.84491 0.650749 0.85354 0.652915 0.849292 0.650749 0.85354 0.652915 0.849292 0.652915 0.849292 0.652915 0.849292 0.662169 0.84491 0.659415 0.83655 0.662169 0.84491 0.652915 0.849292 0.659415 0.83655 0.662169 0.84491 0.650749 0.85354 0.662169 0.84491 0.650749 0.85354 0.652915 0.849292 0.662169 0.84491 0.662169 0.84491 0.650749 0.85354 0.659415 0.83655 0.650749 0.85354 0.652915 0.849292 0.659415 0.83655 0.662169 0.84491 0.650749 0.85354 0.659415 0.83655 0.650749 0.85354 0.652915 0.849292 0.659415 0.83655 0.650749 0.85354 0.652915 0.849292 0.652915 0.849292 0.652915 0.849292 0.650749 0.85354 0.652915 0.849292 0.662169 0.84491 0.650749 0.85354 0.659415 0.83655 0.650749 0.85354 0.652915 0.849292 0.659415 0.83655 0.662169 0.84491 0.650749 0.85354 0.659415 0.83655 0.650749 0.85354 0.652915 0.849292 0.659415 0.83655 0.652915 0.849292 0.659415 0.83655 0.659415 0.83655 0.659415 0.83655 0.652915 0.849292 0.659415 0.83655 0.662169 0.84491 0.650749 0.85354 0.652915 0.849292 0.650749 0.85354 0.652915 0.849292 0.652915 0.849292 0.662169 0.84491 0.650749 0.85354 0.659415 0.83655 0.650749 0.85354 0.652915 0.849292 0.659415 0.83655 0.662169 0.84491 0.650749 0.85354 0.659415 0.83655 0.650749 0.85354 0.652915 0.849292 0.659415 0.83655 0.662169 0.84491 0.650749 0.85354 0.652915 0.849292 0.650749 0.85354 0.650749 0.85354 0.652915 0.849292 0.652645 0.849823 0.652915 0.849292 0.659759 0.837595 0.652915 0.849292 0.659415 0.83655 0.659759 0.837595 0.662169 0.84491 0.650749 0.85354 0.659415 0.83655 0.650749 0.85354 0.652915 0.849292 0.659415 0.83655 0.662169 0.84491 0.650749 0.85354 0.659415 0.83655 0.650749 0.85354 0.652915 0.849292 0.659415 0.83655 0.662169 0.84491 0.650749 0.85354 0.659415 0.83655 0.650749 0.85354 0.652915 0.849292 0.659415 0.83655 0.652915 0.849292 0.659415 0.83655 0.659415 0.83655 0.659415 0.83655 0.652915 0.849292 0.659415 0.83655 0.662169 0.84491 0.650749 0.85354 0.659415 0.83655 0.650749 0.85354 0.652915 0.849292 0.659415 0.83655 0.662169 0.84491 0.650749 0.85354 0.652915 0.849292 0.650749 0.85354 0.652915 0.849292 0.652915 0.849292 0.650749 0.85354 0.652915 0.849292 0.652915 0.849292 0.652915 0.849292 0.650749 0.85354 0.652915 0.849292 0.662169 0.84491 0.650749 0.85354 0.662169 0.84491 0.650749 0.85354 0.652915 0.849292 0.662169 0.84491 0.650749 0.85354 0.652915 0.849292 0.662169 0.84491 0.652915 0.849292 0.652915 0.849292 0.662169 0.84491 0.662169 0.84491 0.650749 0.85354 0.659415 0.83655 0.650749 0.85354 0.652915 0.849292 0.659415 0.83655 0.662169 0.84491 0.650749 0.85354 0.659415 0.83655 0.650749 0.85354 0.652915 0.849292 0.659415 0.83655 0.650749 0.85354 0.652915 0.849292 0.662169 0.84491 0.652915 0.849292 0.652915 0.849292 0.662169 0.84491 0.652915 0.849292 0.659415 0.83655 0.659415 0.83655 0.659415 0.83655 0.652915 0.849292 0.659415 0.83655 0.662169 0.84491 0.650749 0.85354 0.659415 0.83655 0.650749 0.85354 0.652915 0.849292 0.659415 0.83655 0.662169 0.84491 0.650749 0.85354 0.659415 0.83655 0.650749 0.85354 0.652915 0.849292 0.659415 0.83655 0.662169 0.84491 0.650749 0.85354 0.659415 0.83655 0.650749 0.85354 0.652915 0.849292 0.659415 0.83655 0.662169 0.84491 0.650749 0.85354 0.659415 0.83655 0.650749 0.85354 0.652915 0.849292 0.659415 0.83655 0.662169 0.84491 0.650749 0.85354 0.659415 0.83655 0.650749 0.85354 0.652915 0.849292 0.659415 0.83655 0.662169 0.84491 0.650749 0.85354 0.659415 0.83655 0.650749 0.85354 0.652915 0.849292 0.659415 0.83655 0.662169 0.84491 0.650749 0.85354 0.659415 0.83655 0.650749 0.85354 0.652915 0.849292 0.659415 0.83655 0.662169 0.84491 0.650749 0.85354 0.659415 0.83655 0.650749 0.85354 0.652915 0.849292 0.659415 0.83655 0.660792 0.84073 0.662169 0.84491 0.651832 0.851416 0.662169 0.84491 0.650749 0.85354 0.651832 0.851416 0.662169 0.84491 0.650749 0.85354 0.659415 0.83655 0.650749 0.85354 0.652915 0.849292 0.659415 0.83655 0.662169 0.84491 0.650749 0.85354 0.659415 0.83655 0.650749 0.85354 0.652915 0.849292 0.659415 0.83655 0.662169 0.84491 0.650749 0.85354 0.659415 0.83655 0.650749 0.85354 0.652915 0.849292 0.659415 0.83655 0.662169 0.84491 0.650749 0.85354 0.659415 0.83655 0.650749 0.85354 0.652915 0.849292 0.659415 0.83655 0.662169 0.84491 0.650749 0.85354 0.659415 0.83655 0.650749 0.85354 0.652915 0.849292 0.659415 0.83655 0.662169 0.84491 0.650749 0.85354 0.659415 0.83655 0.650749 0.85354 0.652915 0.849292 0.659415 0.83655 0.662169 0.84491 0.650749 0.85354 0.659415 0.83655 0.650749 0.85354 0.652915 0.849292 0.659415 0.83655 0.662169 0.84491 0.650749 0.85354 0.652915 0.849292 0.650749 0.85354 0.652915 0.849292 0.652915 0.849292 0.662169 0.84491 0.650749 0.85354 0.662169 0.84491 0.650749 0.85354 0.652915 0.849292 0.662169 0.84491 0.662169 0.84491 0.650749 0.85354 0.659415 0.83655 0.650749 0.85354 0.652915 0.849292 0.659415 0.83655 0.662169 0.84491 0.650749 0.85354 0.659415 0.83655 0.650749 0.85354 0.652915 0.849292 0.659415 0.83655 0.662169 0.84491 0.650749 0.85354 0.659415 0.83655 0.650749 0.85354 0.652915 0.849292 0.659415 0.83655 0.65102 0.853009 0.652915 0.849292 0.661825 0.843865 0.652915 0.849292 0.659415 0.83655 0.661825 0.843865 0.662169 0.84491 0.650749 0.85354 0.659415 0.83655 0.650749 0.85354 0.652915 0.849292 0.659415 0.83655 0.662169 0.84491 0.650749 0.85354 0.659415 0.83655 0.650749 0.85354 0.652915 0.849292 0.659415 0.83655 0.662169 0.84491 0.650749 0.85354 0.659415 0.83655 0.650749 0.85354 0.652915 0.849292 0.659415 0.83655 0.662169 0.84491 0.650749 0.85354 0.659415 0.83655 0.650749 0.85354 0.652915 0.849292 0.659415 0.83655 0.652645 0.849823 0.652915 0.849292 0.659759 0.837595 0.652915 0.849292 0.659415 0.83655 0.659759 0.837595 0.662169 0.84491 0.650749 0.85354 0.659415 0.83655 0.650749 0.85354 0.652915 0.849292 0.659415 0.83655 0.662169 0.84491 0.650749 0.85354 0.659415 0.83655 0.650749 0.85354 0.652915 0.849292 0.659415 0.83655 0.662169 0.84491 0.650749 0.85354 0.659415 0.83655 0.650749 0.85354 0.652915 0.849292 0.659415 0.83655 0.662169 0.84491 0.650749 0.85354 0.659415 0.83655 0.650749 0.85354 0.652915 0.849292 0.659415 0.83655 0.662169 0.84491 0.650749 0.85354 0.659415 0.83655 0.650749 0.85354 0.652915 0.849292 0.659415 0.83655 0.662169 0.84491 0.650749 0.85354 0.659415 0.83655 0.650749 0.85354 0.652915 0.849292 0.659415 0.83655 0.662169 0.84491 0.650749 0.85354 0.659415 0.83655 0.650749 0.85354 0.652915 0.849292 0.659415 0.83655 0.662169 0.84491 0.650749 0.85354 0.659415 0.83655 0.650749 0.85354 0.652915 0.849292 0.659415 0.83655 0.662169 0.84491 0.650749 0.85354 0.659415 0.83655 0.650749 0.85354 0.652915 0.849292 0.659415 0.83655 0.652645 0.849823 0.652915 0.849292 0.659759 0.837595 0.652915 0.849292 0.659415 0.83655 0.659759 0.837595 0.662169 0.84491 0.650749 0.85354 0.659415 0.83655 0.650749 0.85354 0.652915 0.849292 0.659415 0.83655 0.662169 0.84491 0.650749 0.85354 0.659415 0.83655 0.650749 0.85354 0.652915 0.849292 0.659415 0.83655 0.662169 0.84491 0.650749 0.85354 0.659415 0.83655 0.650749 0.85354 0.652915 0.849292 0.659415 0.83655 0.662169 0.84491 0.650749 0.85354 0.659415 0.83655 0.650749 0.85354 0.652915 0.849292 0.659415 0.83655 0.662169 0.84491 0.650749 0.85354 0.659415 0.83655 0.650749 0.85354 0.652915 0.849292 0.659415 0.83655 0.662169 0.84491 0.650749 0.85354 0.659415 0.83655 0.650749 0.85354 0.652915 0.849292 0.659415 0.83655 0.662169 0.84491 0.650749 0.85354 0.658603 0.838143 0.650749 0.85354 0.652915 0.849292 0.658603 0.838143 0.662169 0.84491 0.650749 0.85354 0.659415 0.83655 0.650749 0.85354 0.652915 0.849292 0.659415 0.83655 0.662169 0.84491 0.650749 0.85354 0.659415 0.83655 0.650749 0.85354 0.652915 0.849292 0.659415 0.83655 0.662169 0.84491 0.650749 0.85354 0.652915 0.849292 0.650749 0.85354 0.652915 0.849292 0.652915 0.849292 0.662169 0.84491 0.650749 0.85354 0.659415 0.83655 0.650749 0.85354 0.652915 0.849292 0.659415 0.83655 0.662169 0.84491 0.650749 0.85354 0.659415 0.83655 0.650749 0.85354 0.652915 0.849292 0.659415 0.83655 0.662169 0.84491 0.650749 0.85354 0.659415 0.83655 0.650749 0.85354 0.652915 0.849292 0.659415 0.83655 0.662169 0.84491 0.650749 0.85354 0.659415 0.83655 0.650749 0.85354 0.652915 0.849292 0.659415 0.83655 0.662169 0.84491 0.650749 0.85354 0.659415 0.83655 0.650749 0.85354 0.652915 0.849292 0.659415 0.83655 0.662169 0.84491 0.650749 0.85354 0.659415 0.83655 0.650749 0.85354 0.652915 0.849292 0.659415 0.83655 0.662169 0.84491 0.650749 0.85354 0.659415 0.83655 0.650749 0.85354 0.652915 0.849292 0.659415 0.83655 0.817429 0.983995 0.82103 0.968546 0.785578 0.989203 0.82103 0.968546 0.785578 0.970516 0.785578 0.989203 0.794124 0.911319 0.785578 0.970516 0.826884 0.936158 0.785578 0.970516 0.824801 0.950402 0.826884 0.936158 0.799252 0.875802 0.794124 0.911319 0.824944 0.886986 0.794124 0.911319 0.82786 0.902899 0.824944 0.886986 0.71375 0.975297 0.732057 0.982104 0.719243 0.955108 0.732057 0.982104 0.741626 0.958602 0.719243 0.955108 0.719243 0.955108 0.741626 0.958602 0.719243 0.903973 0.741626 0.958602 0.741626 0.903848 0.719243 0.903973 0.707099 0.97632 0.726526 0.989371 0.71375 0.975297 0.726526 0.989371 0.732057 0.982104 0.71375 0.975297 0.720638 0.858164 0.726667 0.866836 0.764306 0.84063 0.726667 0.866836 0.766456 0.848237 0.764306 0.84063 0.684248 0.868788 0.684248 0.876702 0.694661 0.879278 0.684248 0.876702 0.695685 0.88644 0.694661 0.879278 0.684248 0.876702 0.684248 0.898322 0.695685 0.88644 0.684248 0.898322 0.695499 0.903925 0.695685 0.88644 0.684248 0.898322 0.684248 0.927856 0.696861 0.904099 0.684248 0.927856 0.696861 0.927856 0.696861 0.904099 0.684248 0.927856 0.684248 0.957391 0.696861 0.927856 0.684248 0.957391 0.696861 0.951614 0.696861 0.927856 0.684248 0.957391 0.684248 0.979012 0.696861 0.951614 0.684248 0.979012 0.695443 0.96849 0.696861 0.951614 0.684248 0.979012 0.684248 0.986926 0.695443 0.96849 0.684248 0.986926 0.695397 0.975119 0.695443 0.96849 0.670516 0.868788 0.670516 0.876702 0.684248 0.868788 0.670516 0.876702 0.684248 0.876702 0.684248 0.868788 0.670516 0.876702 0.670516 0.898322 0.684248 0.876702 0.670516 0.898322 0.684248 0.898322 0.684248 0.876702 0.670516 0.898322 0.670516 0.927856 0.684248 0.898322 0.670516 0.927856 0.684248 0.927856 0.684248 0.898322 0.670516 0.927856 0.670516 0.957391 0.684248 0.927856 0.670516 0.957391 0.684248 0.957391 0.684248 0.927856 0.670516 0.957391 0.670516 0.979012 0.684248 0.957391 0.670516 0.979012 0.684248 0.979012 0.684248 0.957391 0.670516 0.979012 0.670516 0.986926 0.684248 0.979012 0.670516 0.986926 0.684248 0.986926 0.684248 0.979012 0.741626 0.903848 0.741626 0.958602 0.775394 0.878327 0.741626 0.958602 0.785578 0.970516 0.775394 0.878327 0.741626 0.958602 0.732057 0.982104 0.785578 0.970516 0.732057 0.982104 0.785578 0.989203 0.785578 0.970516 0.732057 0.982104 0.726526 0.989371 0.785578 0.989203 0.726526 0.989371 0.783591 0.997862 0.785578 0.989203 0.711083 0.88538 0.726667 0.866836 0.705042 0.875836 0.726667 0.866836 0.720638 0.858164 0.705042 0.875836 0.596333 0.897181 0.587891 0.897686 0.599396 0.893667 0.587891 0.897686 0.588205 0.891713 0.599396 0.893667 0.587753 0.904648 0.578726 0.902644 0.587891 0.897686 0.578726 0.902644 0.578876 0.899189 0.587891 0.897686 0.596091 0.958386 0.587405 0.958418 0.59908 0.952779 0.587405 0.958418 0.58784 0.950922 0.59908 0.952779 0.579327 0.957632 0.587405 0.958418 0.577975 0.961538 0.587405 0.958418 0.588543 0.963884 0.577975 0.961538 0.552638 0.990129 0.55345 0.982749 0.599805 0.998752 0.55345 0.982749 0.600031 0.99218 0.599805 0.998752 0.506344 0.927655 0.506344 0.897659 0.517695 0.927655 0.506344 0.897659 0.517695 0.897659 0.517695 0.927655 0.506344 0.957651 0.506344 0.927655 0.517695 0.957651 0.506344 0.927655 0.517695 0.927655 0.517695 0.957651 0.506344 0.979609 0.506344 0.957651 0.517695 0.979609 0.506344 0.957651 0.517695 0.957651 0.517695 0.979609 0.506344 0.897659 0.506344 0.8757 0.517695 0.897659 0.506344 0.8757 0.517695 0.8757 0.517695 0.897659 0.506344 0.8757 0.506344 0.867662 0.517695 0.8757 0.506344 0.867662 0.517695 0.867662 0.517695 0.8757 0.517695 0.979609 0.517695 0.957651 0.52812 0.969447 0.517695 0.957651 0.52812 0.951784 0.52812 0.969447 0.517695 0.957651 0.517695 0.927655 0.52812 0.951784 0.517695 0.927655 0.52812 0.927655 0.52812 0.951784 0.517695 0.927655 0.517695 0.897659 0.52812 0.927655 0.517695 0.897659 0.52812 0.903526 0.52812 0.927655 0.517695 0.8757 0.517695 0.867662 0.52812 0.885862 0.517695 0.867662 0.52812 0.879396 0.52812 0.885862 0.517695 0.897659 0.517695 0.8757 0.52812 0.903526 0.517695 0.8757 0.52812 0.885862 0.52812 0.903526 0.982092 0.914061 0.849939 0.914064 0.973239 0.880421 0.849939 0.914064 0.858791 0.880423 0.973239 0.880421 0.97324 0.947702 0.949055 0.972329 0.858792 0.947704 0.949055 0.972329 0.882978 0.972331 0.858792 0.947704 0.849939 0.914064 0.982092 0.914061 0.858792 0.947704 0.982092 0.914061 0.97324 0.947702 0.858792 0.947704 0.858791 0.880423 0.882977 0.855796 0.973239 0.880421 0.882977 0.855796 0.949053 0.855795 0.973239 0.880421 0.579327 0.957632 0.587405 0.958418 0.577524 0.953275 0.587405 0.958418 0.58784 0.950922 0.577524 0.953275 0.596091 0.958386 0.587405 0.958418 0.599578 0.961944 0.587405 0.958418 0.588543 0.963884 0.599578 0.961944 0.578876 0.899189 0.587891 0.897686 0.578125 0.894982 0.587891 0.897686 0.588205 0.891713 0.578125 0.894982 0.596333 0.897181 0.587891 0.897686 0.599076 0.902814 0.587891 0.897686 0.587753 0.904648 0.599076 0.902814 0.587612 0.921413 0.576623 0.923828 0.58701 0.928097 0.576623 0.923828 0.578263 0.928097 0.58701 0.928097 0.58701 0.928097 0.578263 0.928097 0.587612 0.934781 0.578263 0.928097 0.576773 0.931791 0.587612 0.934781 0.598827 0.923371 0.587612 0.921413 0.595757 0.928097 0.587612 0.921413 0.58701 0.928097 0.595757 0.928097 0.587612 0.934781 0.598827 0.932823 0.58701 0.928097 0.598827 0.932823 0.595757 0.928097 0.58701 0.928097 0.611719 0.829297 0.583878 0.836094 0.612779 0.839996 0.583878 0.836094 0.590018 0.848773 0.612779 0.839996 0.752196 0.264594 0.752196 0.230277 0.690252 0.264594 0.752196 0.230277 0.690252 0.230277 0.690252 0.264594 0.910683 0.264594 0.972627 0.264594 0.910683 0.230277 0.972627 0.264594 0.972627 0.230277 0.910683 0.230277 0.891569 0.264594 0.910683 0.264594 0.891569 0.230277 0.910683 0.264594 0.910683 0.230277 0.891569 0.230277 0.690252 0.06965601 0.752196 0.06695401 0.690252 0.055803 0.752196 0.06695401 0.752196 0.055803 0.690252 0.055803 0.752196 0.230277 0.752196 0.06695401 0.690252 0.1959589 0.752196 0.06695401 0.690252 0.06965601 0.690252 0.1959589 0.891569 0.230277 0.910683 0.230277 0.891569 0.07720202 0.910683 0.230277 0.910683 0.06695401 0.891569 0.07720202 0.972627 0.055803 0.910683 0.055803 0.972627 0.06973999 0.910683 0.055803 0.910683 0.06695401 0.972627 0.06973999 0.891569 0.473622 0.845112 0.452371 0.891569 0.482806 0.845112 0.452371 0.845112 0.45645 0.891569 0.482806 0.910683 0.497896 0.910683 0.48514 0.891569 0.482806 0.910683 0.48514 0.891569 0.473622 0.891569 0.482806 0.752196 0.42516 0.752196 0.413682 0.690252 0.44352 0.752196 0.413682 0.690252 0.430374 0.690252 0.44352 0.643794 0.449521 0.643794 0.443733 0.597337 0.464408 0.643794 0.443733 0.597337 0.455193 0.597337 0.464408 0.597337 0.471172 0.643794 0.454818 0.597337 0.464408 0.643794 0.454818 0.643794 0.449521 0.597337 0.464408 0.752196 0.413682 0.752196 0.298901 0.690252 0.430374 0.752196 0.298901 0.690252 0.298912 0.690252 0.430374 0.643794 0.298912 0.597337 0.298912 0.643794 0.443733 0.597337 0.298912 0.597337 0.455193 0.643794 0.443733 0.972627 0.468093 0.972627 0.298912 0.910683 0.468387 0.972627 0.298912 0.910683 0.298912 0.910683 0.468387 0.891569 0.298912 0.845112 0.298912 0.891569 0.461057 0.845112 0.298912 0.845112 0.446324 0.891569 0.461057 0.891569 0.461057 0.910683 0.468387 0.891569 0.298912 0.910683 0.468387 0.910683 0.298912 0.891569 0.298912 0.910683 0.264594 0.910683 0.298912 0.972627 0.264594 0.910683 0.298912 0.972627 0.298912 0.972627 0.264594 0.891569 0.298912 0.910683 0.298912 0.891569 0.264594 0.910683 0.298912 0.910683 0.264594 0.891569 0.264594 0.891569 0.298912 0.891569 0.264594 0.845112 0.298912 0.891569 0.264594 0.845112 0.264594 0.845112 0.298912 0.643794 0.264594 0.597337 0.264594 0.643794 0.298912 0.597337 0.264594 0.597337 0.298912 0.643794 0.298912 0.891569 0.461057 0.891569 0.473622 0.910683 0.468387 0.891569 0.473622 0.910683 0.48514 0.910683 0.468387 0.910683 0.468387 0.910683 0.48514 0.972627 0.468093 0.910683 0.48514 0.972627 0.484679 0.972627 0.468093 0.845112 0.446324 0.845112 0.452371 0.891569 0.461057 0.845112 0.452371 0.891569 0.473622 0.891569 0.461057 0.972627 0.1959589 0.972627 0.06973999 0.910683 0.230277 0.972627 0.06973999 0.910683 0.06695401 0.910683 0.230277 0.752196 0.264594 0.690252 0.264594 0.752196 0.298901 0.690252 0.264594 0.690252 0.298912 0.752196 0.298901 0.954253 0.766175 0.954253 0.762468 0.877655 0.766175 0.954253 0.762468 0.877655 0.762468 0.877655 0.766175 0.877655 0.766175 0.877655 0.762468 0.799143 0.766175 0.877655 0.762468 0.799143 0.762468 0.799143 0.766175 0.877655 0.81808 0.877655 0.766175 0.799143 0.81808 0.877655 0.766175 0.799143 0.766175 0.799143 0.81808 0.977233 0.792128 0.994467 0.792128 0.954253 0.766175 0.994467 0.792128 0.994467 0.766175 0.954253 0.766175 0.994467 0.766175 0.994467 0.762468 0.954253 0.766175 0.994467 0.762468 0.954253 0.762468 0.954253 0.766175 0.954253 0.766175 0.877655 0.766175 0.954253 0.81808 0.877655 0.766175 0.915954 0.81808 0.954253 0.81808 0.799143 0.766175 0.760844 0.766175 0.799143 0.81808 0.760844 0.766175 0.760844 0.81808 0.799143 0.81808 0.799143 0.762468 0.760844 0.762468 0.799143 0.766175 0.760844 0.762468 0.760844 0.766175 0.799143 0.766175 0.760844 0.762468 0.722545 0.762468 0.760844 0.766175 0.722545 0.762468 0.722545 0.766175 0.760844 0.766175 0.722545 0.762468 0.684246 0.762468 0.722545 0.766175 0.684246 0.762468 0.684246 0.766175 0.722545 0.766175 0.200343 0.379996 0.225184 0.379996 0.200343 0.358548 0.225184 0.379996 0.225184 0.358548 0.200343 0.358548 0.163082 0.379996 0.200343 0.379996 0.163082 0.358548 0.200343 0.379996 0.200343 0.358548 0.163082 0.358548 0.250024 0.358548 0.250024 0.3371 0.225184 0.358548 0.250024 0.3371 0.225184 0.3371 0.225184 0.358548 0.318336 0.358548 0.349386 0.358548 0.318336 0.3371 0.349386 0.358548 0.349386 0.3371 0.318336 0.3371 0.318336 0.3371 0.287285 0.3371 0.318336 0.358548 0.287285 0.3371 0.287285 0.358548 0.318336 0.358548 0.318336 0.251309 0.287285 0.251309 0.318336 0.3371 0.287285 0.251309 0.287285 0.3371 0.318336 0.3371 0.163082 0.251309 0.163082 0.3371 0.200343 0.251309 0.163082 0.3371 0.200343 0.3371 0.200343 0.251309 0.200343 0.3371 0.225184 0.3371 0.200343 0.251309 0.225184 0.3371 0.225184 0.251309 0.200343 0.251309 0.225184 0.3371 0.250024 0.3371 0.225184 0.251309 0.250024 0.3371 0.250024 0.251309 0.225184 0.251309 0.318336 0.251309 0.318336 0.3371 0.349386 0.251309 0.318336 0.3371 0.349386 0.3371 0.349386 0.251309 0.349386 0.3371 0.37032 0.3371 0.349386 0.251309 0.37032 0.3371 0.37032 0.251309 0.349386 0.251309 0.200343 0.3371 0.163082 0.3371 0.200343 0.358548 0.163082 0.3371 0.163082 0.358548 0.200343 0.358548 0.37032 0.358548 0.37032 0.3371 0.349386 0.358548 0.37032 0.3371 0.349386 0.3371 0.349386 0.358548 0.225184 0.3371 0.200343 0.3371 0.225184 0.358548 0.200343 0.3371 0.200343 0.358548 0.225184 0.358548 0.318336 0.460157 0.349386 0.452918 0.318336 0.445546 0.349386 0.452918 0.349386 0.437905 0.318336 0.445546 0.349386 0.468333 0.349386 0.471506 0.374227 0.471828 0.349386 0.471506 0.374227 0.473826 0.374227 0.471828 0.349386 0.468333 0.349386 0.452918 0.322522 0.473008 0.349386 0.452918 0.318336 0.460157 0.322522 0.473008 0.318336 0.430934 0.318336 0.445546 0.349386 0.422891 0.318336 0.445546 0.349386 0.437905 0.349386 0.422891 0.250024 0.386658 0.250024 0.422891 0.287285 0.389994 0.250024 0.422891 0.287285 0.409218 0.287285 0.389994 0.200343 0.379996 0.200343 0.422891 0.225184 0.379996 0.200343 0.422891 0.225184 0.422891 0.225184 0.379996 0.287285 0.358548 0.287285 0.3371 0.250024 0.358548 0.287285 0.3371 0.250024 0.3371 0.250024 0.358548 0.250024 0.3371 0.287285 0.3371 0.250024 0.251309 0.287285 0.3371 0.287285 0.251309 0.250024 0.251309 0.163082 0.3371 0.163082 0.251309 0.129728 0.3371 0.163082 0.251309 0.129728 0.251309 0.129728 0.3371 0.163082 0.358548 0.163082 0.3371 0.129728 0.358548 0.163082 0.3371 0.129728 0.3371 0.129728 0.358548 0.163082 0.379996 0.163082 0.408307 0.200343 0.379996 0.163082 0.408307 0.200343 0.422891 0.200343 0.379996 0.130208 0.427083 0.129728 0.442623 0.163411 0.443142 0.129728 0.442623 0.163082 0.488216 0.163411 0.443142 0.322522 0.473008 0.318336 0.460157 0.298576 0.495575 0.318336 0.460157 0.299705 0.465787 0.298576 0.495575 0.318336 0.445546 0.318336 0.430934 0.299705 0.465787 0.318336 0.430934 0.287285 0.444339 0.299705 0.465787 0.438446 0.2031559 0.449333 0.230233 0.462419 0.161013 0.449333 0.230233 0.49265 0.173219 0.462419 0.161013 0.323438 0.05859398 0.381205 0.04350399 0.30764 0.03867298 0.381205 0.04350399 0.374455 0.02649897 0.30764 0.03867298 0.386537 0.06569898 0.443054 0.078799 0.381205 0.04350399 0.443054 0.078799 0.447872 0.05985599 0.381205 0.04350399 0.333175 0.07424998 0.386537 0.06569898 0.323438 0.05859398 0.386537 0.06569898 0.381205 0.04350399 0.323438 0.05859398 0.282842 0.103708 0.294141 0.1203129 0.323438 0.05859398 0.294141 0.1203129 0.333175 0.07424998 0.323438 0.05859398 0.292708 0.1458849 0.294141 0.1203129 0.272941 0.153369 0.294141 0.1203129 0.282842 0.103708 0.272941 0.153369 0.2216899 0.1690909 0.236397 0.1877459 0.1991919 0.245225 0.236397 0.1877459 0.2329509 0.2476639 0.1991919 0.245225 0.1991919 0.245225 0.128835 0.2427759 0.198008 0.139135 0.128835 0.2427759 0.128835 0.1371729 0.198008 0.139135 0.634115 0.698568 0.665527 0.677897 0.63737 0.699707 0.665527 0.677897 0.666341 0.681315 0.63737 0.699707 0.569092 0.739746 0.502441 0.748047 0.569859 0.704224 0.502441 0.748047 0.502446 0.697935 0.569859 0.704224 0.554563 0.665604 0.557295 0.633204 0.621787 0.667124 0.557295 0.633204 0.621464 0.635604 0.621787 0.667124 0.621787 0.667124 0.621464 0.635604 0.676466 0.652848 0.621464 0.635604 0.683732 0.638644 0.676466 0.652848 0.911133 0.6741541 0.857747 0.6741541 0.912472 0.636616 0.857747 0.6741541 0.840584 0.636362 0.912472 0.636616 0.603271 0.739502 0.634115 0.698568 0.609131 0.739014 0.634115 0.698568 0.63737 0.699707 0.609131 0.739014 0.634115 0.698568 0.603271 0.739502 0.569859 0.704224 0.603271 0.739502 0.569092 0.739746 0.569859 0.704224 0.784492 0.658605 0.734887 0.650623 0.788017 0.638698 0.734887 0.650623 0.736764 0.639916 0.788017 0.638698 0.778863 0.674262 0.776278 0.678267 0.732205 0.664714 0.776278 0.678267 0.732096 0.669271 0.732205 0.664714 0.995979 0.57775 0.914599 0.577669 0.995979 0.5523321 0.914599 0.577669 0.927051 0.552391 0.995979 0.5523321 0.914599 0.577669 0.850152 0.577507 0.927051 0.552391 0.850152 0.577507 0.884905 0.551999 0.927051 0.552391 0.555243 0.602108 0.553531 0.573436 0.617696 0.604976 0.553531 0.573436 0.612242 0.57608 0.617696 0.604976 0.732205 0.664714 0.732096 0.669271 0.699067 0.666817 0.732096 0.669271 0.699382 0.670898 0.699067 0.666817 0.699067 0.666817 0.665527 0.677897 0.69073 0.650051 0.665527 0.677897 0.676466 0.652848 0.69073 0.650051 0.734887 0.650623 0.732205 0.664714 0.69073 0.650051 0.732205 0.664714 0.699067 0.666817 0.69073 0.650051 0.784492 0.658605 0.778863 0.674262 0.734887 0.650623 0.778863 0.674262 0.732205 0.664714 0.734887 0.650623 0.683732 0.638644 0.736764 0.639916 0.69073 0.650051 0.736764 0.639916 0.734887 0.650623 0.69073 0.650051 0.835536 0.718428 0.82637 0.715536 0.817065 0.698274 0.82637 0.715536 0.810547 0.699041 0.817065 0.698274 0.960565 0.685651 0.995979 0.683957 0.959512 0.70167 0.995979 0.683957 0.995979 0.699996 0.959512 0.70167 0.665527 0.677897 0.699067 0.666817 0.666341 0.681315 0.699067 0.666817 0.699382 0.670898 0.666341 0.681315 0.995979 0.5523321 0.927051 0.552391 0.995979 0.53009 0.927051 0.552391 0.943112 0.529842 0.995979 0.53009 0.995979 0.53009 0.943112 0.529842 0.995979 0.513042 0.943112 0.529842 0.980106 0.513066 0.995979 0.513042 0.956404 0.674457 0.995979 0.675055 0.960565 0.685651 0.995979 0.675055 0.995979 0.683957 0.960565 0.685651 0.995979 0.711568 0.995979 0.725442 0.961106 0.71355 0.995979 0.725442 0.960838 0.727026 0.961106 0.71355 0.913707 0.734273 0.960838 0.727026 0.907645 0.73856 0.960838 0.727026 0.958705 0.731864 0.907645 0.73856 0.960838 0.727026 0.999885 0.725442 0.958705 0.731864 0.999885 0.725442 0.999442 0.731027 0.958705 0.731864 0.65005 0.562785 0.701926 0.579431 0.634011 0.564183 0.701926 0.579431 0.67125 0.57917 0.634011 0.564183 0.528824 0.507252 0.502446 0.503019 0.846774 0.501738 0.502446 0.503019 0.502446 0.4999 0.846774 0.501738 0.621464 0.635604 0.617696 0.604976 0.683732 0.638644 0.617696 0.604976 0.678175 0.608718 0.683732 0.638644 0.557295 0.633204 0.555243 0.602108 0.621464 0.635604 0.555243 0.602108 0.617696 0.604976 0.621464 0.635604 0.912472 0.636616 0.913324 0.605842 0.995979 0.636879 0.913324 0.605842 0.995979 0.606138 0.995979 0.636879 0.912472 0.636616 0.840584 0.636362 0.913324 0.605842 0.840584 0.636362 0.845503 0.606071 0.913324 0.605842 0.792864 0.607743 0.788017 0.638698 0.737372 0.612555 0.788017 0.638698 0.736764 0.639916 0.737372 0.612555 0.678175 0.608718 0.737372 0.612555 0.683732 0.638644 0.737372 0.612555 0.736764 0.639916 0.683732 0.638644 0.922144 0.513096 0.981988 0.502948 0.980106 0.513066 0.981988 0.502948 0.995979 0.503106 0.980106 0.513066 0.118797 0.170571 0.118797 0.186792 0.05214595 0.1705319 0.118797 0.186792 0.06059396 0.1888459 0.05214595 0.1705319 0.06059396 0.1888459 0.118797 0.186792 0.05697798 0.2359089 0.118797 0.186792 0.118797 0.2340779 0.05697798 0.2359089 0.05697798 0.2359089 0.02090495 0.2458649 0.06059396 0.1888459 0.02090495 0.2458649 0.017385 0.19181 0.06059396 0.1888459 0.02090495 0.2458649 0.024486 0.2476609 0.017385 0.19181 0.024486 0.2476609 0.02136498 0.1887329 0.017385 0.19181 0.118797 0.055929 0.07168596 0.05310797 0.118797 0.007366001 0.07168596 0.05310797 0.07524496 0.006200015 0.118797 0.007366001 0.118797 0.055929 0.118797 0.07724499 0.07168596 0.05310797 0.118797 0.07724499 0.07691699 0.076218 0.07168596 0.05310797 0.03118598 0.09311598 0.118797 0.09319698 0.05214595 0.1705319 0.118797 0.09319698 0.118797 0.170571 0.05214595 0.1705319 0.690252 0.055803 0.752196 0.055803 0.690151 0.052316 0.752196 0.055803 0.752093 0.052316 0.690151 0.052316 0.366944 0.692327 0.36628 0.693947 0.356484 0.691465 0.36628 0.693947 0.35631 0.692981 0.356484 0.691465 0.356484 0.691465 0.35631 0.692981 0.348233 0.695715 0.35631 0.692981 0.348501 0.696804 0.348233 0.695715 0.366944 0.692327 0.372048 0.696587 0.36628 0.693947 0.372048 0.696587 0.372048 0.699315 0.36628 0.693947 0.343364 0.703424 0.372048 0.696587 0.348233 0.695715 0.372048 0.696587 0.366944 0.692327 0.348233 0.695715 0.339134 0.727985 0.332514 0.730733 0.334057 0.717997 0.332514 0.730733 0.326344 0.724836 0.334057 0.717997 0.33397 0.731748 0.332514 0.730733 0.340788 0.729071 0.332514 0.730733 0.339134 0.727985 0.340788 0.729071 0.323587 0.710269 0.324204 0.711222 0.323225 0.720548 0.324204 0.711222 0.32382 0.7216621 0.323225 0.720548 0.324204 0.711222 0.323587 0.710269 0.328735 0.704584 0.323587 0.710269 0.328901 0.702409 0.328735 0.704584 0.327182 0.740004 0.325998 0.740134 0.329191 0.735575 0.325998 0.740134 0.328142 0.735425 0.329191 0.735575 0.328142 0.735425 0.325998 0.740134 0.321681 0.731059 0.325998 0.740134 0.320376 0.740132 0.321681 0.731059 0.317345 0.736524 0.316802 0.735942 0.316585 0.727832 0.316802 0.735942 0.316318 0.727047 0.316585 0.727832 0.328142 0.735425 0.321681 0.731059 0.332514 0.730733 0.321681 0.731059 0.326344 0.724836 0.332514 0.730733 0.329191 0.735575 0.328142 0.735425 0.33397 0.731748 0.328142 0.735425 0.332514 0.730733 0.33397 0.731748 0.316802 0.735942 0.317345 0.736524 0.319806 0.742191 0.317345 0.736524 0.319264 0.741025 0.319806 0.742191 0.346792 0.719222 0.34916 0.724976 0.334057 0.717997 0.34916 0.724976 0.339134 0.727985 0.334057 0.717997 0.408076 0.536501 0.401095 0.524842 0.39266 0.535689 0.401095 0.524842 0.391374 0.529033 0.39266 0.535689 0.392246 0.56014 0.400898 0.573867 0.389533 0.543323 0.400898 0.573867 0.406223 0.569872 0.389533 0.543323 0.406223 0.569872 0.419883 0.559968 0.389533 0.543323 0.419883 0.559968 0.408076 0.536501 0.389533 0.543323 0.400898 0.573867 0.394194 0.59453 0.406223 0.569872 0.394194 0.59453 0.40994 0.592198 0.406223 0.569872 0.416355 0.531663 0.408076 0.536501 0.420938 0.54125 0.408076 0.536501 0.419883 0.559968 0.420938 0.54125 0.391151 0.520244 0.39562 0.515922 0.389066 0.517821 0.39562 0.515922 0.394797 0.511187 0.389066 0.517821 0.391151 0.520244 0.389066 0.517821 0.391231 0.5289101 0.389066 0.517821 0.389567 0.526963 0.391231 0.5289101 0.400949 0.50865 0.403134 0.514962 0.414452 0.513992 0.403134 0.514962 0.410011 0.518482 0.414452 0.513992 0.410011 0.518482 0.401095 0.524842 0.416355 0.531663 0.401095 0.524842 0.408076 0.536501 0.416355 0.531663 0.414452 0.513992 0.410011 0.518482 0.421032 0.528347 0.410011 0.518482 0.416355 0.531663 0.421032 0.528347 0.416355 0.531663 0.420938 0.54125 0.421032 0.528347 0.420938 0.54125 0.423358 0.542411 0.421032 0.528347 0.39562 0.515922 0.403134 0.514962 0.394797 0.511187 0.403134 0.514962 0.400949 0.50865 0.394797 0.511187 0.406223 0.569872 0.40994 0.592198 0.419883 0.559968 0.40994 0.592198 0.43329 0.592188 0.419883 0.559968 0.394194 0.59453 0.386366 0.602939 0.399879 0.621092 0.386366 0.602939 0.388123 0.621092 0.399879 0.621092 0.05042296 0.95399 0.06522798 0.983654 0.138454 0.963937 0.06522798 0.983654 0.08374798 0.989131 0.138454 0.963937 0.16578 0.99034 0.194177 0.993371 0.1722909 0.975209 0.194177 0.993371 0.2023739 0.978994 0.1722909 0.975209 0.194177 0.993371 0.2093009 0.996773 0.2023739 0.978994 0.2093009 0.996773 0.220721 0.98024 0.2023739 0.978994 0.005122005 0.881109 0.025527 0.884907 0.005122005 0.866408 0.025527 0.884907 0.02270299 0.870638 0.005122005 0.866408 0.138454 0.963937 0.12424 0.984524 0.1722909 0.975209 0.12424 0.984524 0.16578 0.99034 0.1722909 0.975209 0.202054 0.879179 0.2123889 0.881404 0.16715 0.835085 0.2123889 0.881404 0.17531 0.836658 0.16715 0.835085 0.005122005 0.754577 0.05909997 0.76564 0.005122005 0.759096 0.05909997 0.76564 0.058627 0.767204 0.005122005 0.759096 0.101844 0.795506 0.1016589 0.79606 0.131322 0.807936 0.1016589 0.79606 0.1237419 0.805914 0.131322 0.807936 0.1826699 0.876226 0.202054 0.879179 0.149872 0.834745 0.202054 0.879179 0.16715 0.835085 0.149872 0.834745 0.154348 0.87748 0.1826699 0.876226 0.124732 0.83791 0.1826699 0.876226 0.149872 0.834745 0.124732 0.83791 0.1237419 0.805914 0.1016589 0.79606 0.106019 0.810043 0.1016589 0.79606 0.09500098 0.804309 0.106019 0.810043 0.06365996 0.884583 0.06044799 0.872005 0.025527 0.884907 0.06044799 0.872005 0.02270299 0.870638 0.025527 0.884907 0.005122005 0.798622 0.04564195 0.807821 0.005122005 0.77533 0.04564195 0.807821 0.04882198 0.783438 0.005122005 0.77533 0.005122005 0.847438 0.03327399 0.849374 0.005122005 0.834266 0.03327399 0.849374 0.03319096 0.837616 0.005122005 0.834266 0.488297 0.763116 0.488297 0.812041 0.488297 0.763116 0.488297 0.812041 0.488297 0.812041 0.488297 0.763116 0.488297 0.763116 0.488297 0.812041 0.488297 0.763116 0.488297 0.812041 0.488297 0.812041 0.488297 0.763116 0.488297 0.763116 0.488297 0.812041 0.488297 0.763116 0.488297 0.812041 0.488297 0.812041 0.488297 0.763116 0.488297 0.763116 0.488297 0.812041 0.488297 0.763116 0.488297 0.812041 0.488297 0.812041 0.488297 0.763116 0.488297 0.763116 0.488297 0.812041 0.488297 0.763116 0.488297 0.812041 0.488297 0.812041 0.488297 0.763116 0.488297 0.763116 0.488297 0.812041 0.488297 0.763116 0.488297 0.812041 0.488297 0.812041 0.488297 0.763116 0.488297 0.763116 0.488297 0.812041 0.488297 0.763116 0.488297 0.812041 0.488297 0.812041 0.488297 0.763116 0.488297 0.763116 0.488297 0.812041 0.488297 0.763116 0.488297 0.812041 0.488297 0.812041 0.488297 0.763116 0.488297 0.763116 0.488297 0.812041 0.488297 0.763116 0.488297 0.812041 0.488297 0.812041 0.488297 0.763116 0.488297 0.763116 0.488297 0.812041 0.488297 0.763116 0.488297 0.812041 0.488297 0.812041 0.488297 0.763116 0.488297 0.812041 0.488297 0.763116 0.488297 0.763116 0.488297 0.763116 0.488297 0.787579 0.488297 0.763116 0.488297 0.763116 0.488297 0.787579 0.488297 0.812041 0.488297 0.787579 0.488297 0.763116 0.488297 0.812041 0.456572 0.622675 0.469892 0.622409 0.457838 0.579565 0.469892 0.622409 0.467577 0.581845 0.457838 0.579565 0.442291 0.550327 0.443217 0.576792 0.456355 0.552105 0.443217 0.576792 0.457838 0.579565 0.456355 0.552105 0.456355 0.552105 0.455593 0.544494 0.442291 0.550327 0.455593 0.544494 0.440031 0.542935 0.442291 0.550327 0.453375 0.529882 0.476665 0.5310021 0.451922 0.502026 0.476665 0.5310021 0.474349 0.502788 0.451922 0.502026 0.662169 0.84491 0.659415 0.83655 0.651006 0.853036 0.659415 0.83655 0.652915 0.849292 0.651006 0.853036 0.66094 0.841178 0.659415 0.83655 0.651801 0.851478 0.659415 0.83655 0.652915 0.849292 0.651801 0.851478 0.322522 0.473008 0.323678 0.476559 0.349386 0.468333 0.323678 0.476559 0.349386 0.471506 0.349386 0.468333 0.427351 0.648894 0.420583 0.649083 0.427881 0.658922 0.420583 0.649083 0.421581 0.659098 0.427881 0.658922 0.420583 0.649083 0.411229 0.649345 0.421581 0.659098 0.411229 0.649345 0.411948 0.659368 0.421581 0.659098 0.430063 0.648818 0.427351 0.648894 0.430809 0.65884 0.427351 0.648894 0.427881 0.658922 0.430809 0.65884 0.420726 0.635651 0.418708 0.635708 0.426698 0.640916 0.418708 0.635708 0.423926 0.640994 0.426698 0.640916 0.418708 0.635708 0.414472 0.635826 0.423926 0.640994 0.414472 0.635826 0.418132 0.641156 0.423926 0.640994 0.414472 0.635826 0.408666 0.635988 0.418132 0.641156 0.408666 0.635988 0.410157 0.641379 0.418132 0.641156 0.423926 0.640994 0.418132 0.641156 0.427351 0.648894 0.418132 0.641156 0.420583 0.649083 0.427351 0.648894 0.418132 0.641156 0.410157 0.641379 0.420583 0.649083 0.410157 0.641379 0.411229 0.649345 0.420583 0.649083 0.426698 0.640916 0.423926 0.640994 0.430063 0.648818 0.423926 0.640994 0.427351 0.648894 0.430063 0.648818 0.418506 0.675032 0.411445 0.674898 0.416302 0.681418 0.411445 0.674898 0.411281 0.6808961 0.416302 0.681418 0.428918 0.668417 0.426103 0.668496 0.42577 0.675097 0.426103 0.668496 0.422783 0.675047 0.42577 0.675097 0.42071 0.668646 0.411609 0.668901 0.418506 0.675032 0.411609 0.668901 0.411445 0.674898 0.418506 0.675032 0.42071 0.668646 0.418506 0.675032 0.426103 0.668496 0.418506 0.675032 0.422783 0.675047 0.426103 0.668496 0.430809 0.65884 0.427881 0.658922 0.428918 0.668417 0.427881 0.658922 0.426103 0.668496 0.428918 0.668417 0.427881 0.658922 0.421581 0.659098 0.426103 0.668496 0.421581 0.659098 0.42071 0.668646 0.426103 0.668496 0.421581 0.659098 0.411948 0.659368 0.42071 0.668646 0.411948 0.659368 0.411609 0.668901 0.42071 0.668646 0.477407 0.691788 0.467926 0.690178 0.476875 0.74718 0.467926 0.690178 0.467926 0.747168 0.476875 0.74718 0.467926 0.746576 0.473758 0.744916 0.467926 0.747168 0.473758 0.744916 0.476875 0.74718 0.467926 0.747168 0.491331 0.701482 0.477407 0.691788 0.487914 0.747152 0.477407 0.691788 0.476875 0.74718 0.487914 0.747152 0.473758 0.744916 0.488922 0.736846 0.476875 0.74718 0.488922 0.736846 0.487914 0.747152 0.476875 0.74718 0.478698 0.647941 0.488671 0.647941 0.478088 0.658499 0.488671 0.647941 0.488684 0.658499 0.478088 0.658499 0.488671 0.647941 0.495843 0.64778 0.488684 0.658499 0.495843 0.64778 0.496434 0.658339 0.488684 0.658499 0.495843 0.64778 0.497884 0.648112 0.496434 0.658339 0.497884 0.648112 0.498047 0.658203 0.496434 0.658339 0.476063 0.633824 0.482695 0.633824 0.4779 0.639535 0.482695 0.633824 0.487149 0.639535 0.4779 0.639535 0.482695 0.633824 0.487175 0.633824 0.487149 0.639535 0.487175 0.633824 0.493078 0.639535 0.487149 0.639535 0.487175 0.633824 0.497159 0.633878 0.493078 0.639535 0.497159 0.633878 0.497337 0.639382 0.493078 0.639535 0.4779 0.639535 0.487149 0.639535 0.478698 0.647941 0.487149 0.639535 0.488671 0.647941 0.478698 0.647941 0.487149 0.639535 0.493078 0.639535 0.488671 0.647941 0.493078 0.639535 0.495843 0.64778 0.488671 0.647941 0.493078 0.639535 0.497337 0.639382 0.495843 0.64778 0.497337 0.639382 0.497884 0.648112 0.495843 0.64778 0.496434 0.658339 0.498047 0.658203 0.495607 0.668511 0.498047 0.658203 0.498047 0.668324 0.495607 0.668511 0.488684 0.658499 0.496434 0.658339 0.487363 0.668511 0.496434 0.658339 0.495607 0.668511 0.487363 0.668511 0.498224 0.675959 0.492298 0.675011 0.498047 0.668324 0.492298 0.675011 0.495607 0.668511 0.498047 0.668324 0.339761 0.639764 0.314148 0.663388 0.347656 0.643555 0.314148 0.663388 0.318034 0.666341 0.347656 0.643555 0.352926 0.608013 0.339761 0.639764 0.360352 0.612305 0.339761 0.639764 0.347656 0.643555 0.360352 0.612305 0.349975 0.572491 0.352926 0.608013 0.354167 0.572917 0.352926 0.608013 0.360352 0.612305 0.354167 0.572917 0.272831 0.66559 0.248489 0.651933 0.27752 0.667311 0.248489 0.651933 0.2498329 0.654397 0.27752 0.667311 0.326558 0.530416 0.349975 0.572491 0.329427 0.52832 0.349975 0.572491 0.354167 0.572917 0.329427 0.52832 0.314148 0.663388 0.272831 0.66559 0.318034 0.666341 0.272831 0.66559 0.27752 0.667311 0.318034 0.666341 0.2486929 0.558717 0.2398539 0.578391 0.288244 0.561682 0.2398539 0.578391 0.286302 0.588171 0.288244 0.561682 0.2398539 0.578391 0.238034 0.6061061 0.286302 0.588171 0.238034 0.6061061 0.279099 0.613826 0.286302 0.588171 0.326233 0.571422 0.288244 0.561682 0.329314 0.601494 0.288244 0.561682 0.286302 0.588171 0.329314 0.601494 0.329314 0.601494 0.286302 0.588171 0.320147 0.627265 0.286302 0.588171 0.279099 0.613826 0.320147 0.627265 0.374227 0.471856 0.374227 0.473826 0.349386 0.469183 0.374227 0.473826 0.349386 0.471506 0.349386 0.469183 0.318336 0.460157 0.349386 0.452918 0.323014 0.47452 0.349386 0.452918 0.349386 0.469183 0.323014 0.47452 0.651832 0.851416 0.652915 0.849292 0.660792 0.84073 0.652915 0.849292 0.659415 0.83655 0.660792 0.84073 0.411736 0.721974 0.43565 0.7205891 0.41386 0.713541 0.43565 0.7205891 0.429181 0.713638 0.41386 0.713541 0.396238 0.72505 0.40603 0.715889 0.384055 0.729862 0.40603 0.715889 0.393856 0.718658 0.384055 0.729862 0.40603 0.715889 0.396238 0.72505 0.41386 0.713541 0.396238 0.72505 0.411736 0.721974 0.41386 0.713541 0.145998 0.622483 0.1350799 0.612979 0.168914 0.6224851 0.1350799 0.612979 0.1795359 0.612982 0.168914 0.6224851 0.184574 0.572598 0.1269479 0.572595 0.1801339 0.548152 0.1269479 0.572595 0.13045 0.548149 0.1801339 0.548152 0.13045 0.548149 0.1801339 0.548152 0.13045 0.548149 0.1801339 0.548152 0.1801339 0.548152 0.13045 0.548149 0.1269479 0.572595 0.184574 0.572598 0.127197 0.593577 0.184574 0.572598 0.186124 0.593581 0.127197 0.593577 0.1801339 0.548152 0.13045 0.548149 0.181638 0.529951 0.13045 0.548149 0.132523 0.529948 0.181638 0.529951 0.181638 0.529951 0.132523 0.529948 0.174187 0.50999 0.132523 0.529948 0.14183 0.509988 0.174187 0.50999 0.186124 0.593581 0.1795359 0.612982 0.127197 0.593577 0.1795359 0.612982 0.1350799 0.612979 0.127197 0.593577 0.16662 0.62999 0.1761869 0.62999 0.16662 0.652746 0.1761869 0.62999 0.179376 0.652746 0.16662 0.652746 0.1761869 0.62999 0.16662 0.62999 0.179376 0.652746 0.16662 0.62999 0.16662 0.652746 0.179376 0.652746 0.114 0.62999 0.139513 0.62999 0.114 0.652746 0.139513 0.62999 0.139513 0.652746 0.114 0.652746 0.139513 0.62999 0.114 0.62999 0.139513 0.652746 0.114 0.62999 0.114 0.652746 0.139513 0.652746 0.139513 0.62999 0.16662 0.62999 0.139513 0.652746 0.16662 0.62999 0.16662 0.652746 0.139513 0.652746 0.16662 0.62999 0.139513 0.62999 0.16662 0.652746 0.139513 0.62999 0.139513 0.652746 0.16662 0.652746 0.01395195 0.729138 0.02772599 0.727587 0.03661298 0.745917 0.02772599 0.727587 0.04767996 0.742961 0.03661298 0.745917 0.04767996 0.742961 0.02772897 0.727587 0.03661298 0.745917 0.02772897 0.727587 0.01395195 0.729138 0.03661298 0.745917 0.03661298 0.745917 0.03661298 0.745917 0.01395195 0.729138 0.03661298 0.745917 0.01395195 0.729138 0.01395195 0.729138 0.007561981 0.45488 0.007561981 0.479272 0.02647799 0.45488 0.007561981 0.479272 0.02647799 0.479272 0.02647799 0.45488 0.007561981 0.45488 0.007561981 0.479272 0.02647799 0.45488 0.007561981 0.479272 0.02647799 0.479272 0.02647799 0.45488 0.007561981 0.45488 0.007561981 0.479272 0.02647799 0.45488 0.007561981 0.479272 0.02647799 0.479272 0.02647799 0.45488 0.007561981 0.45488 0.007561981 0.479272 0.02647799 0.45488 0.007561981 0.479272 0.02647799 0.479272 0.02647799 0.45488 0.007561981 0.45488 0.007561981 0.479272 0.02647799 0.45488 0.007561981 0.479272 0.02647799 0.479272 0.02647799 0.45488 0.007561981 0.45488 0.007561981 0.479272 0.02647799 0.45488 0.007561981 0.479272 0.02647799 0.479272 0.02647799 0.45488 0.007561981 0.45488 0.007561981 0.479272 0.02647799 0.45488 0.007561981 0.479272 0.02647799 0.479272 0.02647799 0.45488 0.007561981 0.45488 0.007561981 0.479272 0.02647799 0.45488 0.007561981 0.479272 0.02647799 0.479272 0.02647799 0.45488 0.007561981 0.45488 0.007561981 0.479272 0.02647799 0.45488 0.007561981 0.479272 0.02647799 0.479272 0.02647799 0.45488 0.007561981 0.45488 0.007561981 0.479272 0.02647799 0.45488 0.007561981 0.479272 0.02647799 0.479272 0.02647799 0.45488 0.007561981 0.467076 0.007561981 0.479272 0.02647799 0.467076 0.007561981 0.479272 0.02647799 0.479272 0.02647799 0.467076 0.007561981 0.467076 0.007561981 0.479272 0.02647799 0.467076 0.007561981 0.479272 0.02647799 0.479272 0.02647799 0.467076 0.007561981 0.467076 0.007561981 0.479272 0.02647799 0.467076 0.007561981 0.479272 0.02647799 0.479272 0.02647799 0.467076 0.007561981 0.45488 0.007561981 0.479272 0.02647799 0.45488 0.007561981 0.479272 0.02647799 0.479272 0.02647799 0.45488 0.007561981 0.467076 0.007561981 0.479272 0.02647799 0.467076 0.007561981 0.479272 0.02647799 0.479272 0.02647799 0.467076 0.007561981 0.4671 0.007561981 0.479272 0.02647799 0.467076 0.007561981 0.479272 0.02647799 0.479272 0.02647799 0.467076 0.007561981 0.479272 0.02647799 0.479272 0.02647799 0.467076 0.02647799 0.479272 0.02647799 0.45488 0.02647799 0.467076 0.007561981 0.45488 0.007561981 0.479272 0.02647799 0.45488 0.007561981 0.479272 0.02647799 0.479272 0.02647799 0.45488 0.007561981 0.45488 0.007561981 0.479272 0.02647799 0.45488 0.007561981 0.479272 0.02647799 0.479272 0.02647799 0.45488 0.007561981 0.45488 0.007561981 0.479272 0.02647799 0.45488 0.007561981 0.479272 0.02647799 0.479272 0.02647799 0.45488 0.007561981 0.45488 0.007561981 0.479272 0.02647799 0.45488 0.007561981 0.479272 0.02647799 0.479272 0.02647799 0.45488 0.007561981 0.45488 0.007561981 0.479272 0.02647799 0.45488 0.007561981 0.479272 0.02647799 0.479272 0.02647799 0.45488 0.007561981 0.45488 0.007561981 0.479272 0.02647799 0.45488 0.007561981 0.479272 0.02647799 0.479272 0.02647799 0.45488 0.01701998 0.45488 0.007561981 0.45488 0.01701998 0.479272 0.007561981 0.45488 0.007561981 0.479272 0.01701998 0.479272 0.007561981 0.45488 0.007561981 0.479272 0.02647799 0.45488 0.007561981 0.479272 0.02647799 0.479272 0.02647799 0.45488 0.007561981 0.45488 0.007561981 0.479272 0.02647799 0.45488 0.007561981 0.479272 0.02647799 0.479272 0.02647799 0.45488 0.01701998 0.45488 0.007561981 0.45488 0.01701998 0.479272 0.007561981 0.45488 0.007561981 0.479272 0.01701998 0.479272 0.007561981 0.45488 0.007561981 0.479272 0.02647799 0.45488 0.007561981 0.479272 0.02647799 0.479272 0.02647799 0.45488 0.02647799 0.467076 0.02647799 0.45488 0.02647799 0.45488 0.02647799 0.45488 0.02647799 0.479272 0.02647799 0.45488 0.02647799 0.467076 0.02647799 0.45488 0.007561981 0.467076 0.02647799 0.45488 0.007561981 0.45488 0.007561981 0.467076 0.02647799 0.467076 0.02647799 0.45488 0.007561981 0.467076 0.02647799 0.45488 0.007561981 0.45488 0.007561981 0.467076 0.02647799 0.467076 0.02647799 0.45488 0.007561981 0.467076 0.02647799 0.45488 0.007561981 0.45488 0.007561981 0.467076 0.02647799 0.467076 0.02647799 0.45488 0.007561981 0.467076 0.02647799 0.45488 0.007561981 0.45488 0.007561981 0.467076 0.02647799 0.467076 0.02647799 0.45488 0.007561981 0.467076 0.02647799 0.45488 0.007561981 0.45488 0.007561981 0.467076 0.01701998 0.479272 0.02647799 0.479272 0.01701998 0.45488 0.02647799 0.479272 0.02647799 0.45488 0.01701998 0.45488 0.01701998 0.479272 0.02647799 0.479272 0.01701998 0.45488 0.02647799 0.479272 0.02647799 0.45488 0.01701998 0.45488 0.380175 0.44505 0.380175 0.49408 0.485335 0.435849 0.380175 0.49408 0.460978 0.484421 0.485335 0.435849 0.380175 0.366494 0.380175 0.44505 0.492581 0.35874 0.380175 0.44505 0.485335 0.435849 0.492581 0.35874 0.488708 0.303196 0.380175 0.313067 0.492581 0.35874 0.380175 0.313067 0.380175 0.366494 0.492581 0.35874 0.1208199 0.484253 0.1209239 0.464955 0.091614 0.479491 0.1209239 0.464955 0.09592896 0.459906 0.091614 0.479491 0.121304 0.351886 0.1136659 0.351869 0.121182 0.392448 0.1136659 0.351869 0.106163 0.392414 0.121182 0.392448 0.04008096 0.424843 0.06669998 0.443726 0.05830401 0.400016 0.06669998 0.443726 0.07563596 0.419143 0.05830401 0.400016 0.024019 0.395968 0.04008096 0.424843 0.04726296 0.375965 0.04008096 0.424843 0.05830401 0.400016 0.04726296 0.375965 0.016927 0.361677 0.024019 0.395968 0.04251998 0.349923 0.024019 0.395968 0.04726296 0.375965 0.04251998 0.349923 0.01923799 0.328329 0.016927 0.361677 0.045717 0.324769 0.016927 0.361677 0.04251998 0.349923 0.045717 0.324769 0.1209239 0.464955 0.121042 0.435222 0.09592896 0.459906 0.121042 0.435222 0.09984898 0.432117 0.09592896 0.459906 0.09776699 0.307857 0.07529097 0.306913 0.09286999 0.323756 0.07529097 0.306913 0.06574201 0.337883 0.09286999 0.323756 0.112784 0.291302 0.109008 0.27969 0.09706401 0.294354 0.109008 0.27969 0.08642101 0.284844 0.09706401 0.294354 0.1215299 0.279719 0.109008 0.27969 0.1214979 0.291321 0.109008 0.27969 0.112784 0.291302 0.1214979 0.291321 0.03193801 0.302881 0.01923799 0.328329 0.05512398 0.305485 0.01923799 0.328329 0.045717 0.324769 0.05512398 0.305485 0.035003 0.578491 0.04485499 0.508477 0.07111698 0.589035 0.04485499 0.508477 0.07850497 0.530531 0.07111698 0.589035 0.002285957 0.575794 0.002285957 0.501106 0.035003 0.578491 0.002285957 0.501106 0.04485499 0.508477 0.035003 0.578491 0.07111698 0.589035 0.07850497 0.530531 0.09467399 0.6096 0.07850497 0.530531 0.1006659 0.562648 0.09467399 0.6096 0.659415 0.83655 0.652915 0.849292 0.662169 0.84491 0.652915 0.849292 0.650749 0.85354 0.662169 0.84491 0.659415 0.83655 0.652915 0.849292 0.662169 0.84491 0.652915 0.849292 0.650749 0.85354 0.662169 0.84491 0.659415 0.83655 0.652915 0.849292 0.652915 0.849292 0.652915 0.849292 0.659415 0.83655 0.652915 0.849292 0.659415 0.83655 0.652915 0.849292 0.662169 0.84491 0.652915 0.849292 0.652915 0.849292 0.662169 0.84491 0.652915 0.849292 0.650749 0.85354 0.652915 0.849292 0.650749 0.85354 0.662169 0.84491 0.652915 0.849292 0.659415 0.83655 0.652915 0.849292 0.662169 0.84491 0.652915 0.849292 0.662169 0.84491 0.662169 0.84491 0.652915 0.849292 0.650749 0.85354 0.662169 0.84491 0.650749 0.85354 0.650749 0.85354 0.662169 0.84491 0.659415 0.83655 0.652915 0.849292 0.662169 0.84491 0.652915 0.849292 0.650749 0.85354 0.662169 0.84491 0.659415 0.83655 0.652915 0.849292 0.662169 0.84491 0.652915 0.849292 0.650749 0.85354 0.662169 0.84491 0.659415 0.83655 0.652915 0.849292 0.652915 0.849292 0.652915 0.849292 0.650749 0.85354 0.652915 0.849292 0.659415 0.83655 0.652915 0.849292 0.662169 0.84491 0.652915 0.849292 0.650749 0.85354 0.662169 0.84491 0.659415 0.83655 0.652915 0.849292 0.662169 0.84491 0.652915 0.849292 0.650749 0.85354 0.662169 0.84491 0.659415 0.83655 0.652915 0.849292 0.652915 0.849292 0.652915 0.849292 0.659415 0.83655 0.652915 0.849292 0.652915 0.849292 0.650749 0.85354 0.652915 0.849292 0.650749 0.85354 0.662169 0.84491 0.652915 0.849292 0.659415 0.83655 0.652915 0.849292 0.662169 0.84491 0.652915 0.849292 0.650749 0.85354 0.662169 0.84491 0.659415 0.83655 0.652915 0.849292 0.662169 0.84491 0.652915 0.849292 0.650749 0.85354 0.662169 0.84491 0.650749 0.85354 0.659415 0.83655 0.650749 0.85354 0.659415 0.83655 0.652915 0.849292 0.650749 0.85354 0.652659 0.849796 0.650749 0.85354 0.659747 0.837557 0.650749 0.85354 0.662169 0.84491 0.659747 0.837557 0.659415 0.83655 0.652915 0.849292 0.662169 0.84491 0.652915 0.849292 0.650749 0.85354 0.662169 0.84491 0.659415 0.83655 0.652915 0.849292 0.662169 0.84491 0.652915 0.849292 0.650749 0.85354 0.662169 0.84491 0.659415 0.83655 0.652915 0.849292 0.662169 0.84491 0.652915 0.849292 0.650749 0.85354 0.662169 0.84491 0.659415 0.83655 0.652915 0.849292 0.652915 0.849292 0.652915 0.849292 0.659415 0.83655 0.652915 0.849292 0.659415 0.83655 0.652915 0.849292 0.662169 0.84491 0.652915 0.849292 0.650749 0.85354 0.662169 0.84491 0.652915 0.849292 0.650749 0.85354 0.652915 0.849292 0.650749 0.85354 0.662169 0.84491 0.652915 0.849292 0.659415 0.83655 0.652915 0.849292 0.652915 0.849292 0.652915 0.849292 0.650749 0.85354 0.652915 0.849292 0.652915 0.849292 0.650749 0.85354 0.662169 0.84491 0.650749 0.85354 0.650749 0.85354 0.662169 0.84491 0.659415 0.83655 0.652915 0.849292 0.662169 0.84491 0.652915 0.849292 0.650749 0.85354 0.662169 0.84491 0.659415 0.83655 0.652915 0.849292 0.662169 0.84491 0.652915 0.849292 0.650749 0.85354 0.662169 0.84491 0.659415 0.83655 0.652915 0.849292 0.662169 0.84491 0.652915 0.849292 0.650749 0.85354 0.662169 0.84491 0.659415 0.83655 0.652915 0.849292 0.662169 0.84491 0.652915 0.849292 0.650749 0.85354 0.662169 0.84491 0.659415 0.83655 0.652915 0.849292 0.652915 0.849292 0.652915 0.849292 0.659415 0.83655 0.652915 0.849292 0.659415 0.83655 0.652915 0.849292 0.662169 0.84491 0.652915 0.849292 0.650749 0.85354 0.662169 0.84491 0.659415 0.83655 0.652915 0.849292 0.662169 0.84491 0.652915 0.849292 0.650749 0.85354 0.662169 0.84491 0.659415 0.83655 0.652915 0.849292 0.662169 0.84491 0.652915 0.849292 0.650749 0.85354 0.662169 0.84491 0.659415 0.83655 0.652915 0.849292 0.662169 0.84491 0.652915 0.849292 0.650749 0.85354 0.662169 0.84491 0.659415 0.83655 0.652915 0.849292 0.662169 0.84491 0.652915 0.849292 0.650749 0.85354 0.662169 0.84491 0.659415 0.83655 0.652915 0.849292 0.662169 0.84491 0.652915 0.849292 0.650749 0.85354 0.662169 0.84491 0.659415 0.83655 0.652915 0.849292 0.662169 0.84491 0.652915 0.849292 0.650749 0.85354 0.662169 0.84491 0.659415 0.83655 0.652915 0.849292 0.662169 0.84491 0.652915 0.849292 0.650749 0.85354 0.662169 0.84491 0.651801 0.851478 0.650749 0.85354 0.66094 0.841178 0.650749 0.85354 0.662169 0.84491 0.66094 0.841178 0.659415 0.83655 0.652915 0.849292 0.662169 0.84491 0.652915 0.849292 0.650749 0.85354 0.662169 0.84491 0.659415 0.83655 0.652915 0.849292 0.662169 0.84491 0.652915 0.849292 0.650749 0.85354 0.662169 0.84491 0.659415 0.83655 0.652915 0.849292 0.662169 0.84491 0.652915 0.849292 0.650749 0.85354 0.662169 0.84491 0.659415 0.83655 0.652915 0.849292 0.662169 0.84491 0.652915 0.849292 0.650749 0.85354 0.662169 0.84491 0.659415 0.83655 0.652915 0.849292 0.662169 0.84491 0.652915 0.849292 0.650749 0.85354 0.662169 0.84491 0.659415 0.83655 0.652915 0.849292 0.662169 0.84491 0.652915 0.849292 0.650749 0.85354 0.662169 0.84491 0.659415 0.83655 0.652915 0.849292 0.662169 0.84491 0.652915 0.849292 0.650749 0.85354 0.662169 0.84491 0.652915 0.849292 0.650749 0.85354 0.652915 0.849292 0.650749 0.85354 0.662169 0.84491 0.652915 0.849292 0.652915 0.849292 0.650749 0.85354 0.662169 0.84491 0.650749 0.85354 0.650749 0.85354 0.662169 0.84491 0.659415 0.83655 0.652915 0.849292 0.662169 0.84491 0.652915 0.849292 0.650749 0.85354 0.662169 0.84491 0.659415 0.83655 0.652915 0.849292 0.662169 0.84491 0.652915 0.849292 0.650749 0.85354 0.662169 0.84491 0.659415 0.83655 0.652915 0.849292 0.662169 0.84491 0.652915 0.849292 0.650749 0.85354 0.662169 0.84491 0.651041 0.852968 0.650749 0.85354 0.661739 0.843604 0.650749 0.85354 0.662169 0.84491 0.661739 0.843604 0.659415 0.83655 0.652915 0.849292 0.662169 0.84491 0.652915 0.849292 0.650749 0.85354 0.662169 0.84491 0.659415 0.83655 0.652915 0.849292 0.662169 0.84491 0.652915 0.849292 0.650749 0.85354 0.662169 0.84491 0.659415 0.83655 0.652915 0.849292 0.662169 0.84491 0.652915 0.849292 0.650749 0.85354 0.662169 0.84491 0.659415 0.83655 0.652915 0.849292 0.662169 0.84491 0.652915 0.849292 0.650749 0.85354 0.662169 0.84491 0.652653 0.849807 0.650749 0.85354 0.659755 0.837582 0.650749 0.85354 0.662169 0.84491 0.659755 0.837582 0.659415 0.83655 0.652915 0.849292 0.662169 0.84491 0.652915 0.849292 0.650749 0.85354 0.662169 0.84491 0.659415 0.83655 0.652915 0.849292 0.662169 0.84491 0.652915 0.849292 0.650749 0.85354 0.662169 0.84491 0.659415 0.83655 0.652915 0.849292 0.662169 0.84491 0.652915 0.849292 0.650749 0.85354 0.662169 0.84491 0.659415 0.83655 0.652915 0.849292 0.662169 0.84491 0.652915 0.849292 0.650749 0.85354 0.662169 0.84491 0.659415 0.83655 0.652915 0.849292 0.662169 0.84491 0.652915 0.849292 0.650749 0.85354 0.662169 0.84491 0.659415 0.83655 0.652915 0.849292 0.662169 0.84491 0.652915 0.849292 0.650749 0.85354 0.662169 0.84491 0.659415 0.83655 0.652915 0.849292 0.662169 0.84491 0.652915 0.849292 0.650749 0.85354 0.662169 0.84491 0.659415 0.83655 0.652915 0.849292 0.662169 0.84491 0.652915 0.849292 0.650749 0.85354 0.662169 0.84491 0.659415 0.83655 0.652915 0.849292 0.662169 0.84491 0.652915 0.849292 0.650749 0.85354 0.662169 0.84491 0.652654 0.849805 0.650749 0.85354 0.659737 0.837528 0.650749 0.85354 0.662169 0.84491 0.659737 0.837528 0.659415 0.83655 0.652915 0.849292 0.662169 0.84491 0.652915 0.849292 0.650749 0.85354 0.662169 0.84491 0.659415 0.83655 0.652915 0.849292 0.662169 0.84491 0.652915 0.849292 0.650749 0.85354 0.662169 0.84491 0.659415 0.83655 0.652915 0.849292 0.662169 0.84491 0.652915 0.849292 0.650749 0.85354 0.662169 0.84491 0.659415 0.83655 0.652915 0.849292 0.662169 0.84491 0.652915 0.849292 0.650749 0.85354 0.662169 0.84491 0.659415 0.83655 0.652915 0.849292 0.662169 0.84491 0.652915 0.849292 0.650749 0.85354 0.662169 0.84491 0.659415 0.83655 0.652915 0.849292 0.662169 0.84491 0.652915 0.849292 0.650749 0.85354 0.662169 0.84491 0.658655 0.838041 0.652915 0.849292 0.662169 0.84491 0.652915 0.849292 0.650749 0.85354 0.662169 0.84491 0.659415 0.83655 0.652915 0.849292 0.662169 0.84491 0.652915 0.849292 0.650749 0.85354 0.662169 0.84491 0.659415 0.83655 0.652915 0.849292 0.662169 0.84491 0.652915 0.849292 0.650749 0.85354 0.662169 0.84491 0.652915 0.849292 0.652915 0.849292 0.662169 0.84491 0.652915 0.849292 0.650749 0.85354 0.662169 0.84491 0.659415 0.83655 0.652915 0.849292 0.662169 0.84491 0.652915 0.849292 0.650749 0.85354 0.662169 0.84491 0.659415 0.83655 0.652915 0.849292 0.662169 0.84491 0.652915 0.849292 0.650749 0.85354 0.662169 0.84491 0.659415 0.83655 0.652915 0.849292 0.662169 0.84491 0.652915 0.849292 0.650749 0.85354 0.662169 0.84491 0.659415 0.83655 0.652915 0.849292 0.662169 0.84491 0.652915 0.849292 0.650749 0.85354 0.662169 0.84491 0.659415 0.83655 0.652915 0.849292 0.662169 0.84491 0.652915 0.849292 0.650749 0.85354 0.662169 0.84491 0.659415 0.83655 0.652915 0.849292 0.662169 0.84491 0.652915 0.849292 0.650749 0.85354 0.662169 0.84491 0.659415 0.83655 0.652915 0.849292 0.662169 0.84491 0.652915 0.849292 0.650749 0.85354 0.662169 0.84491 0.785578 0.989203 0.785578 0.970516 0.817429 0.983995 0.785578 0.970516 0.82103 0.968546 0.817429 0.983995 0.826884 0.936158 0.824801 0.950402 0.794124 0.911319 0.824801 0.950402 0.785578 0.970516 0.794124 0.911319 0.824944 0.886986 0.82786 0.902899 0.799252 0.875802 0.82786 0.902899 0.794124 0.911319 0.799252 0.875802 0.764306 0.84063 0.766456 0.848237 0.720638 0.858164 0.766456 0.848237 0.726667 0.866836 0.720638 0.858164 0.694661 0.879278 0.695685 0.88644 0.684248 0.868788 0.695685 0.88644 0.684248 0.876702 0.684248 0.868788 0.695685 0.88644 0.695499 0.903925 0.684248 0.876702 0.695499 0.903925 0.684248 0.898322 0.684248 0.876702 0.696861 0.904099 0.696861 0.927856 0.684248 0.898322 0.696861 0.927856 0.684248 0.927856 0.684248 0.898322 0.696861 0.927856 0.696861 0.951614 0.684248 0.927856 0.696861 0.951614 0.684248 0.957391 0.684248 0.927856 0.696861 0.951614 0.695443 0.96849 0.684248 0.957391 0.695443 0.96849 0.684248 0.979012 0.684248 0.957391 0.695443 0.96849 0.695397 0.975119 0.684248 0.979012 0.695397 0.975119 0.684248 0.986926 0.684248 0.979012 0.684248 0.868788 0.684248 0.876702 0.670516 0.868788 0.684248 0.876702 0.670516 0.876702 0.670516 0.868788 0.684248 0.876702 0.684248 0.898322 0.670516 0.876702 0.684248 0.898322 0.670516 0.898322 0.670516 0.876702 0.684248 0.898322 0.684248 0.927856 0.670516 0.898322 0.684248 0.927856 0.670516 0.927856 0.670516 0.898322 0.684248 0.927856 0.684248 0.957391 0.670516 0.927856 0.684248 0.957391 0.670516 0.957391 0.670516 0.927856 0.684248 0.957391 0.684248 0.979012 0.670516 0.957391 0.684248 0.979012 0.670516 0.979012 0.670516 0.957391 0.684248 0.979012 0.684248 0.986926 0.670516 0.979012 0.684248 0.986926 0.670516 0.986926 0.670516 0.979012 0.775394 0.878327 0.785578 0.970516 0.741626 0.903848 0.785578 0.970516 0.741626 0.958602 0.741626 0.903848 0.785578 0.970516 0.785578 0.989203 0.741626 0.958602 0.785578 0.989203 0.732057 0.982104 0.741626 0.958602 0.785578 0.989203 0.783591 0.997862 0.732057 0.982104 0.783591 0.997862 0.726526 0.989371 0.732057 0.982104 0.705042 0.875836 0.720638 0.858164 0.711083 0.88538 0.720638 0.858164 0.726667 0.866836 0.711083 0.88538 0.599396 0.893667 0.588205 0.891713 0.596333 0.897181 0.588205 0.891713 0.587891 0.897686 0.596333 0.897181 0.587891 0.897686 0.578876 0.899189 0.587753 0.904648 0.578876 0.899189 0.578726 0.902644 0.587753 0.904648 0.59908 0.952779 0.58784 0.950922 0.596091 0.958386 0.58784 0.950922 0.587405 0.958418 0.596091 0.958386 0.577975 0.961538 0.588543 0.963884 0.579327 0.957632 0.588543 0.963884 0.587405 0.958418 0.579327 0.957632 0.599805 0.998752 0.600031 0.99218 0.552638 0.990129 0.600031 0.99218 0.55345 0.982749 0.552638 0.990129 0.517695 0.927655 0.517695 0.897659 0.506344 0.927655 0.517695 0.897659 0.506344 0.897659 0.506344 0.927655 0.517695 0.957651 0.517695 0.927655 0.506344 0.957651 0.517695 0.927655 0.506344 0.927655 0.506344 0.957651 0.517695 0.979609 0.517695 0.957651 0.506344 0.979609 0.517695 0.957651 0.506344 0.957651 0.506344 0.979609 0.517695 0.897659 0.517695 0.8757 0.506344 0.897659 0.517695 0.8757 0.506344 0.8757 0.506344 0.897659 0.517695 0.8757 0.517695 0.867662 0.506344 0.8757 0.517695 0.867662 0.506344 0.867662 0.506344 0.8757 0.52812 0.969447 0.52812 0.951784 0.517695 0.979609 0.52812 0.951784 0.517695 0.957651 0.517695 0.979609 0.52812 0.951784 0.52812 0.927655 0.517695 0.957651 0.52812 0.927655 0.517695 0.927655 0.517695 0.957651 0.52812 0.927655 0.52812 0.903526 0.517695 0.927655 0.52812 0.903526 0.517695 0.897659 0.517695 0.927655 0.52812 0.885862 0.52812 0.879396 0.517695 0.8757 0.52812 0.879396 0.517695 0.867662 0.517695 0.8757 0.52812 0.903526 0.52812 0.885862 0.517695 0.897659 0.52812 0.885862 0.517695 0.8757 0.517695 0.897659 0.661825 0.843865 0.662169 0.84491 0.65102 0.853009 0.662169 0.84491 0.650749 0.85354 0.65102 0.853009 0.659415 0.83655 0.662169 0.84491 0.652645 0.849823 0.662169 0.84491 0.650749 0.85354 0.652645 0.849823 0.65102 0.853009 0.652915 0.849292 0.662169 0.84491 0.652915 0.849292 0.659415 0.83655 0.662169 0.84491 0.659415 0.83655 0.662169 0.84491 0.652645 0.849823 0.662169 0.84491 0.650749 0.85354 0.652645 0.849823 0.659759 0.837595 0.662169 0.84491 0.652645 0.849823 0.662169 0.84491 0.650749 0.85354 0.652645 0.849823 0.653728 0.8477 0.659415 0.83655 0.650749 0.85354 0.659415 0.83655 0.662169 0.84491 0.650749 0.85354 0.659759 0.837595 0.662169 0.84491 0.652645 0.849823 0.662169 0.84491 0.650749 0.85354 0.652645 0.849823 0.65102 0.853009 0.652915 0.849292 0.662169 0.84491 0.652915 0.849292 0.659415 0.83655 0.662169 0.84491 0.659415 0.83655 0.662169 0.84491 0.652645 0.849823 0.662169 0.84491 0.650749 0.85354 0.652645 0.849823 0.659759 0.837595 0.662169 0.84491 0.652645 0.849823 0.662169 0.84491 0.650749 0.85354 0.652645 0.849823 0.65102 0.853009 0.652915 0.849292 0.662169 0.84491 0.652915 0.849292 0.659415 0.83655 0.662169 0.84491 0.225184 0.379996 0.225184 0.422891 0.250024 0.386658 0.225184 0.422891 0.250024 0.422891 0.250024 0.386658 0.711083 0.88538 0.695499 0.903925 0.705042 0.875836 0.695499 0.903925 0.695685 0.88644 0.705042 0.875836 0.714924 0.893548 0.732987 0.882998 0.719243 0.903973 0.732987 0.882998 0.741626 0.903848 0.719243 0.903973 0.719243 0.903973 0.741626 0.903848 0.719243 0.955108 0.741626 0.903848 0.741626 0.958602 0.719243 0.955108 0.719243 0.955108 0.741626 0.958602 0.714459 0.966859 0.741626 0.958602 0.732057 0.982104 0.714459 0.966859 0.709173 0.973595 0.732057 0.982104 0.707099 0.97632 0.732057 0.982104 0.726526 0.989371 0.707099 0.97632 0.705042 0.875836 0.695685 0.88644 0.711083 0.88538 0.695685 0.88644 0.695499 0.903925 0.711083 0.88538 0.719243 0.903973 0.741626 0.903848 0.714924 0.893548 0.741626 0.903848 0.732987 0.882998 0.714924 0.893548 0.372412 0.973252 0.388642 0.997178 0.43389 0.996355 0.372412 0.973252 0.340526 0.984169 0.388642 0.997178 0.33176 0.961624 0.340526 0.984169 0.372412 0.973252 0.33176 0.961624 0.287608 0.930293 0.340526 0.984169 0.307482 0.927046 0.287608 0.930293 0.33176 0.961624 0.307482 0.927046 0.27949 0.874894 0.287608 0.930293 0.300439 0.876861 0.27949 0.874894 0.307482 0.927046 0.300439 0.876861 0.292775 0.809589 0.27949 0.874894 0.312229 0.814774 0.292775 0.809589 0.300439 0.876861 0.312229 0.814774 0.329898 0.764778 0.292775 0.809589 0.335544 0.781872 0.329898 0.764778 0.312229 0.814774 0.335544 0.781872 0.353961 0.751408 0.329898 0.764778 0.363022 0.772063 0.353961 0.751408 0.335544 0.781872 0.363022 0.772063 0.399821 0.761785 0.353961 0.751408 0.396302 0.780115 0.399821 0.761785 0.363022 0.772063 0.396302 0.780115 0.442466 0.777799 0.399821 0.761785 0.462941 0.816991 0.442466 0.777799 0.396302 0.780115 0.396302 0.780115 0.442466 0.777799 0.462941 0.816991 0.396302 0.780115 0.399821 0.761785 0.442466 0.777799 0.363022 0.772063 0.399821 0.761785 0.396302 0.780115 0.363022 0.772063 0.353961 0.751408 0.399821 0.761785 0.335544 0.781872 0.353961 0.751408 0.363022 0.772063 0.335544 0.781872 0.329898 0.764778 0.353961 0.751408 0.312229 0.814774 0.329898 0.764778 0.335544 0.781872 0.312229 0.814774 0.292775 0.809589 0.329898 0.764778 0.300439 0.876861 0.292775 0.809589 0.312229 0.814774 0.300439 0.876861 0.27949 0.874894 0.292775 0.809589 0.307482 0.927046 0.27949 0.874894 0.300439 0.876861 0.307482 0.927046 0.287608 0.930293 0.27949 0.874894 0.33176 0.961624 0.287608 0.930293 0.307482 0.927046 0.33176 0.961624 0.340526 0.984169 0.287608 0.930293 0.372412 0.973252 0.340526 0.984169 0.33176 0.961624 0.372412 0.973252 0.388642 0.997178 0.340526 0.984169 0.43389 0.996355 0.388642 0.997178 0.372412 0.973252 0.296875 0.724609 0.296875 0.724609 0.296875 0.724609 0.296875 0.724609 0.296875 0.724609 0.296875 0.724609 0.296875 0.724609 0.296875 0.724609 0.296875 0.724609 0.296875 0.724609 0.296875 0.724609 0.296875 0.724609 0.296875 0.724609 0.296875 0.724609 0.296875 0.724609 0.296875 0.724609 0.296875 0.724609 0.296875 0.724609 0.296875 0.724609 0.296875 0.724609 0.296875 0.724609 0.296875 0.724609 0.296875 0.724609 0.296875 0.724609 0.296875 0.724609 0.296875 0.724609 0.296875 0.724609 0.296875 0.724609 0.296875 0.724609 0.296875 0.724609 0.296875 0.724609 0.296875 0.724609 0.296875 0.724609 0.296875 0.724609 0.296875 0.724609 0.296875 0.724609 0.296875 0.724609 0.296875 0.724609 0.296875 0.724609 0.296875 0.724609 0.296875 0.724609 0.296875 0.724609 0.296875 0.724609 0.296875 0.724609 0.296875 0.724609 0.296875 0.724609 0.296875 0.724609 0.296875 0.724609 0.296875 0.724609 0.296875 0.724609 0.296875 0.724609 0.296875 0.724609 0.296875 0.724609 0.296875 0.724609 0.296875 0.724609 0.296875 0.724609 0.296875 0.724609 0.296875 0.724609 0.296875 0.724609 0.296875 0.724609 0.296875 0.724609 0.296875 0.724609 0.296875 0.724609 0.296875 0.724609 0.296875 0.724609 0.296875 0.724609 0.296875 0.724609 0.296875 0.724609 0.296875 0.724609 0.296875 0.724609 0.296875 0.724609 0.296875 0.724609 0.296875 0.724609 0.296875 0.724609 0.296875 0.724609 0.296875 0.724609 0.296875 0.724609 0.296875 0.724609 0.296875 0.724609 0.296875 0.724609 0.296875 0.724609 0.296875 0.724609 0.296875 0.724609 0.296875 0.724609 0.296875 0.724609 0.296875 0.724609 0.296875 0.724609 0.296875 0.724609 0.296875 0.724609 0.296875 0.724609 0.296875 0.724609 0.296875 0.724609 0.296875 0.724609 0.296875 0.724609 0.296875 0.724609 0.296875 0.724609 0.296875 0.724609 0.296875 0.724609 0.296875 0.724609 0.296875 0.724609 0.296875 0.724609 0.296875 0.724609 0.296875 0.724609 0.296875 0.724609 0.296875 0.724609 0.296875 0.724609 0.296875 0.724609 0.296875 0.724609 0.296875 0.724609 0.296875 0.724609 0.296875 0.724609 0.296875 0.724609 0.296875 0.724609 0.296875 0.724609 0.296875 0.724609 0.296875 0.724609 0.296875 0.724609 0.296875 0.724609 0.296875 0.724609 0.296875 0.724609 0.987153 0.955881 0.949055 0.972329 0.957088 0.986496 0.987153 0.955881 0.97324 0.947702 0.949055 0.972329 0.998158 0.914063 0.97324 0.947702 0.987153 0.955881 0.998158 0.914063 0.982092 0.914061 0.97324 0.947702 0.987152 0.872241 0.982092 0.914061 0.998158 0.914063 0.987152 0.872241 0.973239 0.880421 0.982092 0.914061 0.957086 0.841628 0.973239 0.880421 0.987152 0.872241 0.957086 0.841628 0.949053 0.855795 0.973239 0.880421 0.916016 0.830423 0.949053 0.855795 0.957086 0.841628 0.916016 0.830423 0.916015 0.846782 0.949053 0.855795 0.874944 0.841629 0.916015 0.846782 0.916016 0.830423 0.874944 0.841629 0.882977 0.855796 0.916015 0.846782 0.844878 0.872244 0.882977 0.855796 0.874944 0.841629 0.844878 0.872244 0.858791 0.880423 0.882977 0.855796 0.833874 0.914064 0.858791 0.880423 0.844878 0.872244 0.833874 0.914064 0.849939 0.914064 0.858791 0.880423 0.844879 0.955884 0.849939 0.914064 0.833874 0.914064 0.844879 0.955884 0.858792 0.947704 0.849939 0.914064 0.874946 0.986498 0.858792 0.947704 0.844879 0.955884 0.874946 0.986498 0.882978 0.972331 0.858792 0.947704 0.916016 0.997703 0.882978 0.972331 0.874946 0.986498 0.916016 0.997703 0.916017 0.981344 0.882978 0.972331 0.957088 0.986496 0.916017 0.981344 0.916016 0.997703 0.957088 0.986496 0.949055 0.972329 0.916017 0.981344 0.643794 0.230277 0.597337 0.264594 0.597337 0.230277 0.643794 0.230277 0.643794 0.264594 0.597337 0.264594 0.690252 0.230277 0.643794 0.264594 0.643794 0.230277 0.690252 0.230277 0.690252 0.264594 0.643794 0.264594 0.752196 0.230277 0.690252 0.264594 0.690252 0.230277 0.752196 0.230277 0.752196 0.264594 0.690252 0.264594 0.798654 0.230277 0.752196 0.264594 0.752196 0.230277 0.798654 0.230277 0.798654 0.264594 0.752196 0.264594 0.845112 0.230277 0.798654 0.264594 0.798654 0.230277 0.845112 0.230277 0.845112 0.264594 0.798654 0.264594 0.891569 0.230277 0.845112 0.264594 0.845112 0.230277 0.891569 0.230277 0.891569 0.264594 0.845112 0.264594 0.910683 0.230277 0.891569 0.264594 0.891569 0.230277 0.910683 0.230277 0.910683 0.264594 0.891569 0.264594 0.972627 0.230277 0.910683 0.264594 0.910683 0.230277 0.972627 0.230277 0.972627 0.264594 0.910683 0.264594 0.643794 0.055803 0.597337 0.071419 0.597337 0.055803 0.643794 0.055803 0.643794 0.07053697 0.597337 0.071419 0.690252 0.055803 0.643794 0.07053697 0.643794 0.055803 0.690252 0.055803 0.690252 0.06965601 0.643794 0.07053697 0.752196 0.055803 0.690252 0.06965601 0.690252 0.055803 0.752196 0.055803 0.752196 0.06695401 0.690252 0.06965601 0.798654 0.055803 0.752196 0.06695401 0.752196 0.055803 0.798654 0.055803 0.798654 0.060413 0.752196 0.06695401 0.845112 0.055803 0.798654 0.060413 0.798654 0.055803 0.845112 0.055803 0.845112 0.05956697 0.798654 0.060413 0.891569 0.055803 0.845112 0.05956697 0.845112 0.055803 0.891569 0.055803 0.891569 0.06104499 0.845112 0.05956697 0.910683 0.055803 0.891569 0.06104499 0.891569 0.055803 0.910683 0.055803 0.910683 0.06695401 0.891569 0.06104499 0.972627 0.055803 0.910683 0.06695401 0.910683 0.055803 0.972627 0.055803 0.972627 0.06973999 0.910683 0.06695401 0.597337 0.071419 0.550879 0.055803 0.597337 0.055803 0.597337 0.071419 0.550879 0.07057899 0.550879 0.055803 0.597337 0.179291 0.550879 0.07057899 0.597337 0.071419 0.597337 0.179291 0.550879 0.1855409 0.550879 0.07057899 0.597337 0.230277 0.550879 0.1855409 0.597337 0.179291 0.597337 0.230277 0.550879 0.230277 0.550879 0.1855409 0.597337 0.264594 0.550879 0.230277 0.597337 0.230277 0.597337 0.264594 0.550879 0.264594 0.550879 0.230277 0.597337 0.298912 0.550879 0.264594 0.597337 0.264594 0.597337 0.298912 0.550879 0.298912 0.550879 0.264594 0.597337 0.455193 0.550879 0.298912 0.597337 0.298912 0.597337 0.455193 0.550879 0.460031 0.550879 0.298912 0.597337 0.464408 0.550879 0.460031 0.597337 0.455193 0.597337 0.464408 0.550879 0.47201 0.550879 0.460031 0.597337 0.471172 0.550879 0.47201 0.597337 0.464408 0.597337 0.471172 0.550879 0.48138 0.550879 0.47201 0.550879 0.07057899 0.504421 0.055803 0.550879 0.055803 0.550879 0.07057899 0.504421 0.06973999 0.504421 0.055803 0.550879 0.1855409 0.504421 0.06973999 0.550879 0.07057899 0.550879 0.1855409 0.504421 0.1959589 0.504421 0.06973999 0.550879 0.230277 0.504421 0.1959589 0.550879 0.1855409 0.550879 0.230277 0.504421 0.230277 0.504421 0.1959589 0.550879 0.264594 0.504421 0.230277 0.550879 0.230277 0.550879 0.264594 0.504421 0.264594 0.504421 0.230277 0.550879 0.298912 0.504421 0.264594 0.550879 0.264594 0.550879 0.298912 0.504421 0.298912 0.504421 0.264594 0.550879 0.460031 0.504421 0.298912 0.550879 0.298912 0.550879 0.460031 0.504421 0.468093 0.504421 0.298912 0.550879 0.47201 0.504421 0.468093 0.550879 0.460031 0.550879 0.47201 0.504421 0.484679 0.504421 0.468093 0.550879 0.48138 0.504421 0.484679 0.550879 0.47201 0.550879 0.48138 0.504421 0.497484 0.504421 0.484679 0.643794 0.07053697 0.597337 0.179291 0.597337 0.071419 0.643794 0.07053697 0.643794 0.1855409 0.597337 0.179291 0.690252 0.06965601 0.643794 0.1855409 0.643794 0.07053697 0.690252 0.06965601 0.690252 0.1959589 0.643794 0.1855409 0.752196 0.06695401 0.690252 0.1959589 0.690252 0.06965601 0.752196 0.06695401 0.752196 0.230277 0.690252 0.1959589 0.798654 0.07611298 0.752196 0.230277 0.752196 0.06695401 0.798654 0.07611298 0.798654 0.230277 0.752196 0.230277 0.845112 0.07978498 0.798654 0.230277 0.798654 0.07611298 0.845112 0.07978498 0.845112 0.230277 0.798654 0.230277 0.891569 0.07720202 0.845112 0.230277 0.845112 0.07978498 0.891569 0.07720202 0.891569 0.230277 0.845112 0.230277 0.910683 0.06695401 0.891569 0.230277 0.891569 0.07720202 0.910683 0.06695401 0.910683 0.230277 0.891569 0.230277 0.972627 0.06973999 0.910683 0.230277 0.910683 0.06695401 0.972627 0.06973999 0.972627 0.1959589 0.910683 0.230277 0.643794 0.298912 0.597337 0.455193 0.597337 0.298912 0.643794 0.298912 0.643794 0.443733 0.597337 0.455193 0.690252 0.298912 0.643794 0.443733 0.643794 0.298912 0.690252 0.298912 0.690252 0.430374 0.643794 0.443733 0.752196 0.298901 0.690252 0.430374 0.690252 0.298912 0.752196 0.298901 0.752196 0.413682 0.690252 0.430374 0.798654 0.298912 0.752196 0.413682 0.752196 0.298901 0.798654 0.298912 0.798654 0.439067 0.752196 0.413682 0.845112 0.298912 0.798654 0.439067 0.798654 0.298912 0.845112 0.298912 0.845112 0.446324 0.798654 0.439067 0.891569 0.298912 0.845112 0.446324 0.845112 0.298912 0.891569 0.298912 0.891569 0.461057 0.845112 0.446324 0.910683 0.298912 0.891569 0.461057 0.891569 0.298912 0.910683 0.298912 0.910683 0.468387 0.891569 0.461057 0.972627 0.298912 0.910683 0.468387 0.910683 0.298912 0.972627 0.298912 0.972627 0.468093 0.910683 0.468387 0.910683 0.298912 0.972627 0.264594 0.972627 0.298912 0.910683 0.298912 0.910683 0.264594 0.972627 0.264594 0.891569 0.298912 0.910683 0.264594 0.910683 0.298912 0.891569 0.298912 0.891569 0.264594 0.910683 0.264594 0.845112 0.298912 0.891569 0.264594 0.891569 0.298912 0.845112 0.298912 0.845112 0.264594 0.891569 0.264594 0.798654 0.298912 0.845112 0.264594 0.845112 0.298912 0.798654 0.298912 0.798654 0.264594 0.845112 0.264594 0.752196 0.298901 0.798654 0.264594 0.798654 0.298912 0.752196 0.298901 0.752196 0.264594 0.798654 0.264594 0.690252 0.298912 0.752196 0.264594 0.752196 0.298901 0.690252 0.298912 0.690252 0.264594 0.752196 0.264594 0.643794 0.298912 0.690252 0.264594 0.690252 0.298912 0.643794 0.298912 0.643794 0.264594 0.690252 0.264594 0.597337 0.298912 0.643794 0.264594 0.643794 0.298912 0.597337 0.298912 0.597337 0.264594 0.643794 0.264594 0.939887 0.498047 0.972627 0.484679 0.972627 0.497484 0.939887 0.498047 0.910683 0.48514 0.972627 0.484679 0.910683 0.497896 0.910683 0.48514 0.939887 0.498047 0.910683 0.497896 0.891569 0.473622 0.910683 0.48514 0.891569 0.482806 0.891569 0.473622 0.910683 0.497896 0.891569 0.482806 0.845112 0.452371 0.891569 0.473622 0.845112 0.45645 0.845112 0.452371 0.891569 0.482806 0.845112 0.45645 0.798654 0.439067 0.845112 0.452371 0.798654 0.444232 0.798654 0.439067 0.845112 0.45645 0.798654 0.444232 0.752196 0.413682 0.798654 0.439067 0.752196 0.42516 0.752196 0.413682 0.798654 0.444232 0.752196 0.42516 0.690252 0.430374 0.752196 0.413682 0.690252 0.44352 0.690252 0.430374 0.752196 0.42516 0.690252 0.44352 0.643794 0.443733 0.690252 0.430374 0.643794 0.449521 0.643794 0.443733 0.690252 0.44352 0.643794 0.449521 0.597337 0.455193 0.643794 0.443733 0.597337 0.464408 0.597337 0.455193 0.643794 0.449521 0.799143 0.81808 0.877655 0.766175 0.877655 0.81808 0.799143 0.81808 0.799143 0.766175 0.877655 0.766175 0.760844 0.81808 0.799143 0.766175 0.799143 0.81808 0.760844 0.81808 0.760844 0.766175 0.799143 0.766175 0.722545 0.81808 0.760844 0.766175 0.760844 0.81808 0.722545 0.81808 0.722545 0.766175 0.760844 0.766175 0.684246 0.81808 0.722545 0.766175 0.722545 0.81808 0.684246 0.81808 0.684246 0.766175 0.722545 0.766175 0.644031 0.81808 0.684246 0.766175 0.684246 0.81808 0.644031 0.81808 0.644031 0.766175 0.684246 0.766175 0.605732 0.81808 0.644031 0.766175 0.644031 0.81808 0.605732 0.81808 0.605732 0.766175 0.644031 0.766175 0.529785 0.801514 0.605732 0.766175 0.605732 0.81808 0.529785 0.801514 0.529785 0.78418 0.605732 0.766175 0.52002 0.801758 0.529785 0.78418 0.529785 0.801514 0.52002 0.801758 0.52002 0.783447 0.529785 0.78418 0.994467 0.81808 0.954253 0.821788 0.954253 0.81808 0.994467 0.81808 0.994467 0.821788 0.954253 0.821788 0.954253 0.81808 0.994467 0.821788 0.994467 0.81808 0.954253 0.81808 0.954253 0.821788 0.994467 0.821788 0.915954 0.81808 0.954253 0.821788 0.954253 0.81808 0.915954 0.81808 0.915954 0.821788 0.954253 0.821788 0.877655 0.81808 0.915954 0.821788 0.915954 0.81808 0.877655 0.81808 0.877655 0.821788 0.915954 0.821788 0.799143 0.81808 0.877655 0.821788 0.877655 0.81808 0.799143 0.81808 0.799143 0.821788 0.877655 0.821788 0.760844 0.81808 0.799143 0.821788 0.799143 0.81808 0.760844 0.81808 0.760844 0.821788 0.799143 0.821788 0.722545 0.81808 0.760844 0.821788 0.760844 0.81808 0.722545 0.81808 0.722545 0.821788 0.760844 0.821788 0.684246 0.81808 0.722545 0.821788 0.722545 0.81808 0.684246 0.81808 0.684246 0.821788 0.722545 0.821788 0.644031 0.81808 0.684246 0.821788 0.684246 0.81808 0.644031 0.81808 0.644031 0.821788 0.684246 0.821788 0.605732 0.81808 0.644031 0.821788 0.644031 0.81808 0.605732 0.81808 0.605732 0.821788 0.644031 0.821788 0.561574 0.81808 0.605732 0.821788 0.605732 0.81808 0.561574 0.81808 0.561574 0.821788 0.605732 0.821788 0.529785 0.801514 0.561574 0.821788 0.561574 0.81808 0.529785 0.801514 0.52002 0.801758 0.561574 0.821788 0.529785 0.78418 0.52002 0.801758 0.529785 0.801514 0.529785 0.78418 0.52002 0.783447 0.52002 0.801758 0.561574 0.766175 0.52002 0.783447 0.529785 0.78418 0.561574 0.766175 0.561574 0.762468 0.52002 0.783447 0.605732 0.766175 0.561574 0.762468 0.561574 0.766175 0.605732 0.766175 0.605732 0.762468 0.561574 0.762468 0.644031 0.766175 0.605732 0.762468 0.605732 0.766175 0.644031 0.766175 0.644031 0.762468 0.605732 0.762468 0.684246 0.766175 0.644031 0.762468 0.644031 0.766175 0.684246 0.766175 0.638287 0.762468 0.644031 0.762468 0.684246 0.762468 0.638287 0.762468 0.684246 0.766175 0.915954 0.821788 0.954253 0.81808 0.954253 0.821788 0.915954 0.821788 0.915954 0.81808 0.954253 0.81808 0.877655 0.821788 0.915954 0.81808 0.915954 0.821788 0.877655 0.821788 0.877655 0.81808 0.915954 0.81808 0.799143 0.821788 0.877655 0.81808 0.877655 0.821788 0.799143 0.821788 0.799143 0.81808 0.877655 0.81808 0.760844 0.821788 0.799143 0.81808 0.799143 0.821788 0.760844 0.821788 0.760844 0.81808 0.799143 0.81808 0.722545 0.821788 0.760844 0.81808 0.760844 0.821788 0.722545 0.821788 0.722545 0.81808 0.760844 0.81808 0.684246 0.821788 0.722545 0.81808 0.722545 0.821788 0.684246 0.821788 0.684246 0.81808 0.722545 0.81808 0.644031 0.821788 0.684246 0.81808 0.684246 0.821788 0.644031 0.821788 0.644031 0.81808 0.684246 0.81808 0.605732 0.821788 0.644031 0.81808 0.644031 0.821788 0.605732 0.821788 0.605732 0.81808 0.644031 0.81808 0.561574 0.821788 0.605732 0.81808 0.605732 0.821788 0.561574 0.821788 0.561574 0.81808 0.605732 0.81808 0.52002 0.801758 0.561574 0.81808 0.561574 0.821788 0.52002 0.801758 0.529785 0.801514 0.561574 0.81808 0.225184 0.358548 0.200343 0.379996 0.200343 0.358548 0.225184 0.358548 0.225184 0.379996 0.200343 0.379996 0.250024 0.358548 0.225184 0.379996 0.225184 0.358548 0.250024 0.358548 0.250024 0.39072 0.225184 0.379996 0.287285 0.358548 0.250024 0.39072 0.250024 0.358548 0.287285 0.358548 0.287285 0.394607 0.250024 0.39072 0.318336 0.358548 0.287285 0.394607 0.287285 0.358548 0.318336 0.358548 0.318336 0.395545 0.287285 0.394607 0.349386 0.379996 0.318336 0.395545 0.318336 0.358548 0.349386 0.379996 0.349386 0.388575 0.318336 0.395545 0.37032 0.392865 0.349386 0.388575 0.349386 0.379996 0.37032 0.392865 0.349386 0.422891 0.349386 0.388575 0.37032 0.427181 0.349386 0.422891 0.37032 0.392865 0.37032 0.427181 0.349386 0.437905 0.349386 0.422891 0.37032 0.442623 0.349386 0.437905 0.37032 0.427181 0.37032 0.442623 0.349386 0.452918 0.349386 0.437905 0.37032 0.458066 0.349386 0.452918 0.37032 0.442623 0.163082 0.379996 0.129728 0.392865 0.129728 0.379996 0.163082 0.379996 0.163082 0.408307 0.129728 0.392865 0.200343 0.379996 0.163082 0.408307 0.163082 0.379996 0.200343 0.379996 0.200343 0.422891 0.163082 0.408307 0.225184 0.379996 0.200343 0.422891 0.200343 0.379996 0.225184 0.379996 0.225184 0.422891 0.200343 0.422891 0.250024 0.39072 0.225184 0.422891 0.225184 0.379996 0.250024 0.39072 0.250024 0.422891 0.225184 0.422891 0.287285 0.394607 0.250024 0.422891 0.250024 0.39072 0.287285 0.394607 0.287285 0.409218 0.250024 0.422891 0.318336 0.395545 0.287285 0.409218 0.287285 0.394607 0.318336 0.395545 0.287285 0.444339 0.287285 0.409218 0.318336 0.430934 0.287285 0.444339 0.318336 0.395545 0.318336 0.430934 0.299705 0.465787 0.287285 0.444339 0.318336 0.445546 0.299705 0.465787 0.318336 0.430934 0.318336 0.445546 0.318336 0.460157 0.299705 0.465787 0.349386 0.437905 0.318336 0.460157 0.318336 0.445546 0.349386 0.437905 0.349386 0.452918 0.318336 0.460157 0.491804 0.054506 0.458096 0.04347699 0.46223 0.01610201 0.491804 0.054506 0.473578 0.06050598 0.458096 0.04347699 0.496847 0.104453 0.473578 0.06050598 0.491804 0.054506 0.496847 0.104453 0.447872 0.05985599 0.473578 0.06050598 0.473965 0.105578 0.447872 0.05985599 0.496847 0.104453 0.473965 0.105578 0.443054 0.078799 0.447872 0.05985599 0.437332 0.09670501 0.443054 0.078799 0.473965 0.105578 0.437332 0.09670501 0.386537 0.06569898 0.443054 0.078799 0.393655 0.07685202 0.386537 0.06569898 0.437332 0.09670501 0.393655 0.07685202 0.333175 0.07424998 0.386537 0.06569898 0.349905 0.09670698 0.333175 0.07424998 0.393655 0.07685202 0.349905 0.09670698 0.294141 0.1203129 0.333175 0.07424998 0.321862 0.136222 0.294141 0.1203129 0.349905 0.09670698 0.321862 0.136222 0.292708 0.1458849 0.294141 0.1203129 0.323261 0.1847119 0.292708 0.1458849 0.321862 0.136222 0.323261 0.1847119 0.272941 0.153369 0.292708 0.1458849 0.296293 0.19229 0.272941 0.153369 0.323261 0.1847119 0.275306 0.764563 0.284014 0.790353 0.283683 0.76486 0.275306 0.764563 0.27655 0.790353 0.284014 0.790353 0.264067 0.764253 0.27655 0.790353 0.275306 0.764563 0.264067 0.764253 0.264067 0.790353 0.27655 0.790353 0.275306 0.764563 0.264067 0.790353 0.264067 0.764253 0.275306 0.764563 0.27655 0.790353 0.264067 0.790353 0.283683 0.76486 0.27655 0.790353 0.275306 0.764563 0.283683 0.76486 0.284014 0.790353 0.27655 0.790353 0.283763 0.764561 0.284014 0.790353 0.283683 0.76486 0.283763 0.764561 0.284013 0.790353 0.284014 0.790353 0.278115 0.763135 0.284013 0.790353 0.283763 0.764561 0.278115 0.763135 0.278725 0.790353 0.284013 0.790353 0.264067 0.762853 0.278725 0.790353 0.278115 0.763135 0.264067 0.762853 0.264067 0.790353 0.278725 0.790353 0.278115 0.763135 0.264067 0.790353 0.264067 0.762853 0.278115 0.763135 0.278725 0.790353 0.264067 0.790353 0.283763 0.764561 0.278725 0.790353 0.278115 0.763135 0.283763 0.764561 0.284013 0.790353 0.278725 0.790353 0.283683 0.76486 0.284013 0.790353 0.283763 0.764561 0.283683 0.76486 0.284014 0.790353 0.284013 0.790353 0.569859 0.704224 0.502446 0.665159 0.502446 0.697935 0.569859 0.704224 0.554563 0.665604 0.502446 0.665159 0.621787 0.667124 0.554563 0.665604 0.569859 0.704224 0.621787 0.667124 0.557295 0.633204 0.554563 0.665604 0.621464 0.635604 0.557295 0.633204 0.621787 0.667124 0.621464 0.635604 0.555243 0.602108 0.557295 0.633204 0.617696 0.604976 0.555243 0.602108 0.621464 0.635604 0.617696 0.604976 0.553531 0.573436 0.555243 0.602108 0.612242 0.57608 0.553531 0.573436 0.617696 0.604976 0.612242 0.57608 0.54804 0.54829 0.553531 0.573436 0.606571 0.562526 0.54804 0.54829 0.612242 0.57608 0.606571 0.562526 0.568234 0.553142 0.54804 0.54829 0.605934 0.551231 0.568234 0.553142 0.606571 0.562526 0.605934 0.551231 0.574488 0.5383051 0.568234 0.553142 0.601772 0.542497 0.574488 0.5383051 0.605934 0.551231 0.601772 0.542497 0.546657 0.526024 0.574488 0.5383051 0.549339 0.52292 0.546657 0.526024 0.601772 0.542497 0.549339 0.52292 0.528824 0.507252 0.546657 0.526024 0.557295 0.633204 0.502446 0.665159 0.554563 0.665604 0.557295 0.633204 0.502446 0.632514 0.502446 0.665159 0.555243 0.602108 0.502446 0.632514 0.557295 0.633204 0.555243 0.602108 0.502446 0.601272 0.502446 0.632514 0.553531 0.573436 0.502446 0.601272 0.555243 0.602108 0.553531 0.573436 0.502446 0.57263 0.502446 0.601272 0.54804 0.54829 0.502446 0.57263 0.553531 0.573436 0.54804 0.54829 0.502446 0.547667 0.502446 0.57263 0.502446 0.527299 0.502446 0.547667 0.54804 0.54829 0.502446 0.527299 0.54804 0.54829 0.502446 0.547667 0.53902 0.533727 0.54804 0.54829 0.502446 0.527299 0.53902 0.533727 0.568234 0.553142 0.54804 0.54829 0.546657 0.526024 0.568234 0.553142 0.53902 0.533727 0.546657 0.526024 0.574488 0.5383051 0.568234 0.553142 0.549339 0.52292 0.574488 0.5383051 0.546657 0.526024 0.549339 0.52292 0.601772 0.542497 0.574488 0.5383051 0.792864 0.607743 0.782052 0.590111 0.737166 0.595612 0.792864 0.607743 0.817839 0.576868 0.782052 0.590111 0.850152 0.577507 0.817839 0.576868 0.792864 0.607743 0.850152 0.577507 0.859147 0.551673 0.817839 0.576868 0.884905 0.551999 0.859147 0.551673 0.850152 0.577507 0.884905 0.551999 0.895417 0.529294 0.859147 0.551673 0.943112 0.529842 0.895417 0.529294 0.884905 0.551999 0.943112 0.529842 0.922144 0.513096 0.895417 0.529294 0.980106 0.513066 0.922144 0.513096 0.943112 0.529842 0.980106 0.513066 0.981988 0.502948 0.922144 0.513096 0.995979 0.503106 0.981988 0.502948 0.980106 0.513066 0.995979 0.503106 0.846774 0.501738 0.981988 0.502948 0.502446 0.4999 0.846774 0.501738 0.995979 0.503106 0.502446 0.4999 0.528824 0.507252 0.846774 0.501738 0.502446 0.503019 0.528824 0.507252 0.502446 0.4999 0.502446 0.503019 0.502446 0.512249 0.528824 0.507252 0.528824 0.507252 0.502446 0.512249 0.502446 0.503019 0.528824 0.507252 0.53902 0.533727 0.502446 0.512249 0.546657 0.526024 0.53902 0.533727 0.528824 0.507252 0.845503 0.606071 0.850152 0.577507 0.792864 0.607743 0.845503 0.606071 0.914599 0.577669 0.850152 0.577507 0.913324 0.605842 0.914599 0.577669 0.845503 0.606071 0.913324 0.605842 0.995979 0.57775 0.914599 0.577669 0.995979 0.606138 0.995979 0.57775 0.913324 0.605842 0.995979 0.606138 0.914599 0.577669 0.995979 0.57775 0.913324 0.605842 0.914599 0.577669 0.995979 0.606138 0.913324 0.605842 0.850152 0.577507 0.914599 0.577669 0.845503 0.606071 0.850152 0.577507 0.913324 0.605842 0.845503 0.606071 0.792864 0.607743 0.850152 0.577507 0.840584 0.636362 0.792864 0.607743 0.845503 0.606071 0.840584 0.636362 0.788017 0.638698 0.792864 0.607743 0.835622 0.667638 0.788017 0.638698 0.840584 0.636362 0.835622 0.667638 0.784492 0.658605 0.788017 0.638698 0.82807 0.689841 0.784492 0.658605 0.835622 0.667638 0.82807 0.689841 0.778863 0.674262 0.784492 0.658605 0.817065 0.698274 0.778863 0.674262 0.82807 0.689841 0.817065 0.698274 0.776278 0.678267 0.778863 0.674262 0.810547 0.699041 0.776278 0.678267 0.817065 0.698274 0.784492 0.658605 0.736764 0.639916 0.734887 0.650623 0.784492 0.658605 0.788017 0.638698 0.736764 0.639916 0.835622 0.667638 0.788017 0.638698 0.784492 0.658605 0.835622 0.667638 0.840584 0.636362 0.788017 0.638698 0.857747 0.6741541 0.840584 0.636362 0.835622 0.667638 0.857747 0.6741541 0.912472 0.636616 0.840584 0.636362 0.911133 0.6741541 0.912472 0.636616 0.857747 0.6741541 0.911133 0.6741541 0.956404 0.674457 0.912472 0.636616 0.926418 0.6877591 0.956404 0.674457 0.911133 0.6741541 0.926418 0.6877591 0.960565 0.685651 0.956404 0.674457 0.923393 0.70563 0.960565 0.685651 0.926418 0.6877591 0.923393 0.70563 0.959512 0.70167 0.960565 0.685651 0.961106 0.71355 0.959512 0.70167 0.923393 0.70563 0.961106 0.71355 0.995979 0.699996 0.959512 0.70167 0.995979 0.711568 0.995979 0.699996 0.961106 0.71355 0.995979 0.711568 0.959512 0.70167 0.995979 0.699996 0.961106 0.71355 0.959512 0.70167 0.995979 0.711568 0.961106 0.71355 0.923393 0.70563 0.959512 0.70167 0.913707 0.734273 0.923393 0.70563 0.961106 0.71355 0.732205 0.664714 0.699382 0.670898 0.732096 0.669271 0.732205 0.664714 0.699067 0.666817 0.699382 0.670898 0.734887 0.650623 0.699067 0.666817 0.732205 0.664714 0.734887 0.650623 0.69073 0.650051 0.699067 0.666817 0.736764 0.639916 0.69073 0.650051 0.734887 0.650623 0.736764 0.639916 0.683732 0.638644 0.69073 0.650051 0.737372 0.612555 0.683732 0.638644 0.736764 0.639916 0.737372 0.612555 0.678175 0.608718 0.683732 0.638644 0.698863 0.593604 0.678175 0.608718 0.737372 0.612555 0.698863 0.593604 0.672708 0.587607 0.678175 0.608718 0.699404 0.58714 0.672708 0.587607 0.698863 0.593604 0.699404 0.58714 0.67125 0.57917 0.672708 0.587607 0.701926 0.579431 0.67125 0.57917 0.699404 0.58714 0.701926 0.579431 0.634011 0.564183 0.67125 0.57917 0.65005 0.562785 0.634011 0.564183 0.701926 0.579431 0.65005 0.562785 0.605934 0.551231 0.634011 0.564183 0.601772 0.542497 0.605934 0.551231 0.65005 0.562785 0.334057 0.717997 0.324204 0.711222 0.326344 0.724836 0.334057 0.717997 0.328735 0.704584 0.324204 0.711222 0.336757 0.702358 0.328735 0.704584 0.334057 0.717997 0.336757 0.702358 0.328901 0.702409 0.328735 0.704584 0.338276 0.700218 0.328901 0.702409 0.336757 0.702358 0.338276 0.700218 0.343364 0.703424 0.328901 0.702409 0.336757 0.702358 0.343364 0.703424 0.338276 0.700218 0.336757 0.702358 0.344254 0.711903 0.343364 0.703424 0.334057 0.717997 0.344254 0.711903 0.336757 0.702358 0.334057 0.717997 0.346792 0.719222 0.344254 0.711903 0.339134 0.727985 0.346792 0.719222 0.334057 0.717997 0.339134 0.727985 0.34916 0.724976 0.346792 0.719222 0.340788 0.729071 0.34916 0.724976 0.339134 0.727985 0.340788 0.729071 0.372048 0.725151 0.34916 0.724976 0.343364 0.703424 0.372048 0.725151 0.340788 0.729071 0.343364 0.703424 0.372048 0.696587 0.372048 0.725151 0.348233 0.695715 0.372048 0.696587 0.343364 0.703424 0.348233 0.695715 0.366944 0.692327 0.372048 0.696587 0.356484 0.691465 0.366944 0.692327 0.348233 0.695715 0.356484 0.691465 0.36628 0.693947 0.366944 0.692327 0.35631 0.692981 0.36628 0.693947 0.356484 0.691465 0.35631 0.692981 0.356886 0.707514 0.36628 0.693947 0.348501 0.696804 0.356886 0.707514 0.35631 0.692981 0.348501 0.696804 0.344254 0.711903 0.356886 0.707514 0.343364 0.703424 0.344254 0.711903 0.348501 0.696804 0.323225 0.720548 0.323587 0.710269 0.328901 0.702409 0.323225 0.720548 0.324204 0.711222 0.323587 0.710269 0.32382 0.7216621 0.324204 0.711222 0.323225 0.720548 0.32382 0.7216621 0.326344 0.724836 0.324204 0.711222 0.320311 0.72318 0.326344 0.724836 0.32382 0.7216621 0.320311 0.72318 0.321681 0.731059 0.326344 0.724836 0.316585 0.727832 0.321681 0.731059 0.320311 0.72318 0.316585 0.727832 0.317345 0.736524 0.321681 0.731059 0.316318 0.727047 0.317345 0.736524 0.316585 0.727832 0.316318 0.727047 0.316802 0.735942 0.317345 0.736524 0.319806 0.742191 0.316802 0.735942 0.316318 0.727047 0.319806 0.742191 0.317345 0.736524 0.316802 0.735942 0.319264 0.741025 0.317345 0.736524 0.319806 0.742191 0.319264 0.741025 0.320376 0.740132 0.317345 0.736524 0.32618 0.748409 0.320376 0.740132 0.319264 0.741025 0.32618 0.748409 0.325998 0.740134 0.320376 0.740132 0.327182 0.740004 0.325998 0.740134 0.32618 0.748409 0.327182 0.740004 0.328142 0.735425 0.325998 0.740134 0.329191 0.735575 0.328142 0.735425 0.327182 0.740004 0.329191 0.735575 0.332514 0.730733 0.328142 0.735425 0.33397 0.731748 0.332514 0.730733 0.329191 0.735575 0.33397 0.731748 0.339134 0.727985 0.332514 0.730733 0.340788 0.729071 0.339134 0.727985 0.33397 0.731748 0.372048 0.715283 0.356886 0.707514 0.358356 0.716008 0.372048 0.715283 0.372048 0.706456 0.356886 0.707514 0.358356 0.716008 0.372048 0.706456 0.372048 0.715283 0.358356 0.716008 0.356886 0.707514 0.372048 0.706456 0.346792 0.719222 0.356886 0.707514 0.358356 0.716008 0.346792 0.719222 0.344254 0.711903 0.356886 0.707514 0.334057 0.717997 0.344254 0.711903 0.346792 0.719222 0.334057 0.717997 0.336757 0.702358 0.344254 0.711903 0.328735 0.704584 0.336757 0.702358 0.334057 0.717997 0.328735 0.704584 0.338276 0.700218 0.336757 0.702358 0.328901 0.702409 0.338276 0.700218 0.328735 0.704584 0.328901 0.702409 0.343364 0.703424 0.338276 0.700218 0.340788 0.729071 0.343364 0.703424 0.328901 0.702409 0.340788 0.729071 0.372048 0.725151 0.343364 0.703424 0.34916 0.724976 0.372048 0.725151 0.340788 0.729071 0.34916 0.724976 0.372048 0.715283 0.372048 0.725151 0.358356 0.716008 0.372048 0.715283 0.34916 0.724976 0.385312 0.599635 0.386366 0.602939 0.379282 0.619138 0.385312 0.599635 0.394194 0.59453 0.386366 0.602939 0.392471 0.592278 0.394194 0.59453 0.385312 0.599635 0.392471 0.592278 0.400898 0.573867 0.394194 0.59453 0.399152 0.5738551 0.400898 0.573867 0.392471 0.592278 0.399152 0.5738551 0.392246 0.56014 0.400898 0.573867 0.390046 0.560119 0.392246 0.56014 0.399152 0.5738551 0.390046 0.560119 0.380463 0.551477 0.392246 0.56014 0.378682 0.551847 0.380463 0.551477 0.390046 0.560119 0.378682 0.551847 0.379298 0.542717 0.380463 0.551477 0.377101 0.541161 0.379298 0.542717 0.378682 0.551847 0.377101 0.541161 0.383271 0.535907 0.379298 0.542717 0.381908 0.532839 0.383271 0.535907 0.377101 0.541161 0.381908 0.532839 0.39266 0.535689 0.383271 0.535907 0.389658 0.531005 0.39266 0.535689 0.381908 0.532839 0.389658 0.531005 0.391231 0.5289101 0.39266 0.535689 0.389515 0.527061 0.391231 0.5289101 0.389658 0.531005 0.05042296 0.95399 0.08374798 0.989131 0.06522798 0.983654 0.05042296 0.95399 0.138454 0.963937 0.08374798 0.989131 0.06365996 0.884583 0.138454 0.963937 0.05042296 0.95399 0.06365996 0.884583 0.139559 0.925852 0.138454 0.963937 0.09979999 0.885935 0.139559 0.925852 0.06365996 0.884583 0.09979999 0.885935 0.119414 0.876354 0.139559 0.925852 0.076967 0.873516 0.119414 0.876354 0.09979999 0.885935 0.076967 0.873516 0.083368 0.854971 0.119414 0.876354 0.06115198 0.872077 0.083368 0.854971 0.076967 0.873516 0.06115198 0.872077 0.05887597 0.852459 0.083368 0.854971 0.03435796 0.87006 0.05887597 0.852459 0.06115198 0.872077 0.03435796 0.87006 0.03327399 0.849374 0.05887597 0.852459 0.005122005 0.868221 0.03327399 0.849374 0.03435796 0.87006 0.005122005 0.868221 0.005122005 0.847438 0.03327399 0.849374 0.03435796 0.87006 0.005122005 0.847438 0.005122005 0.868221 0.03435796 0.87006 0.03327399 0.849374 0.005122005 0.847438 0.06115198 0.872077 0.03327399 0.849374 0.03435796 0.87006 0.06115198 0.872077 0.05887597 0.852459 0.03327399 0.849374 0.083368 0.854971 0.05887597 0.852459 0.06115198 0.872077 0.083368 0.854971 0.05791497 0.843073 0.05887597 0.852459 0.08375197 0.837403 0.05791497 0.843073 0.083368 0.854971 0.08375197 0.837403 0.04564195 0.807821 0.05791497 0.843073 0.08669698 0.815228 0.04564195 0.807821 0.08375197 0.837403 0.08669698 0.815228 0.04882198 0.783438 0.04564195 0.807821 0.09500098 0.804309 0.04882198 0.783438 0.08669698 0.815228 0.09500098 0.804309 0.05410099 0.770249 0.04882198 0.783438 0.1016589 0.79606 0.05410099 0.770249 0.09500098 0.804309 0.1016589 0.79606 0.05909997 0.76564 0.05410099 0.770249 0.101844 0.795506 0.05909997 0.76564 0.1016589 0.79606 0.101844 0.795506 0.058627 0.767204 0.05909997 0.76564 0.2023739 0.978994 0.2093009 0.996773 0.194177 0.993371 0.2023739 0.978994 0.220721 0.98024 0.2093009 0.996773 0.204961 0.940589 0.220721 0.98024 0.2023739 0.978994 0.204961 0.940589 0.2241579 0.944288 0.220721 0.98024 0.1826699 0.876226 0.2241579 0.944288 0.204961 0.940589 0.1826699 0.876226 0.202054 0.879179 0.2241579 0.944288 0.149872 0.834745 0.202054 0.879179 0.1826699 0.876226 0.149872 0.834745 0.16715 0.835085 0.202054 0.879179 0.106019 0.810043 0.16715 0.835085 0.149872 0.834745 0.106019 0.810043 0.1237419 0.805914 0.16715 0.835085 0.09500098 0.804309 0.1237419 0.805914 0.106019 0.810043 0.09500098 0.804309 0.1016589 0.79606 0.1237419 0.805914 0.05410099 0.770249 0.1016589 0.79606 0.09500098 0.804309 0.05410099 0.770249 0.05909997 0.76564 0.1016589 0.79606 0.005122005 0.760922 0.05909997 0.76564 0.05410099 0.770249 0.005122005 0.760922 0.005122005 0.754577 0.05909997 0.76564 0.05410099 0.770249 0.005122005 0.754577 0.005122005 0.760922 0.05410099 0.770249 0.05909997 0.76564 0.005122005 0.754577 0.02270299 0.870638 0.005122005 0.864713 0.021241 0.868951 0.02270299 0.870638 0.005122005 0.866408 0.005122005 0.864713 0.025527 0.884907 0.005122005 0.866408 0.02270299 0.870638 0.025527 0.884907 0.005122005 0.881109 0.005122005 0.866408 0.005122005 0.919733 0.005122005 0.881109 0.025527 0.884907 0.005122005 0.919733 0.025527 0.884907 0.005122005 0.881109 0.05042296 0.95399 0.025527 0.884907 0.005122005 0.919733 0.05042296 0.95399 0.06365996 0.884583 0.025527 0.884907 0.138454 0.963937 0.06365996 0.884583 0.05042296 0.95399 0.138454 0.963937 0.139559 0.925852 0.06365996 0.884583 0.1722909 0.975209 0.139559 0.925852 0.138454 0.963937 0.1722909 0.975209 0.1749039 0.934674 0.139559 0.925852 0.2023739 0.978994 0.1749039 0.934674 0.1722909 0.975209 0.2023739 0.978994 0.204961 0.940589 0.1749039 0.934674 0.220721 0.98024 0.204961 0.940589 0.2023739 0.978994 0.220721 0.98024 0.2241579 0.944288 0.204961 0.940589 0.03520798 0.875482 0.06115198 0.872077 0.06347799 0.875867 0.03520798 0.875482 0.03435796 0.87006 0.06115198 0.872077 0.005122005 0.874797 0.03435796 0.87006 0.03520798 0.875482 0.005122005 0.874797 0.005122005 0.868221 0.03435796 0.87006 0.03520798 0.875482 0.005122005 0.868221 0.005122005 0.874797 0.03520798 0.875482 0.03435796 0.87006 0.005122005 0.868221 0.06347799 0.875867 0.03435796 0.87006 0.03520798 0.875482 0.06347799 0.875867 0.06115198 0.872077 0.03435796 0.87006 0.076967 0.873516 0.06115198 0.872077 0.06347799 0.875867 0.076967 0.873516 0.083368 0.854971 0.06115198 0.872077 0.119414 0.876354 0.083368 0.854971 0.076967 0.873516 0.119414 0.876354 0.08375197 0.837403 0.083368 0.854971 0.124732 0.83791 0.08375197 0.837403 0.119414 0.876354 0.124732 0.83791 0.08669698 0.815228 0.08375197 0.837403 0.149872 0.834745 0.08669698 0.815228 0.124732 0.83791 0.149872 0.834745 0.106019 0.810043 0.08669698 0.815228 0.16715 0.835085 0.106019 0.810043 0.149872 0.834745 0.16715 0.835085 0.1237419 0.805914 0.106019 0.810043 0.17531 0.836658 0.1237419 0.805914 0.16715 0.835085 0.17531 0.836658 0.131322 0.807936 0.1237419 0.805914 0.42071 0.668646 0.426103 0.668496 0.418506 0.675032 0.42071 0.668646 0.427881 0.658922 0.426103 0.668496 0.421581 0.659098 0.427881 0.658922 0.42071 0.668646 0.421581 0.659098 0.427351 0.648894 0.427881 0.658922 0.420583 0.649083 0.427351 0.648894 0.421581 0.659098 0.420583 0.649083 0.423926 0.640994 0.427351 0.648894 0.418132 0.641156 0.423926 0.640994 0.420583 0.649083 0.418132 0.641156 0.418708 0.635708 0.423926 0.640994 0.414472 0.635826 0.418708 0.635708 0.418132 0.641156 0.414472 0.635826 0.412197 0.633018 0.418708 0.635708 0.406893 0.633166 0.412197 0.633018 0.414472 0.635826 0.406893 0.633166 0.404888 0.6320551 0.412197 0.633018 0.406893 0.633166 0.404888 0.6320551 0.406893 0.633166 0.406893 0.633166 0.406893 0.633166 0.404888 0.6320551 0.408666 0.635988 0.406893 0.633166 0.406893 0.633166 0.408666 0.635988 0.408666 0.635988 0.406893 0.633166 0.410157 0.641379 0.408666 0.635988 0.408666 0.635988 0.410157 0.641379 0.410157 0.641379 0.408666 0.635988 0.411229 0.649345 0.410157 0.641379 0.410157 0.641379 0.411229 0.649345 0.411229 0.649345 0.410157 0.641379 0.411948 0.659368 0.411229 0.649345 0.411229 0.649345 0.411948 0.659368 0.411948 0.659368 0.411229 0.649345 0.411609 0.668901 0.411948 0.659368 0.411948 0.659368 0.411609 0.668901 0.411609 0.668901 0.411948 0.659368 0.411445 0.674898 0.411609 0.668901 0.411609 0.668901 0.411445 0.674898 0.411445 0.674898 0.411609 0.668901 0.406236 0.680272 0.411445 0.674898 0.411445 0.674898 0.406236 0.680272 0.411281 0.6808961 0.411445 0.674898 0.487175 0.633824 0.493078 0.639535 0.497337 0.639382 0.487175 0.633824 0.482695 0.633824 0.493078 0.639535 0.48112 0.630317 0.482695 0.633824 0.487175 0.633824 0.48112 0.630317 0.473931 0.630805 0.482695 0.633824 0.471354 0.627713 0.473931 0.630805 0.48112 0.630317 0.471354 0.627713 0.473931 0.630805 0.473931 0.630805 0.473931 0.630805 0.473931 0.630805 0.471354 0.627713 0.473931 0.630805 0.476063 0.633824 0.473931 0.630805 0.476063 0.633824 0.476063 0.633824 0.473931 0.630805 0.476063 0.633824 0.4779 0.639535 0.476063 0.633824 0.4779 0.639535 0.4779 0.639535 0.476063 0.633824 0.4779 0.639535 0.478698 0.647941 0.4779 0.639535 0.478698 0.647941 0.478698 0.647941 0.4779 0.639535 0.478698 0.647941 0.478088 0.658499 0.478698 0.647941 0.478088 0.658499 0.478088 0.658499 0.478698 0.647941 0.478088 0.658499 0.471684 0.66958 0.478088 0.658499 0.487363 0.668511 0.471684 0.66958 0.478088 0.658499 0.487363 0.668511 0.484986 0.678447 0.471684 0.66958 0.492298 0.675011 0.484986 0.678447 0.487363 0.668511 0.492298 0.675011 0.488989 0.681512 0.484986 0.678447 0.498224 0.675959 0.488989 0.681512 0.492298 0.675011 0.498224 0.675959 0.498047 0.683594 0.488989 0.681512 0.248489 0.651933 0.272174 0.648563 0.272831 0.66559 0.248489 0.651933 0.2497839 0.637262 0.272174 0.648563 0.2240449 0.602309 0.2497839 0.637262 0.248489 0.651933 0.2240449 0.602309 0.238034 0.6061061 0.2497839 0.637262 0.226749 0.575028 0.238034 0.6061061 0.2240449 0.602309 0.226749 0.575028 0.2398539 0.578391 0.238034 0.6061061 0.2348819 0.555546 0.2398539 0.578391 0.226749 0.575028 0.2348819 0.555546 0.2486929 0.558717 0.2398539 0.578391 0.249575 0.518975 0.2486929 0.558717 0.2348819 0.555546 0.249575 0.518975 0.263498 0.538923 0.2486929 0.558717 0.270074 0.507713 0.263498 0.538923 0.249575 0.518975 0.270074 0.507713 0.289503 0.53673 0.263498 0.538923 0.294212 0.512308 0.289503 0.53673 0.270074 0.507713 0.294212 0.512308 0.311628 0.547653 0.289503 0.53673 0.326558 0.530416 0.311628 0.547653 0.294212 0.512308 0.326558 0.530416 0.326233 0.571422 0.311628 0.547653 0.349975 0.572491 0.326233 0.571422 0.326558 0.530416 0.349975 0.572491 0.329314 0.601494 0.326233 0.571422 0.352926 0.608013 0.329314 0.601494 0.349975 0.572491 0.352926 0.608013 0.320147 0.627265 0.329314 0.601494 0.339761 0.639764 0.320147 0.627265 0.352926 0.608013 0.339761 0.639764 0.298866 0.647818 0.320147 0.627265 0.314148 0.663388 0.298866 0.647818 0.339761 0.639764 0.314148 0.663388 0.272174 0.648563 0.298866 0.647818 0.272831 0.66559 0.272174 0.648563 0.314148 0.663388 0.290348 0.51065 0.294212 0.512308 0.270074 0.507713 0.290348 0.51065 0.326558 0.530416 0.294212 0.512308 0.329427 0.52832 0.326558 0.530416 0.290348 0.51065 0.329427 0.52832 0.349975 0.572491 0.326558 0.530416 0.354167 0.572917 0.349975 0.572491 0.329427 0.52832 0.354167 0.572917 0.352926 0.608013 0.349975 0.572491 0.360352 0.612305 0.352926 0.608013 0.354167 0.572917 0.360352 0.612305 0.339761 0.639764 0.352926 0.608013 0.347656 0.643555 0.339761 0.639764 0.360352 0.612305 0.347656 0.643555 0.314148 0.663388 0.339761 0.639764 0.318034 0.666341 0.314148 0.663388 0.347656 0.643555 0.318034 0.666341 0.272831 0.66559 0.314148 0.663388 0.27752 0.667311 0.272831 0.66559 0.318034 0.666341 0.27752 0.667311 0.248489 0.651933 0.272831 0.66559 0.2498329 0.654397 0.248489 0.651933 0.27752 0.667311 0.2498329 0.654397 0.2240449 0.602309 0.248489 0.651933 0.40603 0.715889 0.384055 0.729862 0.393856 0.718658 0.40603 0.715889 0.396238 0.72505 0.384055 0.729862 0.41386 0.713541 0.396238 0.72505 0.40603 0.715889 0.41386 0.713541 0.411736 0.721974 0.396238 0.72505 0.429181 0.713638 0.411736 0.721974 0.41386 0.713541 0.429181 0.713638 0.43565 0.7205891 0.411736 0.721974 0.436285 0.713628 0.43565 0.7205891 0.429181 0.713638 0.436285 0.713628 0.429181 0.713638 0.43565 0.7205891 0.43565 0.703017 0.429181 0.713638 0.436285 0.713628 0.43565 0.703017 0.426325 0.705554 0.429181 0.713638 0.426917 0.698436 0.426325 0.705554 0.43565 0.703017 0.426917 0.698436 0.418203 0.699764 0.426325 0.705554 0.419276 0.696155 0.418203 0.699764 0.426917 0.698436 0.419276 0.696155 0.412103 0.6988011 0.418203 0.699764 0.421983 0.689242 0.412103 0.6988011 0.419276 0.696155 0.421983 0.689242 0.406735 0.697502 0.412103 0.6988011 0.408353 0.692484 0.406735 0.697502 0.421983 0.689242 0.408353 0.692484 0.400847 0.695043 0.406735 0.697502 0.389698 0.711514 0.38476 0.72338 0.387503 0.715574 0.389698 0.711514 0.393856 0.718658 0.38476 0.72338 0.39095 0.713378 0.393856 0.718658 0.389698 0.711514 0.39095 0.713378 0.396886 0.711635 0.393856 0.718658 0.393918 0.705652 0.396886 0.711635 0.39095 0.713378 0.393918 0.705652 0.403612 0.709931 0.396886 0.711635 0.400074 0.699305 0.403612 0.709931 0.393918 0.705652 0.400074 0.699305 0.409224 0.708883 0.403612 0.709931 0.406735 0.697502 0.409224 0.708883 0.400074 0.699305 0.406735 0.697502 0.412103 0.6988011 0.409224 0.708883 0.421983 0.689242 0.412103 0.6988011 0.406735 0.697502 0.421983 0.689242 0.419276 0.696155 0.412103 0.6988011 0.430904 0.688534 0.419276 0.696155 0.421983 0.689242 0.430904 0.688534 0.426917 0.698436 0.419276 0.696155 0.43565 0.696194 0.426917 0.698436 0.430904 0.688534 0.43565 0.696194 0.43565 0.703017 0.426917 0.698436 0.426917 0.698436 0.43565 0.703017 0.43565 0.696194 0.384055 0.729862 0.381135 0.7320351 0.393856 0.718658 0.384055 0.729862 0.380962 0.747933 0.381135 0.7320351 0.396238 0.72505 0.380962 0.747933 0.384055 0.729862 0.396238 0.72505 0.392978 0.747911 0.380962 0.747933 0.411736 0.721974 0.392978 0.747911 0.396238 0.72505 0.411736 0.721974 0.412283 0.7479071 0.392978 0.747911 0.43565 0.7205891 0.412283 0.7479071 0.411736 0.721974 0.43565 0.7205891 0.43565 0.747906 0.412283 0.7479071 0.411736 0.721974 0.43565 0.747906 0.43565 0.7205891 0.411736 0.721974 0.412283 0.7479071 0.43565 0.747906 0.396238 0.72505 0.412283 0.7479071 0.411736 0.721974 0.396238 0.72505 0.392978 0.747911 0.412283 0.7479071 0.384055 0.729862 0.392978 0.747911 0.396238 0.72505 0.384055 0.729862 0.380962 0.747933 0.392978 0.747911 0.381135 0.7320351 0.380962 0.747933 0.384055 0.729862 0.381135 0.7320351 0.378036 0.742942 0.380962 0.747933 0.08051496 0.62999 0.08051496 0.652746 0.114 0.652746 0.08051496 0.62999 0.051813 0.652746 0.08051496 0.652746 0.051813 0.62999 0.051813 0.652746 0.08051496 0.62999 0.051813 0.62999 0.024706 0.652746 0.051813 0.652746 0.024706 0.62999 0.024706 0.652746 0.051813 0.62999 0.024706 0.62999 0.008760988 0.652746 0.024706 0.652746 0.008760988 0.62999 0.008760988 0.652746 0.024706 0.62999 0.008760988 0.62999 0.008760988 0.652746 0.008760988 0.652746 0.008760988 0.62999 0.008760988 0.652746 0.008760988 0.62999 0.008760988 0.62999 0.024706 0.652746 0.008760988 0.652746 0.024706 0.62999 0.024706 0.652746 0.008760988 0.62999 0.024706 0.62999 0.051813 0.652746 0.024706 0.652746 0.051813 0.62999 0.051813 0.652746 0.024706 0.62999 0.051813 0.62999 0.08051496 0.652746 0.051813 0.652746 0.08051496 0.62999 0.08051496 0.652746 0.051813 0.62999 0.08051496 0.62999 0.114 0.652746 0.08051496 0.652746 0.145376 0.684914 0.112824 0.670775 0.113681 0.686363 0.145376 0.684914 0.141947 0.667563 0.112824 0.670775 0.17382 0.683043 0.141947 0.667563 0.145376 0.684914 0.17382 0.683043 0.171943 0.6680271 0.141947 0.667563 0.184156 0.682789 0.171943 0.6680271 0.17382 0.683043 0.184156 0.682789 0.181777 0.666932 0.171943 0.6680271 0.1738259 0.683043 0.181777 0.666932 0.184156 0.682789 0.1738259 0.683043 0.1719459 0.6680271 0.181777 0.666932 0.1453679 0.684914 0.1719459 0.6680271 0.1738259 0.683043 0.1453679 0.684914 0.141951 0.668915 0.1719459 0.6680271 0.113653 0.686365 0.141951 0.668915 0.1453679 0.684914 0.113653 0.686365 0.112827 0.672127 0.141951 0.668915 0.07857096 0.693208 0.112827 0.672127 0.113653 0.686365 0.07857096 0.693208 0.07865297 0.672011 0.112827 0.672127 0.04483699 0.698333 0.07865297 0.672011 0.07857096 0.693208 0.04483699 0.698333 0.04572796 0.67258 0.07865297 0.672011 0.01679599 0.702202 0.04572796 0.67258 0.04483699 0.698333 0.01679599 0.702202 0.01732599 0.674056 0.04572796 0.67258 0.003445982 0.704086 0.01732599 0.674056 0.01679599 0.702202 0.003445982 0.704086 0.003098011 0.676215 0.01732599 0.674056 0.003445982 0.704086 0.003098011 0.676215 0.003445982 0.704086 0.003445982 0.704086 0.003098011 0.676215 0.003098011 0.676215 0.01679301 0.702202 0.003098011 0.676215 0.003445982 0.704086 0.01679301 0.702202 0.017322 0.674056 0.003098011 0.676215 0.04807001 0.69787 0.017322 0.674056 0.01679301 0.702202 0.04807001 0.69787 0.04891598 0.672416 0.017322 0.674056 0.07857596 0.693207 0.04891598 0.672416 0.04807001 0.69787 0.07857596 0.693207 0.07864797 0.672011 0.04891598 0.672416 0.113681 0.686363 0.07864797 0.672011 0.07857596 0.693207 0.113681 0.686363 0.112824 0.670775 0.07864797 0.672011 0.04572796 0.67258 0.081034 0.6564 0.07865297 0.672011 0.04572796 0.67258 0.053577 0.6564 0.081034 0.6564 0.01732599 0.674056 0.053577 0.6564 0.04572796 0.67258 0.01732599 0.674056 0.027646 0.6564 0.053577 0.6564 0.003098011 0.676215 0.027646 0.6564 0.01732599 0.674056 0.003098011 0.676215 0.01239198 0.6564 0.027646 0.6564 0.003098011 0.676215 0.01239198 0.6564 0.003098011 0.676215 0.003098011 0.676215 0.01239198 0.6564 0.01239198 0.6564 0.017322 0.674056 0.01239198 0.6564 0.003098011 0.676215 0.017322 0.674056 0.027646 0.6564 0.01239198 0.6564 0.04891598 0.672416 0.027646 0.6564 0.017322 0.674056 0.04891598 0.672416 0.053577 0.6564 0.027646 0.6564 0.07864797 0.672011 0.053577 0.6564 0.04891598 0.672416 0.07864797 0.672011 0.081034 0.6564 0.053577 0.6564 0.112824 0.670775 0.081034 0.6564 0.07864797 0.672011 0.112824 0.670775 0.113067 0.6564 0.081034 0.6564 0.141947 0.667563 0.113067 0.6564 0.112824 0.670775 0.141947 0.667563 0.1374729 0.6564 0.113067 0.6564 0.171943 0.6680271 0.1374729 0.6564 0.141947 0.667563 0.171943 0.6680271 0.1634039 0.6564 0.1374729 0.6564 0.181777 0.666932 0.1634039 0.6564 0.171943 0.6680271 0.181777 0.666932 0.175607 0.6564 0.1634039 0.6564 0.1719459 0.6680271 0.175607 0.6564 0.181777 0.666932 0.1719459 0.6680271 0.1634039 0.6564 0.175607 0.6564 0.141951 0.668915 0.1634039 0.6564 0.1719459 0.6680271 0.141951 0.668915 0.1374729 0.6564 0.1634039 0.6564 0.112827 0.672127 0.1374729 0.6564 0.141951 0.668915 0.112827 0.672127 0.113067 0.6564 0.1374729 0.6564 0.07865297 0.672011 0.113067 0.6564 0.112827 0.672127 0.07865297 0.672011 0.081034 0.6564 0.113067 0.6564 0.115463 0.704243 0.07857596 0.693207 0.08223396 0.713643 0.115463 0.704243 0.113681 0.686363 0.07857596 0.693207 0.1462309 0.7008931 0.113681 0.686363 0.115463 0.704243 0.1462309 0.7008931 0.145376 0.684914 0.113681 0.686363 0.171777 0.6982 0.145376 0.684914 0.1462309 0.7008931 0.171777 0.6982 0.17382 0.683043 0.145376 0.684914 0.1810989 0.697783 0.17382 0.683043 0.171777 0.6982 0.1810989 0.697783 0.184156 0.682789 0.17382 0.683043 0.171787 0.6982 0.184156 0.682789 0.1810989 0.697783 0.171787 0.6982 0.1738259 0.683043 0.184156 0.682789 0.146173 0.700895 0.1738259 0.683043 0.171787 0.6982 0.146173 0.700895 0.1453679 0.684914 0.1738259 0.683043 0.115336 0.704256 0.1453679 0.684914 0.146173 0.700895 0.115336 0.704256 0.113653 0.686365 0.1453679 0.684914 0.08219099 0.71365 0.113653 0.686365 0.115336 0.704256 0.08219099 0.71365 0.07857096 0.693208 0.113653 0.686365 0.05386996 0.721488 0.07857096 0.693208 0.08219099 0.71365 0.05386996 0.721488 0.04483699 0.698333 0.07857096 0.693208 0.02772897 0.727587 0.04483699 0.698333 0.05386996 0.721488 0.02772897 0.727587 0.01679599 0.702202 0.04483699 0.698333 0.01395195 0.729138 0.01679599 0.702202 0.02772897 0.727587 0.01395195 0.729138 0.003445982 0.704086 0.01679599 0.702202 0.01395195 0.729138 0.003445982 0.704086 0.01395195 0.729138 0.01395195 0.729138 0.003445982 0.704086 0.003445982 0.704086 0.02772599 0.727587 0.003445982 0.704086 0.01395195 0.729138 0.02772599 0.727587 0.01679301 0.702202 0.003445982 0.704086 0.05386501 0.721489 0.01679301 0.702202 0.02772599 0.727587 0.05386501 0.721489 0.04807001 0.69787 0.01679301 0.702202 0.08223396 0.713643 0.04807001 0.69787 0.05386501 0.721489 0.08223396 0.713643 0.07857596 0.693207 0.04807001 0.69787 0.1743199 0.710713 0.171787 0.6982 0.1810989 0.697783 0.1743199 0.710713 0.166854 0.711303 0.171787 0.6982 0.1587229 0.720134 0.166854 0.711303 0.1743199 0.710713 0.1587229 0.720134 0.118777 0.718569 0.166854 0.711303 0.126002 0.724692 0.118777 0.718569 0.1587229 0.720134 0.126002 0.724692 0.072236 0.734625 0.118777 0.718569 0.093634 0.737763 0.072236 0.734625 0.126002 0.724692 0.093634 0.737763 0.07180297 0.745745 0.072236 0.734625 0.09365499 0.7377581 0.07180297 0.745745 0.093634 0.737763 0.09365499 0.7377581 0.07227498 0.7346161 0.07180297 0.745745 0.1261119 0.724678 0.07227498 0.7346161 0.09365499 0.7377581 0.1261119 0.724678 0.118991 0.71854 0.07227498 0.7346161 0.158764 0.720133 0.118991 0.71854 0.1261119 0.724678 0.158764 0.720133 0.1668649 0.711303 0.118991 0.71854 0.1743199 0.710713 0.1668649 0.711303 0.158764 0.720133 0.1743199 0.710713 0.171777 0.6982 0.1668649 0.711303 0.1810989 0.697783 0.171777 0.6982 0.1743199 0.710713 0.07081896 0.267213 0.10196 0.25356 0.1034579 0.258895 0.07081896 0.267213 0.06664496 0.262108 0.10196 0.25356 0.03193801 0.302881 0.06664496 0.262108 0.07081896 0.267213 0.03193801 0.302881 0.01772397 0.300511 0.06664496 0.262108 0.01923799 0.328329 0.01772397 0.300511 0.03193801 0.302881 0.01923799 0.328329 0.003000974 0.329153 0.01772397 0.300511 0.016927 0.361677 0.003000974 0.329153 0.01923799 0.328329 0.016927 0.361677 4.90993e-4 0.3668 0.003000974 0.329153 0.024019 0.395968 4.90993e-4 0.3668 0.016927 0.361677 0.024019 0.395968 0.008733987 0.404549 4.90993e-4 0.3668 0.04008096 0.424843 0.008733987 0.404549 0.024019 0.395968 0.04008096 0.424843 0.02987098 0.438204 0.008733987 0.404549 0.05942696 0.458689 0.02987098 0.438204 0.04008096 0.424843 0.05942696 0.458689 0.05454599 0.464749 0.02987098 0.438204 0.091614 0.479491 0.05454599 0.464749 0.05942696 0.458689 0.091614 0.479491 0.08789199 0.487033 0.05454599 0.464749 0.1208199 0.484253 0.08789199 0.487033 0.091614 0.479491 0.1208199 0.484253 0.1207439 0.492361 0.08789199 0.487033 0.091614 0.479491 0.1207439 0.492361 0.1208199 0.484253 0.091614 0.479491 0.08789199 0.487033 0.1207439 0.492361 0.05942696 0.458689 0.08789199 0.487033 0.091614 0.479491 0.05942696 0.458689 0.05454599 0.464749 0.08789199 0.487033 0.04008096 0.424843 0.05454599 0.464749 0.05942696 0.458689 0.04008096 0.424843 0.02987098 0.438204 0.05454599 0.464749 0.024019 0.395968 0.02987098 0.438204 0.04008096 0.424843 0.024019 0.395968 0.008733987 0.404549 0.02987098 0.438204 0.016927 0.361677 0.008733987 0.404549 0.024019 0.395968 0.016927 0.361677 4.90993e-4 0.3668 0.008733987 0.404549 0.01923799 0.328329 4.90993e-4 0.3668 0.016927 0.361677 0.01923799 0.328329 0.003000974 0.329153 4.90993e-4 0.3668 0.03193801 0.302881 0.003000974 0.329153 0.01923799 0.328329 0.03193801 0.302881 0.01772397 0.300511 0.003000974 0.329153 0.07081896 0.267213 0.01772397 0.300511 0.03193801 0.302881 0.07081896 0.267213 0.06664496 0.262108 0.01772397 0.300511 0.1034579 0.258895 0.06664496 0.262108 0.07081896 0.267213 0.1034579 0.258895 0.10196 0.25356 0.06664496 0.262108 0.121554 0.258936 0.10196 0.25356 0.1034579 0.258895 0.121554 0.258936 0.121541 0.253604 0.10196 0.25356 0.1034579 0.258895 0.121541 0.253604 0.121554 0.258936 0.1034579 0.258895 0.10196 0.25356 0.121541 0.253604 0.1034579 0.258895 0.077524 0.274799 0.07081896 0.267213 0.1034579 0.258895 0.105849 0.267492 0.077524 0.274799 0.121554 0.258936 0.105849 0.267492 0.1034579 0.258895 0.121554 0.258936 0.121551 0.267527 0.105849 0.267492 0.1034579 0.258895 0.121551 0.267527 0.121554 0.258936 0.1034579 0.258895 0.105849 0.267492 0.121551 0.267527 0.07081896 0.267213 0.105849 0.267492 0.1034579 0.258895 0.07081896 0.267213 0.077524 0.274799 0.105849 0.267492 0.03193801 0.302881 0.077524 0.274799 0.07081896 0.267213 0.03193801 0.302881 0.08642101 0.284844 0.077524 0.274799 0.05512398 0.305485 0.08642101 0.284844 0.03193801 0.302881 0.05512398 0.305485 0.09706401 0.294354 0.08642101 0.284844 0.07529097 0.306913 0.09706401 0.294354 0.05512398 0.305485 0.07529097 0.306913 0.108933 0.301351 0.09706401 0.294354 0.09776699 0.307857 0.108933 0.301351 0.07529097 0.306913 0.09776699 0.307857 0.121423 0.308213 0.108933 0.301351 0.09286999 0.323756 0.121423 0.308213 0.09776699 0.307857 0.09286999 0.323756 0.1136659 0.351869 0.121423 0.308213 0.078381 0.373076 0.1136659 0.351869 0.09286999 0.323756 0.078381 0.373076 0.106163 0.392414 0.1136659 0.351869 0.07563596 0.419143 0.106163 0.392414 0.078381 0.373076 0.07563596 0.419143 0.09984898 0.432117 0.106163 0.392414 0.06669998 0.443726 0.09984898 0.432117 0.07563596 0.419143 0.06669998 0.443726 0.09592896 0.459906 0.09984898 0.432117 0.05942696 0.458689 0.09592896 0.459906 0.06669998 0.443726 0.05942696 0.458689 0.091614 0.479491 0.09592896 0.459906 0.106163 0.392414 0.121304 0.351886 0.121182 0.392448 0.106163 0.392414 0.1136659 0.351869 0.121304 0.351886 0.078381 0.373076 0.1136659 0.351869 0.106163 0.392414 0.078381 0.373076 0.09286999 0.323756 0.1136659 0.351869 0.06574201 0.337883 0.09286999 0.323756 0.078381 0.373076 0.06574201 0.337883 0.09776699 0.307857 0.09286999 0.323756 0.07529097 0.306913 0.09776699 0.307857 0.06574201 0.337883 0.07529097 0.306913 0.108933 0.301351 0.09776699 0.307857 0.09706401 0.294354 0.108933 0.301351 0.07529097 0.306913 0.09706401 0.294354 0.116995 0.299774 0.108933 0.301351 0.112784 0.291302 0.116995 0.299774 0.09706401 0.294354 0.112784 0.291302 0.121464 0.299784 0.116995 0.299774 0.1214979 0.291321 0.121464 0.299784 0.112784 0.291302 0.1214979 0.291321 0.116995 0.299774 0.121464 0.299784 0.112784 0.291302 0.116995 0.299774 0.1214979 0.291321 0.112784 0.291302 0.108933 0.301351 0.116995 0.299774 0.09706401 0.294354 0.108933 0.301351 0.112784 0.291302 0.04008096 0.424843 0.07563596 0.419143 0.06669998 0.443726 0.04008096 0.424843 0.05830401 0.400016 0.07563596 0.419143 0.024019 0.395968 0.05830401 0.400016 0.04008096 0.424843 0.024019 0.395968 0.04726296 0.375965 0.05830401 0.400016 0.016927 0.361677 0.04726296 0.375965 0.024019 0.395968 0.016927 0.361677 0.04251998 0.349923 0.04726296 0.375965 0.01923799 0.328329 0.04251998 0.349923 0.016927 0.361677 0.01923799 0.328329 0.045717 0.324769 0.04251998 0.349923 0.03193801 0.302881 0.045717 0.324769 0.01923799 0.328329 0.03193801 0.302881 0.05512398 0.305485 0.045717 0.324769 0.077524 0.274799 0.05512398 0.305485 0.03193801 0.302881 0.077524 0.274799 0.08642101 0.284844 0.05512398 0.305485 0.105849 0.267492 0.08642101 0.284844 0.077524 0.274799 0.105849 0.267492 0.109008 0.27969 0.08642101 0.284844 0.121551 0.267527 0.109008 0.27969 0.105849 0.267492 0.121551 0.267527 0.1215299 0.279719 0.109008 0.27969 0.105849 0.267492 0.1215299 0.279719 0.121551 0.267527 0.105849 0.267492 0.109008 0.27969 0.1215299 0.279719 0.077524 0.274799 0.109008 0.27969 0.105849 0.267492 0.077524 0.274799 0.08642101 0.284844 0.109008 0.27969 0.09557497 0.610722 0.113673 0.601635 0.1161929 0.625755 0.09557497 0.610722 0.09829396 0.561651 0.113673 0.601635 0.06771796 0.593053 0.09829396 0.561651 0.09557497 0.610722 0.06771796 0.593053 0.07172197 0.528685 0.09829396 0.561651 0.03900498 0.582902 0.07172197 0.528685 0.06771796 0.593053 0.03900498 0.582902 0.03870695 0.509761 0.07172197 0.528685 0.002061009 0.575815 0.03870695 0.509761 0.03900498 0.582902 0.002061009 0.575815 0.002061009 0.502558 0.03870695 0.509761 0.03900498 0.582902 0.002061009 0.502558 0.002061009 0.575815 0.03900498 0.582902 0.03870695 0.509761 0.002061009 0.502558 0.06771796 0.593053 0.03870695 0.509761 0.03900498 0.582902 0.06771796 0.593053 0.07172197 0.528685 0.03870695 0.509761 0.09557497 0.610722 0.07172197 0.528685 0.06771796 0.593053 0.09557497 0.610722 0.09829396 0.561651 0.07172197 0.528685 0.1161929 0.625755 0.09829396 0.561651 0.09557497 0.610722 0.1161929 0.625755 0.113673 0.601635 0.09829396 0.561651 0.707099 0.97632 0.695397 0.975119 0.726526 0.989371 0.707099 0.97632 0.695443 0.96849 0.695397 0.975119 0.71375 0.975297 0.695443 0.96849 0.707099 0.97632 0.71375 0.975297 0.696861 0.951614 0.695443 0.96849 0.719243 0.955108 0.696861 0.951614 0.71375 0.975297 0.719243 0.955108 0.696861 0.927856 0.696861 0.951614 0.719243 0.903973 0.696861 0.927856 0.719243 0.955108 0.719243 0.903973 0.696861 0.904099 0.696861 0.927856 0.714924 0.893548 0.696861 0.904099 0.719243 0.903973 0.714924 0.893548 0.711764 0.885467 0.696861 0.904099 0.732987 0.882998 0.711764 0.885467 0.714924 0.893548 0.732987 0.882998 0.726667 0.866836 0.711764 0.885467 0.776431 0.865264 0.726667 0.866836 0.732987 0.882998 0.776431 0.865264 0.766456 0.848237 0.726667 0.866836 0.800431 0.846123 0.766456 0.848237 0.776431 0.865264 0.800431 0.846123 0.764306 0.84063 0.766456 0.848237 0.799609 0.833789 0.764306 0.84063 0.800431 0.846123 0.799609 0.833789 0.764323 0.837706 0.764306 0.84063 0.799609 0.831445 0.764323 0.837706 0.799609 0.833789 0.647403 0.8775931 0.632724 0.863183 0.664521 0.868353 0.647403 0.8775931 0.631395 0.877614 0.632724 0.863183 0.635291 0.893526 0.631395 0.877614 0.647403 0.8775931 0.635291 0.893526 0.601446 0.87915 0.631395 0.877614 0.604912 0.908823 0.601446 0.87915 0.635291 0.893526 0.604912 0.908823 0.562667 0.88789 0.601446 0.87915 0.56259 0.927655 0.562667 0.88789 0.604912 0.908823 0.56259 0.927655 0.52812 0.927655 0.562667 0.88789 0.557863 0.969684 0.52812 0.927655 0.56259 0.927655 0.557863 0.969684 0.52812 0.951784 0.52812 0.927655 0.55345 0.982749 0.52812 0.951784 0.557863 0.969684 0.55345 0.982749 0.52812 0.969447 0.52812 0.951784 0.52812 0.975912 0.52812 0.969447 0.55345 0.982749 0.52812 0.975912 0.517695 0.979609 0.52812 0.969447 0.517695 0.987646 0.517695 0.979609 0.52812 0.975912 0.517695 0.987646 0.506344 0.979609 0.517695 0.979609 0.506344 0.987646 0.506344 0.979609 0.517695 0.987646 0.296875 0.724609 0.296875 0.724609 0.296875 0.724609 0.296875 0.724609 0.296875 0.724609 0.296875 0.724609 0.296875 0.724609 0.296875 0.724609 0.296875 0.724609 0.296875 0.724609 0.296875 0.724609 0.296875 0.724609 0.296875 0.724609 0.296875 0.724609 0.296875 0.724609 0.296875 0.724609 0.296875 0.724609 0.296875 0.724609 0.296875 0.724609 0.296875 0.724609 0.296875 0.724609 0.296875 0.724609 0.296875 0.724609 0.296875 0.724609 0.296875 0.724609 0.296875 0.724609 0.296875 0.724609 0.296875 0.724609 0.296875 0.724609 0.296875 0.724609 0.296875 0.724609 0.296875 0.724609 0.296875 0.724609 0.296875 0.724609 0.296875 0.724609 0.296875 0.724609 0.296875 0.724609 0.296875 0.724609 0.296875 0.724609 0.296875 0.724609 0.296875 0.724609 0.296875 0.724609 0.296875 0.724609 0.296875 0.724609 0.296875 0.724609 0.296875 0.724609 0.296875 0.724609 0.296875 0.724609 0.296875 0.724609 0.296875 0.724609 0.296875 0.724609 0.296875 0.724609 0.296875 0.724609 0.296875 0.724609 0.296875 0.724609 0.296875 0.724609 0.296875 0.724609 0.296875 0.724609 0.296875 0.724609 0.296875 0.724609 0.296875 0.724609 0.296875 0.724609 0.296875 0.724609 0.296875 0.724609 0.296875 0.724609 0.296875 0.724609 0.296875 0.724609 0.296875 0.724609 0.296875 0.724609 0.296875 0.724609 0.296875 0.724609 0.296875 0.724609 0.296875 0.724609 0.296875 0.724609 0.296875 0.724609 0.296875 0.724609 0.296875 0.724609 0.296875 0.724609 0.296875 0.724609 0.296875 0.724609 0.296875 0.724609 0.296875 0.724609 0.296875 0.724609 0.296875 0.724609 0.296875 0.724609 0.296875 0.724609 0.296875 0.724609 0.296875 0.724609 0.296875 0.724609 0.296875 0.724609 0.296875 0.724609 0.296875 0.724609 0.296875 0.724609 0.296875 0.724609 0.296875 0.724609 0.296875 0.724609 0.296875 0.724609 0.296875 0.724609 0.296875 0.724609 0.296875 0.724609 0.296875 0.724609 0.296875 0.724609 0.296875 0.724609 0.296875 0.724609 0.296875 0.724609 0.296875 0.724609 0.296875 0.724609 0.296875 0.724609 0.296875 0.724609 0.296875 0.724609 0.296875 0.724609 0.296875 0.724609 0.296875 0.724609 0.296875 0.724609 0.296875 0.724609 0.296875 0.724609 0.296875 0.724609 0.296875 0.724609 0.296875 0.724609 0.296875 0.724609 0.97324 0.947702 0.957088 0.986496 0.949055 0.972329 0.97324 0.947702 0.987153 0.955881 0.957088 0.986496 0.982092 0.914061 0.987153 0.955881 0.97324 0.947702 0.982092 0.914061 0.998158 0.914063 0.987153 0.955881 0.973239 0.880421 0.998158 0.914063 0.982092 0.914061 0.973239 0.880421 0.987152 0.872241 0.998158 0.914063 0.949053 0.855795 0.987152 0.872241 0.973239 0.880421 0.949053 0.855795 0.957086 0.841628 0.987152 0.872241 0.916015 0.846782 0.957086 0.841628 0.949053 0.855795 0.916015 0.846782 0.916016 0.830423 0.957086 0.841628 0.882977 0.855796 0.916016 0.830423 0.916015 0.846782 0.882977 0.855796 0.874944 0.841629 0.916016 0.830423 0.858791 0.880423 0.874944 0.841629 0.882977 0.855796 0.858791 0.880423 0.844878 0.872244 0.874944 0.841629 0.849939 0.914064 0.844878 0.872244 0.858791 0.880423 0.849939 0.914064 0.833874 0.914064 0.844878 0.872244 0.858792 0.947704 0.833874 0.914064 0.849939 0.914064 0.858792 0.947704 0.844879 0.955884 0.833874 0.914064 0.882978 0.972331 0.844879 0.955884 0.858792 0.947704 0.882978 0.972331 0.874946 0.986498 0.844879 0.955884 0.916017 0.981344 0.874946 0.986498 0.882978 0.972331 0.916017 0.981344 0.916016 0.997703 0.874946 0.986498 0.949055 0.972329 0.916016 0.997703 0.916017 0.981344 0.949055 0.972329 0.957088 0.986496 0.916016 0.997703 0.643794 0.230277 0.597337 0.264594 0.643794 0.264594 0.643794 0.230277 0.597337 0.230277 0.597337 0.264594 0.643794 0.1855409 0.597337 0.230277 0.643794 0.230277 0.643794 0.1855409 0.597337 0.179291 0.597337 0.230277 0.643794 0.07053697 0.597337 0.179291 0.643794 0.1855409 0.643794 0.07053697 0.597337 0.071419 0.597337 0.179291 0.643794 0.055803 0.597337 0.071419 0.643794 0.07053697 0.643794 0.055803 0.597337 0.055803 0.597337 0.071419 0.550879 0.055803 0.597337 0.055803 0.643794 0.055803 0.550879 0.055803 0.597337 0.071419 0.597337 0.055803 0.550879 0.07057899 0.597337 0.071419 0.550879 0.055803 0.550879 0.07057899 0.597337 0.179291 0.597337 0.071419 0.550879 0.1855409 0.597337 0.179291 0.550879 0.07057899 0.550879 0.1855409 0.597337 0.230277 0.597337 0.179291 0.550879 0.230277 0.597337 0.230277 0.550879 0.1855409 0.550879 0.230277 0.597337 0.264594 0.597337 0.230277 0.550879 0.264594 0.597337 0.264594 0.550879 0.230277 0.550879 0.264594 0.597337 0.298912 0.597337 0.264594 0.550879 0.298912 0.597337 0.298912 0.550879 0.264594 0.550879 0.298912 0.597337 0.455193 0.597337 0.298912 0.550879 0.460031 0.597337 0.455193 0.550879 0.298912 0.550879 0.460031 0.597337 0.464408 0.597337 0.455193 0.550879 0.47201 0.597337 0.464408 0.550879 0.460031 0.550879 0.47201 0.597337 0.471172 0.597337 0.464408 0.550879 0.48138 0.597337 0.471172 0.550879 0.47201 0.891569 0.230277 0.845112 0.264594 0.891569 0.264594 0.891569 0.230277 0.845112 0.230277 0.845112 0.264594 0.891569 0.07720202 0.845112 0.230277 0.891569 0.230277 0.891569 0.07720202 0.845112 0.07978498 0.845112 0.230277 0.891569 0.06104499 0.845112 0.07978498 0.891569 0.07720202 0.891569 0.06104499 0.845112 0.05956697 0.845112 0.07978498 0.891569 0.055803 0.845112 0.05956697 0.891569 0.06104499 0.891569 0.055803 0.845112 0.055803 0.845112 0.05956697 0.798654 0.055803 0.845112 0.055803 0.891569 0.055803 0.798654 0.055803 0.845112 0.05956697 0.845112 0.055803 0.798654 0.060413 0.845112 0.05956697 0.798654 0.055803 0.798654 0.060413 0.845112 0.07978498 0.845112 0.05956697 0.798654 0.07611298 0.845112 0.07978498 0.798654 0.060413 0.798654 0.07611298 0.845112 0.230277 0.845112 0.07978498 0.798654 0.230277 0.845112 0.230277 0.798654 0.07611298 0.798654 0.230277 0.845112 0.264594 0.845112 0.230277 0.798654 0.264594 0.845112 0.264594 0.798654 0.230277 0.798654 0.264594 0.845112 0.298912 0.845112 0.264594 0.798654 0.298912 0.845112 0.298912 0.798654 0.264594 0.798654 0.298912 0.845112 0.446324 0.845112 0.298912 0.798654 0.439067 0.845112 0.446324 0.798654 0.298912 0.798654 0.439067 0.845112 0.452371 0.845112 0.446324 0.798654 0.444232 0.845112 0.452371 0.798654 0.439067 0.798654 0.444232 0.845112 0.45645 0.845112 0.452371 0.504421 0.06973999 0.550879 0.055803 0.504421 0.055803 0.504421 0.06973999 0.550879 0.07057899 0.550879 0.055803 0.504421 0.1959589 0.550879 0.07057899 0.504421 0.06973999 0.504421 0.1959589 0.550879 0.1855409 0.550879 0.07057899 0.504421 0.230277 0.550879 0.1855409 0.504421 0.1959589 0.504421 0.230277 0.550879 0.230277 0.550879 0.1855409 0.504421 0.264594 0.550879 0.230277 0.504421 0.230277 0.504421 0.264594 0.550879 0.264594 0.550879 0.230277 0.504421 0.298912 0.550879 0.264594 0.504421 0.264594 0.504421 0.298912 0.550879 0.298912 0.550879 0.264594 0.504421 0.468093 0.550879 0.298912 0.504421 0.298912 0.504421 0.468093 0.550879 0.460031 0.550879 0.298912 0.504421 0.484679 0.550879 0.460031 0.504421 0.468093 0.504421 0.484679 0.550879 0.47201 0.550879 0.460031 0.504421 0.497484 0.550879 0.47201 0.504421 0.484679 0.504421 0.497484 0.550879 0.48138 0.550879 0.47201 0.690252 0.430374 0.643794 0.449521 0.690252 0.44352 0.690252 0.430374 0.643794 0.443733 0.643794 0.449521 0.690252 0.298912 0.643794 0.443733 0.690252 0.430374 0.690252 0.298912 0.643794 0.298912 0.643794 0.443733 0.690252 0.264594 0.643794 0.298912 0.690252 0.298912 0.690252 0.264594 0.643794 0.264594 0.643794 0.298912 0.690252 0.230277 0.643794 0.264594 0.690252 0.264594 0.690252 0.230277 0.643794 0.230277 0.643794 0.264594 0.690252 0.1959589 0.643794 0.230277 0.690252 0.230277 0.690252 0.1959589 0.643794 0.1855409 0.643794 0.230277 0.690252 0.06965601 0.643794 0.1855409 0.690252 0.1959589 0.690252 0.06965601 0.643794 0.07053697 0.643794 0.1855409 0.690252 0.055803 0.643794 0.07053697 0.690252 0.06965601 0.690252 0.055803 0.643794 0.055803 0.643794 0.07053697 0.972627 0.055803 0.643794 0.055803 0.690252 0.055803 0.972627 0.055803 0.550879 0.055803 0.643794 0.055803 0.798654 0.439067 0.752196 0.42516 0.798654 0.444232 0.798654 0.439067 0.752196 0.413682 0.752196 0.42516 0.798654 0.298912 0.752196 0.413682 0.798654 0.439067 0.798654 0.298912 0.752196 0.298901 0.752196 0.413682 0.798654 0.264594 0.752196 0.298901 0.798654 0.298912 0.798654 0.264594 0.752196 0.264594 0.752196 0.298901 0.798654 0.230277 0.752196 0.264594 0.798654 0.264594 0.798654 0.230277 0.752196 0.230277 0.752196 0.264594 0.798654 0.07611298 0.752196 0.230277 0.798654 0.230277 0.798654 0.07611298 0.752196 0.06695401 0.752196 0.230277 0.798654 0.060413 0.752196 0.06695401 0.798654 0.07611298 0.798654 0.060413 0.752196 0.055803 0.752196 0.06695401 0.798654 0.055803 0.752196 0.055803 0.798654 0.060413 0.798654 0.055803 0.910683 0.055803 0.752196 0.055803 0.891569 0.055803 0.910683 0.055803 0.798654 0.055803 0.891569 0.055803 0.910683 0.06695401 0.910683 0.055803 0.891569 0.06104499 0.910683 0.06695401 0.891569 0.055803 0.891569 0.06104499 0.891569 0.07720202 0.910683 0.06695401 0.250024 0.386658 0.250024 0.358548 0.225184 0.379996 0.250024 0.386658 0.287285 0.358548 0.250024 0.358548 0.287285 0.389994 0.287285 0.358548 0.250024 0.386658 0.287285 0.389994 0.318336 0.358548 0.287285 0.358548 0.318336 0.395545 0.318336 0.358548 0.287285 0.389994 0.318336 0.395545 0.349386 0.379996 0.318336 0.358548 0.349386 0.388575 0.349386 0.379996 0.318336 0.395545 0.349386 0.388575 0.37032 0.392865 0.349386 0.379996 0.349386 0.422891 0.37032 0.392865 0.349386 0.388575 0.349386 0.422891 0.37032 0.427181 0.37032 0.392865 0.349386 0.437905 0.37032 0.427181 0.349386 0.422891 0.349386 0.437905 0.37032 0.442623 0.37032 0.427181 0.349386 0.452918 0.37032 0.442623 0.349386 0.437905 0.349386 0.452918 0.37032 0.458066 0.37032 0.442623 0.349386 0.468333 0.37032 0.458066 0.349386 0.452918 0.349386 0.468333 0.37032 0.471828 0.37032 0.458066 0.129728 0.379996 0.163082 0.358548 0.129728 0.358548 0.129728 0.379996 0.163082 0.379996 0.163082 0.358548 0.129728 0.392865 0.163082 0.379996 0.129728 0.379996 0.129728 0.392865 0.163082 0.408307 0.163082 0.379996 0.163411 0.443142 0.163082 0.408307 0.129728 0.392865 0.163411 0.443142 0.200343 0.422891 0.163082 0.408307 0.200684 0.470703 0.200343 0.422891 0.163411 0.443142 0.200684 0.470703 0.225184 0.422891 0.200343 0.422891 0.225184 0.455334 0.225184 0.422891 0.200684 0.470703 0.225184 0.455334 0.250024 0.422891 0.225184 0.422891 0.250024 0.460868 0.250024 0.422891 0.225184 0.455334 0.250024 0.460868 0.287285 0.409218 0.250024 0.422891 0.287285 0.444339 0.287285 0.409218 0.250024 0.460868 0.287285 0.444339 0.318336 0.395545 0.287285 0.409218 0.318336 0.430934 0.318336 0.395545 0.287285 0.444339 0.318336 0.430934 0.349386 0.388575 0.318336 0.395545 0.349386 0.422891 0.349386 0.388575 0.318336 0.430934 0.30764 0.03867298 0.29518 0.013861 0.262598 0.05485397 0.30764 0.03867298 0.369122 3.67999e-4 0.29518 0.013861 0.374455 0.02649897 0.369122 3.67999e-4 0.30764 0.03867298 0.374455 0.02649897 0.419086 0.003543972 0.369122 3.67999e-4 0.417545 0.02871501 0.419086 0.003543972 0.374455 0.02649897 0.417545 0.02871501 0.46223 0.01610201 0.419086 0.003543972 0.458096 0.04347699 0.46223 0.01610201 0.417545 0.02871501 0.458096 0.04347699 0.491804 0.054506 0.46223 0.01610201 0.473578 0.06050598 0.491804 0.054506 0.458096 0.04347699 0.473578 0.06050598 0.496847 0.104453 0.491804 0.054506 0.447872 0.05985599 0.496847 0.104453 0.473578 0.06050598 0.447872 0.05985599 0.473965 0.105578 0.496847 0.104453 0.443054 0.078799 0.473965 0.105578 0.447872 0.05985599 0.443054 0.078799 0.437332 0.09670501 0.473965 0.105578 0.386537 0.06569898 0.437332 0.09670501 0.443054 0.078799 0.386537 0.06569898 0.393655 0.07685202 0.437332 0.09670501 0.333175 0.07424998 0.393655 0.07685202 0.386537 0.06569898 0.333175 0.07424998 0.349905 0.09670698 0.393655 0.07685202 0.294141 0.1203129 0.349905 0.09670698 0.333175 0.07424998 0.294141 0.1203129 0.321862 0.136222 0.349905 0.09670698 0.292708 0.1458849 0.321862 0.136222 0.294141 0.1203129 0.292708 0.1458849 0.323261 0.1847119 0.321862 0.136222 0.272941 0.153369 0.323261 0.1847119 0.292708 0.1458849 0.272941 0.153369 0.296293 0.19229 0.323261 0.1847119 0.502446 0.665159 0.569859 0.704224 0.502446 0.697935 0.502446 0.665159 0.554563 0.665604 0.569859 0.704224 0.502446 0.632514 0.554563 0.665604 0.502446 0.665159 0.502446 0.632514 0.557295 0.633204 0.554563 0.665604 0.502446 0.601272 0.557295 0.633204 0.502446 0.632514 0.502446 0.601272 0.555243 0.602108 0.557295 0.633204 0.502446 0.57263 0.555243 0.602108 0.502446 0.601272 0.502446 0.57263 0.553531 0.573436 0.555243 0.602108 0.54804 0.54829 0.553531 0.573436 0.502446 0.57263 0.54804 0.54829 0.612242 0.57608 0.553531 0.573436 0.568234 0.553142 0.612242 0.57608 0.54804 0.54829 0.568234 0.553142 0.606571 0.562526 0.612242 0.57608 0.605934 0.551231 0.606571 0.562526 0.568234 0.553142 0.605934 0.551231 0.634011 0.564183 0.606571 0.562526 0.601772 0.542497 0.634011 0.564183 0.605934 0.551231 0.601772 0.542497 0.65005 0.562785 0.634011 0.564183 0.672708 0.587607 0.678175 0.608718 0.647313 0.579454 0.672708 0.587607 0.698863 0.593604 0.678175 0.608718 0.67125 0.57917 0.698863 0.593604 0.672708 0.587607 0.67125 0.57917 0.699404 0.58714 0.698863 0.593604 0.701926 0.579431 0.699404 0.58714 0.67125 0.57917 0.701926 0.579431 0.737166 0.595612 0.699404 0.58714 0.734396 0.582517 0.737166 0.595612 0.701926 0.579431 0.734396 0.582517 0.782052 0.590111 0.737166 0.595612 0.774024 0.580519 0.782052 0.590111 0.734396 0.582517 0.774024 0.580519 0.817839 0.576868 0.782052 0.590111 0.817671 0.558349 0.817839 0.576868 0.774024 0.580519 0.817671 0.558349 0.859147 0.551673 0.817839 0.576868 0.862674 0.528837 0.859147 0.551673 0.817671 0.558349 0.862674 0.528837 0.895417 0.529294 0.859147 0.551673 0.901935 0.511496 0.895417 0.529294 0.862674 0.528837 0.901935 0.511496 0.922144 0.513096 0.895417 0.529294 0.846774 0.501738 0.922144 0.513096 0.901935 0.511496 0.846774 0.501738 0.981988 0.502948 0.922144 0.513096 0.502446 0.4999 0.981988 0.502948 0.846774 0.501738 0.502446 0.4999 0.995979 0.503106 0.981988 0.502948 0.326344 0.724836 0.324204 0.711222 0.334057 0.717997 0.326344 0.724836 0.32382 0.7216621 0.324204 0.711222 0.320311 0.72318 0.32382 0.7216621 0.326344 0.724836 0.320311 0.72318 0.323225 0.720548 0.32382 0.7216621 0.319803 0.7223 0.323225 0.720548 0.320311 0.72318 0.319803 0.7223 0.316318 0.727047 0.323225 0.720548 0.320311 0.72318 0.316318 0.727047 0.319803 0.7223 0.320311 0.72318 0.316585 0.727832 0.316318 0.727047 0.321681 0.731059 0.316585 0.727832 0.320311 0.72318 0.321681 0.731059 0.317345 0.736524 0.316585 0.727832 0.320376 0.740132 0.317345 0.736524 0.321681 0.731059 0.320376 0.740132 0.319264 0.741025 0.317345 0.736524 0.32618 0.748409 0.319264 0.741025 0.320376 0.740132 0.32618 0.748409 0.319806 0.742191 0.319264 0.741025 0.327182 0.740004 0.319806 0.742191 0.32618 0.748409 0.327182 0.740004 0.316318 0.727047 0.319806 0.742191 0.329191 0.735575 0.316318 0.727047 0.327182 0.740004 0.329191 0.735575 0.323225 0.720548 0.316318 0.727047 0.33397 0.731748 0.323225 0.720548 0.329191 0.735575 0.33397 0.731748 0.328901 0.702409 0.323225 0.720548 0.340788 0.729071 0.328901 0.702409 0.33397 0.731748 0.386366 0.602939 0.379282 0.619138 0.388123 0.621092 0.386366 0.602939 0.385312 0.599635 0.379282 0.619138 0.394194 0.59453 0.385312 0.599635 0.386366 0.602939 0.394194 0.59453 0.392471 0.592278 0.385312 0.599635 0.400898 0.573867 0.392471 0.592278 0.394194 0.59453 0.400898 0.573867 0.399152 0.5738551 0.392471 0.592278 0.392246 0.56014 0.399152 0.5738551 0.400898 0.573867 0.392246 0.56014 0.390046 0.560119 0.399152 0.5738551 0.380463 0.551477 0.390046 0.560119 0.392246 0.56014 0.380463 0.551477 0.378682 0.551847 0.390046 0.560119 0.379298 0.542717 0.378682 0.551847 0.380463 0.551477 0.379298 0.542717 0.377101 0.541161 0.378682 0.551847 0.383271 0.535907 0.377101 0.541161 0.379298 0.542717 0.383271 0.535907 0.381908 0.532839 0.377101 0.541161 0.39266 0.535689 0.381908 0.532839 0.383271 0.535907 0.39266 0.535689 0.389658 0.531005 0.381908 0.532839 0.391231 0.5289101 0.389658 0.531005 0.39266 0.535689 0.391231 0.5289101 0.389515 0.527061 0.389658 0.531005 0.202054 0.879179 0.232445 0.945965 0.2123889 0.881404 0.202054 0.879179 0.2241579 0.944288 0.232445 0.945965 0.1826699 0.876226 0.2241579 0.944288 0.202054 0.879179 0.1826699 0.876226 0.204961 0.940589 0.2241579 0.944288 0.154348 0.87748 0.204961 0.940589 0.1826699 0.876226 0.154348 0.87748 0.1749039 0.934674 0.204961 0.940589 0.119414 0.876354 0.1749039 0.934674 0.154348 0.87748 0.119414 0.876354 0.139559 0.925852 0.1749039 0.934674 0.09979999 0.885935 0.139559 0.925852 0.119414 0.876354 0.09979999 0.885935 0.06365996 0.884583 0.139559 0.925852 0.076967 0.873516 0.06365996 0.884583 0.09979999 0.885935 0.076967 0.873516 0.06044799 0.872005 0.06365996 0.884583 0.05706995 0.870941 0.06044799 0.872005 0.076967 0.873516 0.05706995 0.870941 0.02270299 0.870638 0.06044799 0.872005 0.021241 0.868951 0.02270299 0.870638 0.05706995 0.870941 0.021241 0.868951 0.005122005 0.866408 0.02270299 0.870638 0.005122005 0.864713 0.005122005 0.866408 0.021241 0.868951 0.005122005 0.760922 0.04882198 0.783438 0.05410099 0.770249 0.005122005 0.760922 0.005122005 0.77533 0.04882198 0.783438 0.05410099 0.770249 0.005122005 0.77533 0.005122005 0.760922 0.05410099 0.770249 0.04882198 0.783438 0.005122005 0.77533 0.09500098 0.804309 0.04882198 0.783438 0.05410099 0.770249 0.09500098 0.804309 0.08669698 0.815228 0.04882198 0.783438 0.106019 0.810043 0.08669698 0.815228 0.09500098 0.804309 0.106019 0.810043 0.124732 0.83791 0.08669698 0.815228 0.149872 0.834745 0.124732 0.83791 0.106019 0.810043 0.149872 0.834745 0.154348 0.87748 0.124732 0.83791 0.1826699 0.876226 0.154348 0.87748 0.149872 0.834745 0.1826699 0.876226 0.1749039 0.934674 0.154348 0.87748 0.204961 0.940589 0.1749039 0.934674 0.1826699 0.876226 0.204961 0.940589 0.1722909 0.975209 0.1749039 0.934674 0.2023739 0.978994 0.1722909 0.975209 0.204961 0.940589 0.2023739 0.978994 0.16578 0.99034 0.1722909 0.975209 0.194177 0.993371 0.16578 0.99034 0.2023739 0.978994 0.272831 0.66559 0.2497839 0.637262 0.248489 0.651933 0.272831 0.66559 0.272174 0.648563 0.2497839 0.637262 0.314148 0.663388 0.272174 0.648563 0.272831 0.66559 0.314148 0.663388 0.298866 0.647818 0.272174 0.648563 0.339761 0.639764 0.298866 0.647818 0.314148 0.663388 0.339761 0.639764 0.320147 0.627265 0.298866 0.647818 0.352926 0.608013 0.320147 0.627265 0.339761 0.639764 0.352926 0.608013 0.329314 0.601494 0.320147 0.627265 0.349975 0.572491 0.329314 0.601494 0.352926 0.608013 0.349975 0.572491 0.326233 0.571422 0.329314 0.601494 0.326558 0.530416 0.326233 0.571422 0.349975 0.572491 0.326558 0.530416 0.311628 0.547653 0.326233 0.571422 0.294212 0.512308 0.311628 0.547653 0.326558 0.530416 0.294212 0.512308 0.289503 0.53673 0.311628 0.547653 0.270074 0.507713 0.289503 0.53673 0.294212 0.512308 0.270074 0.507713 0.263498 0.538923 0.289503 0.53673 0.249575 0.518975 0.263498 0.538923 0.270074 0.507713 0.249575 0.518975 0.2486929 0.558717 0.263498 0.538923 0.2348819 0.555546 0.2486929 0.558717 0.249575 0.518975 0.2348819 0.555546 0.2398539 0.578391 0.2486929 0.558717 0.226749 0.575028 0.2398539 0.578391 0.2348819 0.555546 0.226749 0.575028 0.238034 0.6061061 0.2398539 0.578391 0.2240449 0.602309 0.238034 0.6061061 0.226749 0.575028 0.2240449 0.602309 0.2497839 0.637262 0.238034 0.6061061 0.248489 0.651933 0.2497839 0.637262 0.2240449 0.602309 0.08051496 0.652746 0.08051496 0.62999 0.114 0.652746 0.08051496 0.652746 0.051813 0.62999 0.08051496 0.62999 0.051813 0.652746 0.051813 0.62999 0.08051496 0.652746 0.051813 0.652746 0.024706 0.62999 0.051813 0.62999 0.024706 0.652746 0.024706 0.62999 0.051813 0.652746 0.024706 0.652746 0.008760988 0.62999 0.024706 0.62999 0.008760988 0.652746 0.008760988 0.62999 0.024706 0.652746 0.008760988 0.652746 0.008760988 0.62999 0.008760988 0.62999 0.008760988 0.652746 0.008760988 0.62999 0.008760988 0.652746 0.008760988 0.652746 0.024706 0.62999 0.008760988 0.62999 0.024706 0.652746 0.024706 0.62999 0.008760988 0.652746 0.024706 0.652746 0.051813 0.62999 0.024706 0.62999 0.051813 0.652746 0.051813 0.62999 0.024706 0.652746 0.051813 0.652746 0.08051496 0.62999 0.051813 0.62999 0.08051496 0.652746 0.08051496 0.62999 0.051813 0.652746 0.08051496 0.652746 0.114 0.652746 0.08051496 0.62999 0.141947 0.667563 0.113681 0.686363 0.112824 0.670775 0.141947 0.667563 0.145376 0.684914 0.113681 0.686363 0.171943 0.6680271 0.145376 0.684914 0.141947 0.667563 0.171943 0.6680271 0.17382 0.683043 0.145376 0.684914 0.181777 0.666932 0.17382 0.683043 0.171943 0.6680271 0.181777 0.666932 0.184156 0.682789 0.17382 0.683043 0.1719459 0.6680271 0.184156 0.682789 0.181777 0.666932 0.1719459 0.6680271 0.1738259 0.683043 0.184156 0.682789 0.141951 0.668915 0.1738259 0.683043 0.1719459 0.6680271 0.141951 0.668915 0.1453679 0.684914 0.1738259 0.683043 0.112827 0.672127 0.1453679 0.684914 0.141951 0.668915 0.112827 0.672127 0.113653 0.686365 0.1453679 0.684914 0.07865297 0.672011 0.113653 0.686365 0.112827 0.672127 0.07865297 0.672011 0.07857096 0.693208 0.113653 0.686365 0.04572796 0.67258 0.07857096 0.693208 0.07865297 0.672011 0.04572796 0.67258 0.04483699 0.698333 0.07857096 0.693208 0.01732599 0.674056 0.04483699 0.698333 0.04572796 0.67258 0.01732599 0.674056 0.01679599 0.702202 0.04483699 0.698333 0.003098011 0.676215 0.01679599 0.702202 0.01732599 0.674056 0.003098011 0.676215 0.003445982 0.704086 0.01679599 0.702202 0.003098011 0.676215 0.003445982 0.704086 0.003098011 0.676215 0.003098011 0.676215 0.003445982 0.704086 0.003445982 0.704086 0.017322 0.674056 0.003445982 0.704086 0.003098011 0.676215 0.017322 0.674056 0.01679301 0.702202 0.003445982 0.704086 0.04891598 0.672416 0.01679301 0.702202 0.017322 0.674056 0.04891598 0.672416 0.04807001 0.69787 0.01679301 0.702202 0.07864797 0.672011 0.04807001 0.69787 0.04891598 0.672416 0.07864797 0.672011 0.07857596 0.693207 0.04807001 0.69787 0.112824 0.670775 0.07857596 0.693207 0.07864797 0.672011 0.112824 0.670775 0.113681 0.686363 0.07857596 0.693207 0.053577 0.6564 0.07865297 0.672011 0.081034 0.6564 0.053577 0.6564 0.04572796 0.67258 0.07865297 0.672011 0.027646 0.6564 0.04572796 0.67258 0.053577 0.6564 0.027646 0.6564 0.01732599 0.674056 0.04572796 0.67258 0.01239198 0.6564 0.01732599 0.674056 0.027646 0.6564 0.01239198 0.6564 0.003098011 0.676215 0.01732599 0.674056 0.01239198 0.6564 0.003098011 0.676215 0.01239198 0.6564 0.01239198 0.6564 0.003098011 0.676215 0.003098011 0.676215 0.027646 0.6564 0.003098011 0.676215 0.01239198 0.6564 0.027646 0.6564 0.017322 0.674056 0.003098011 0.676215 0.053577 0.6564 0.017322 0.674056 0.027646 0.6564 0.053577 0.6564 0.04891598 0.672416 0.017322 0.674056 0.081034 0.6564 0.04891598 0.672416 0.053577 0.6564 0.081034 0.6564 0.07864797 0.672011 0.04891598 0.672416 0.113067 0.6564 0.07864797 0.672011 0.081034 0.6564 0.113067 0.6564 0.112824 0.670775 0.07864797 0.672011 0.1374729 0.6564 0.112824 0.670775 0.113067 0.6564 0.1374729 0.6564 0.141947 0.667563 0.112824 0.670775 0.1634039 0.6564 0.141947 0.667563 0.1374729 0.6564 0.1634039 0.6564 0.171943 0.6680271 0.141947 0.667563 0.175607 0.6564 0.171943 0.6680271 0.1634039 0.6564 0.175607 0.6564 0.181777 0.666932 0.171943 0.6680271 0.1634039 0.6564 0.181777 0.666932 0.175607 0.6564 0.1634039 0.6564 0.1719459 0.6680271 0.181777 0.666932 0.1374729 0.6564 0.1719459 0.6680271 0.1634039 0.6564 0.1374729 0.6564 0.141951 0.668915 0.1719459 0.6680271 0.113067 0.6564 0.141951 0.668915 0.1374729 0.6564 0.113067 0.6564 0.112827 0.672127 0.141951 0.668915 0.081034 0.6564 0.112827 0.672127 0.113067 0.6564 0.081034 0.6564 0.07865297 0.672011 0.112827 0.672127 0.113681 0.686363 0.08223396 0.713643 0.07857596 0.693207 0.113681 0.686363 0.115463 0.704243 0.08223396 0.713643 0.145376 0.684914 0.115463 0.704243 0.113681 0.686363 0.145376 0.684914 0.1462309 0.7008931 0.115463 0.704243 0.17382 0.683043 0.1462309 0.7008931 0.145376 0.684914 0.17382 0.683043 0.171777 0.6982 0.1462309 0.7008931 0.184156 0.682789 0.171777 0.6982 0.17382 0.683043 0.184156 0.682789 0.1810989 0.697783 0.171777 0.6982 0.1738259 0.683043 0.1810989 0.697783 0.184156 0.682789 0.1738259 0.683043 0.171787 0.6982 0.1810989 0.697783 0.1453679 0.684914 0.171787 0.6982 0.1738259 0.683043 0.1453679 0.684914 0.146173 0.700895 0.171787 0.6982 0.113653 0.686365 0.146173 0.700895 0.1453679 0.684914 0.113653 0.686365 0.115336 0.704256 0.146173 0.700895 0.07857096 0.693208 0.115336 0.704256 0.113653 0.686365 0.07857096 0.693208 0.08219099 0.71365 0.115336 0.704256 0.04483699 0.698333 0.08219099 0.71365 0.07857096 0.693208 0.04483699 0.698333 0.05386996 0.721488 0.08219099 0.71365 0.01679599 0.702202 0.05386996 0.721488 0.04483699 0.698333 0.01679599 0.702202 0.02772897 0.727587 0.05386996 0.721488 0.003445982 0.704086 0.02772897 0.727587 0.01679599 0.702202 0.003445982 0.704086 0.01395195 0.729138 0.02772897 0.727587 0.003445982 0.704086 0.01395195 0.729138 0.003445982 0.704086 0.003445982 0.704086 0.01395195 0.729138 0.01395195 0.729138 0.01679301 0.702202 0.01395195 0.729138 0.003445982 0.704086 0.01679301 0.702202 0.02772599 0.727587 0.01395195 0.729138 0.04807001 0.69787 0.02772599 0.727587 0.01679301 0.702202 0.04807001 0.69787 0.05386501 0.721489 0.02772599 0.727587 0.07857596 0.693207 0.05386501 0.721489 0.04807001 0.69787 0.07857596 0.693207 0.08223396 0.713643 0.05386501 0.721489 0.1743199 0.710713 0.171777 0.6982 0.1810989 0.697783 0.1743199 0.710713 0.1668649 0.711303 0.171777 0.6982 0.158764 0.720133 0.1668649 0.711303 0.1743199 0.710713 0.158764 0.720133 0.118991 0.71854 0.1668649 0.711303 0.1261119 0.724678 0.118991 0.71854 0.158764 0.720133 0.1261119 0.724678 0.07227498 0.7346161 0.118991 0.71854 0.09365499 0.7377581 0.07227498 0.7346161 0.1261119 0.724678 0.09365499 0.7377581 0.07180297 0.745745 0.07227498 0.7346161 0.093634 0.737763 0.07180297 0.745745 0.09365499 0.7377581 0.093634 0.737763 0.072236 0.734625 0.07180297 0.745745 0.126002 0.724692 0.072236 0.734625 0.093634 0.737763 0.126002 0.724692 0.118777 0.718569 0.072236 0.734625 0.1587229 0.720134 0.118777 0.718569 0.126002 0.724692 0.1587229 0.720134 0.166854 0.711303 0.118777 0.718569 0.1743199 0.710713 0.166854 0.711303 0.1587229 0.720134 0.1743199 0.710713 0.171787 0.6982 0.166854 0.711303 0.1810989 0.697783 0.171787 0.6982 0.1743199 0.710713 0.695443 0.96849 0.709173 0.973595 0.707099 0.97632 0.695443 0.96849 0.714459 0.966859 0.709173 0.973595 0.696861 0.951614 0.714459 0.966859 0.695443 0.96849 0.696861 0.951614 0.719243 0.955108 0.714459 0.966859 0.696861 0.927856 0.719243 0.955108 0.696861 0.951614 0.696861 0.927856 0.719243 0.903973 0.719243 0.955108 0.696861 0.904099 0.719243 0.903973 0.696861 0.927856 0.696861 0.904099 0.714924 0.893548 0.719243 0.903973 0.711764 0.885467 0.714924 0.893548 0.696861 0.904099 0.711764 0.885467 0.732987 0.882998 0.714924 0.893548 0.726667 0.866836 0.732987 0.882998 0.711764 0.885467 0.726667 0.866836 0.776431 0.865264 0.732987 0.882998 0.766456 0.848237 0.776431 0.865264 0.726667 0.866836 0.766456 0.848237 0.800431 0.846123 0.776431 0.865264 0.764306 0.84063 0.800431 0.846123 0.766456 0.848237 0.764306 0.84063 0.799609 0.833789 0.800431 0.846123 0.764323 0.837706 0.799609 0.833789 0.764306 0.84063 0.764323 0.837706 0.799609 0.831445 0.799609 0.833789 0.631395 0.877614 0.647403 0.8775931 0.632724 0.863183 0.631395 0.877614 0.635291 0.893526 0.647403 0.8775931 0.601446 0.87915 0.635291 0.893526 0.631395 0.877614 0.601446 0.87915 0.604912 0.908823 0.635291 0.893526 0.562667 0.88789 0.604912 0.908823 0.601446 0.87915 0.562667 0.88789 0.56259 0.927655 0.604912 0.908823 0.52812 0.927655 0.56259 0.927655 0.562667 0.88789 0.52812 0.927655 0.557863 0.969684 0.56259 0.927655 0.52812 0.951784 0.557863 0.969684 0.52812 0.927655 0.52812 0.951784 0.55345 0.982749 0.557863 0.969684 0.52812 0.969447 0.55345 0.982749 0.52812 0.951784 0.52812 0.969447 0.52812 0.975912 0.55345 0.982749 0.517695 0.979609 0.52812 0.975912 0.52812 0.969447 0.517695 0.979609 0.517695 0.987646 0.52812 0.975912 0.506344 0.979609 0.517695 0.987646 0.517695 0.979609 0.506344 0.979609 0.506344 0.987646 0.517695 0.987646 0.613287 0.263863 0.587729 0.120696 0.711788 0.27463 0.731775 0.737245 0.640607 0.871827 0.630429 0.742999 0.332272 0.246401 0.2489669 0.26074 0.342913 0.127798 0.318624 0.723115 0.327664 0.854099 0.2298359 0.714384 0.46468 0.496565 0.469205 0.741293 0.315362 0.496567 0.469205 0.741293 0.318624 0.723115 0.315362 0.496567 0.469205 0.741293 0.46468 0.496565 0.630429 0.742999 0.46468 0.496565 0.631731 0.503184 0.630429 0.742999 0.749275 0.515253 0.731775 0.737245 0.631731 0.503184 0.731775 0.737245 0.630429 0.742999 0.631731 0.503184 0.315362 0.496567 0.318624 0.723115 0.201458 0.511608 0.318624 0.723115 0.2298359 0.714384 0.201458 0.511608 0.457024 0.2466449 0.453631 0.08816301 0.613287 0.263863 0.453631 0.08816301 0.587729 0.120696 0.613287 0.263863 0.457024 0.2466449 0.613287 0.263863 0.46468 0.496565 0.613287 0.263863 0.631731 0.503184 0.46468 0.496565 0.491468 0.901083 0.469205 0.741293 0.640607 0.871827 0.469205 0.741293 0.630429 0.742999 0.640607 0.871827 0.613287 0.263863 0.711788 0.27463 0.631731 0.503184 0.711788 0.27463 0.749275 0.515253 0.631731 0.503184 0.469205 0.741293 0.491468 0.901083 0.318624 0.723115 0.491468 0.901083 0.327664 0.854099 0.318624 0.723115 0.315362 0.496567 0.201458 0.511608 0.332272 0.246401 0.201458 0.511608 0.2489669 0.26074 0.332272 0.246401 0.453631 0.08816301 0.457024 0.2466449 0.342913 0.127798 0.457024 0.2466449 0.332272 0.246401 0.342913 0.127798 0.457024 0.2466449 0.46468 0.496565 0.332272 0.246401 0.46468 0.496565 0.315362 0.496567 0.332272 0.246401 0.711788 0.27463 0.587729 0.120696 0.613287 0.263863 0.630429 0.742999 0.640607 0.871827 0.731775 0.737245 0.342913 0.127798 0.2489669 0.26074 0.332272 0.246401 0.2298359 0.714384 0.327664 0.854099 0.318624 0.723115 0.315362 0.496567 0.318624 0.723115 0.46468 0.496565 0.318624 0.723115 0.469205 0.741293 0.46468 0.496565 0.630429 0.742999 0.631731 0.503184 0.469205 0.741293 0.631731 0.503184 0.46468 0.496565 0.469205 0.741293 0.631731 0.503184 0.630429 0.742999 0.749275 0.515253 0.630429 0.742999 0.731775 0.737245 0.749275 0.515253 0.201458 0.511608 0.2298359 0.714384 0.315362 0.496567 0.2298359 0.714384 0.318624 0.723115 0.315362 0.496567 0.613287 0.263863 0.587729 0.120696 0.457024 0.2466449 0.587729 0.120696 0.453631 0.08816301 0.457024 0.2466449 0.46468 0.496565 0.631731 0.503184 0.457024 0.2466449 0.631731 0.503184 0.613287 0.263863 0.457024 0.2466449 0.640607 0.871827 0.630429 0.742999 0.491468 0.901083 0.630429 0.742999 0.469205 0.741293 0.491468 0.901083 0.631731 0.503184 0.749275 0.515253 0.613287 0.263863 0.749275 0.515253 0.711788 0.27463 0.613287 0.263863 0.318624 0.723115 0.327664 0.854099 0.469205 0.741293 0.327664 0.854099 0.491468 0.901083 0.469205 0.741293 0.332272 0.246401 0.2489669 0.26074 0.315362 0.496567 0.2489669 0.26074 0.201458 0.511608 0.315362 0.496567 0.342913 0.127798 0.332272 0.246401 0.453631 0.08816301 0.332272 0.246401 0.457024 0.2466449 0.453631 0.08816301 0.332272 0.246401 0.315362 0.496567 0.457024 0.2466449 0.315362 0.496567 0.46468 0.496565 0.457024 0.2466449 1 0.275589 0.900658 0.694722 0.888819 0.58719 1 0.275589 0.888819 0.58719 0.844532 0.440735 0 0 0.135277 0.19041 0.08281099 0.2382339 0 0 0.08281099 0.2382339 0.04375398 0.283944 0.8243624 0.5226082 0.714806 0.734167 0.844532 0.440735 0.714806 0.734167 0.695819 0.49588 0.844532 0.440735 0.900658 0.694722 0.673312 0.972349 0.888819 0.58719 0.673312 0.972349 0.714806 0.734167 0.888819 0.58719 0.714806 0.734167 0.511729 0.744499 0.695819 0.49588 0.511729 0.744499 0.529591 0.488421 0.695819 0.49588 0.673312 0.972349 0.451013 1 0.714806 0.734167 0.451013 1 0.511729 0.744499 0.714806 0.734167 0.511729 0.744499 0.335826 0.65021 0.529591 0.488421 0.335826 0.65021 0.38525 0.433532 0.529591 0.488421 0.451013 1 0.268653 0.863848 0.511729 0.744499 0.268653 0.863848 0.335826 0.65021 0.511729 0.744499 0.335826 0.65021 0.198149 0.451398 0.38525 0.433532 0.198149 0.451398 0.257438 0.315491 0.38525 0.433532 0.268653 0.863848 0.1397759 0.582741 0.335826 0.65021 0.1397759 0.582741 0.198149 0.451398 0.335826 0.65021 0.198149 0.451398 0.08281099 0.2382339 0.257438 0.315491 0.08281099 0.2382339 0.135277 0.19041 0.257438 0.315491 0.1397759 0.582741 0.04375398 0.283944 0.198149 0.451398 0.04375398 0.283944 0.08281099 0.2382339 0.198149 0.451398 1 0.275589 0.900658 0.694722 0.888819 0.58719 1 0.275589 0.888819 0.58719 0.844532 0.440735 0 0 0.135277 0.19041 0.08281099 0.2382339 0 0 0.08281099 0.2382339 0.04375398 0.283944 0.7357741 0.704706 0.714806 0.734167 0.844532 0.440735 0.714806 0.734167 0.695819 0.49588 0.844532 0.440735 0.900658 0.694722 0.673312 0.972349 0.888819 0.58719 0.673312 0.972349 0.714806 0.734167 0.888819 0.58719 0.714806 0.734167 0.511729 0.744499 0.695819 0.49588 0.511729 0.744499 0.529591 0.488421 0.695819 0.49588 0.673312 0.972349 0.451013 1 0.714806 0.734167 0.451013 1 0.511729 0.744499 0.714806 0.734167 0.511729 0.744499 0.335826 0.65021 0.529591 0.488421 0.335826 0.65021 0.38525 0.433532 0.529591 0.488421 0.451013 1 0.268653 0.863848 0.511729 0.744499 0.268653 0.863848 0.335826 0.65021 0.511729 0.744499 0.335826 0.65021 0.198149 0.451398 0.38525 0.433532 0.198149 0.451398 0.257438 0.315491 0.38525 0.433532 0.268653 0.863848 0.1397759 0.582741 0.335826 0.65021 0.1397759 0.582741 0.198149 0.451398 0.335826 0.65021 0.198149 0.451398 0.08281099 0.2382339 0.257438 0.315491 0.08281099 0.2382339 0.135277 0.19041 0.257438 0.315491 0.1397759 0.582741 0.04375398 0.283944 0.198149 0.451398 0.04375398 0.283944 0.08281099 0.2382339 0.198149 0.451398 0.888819 0.58719 0.900658 0.694722 1 0.275589 0.844532 0.440735 0.888819 0.58719 1 0.275589 0.08281099 0.2382339 0.135277 0.19041 0 0 0.04375398 0.283944 0.08281099 0.2382339 0 0 0.7234703 0.5078434 0.695819 0.49588 0.888819 0.58719 0.695819 0.49588 0.714806 0.734167 0.888819 0.58719 0.888819 0.58719 0.714806 0.734167 0.900658 0.694722 0.714806 0.734167 0.673312 0.972349 0.900658 0.694722 0.695819 0.49588 0.529591 0.488421 0.714806 0.734167 0.529591 0.488421 0.511729 0.744499 0.714806 0.734167 0.714806 0.734167 0.511729 0.744499 0.673312 0.972349 0.511729 0.744499 0.451013 1 0.673312 0.972349 0.529591 0.488421 0.38525 0.433532 0.511729 0.744499 0.38525 0.433532 0.335826 0.65021 0.511729 0.744499 0.511729 0.744499 0.335826 0.65021 0.451013 1 0.335826 0.65021 0.268653 0.863848 0.451013 1 0.38525 0.433532 0.257438 0.315491 0.335826 0.65021 0.257438 0.315491 0.198149 0.451398 0.335826 0.65021 0.335826 0.65021 0.198149 0.451398 0.268653 0.863848 0.198149 0.451398 0.1397759 0.582741 0.268653 0.863848 0.257438 0.315491 0.135277 0.19041 0.198149 0.451398 0.135277 0.19041 0.08281099 0.2382339 0.198149 0.451398 0.198149 0.451398 0.08281099 0.2382339 0.1397759 0.582741 0.08281099 0.2382339 0.04375398 0.283944 0.1397759 0.582741 0.888819 0.58719 0.900658 0.694722 1 0.275589 0.844532 0.440735 0.888819 0.58719 1 0.275589 0.08281099 0.2382339 0.135277 0.19041 0 0 0.04375398 0.283944 0.08281099 0.2382339 0 0 0.885882 0.5865885 0.695819 0.49588 0.888819 0.58719 0.695819 0.49588 0.714806 0.734167 0.888819 0.58719 0.888819 0.58719 0.714806 0.734167 0.900658 0.694722 0.714806 0.734167 0.673312 0.972349 0.900658 0.694722 0.695819 0.49588 0.529591 0.488421 0.714806 0.734167 0.529591 0.488421 0.511729 0.744499 0.714806 0.734167 0.714806 0.734167 0.511729 0.744499 0.673312 0.972349 0.511729 0.744499 0.451013 1 0.673312 0.972349 0.529591 0.488421 0.38525 0.433532 0.511729 0.744499 0.38525 0.433532 0.335826 0.65021 0.511729 0.744499 0.511729 0.744499 0.335826 0.65021 0.451013 1 0.335826 0.65021 0.268653 0.863848 0.451013 1 0.38525 0.433532 0.257438 0.315491 0.335826 0.65021 0.257438 0.315491 0.198149 0.451398 0.335826 0.65021 0.335826 0.65021 0.198149 0.451398 0.268653 0.863848 0.198149 0.451398 0.1397759 0.582741 0.268653 0.863848 0.257438 0.315491 0.135277 0.19041 0.198149 0.451398 0.135277 0.19041 0.08281099 0.2382339 0.198149 0.451398 0.198149 0.451398 0.08281099 0.2382339 0.1397759 0.582741 0.08281099 0.2382339 0.04375398 0.283944 0.1397759 0.582741</float_array>
          <technique_common>
            <accessor source="#mario-mesh-map-0-array" count="13992" stride="2">
              <param name="S" type="float"/>
              <param name="T" type="float"/>
            </accessor>
          </technique_common>
        </source>
        <vertices id="mario-mesh-vertices">
          <input semantic="POSITION" source="#mario-mesh-positions"/>
        </vertices>
        <triangles material="s3mabuta1_m1_png-material" count="56">
          <input semantic="VERTEX" source="#mario-mesh-vertices" offset="0"/>
          <input semantic="NORMAL" source="#mario-mesh-normals" offset="1"/>
          <input semantic="TEXCOORD" source="#mario-mesh-map-0" offset="2" set="0"/>
          <p>0 0 0 1 1 1 2 2 2 3 3 3 4 4 4 5 5 5 6 6 6 7 7 7 8 8 8 9 9 9 10 10 10 11 11 11 12 12 12 5 5 13 13 13 14 5 5 15 4 4 16 13 13 17 2 2 18 1 1 19 14 14 20 1 1 21 15 15 22 14 14 23 2 2 24 14 14 25 16 16 26 14 14 27 17 17 28 16 16 29 13 13 30 4 4 31 17 17 32 4 4 33 16 16 34 17 17 35 3 3 36 18 18 37 4 4 38 18 18 39 16 16 40 4 4 41 2 2 42 16 16 43 0 0 44 16 16 45 18 18 46 0 0 47 19 19 48 10 10 49 20 20 50 10 10 51 9 9 52 20 20 53 21 21 54 22 22 55 6 6 56 22 22 57 7 7 58 6 6 59 23 23 60 24 24 61 6 6 62 24 24 63 21 21 64 6 6 65 24 24 66 23 23 67 19 19 68 23 23 69 10 10 70 19 19 71 10 10 72 23 23 73 11 11 74 23 23 75 25 25 76 11 11 77 8 8 78 25 25 79 6 6 80 25 25 81 23 23 82 6 6 83 94 94 402 95 95 403 96 96 404 97 97 405 98 98 406 99 99 407 100 100 408 101 101 409 102 102 410 103 103 411 104 104 412 105 105 413 106 106 414 99 99 415 107 107 416 99 99 417 98 98 418 107 107 419 96 96 420 95 95 421 108 108 422 95 95 423 109 109 424 108 108 425 96 96 426 108 108 427 110 110 428 108 108 429 111 111 430 110 110 431 107 107 432 98 98 433 111 111 434 98 98 435 110 110 436 111 111 437 97 97 438 112 112 439 98 98 440 112 112 441 110 110 442 98 98 443 96 96 444 110 110 445 94 94 446 110 110 447 112 112 448 94 94 449 113 113 450 104 104 451 114 114 452 104 104 453 103 103 454 114 114 455 115 115 456 116 116 457 100 100 458 116 116 459 101 101 460 100 100 461 117 117 462 118 118 463 100 100 464 118 118 465 115 115 466 100 100 467 118 118 468 117 117 469 113 113 470 117 117 471 104 104 472 113 113 473 104 104 474 117 117 475 105 105 476 117 117 477 119 119 478 105 105 479 102 102 480 119 119 481 100 100 482 119 119 483 117 117 484 100 100 485</p>
        </triangles>
        <triangles material="s3mabuta2_m1_png-material" count="106">
          <input semantic="VERTEX" source="#mario-mesh-vertices" offset="0"/>
          <input semantic="NORMAL" source="#mario-mesh-normals" offset="1"/>
          <input semantic="TEXCOORD" source="#mario-mesh-map-0" offset="2" set="0"/>
          <p>26 26 84 27 27 85 28 28 86 29 29 87 30 30 88 31 31 89 28 28 90 27 27 91 32 32 92 33 33 93 34 34 94 35 35 95 36 36 96 37 37 97 38 38 98 37 37 99 39 39 100 40 40 101 41 41 102 42 42 103 26 26 104 42 42 105 43 43 106 26 26 107 26 26 108 43 43 109 27 27 110 41 41 111 44 44 112 42 42 113 45 45 114 28 28 115 32 32 116 46 46 117 47 47 118 48 48 119 49 49 120 50 50 121 51 51 122 47 47 123 52 52 124 53 53 125 54 54 126 50 50 127 49 49 128 46 46 129 48 48 130 55 55 131 56 56 132 57 57 133 58 58 134 59 59 135 60 60 136 57 57 137 51 51 138 61 61 139 62 62 140 51 51 141 63 63 142 61 61 143 50 50 144 63 63 145 51 51 146 61 61 147 64 64 148 62 62 149 54 54 150 49 49 151 65 65 152 53 53 153 66 66 154 47 47 155 31 31 156 67 67 157 29 29 158 29 29 159 45 45 160 30 30 161 45 45 162 32 32 163 30 30 164 68 68 165 69 69 166 70 70 167 69 69 168 71 71 169 70 70 170 34 34 171 72 72 172 69 69 173 72 72 174 71 71 175 69 69 176 68 68 177 70 70 178 73 73 179 70 70 180 74 74 181 73 73 182 75 75 183 74 74 184 76 76 185 74 74 186 70 70 187 76 76 188 77 77 189 75 75 190 36 36 191 75 75 192 76 76 193 36 36 194 78 78 195 40 40 196 79 79 197 40 40 198 72 72 199 79 79 200 78 78 201 38 38 202 40 40 203 38 38 204 37 37 205 40 40 206 79 79 207 72 72 208 33 33 209 72 72 210 34 34 211 33 33 212 76 76 213 70 70 214 39 39 215 70 70 216 71 71 217 39 39 218 37 37 219 36 36 220 39 39 221 36 36 222 76 76 223 39 39 224 39 39 225 71 71 226 40 40 227 71 71 228 72 72 229 40 40 230 52 52 231 54 54 232 53 53 233 54 54 234 65 65 235 53 53 236 80 80 237 81 81 238 82 82 239 81 81 240 83 83 241 82 82 242 83 83 243 81 81 244 48 48 245 81 81 246 84 84 247 48 48 248 85 85 249 86 86 250 82 82 251 86 86 252 80 80 253 82 82 254 87 87 255 80 80 256 88 88 257 80 80 258 86 86 259 88 88 260 58 58 261 87 87 262 89 89 263 87 87 264 88 88 265 89 89 266 90 90 267 84 84 268 91 91 269 84 84 270 59 59 271 91 91 272 59 59 273 57 57 274 91 91 275 57 57 276 56 56 277 91 91 278 55 55 279 48 48 280 90 90 281 48 48 282 84 84 283 90 90 284 60 60 285 81 81 286 87 87 287 81 81 288 80 80 289 87 87 290 60 60 291 87 87 292 57 57 293 87 87 294 58 58 295 57 57 296 59 59 297 84 84 298 60 60 299 84 84 300 81 81 301 60 60 302 34 34 303 31 31 304 35 35 305 34 34 306 67 67 307 31 31 308 69 69 309 67 67 310 34 34 311 69 69 312 29 29 313 67 67 314 68 68 315 29 29 316 69 69 317 68 68 318 45 45 319 29 29 320 73 73 321 45 45 322 68 68 323 73 73 324 28 28 325 45 45 326 74 74 327 28 28 328 73 73 329 74 74 330 26 26 331 28 28 332 75 75 333 26 26 334 74 74 335 75 75 336 41 41 337 26 26 338 77 77 339 41 41 340 75 75 341 77 77 342 44 44 343 41 41 344 36 36 345 44 44 346 77 77 347 36 36 348 92 92 349 44 44 350 38 38 351 92 92 352 36 36 353 66 66 354 48 48 355 47 47 356 66 66 357 83 83 358 48 48 359 53 53 360 83 83 361 66 66 362 53 53 363 82 82 364 83 83 365 65 65 366 82 82 367 53 53 368 65 65 369 85 85 370 82 82 371 49 49 372 85 85 373 65 65 374 49 49 375 86 86 376 85 85 377 51 51 378 86 86 379 49 49 380 51 51 381 88 88 382 86 86 383 62 62 384 88 88 385 51 51 386 62 62 387 89 89 388 88 88 389 64 64 390 89 89 391 62 62 392 64 64 393 58 58 394 89 89 395 93 93 396 58 58 397 64 64 398 93 93 399 56 56 400 58 58 401</p>
        </triangles>
        <triangles material="s3_c000m1_A0_png-material" count="4350">
          <input semantic="VERTEX" source="#mario-mesh-vertices" offset="0"/>
          <input semantic="NORMAL" source="#mario-mesh-normals" offset="1"/>
          <input semantic="TEXCOORD" source="#mario-mesh-map-0" offset="2" set="0"/>
          <p>120 120 486 121 121 487 122 122 488 123 123 489 124 124 490 125 125 491 126 126 492 125 125 493 127 127 494 128 128 495 129 129 496 120 120 497 120 120 498 129 129 499 121 121 500 125 125 501 124 124 502 127 127 503 130 130 504 131 131 505 132 132 506 133 133 507 134 134 508 135 135 509 136 136 510 133 133 511 137 137 512 132 132 513 138 138 514 139 139 515 131 131 516 138 138 517 132 132 518 136 136 519 134 134 520 133 133 521 140 140 522 141 141 523 142 142 524 143 143 525 141 141 526 140 140 527 142 142 528 141 141 529 144 144 530 141 141 531 145 145 532 146 146 533 141 141 534 146 146 535 147 147 536 148 148 537 145 145 538 141 141 539 143 143 540 149 149 541 141 141 542 144 144 543 141 141 544 147 147 545 148 148 546 141 141 547 150 150 548 141 141 549 149 149 550 150 150 551 151 151 552 152 152 553 153 153 554 153 153 555 152 152 556 154 154 557 153 153 558 155 155 559 156 156 560 157 157 561 158 158 562 159 159 563 160 160 564 161 161 565 162 162 566 163 163 567 164 164 568 165 165 569 166 166 570 167 167 571 168 168 572 169 169 573 170 170 574 171 171 575 172 172 576 173 173 577 174 174 578 175 175 579 176 176 580 177 177 581 176 176 582 178 178 583 179 179 584 178 178 585 180 180 586 181 181 587 182 182 588 183 183 589 184 184 590 185 185 591 186 186 592 187 187 593 188 188 594 189 189 595 190 190 596 191 191 597 192 192 598 193 193 599 194 194 600 195 195 601 196 196 602 197 197 603 198 198 604 199 199 605 200 200 606 201 201 607 202 202 608 203 203 609 204 204 610 205 205 611 206 206 612 207 207 613 203 203 614 203 203 615 205 205 616 206 206 617 208 208 618 209 209 619 210 210 620 211 211 621 212 212 622 213 213 623 214 214 624 215 215 625 216 216 626 217 217 627 218 218 628 219 219 629 220 220 630 221 221 631 222 222 632 223 223 633 224 224 634 225 225 635 226 226 636 227 227 637 225 225 638 228 228 639 229 229 640 230 230 641 231 231 642 232 232 643 233 233 644 234 234 645 235 235 646 236 236 647 237 237 648 230 230 649 238 238 650 238 238 651 230 230 652 229 229 653 232 232 654 239 239 655 240 240 656 232 232 657 240 240 658 234 234 659 232 232 660 231 231 661 239 239 662 241 241 663 242 242 664 234 234 665 243 243 666 244 244 667 237 237 668 245 245 669 233 233 670 232 232 671 246 246 672 247 247 673 234 234 674 248 248 675 249 249 676 250 250 677 248 248 678 250 250 679 251 251 680 252 252 681 253 253 682 254 254 683 252 252 684 254 254 685 255 255 686 254 254 687 253 253 688 256 256 689 257 257 690 248 248 691 258 258 692 249 249 693 248 248 694 257 257 695 237 237 696 244 244 697 259 259 698 260 260 699 261 261 700 262 262 701 261 261 702 263 263 703 244 244 704 262 262 705 261 261 706 244 244 707 259 259 708 244 244 709 263 263 710 264 264 711 265 265 712 249 249 713 255 255 714 266 266 715 252 252 716 264 264 717 249 249 718 257 257 719 250 250 720 249 249 721 265 265 722 262 262 723 235 235 724 260 260 725 247 247 726 267 267 727 234 234 728 234 234 729 240 240 730 246 246 731 268 268 732 269 269 733 270 270 734 271 271 735 269 269 736 272 272 737 273 273 738 274 274 739 275 275 740 276 276 741 277 277 742 278 278 743 279 279 744 280 280 745 281 281 746 282 282 747 275 275 748 283 283 749 282 282 750 273 273 751 275 275 752 284 284 753 285 285 754 286 286 755 287 287 756 280 280 757 288 288 758 287 287 759 281 281 760 280 280 761 289 289 762 284 284 763 286 286 764 276 276 765 290 290 766 291 291 767 291 291 768 292 292 769 293 293 770 290 290 771 292 292 772 291 291 773 294 294 774 295 295 775 274 274 776 296 296 777 297 297 778 298 298 779 299 299 780 300 300 781 220 220 782 301 301 783 302 302 784 296 296 785 301 301 786 296 296 787 298 298 788 218 218 789 303 303 790 304 304 791 305 305 792 218 218 793 304 304 794 299 299 795 301 301 796 298 298 797 298 298 798 300 300 799 299 299 800 306 306 801 307 307 802 308 308 803 309 309 804 310 310 805 311 311 806 312 312 807 291 291 808 293 293 809 293 293 810 313 313 811 312 312 812 312 312 813 277 277 814 291 291 815 314 314 816 315 315 817 316 316 818 276 276 819 291 291 820 277 277 821 315 315 822 314 314 823 317 317 824 314 314 825 318 318 826 317 317 827 319 319 828 320 320 829 321 321 830 322 322 831 219 219 832 323 323 833 322 322 834 324 324 835 219 219 836 322 322 837 325 325 838 324 324 839 326 326 840 327 327 841 328 328 842 325 325 843 322 322 844 329 329 845 330 330 846 325 325 847 329 329 848 326 326 849 328 328 850 331 331 851 323 323 852 327 327 853 326 326 854 324 324 855 332 332 856 217 217 857 217 217 858 219 219 859 324 324 860 326 326 861 322 322 862 323 323 863 333 333 864 334 334 865 335 335 866 336 336 867 337 337 868 338 338 869 339 339 870 340 340 871 341 341 872 342 342 873 343 343 874 344 344 875 345 345 876 346 346 877 347 347 878 348 348 879 343 343 880 342 342 881 349 349 882 350 350 883 351 351 884 352 352 885 346 346 886 345 345 887 353 353 888 354 354 889 337 337 890 353 353 891 337 337 892 336 336 893 355 355 894 356 356 895 357 357 896 358 358 897 359 359 898 357 357 899 360 360 900 361 361 901 362 362 902 363 363 903 360 360 904 364 364 905 364 364 906 360 360 907 362 362 908 365 365 909 366 366 910 367 367 911 367 367 912 368 368 913 365 365 914 369 369 915 370 370 916 371 371 917 371 371 918 370 370 919 372 372 920 372 372 921 370 370 922 373 373 923 374 374 924 375 375 925 376 376 926 377 377 927 366 366 928 365 365 929 378 378 930 366 366 931 379 379 932 380 380 933 381 381 934 382 382 935 360 360 936 383 383 937 361 361 938 384 384 939 370 370 940 369 369 941 366 366 942 377 377 943 379 379 944 385 385 945 383 383 946 360 360 947 367 367 948 366 366 949 378 378 950 368 368 951 367 367 952 386 386 953 387 387 954 388 388 955 389 389 956 390 390 957 391 391 958 392 392 959 393 393 960 394 394 961 395 395 962 396 396 963 397 397 964 387 387 965 398 398 966 399 399 967 400 400 968 401 401 969 398 398 970 400 400 971 393 393 972 395 395 973 399 399 974 398 398 975 402 402 976 399 399 977 390 390 978 403 403 979 404 404 980 404 404 981 405 405 982 391 391 983 391 391 984 390 390 985 404 404 986 406 406 987 407 407 988 408 408 989 409 409 990 407 407 991 406 406 992 408 408 993 404 404 994 403 403 995 403 403 996 406 406 997 408 408 998 398 398 999 410 410 1000 411 411 1001 407 407 1002 412 412 1003 408 408 1004 413 413 1005 412 412 1006 407 407 1007 413 413 1008 407 407 1009 414 414 1010 412 412 1011 404 404 1012 408 408 1013 405 405 1014 404 404 1015 412 412 1016 405 405 1017 412 412 1018 415 415 1019 416 416 1020 417 417 1021 418 418 1022 419 419 1023 417 417 1024 367 367 1025 420 420 1026 421 421 1027 422 422 1028 134 134 1029 423 423 1030 424 424 1031 425 425 1032 426 426 1033 427 427 1034 428 428 1035 429 429 1036 425 425 1037 430 430 1038 431 431 1039 432 432 1040 433 433 1041 434 434 1042 435 435 1043 436 436 1044 417 417 1045 416 416 1046 437 437 1047 367 367 1048 378 378 1049 430 430 1050 432 432 1051 423 423 1052 438 438 1053 439 439 1054 440 440 1055 441 441 1056 442 442 1057 443 443 1058 444 444 1059 434 434 1060 433 433 1061 134 134 1062 430 430 1063 423 423 1064 422 422 1065 445 445 1066 446 446 1067 427 427 1068 434 434 1069 444 444 1070 434 434 1071 447 447 1072 435 435 1073 423 423 1074 432 432 1075 448 448 1076 449 449 1077 420 420 1078 422 422 1079 450 450 1080 451 451 1081 452 452 1082 452 452 1083 451 451 1084 453 453 1085 454 454 1086 440 440 1087 439 439 1088 436 436 1089 416 416 1090 455 455 1091 449 449 1092 451 451 1093 450 450 1094 456 456 1095 445 445 1096 457 457 1097 367 367 1098 437 437 1099 419 419 1100 449 449 1101 422 422 1102 446 446 1103 432 432 1104 458 458 1105 448 448 1106 434 434 1107 427 427 1108 426 426 1109 428 428 1110 459 459 1111 429 429 1112 425 425 1113 429 429 1114 426 426 1115 430 430 1116 134 134 1117 136 136 1118 429 429 1119 459 459 1120 460 460 1121 461 461 1122 431 431 1123 430 430 1124 418 418 1125 417 417 1126 419 419 1127 446 446 1128 445 445 1129 456 456 1130 450 450 1131 420 420 1132 449 449 1133 420 420 1134 450 450 1135 462 462 1136 463 463 1137 464 464 1138 465 465 1139 466 466 1140 451 451 1141 463 463 1142 467 467 1143 465 465 1144 468 468 1145 463 463 1146 465 465 1147 466 466 1148 465 465 1149 469 469 1150 468 468 1151 453 453 1152 451 451 1153 466 466 1154 466 466 1155 465 465 1156 467 467 1157 465 465 1158 464 464 1159 470 470 1160 458 458 1161 471 471 1162 472 472 1163 431 431 1164 470 470 1165 471 471 1166 469 469 1167 465 465 1168 470 470 1169 469 469 1170 470 470 1171 431 431 1172 473 473 1173 474 474 1174 475 475 1175 476 476 1176 477 477 1177 478 478 1178 477 477 1179 475 475 1180 474 474 1181 479 479 1182 480 480 1183 481 481 1184 482 482 1185 483 483 1186 484 484 1187 485 485 1188 486 486 1189 483 483 1190 487 487 1191 488 488 1192 489 489 1193 480 480 1194 479 479 1195 490 490 1196 484 484 1197 491 491 1198 477 477 1199 491 491 1200 492 492 1201 475 475 1202 493 493 1203 489 489 1204 492 492 1205 474 474 1206 478 478 1207 477 477 1208 494 494 1209 459 459 1210 428 428 1211 478 478 1212 495 495 1213 476 476 1214 481 481 1215 473 473 1216 479 479 1217 473 473 1218 481 481 1219 496 496 1220 475 475 1221 479 479 1222 473 473 1223 497 497 1224 494 494 1225 428 428 1226 481 481 1227 460 460 1228 496 496 1229 396 396 1230 481 481 1231 480 480 1232 396 396 1233 460 460 1234 481 481 1235 498 498 1236 499 499 1237 500 500 1238 398 398 1239 501 501 1240 410 410 1241 501 501 1242 398 398 1243 401 401 1244 489 489 1245 493 493 1246 487 487 1247 492 492 1248 491 491 1249 493 493 1250 475 475 1251 477 477 1252 491 491 1253 483 483 1254 482 482 1255 485 485 1256 476 476 1257 502 502 1258 503 503 1259 493 493 1260 483 483 1261 486 486 1262 491 491 1263 484 484 1264 483 483 1265 477 477 1266 476 476 1267 484 484 1268 479 479 1269 475 475 1270 492 492 1271 490 490 1272 492 492 1273 489 489 1274 504 504 1275 489 489 1276 488 488 1277 490 490 1278 505 505 1279 480 480 1280 506 506 1281 502 502 1282 507 507 1283 394 394 1284 393 393 1285 504 504 1286 504 504 1287 393 393 1288 505 505 1289 508 508 1290 509 509 1291 506 506 1292 509 509 1293 503 503 1294 502 502 1295 509 509 1296 502 502 1297 506 506 1298 482 482 1299 510 510 1300 485 485 1301 505 505 1302 393 393 1303 397 397 1304 504 504 1305 505 505 1306 490 490 1307 511 511 1308 512 512 1309 513 513 1310 449 449 1311 514 514 1312 451 451 1313 446 446 1314 514 514 1315 449 449 1316 515 515 1317 516 516 1318 517 517 1319 512 512 1320 518 518 1321 519 519 1322 515 515 1323 517 517 1324 520 520 1325 520 520 1326 517 517 1327 521 521 1328 522 522 1329 518 518 1330 512 512 1331 522 522 1332 512 512 1333 511 511 1334 517 517 1335 516 516 1336 523 523 1337 492 492 1338 490 490 1339 479 479 1340 483 483 1341 493 493 1342 491 491 1343 486 486 1344 487 487 1345 493 493 1346 489 489 1347 504 504 1348 490 490 1349 524 524 1350 525 525 1351 526 526 1352 417 417 1353 386 386 1354 367 367 1355 417 417 1356 436 436 1357 386 386 1358 527 527 1359 436 436 1360 445 445 1361 528 528 1362 529 529 1363 530 530 1364 531 531 1365 532 532 1366 530 530 1367 533 533 1368 534 534 1369 535 535 1370 536 536 1371 537 537 1372 538 538 1373 539 539 1374 538 538 1375 537 537 1376 540 540 1377 539 539 1378 528 528 1379 541 541 1380 542 542 1381 421 421 1382 543 543 1383 535 535 1384 534 534 1385 543 543 1386 544 544 1387 541 541 1388 543 543 1389 541 541 1390 535 535 1391 545 545 1392 546 546 1393 536 536 1394 532 532 1395 528 528 1396 530 530 1397 529 529 1398 547 547 1399 548 548 1400 549 549 1401 441 441 1402 550 550 1403 551 551 1404 539 539 1405 537 537 1406 541 541 1407 544 544 1408 542 542 1409 541 541 1410 552 552 1411 535 535 1412 538 538 1413 545 545 1414 536 536 1415 540 540 1416 545 545 1417 538 538 1418 531 531 1419 545 545 1420 532 532 1421 532 532 1422 545 545 1423 540 540 1424 546 546 1425 545 545 1426 531 531 1427 532 532 1428 540 540 1429 528 528 1430 539 539 1431 540 540 1432 538 538 1433 529 529 1434 548 548 1435 530 530 1436 547 547 1437 529 529 1438 527 527 1439 541 541 1440 421 421 1441 552 552 1442 542 542 1443 422 422 1444 421 421 1445 533 533 1446 535 535 1447 552 552 1448 533 533 1449 552 552 1450 438 438 1451 533 533 1452 438 438 1453 442 442 1454 553 553 1455 554 554 1456 555 555 1457 176 176 1458 179 179 1459 177 177 1460 178 178 1461 181 181 1462 179 179 1463 180 180 1464 556 556 1465 181 181 1466 556 556 1467 557 557 1468 181 181 1469 558 558 1470 181 181 1471 557 557 1472 559 559 1473 558 558 1474 560 560 1475 561 561 1476 562 562 1477 563 563 1478 564 564 1479 565 565 1480 566 566 1481 567 567 1482 568 568 1483 569 569 1484 569 569 1485 568 568 1486 570 570 1487 571 571 1488 572 572 1489 567 567 1490 573 573 1491 574 574 1492 575 575 1493 576 576 1494 577 577 1495 578 578 1496 570 570 1497 579 579 1498 569 569 1499 575 575 1500 580 580 1501 581 581 1502 570 570 1503 582 582 1504 579 579 1505 583 583 1506 584 584 1507 564 564 1508 585 585 1509 574 574 1510 573 573 1511 572 572 1512 568 568 1513 567 567 1514 585 585 1515 573 573 1516 565 565 1517 584 584 1518 585 585 1519 565 565 1520 564 564 1521 584 584 1522 565 565 1523 566 566 1524 579 579 1525 586 586 1526 587 587 1527 588 588 1528 571 571 1529 567 567 1530 587 587 1531 571 571 1532 575 575 1533 581 581 1534 573 573 1535 566 566 1536 569 569 1537 579 579 1538 566 566 1539 589 589 1540 564 564 1541 586 586 1542 589 589 1543 566 566 1544 590 590 1545 591 591 1546 592 592 1547 591 591 1548 590 590 1549 593 593 1550 592 592 1551 594 594 1552 595 595 1553 591 591 1554 594 594 1555 592 592 1556 596 596 1557 597 597 1558 598 598 1559 599 599 1560 600 600 1561 601 601 1562 594 594 1563 602 602 1564 595 595 1565 603 603 1566 604 604 1567 605 605 1568 606 606 1569 607 607 1570 608 608 1571 609 609 1572 610 610 1573 607 607 1574 609 609 1575 611 611 1576 610 610 1577 612 612 1578 613 613 1579 611 611 1580 612 612 1581 614 614 1582 613 613 1583 615 615 1584 614 614 1585 612 612 1586 605 605 1587 616 616 1588 617 617 1589 605 605 1590 618 618 1591 616 616 1592 605 605 1593 619 619 1594 620 620 1595 619 619 1596 605 605 1597 617 617 1598 621 621 1599 615 615 1600 622 622 1601 609 609 1602 607 607 1603 606 606 1604 612 612 1605 611 611 1606 609 609 1607 615 615 1608 623 623 1609 614 614 1610 615 615 1611 621 621 1612 623 623 1613 624 624 1614 625 625 1615 626 626 1616 627 627 1617 628 628 1618 629 629 1619 618 618 1620 605 605 1621 604 604 1622 630 630 1623 631 631 1624 598 598 1625 630 630 1626 632 632 1627 631 631 1628 633 633 1629 634 634 1630 635 635 1631 636 636 1632 637 637 1633 638 638 1634 639 639 1635 640 640 1636 641 641 1637 642 642 1638 643 643 1639 644 644 1640 645 645 1641 154 154 1642 646 646 1643 647 647 1644 648 648 1645 649 649 1646 650 650 1647 651 651 1648 652 652 1649 653 653 1650 654 654 1651 655 655 1652 656 656 1653 657 657 1654 658 658 1655 659 659 1656 660 660 1657 661 661 1658 662 662 1659 663 663 1660 645 645 1661 645 645 1662 649 649 1663 664 664 1664 649 649 1665 665 665 1666 664 664 1667 666 666 1668 667 667 1669 668 668 1670 669 669 1671 670 670 1672 671 671 1673 672 672 1674 673 673 1675 674 674 1676 675 675 1677 676 676 1678 677 677 1679 678 678 1680 679 679 1681 680 680 1682 681 681 1683 679 679 1684 682 682 1685 683 683 1686 684 684 1687 685 685 1688 686 686 1689 687 687 1690 688 688 1691 689 689 1692 690 690 1693 691 691 1694 691 691 1695 690 690 1696 692 692 1697 693 693 1698 694 694 1699 688 688 1700 695 695 1701 696 696 1702 697 697 1703 698 698 1704 699 699 1705 700 700 1706 683 683 1707 677 677 1708 701 701 1709 702 702 1710 703 703 1711 704 704 1712 705 705 1713 706 706 1714 707 707 1715 706 706 1716 708 708 1717 707 707 1718 704 704 1719 703 703 1720 706 706 1721 709 709 1722 703 703 1723 702 702 1724 702 702 1725 704 704 1726 710 710 1727 704 704 1728 706 706 1729 705 705 1730 704 704 1731 705 705 1732 710 710 1733 711 711 1734 703 703 1735 709 709 1736 712 712 1737 713 713 1738 714 714 1739 697 697 1740 714 714 1741 713 713 1742 715 715 1743 716 716 1744 717 717 1745 718 718 1746 713 713 1747 719 719 1748 720 720 1749 721 721 1750 722 722 1751 683 683 1752 701 701 1753 723 723 1754 722 722 1755 724 724 1756 720 720 1757 725 725 1758 726 726 1759 727 727 1760 728 728 1761 701 701 1762 729 729 1763 677 677 1764 730 730 1765 731 731 1766 700 700 1767 699 699 1768 732 732 1769 733 733 1770 724 724 1771 722 722 1772 677 677 1773 683 683 1774 685 685 1775 734 734 1776 668 668 1777 667 667 1778 735 735 1779 736 736 1780 737 737 1781 738 738 1782 685 685 1783 739 739 1784 676 676 1785 730 730 1786 677 677 1787 700 700 1788 740 740 1789 698 698 1790 673 673 1791 672 672 1792 741 741 1793 742 742 1794 743 743 1795 660 660 1796 668 668 1797 744 744 1798 666 666 1799 741 741 1800 745 745 1801 673 673 1802 638 638 1803 637 637 1804 746 746 1805 747 747 1806 748 748 1807 749 749 1808 750 750 1809 638 638 1810 746 746 1811 152 152 1812 151 151 1813 751 751 1814 752 752 1815 647 647 1816 753 753 1817 754 754 1818 634 634 1819 755 755 1820 633 633 1821 755 755 1822 634 634 1823 559 559 1824 756 756 1825 757 757 1826 758 758 1827 664 664 1828 759 759 1829 663 663 1830 154 154 1831 645 645 1832 760 760 1833 654 654 1834 761 761 1835 653 653 1836 761 761 1837 654 654 1838 660 660 1839 743 743 1840 559 559 1841 762 762 1842 763 763 1843 764 764 1844 765 765 1845 652 652 1846 766 766 1847 652 652 1848 651 651 1849 766 766 1850 751 751 1851 151 151 1852 767 767 1853 681 681 1854 751 751 1855 679 679 1856 647 647 1857 649 649 1858 645 645 1859 768 768 1860 697 697 1861 696 696 1862 156 156 1863 769 769 1864 153 153 1865 559 559 1866 155 155 1867 756 756 1868 559 559 1869 560 560 1870 155 155 1871 770 770 1872 771 771 1873 180 180 1874 180 180 1875 771 771 1876 556 556 1877 697 697 1878 768 768 1879 772 772 1880 773 773 1881 156 156 1882 774 774 1883 774 774 1884 156 156 1885 775 775 1886 156 156 1887 155 155 1888 775 775 1889 775 775 1890 155 155 1891 776 776 1892 156 156 1893 773 773 1894 777 777 1895 777 777 1896 773 773 1897 778 778 1898 779 779 1899 780 780 1900 771 771 1901 780 780 1902 556 556 1903 771 771 1904 687 687 1905 773 773 1906 774 774 1907 769 769 1908 730 730 1909 676 676 1910 663 663 1911 756 756 1912 155 155 1913 177 177 1914 179 179 1915 781 781 1916 179 179 1917 181 181 1918 782 782 1919 783 783 1920 173 173 1921 172 172 1922 784 784 1923 785 785 1924 786 786 1925 787 787 1926 785 785 1927 784 784 1928 788 788 1929 789 789 1930 790 790 1931 723 723 1932 712 712 1933 791 791 1934 791 791 1935 683 683 1936 723 723 1937 714 714 1938 791 791 1939 712 712 1940 714 714 1941 792 792 1942 793 793 1943 794 794 1944 795 795 1945 796 796 1946 795 795 1947 792 792 1948 797 797 1949 683 683 1950 792 792 1951 795 795 1952 683 683 1953 795 795 1954 798 798 1955 795 795 1956 681 681 1957 798 798 1958 681 681 1959 794 794 1960 799 799 1961 800 800 1962 781 781 1963 743 743 1964 801 801 1965 792 792 1966 714 714 1967 743 743 1968 781 781 1969 782 782 1970 793 793 1971 683 683 1972 791 791 1973 714 714 1974 793 793 1975 791 791 1976 798 798 1977 681 681 1978 802 802 1979 683 683 1980 798 798 1981 802 802 1982 799 799 1983 649 649 1984 803 803 1985 681 681 1986 799 799 1987 803 803 1988 554 554 1989 792 792 1990 801 801 1991 781 781 1992 179 179 1993 782 782 1994 682 682 1995 684 684 1996 802 802 1997 802 802 1998 681 681 1999 682 682 2000 683 683 2001 802 802 2002 684 684 2003 648 648 2004 804 804 2005 803 803 2006 803 803 2007 649 649 2008 648 648 2009 681 681 2010 803 803 2011 804 804 2012 649 649 2013 805 805 2014 665 665 2015 742 742 2016 665 665 2017 805 805 2018 743 743 2019 558 558 2020 559 559 2021 772 772 2022 801 801 2023 714 714 2024 697 697 2025 772 772 2026 714 714 2027 782 782 2028 558 558 2029 743 743 2030 794 794 2031 649 649 2032 799 799 2033 681 681 2034 795 795 2035 794 794 2036 792 792 2037 683 683 2038 793 793 2039 782 782 2040 181 181 2041 558 558 2042 797 797 2043 796 796 2044 795 795 2045 554 554 2046 797 797 2047 792 792 2048 806 806 2049 170 170 2050 169 169 2051 807 807 2052 167 167 2053 166 166 2054 808 808 2055 789 789 2056 788 788 2057 809 809 2058 164 164 2059 163 163 2060 810 810 2061 776 776 2062 557 557 2063 557 557 2064 776 776 2065 560 560 2066 155 155 2067 560 560 2068 776 776 2069 780 780 2070 557 557 2071 556 556 2072 557 557 2073 560 560 2074 558 558 2075 811 811 2076 812 812 2077 813 813 2078 813 813 2079 812 812 2080 814 814 2081 815 815 2082 812 812 2083 811 811 2084 816 816 2085 817 817 2086 812 812 2087 818 818 2088 816 816 2089 812 812 2090 812 812 2091 817 817 2092 819 819 2093 812 812 2094 820 820 2095 814 814 2096 818 818 2097 812 812 2098 815 815 2099 821 821 2100 812 812 2101 819 819 2102 821 821 2103 820 820 2104 812 812 2105 822 822 2106 525 525 2107 823 823 2108 824 824 2109 525 525 2110 822 822 2111 825 825 2112 826 826 2113 822 822 2114 827 827 2115 828 828 2116 829 829 2117 830 830 2118 831 831 2119 832 832 2120 833 833 2121 834 834 2122 835 835 2123 836 836 2124 837 837 2125 838 838 2126 839 839 2127 840 840 2128 841 841 2129 842 842 2130 843 843 2131 844 844 2132 845 845 2133 846 846 2134 847 847 2135 848 848 2136 849 849 2137 846 846 2138 850 850 2139 851 851 2140 849 849 2141 852 852 2142 853 853 2143 854 854 2144 855 855 2145 856 856 2146 857 857 2147 858 858 2148 859 859 2149 860 860 2150 861 861 2151 862 862 2152 863 863 2153 857 857 2154 864 864 2155 865 865 2156 865 865 2157 855 855 2158 857 857 2159 205 205 2160 866 866 2161 867 867 2162 867 867 2163 868 868 2164 869 869 2165 869 869 2166 205 205 2167 867 867 2168 870 870 2169 871 871 2170 872 872 2171 873 873 2172 874 874 2173 875 875 2174 875 875 2175 874 874 2176 876 876 2177 875 875 2178 876 876 2179 877 877 2180 877 877 2181 878 878 2182 879 879 2183 877 877 2184 876 876 2185 878 878 2186 880 880 2187 881 881 2188 882 882 2189 883 883 2190 884 884 2191 880 880 2192 885 885 2193 884 884 2194 883 883 2195 883 883 2196 880 880 2197 882 882 2198 886 886 2199 887 887 2200 888 888 2201 879 879 2202 878 878 2203 889 889 2204 879 879 2205 889 889 2206 882 882 2207 882 882 2208 889 889 2209 883 883 2210 890 890 2211 891 891 2212 892 892 2213 890 890 2214 893 893 2215 894 894 2216 895 895 2217 896 896 2218 897 897 2219 898 898 2220 899 899 2221 900 900 2222 901 901 2223 895 895 2224 902 902 2225 896 896 2226 895 895 2227 901 901 2228 900 900 2229 903 903 2230 904 904 2231 900 900 2232 905 905 2233 906 906 2234 901 901 2235 907 907 2236 908 908 2237 904 904 2238 909 909 2239 910 910 2240 900 900 2241 911 911 2242 912 912 2243 913 913 2244 914 914 2245 915 915 2246 916 916 2247 917 917 2248 918 918 2249 919 919 2250 916 916 2251 918 918 2252 920 920 2253 917 917 2254 916 916 2255 921 921 2256 915 915 2257 922 922 2258 922 922 2259 915 915 2260 914 914 2261 923 923 2262 924 924 2263 902 902 2264 925 925 2265 926 926 2266 927 927 2267 924 924 2268 928 928 2269 926 926 2270 924 924 2271 926 926 2272 925 925 2273 928 928 2274 924 924 2275 923 923 2276 914 914 2277 929 929 2278 930 930 2279 918 918 2280 931 931 2281 919 919 2282 922 922 2283 914 914 2284 930 930 2285 929 929 2286 914 914 2287 913 913 2288 927 927 2289 899 899 2290 925 925 2291 900 900 2292 932 932 2293 911 911 2294 912 912 2295 903 903 2296 900 900 2297 270 270 2298 933 933 2299 268 268 2300 934 934 2301 933 933 2302 935 935 2303 936 936 2304 937 937 2305 938 938 2306 939 939 2307 940 940 2308 936 936 2309 941 941 2310 942 942 2311 943 943 2312 943 943 2313 944 944 2314 945 945 2315 943 943 2316 942 942 2317 944 944 2318 946 946 2319 947 947 2320 948 948 2321 949 949 2322 941 941 2323 943 943 2324 939 939 2325 936 936 2326 950 950 2327 936 936 2328 938 938 2329 950 950 2330 286 286 2331 285 285 2332 951 951 2333 952 952 2334 941 941 2335 953 953 2336 941 941 2337 949 949 2338 953 953 2339 286 286 2340 951 951 2341 954 954 2342 951 951 2343 955 955 2344 954 954 2345 955 955 2346 951 951 2347 956 956 2348 957 957 2349 958 958 2350 959 959 2351 949 949 2352 948 948 2353 953 953 2354 960 960 2355 961 961 2356 962 962 2357 962 962 2358 961 961 2359 963 963 2360 937 937 2361 964 964 2362 965 965 2363 966 966 2364 967 967 2365 968 968 2366 969 969 2367 970 970 2368 971 971 2369 972 972 2370 973 973 2371 974 974 2372 975 975 2373 972 972 2374 974 974 2375 976 976 2376 973 973 2377 972 972 2378 951 951 2379 966 966 2380 956 956 2381 977 977 2382 978 978 2383 887 887 2384 975 975 2385 974 974 2386 971 971 2387 971 971 2388 970 970 2389 975 975 2390 979 979 2391 980 980 2392 981 981 2393 966 966 2394 968 968 2395 956 956 2396 308 308 2397 307 307 2398 982 982 2399 983 983 2400 984 984 2401 985 985 2402 960 960 2403 962 962 2404 986 986 2405 962 962 2406 947 947 2407 986 986 2408 981 981 2409 980 980 2410 987 987 2411 947 947 2412 962 962 2413 948 948 2414 988 988 2415 984 984 2416 983 983 2417 989 989 2418 988 988 2419 983 983 2420 990 990 2421 984 984 2422 988 988 2423 984 984 2424 990 990 2425 982 982 2426 317 317 2427 318 318 2428 991 991 2429 989 989 2430 945 945 2431 944 944 2432 945 945 2433 989 989 2434 983 983 2435 859 859 2436 858 858 2437 992 992 2438 993 993 2439 886 886 2440 994 994 2441 886 886 2442 995 995 2443 994 994 2444 995 995 2445 996 996 2446 994 994 2447 997 997 2448 998 998 2449 999 999 2450 329 329 2451 994 994 2452 996 996 2453 329 329 2454 996 996 2455 330 330 2456 1000 1000 2457 997 997 2458 999 999 2459 999 999 2460 998 998 2461 993 993 2462 888 888 2463 1001 1001 2464 995 995 2465 995 995 2466 886 886 2467 888 888 2468 993 993 2469 994 994 2470 999 999 2471 1002 1002 2472 1003 1003 2473 1004 1004 2474 1005 1005 2475 1006 1006 2476 1007 1007 2477 1008 1008 2478 1009 1009 2479 1010 1010 2480 338 338 2481 1011 1011 2482 1012 1012 2483 1009 1009 2484 1008 1008 2485 1013 1013 2486 1012 1012 2487 1014 1014 2488 1015 1015 2489 1016 1016 2490 1017 1017 2491 1018 1018 2492 347 347 2493 346 346 2494 1019 1019 2495 1019 1019 2496 346 346 2497 1020 1020 2498 1020 1020 2499 1015 1015 2500 1014 1014 2501 1021 1021 2502 1022 1022 2503 1023 1023 2504 1024 1024 2505 1025 1025 2506 1026 1026 2507 1027 1027 2508 1028 1028 2509 1021 1021 2510 1029 1029 2511 1030 1030 2512 1012 1012 2513 1014 1014 2514 1031 1031 2515 1020 1020 2516 1020 1020 2517 1031 1031 2518 1019 1019 2519 1012 1012 2520 1024 1024 2521 1014 1014 2522 1032 1032 2523 1033 1033 2524 1034 1034 2525 1012 1012 2526 1015 1015 2527 1029 1029 2528 1035 1035 2529 1036 1036 2530 1037 1037 2531 1038 1038 2532 1037 1037 2533 1039 1039 2534 1035 1035 2535 1037 1037 2536 1038 1038 2537 1040 1040 2538 1041 1041 2539 1042 1042 2540 1042 1042 2541 1043 1043 2542 1040 1040 2543 1044 1044 2544 1045 1045 2545 1046 1046 2546 1047 1047 2547 1045 1045 2548 1044 1044 2549 1048 1048 2550 1045 1045 2551 1047 1047 2552 1042 1042 2553 1041 1041 2554 1049 1049 2555 1050 1050 2556 1041 1041 2557 1051 1051 2558 1052 1052 2559 1053 1053 2560 1054 1054 2561 1036 1036 2562 1055 1055 2563 1037 1037 2564 1046 1046 2565 1045 1045 2566 1056 1056 2567 1050 1050 2568 1049 1049 2569 1041 1041 2570 1037 1037 2571 1055 1055 2572 1057 1057 2573 1051 1051 2574 1041 1041 2575 1040 1040 2576 1058 1058 2577 1040 1040 2578 1043 1043 2579 1059 1059 2580 1060 1060 2581 1061 1061 2582 1062 1062 2583 1063 1063 2584 1064 1064 2585 1061 1061 2586 1065 1065 2587 1066 1066 2588 1067 1067 2589 1064 1064 2590 1068 1068 2591 1069 1069 2592 1070 1070 2593 1071 1071 2594 1072 1072 2595 1073 1073 2596 1074 1074 2597 1074 1074 2598 1073 1073 2599 1075 1075 2600 1072 1072 2601 1076 1076 2602 1073 1073 2603 1073 1073 2604 1076 1076 2605 413 413 2606 414 414 2607 1073 1073 2608 413 413 2609 1077 1077 2610 1078 1078 2611 1079 1079 2612 1040 1040 2613 1078 1078 2614 1080 1080 2615 1081 1081 2616 1082 1082 2617 1083 1083 2618 1084 1084 2619 1085 1085 2620 124 124 2621 427 427 2622 1086 1086 2623 425 425 2624 425 425 2625 1087 1087 2626 428 428 2627 1088 1088 2628 1089 1089 2629 1090 1090 2630 1091 1091 2631 1092 1092 2632 433 433 2633 1079 1079 2634 1078 1078 2635 1093 1093 2636 1051 1051 2637 1040 1040 2638 1094 1094 2639 1085 1085 2640 1088 1088 2641 1090 1090 2642 1095 1095 2643 1096 1096 2644 1097 1097 2645 1098 1098 2646 1099 1099 2647 1100 1100 2648 433 433 2649 1092 1092 2650 444 444 2651 1085 1085 2652 1090 1090 2653 124 124 2654 1101 1101 2655 1102 1102 2656 1081 1081 2657 444 444 2658 1092 1092 2659 427 427 2660 1091 1091 2661 1103 1103 2662 1092 1092 2663 1104 1104 2664 1088 1088 2665 1085 1085 2666 1081 1081 2667 1083 1083 2668 1105 1105 2669 1106 1106 2670 1107 1107 2671 1108 1108 2672 1109 1109 2673 1107 1107 2674 1106 1106 2675 1096 1096 2676 1095 1095 2677 1110 1110 2678 1111 1111 2679 1079 1079 2680 1093 1093 2681 1108 1108 2682 1107 1107 2683 1105 1105 2684 1112 1112 2685 1102 1102 2686 1113 1113 2687 1080 1080 2688 1094 1094 2689 1040 1040 2690 1101 1101 2691 1081 1081 2692 1105 1105 2693 1104 1104 2694 1114 1114 2695 1088 1088 2696 1086 1086 2697 427 427 2698 1092 1092 2699 1087 1087 2700 1115 1115 2701 428 428 2702 1086 1086 2703 1087 1087 2704 425 425 2705 127 127 2706 124 124 2707 1090 1090 2708 1116 1116 2709 1115 1115 2710 1087 1087 2711 1090 1090 2712 1089 1089 2713 1117 1117 2714 1080 1080 2715 1078 1078 2716 1077 1077 2717 1113 1113 2718 1102 1102 2719 1101 1101 2720 1105 1105 2721 1083 1083 2722 1108 1108 2723 1118 1118 2724 1108 1108 2725 1083 1083 2726 1119 1119 2727 1120 1120 2728 1121 1121 2729 1121 1121 2730 1107 1107 2731 1122 1122 2732 1123 1123 2733 1119 1119 2734 1124 1124 2735 1122 1122 2736 1119 1119 2737 1121 1121 2738 1123 1123 2739 1125 1125 2740 1119 1119 2741 1122 1122 2742 1107 1107 2743 1109 1109 2744 1124 1124 2745 1119 1119 2746 1122 1122 2747 1126 1126 2748 1120 1120 2749 1119 1119 2750 1127 1127 2751 1128 1128 2752 1114 1114 2753 1128 1128 2754 1126 1126 2755 1089 1089 2756 1126 1126 2757 1119 1119 2758 1125 1125 2759 1089 1089 2760 1126 1126 2761 1125 1125 2762 1129 1129 2763 1130 1130 2764 1131 1131 2765 1132 1132 2766 1133 1133 2767 1134 1134 2768 1134 1134 2769 1135 1135 2770 1132 1132 2771 1136 1136 2772 1137 1137 2773 1134 1134 2774 1134 1134 2775 1137 1137 2776 1138 1138 2777 1138 1138 2778 1135 1135 2779 1134 1134 2780 1139 1139 2781 1140 1140 2782 1141 1141 2783 1141 1141 2784 1142 1142 2785 1139 1139 2786 1139 1139 2787 1143 1143 2788 1140 1140 2789 1139 1139 2790 1144 1144 2791 1145 1145 2792 1145 1145 2793 1143 1143 2794 1139 1139 2795 902 902 2796 924 924 2797 1146 1146 2798 1147 1147 2799 1116 1116 2800 1148 1148 2801 1149 1149 2802 1148 1148 2803 1066 1066 2804 1148 1148 2805 1116 1116 2806 1066 1066 2807 1150 1150 2808 1151 1151 2809 1152 1152 2810 1152 1152 2811 1153 1153 2812 508 508 2813 1152 1152 2814 1151 1151 2815 1153 1153 2816 1151 1151 2817 1154 1154 2818 1153 1153 2819 1155 1155 2820 1156 1156 2821 1068 1068 2822 1157 1157 2823 1068 1068 2824 1156 1156 2825 1158 1158 2826 1159 1159 2827 1160 1160 2828 1161 1161 2829 1162 1162 2830 1163 1163 2831 1154 1154 2832 1164 1164 2833 1153 1153 2834 1161 1161 2835 1163 1163 2836 508 508 2837 1153 1153 2838 1161 1161 2839 508 508 2840 1164 1164 2841 1165 1165 2842 1161 1161 2843 1153 1153 2844 1164 1164 2845 1161 1161 2846 1166 1166 2847 1163 1163 2848 1162 1162 2849 1165 1165 2850 1162 1162 2851 1161 1161 2852 1167 1167 2853 1168 1168 2854 1160 1160 2855 1169 1169 2856 1170 1170 2857 1171 1171 2858 1107 1107 2859 1172 1172 2860 1105 1105 2861 1173 1173 2862 1174 1174 2863 1101 1101 2864 1101 1101 2865 1172 1172 2866 1173 1173 2867 1105 1105 2868 1172 1172 2869 1101 1101 2870 1051 1051 2871 1094 1094 2872 1175 1175 2873 1176 1176 2874 1177 1177 2875 1178 1178 2876 1179 1179 2877 1180 1180 2878 1170 1170 2879 1181 1181 2880 1176 1176 2881 1178 1178 2882 1182 1182 2883 1176 1176 2884 1181 1181 2885 1170 1170 2886 1180 1180 2887 1183 1183 2888 1174 1174 2889 1113 1113 2890 1101 1101 2891 1171 1171 2892 1170 1170 2893 1183 1183 2894 1184 1184 2895 1177 1177 2896 1176 1176 2897 900 900 2898 906 906 2899 898 898 2900 236 236 2901 241 241 2902 234 234 2903 774 774 2904 693 693 2905 688 688 2906 688 688 2907 687 687 2908 774 774 2909 1185 1185 2910 1186 1186 2911 688 688 2912 688 688 2913 1186 1186 2914 686 686 2915 688 688 2916 694 694 2917 1185 1185 2918 691 691 2919 692 692 2920 776 776 2921 776 776 2922 810 810 2923 691 691 2924 1187 1187 2925 689 689 2926 691 691 2927 691 691 2928 1188 1188 2929 1187 1187 2930 691 691 2931 810 810 2932 1188 1188 2933 1189 1189 2934 549 549 2935 1100 1100 2936 1040 1040 2937 1058 1058 2938 1078 1078 2939 1102 1102 2940 1093 1093 2941 1190 1190 2942 1191 1191 2943 1192 1192 2944 1193 1193 2945 1194 1194 2946 1190 1190 2947 1195 1195 2948 1081 1081 2949 1102 1102 2950 1196 1196 2951 1191 1191 2952 1197 1197 2953 1198 1198 2954 1195 1195 2955 1199 1199 2956 1200 1200 2957 1201 1201 2958 1202 1202 2959 1203 1203 2960 1193 1193 2961 1204 1204 2962 1205 1205 2963 1206 1206 2964 1189 1189 2965 1100 1100 2966 1196 1196 2967 1190 1190 2968 1194 1194 2969 1082 1082 2970 1196 1196 2971 1207 1207 2972 1202 1202 2973 1201 1201 2974 1200 1200 2975 1207 1207 2976 1194 1194 2977 1200 1200 2978 1201 1201 2979 1207 1207 2980 1200 1200 2981 1191 1191 2982 1193 1193 2983 1197 1197 2984 1199 1199 2985 1195 1195 2986 1192 1192 2987 550 550 2988 1100 1100 2989 549 549 2990 1199 1199 2991 1202 1202 2992 1200 1200 2993 1202 1202 2994 1199 1199 2995 1191 1191 2996 1196 1196 2997 1194 1194 2998 1207 1207 2999 1201 1201 3000 1208 1208 3001 1207 1207 3002 1195 1195 3003 1200 1200 3004 1194 1194 3005 1209 1209 3006 1210 1210 3007 1205 1205 3008 1197 1197 3009 1210 1210 3010 1198 1198 3011 1205 1205 3012 1210 1210 3013 1197 1197 3014 1193 1193 3015 1205 1205 3016 1197 1197 3017 1206 1206 3018 1100 1100 3019 1099 1099 3020 1209 1209 3021 1205 1205 3022 1204 1204 3023 1203 1203 3024 1191 1191 3025 1198 1198 3026 1191 1191 3027 1199 1199 3028 1192 1192 3029 1190 1190 3030 1192 1192 3031 1195 1195 3032 1208 1208 3033 1082 1082 3034 1207 1207 3035 1191 1191 3036 1203 1203 3037 1202 1202 3038 1082 1082 3039 1081 1081 3040 1196 1196 3041 1196 1196 3042 1102 1102 3043 1190 1190 3044 1190 1190 3045 1093 1093 3046 1211 1211 3047 1208 1208 3048 1201 1201 3049 1203 1203 3050 1212 1212 3051 1213 1213 3052 1214 1214 3053 845 845 3054 848 848 3055 846 846 3056 848 848 3057 850 850 3058 849 849 3059 850 850 3060 1215 1215 3061 851 851 3062 850 850 3063 1216 1216 3064 1215 1215 3065 1216 1216 3066 850 850 3067 1217 1217 3068 1218 1218 3069 1217 1217 3070 1130 1130 3071 1219 1219 3072 1220 1220 3073 1221 1221 3074 1222 1222 3075 1223 1223 3076 1224 1224 3077 1225 1225 3078 1226 1226 3079 1227 1227 3080 1228 1228 3081 1226 1226 3082 1225 1225 3083 1227 1227 3084 1229 1229 3085 1230 1230 3086 1231 1231 3087 1232 1232 3088 1233 1233 3089 1234 1234 3090 1235 1235 3091 1236 1236 3092 1225 1225 3093 1237 1237 3094 1228 1228 3095 1238 1238 3096 1239 1239 3097 1231 1231 3098 1237 1237 3099 1240 1240 3100 1228 1228 3101 1224 1224 3102 1241 1241 3103 1242 1242 3104 1233 1233 3105 1232 1232 3106 1243 1243 3107 1227 1227 3108 1226 1226 3109 1229 1229 3110 1223 1223 3111 1233 1233 3112 1243 1243 3113 1223 1223 3114 1243 1243 3115 1241 1241 3116 1223 1223 3117 1241 1241 3118 1224 1224 3119 1244 1244 3120 1237 1237 3121 1222 1222 3122 1230 1230 3123 1245 1245 3124 1246 1246 3125 1230 1230 3126 1246 1246 3127 1227 1227 3128 1233 1233 3129 1238 1238 3130 1231 1231 3131 1237 1237 3132 1225 1225 3133 1222 1222 3134 1224 1224 3135 1247 1247 3136 1222 1222 3137 1222 1222 3138 1247 1247 3139 1244 1244 3140 1248 1248 3141 1249 1249 3142 1250 1250 3143 1251 1251 3144 1250 1250 3145 1249 1249 3146 1252 1252 3147 1253 1253 3148 1248 1248 3149 1248 1248 3150 1253 1253 3151 1249 1249 3152 1254 1254 3153 1255 1255 3154 1256 1256 3155 1257 1257 3156 1258 1258 3157 1259 1259 3158 1252 1252 3159 1260 1260 3160 1253 1253 3161 605 605 3162 1261 1261 3163 603 603 3164 1262 1262 3165 1263 1263 3166 1264 1264 3167 1263 1263 3168 1265 1265 3169 1266 1266 3170 1265 1265 3171 1267 1267 3172 1266 1266 3173 1267 1267 3174 1268 1268 3175 1269 1269 3176 1268 1268 3177 1270 1270 3178 1269 1269 3179 1271 1271 3180 1266 1266 3181 1269 1269 3182 620 620 3183 1272 1272 3184 605 605 3185 1273 1273 3186 605 605 3187 1272 1272 3188 622 622 3189 1274 1274 3190 621 621 3191 1264 1264 3192 1263 1263 3193 1266 1266 3194 1266 1266 3195 1267 1267 3196 1269 1269 3197 1275 1275 3198 621 621 3199 1274 1274 3200 1276 1276 3201 1277 1277 3202 1278 1278 3203 1254 1254 3204 1279 1279 3205 1280 1280 3206 1279 1279 3207 1281 1281 3208 1280 1280 3209 1282 1282 3210 1283 1283 3211 1284 1284 3212 1285 1285 3213 1286 1286 3214 1287 1287 3215 1288 1288 3216 1289 1289 3217 1290 1290 3218 1291 1291 3219 1292 1292 3220 1293 1293 3221 1294 1294 3222 824 824 3223 1295 1295 3224 1296 1296 3225 1297 1297 3226 1298 1298 3227 1299 1299 3228 1300 1300 3229 1301 1301 3230 1302 1302 3231 1303 1303 3232 1304 1304 3233 1305 1305 3234 1306 1306 3235 1307 1307 3236 1308 1308 3237 1309 1309 3238 1310 1310 3239 1295 1295 3240 1311 1311 3241 1312 1312 3242 1313 1313 3243 1296 1296 3244 1295 1295 3245 1313 1313 3246 1314 1314 3247 1296 1296 3248 1315 1315 3249 1316 1316 3250 1317 1317 3251 1318 1318 3252 1319 1319 3253 1320 1320 3254 1321 1321 3255 1322 1322 3256 1323 1323 3257 1324 1324 3258 1325 1325 3259 1326 1326 3260 1327 1327 3261 1328 1328 3262 1329 1329 3263 1330 1330 3264 1328 1328 3265 1331 1331 3266 1332 1332 3267 1333 1333 3268 1334 1334 3269 1134 1134 3270 1335 1335 3271 1136 1136 3272 1142 1142 3273 1336 1336 3274 1139 1139 3275 1139 1139 3276 1336 1336 3277 1144 1144 3278 1133 1133 3279 1335 1335 3280 1134 1134 3281 1337 1337 3282 1338 1338 3283 1339 1339 3284 1340 1340 3285 1341 1341 3286 1342 1342 3287 1343 1343 3288 1324 1324 3289 1334 1334 3290 1344 1344 3291 1345 1345 3292 1346 1346 3293 1347 1347 3294 1348 1348 3295 1349 1349 3296 1347 1347 3297 1350 1350 3298 1348 1348 3299 1348 1348 3300 1345 1345 3301 1344 1344 3302 1346 1346 3303 1345 1345 3304 1351 1351 3305 1352 1352 3306 1344 1344 3307 1346 1346 3308 1349 1349 3309 1348 1348 3310 1344 1344 3311 1352 1352 3312 1349 1349 3313 1344 1344 3314 1351 1351 3315 1345 1345 3316 1353 1353 3317 1354 1354 3318 1355 1355 3319 1356 1356 3320 1355 1355 3321 1354 1354 3322 1337 1337 3323 1357 1357 3324 1358 1358 3325 1359 1359 3326 1360 1360 3327 1355 1355 3328 1361 1361 3329 1362 1362 3330 1363 1363 3331 1364 1364 3332 1365 1365 3333 1343 1343 3334 1334 1334 3335 1364 1364 3336 1366 1366 3337 1362 1362 3338 1367 1367 3339 1368 1368 3340 1369 1369 3341 1370 1370 3342 1343 1343 3343 1371 1371 3344 1372 1372 3345 1373 1373 3346 1324 1324 3347 1374 1374 3348 1341 1341 3349 1340 1340 3350 1362 1362 3351 1366 1366 3352 1375 1375 3353 1332 1332 3354 1334 1334 3355 1324 1324 3356 1316 1316 3357 1315 1315 3358 1376 1376 3359 1377 1377 3360 1378 1378 3361 1379 1379 3362 1380 1380 3363 1332 1332 3364 1381 1381 3365 1324 1324 3366 1373 1373 3367 1325 1325 3368 1342 1342 3369 1382 1382 3370 1340 1340 3371 1383 1383 3372 1323 1323 3373 1322 1322 3374 1309 1309 3375 1384 1384 3376 1385 1385 3377 1317 1317 3378 1386 1386 3379 1315 1315 3380 1322 1322 3381 1387 1387 3382 1383 1383 3383 1388 1388 3384 1286 1286 3385 1285 1285 3386 1389 1389 3387 1390 1390 3388 1391 1391 3389 1388 1388 3390 1285 1285 3391 1392 1392 3392 524 524 3393 823 823 3394 525 525 3395 1393 1393 3396 1298 1298 3397 1394 1394 3398 1395 1395 3399 1283 1283 3400 1396 1396 3401 1283 1283 3402 1395 1395 3403 1284 1284 3404 1397 1397 3405 1313 1313 3406 1398 1398 3407 1295 1295 3408 824 824 3409 1311 1311 3410 1399 1399 3411 1303 1303 3412 1400 1400 3413 1303 1303 3414 1399 1399 3415 1304 1304 3416 1130 1130 3417 1384 1384 3418 1309 1309 3419 1401 1401 3420 1402 1402 3421 1403 1403 3422 1404 1404 3423 1299 1299 3424 1405 1405 3425 1404 1404 3426 1300 1300 3427 1299 1299 3428 1406 1406 3429 823 823 3430 524 524 3431 1328 1328 3432 524 524 3433 1331 1331 3434 1295 1295 3435 1296 1296 3436 1298 1298 3437 1338 1338 3438 1337 1337 3439 1407 1407 3440 822 822 3441 1408 1408 3442 825 825 3443 1129 1129 3444 826 826 3445 1130 1130 3446 826 826 3447 1218 1218 3448 1130 1130 3449 1214 1214 3450 1409 1409 3451 1410 1410 3452 851 851 3453 1411 1411 3454 1412 1412 3455 1215 1215 3456 1411 1411 3457 851 851 3458 1413 1413 3459 1407 1407 3460 1337 1337 3461 1133 1133 3462 825 825 3463 1414 1414 3464 1415 1415 3465 825 825 3466 1133 1133 3467 1415 1415 3468 826 826 3469 825 825 3470 1144 1144 3471 826 826 3472 1415 1415 3473 1416 1416 3474 1414 1414 3475 825 825 3476 1417 1417 3477 1414 1414 3478 1416 1416 3479 1411 1411 3480 1418 1418 3481 1419 1419 3482 1411 1411 3483 1215 1215 3484 1418 1418 3485 1133 1133 3486 1414 1414 3487 1335 1335 3488 1325 1325 3489 1373 1373 3490 1408 1408 3491 826 826 3492 1129 1129 3493 1311 1311 3494 1420 1420 3495 848 848 3496 845 845 3497 1421 1421 3498 850 850 3499 848 848 3500 844 844 3501 843 843 3502 1422 1422 3503 1423 1423 3504 1424 1424 3505 1425 1425 3506 1425 1425 3507 1424 1424 3508 1426 1426 3509 1427 1427 3510 1428 1428 3511 1429 1429 3512 1430 1430 3513 1356 1356 3514 1365 1365 3515 1365 1365 3516 1334 1334 3517 1430 1430 3518 1356 1356 3519 1430 1430 3520 1354 1354 3521 1431 1431 3522 1432 1432 3523 1354 1354 3524 1433 1433 3525 1434 1434 3526 1435 1435 3527 1436 1436 3528 1432 1432 3529 1434 1434 3530 1434 1434 3531 1432 1432 3532 1334 1334 3533 1437 1437 3534 1434 1434 3535 1334 1334 3536 1437 1437 3537 1331 1331 3538 1434 1434 3539 1438 1438 3540 1435 1435 3541 1331 1331 3542 1384 1384 3543 1420 1420 3544 1439 1439 3545 1354 1354 3546 1432 1432 3547 1440 1440 3548 1421 1421 3549 1420 1420 3550 1384 1384 3551 1430 1430 3552 1334 1334 3553 1431 1431 3554 1430 1430 3555 1431 1431 3556 1354 1354 3557 1441 1441 3558 1331 1331 3559 1437 1437 3560 1441 1441 3561 1437 1437 3562 1334 1334 3563 1442 1442 3564 1296 1296 3565 1438 1438 3566 1442 1442 3567 1438 1438 3568 1331 1331 3569 1440 1440 3570 1432 1432 3571 1213 1213 3572 1421 1421 3573 848 848 3574 1420 1420 3575 1441 1441 3576 1333 1333 3577 1330 1330 3578 1330 1330 3579 1331 1331 3580 1441 1441 3581 1333 1333 3582 1441 1441 3583 1334 1334 3584 1442 1442 3585 1443 1443 3586 1297 1297 3587 1297 1297 3588 1296 1296 3589 1442 1442 3590 1443 1443 3591 1442 1442 3592 1331 1331 3593 1314 1314 3594 1444 1444 3595 1296 1296 3596 1385 1385 3597 1384 1384 3598 1444 1444 3599 1444 1444 3600 1314 1314 3601 1385 1385 3602 1130 1130 3603 1217 1217 3604 1384 1384 3605 1354 1354 3606 1440 1440 3607 1413 1413 3608 1354 1354 3609 1413 1413 3610 1337 1337 3611 1384 1384 3612 1217 1217 3613 1421 1421 3614 1438 1438 3615 1296 1296 3616 1435 1435 3617 1435 1435 3618 1434 1434 3619 1331 1331 3620 1431 1431 3621 1334 1334 3622 1432 1432 3623 1217 1217 3624 850 850 3625 1421 1421 3626 1434 1434 3627 1433 1433 3628 1436 1436 3629 1432 1432 3630 1436 1436 3631 1213 1213 3632 841 841 3633 840 840 3634 1445 1445 3635 838 838 3636 837 837 3637 1446 1446 3638 1429 1429 3639 1428 1428 3640 1447 1447 3641 835 835 3642 834 834 3643 1448 1448 3644 1216 1216 3645 1144 1144 3646 1336 1336 3647 1218 1218 3648 1144 1144 3649 1216 1216 3650 1144 1144 3651 1218 1218 3652 826 826 3653 1215 1215 3654 1216 1216 3655 1418 1418 3656 1217 1217 3657 1218 1218 3658 1216 1216 3659 1449 1449 3660 152 152 3661 751 751 3662 225 225 3663 224 224 3664 226 226 3665 225 225 3666 227 227 3667 233 233 3668 909 909 3669 893 893 3670 890 890 3671 894 894 3672 891 891 3673 890 890 3674 1450 1450 3675 1451 1451 3676 1452 1452 3677 1453 1453 3678 1454 1454 3679 1455 1455 3680 1412 1412 3681 1456 1456 3682 851 851 3683 1457 1457 3684 1458 1458 3685 1459 1459 3686 1410 1410 3687 1212 1212 3688 1214 1214 3689 180 180 3690 1460 1460 3691 770 770 3692 128 128 3693 126 126 3694 129 129 3695 126 126 3696 127 127 3697 129 129 3698 138 138 3699 136 136 3700 139 139 3701 136 136 3702 137 137 3703 139 139 3704 1461 1461 3705 1462 1462 3706 1463 1463 3707 1462 1462 3708 1464 1464 3709 1463 1463 3710 1462 1462 3711 1465 1465 3712 1464 1464 3713 1465 1465 3714 1466 1466 3715 1464 1464 3716 1465 1465 3717 1467 1467 3718 1466 1466 3719 1467 1467 3720 1468 1468 3721 1466 1466 3722 1467 1467 3723 1469 1469 3724 1468 1468 3725 1469 1469 3726 1470 1470 3727 1468 1468 3728 1469 1469 3729 1471 1471 3730 1470 1470 3731 1471 1471 3732 1472 1472 3733 1470 1470 3734 1462 1462 3735 1461 1461 3736 1473 1473 3737 1461 1461 3738 1474 1474 3739 1473 1473 3740 1465 1465 3741 1462 1462 3742 1475 1475 3743 1462 1462 3744 1473 1473 3745 1475 1475 3746 1467 1467 3747 1465 1465 3748 1476 1476 3749 1465 1465 3750 1475 1475 3751 1476 1476 3752 1469 1469 3753 1467 1467 3754 1477 1477 3755 1467 1467 3756 1476 1476 3757 1477 1477 3758 1471 1471 3759 1469 1469 3760 1478 1478 3761 1469 1469 3762 1477 1477 3763 1478 1478 3764 1479 1479 3765 1480 1480 3766 1481 1481 3767 1480 1480 3768 1482 1482 3769 1481 1481 3770 1483 1483 3771 158 158 3772 1484 1484 3773 158 158 3774 157 157 3775 1484 1484 3776 1483 1483 3777 1484 1484 3778 1482 1482 3779 1484 1484 3780 1481 1481 3781 1482 1482 3782 1479 1479 3783 161 161 3784 1480 1480 3785 161 161 3786 160 160 3787 1480 1480 3788 165 165 3789 1485 1485 3790 163 163 3791 1485 1485 3792 1486 1486 3793 163 163 3794 790 790 3795 1487 1487 3796 788 788 3797 1487 1487 3798 1486 1486 3799 788 788 3800 168 168 3801 1488 1488 3802 166 166 3803 1488 1488 3804 1489 1489 3805 166 166 3806 171 171 3807 1490 1490 3808 169 169 3809 1490 1490 3810 1489 1489 3811 169 169 3812 1491 1491 3813 172 172 3814 1492 1492 3815 172 172 3816 174 174 3817 1492 1492 3818 1493 1493 3819 783 783 3820 1491 1491 3821 783 783 3822 172 172 3823 1491 1491 3824 784 784 3825 1491 1491 3826 787 787 3827 1491 1491 3828 1492 1492 3829 787 787 3830 1491 1491 3831 784 784 3832 1493 1493 3833 784 784 3834 786 786 3835 1493 1493 3836 810 810 3837 557 557 3838 1188 1188 3839 557 557 3840 780 780 3841 1188 1188 3842 1494 1494 3843 1495 1495 3844 1496 1496 3845 1495 1495 3846 1497 1497 3847 1496 1496 3848 202 202 3849 201 201 3850 1496 1496 3851 201 201 3852 1494 1494 3853 1496 1496 3854 189 189 3855 1498 1498 3856 190 190 3857 1498 1498 3858 1499 1499 3859 190 190 3860 198 198 3861 1499 1499 3862 199 199 3863 1499 1499 3864 1498 1498 3865 199 199 3866 1500 1500 3867 185 185 3868 1501 1501 3869 185 185 3870 187 187 3871 1501 1501 3872 1502 1502 3873 1503 1503 3874 1504 1504 3875 1503 1503 3876 1505 1505 3877 1504 1504 3878 1506 1506 3879 1507 1507 3880 1502 1502 3881 1507 1507 3882 1503 1503 3883 1502 1502 3884 1504 1504 3885 1505 1505 3886 195 195 3887 1505 1505 3888 196 196 3889 195 195 3890 210 210 3891 260 260 3892 207 207 3893 260 260 3894 267 267 3895 207 207 3896 1508 1508 3897 261 261 3898 210 210 3899 261 261 3900 260 260 3901 210 210 3902 207 207 3903 1509 1509 3904 203 203 3905 1509 1509 3906 204 204 3907 203 203 3908 207 207 3909 267 267 3910 1509 1509 3911 267 267 3912 247 247 3913 1509 1509 3914 206 206 3915 208 208 3916 207 207 3917 208 208 3918 210 210 3919 207 207 3920 1508 1508 3921 1510 1510 3922 261 261 3923 1510 1510 3924 263 263 3925 261 261 3926 1510 1510 3927 1511 1511 3928 263 263 3929 1511 1511 3930 259 259 3931 263 263 3932 1511 1511 3933 221 221 3934 259 259 3935 221 221 3936 264 264 3937 259 259 3938 214 214 3939 299 299 3940 222 222 3941 299 299 3942 220 220 3943 222 222 3944 264 264 3945 221 221 3946 265 265 3947 221 221 3948 220 220 3949 265 265 3950 301 301 3951 216 216 3952 302 302 3953 216 216 3954 215 215 3955 302 302 3956 216 216 3957 301 301 3958 214 214 3959 301 301 3960 299 299 3961 214 214 3962 1512 1512 3963 1513 1513 3964 1514 1514 3965 1513 1513 3966 1515 1515 3967 1514 1514 3968 1514 1514 3969 227 227 3970 1512 1512 3971 227 227 3972 226 226 3973 1512 1512 3974 1516 1516 3975 1517 1517 3976 1518 1518 3977 1517 1517 3978 1519 1519 3979 1518 1518 3980 1520 1520 3981 1521 1521 3982 223 223 3983 1521 1521 3984 224 224 3985 223 223 3986 223 223 3987 1522 1522 3988 1520 1520 3989 1522 1522 3990 1523 1523 3991 1520 1520 3992 1520 1520 3993 1523 1523 3994 1524 1524 3995 1523 1523 3996 1525 1525 3997 1524 1524 3998 1526 1526 3999 1527 1527 4000 1528 1528 4001 1527 1527 4002 1529 1529 4003 1528 1528 4004 1526 1526 4005 1530 1530 4006 1527 1527 4007 1530 1530 4008 1517 1517 4009 1527 1527 4010 1530 1530 4011 1531 1531 4012 1517 1517 4013 1531 1531 4014 1519 1519 4015 1517 1517 4016 1532 1532 4017 1521 1521 4018 1524 1524 4019 1521 1521 4020 1520 1520 4021 1524 1524 4022 1532 1532 4023 1533 1533 4024 1521 1521 4025 1533 1533 4026 1534 1534 4027 1521 1521 4028 1513 1513 4029 1512 1512 4030 1527 1527 4031 1512 1512 4032 1529 1529 4033 1527 1527 4034 224 224 4035 1521 1521 4036 226 226 4037 1521 1521 4038 1534 1534 4039 226 226 4040 1516 1516 4041 1513 1513 4042 1517 1517 4043 1513 1513 4044 1527 1527 4045 1517 1517 4046 1535 1535 4047 1536 1536 4048 236 236 4049 1536 1536 4050 241 241 4051 236 236 4052 1535 1535 4053 262 262 4054 243 243 4055 262 262 4056 244 244 4057 243 243 4058 1537 1537 4059 1538 1538 4060 1539 1539 4061 1538 1538 4062 1540 1540 4063 1539 1539 4064 229 229 4065 228 228 4066 1541 1541 4067 228 228 4068 1542 1542 4069 1541 1541 4070 228 228 4071 1543 1543 4072 1542 1542 4073 1543 1543 4074 1544 1544 4075 1542 1542 4076 240 240 4077 239 239 4078 1543 1543 4079 239 239 4080 1544 1544 4081 1543 1543 4082 1545 1545 4083 1546 1546 4084 1539 1539 4085 1546 1546 4086 1537 1537 4087 1539 1539 4088 1518 1518 4089 1519 1519 4090 1522 1522 4091 1519 1519 4092 1523 1523 4093 1522 1522 4094 1531 1531 4095 1525 1525 4096 1519 1519 4097 1525 1525 4098 1523 1523 4099 1519 1519 4100 1534 1534 4101 1533 1533 4102 1529 1529 4103 1533 1533 4104 1528 1528 4105 1529 1529 4106 226 226 4107 1534 1534 4108 1512 1512 4109 1534 1534 4110 1529 1529 4111 1512 1512 4112 232 232 4113 234 234 4114 245 245 4115 234 234 4116 242 242 4117 245 245 4118 1547 1547 4119 1548 1548 4120 254 254 4121 1548 1548 4122 255 255 4123 254 254 4124 234 234 4125 267 267 4126 235 235 4127 267 267 4128 260 260 4129 235 235 4130 248 248 4131 256 256 4132 258 258 4133 256 256 4134 253 253 4135 258 258 4136 1549 1549 4137 1547 1547 4138 256 256 4139 1547 1547 4140 254 254 4141 256 256 4142 256 256 4143 248 248 4144 1549 1549 4145 248 248 4146 251 251 4147 1549 1549 4148 253 253 4149 252 252 4150 1550 1550 4151 252 252 4152 1551 1551 4153 1550 1550 4154 258 258 4155 253 253 4156 1552 1552 4157 253 253 4158 1550 1550 4159 1552 1552 4160 258 258 4161 1552 1552 4162 257 257 4163 1552 1552 4164 1553 1553 4165 257 257 4166 264 264 4167 257 257 4168 1554 1554 4169 257 257 4170 1553 1553 4171 1554 1554 4172 272 272 4173 1555 1555 4174 271 271 4175 1555 1555 4176 1556 1556 4177 271 271 4178 269 269 4179 268 268 4180 272 272 4181 268 268 4182 1557 1557 4183 272 272 4184 1558 1558 4185 1548 1548 4186 282 282 4187 1548 1548 4188 273 273 4189 282 282 4190 283 283 4191 1559 1559 4192 204 204 4193 1559 1559 4194 205 205 4195 204 204 4196 274 274 4197 295 295 4198 275 275 4199 295 295 4200 1560 1560 4201 275 275 4202 247 247 4203 1558 1558 4204 1509 1509 4205 1558 1558 4206 282 282 4207 1509 1509 4208 283 283 4209 204 204 4210 282 282 4211 204 204 4212 1509 1509 4213 282 282 4214 1561 1561 4215 251 251 4216 300 300 4217 251 251 4218 250 250 4219 300 300 4220 300 300 4221 298 298 4222 1561 1561 4223 298 298 4224 297 297 4225 1561 1561 4226 1562 1562 4227 1549 1549 4228 1561 1561 4229 1549 1549 4230 251 251 4231 1561 1561 4232 1563 1563 4233 309 309 4234 1564 1564 4235 309 309 4236 1565 1565 4237 1564 1564 4238 309 309 4239 311 311 4240 1565 1565 4241 311 311 4242 1566 1566 4243 1565 1565 4244 294 294 4245 274 274 4246 1567 1567 4247 274 274 4248 273 273 4249 1567 1567 4250 1568 1568 4251 1562 1562 4252 297 297 4253 1562 1562 4254 1561 1561 4255 297 297 4256 300 300 4257 250 250 4258 220 220 4259 250 250 4260 265 265 4261 220 220 4262 1569 1569 4263 1570 1570 4264 1571 1571 4265 1570 1570 4266 1572 1572 4267 1571 1571 4268 1548 1548 4269 1547 1547 4270 273 273 4271 1547 1547 4272 1567 1567 4273 273 273 4274 1573 1573 4275 310 310 4276 1563 1563 4277 310 310 4278 309 309 4279 1563 1563 4280 307 307 4281 306 306 4282 1573 1573 4283 306 306 4284 310 310 4285 1573 1573 4286 1571 1571 4287 1572 1572 4288 284 284 4289 1572 1572 4290 285 285 4291 284 284 4292 304 304 4293 303 303 4294 1574 1574 4295 303 303 4296 1575 1575 4297 1574 1574 4298 217 217 4299 332 332 4300 218 218 4301 332 332 4302 303 303 4303 218 218 4304 332 332 4305 1576 1576 4306 303 303 4307 1576 1576 4308 1575 1575 4309 303 303 4310 295 295 4311 276 276 4312 1560 1560 4313 276 276 4314 278 278 4315 1560 1560 4316 1577 1577 4317 314 314 4318 1578 1578 4319 314 314 4320 316 316 4321 1578 1578 4322 286 286 4323 1579 1579 4324 289 289 4325 1579 1579 4326 1580 1580 4327 289 289 4328 1580 1580 4329 1581 1581 4330 289 289 4331 1581 1581 4332 1582 1582 4333 289 289 4334 1583 1583 4335 1582 1582 4336 279 279 4337 1582 1582 4338 1581 1581 4339 279 279 4340 281 281 4341 1584 1584 4342 279 279 4343 1584 1584 4344 1583 1583 4345 279 279 4346 186 186 4347 318 318 4348 1577 1577 4349 318 318 4350 314 314 4351 1577 1577 4352 319 319 4353 321 321 4354 1585 1585 4355 321 321 4356 1586 1586 4357 1585 1585 4358 288 288 4359 280 280 4360 1587 1587 4361 280 280 4362 1588 1588 4363 1587 1587 4364 1589 1589 4365 1588 1588 4366 1590 1590 4367 1588 1588 4368 280 280 4369 1590 1590 4370 1591 1591 4371 1592 1592 4372 1593 1593 4373 1592 1592 4374 1594 1594 4375 1593 1593 4376 1586 1586 4377 1592 1592 4378 1585 1585 4379 1592 1592 4380 1591 1591 4381 1585 1585 4382 1590 1590 4383 320 320 4384 1589 1589 4385 320 320 4386 319 319 4387 1589 1589 4388 326 326 4389 331 331 4390 1595 1595 4391 331 331 4392 1596 1596 4393 1595 1595 4394 1597 1597 4395 1598 1598 4396 331 331 4397 1598 1598 4398 1596 1596 4399 331 331 4400 331 331 4401 328 328 4402 1597 1597 4403 328 328 4404 1599 1599 4405 1597 1597 4406 328 328 4407 1556 1556 4408 1599 1599 4409 1556 1556 4410 1555 1555 4411 1599 1599 4412 1576 1576 4413 332 332 4414 1600 1600 4415 332 332 4416 324 324 4417 1600 1600 4418 324 324 4419 325 325 4420 1600 1600 4421 325 325 4422 330 330 4423 1600 1600 4424 326 326 4425 1595 1595 4426 322 322 4427 1595 1595 4428 329 329 4429 322 322 4430 1601 1601 4431 333 333 4432 1602 1602 4433 333 333 4434 335 335 4435 1602 1602 4436 1603 1603 4437 1601 1601 4438 1604 1604 4439 1601 1601 4440 1602 1602 4441 1604 1604 4442 193 193 4443 1603 1603 4444 191 191 4445 1603 1603 4446 1604 1604 4447 191 191 4448 353 353 4449 352 352 4450 354 354 4451 352 352 4452 1605 1605 4453 354 354 4454 359 359 4455 358 358 4456 1606 1606 4457 358 358 4458 1607 1607 4459 1606 1606 4460 345 345 4461 347 347 4462 1608 1608 4463 347 347 4464 1011 1011 4465 1608 1608 4466 1609 1609 4467 1610 1610 4468 1611 1611 4469 1610 1610 4470 1612 1612 4471 1611 1611 4472 349 349 4473 356 356 4474 1613 1613 4475 356 356 4476 355 355 4477 1613 1613 4478 1614 1614 4479 349 349 4480 1615 1615 4481 349 349 4482 351 351 4483 1615 1615 4484 1615 1615 4485 351 351 4486 1616 1616 4487 351 351 4488 350 350 4489 1616 1616 4490 1617 1617 4491 356 356 4492 1618 1618 4493 356 356 4494 1619 1619 4495 1618 1618 4496 341 341 4497 340 340 4498 1620 1620 4499 340 340 4500 1621 1621 4501 1620 1620 4502 1612 1612 4503 1610 1610 4504 1620 1620 4505 1610 1610 4506 341 341 4507 1620 1620 4508 1622 1622 4509 350 350 4510 1613 1613 4511 350 350 4512 349 349 4513 1613 1613 4514 343 343 4515 350 350 4516 344 344 4517 350 350 4518 1622 1622 4519 344 344 4520 364 364 4521 373 373 4522 363 363 4523 373 373 4524 370 370 4525 363 363 4526 360 360 4527 1623 1623 4528 385 385 4529 1623 1623 4530 1624 1624 4531 385 385 4532 360 360 4533 363 363 4534 1623 1623 4535 363 363 4536 377 377 4537 1623 1623 4538 1623 1623 4539 382 382 4540 1624 1624 4541 382 382 4542 381 381 4543 1624 1624 4544 379 379 4545 377 377 4546 1625 1625 4547 377 377 4548 363 363 4549 1625 1625 4550 1626 1626 4551 1627 1627 4552 372 372 4553 1627 1627 4554 371 371 4555 372 372 4556 373 373 4557 1628 1628 4558 372 372 4559 1628 1628 4560 1626 1626 4561 372 372 4562 1629 1629 4563 384 384 4564 1630 1630 4565 384 384 4566 369 369 4567 1630 1630 4568 1625 1625 4569 363 363 4570 384 384 4571 363 363 4572 370 370 4573 384 384 4574 464 464 4575 1625 1625 4576 1629 1629 4577 1625 1625 4578 384 384 4579 1629 1629 4580 464 464 4581 378 378 4582 1625 1625 4583 378 378 4584 379 379 4585 1625 1625 4586 1627 1627 4587 1630 1630 4588 371 371 4589 1630 1630 4590 369 369 4591 371 371 4592 377 377 4593 365 365 4594 1623 1623 4595 365 365 4596 382 382 4597 1623 1623 4598 380 380 4599 374 374 4600 381 381 4601 374 374 4602 376 376 4603 381 381 4604 390 390 4605 392 392 4606 1631 1631 4607 392 392 4608 1632 1632 4609 1631 1631 4610 1633 1633 4611 1634 1634 4612 388 388 4613 1634 1634 4614 389 389 4615 388 388 4616 1631 1631 4617 1632 1632 4618 388 388 4619 1632 1632 4620 1633 1633 4621 388 388 4622 1635 1635 4623 1636 1636 4624 1637 1637 4625 1636 1636 4626 452 452 4627 1637 1637 4628 1638 1638 4629 443 443 4630 1639 1639 4631 443 443 4632 1640 1640 4633 1639 1639 4634 443 443 4635 440 440 4636 1640 1640 4637 440 440 4638 1641 1641 4639 1640 1640 4640 454 454 4641 1642 1642 4642 440 440 4643 1642 1642 4644 1641 1641 4645 440 440 4646 1642 1642 4647 454 454 4648 1635 1635 4649 454 454 4650 1636 1636 4651 1635 1635 4652 1637 1637 4653 452 452 4654 1643 1643 4655 452 452 4656 453 453 4657 1643 1643 4658 1644 1644 4659 401 401 4660 1645 1645 4661 401 401 4662 400 400 4663 1645 1645 4664 395 395 4665 1645 1645 4666 399 399 4667 1645 1645 4668 400 400 4669 399 399 4670 1646 1646 4671 415 415 4672 413 413 4673 415 415 4674 412 412 4675 413 413 4676 414 414 4677 407 407 4678 1647 1647 4679 407 407 4680 409 409 4681 1647 1647 4682 462 462 4683 552 552 4684 420 420 4685 552 552 4686 421 421 4687 420 420 4688 1636 1636 4689 462 462 4690 452 452 4691 462 462 4692 450 450 4693 452 452 4694 438 438 4695 440 440 4696 442 442 4697 440 440 4698 443 443 4699 442 442 4700 454 454 4701 439 439 4702 1636 1636 4703 439 439 4704 462 462 4705 1636 1636 4706 461 461 4707 430 430 4708 138 138 4709 430 430 4710 136 136 4711 138 138 4712 447 447 4713 134 134 4714 435 435 4715 134 134 4716 424 424 4717 435 435 4718 445 445 4719 436 436 4720 457 457 4721 436 436 4722 455 455 4723 457 457 4724 1634 1634 4725 1648 1648 4726 131 131 4727 1648 1648 4728 1649 1649 4729 131 131 4730 461 461 4731 138 138 4732 1649 1649 4733 138 138 4734 131 131 4735 1649 1649 4736 438 438 4737 552 552 4738 439 439 4739 552 552 4740 462 462 4741 439 439 4742 443 443 4743 1638 1638 4744 441 441 4745 1638 1638 4746 550 550 4747 441 441 4748 448 448 4749 375 375 4750 423 423 4751 375 375 4752 424 424 4753 423 423 4754 431 431 4755 471 471 4756 432 432 4757 471 471 4758 458 458 4759 432 432 4760 469 469 4761 431 431 4762 1649 1649 4763 431 431 4764 461 461 4765 1649 1649 4766 1649 1649 4767 1648 1648 4768 469 469 4769 1648 1648 4770 468 468 4771 469 469 4772 1643 1643 4773 453 453 4774 467 467 4775 453 453 4776 466 466 4777 467 467 4778 1650 1650 4779 1651 1651 4780 1652 1652 4781 1651 1651 4782 1653 1653 4783 1652 1652 4784 1654 1654 4785 498 498 4786 1655 1655 4787 498 498 4788 500 500 4789 1655 1655 4790 476 476 4791 495 495 4792 502 502 4793 495 495 4794 507 507 4795 502 502 4796 1656 1656 4797 1657 1657 4798 499 499 4799 1657 1657 4800 500 500 4801 499 499 4802 1655 1655 4803 500 500 4804 1658 1658 4805 500 500 4806 1657 1657 4807 1658 1658 4808 1658 1658 4809 1657 1657 4810 1659 1659 4811 1657 1657 4812 1653 1653 4813 1659 1659 4814 1659 1659 4815 1653 1653 4816 1660 1660 4817 1653 1653 4818 1651 1651 4819 1660 1660 4820 1652 1652 4821 1653 1653 4822 1656 1656 4823 1653 1653 4824 1657 1657 4825 1656 1656 4826 1660 1660 4827 1651 1651 4828 1661 1661 4829 1651 1651 4830 1662 1662 4831 1661 1661 4832 460 460 4833 459 459 4834 496 496 4835 459 459 4836 494 494 4837 496 496 4838 1661 1661 4839 1662 1662 4840 497 497 4841 1662 1662 4842 494 494 4843 497 497 4844 496 496 4845 494 494 4846 1663 1663 4847 494 494 4848 1662 1662 4849 1663 1663 4850 1663 1663 4851 1662 1662 4852 1650 1650 4853 1662 1662 4854 1651 1651 4855 1650 1650 4856 1664 1664 4857 1665 1665 4858 1666 1666 4859 1665 1665 4860 1667 1667 4861 1666 1666 4862 1665 1665 4863 1664 1664 4864 1668 1668 4865 1664 1664 4866 1644 1644 4867 1668 1668 4868 501 501 4869 1664 1664 4870 410 410 4871 1664 1664 4872 1666 1666 4873 410 410 4874 1664 1664 4875 501 501 4876 1644 1644 4877 501 501 4878 401 401 4879 1644 1644 4880 488 488 4881 1669 1669 4882 504 504 4883 1669 1669 4884 394 394 4885 504 504 4886 1669 1669 4887 488 488 4888 1670 1670 4889 488 488 4890 487 487 4891 1670 1670 4892 1670 1670 4893 487 487 4894 1671 1671 4895 487 487 4896 486 486 4897 1671 1671 4898 1671 1671 4899 486 486 4900 1672 1672 4901 486 486 4902 485 485 4903 1672 1672 4904 480 480 4905 505 505 4906 396 396 4907 505 505 4908 397 397 4909 396 396 4910 1672 1672 4911 485 485 4912 1673 1673 4913 485 485 4914 510 510 4915 1673 1673 4916 517 517 4917 1674 1674 4918 521 521 4919 1674 1674 4920 1675 1675 4921 521 521 4922 1674 1674 4923 512 512 4924 1675 1675 4925 512 512 4926 519 519 4927 1675 1675 4928 1676 1676 4929 1674 1674 4930 523 523 4931 1674 1674 4932 517 517 4933 523 523 4934 513 513 4935 512 512 4936 1676 1676 4937 512 512 4938 1674 1674 4939 1676 1676 4940 243 243 4941 237 237 4942 1677 1677 4943 237 237 4944 238 238 4945 1677 1677 4946 1131 1131 4947 1312 1312 4948 1129 1129 4949 1312 1312 4950 1311 1311 4951 1129 1129 4952 1339 1339 4953 1361 1361 4954 1337 1337 4955 1361 1361 4956 1355 1355 4957 1337 1337 4958 1372 1372 4959 1370 1370 4960 1339 1339 4961 1370 1370 4962 1361 1361 4963 1339 1339 4964 1324 1324 4965 1343 1343 4966 1372 1372 4967 1343 1343 4968 1370 1370 4969 1372 1372 4970 1326 1326 4971 1381 1381 4972 1324 1324 4973 1381 1381 4974 1332 1332 4975 1324 1324 4976 1326 1326 4977 1325 1325 4978 1406 1406 4979 1325 1325 4980 823 823 4981 1406 1406 4982 524 524 4983 1328 1328 4984 1406 1406 4985 1328 1328 4986 1327 1327 4987 1406 1406 4988 526 526 4989 525 525 4990 1294 1294 4991 525 525 4992 824 824 4993 1294 1294 4994 1295 1295 4995 1298 1298 4996 1294 1294 4997 1298 1298 4998 1393 1393 4999 1294 1294 5000 1312 1312 5001 1398 1398 5002 1295 1295 5003 1398 1398 5004 1313 1313 5005 1295 1295 5006 1678 1678 5007 1679 1679 5008 1680 1680 5009 1679 1679 5010 1681 1681 5011 1680 1680 5012 1682 1682 5013 1683 1683 5014 1684 1684 5015 1683 1683 5016 1685 1685 5017 1684 1684 5018 1683 1683 5019 1682 1682 5020 1686 1686 5021 1682 1682 5022 1687 1687 5023 1686 1686 5024 1688 1688 5025 1689 1689 5026 1685 1685 5027 1689 1689 5028 1684 1684 5029 1685 1685 5030 1690 1690 5031 1691 1691 5032 1687 1687 5033 1691 1691 5034 1686 1686 5035 1687 1687 5036 563 563 5037 562 562 5038 1690 1690 5039 562 562 5040 1691 1691 5041 1690 1690 5042 1688 1688 5043 1681 1681 5044 1689 1689 5045 1681 1681 5046 1679 1679 5047 1689 1689 5048 1692 1692 5049 1693 1693 5050 563 563 5051 1693 1693 5052 561 561 5053 563 563 5054 1693 1693 5055 1694 1694 5056 561 561 5057 1694 1694 5058 562 562 5059 561 561 5060 1682 1682 5061 1695 1695 5062 1687 1687 5063 1695 1695 5064 1690 1690 5065 1687 1687 5066 1696 1696 5067 1683 1683 5068 1691 1691 5069 1683 1683 5070 1686 1686 5071 1691 1691 5072 1695 1695 5073 1692 1692 5074 1690 1690 5075 1692 1692 5076 563 563 5077 1690 1690 5078 1694 1694 5079 1696 1696 5080 562 562 5081 1696 1696 5082 1691 1691 5083 562 562 5084 586 586 5085 579 579 5086 1697 1697 5087 579 579 5088 582 582 5089 1697 1697 5090 589 589 5091 1698 1698 5092 564 564 5093 1698 1698 5094 583 583 5095 564 564 5096 1697 1697 5097 1698 1698 5098 586 586 5099 1698 1698 5100 589 589 5101 586 586 5102 1699 1699 5103 593 593 5104 1700 1700 5105 593 593 5106 590 590 5107 1700 1700 5108 1701 1701 5109 1702 1702 5110 600 600 5111 1702 1702 5112 1703 1703 5113 600 600 5114 599 599 5115 1704 1704 5116 600 600 5117 1704 1704 5118 1701 1701 5119 600 600 5120 596 596 5121 1705 1705 5122 597 597 5123 1705 1705 5124 1706 1706 5125 597 597 5126 1706 1706 5127 1707 1707 5128 599 599 5129 1707 1707 5130 1704 1704 5131 599 599 5132 1705 1705 5133 1708 1708 5134 1706 1706 5135 1708 1708 5136 1707 1707 5137 1706 1706 5138 602 602 5139 1709 1709 5140 1705 1705 5141 1709 1709 5142 1708 1708 5143 1705 1705 5144 594 594 5145 1710 1710 5146 602 602 5147 1710 1710 5148 1709 1709 5149 602 602 5150 1710 1710 5151 594 594 5152 1711 1711 5153 594 594 5154 591 591 5155 1711 1711 5156 597 597 5157 1706 1706 5158 601 601 5159 1706 1706 5160 599 599 5161 601 601 5162 1712 1712 5163 1713 1713 5164 1714 1714 5165 1713 1713 5166 1715 1715 5167 1714 1714 5168 1714 1714 5169 1715 1715 5170 1716 1716 5171 1715 1715 5172 1717 1717 5173 1716 1716 5174 1716 1716 5175 1717 1717 5176 1718 1718 5177 1717 1717 5178 1719 1719 5179 1718 1718 5180 632 632 5181 630 630 5182 1720 1720 5183 630 630 5184 1721 1721 5185 1720 1720 5186 1718 1718 5187 1719 1719 5188 1722 1722 5189 1719 1719 5190 1723 1723 5191 1722 1722 5192 1722 1722 5193 1723 1723 5194 1724 1724 5195 1723 1723 5196 1725 1725 5197 1724 1724 5198 1724 1724 5199 1725 1725 5200 1726 1726 5201 1725 1725 5202 1727 1727 5203 1726 1726 5204 1726 1726 5205 1727 1727 5206 1728 1728 5207 1727 1727 5208 1729 1729 5209 1728 1728 5210 1730 1730 5211 1731 1731 5212 1699 1699 5213 1731 1731 5214 593 593 5215 1699 1699 5216 1732 1732 5217 632 632 5218 1733 1733 5219 632 632 5220 1720 1720 5221 1733 1733 5222 1734 1734 5223 1732 1732 5224 1735 1735 5225 1732 1732 5226 1733 1733 5227 1735 1735 5228 1736 1736 5229 1734 1734 5230 1737 1737 5231 1734 1734 5232 1735 1735 5233 1737 1737 5234 630 630 5235 598 598 5236 1721 1721 5237 598 598 5238 597 597 5239 1721 1721 5240 1738 1738 5241 1739 1739 5242 1712 1712 5243 1739 1739 5244 1713 1713 5245 1712 1712 5246 595 595 5247 602 602 5248 596 596 5249 602 602 5250 1705 1705 5251 596 596 5252 1711 1711 5253 591 591 5254 1731 1731 5255 591 591 5256 593 593 5257 1731 1731 5258 1738 1738 5259 1731 1731 5260 1740 1740 5261 1731 1731 5262 1730 1730 5263 1740 1740 5264 1701 1701 5265 1726 1726 5266 1702 1702 5267 1726 1726 5268 1728 1728 5269 1702 1702 5270 1726 1726 5271 1701 1701 5272 1724 1724 5273 1701 1701 5274 1704 1704 5275 1724 1724 5276 1724 1724 5277 1704 1704 5278 1722 1722 5279 1704 1704 5280 1707 1707 5281 1722 1722 5282 1722 1722 5283 1707 1707 5284 1718 1718 5285 1707 1707 5286 1708 1708 5287 1718 1718 5288 1718 1718 5289 1708 1708 5290 1716 1716 5291 1708 1708 5292 1709 1709 5293 1716 1716 5294 1716 1716 5295 1709 1709 5296 1714 1714 5297 1709 1709 5298 1710 1710 5299 1714 1714 5300 1714 1714 5301 1710 1710 5302 1712 1712 5303 1710 1710 5304 1711 1711 5305 1712 1712 5306 1712 1712 5307 1711 1711 5308 1738 1738 5309 1711 1711 5310 1731 1731 5311 1738 1738 5312 1740 1740 5313 1741 1741 5314 1738 1738 5315 1741 1741 5316 1739 1739 5317 1738 1738 5318 1728 1728 5319 1729 1729 5320 1742 1742 5321 1729 1729 5322 1743 1743 5323 1742 1742 5324 1702 1702 5325 1728 1728 5326 1744 1744 5327 1728 1728 5328 1742 1742 5329 1744 1744 5330 1702 1702 5331 1744 1744 5332 1703 1703 5333 1744 1744 5334 1745 1745 5335 1703 1703 5336 1746 1746 5337 1747 1747 5338 1748 1748 5339 1747 1747 5340 1749 1749 5341 1748 1748 5342 1750 1750 5343 606 606 5344 1751 1751 5345 606 606 5346 608 608 5347 1751 1751 5348 629 629 5349 628 628 5350 1746 1746 5351 628 628 5352 1747 1747 5353 1746 1746 5354 1747 1747 5355 623 623 5356 1749 1749 5357 623 623 5358 621 621 5359 1749 1749 5360 628 628 5361 614 614 5362 1747 1747 5363 614 614 5364 623 623 5365 1747 1747 5366 1750 1750 5367 1751 1751 5368 1752 1752 5369 1751 1751 5370 1753 1753 5371 1752 1752 5372 1754 1754 5373 1752 1752 5374 1755 1755 5375 1752 1752 5376 1753 1753 5377 1755 1755 5378 1756 1756 5379 1732 1732 5380 1757 1757 5381 1732 1732 5382 1734 1734 5383 1757 1757 5384 1757 1757 5385 1734 1734 5386 1758 1758 5387 1734 1734 5388 1736 1736 5389 1758 1758 5390 631 631 5391 632 632 5392 1756 1756 5393 632 632 5394 1732 1732 5395 1756 1756 5396 754 754 5397 755 755 5398 636 636 5399 755 755 5400 637 637 5401 636 636 5402 637 637 5403 755 755 5404 746 746 5405 755 755 5406 633 633 5407 746 746 5408 754 754 5409 636 636 5410 1759 1759 5411 636 636 5412 1760 1760 5413 1759 1759 5414 643 643 5415 1760 1760 5416 638 638 5417 1760 1760 5418 636 636 5419 638 638 5420 640 640 5421 634 634 5422 1759 1759 5423 634 634 5424 754 754 5425 1759 1759 5426 748 748 5427 804 804 5428 643 643 5429 804 804 5430 1760 1760 5431 643 643 5432 647 647 5433 640 640 5434 648 648 5435 640 640 5436 1759 1759 5437 648 648 5438 804 804 5439 648 648 5440 1760 1760 5441 648 648 5442 1759 1759 5443 1760 1760 5444 748 748 5445 751 751 5446 804 804 5447 751 751 5448 681 681 5449 804 804 5450 650 650 5451 652 652 5452 1761 1761 5453 652 652 5454 763 763 5455 1761 1761 5456 760 760 5457 761 761 5458 650 650 5459 761 761 5460 651 651 5461 650 650 5462 651 651 5463 761 761 5464 766 766 5465 761 761 5466 653 653 5467 766 766 5468 1761 1761 5469 1762 1762 5470 650 650 5471 1762 1762 5472 760 760 5473 650 650 5474 657 657 5475 654 654 5476 1762 1762 5477 654 654 5478 760 760 5479 1762 1762 5480 655 655 5481 654 654 5482 656 656 5483 654 654 5484 657 657 5485 656 656 5486 665 665 5487 742 742 5488 1761 1761 5489 742 742 5490 1762 1762 5491 1761 1761 5492 664 664 5493 665 665 5494 763 763 5495 665 665 5496 1761 1761 5497 763 763 5498 757 757 5499 756 756 5500 662 662 5501 756 756 5502 663 663 5503 662 662 5504 658 658 5505 657 657 5506 659 659 5507 657 657 5508 660 660 5509 659 659 5510 666 666 5511 741 741 5512 667 667 5513 741 741 5514 672 672 5515 667 667 5516 745 745 5517 741 741 5518 744 744 5519 741 741 5520 666 666 5521 744 744 5522 1763 1763 5523 1764 1764 5524 744 744 5525 1764 1764 5526 745 745 5527 744 744 5528 684 684 5529 682 682 5530 1763 1763 5531 682 682 5532 1764 1764 5533 1763 1763 5534 670 670 5535 673 673 5536 1764 1764 5537 673 673 5538 745 745 5539 1764 1764 5540 744 744 5541 668 668 5542 1763 1763 5543 668 668 5544 736 736 5545 1763 1763 5546 679 679 5547 670 670 5548 682 682 5549 670 670 5550 1764 1764 5551 682 682 5552 1763 1763 5553 736 736 5554 684 684 5555 736 736 5556 685 685 5557 684 684 5558 674 674 5559 734 734 5560 672 672 5561 734 734 5562 667 667 5563 672 672 5564 700 700 5565 716 716 5566 740 740 5567 716 716 5568 1765 1765 5569 740 740 5570 1765 1765 5571 716 716 5572 712 712 5573 716 716 5574 713 713 5575 712 712 5576 721 721 5577 740 740 5578 1766 1766 5579 740 740 5580 1765 1765 5581 1766 1766 5582 712 712 5583 723 723 5584 1765 1765 5585 723 723 5586 1766 1766 5587 1765 1765 5588 708 708 5589 1185 1185 5590 707 707 5591 1185 1185 5592 694 694 5593 707 707 5594 706 706 5595 703 703 5596 708 708 5597 703 703 5598 711 711 5599 708 708 5600 694 694 5601 693 693 5602 707 707 5603 693 693 5604 705 705 5605 707 707 5606 693 693 5607 1767 1767 5608 705 705 5609 1767 1767 5610 710 710 5611 705 705 5612 1767 1767 5613 692 692 5614 710 710 5615 692 692 5616 702 702 5617 710 710 5618 692 692 5619 690 690 5620 702 702 5621 690 690 5622 709 709 5623 702 702 5624 690 690 5625 689 689 5626 709 709 5627 689 689 5628 711 711 5629 709 709 5630 1186 1186 5631 1185 1185 5632 1187 1187 5633 1185 1185 5634 689 689 5635 1187 1187 5636 775 775 5637 776 776 5638 1767 1767 5639 776 776 5640 692 692 5641 1767 1767 5642 774 774 5643 775 775 5644 693 693 5645 775 775 5646 1767 1767 5647 693 693 5648 708 708 5649 711 711 5650 1185 1185 5651 711 711 5652 689 689 5653 1185 1185 5654 698 698 5655 720 720 5656 699 699 5657 720 720 5658 724 724 5659 699 699 5660 721 721 5661 720 720 5662 740 740 5663 720 720 5664 698 698 5665 740 740 5666 728 728 5667 727 727 5668 701 701 5669 727 727 5670 726 726 5671 701 701 5672 725 725 5673 733 733 5674 726 726 5675 733 733 5676 722 722 5677 726 726 5678 726 726 5679 722 722 5680 1766 1766 5681 722 722 5682 721 721 5683 1766 1766 5684 701 701 5685 726 726 5686 723 723 5687 726 726 5688 1766 1766 5689 723 723 5690 725 725 5691 717 717 5692 733 733 5693 717 717 5694 732 732 5695 733 733 5696 727 727 5697 715 715 5698 725 725 5699 715 715 5700 717 717 5701 725 725 5702 728 728 5703 719 719 5704 727 727 5705 719 719 5706 715 715 5707 727 727 5708 695 695 5709 718 718 5710 731 731 5711 718 718 5712 729 729 5713 731 731 5714 724 724 5715 733 733 5716 699 699 5717 733 733 5718 732 732 5719 699 699 5720 719 719 5721 728 728 5722 718 718 5723 728 728 5724 729 729 5725 718 718 5726 713 713 5727 716 716 5728 719 719 5729 716 716 5730 715 715 5731 719 719 5732 716 716 5733 700 700 5734 717 717 5735 700 700 5736 732 732 5737 717 717 5738 767 767 5739 151 151 5740 675 675 5741 151 151 5742 676 676 5743 675 675 5744 739 739 5745 678 678 5746 738 738 5747 678 678 5748 680 680 5749 738 738 5750 735 735 5751 671 671 5752 739 739 5753 671 671 5754 678 678 5755 739 739 5756 734 734 5757 674 674 5758 737 737 5759 674 674 5760 669 669 5761 737 737 5762 671 671 5763 735 735 5764 669 669 5765 735 735 5766 737 737 5767 669 669 5768 736 736 5769 668 668 5770 737 737 5771 668 668 5772 734 734 5773 737 737 5774 685 685 5775 736 736 5776 739 739 5777 736 736 5778 735 735 5779 739 739 5780 669 669 5781 674 674 5782 670 670 5783 674 674 5784 673 673 5785 670 670 5786 678 678 5787 671 671 5788 679 679 5789 671 671 5790 670 670 5791 679 679 5792 752 752 5793 749 749 5794 641 641 5795 749 749 5796 642 642 5797 641 641 5798 646 646 5799 154 154 5800 1449 1449 5801 154 154 5802 152 152 5803 1449 1449 5804 644 644 5805 639 639 5806 642 642 5807 639 639 5808 641 641 5809 642 642 5810 750 750 5811 635 635 5812 644 644 5813 635 635 5814 639 639 5815 644 644 5816 633 633 5817 635 635 5818 746 746 5819 635 635 5820 750 750 5821 746 746 5822 644 644 5823 643 643 5824 750 750 5825 643 643 5826 638 638 5827 750 750 5828 749 749 5829 748 748 5830 642 642 5831 748 748 5832 643 643 5833 642 642 5834 753 753 5835 747 747 5836 752 752 5837 747 747 5838 749 749 5839 752 752 5840 751 751 5841 748 748 5842 1449 1449 5843 748 748 5844 747 747 5845 1449 1449 5846 639 639 5847 635 635 5848 640 640 5849 635 635 5850 634 634 5851 640 640 5852 752 752 5853 641 641 5854 647 647 5855 641 641 5856 640 640 5857 647 647 5858 660 660 5859 657 657 5860 742 742 5861 657 657 5862 1762 1762 5863 742 742 5864 765 765 5865 766 766 5866 655 655 5867 766 766 5868 653 653 5869 655 655 5870 765 765 5871 655 655 5872 764 764 5873 655 655 5874 656 656 5875 764 764 5876 764 764 5877 656 656 5878 762 762 5879 656 656 5880 658 658 5881 762 762 5882 762 762 5883 658 658 5884 759 759 5885 658 658 5886 659 659 5887 759 759 5888 759 759 5889 659 659 5890 758 758 5891 659 659 5892 661 661 5893 758 758 5894 763 763 5895 652 652 5896 764 764 5897 652 652 5898 765 765 5899 764 764 5900 664 664 5901 763 763 5902 759 759 5903 763 763 5904 762 762 5905 759 759 5906 696 696 5907 730 730 5908 768 768 5909 730 730 5910 769 769 5911 768 768 5912 153 153 5913 769 769 5914 151 151 5915 769 769 5916 676 676 5917 151 151 5918 155 155 5919 153 153 5920 663 663 5921 153 153 5922 154 154 5923 663 663 5924 1768 1768 5925 1769 1769 5926 1770 1770 5927 1769 1769 5928 1771 1771 5929 1770 1770 5930 1770 1770 5931 1771 1771 5932 1772 1772 5933 1771 1771 5934 777 777 5935 1772 1772 5936 1773 1773 5937 555 555 5938 1768 1768 5939 555 555 5940 1769 1769 5941 1768 1768 5942 771 771 5943 1774 1774 5944 779 779 5945 1774 1774 5946 1775 1775 5947 779 779 5948 1776 1776 5949 1777 1777 5950 180 180 5951 1777 1777 5952 1460 1460 5953 180 180 5954 1777 1777 5955 1778 1778 5956 1460 1460 5957 1778 1778 5958 1779 1779 5959 1460 1460 5960 1778 1778 5961 1780 1780 5962 1779 1779 5963 1780 1780 5964 1781 1781 5965 1779 1779 5966 1780 1780 5967 1782 1782 5968 1781 1781 5969 1782 1782 5970 1783 1783 5971 1781 1781 5972 1782 1782 5973 1784 1784 5974 1783 1783 5975 1784 1784 5976 1785 1785 5977 1783 1783 5978 1784 1784 5979 1786 1786 5980 1785 1785 5981 1786 1786 5982 553 553 5983 1785 1785 5984 1787 1787 5985 1788 1788 5986 1776 1776 5987 1788 1788 5988 1777 1777 5989 1776 1776 5990 1788 1788 5991 1789 1789 5992 1777 1777 5993 1789 1789 5994 1778 1778 5995 1777 1777 5996 1789 1789 5997 1790 1790 5998 1778 1778 5999 1790 1790 6000 1780 1780 6001 1778 1778 6002 1790 1790 6003 1791 1791 6004 1780 1780 6005 1791 1791 6006 1782 1782 6007 1780 1780 6008 1791 1791 6009 1792 1792 6010 1782 1782 6011 1792 1792 6012 1784 1784 6013 1782 1782 6014 1792 1792 6015 1793 1793 6016 1784 1784 6017 1793 1793 6018 1786 1786 6019 1784 1784 6020 777 777 6021 1771 1771 6022 156 156 6023 1771 1771 6024 769 769 6025 156 156 6026 1771 1771 6027 1769 1769 6028 769 769 6029 1769 1769 6030 768 768 6031 769 769 6032 1769 1769 6033 555 555 6034 768 768 6035 555 555 6036 772 772 6037 768 768 6038 1794 1794 6039 1774 1774 6040 770 770 6041 1774 1774 6042 771 771 6043 770 770 6044 169 169 6045 1489 1489 6046 806 806 6047 1489 1489 6048 1488 1488 6049 806 806 6050 1490 1490 6051 807 807 6052 1489 1489 6053 807 807 6054 166 166 6055 1489 1489 6056 788 788 6057 1486 1486 6058 808 808 6059 1486 1486 6060 1485 1485 6061 808 808 6062 163 163 6063 1486 1486 6064 809 809 6065 1486 1486 6066 1487 1487 6067 809 809 6068 555 555 6069 554 554 6070 772 772 6071 554 554 6072 801 801 6073 772 772 6074 1795 1795 6075 1796 1796 6076 1797 1797 6077 1796 1796 6078 1798 1798 6079 1797 1797 6080 1799 1799 6081 1795 1795 6082 1800 1800 6083 1795 1795 6084 1797 1797 6085 1800 1800 6086 1801 1801 6087 1799 1799 6088 1802 1802 6089 1799 1799 6090 1800 1800 6091 1802 1802 6092 1796 1796 6093 1803 1803 6094 1798 1798 6095 1803 1803 6096 1804 1804 6097 1798 1798 6098 1803 1803 6099 1787 1787 6100 1804 1804 6101 1787 1787 6102 1776 1776 6103 1804 1804 6104 1802 1802 6105 1800 1800 6106 1805 1805 6107 1800 1800 6108 1806 1806 6109 1805 1805 6110 1800 1800 6111 1797 1797 6112 1806 1806 6113 1797 1797 6114 175 175 6115 1806 1806 6116 1797 1797 6117 1798 1798 6118 175 175 6119 1798 1798 6120 176 176 6121 175 175 6122 1804 1804 6123 1776 1776 6124 178 178 6125 1776 1776 6126 180 180 6127 178 178 6128 1798 1798 6129 1804 1804 6130 176 176 6131 1804 1804 6132 178 178 6133 176 176 6134 1807 1807 6135 1808 1808 6136 1809 1809 6137 1808 1808 6138 1810 1810 6139 1809 1809 6140 1811 1811 6141 829 829 6142 1812 1812 6143 829 829 6144 828 828 6145 1812 1812 6146 1808 1808 6147 1807 1807 6148 1812 1812 6149 1807 1807 6150 1811 1811 6151 1812 1812 6152 1810 1810 6153 832 832 6154 1809 1809 6155 832 832 6156 831 831 6157 1809 1809 6158 835 835 6159 1813 1813 6160 833 833 6161 1813 1813 6162 1814 1814 6163 833 833 6164 1429 1429 6165 1813 1813 6166 1427 1427 6167 1813 1813 6168 1815 1815 6169 1427 1427 6170 838 838 6171 1816 1816 6172 836 836 6173 1816 1816 6174 1817 1817 6175 836 836 6176 841 841 6177 1816 1816 6178 839 839 6179 1816 1816 6180 1818 1818 6181 839 839 6182 1819 1819 6183 842 842 6184 1820 1820 6185 842 842 6186 844 844 6187 1820 1820 6188 1820 1820 6189 844 844 6190 1821 1821 6191 844 844 6192 1422 1422 6193 1821 1821 6194 1426 1426 6195 1819 1819 6196 1425 1425 6197 1819 1819 6198 1820 1820 6199 1425 1425 6200 1821 1821 6201 1423 1423 6202 1820 1820 6203 1423 1423 6204 1425 1425 6205 1820 1820 6206 1142 1142 6207 1418 1418 6208 1336 1336 6209 1418 1418 6210 1216 1216 6211 1336 1336 6212 1822 1822 6213 863 863 6214 1823 1823 6215 863 863 6216 862 862 6217 1823 1823 6218 1824 1824 6219 1825 1825 6220 852 852 6221 1825 1825 6222 853 853 6223 852 852 6224 1826 1826 6225 1824 1824 6226 1827 1827 6227 1824 1824 6228 852 852 6229 1827 1827 6230 1828 1828 6231 1829 1829 6232 1830 1830 6233 1829 1829 6234 1831 1831 6235 1830 1830 6236 863 863 6237 1829 1829 6238 861 861 6239 1829 1829 6240 1828 1828 6241 861 861 6242 1827 1827 6243 852 852 6244 1832 1832 6245 852 852 6246 1833 1833 6247 1832 1832 6248 1834 1834 6249 1835 1835 6250 1836 1836 6251 1835 1835 6252 1833 1833 6253 1836 1836 6254 1837 1837 6255 1838 1838 6256 1839 1839 6257 1838 1838 6258 1840 1840 6259 1839 1839 6260 856 856 6261 855 855 6262 1839 1839 6263 855 855 6264 1837 1837 6265 1839 1839 6266 1841 1841 6267 1842 1842 6268 859 859 6269 1842 1842 6270 1843 1843 6271 859 859 6272 860 860 6273 1844 1844 6274 1845 1845 6275 1844 1844 6276 1846 1846 6277 1845 1845 6278 979 979 6279 858 858 6280 1845 1845 6281 858 858 6282 860 860 6283 1845 1845 6284 1842 1842 6285 1847 1847 6286 1843 1843 6287 1847 1847 6288 1848 1848 6289 1843 1843 6290 1849 1849 6291 1850 1850 6292 1844 1844 6293 1850 1850 6294 1846 1846 6295 1844 1844 6296 1851 1851 6297 1852 1852 6298 1853 1853 6299 1852 1852 6300 1854 1854 6301 1853 1853 6302 1855 1855 6303 1856 1856 6304 1857 1857 6305 1856 1856 6306 1858 1858 6307 1857 1857 6308 1857 1857 6309 1853 1853 6310 1855 1855 6311 1853 1853 6312 1854 1854 6313 1855 1855 6314 1824 1824 6315 1854 1854 6316 1825 1825 6317 1854 1854 6318 1852 1852 6319 1825 1825 6320 1855 1855 6321 1854 1854 6322 1826 1826 6323 1854 1854 6324 1824 1824 6325 1826 1826 6326 1855 1855 6327 1826 1826 6328 1856 1856 6329 1826 1826 6330 1859 1859 6331 1856 1856 6332 1860 1860 6333 1861 1861 6334 1849 1849 6335 1861 1861 6336 1850 1850 6337 1849 1849 6338 1857 1857 6339 1837 1837 6340 1853 1853 6341 1837 1837 6342 855 855 6343 1853 1853 6344 1853 1853 6345 855 855 6346 1851 1851 6347 855 855 6348 865 865 6349 1851 1851 6350 1858 1858 6351 1838 1838 6352 1857 1857 6353 1838 1838 6354 1837 1837 6355 1857 1857 6356 854 854 6357 1836 1836 6358 852 852 6359 1836 1836 6360 1833 1833 6361 852 852 6362 1822 1822 6363 1823 1823 6364 1847 1847 6365 1823 1823 6366 1848 1848 6367 1847 1847 6368 868 868 6369 932 932 6370 870 870 6371 932 932 6372 927 927 6373 870 870 6374 870 870 6375 927 927 6376 1862 1862 6377 927 927 6378 926 926 6379 1862 1862 6380 871 871 6381 870 870 6382 1863 1863 6383 870 870 6384 1862 1862 6385 1863 1863 6386 867 867 6387 866 866 6388 868 868 6389 866 866 6390 1864 1864 6391 868 868 6392 1864 1864 6393 911 911 6394 868 868 6395 911 911 6396 932 932 6397 868 868 6398 868 868 6399 870 870 6400 869 869 6401 870 870 6402 872 872 6403 869 869 6404 1862 1862 6405 874 874 6406 1863 1863 6407 874 874 6408 873 873 6409 1863 1863 6410 926 926 6411 928 928 6412 1862 1862 6413 928 928 6414 874 874 6415 1862 1862 6416 928 928 6417 923 923 6418 874 874 6419 923 923 6420 876 876 6421 874 874 6422 923 923 6423 930 930 6424 876 876 6425 930 930 6426 878 878 6427 876 876 6428 1865 1865 6429 1455 1455 6430 1866 1866 6431 1455 1455 6432 1454 1454 6433 1866 1866 6434 1867 1867 6435 1865 1865 6436 1868 1868 6437 1865 1865 6438 1866 1866 6439 1868 1868 6440 1453 1453 6441 1869 1869 6442 1454 1454 6443 1869 1869 6444 1870 1870 6445 1454 1454 6446 892 892 6447 891 891 6448 1871 1871 6449 891 891 6450 1872 1872 6451 1871 1871 6452 1871 1871 6453 1873 1873 6454 892 892 6455 1873 1873 6456 1874 1874 6457 892 892 6458 1875 1875 6459 1876 1876 6460 1871 1871 6461 1876 1876 6462 1873 1873 6463 1871 1871 6464 1877 1877 6465 1878 1878 6466 1879 1879 6467 1878 1878 6468 1880 1880 6469 1879 1879 6470 1880 1880 6471 1870 1870 6472 1879 1879 6473 1870 1870 6474 1881 1881 6475 1879 1879 6476 1870 1870 6477 1869 1869 6478 1881 1881 6479 1869 1869 6480 1882 1882 6481 1881 1881 6482 1875 1875 6483 1871 1871 6484 1883 1883 6485 1871 1871 6486 1872 1872 6487 1883 1883 6488 1872 1872 6489 1884 1884 6490 1883 1883 6491 1884 1884 6492 1885 1885 6493 1883 1883 6494 1880 1880 6495 1878 1878 6496 1866 1866 6497 1878 1878 6498 1868 1868 6499 1866 1866 6500 894 894 6501 1884 1884 6502 891 891 6503 1884 1884 6504 1872 1872 6505 891 891 6506 1870 1870 6507 1880 1880 6508 1454 1454 6509 1880 1880 6510 1866 1866 6511 1454 1454 6512 907 907 6513 1886 1886 6514 908 908 6515 1886 1886 6516 1887 1887 6517 908 908 6518 1888 1888 6519 925 925 6520 898 898 6521 925 925 6522 899 899 6523 898 898 6524 1888 1888 6525 1886 1886 6526 1146 1146 6527 1886 1886 6528 907 907 6529 1146 1146 6530 1889 1889 6531 908 908 6532 1890 1890 6533 908 908 6534 1887 1887 6535 1890 1890 6536 1891 1891 6537 1892 1892 6538 1450 1450 6539 1892 1892 6540 1451 1451 6541 1450 1450 6542 1865 1865 6543 1893 1893 6544 1455 1455 6545 1893 1893 6546 1894 1894 6547 1455 1455 6548 1874 1874 6549 1873 1873 6550 1453 1453 6551 1873 1873 6552 1869 1869 6553 1453 1453 6554 1869 1869 6555 1873 1873 6556 1882 1882 6557 1873 1873 6558 1876 1876 6559 1882 1882 6560 1878 1878 6561 1877 1877 6562 1884 1884 6563 1877 1877 6564 1885 1885 6565 1884 1884 6566 1868 1868 6567 1878 1878 6568 894 894 6569 1878 1878 6570 1884 1884 6571 894 894 6572 1867 1867 6573 1895 1895 6574 1865 1865 6575 1895 1895 6576 1893 1893 6577 1865 1865 6578 910 910 6579 905 905 6580 904 904 6581 905 905 6582 900 900 6583 904 904 6584 1146 1146 6585 907 907 6586 902 902 6587 907 907 6588 901 901 6589 902 902 6590 908 908 6591 1889 1889 6592 901 901 6593 1889 1889 6594 896 896 6595 901 901 6596 899 899 6597 927 927 6598 900 900 6599 927 927 6600 932 932 6601 900 900 6602 921 921 6603 917 917 6604 915 915 6605 917 917 6606 920 920 6607 915 915 6608 1896 1896 6609 1897 1897 6610 917 917 6611 1897 1897 6612 918 918 6613 917 917 6614 1898 1898 6615 1896 1896 6616 921 921 6617 1896 1896 6618 917 917 6619 921 921 6620 922 922 6621 1899 1899 6622 921 921 6623 1899 1899 6624 1898 1898 6625 921 921 6626 1900 1900 6627 1899 1899 6628 930 930 6629 1899 1899 6630 922 922 6631 930 930 6632 935 935 6633 1901 1901 6634 934 934 6635 1901 1901 6636 1902 1902 6637 934 934 6638 934 934 6639 1557 1557 6640 933 933 6641 1557 1557 6642 268 268 6643 933 933 6644 950 950 6645 938 938 6646 1903 1903 6647 938 938 6648 1904 1904 6649 1903 1903 6650 866 866 6651 205 205 6652 939 939 6653 205 205 6654 1559 1559 6655 939 939 6656 940 940 6657 1905 1905 6658 936 936 6659 1905 1905 6660 1906 1906 6661 936 936 6662 936 936 6663 1906 1906 6664 937 937 6665 1906 1906 6666 964 964 6667 937 937 6668 955 955 6669 973 973 6670 954 954 6671 973 973 6672 976 976 6673 954 954 6674 1864 1864 6675 950 950 6676 911 911 6677 950 950 6678 1903 1903 6679 911 911 6680 950 950 6681 1864 1864 6682 939 939 6683 1864 1864 6684 866 866 6685 939 939 6686 1907 1907 6687 1908 1908 6688 1909 1909 6689 1908 1908 6690 1910 1910 6691 1909 1909 6692 1911 1911 6693 1912 1912 6694 1913 1913 6695 1912 1912 6696 1914 1914 6697 1913 1913 6698 1564 1564 6699 1915 1915 6700 1563 1563 6701 1915 1915 6702 985 985 6703 1563 1563 6704 1915 1915 6705 945 945 6706 985 985 6707 945 945 6708 983 983 6709 985 985 6710 1916 1916 6711 1917 1917 6712 946 946 6713 1917 1917 6714 947 947 6715 946 946 6716 1913 1913 6717 1914 1914 6718 1918 1918 6719 1914 1914 6720 1919 1919 6721 1918 1918 6722 1918 1918 6723 938 938 6724 965 965 6725 938 938 6726 937 937 6727 965 965 6728 1908 1908 6729 1913 1913 6730 965 965 6731 1913 1913 6732 1918 1918 6733 965 965 6734 1907 1907 6735 1911 1911 6736 1908 1908 6737 1911 1911 6738 1913 1913 6739 1908 1908 6740 964 964 6741 1910 1910 6742 965 965 6743 1910 1910 6744 1908 1908 6745 965 965 6746 969 969 6747 929 929 6748 970 970 6749 929 929 6750 913 913 6751 970 970 6752 966 966 6753 1572 1572 6754 967 967 6755 1572 1572 6756 1570 1570 6757 967 967 6758 938 938 6759 1918 1918 6760 1904 1904 6761 1918 1918 6762 1919 1919 6763 1904 1904 6764 1563 1563 6765 985 985 6766 1573 1573 6767 985 985 6768 984 984 6769 1573 1573 6770 1573 1573 6771 984 984 6772 307 307 6773 984 984 6774 982 982 6775 307 307 6776 951 951 6777 285 285 6778 966 966 6779 285 285 6780 1572 1572 6781 966 966 6782 1574 1574 6783 1575 1575 6784 977 977 6785 1575 1575 6786 978 978 6787 977 977 6788 887 887 6789 978 978 6790 888 888 6791 978 978 6792 1001 1001 6793 888 888 6794 978 978 6795 1575 1575 6796 1001 1001 6797 1575 1575 6798 1576 1576 6799 1001 1001 6800 1920 1920 6801 864 864 6802 960 960 6803 864 864 6804 961 961 6805 960 960 6806 859 859 6807 1921 1921 6808 1841 1841 6809 1921 1921 6810 1922 1922 6811 1841 1841 6812 1906 1906 6813 946 946 6814 964 964 6815 946 946 6816 948 948 6817 964 964 6818 1905 1905 6819 1916 1916 6820 1906 1906 6821 1916 1916 6822 946 946 6823 1906 1906 6824 954 954 6825 1923 1923 6826 286 286 6827 1923 1923 6828 1579 1579 6829 286 286 6830 954 954 6831 976 976 6832 1923 1923 6833 976 976 6834 1924 1924 6835 1923 1923 6836 943 943 6837 1909 1909 6838 949 949 6839 1909 1909 6840 1910 1910 6841 949 949 6842 948 948 6843 949 949 6844 964 964 6845 949 949 6846 1910 1910 6847 964 964 6848 990 990 6849 1925 1925 6850 982 982 6851 1925 1925 6852 308 308 6853 982 982 6854 1595 1595 6855 1596 1596 6856 999 999 6857 1596 1596 6858 1000 1000 6859 999 999 6860 1000 1000 6861 1596 1596 6862 1926 1926 6863 1596 1596 6864 1598 1598 6865 1926 1926 6866 1926 1926 6867 1927 1927 6868 1000 1000 6869 1927 1927 6870 997 997 6871 1000 1000 6872 1927 1927 6873 1902 1902 6874 997 997 6875 1902 1902 6876 1901 1901 6877 997 997 6878 1600 1600 6879 995 995 6880 1576 1576 6881 995 995 6882 1001 1001 6883 1576 1576 6884 1600 1600 6885 330 330 6886 995 995 6887 330 330 6888 996 996 6889 995 995 6890 994 994 6891 329 329 6892 999 999 6893 329 329 6894 1595 1595 6895 999 999 6896 1830 1830 6897 1831 1831 6898 1834 1834 6899 1831 1831 6900 1835 1835 6901 1834 1834 6902 1025 1025 6903 1019 1019 6904 1026 1026 6905 1019 1019 6906 1031 1031 6907 1026 1026 6908 1026 1026 6909 1031 1031 6910 1024 1024 6911 1031 1031 6912 1014 1014 6913 1024 1024 6914 1025 1025 6915 1011 1011 6916 1019 1019 6917 1011 1011 6918 347 347 6919 1019 1019 6920 1012 1012 6921 1011 1011 6922 1024 1024 6923 1011 1011 6924 1025 1025 6925 1024 1024 6926 1028 1028 6927 1928 1928 6928 1034 1034 6929 1928 1928 6930 1006 1006 6931 1034 1034 6932 1929 1929 6933 1928 1928 6934 1027 1027 6935 1928 1928 6936 1028 1028 6937 1027 1027 6938 1003 1003 6939 1032 1032 6940 1004 1004 6941 1032 1032 6942 1930 1930 6943 1004 1004 6944 1032 1032 6945 1003 1003 6946 1033 1033 6947 1003 1003 6948 1002 1002 6949 1033 1033 6950 1010 1010 6951 1009 1009 6952 1931 1931 6953 1009 1009 6954 1932 1932 6955 1931 1931 6956 1932 1932 6957 1009 1009 6958 1007 1007 6959 1009 1009 6960 1013 1013 6961 1007 1007 6962 1933 1933 6963 1017 1017 6964 1934 1934 6965 1017 1017 6966 1016 1016 6967 1934 1934 6968 1932 1932 6969 1007 1007 6970 1928 1928 6971 1007 1007 6972 1006 1006 6973 1928 1928 6974 1931 1931 6975 1932 1932 6976 1929 1929 6977 1932 1932 6978 1928 1928 6979 1929 1929 6980 1017 1017 6981 1933 1933 6982 1018 1018 6983 1933 1933 6984 1935 1935 6985 1018 1018 6986 1022 1022 6987 1021 1021 6988 1034 1034 6989 1021 1021 6990 1028 1028 6991 1034 1034 6992 1039 1039 6993 1045 1045 6994 1038 1038 6995 1045 1045 6996 1048 1048 6997 1038 1038 6998 1057 1057 6999 1936 1936 7000 1037 1037 7001 1936 1936 7002 1937 1937 7003 1037 1037 7004 1937 1937 7005 1049 1049 7006 1037 1037 7007 1049 1049 7008 1039 1039 7009 1037 1037 7010 1936 1936 7011 1053 1053 7012 1937 1937 7013 1053 1053 7014 1052 1052 7015 1937 1937 7016 1938 1938 7017 1039 1039 7018 1050 1050 7019 1039 1039 7020 1049 1049 7021 1050 1050 7022 1047 1047 7023 1044 1044 7024 1939 1939 7025 1044 1044 7026 1940 1940 7027 1939 1939 7028 1047 1047 7029 1939 1939 7030 1048 1048 7031 1939 1939 7032 1941 1941 7033 1048 1048 7034 1942 1942 7035 1046 1046 7036 1943 1943 7037 1046 1046 7038 1056 1056 7039 1943 1943 7040 1056 1056 7041 1045 1045 7042 1938 1938 7043 1045 1045 7044 1039 1039 7045 1938 1938 7046 1943 1943 7047 1056 1056 7048 1120 1120 7049 1056 1056 7050 1938 1938 7051 1120 1120 7052 1938 1938 7053 1050 1050 7054 1120 1120 7055 1050 1050 7056 1051 1051 7057 1120 1120 7058 1044 1044 7059 1046 1046 7060 1940 1940 7061 1046 1046 7062 1942 1942 7063 1940 1940 7064 1937 1937 7065 1052 1052 7066 1049 1049 7067 1052 1052 7068 1042 1042 7069 1049 1049 7070 1053 1053 7071 1944 1944 7072 1054 1054 7073 1944 1944 7074 1945 1945 7075 1054 1054 7076 1946 1946 7077 1065 1065 7078 1060 1060 7079 1065 1065 7080 1061 1061 7081 1060 1060 7082 1947 1947 7083 1948 1948 7084 1949 1949 7085 1948 1948 7086 1950 1950 7087 1949 1949 7088 1948 1948 7089 1123 1123 7090 1950 1950 7091 1123 1123 7092 1124 1124 7093 1950 1950 7094 1951 1951 7095 1952 1952 7096 1953 1953 7097 1952 1952 7098 1954 1954 7099 1953 1953 7100 1060 1060 7101 1059 1059 7102 1949 1949 7103 1059 1059 7104 1947 1947 7105 1949 1949 7106 1955 1955 7107 1106 1106 7108 1956 1956 7109 1106 1106 7110 1957 1957 7111 1956 1956 7112 1639 1639 7113 1958 1958 7114 1638 1638 7115 1958 1958 7116 1098 1098 7117 1638 1638 7118 1095 1095 7119 1959 1959 7120 1110 1110 7121 1959 1959 7122 1960 1960 7123 1110 1110 7124 1961 1961 7125 1955 1955 7126 1962 1962 7127 1955 1955 7128 1956 1956 7129 1962 1962 7130 1062 1062 7131 1961 1961 7132 1063 1063 7133 1961 1961 7134 1962 1962 7135 1063 1063 7136 1960 1960 7137 1959 1959 7138 1069 1069 7139 1959 1959 7140 1070 1070 7141 1069 1069 7142 1963 1963 7143 1964 1964 7144 1952 1952 7145 1964 1964 7146 1954 1954 7147 1952 1952 7148 413 413 7149 1076 1076 7150 1646 1646 7151 1076 1076 7152 1965 1965 7153 1646 1646 7154 1647 1647 7155 1075 1075 7156 414 414 7157 1075 1075 7158 1073 1073 7159 414 414 7160 1118 1118 7161 1083 1083 7162 1208 1208 7163 1083 1083 7164 1082 1082 7165 1208 1208 7166 1106 1106 7167 1108 1108 7168 1957 1957 7169 1108 1108 7170 1118 1118 7171 1957 1957 7172 1099 1099 7173 1098 1098 7174 1097 1097 7175 1098 1098 7176 1095 1095 7177 1097 1097 7178 1957 1957 7179 1118 1118 7180 1110 1110 7181 1118 1118 7182 1096 1096 7183 1110 1110 7184 129 129 7185 127 127 7186 1117 1117 7187 127 127 7188 1090 1090 7189 1117 1117 7190 1091 1091 7191 1084 1084 7192 1103 1103 7193 1084 1084 7194 124 124 7195 1103 1103 7196 1112 1112 7197 1111 1111 7198 1102 1102 7199 1111 1111 7200 1093 1093 7201 1102 1102 7202 121 121 7203 1966 1966 7204 1947 1947 7205 1966 1966 7206 1948 1948 7207 1947 1947 7208 1966 1966 7209 121 121 7210 1117 1117 7211 121 121 7212 129 129 7213 1117 1117 7214 1096 1096 7215 1118 1118 7216 1097 1097 7217 1118 1118 7218 1208 1208 7219 1097 1097 7220 1100 1100 7221 550 550 7222 1098 1098 7223 550 550 7224 1638 1638 7225 1098 1098 7226 1085 1085 7227 1084 1084 7228 1104 1104 7229 1084 1084 7230 1967 1967 7231 1104 1104 7232 1088 1088 7233 1114 1114 7234 1089 1089 7235 1114 1114 7236 1128 1128 7237 1089 1089 7238 1966 1966 7239 1117 1117 7240 1125 1125 7241 1117 1117 7242 1089 1089 7243 1125 1125 7244 1125 1125 7245 1123 1123 7246 1966 1966 7247 1123 1123 7248 1948 1948 7249 1966 1966 7250 1124 1124 7251 1122 1122 7252 1968 1968 7253 1122 1122 7254 1109 1109 7255 1968 1968 7256 1130 1130 7257 1309 1309 7258 1131 1131 7259 1309 1309 7260 1308 1308 7261 1131 1131 7262 1137 1137 7263 1136 1136 7264 1141 1141 7265 1136 1136 7266 1142 1142 7267 1141 1141 7268 1146 1146 7269 924 924 7270 1888 1888 7271 924 924 7272 925 925 7273 1888 1888 7274 1969 1969 7275 1970 1970 7276 1971 1971 7277 1970 1970 7278 1972 1972 7279 1971 1971 7280 1970 1970 7281 1973 1973 7282 1972 1972 7283 1973 1973 7284 1974 1974 7285 1972 1972 7286 1975 1975 7287 1969 1969 7288 1976 1976 7289 1969 1969 7290 1971 1971 7291 1976 1976 7292 1164 1164 7293 1154 1154 7294 1977 1977 7295 1154 1154 7296 1978 1978 7297 1977 1977 7298 1154 1154 7299 1151 1151 7300 1978 1978 7301 1151 1151 7302 1979 1979 7303 1978 1978 7304 1151 1151 7305 1150 1150 7306 1979 1979 7307 1150 1150 7308 1980 1980 7309 1979 1979 7310 1978 1978 7311 1979 1979 7312 1969 1969 7313 1979 1979 7314 1970 1970 7315 1969 1969 7316 1979 1979 7317 1980 1980 7318 1970 1970 7319 1980 1980 7320 1973 1973 7321 1970 1970 7322 1977 1977 7323 1978 1978 7324 1975 1975 7325 1978 1978 7326 1969 1969 7327 1975 1975 7328 1147 1147 7329 1981 1981 7330 1116 1116 7331 1981 1981 7332 1115 1115 7333 1116 1116 7334 1982 1982 7335 1983 1983 7336 1149 1149 7337 1983 1983 7338 1148 1148 7339 1149 1149 7340 1984 1984 7341 1985 1985 7342 1147 1147 7343 1985 1985 7344 1981 1981 7345 1147 1147 7346 1984 1984 7347 1147 1147 7348 1983 1983 7349 1147 1147 7350 1148 1148 7351 1983 1983 7352 1976 1976 7353 1971 1971 7354 1982 1982 7355 1971 1971 7356 1983 1983 7357 1982 1982 7358 1971 1971 7359 1972 1972 7360 1983 1983 7361 1972 1972 7362 1984 1984 7363 1983 1983 7364 1972 1972 7365 1974 1974 7366 1984 1984 7367 1974 1974 7368 1985 1985 7369 1984 1984 7370 1986 1986 7371 1667 1667 7372 1987 1987 7373 1667 1667 7374 1665 1665 7375 1987 1987 7376 1668 1668 7377 1988 1988 7378 1665 1665 7379 1988 1988 7380 1987 1987 7381 1665 1665 7382 1155 1155 7383 1986 1986 7384 1156 1156 7385 1986 1986 7386 1987 1987 7387 1156 1156 7388 1988 1988 7389 1157 1157 7390 1987 1987 7391 1157 1157 7392 1156 1156 7393 1987 1987 7394 1989 1989 7395 1990 1990 7396 1158 1158 7397 1990 1990 7398 1159 1159 7399 1158 1158 7400 1990 1990 7401 1991 1991 7402 1159 1159 7403 1991 1991 7404 1992 1992 7405 1159 1159 7406 1991 1991 7407 1975 1975 7408 1992 1992 7409 1975 1975 7410 1976 1976 7411 1992 1992 7412 1166 1166 7413 1162 1162 7414 1993 1993 7415 1162 1162 7416 1994 1994 7417 1993 1993 7418 1162 1162 7419 1165 1165 7420 1994 1994 7421 1165 1165 7422 1995 1995 7423 1994 1994 7424 1165 1165 7425 1164 1164 7426 1995 1995 7427 1164 1164 7428 1977 1977 7429 1995 1995 7430 1993 1993 7431 1994 1994 7432 1989 1989 7433 1994 1994 7434 1990 1990 7435 1989 1989 7436 1994 1994 7437 1995 1995 7438 1990 1990 7439 1995 1995 7440 1991 1991 7441 1990 1990 7442 1995 1995 7443 1977 1977 7444 1991 1991 7445 1977 1977 7446 1975 1975 7447 1991 1991 7448 1992 1992 7449 1976 1976 7450 1167 1167 7451 1976 1976 7452 1982 1982 7453 1167 1167 7454 1159 1159 7455 1992 1992 7456 1160 1160 7457 1992 1992 7458 1167 1167 7459 1160 1160 7460 1149 1149 7461 1168 1168 7462 1982 1982 7463 1168 1168 7464 1167 1167 7465 1982 1982 7466 1996 1996 7467 1997 1997 7468 1079 1079 7469 1997 1997 7470 1077 1077 7471 1079 1079 7472 1998 1998 7473 1996 1996 7474 1111 1111 7475 1996 1996 7476 1079 1079 7477 1111 1111 7478 1999 1999 7479 1998 1998 7480 1112 1112 7481 1998 1998 7482 1111 1111 7483 1112 1112 7484 2000 2000 7485 1175 1175 7486 1080 1080 7487 1175 1175 7488 1094 1094 7489 1080 1080 7490 1174 1174 7491 1999 1999 7492 1113 1113 7493 1999 1999 7494 1112 1112 7495 1113 1113 7496 1997 1997 7497 2000 2000 7498 1077 1077 7499 2000 2000 7500 1080 1080 7501 1077 1077 7502 1182 1182 7503 2001 2001 7504 1176 1176 7505 2001 2001 7506 2002 2002 7507 1176 1176 7508 2001 2001 7509 1179 1179 7510 2002 2002 7511 1179 1179 7512 1170 1170 7513 2002 2002 7514 1184 1184 7515 1176 1176 7516 2003 2003 7517 1176 1176 7518 2002 2002 7519 2003 2003 7520 2003 2003 7521 2002 2002 7522 1169 1169 7523 2002 2002 7524 1170 1170 7525 1169 1169 7526 236 236 7527 235 235 7528 1535 1535 7529 235 235 7530 262 262 7531 1535 1535 7532 1677 1677 7533 1536 1536 7534 243 243 7535 1536 1536 7536 1535 1535 7537 243 243 7538 1187 1187 7539 1188 1188 7540 1186 1186 7541 1188 1188 7542 686 686 7543 1186 1186 7544 2004 2004 7545 2005 2005 7546 1193 1193 7547 2005 2005 7548 1204 1204 7549 1193 1193 7550 2006 2006 7551 1192 1192 7552 1211 1211 7553 1192 1192 7554 1190 1190 7555 1211 1211 7556 1192 1192 7557 2006 2006 7558 1193 1193 7559 2006 2006 7560 2004 2004 7561 1193 1193 7562 2007 2007 7563 2008 2008 7564 2009 2009 7565 2008 2008 7566 2010 2010 7567 2009 2009 7568 2011 2011 7569 2012 2012 7570 2013 2013 7571 2012 2012 7572 2014 2014 7573 2013 2013 7574 2015 2015 7575 2016 2016 7576 2014 2014 7577 2016 2016 7578 2013 2013 7579 2014 2014 7580 2012 2012 7581 2011 2011 7582 2017 2017 7583 2011 2011 7584 2018 2018 7585 2017 2017 7586 2016 2016 7587 2015 2015 7588 2019 2019 7589 2015 2015 7590 2020 2020 7591 2019 2019 7592 2019 2019 7593 2020 2020 7594 1219 1219 7595 2020 2020 7596 1220 1220 7597 1219 1219 7598 2018 2018 7599 2010 2010 7600 2017 2017 7601 2010 2010 7602 2008 2008 7603 2017 2017 7604 1219 1219 7605 1221 1221 7606 2021 2021 7607 1221 1221 7608 2022 2022 7609 2021 2021 7610 1221 1221 7611 1220 1220 7612 2022 2022 7613 1220 1220 7614 2023 2023 7615 2022 2022 7616 2016 2016 7617 2019 2019 7618 2013 2013 7619 2019 2019 7620 2024 2024 7621 2013 2013 7622 2020 2020 7623 2015 2015 7624 2025 2025 7625 2015 2015 7626 2014 2014 7627 2025 2025 7628 2019 2019 7629 1219 1219 7630 2024 2024 7631 1219 1219 7632 2021 2021 7633 2024 2024 7634 1220 1220 7635 2020 2020 7636 2023 2023 7637 2020 2020 7638 2025 2025 7639 2023 2023 7640 2026 2026 7641 1240 1240 7642 1244 1244 7643 1240 1240 7644 1237 1237 7645 1244 1244 7646 1224 1224 7647 1242 1242 7648 1247 1247 7649 1242 1242 7650 2027 2027 7651 1247 1247 7652 1244 1244 7653 1247 1247 7654 2026 2026 7655 1247 1247 7656 2027 2027 7657 2026 2026 7658 1700 1700 7659 1250 1250 7660 1699 1699 7661 1250 1250 7662 1251 1251 7663 1699 1699 7664 1258 1258 7665 2028 2028 7666 2029 2029 7667 2028 2028 7668 2030 2030 7669 2029 2029 7670 1258 1258 7671 2029 2029 7672 1259 1259 7673 2029 2029 7674 2031 2031 7675 1259 1259 7676 1255 1255 7677 2032 2032 7678 1256 1256 7679 2032 2032 7680 2033 2033 7681 1256 1256 7682 1259 1259 7683 2031 2031 7684 2032 2032 7685 2031 2031 7686 2034 2034 7687 2032 2032 7688 2032 2032 7689 2034 2034 7690 2033 2033 7691 2034 2034 7692 2035 2035 7693 2033 2033 7694 2033 2033 7695 2035 2035 7696 1260 1260 7697 2035 2035 7698 2036 2036 7699 1260 1260 7700 1260 1260 7701 2036 2036 7702 1253 1253 7703 2036 2036 7704 2037 2037 7705 1253 1253 7706 2038 2038 7707 1249 1249 7708 2037 2037 7709 1249 1249 7710 1253 1253 7711 2037 2037 7712 1257 1257 7713 1259 1259 7714 1255 1255 7715 1259 1259 7716 2032 2032 7717 1255 1255 7718 2039 2039 7719 2040 2040 7720 2041 2041 7721 2040 2040 7722 2042 2042 7723 2041 2041 7724 2043 2043 7725 2044 2044 7726 2039 2039 7727 2044 2044 7728 2040 2040 7729 2039 2039 7730 2045 2045 7731 2046 2046 7732 2043 2043 7733 2046 2046 7734 2044 2044 7735 2043 2043 7736 2047 2047 7737 2048 2048 7738 1281 1281 7739 2048 2048 7740 1280 1280 7741 1281 1281 7742 2049 2049 7743 2050 2050 7744 2045 2045 7745 2050 2050 7746 2046 2046 7747 2045 2045 7748 2051 2051 7749 2052 2052 7750 2049 2049 7751 2052 2052 7752 2050 2050 7753 2049 2049 7754 2053 2053 7755 2054 2054 7756 2051 2051 7757 2054 2054 7758 2052 2052 7759 2051 2051 7760 2055 2055 7761 2056 2056 7762 2053 2053 7763 2056 2056 7764 2054 2054 7765 2053 2053 7766 1699 1699 7767 1251 1251 7768 1730 1730 7769 1251 1251 7770 2057 2057 7771 1730 1730 7772 2058 2058 7773 2047 2047 7774 2059 2059 7775 2047 2047 7776 1281 1281 7777 2059 2059 7778 2060 2060 7779 2058 2058 7780 2061 2061 7781 2058 2058 7782 2059 2059 7783 2061 2061 7784 1737 1737 7785 2060 2060 7786 1736 1736 7787 2060 2060 7788 2061 2061 7789 1736 1736 7790 2048 2048 7791 1255 1255 7792 1280 1280 7793 1255 1255 7794 1254 1254 7795 1280 1280 7796 2041 2041 7797 2042 2042 7798 2062 2062 7799 2042 2042 7800 2063 2063 7801 2062 2062 7802 1256 1256 7803 2033 2033 7804 1252 1252 7805 2033 2033 7806 1260 1260 7807 1252 1252 7808 2057 2057 7809 1251 1251 7810 2038 2038 7811 1251 1251 7812 1249 1249 7813 2038 2038 7814 1740 1740 7815 1730 1730 7816 2062 2062 7817 1730 1730 7818 2057 2057 7819 2062 2062 7820 2030 2030 7821 2055 2055 7822 2029 2029 7823 2055 2055 7824 2053 2053 7825 2029 2029 7826 2051 2051 7827 2031 2031 7828 2053 2053 7829 2031 2031 7830 2029 2029 7831 2053 2053 7832 2049 2049 7833 2034 2034 7834 2051 2051 7835 2034 2034 7836 2031 2031 7837 2051 2051 7838 2045 2045 7839 2035 2035 7840 2049 2049 7841 2035 2035 7842 2034 2034 7843 2049 2049 7844 2043 2043 7845 2036 2036 7846 2045 2045 7847 2036 2036 7848 2035 2035 7849 2045 2045 7850 2039 2039 7851 2037 2037 7852 2043 2043 7853 2037 2037 7854 2036 2036 7855 2043 2043 7856 2041 2041 7857 2038 2038 7858 2039 2039 7859 2038 2038 7860 2037 2037 7861 2039 2039 7862 2062 2062 7863 2057 2057 7864 2041 2041 7865 2057 2057 7866 2038 2038 7867 2041 2041 7868 2062 2062 7869 2063 2063 7870 1740 1740 7871 2063 2063 7872 1741 1741 7873 1740 1740 7874 1742 1742 7875 1743 1743 7876 2055 2055 7877 1743 1743 7878 2056 2056 7879 2055 2055 7880 1744 1744 7881 1742 1742 7882 2030 2030 7883 1742 1742 7884 2055 2055 7885 2030 2030 7886 2028 2028 7887 1745 1745 7888 2030 2030 7889 1745 1745 7890 1744 1744 7891 2030 2030 7892 1748 1748 7893 1749 1749 7894 2064 2064 7895 1749 1749 7896 2065 2065 7897 2064 2064 7898 603 603 7899 1261 1261 7900 622 622 7901 1261 1261 7902 1274 1274 7903 622 622 7904 1278 1278 7905 1277 1277 7906 1268 1268 7907 1277 1277 7908 1270 1270 7909 1268 1268 7910 2066 2066 7911 1278 1278 7912 1267 1267 7913 1278 1278 7914 1268 1268 7915 1267 1267 7916 2067 2067 7917 2066 2066 7918 1265 1265 7919 2066 2066 7920 1267 1267 7921 1265 1265 7922 2068 2068 7923 2067 2067 7924 1263 1263 7925 2067 2067 7926 1265 1265 7927 1263 1263 7928 1749 1749 7929 621 621 7930 2065 2065 7931 621 621 7932 1275 1275 7933 2065 2065 7934 2069 2069 7935 1264 1264 7936 1271 1271 7937 1264 1264 7938 1266 1266 7939 1271 1271 7940 2070 2070 7941 2071 2071 7942 2072 2072 7943 2071 2071 7944 2073 2073 7945 2072 2072 7946 1755 1755 7947 2071 2071 7948 1754 1754 7949 2071 2071 7950 2070 2070 7951 1754 1754 7952 2074 2074 7953 2068 2068 7954 1262 1262 7955 2068 2068 7956 1263 1263 7957 1262 1262 7958 2075 2075 7959 2061 2061 7960 2076 2076 7961 2061 2061 7962 2059 2059 7963 2076 2076 7964 1758 1758 7965 1736 1736 7966 2075 2075 7967 1736 1736 7968 2061 2061 7969 2075 2075 7970 2076 2076 7971 2059 2059 7972 1279 1279 7973 2059 2059 7974 1281 1281 7975 1279 1279 7976 1287 1287 7977 1286 1286 7978 1396 1396 7979 1286 1286 7980 1395 1395 7981 1396 1396 7982 1388 1388 7983 1284 1284 7984 1286 1286 7985 1284 1284 7986 1395 1395 7987 1286 1286 7988 2077 2077 7989 2078 2078 7990 1396 1396 7991 2078 2078 7992 1287 1287 7993 1396 1396 7994 1285 1285 7995 1287 1287 7996 1292 1292 7997 1287 1287 7998 2078 2078 7999 1292 1292 8000 1396 1396 8001 1283 1283 8002 2077 2077 8003 1283 1283 8004 1289 1289 8005 2077 2077 8006 1292 1292 8007 2078 2078 8008 1390 1390 8009 2078 2078 8010 1443 1443 8011 1390 1390 8012 2077 2077 8013 1289 1289 8014 1297 1297 8015 1289 1289 8016 1298 1298 8017 1297 1297 8018 2078 2078 8019 2077 2077 8020 1443 1443 8021 2077 2077 8022 1297 1297 8023 1443 1443 8024 1443 1443 8025 1331 1331 8026 1390 1390 8027 1331 1331 8028 524 524 8029 1390 1390 8030 1402 1402 8031 1299 1299 8032 2079 2079 8033 1299 1299 8034 1301 1301 8035 2079 2079 8036 1301 1301 8037 1300 1300 8038 1400 1400 8039 1300 1300 8040 1399 1399 8041 1400 1400 8042 1404 1404 8043 1304 1304 8044 1300 1300 8045 1304 1304 8046 1399 1399 8047 1300 1300 8048 1301 1301 8049 1400 1400 8050 2079 2079 8051 1400 1400 8052 2080 2080 8053 2079 2079 8054 1400 1400 8055 1303 1303 8056 2080 2080 8057 1303 1303 8058 1306 1306 8059 2080 2080 8060 1307 1307 8061 1306 1306 8062 1302 1302 8063 1306 1306 8064 1303 1303 8065 1302 1302 8066 2079 2079 8067 2080 2080 8068 1314 1314 8069 2080 2080 8070 1385 1385 8071 1314 1314 8072 1314 1314 8073 1313 1313 8074 2079 2079 8075 1313 1313 8076 1402 1402 8077 2079 2079 8078 1131 1131 8079 1308 1308 8080 1312 1312 8081 1308 1308 8082 1398 1398 8083 1312 1312 8084 1310 1310 8085 1309 1309 8086 1305 1305 8087 1309 1309 8088 1306 1306 8089 1305 1305 8090 1316 1316 8091 1323 1323 8092 1317 1317 8093 1323 1323 8094 1383 1383 8095 1317 1317 8096 1386 1386 8097 1317 1317 8098 1387 1387 8099 1317 1317 8100 1383 1383 8101 1387 1387 8102 1386 1386 8103 1387 1387 8104 2081 2081 8105 1387 1387 8106 2082 2082 8107 2081 2081 8108 2081 2081 8109 2082 2082 8110 1333 1333 8111 2082 2082 8112 1330 1330 8113 1333 1333 8114 1387 1387 8115 1322 1322 8116 2082 2082 8117 1322 1322 8118 1319 1319 8119 2082 2082 8120 1378 1378 8121 1315 1315 8122 2081 2081 8123 1315 1315 8124 1386 1386 8125 2081 2081 8126 2082 2082 8127 1319 1319 8128 1330 1330 8129 1319 1319 8130 1328 1328 8131 1330 1330 8132 1332 1332 8133 1378 1378 8134 1333 1333 8135 1378 1378 8136 2081 2081 8137 1333 1333 8138 1323 1323 8139 1316 1316 8140 1321 1321 8141 1316 1316 8142 1376 1376 8143 1321 1321 8144 1382 1382 8145 2083 2083 8146 1340 1340 8147 2083 2083 8148 1358 1358 8149 1340 1340 8150 1355 1355 8151 1358 1358 8152 1356 1356 8153 1358 1358 8154 2083 2083 8155 1356 1356 8156 2084 2084 8157 2083 2083 8158 1363 1363 8159 2083 2083 8160 1382 1382 8161 1363 1363 8162 2083 2083 8163 2084 2084 8164 1356 1356 8165 2084 2084 8166 1365 1365 8167 1356 1356 8168 1347 1347 8169 1135 1135 8170 1350 1350 8171 1135 1135 8172 1138 1138 8173 1350 1350 8174 1350 1350 8175 1353 1353 8176 1348 1348 8177 1353 1353 8178 1345 1345 8179 1348 1348 8180 1347 1347 8181 1349 1349 8182 1135 1135 8183 1349 1349 8184 1132 1132 8185 1135 1135 8186 1349 1349 8187 1352 1352 8188 1132 1132 8189 1352 1352 8190 2085 2085 8191 1132 1132 8192 1352 1352 8193 1346 1346 8194 2085 2085 8195 1346 1346 8196 1145 1145 8197 2085 2085 8198 1346 1346 8199 1351 1351 8200 1145 1145 8201 1351 1351 8202 1143 1143 8203 1145 1145 8204 1351 1351 8205 1353 1353 8206 1143 1143 8207 1353 1353 8208 1140 1140 8209 1143 1143 8210 1141 1141 8211 1140 1140 8212 1137 1137 8213 1140 1140 8214 1138 1138 8215 1137 1137 8216 2085 2085 8217 1145 1145 8218 1415 1415 8219 1145 1145 8220 1144 1144 8221 1415 1415 8222 1132 1132 8223 2085 2085 8224 1133 1133 8225 2085 2085 8226 1415 1415 8227 1133 1133 8228 1138 1138 8229 1140 1140 8230 1350 1350 8231 1140 1140 8232 1353 1353 8233 1350 1350 8234 1341 1341 8235 1366 1366 8236 1342 1342 8237 1366 1366 8238 1364 1364 8239 1342 1342 8240 1382 1382 8241 1342 1342 8242 1363 1363 8243 1342 1342 8244 1364 1364 8245 1363 1363 8246 1343 1343 8247 1368 1368 8248 1371 1371 8249 1368 1368 8250 1367 1367 8251 1371 1371 8252 1368 1368 8253 1362 1362 8254 1369 1369 8255 1362 1362 8256 1375 1375 8257 1369 1369 8258 1363 1363 8259 1362 1362 8260 2084 2084 8261 1362 1362 8262 1368 1368 8263 2084 2084 8264 2084 2084 8265 1368 1368 8266 1365 1365 8267 1368 1368 8268 1343 1343 8269 1365 1365 8270 1375 1375 8271 1374 1374 8272 1369 1369 8273 1374 1374 8274 1357 1357 8275 1369 1369 8276 1369 1369 8277 1357 1357 8278 1367 1367 8279 1357 1357 8280 1359 1359 8281 1367 1367 8282 1367 1367 8283 1359 1359 8284 1371 1371 8285 1359 1359 8286 1360 1360 8287 1371 1371 8288 1339 1339 8289 1338 1338 8290 1372 1372 8291 1338 1338 8292 1373 1373 8293 1372 1372 8294 1341 1341 8295 1374 1374 8296 1366 1366 8297 1374 1374 8298 1375 1375 8299 1366 1366 8300 1361 1361 8301 1370 1370 8302 1360 1360 8303 1370 1370 8304 1371 1371 8305 1360 1360 8306 1360 1360 8307 1359 1359 8308 1355 1355 8309 1359 1359 8310 1358 1358 8311 1355 1355 8312 1357 1357 8313 1374 1374 8314 1358 1358 8315 1374 1374 8316 1340 1340 8317 1358 1358 8318 1406 1406 8319 1327 1327 8320 1326 1326 8321 1327 1327 8322 1381 1381 8323 1326 1326 8324 1381 1381 8325 1327 1327 8326 1380 1380 8327 1327 1327 8328 1329 1329 8329 1380 1380 8330 1380 1380 8331 1329 1329 8332 1379 1379 8333 1329 1329 8334 1318 1318 8335 1379 1379 8336 1377 1377 8337 1320 1320 8338 1376 1376 8339 1320 1320 8340 1321 1321 8341 1376 1376 8342 1320 1320 8343 1377 1377 8344 1318 1318 8345 1377 1377 8346 1379 1379 8347 1318 1318 8348 1377 1377 8349 1376 1376 8350 1378 1378 8351 1376 1376 8352 1315 1315 8353 1378 1378 8354 1380 1380 8355 1379 1379 8356 1332 1332 8357 1379 1379 8358 1378 1378 8359 1332 1332 8360 1319 1319 8361 1322 1322 8362 1320 1320 8363 1322 1322 8364 1321 1321 8365 1320 1320 8366 1328 1328 8367 1319 1319 8368 1329 1329 8369 1319 1319 8370 1318 1318 8371 1329 1329 8372 1288 1288 8373 1293 1293 8374 1394 1394 8375 1293 1293 8376 1389 1389 8377 1394 1394 8378 1294 1294 8379 1393 1393 8380 526 526 8381 1393 1393 8382 1391 1391 8383 526 526 8384 1293 1293 8385 1288 1288 8386 1291 1291 8387 1288 1288 8388 1290 1290 8389 1291 1291 8390 1291 1291 8391 1290 1290 8392 1392 1392 8393 1290 1290 8394 1282 1282 8395 1392 1392 8396 1388 1388 8397 1392 1392 8398 1284 1284 8399 1392 1392 8400 1282 1282 8401 1284 1284 8402 1392 1392 8403 1285 1285 8404 1291 1291 8405 1285 1285 8406 1292 1292 8407 1291 1291 8408 1293 1293 8409 1292 1292 8410 1389 1389 8411 1292 1292 8412 1390 1390 8413 1389 1389 8414 1394 1394 8415 1389 1389 8416 1393 1393 8417 1389 1389 8418 1391 1391 8419 1393 1393 8420 526 526 8421 1391 1391 8422 524 524 8423 1391 1391 8424 1390 1390 8425 524 524 8426 1289 1289 8427 1283 1283 8428 1290 1290 8429 1283 1283 8430 1282 1282 8431 1290 1290 8432 1298 1298 8433 1289 1289 8434 1394 1394 8435 1289 1289 8436 1288 1288 8437 1394 1394 8438 1385 1385 8439 2080 2080 8440 1309 1309 8441 2080 2080 8442 1306 1306 8443 1309 1309 8444 1302 1302 8445 1304 1304 8446 1405 1405 8447 1304 1304 8448 1404 1404 8449 1405 1405 8450 1401 1401 8451 1307 1307 8452 1405 1405 8453 1307 1307 8454 1302 1302 8455 1405 1405 8456 1403 1403 8457 1305 1305 8458 1401 1401 8459 1305 1305 8460 1307 1307 8461 1401 1401 8462 1397 1397 8463 1310 1310 8464 1403 1403 8465 1310 1310 8466 1305 1305 8467 1403 1403 8468 1398 1398 8469 1308 1308 8470 1397 1397 8471 1308 1308 8472 1310 1310 8473 1397 1397 8474 1401 1401 8475 1405 1405 8476 1402 1402 8477 1405 1405 8478 1299 1299 8479 1402 1402 8480 1397 1397 8481 1403 1403 8482 1313 1313 8483 1403 1403 8484 1402 1402 8485 1313 1313 8486 1407 1407 8487 1408 1408 8488 1338 1338 8489 1408 1408 8490 1373 1373 8491 1338 1338 8492 823 823 8493 1325 1325 8494 822 822 8495 1325 1325 8496 1408 1408 8497 822 822 8498 1311 1311 8499 824 824 8500 826 826 8501 824 824 8502 822 822 8503 826 826 8504 1419 1419 8505 2086 2086 8506 1411 1411 8507 2086 2086 8508 2087 2087 8509 1411 1411 8510 851 851 8511 1456 1456 8512 2088 2088 8513 1456 1456 8514 2089 2089 8515 2088 2088 8516 1456 1456 8517 2090 2090 8518 2089 2089 8519 2090 2090 8520 2091 2091 8521 2089 2089 8522 2090 2090 8523 2092 2092 8524 2091 2091 8525 2092 2092 8526 2093 2093 8527 2091 2091 8528 2092 2092 8529 2094 2094 8530 2093 2093 8531 2094 2094 8532 2095 2095 8533 2093 2093 8534 2094 2094 8535 1409 1409 8536 2095 2095 8537 1409 1409 8538 2096 2096 8539 2095 2095 8540 1409 1409 8541 1214 1214 8542 2096 2096 8543 1214 1214 8544 2097 2097 8545 2096 2096 8546 2088 2088 8547 2089 2089 8548 2098 2098 8549 2089 2089 8550 2099 2099 8551 2098 2098 8552 2089 2089 8553 2091 2091 8554 2099 2099 8555 2091 2091 8556 2100 2100 8557 2099 2099 8558 2091 2091 8559 2093 2093 8560 2100 2100 8561 2093 2093 8562 2101 2101 8563 2100 2100 8564 2093 2093 8565 2095 2095 8566 2101 2101 8567 2095 2095 8568 2102 2102 8569 2101 2101 8570 2095 2095 8571 2096 2096 8572 2102 2102 8573 2096 2096 8574 2103 2103 8575 2102 2102 8576 2096 2096 8577 2097 2097 8578 2103 2103 8579 2097 2097 8580 2104 2104 8581 2103 2103 8582 825 825 8583 1408 1408 8584 1416 1416 8585 1408 1408 8586 2105 2105 8587 1416 1416 8588 1408 1408 8589 1407 1407 8590 2105 2105 8591 1407 1407 8592 1458 1458 8593 2105 2105 8594 1407 1407 8595 1413 1413 8596 1458 1458 8597 1413 1413 8598 1212 1212 8599 1458 1458 8600 1412 1412 8601 1411 1411 8602 2106 2106 8603 1411 1411 8604 2087 2087 8605 2106 2106 8606 1445 1445 8607 1817 1817 8608 841 841 8609 1817 1817 8610 1816 1816 8611 841 841 8612 1816 1816 8613 838 838 8614 1818 1818 8615 838 838 8616 1446 1446 8617 1818 1818 8618 1447 1447 8619 1814 1814 8620 1429 1429 8621 1814 1814 8622 1813 1813 8623 1429 1429 8624 1448 1448 8625 1815 1815 8626 835 835 8627 1815 1815 8628 1813 1813 8629 835 835 8630 1413 1413 8631 1440 1440 8632 1212 1212 8633 1440 1440 8634 1213 1213 8635 1212 1212 8636 2107 2107 8637 2108 2108 8638 2109 2109 8639 2108 2108 8640 2110 2110 8641 2109 2109 8642 2111 2111 8643 2107 2107 8644 2112 2112 8645 2107 2107 8646 2109 2109 8647 2112 2112 8648 2113 2113 8649 2111 2111 8650 2114 2114 8651 2111 2111 8652 2112 2112 8653 2114 2114 8654 2108 2108 8655 2115 2115 8656 2110 2110 8657 2115 2115 8658 2116 2116 8659 2110 2110 8660 2115 2115 8661 2088 2088 8662 2116 2116 8663 2088 2088 8664 2098 2098 8665 2116 2116 8666 2117 2117 8667 2118 2118 8668 2113 2113 8669 2118 2118 8670 2111 2111 8671 2113 2113 8672 2118 2118 8673 847 847 8674 2111 2111 8675 847 847 8676 2107 2107 8677 2111 2111 8678 847 847 8679 846 846 8680 2107 2107 8681 846 846 8682 2108 2108 8683 2107 2107 8684 849 849 8685 851 851 8686 2115 2115 8687 851 851 8688 2088 2088 8689 2115 2115 8690 846 846 8691 849 849 8692 2108 2108 8693 849 849 8694 2115 2115 8695 2108 2108 8696 731 731 8697 730 730 8698 695 695 8699 730 730 8700 696 696 8701 695 695 8702 697 697 8703 713 713 8704 695 695 8705 713 713 8706 718 718 8707 695 695 8708 731 731 8709 729 729 8710 677 677 8711 729 729 8712 701 701 8713 677 677 8714 677 677 8715 685 685 8716 675 675 8717 685 685 8718 738 738 8719 675 675 8720 675 675 8721 738 738 8722 767 767 8723 738 738 8724 680 680 8725 767 767 8726 767 767 8727 680 680 8728 751 751 8729 680 680 8730 679 679 8731 751 751 8732 1449 1449 8733 747 747 8734 646 646 8735 747 747 8736 753 753 8737 646 646 8738 646 646 8739 753 753 8740 645 645 8741 753 753 8742 647 647 8743 645 645 8744 645 645 8745 664 664 8746 662 662 8747 664 664 8748 758 758 8749 662 662 8750 662 662 8751 758 758 8752 757 757 8753 758 758 8754 661 661 8755 757 757 8756 757 757 8757 661 661 8758 559 559 8759 661 661 8760 660 660 8761 559 559 8762 1455 1455 8763 1894 1894 8764 1891 1891 8765 1894 1894 8766 1892 1892 8767 1891 1891 8768 2106 2106 8769 2090 2090 8770 1412 1412 8771 2090 2090 8772 1456 1456 8773 1412 1412 8774 2119 2119 8775 1417 1417 8776 2120 2120 8777 1417 1417 8778 1416 1416 8779 2120 2120 8780 2120 2120 8781 1416 1416 8782 2121 2121 8783 1416 1416 8784 2105 2105 8785 2121 2121 8786 2121 2121 8787 2105 2105 8788 1457 1457 8789 2105 2105 8790 1458 1458 8791 1457 1457 8792 1459 1459 8793 1458 1458 8794 1410 1410 8795 1458 1458 8796 1212 1212 8797 1410 1410 8798 770 770 8799 1460 1460 8800 1794 1794 8801 1460 1460 8802 1779 1779 8803 1794 1794 8804 1772 1772 8805 777 777 8806 2122 2122 8807 777 777 8808 778 778 8809 2122 2122 8810 123 123 8811 1103 1103 8812 124 124 8813 123 123 8814 1092 1092 8815 1103 1103 8816 2123 2123 8817 1092 1092 8818 123 123 8819 2123 2123 8820 1086 1086 8821 1092 1092 8822 2124 2124 8823 1086 1086 8824 2123 2123 8825 2124 2124 8826 1087 1087 8827 1086 1086 8828 2125 2125 8829 1087 1087 8830 2124 2124 8831 2125 2125 8832 1116 1116 8833 1087 1087 8834 2126 2126 8835 1116 1116 8836 2125 2125 8837 2126 2126 8838 1066 1066 8839 1116 1116 8840 2127 2127 8841 1066 1066 8842 2126 2126 8843 2127 2127 8844 1061 1061 8845 1066 1066 8846 2128 2128 8847 1061 1061 8848 2127 2127 8849 2128 2128 8850 1059 1059 8851 1061 1061 8852 122 122 8853 1059 1059 8854 2128 2128 8855 122 122 8856 1947 1947 8857 1059 1059 8858 121 121 8859 1947 1947 8860 122 122 8861 130 130 8862 1634 1634 8863 131 131 8864 130 130 8865 389 389 8866 1634 1634 8867 2129 2129 8868 389 389 8869 130 130 8870 2129 2129 8871 387 387 8872 389 389 8873 2130 2130 8874 387 387 8875 2129 2129 8876 2130 2130 8877 396 396 8878 387 387 8879 2131 2131 8880 396 396 8881 2130 2130 8882 2131 2131 8883 460 460 8884 396 396 8885 2132 2132 8886 460 460 8887 2131 2131 8888 2132 2132 8889 429 429 8890 460 460 8891 2133 2133 8892 429 429 8893 2132 2132 8894 2133 2133 8895 426 426 8896 429 429 8897 2134 2134 8898 426 426 8899 2133 2133 8900 2134 2134 8901 434 434 8902 426 426 8903 135 135 8904 434 434 8905 2134 2134 8906 135 135 8907 447 447 8908 434 434 8909 134 134 8910 447 447 8911 135 135 8912 146 146 8913 2135 2135 8914 147 147 8915 146 146 8916 2136 2136 8917 2135 2135 8918 145 145 8919 2136 2136 8920 146 146 8921 145 145 8922 2137 2137 8923 2136 2136 8924 148 148 8925 2137 2137 8926 145 145 8927 148 148 8928 2138 2138 8929 2137 2137 8930 150 150 8931 2138 2138 8932 148 148 8933 150 150 8934 2139 2139 8935 2138 2138 8936 149 149 8937 2139 2139 8938 150 150 8939 149 149 8940 2140 2140 8941 2139 2139 8942 143 143 8943 2140 2140 8944 149 149 8945 143 143 8946 2141 2141 8947 2140 2140 8948 140 140 8949 2141 2141 8950 143 143 8951 140 140 8952 2142 2142 8953 2141 2141 8954 142 142 8955 2142 2142 8956 140 140 8957 142 142 8958 2143 2143 8959 2142 2142 8960 144 144 8961 2143 2143 8962 142 142 8963 144 144 8964 2144 2144 8965 2143 2143 8966 147 147 8967 2144 2144 8968 144 144 8969 147 147 8970 2135 2135 8971 2144 2144 8972 2139 2139 8973 2145 2145 8974 2138 2138 8975 2139 2139 8976 2146 2146 8977 2145 2145 8978 2140 2140 8979 2146 2146 8980 2139 2139 8981 2140 2140 8982 2147 2147 8983 2146 2146 8984 2141 2141 8985 2147 2147 8986 2140 2140 8987 2141 2141 8988 2148 2148 8989 2147 2147 8990 2142 2142 8991 2148 2148 8992 2141 2141 8993 2142 2142 8994 2149 2149 8995 2148 2148 8996 2143 2143 8997 2149 2149 8998 2142 2142 8999 2143 2143 9000 2150 2150 9001 2149 2149 9002 2144 2144 9003 2150 2150 9004 2143 2143 9005 2144 2144 9006 2151 2151 9007 2150 2150 9008 2135 2135 9009 2151 2151 9010 2144 2144 9011 2135 2135 9012 2152 2152 9013 2151 2151 9014 2136 2136 9015 2152 2152 9016 2135 2135 9017 2136 2136 9018 2153 2153 9019 2152 2152 9020 2137 2137 9021 2153 2153 9022 2136 2136 9023 2137 2137 9024 2154 2154 9025 2153 2153 9026 2138 2138 9027 2154 2154 9028 2137 2137 9029 2138 2138 9030 2145 2145 9031 2154 2154 9032 1801 1801 9033 157 157 9034 1799 1799 9035 1801 1801 9036 1484 1484 9037 157 157 9038 1793 1793 9039 1484 1484 9040 1801 1801 9041 1793 1793 9042 1481 1481 9043 1484 1484 9044 1792 1792 9045 1481 1481 9046 1793 1793 9047 1792 1792 9048 1479 1479 9049 1481 1481 9050 1791 1791 9051 1479 1479 9052 1792 1792 9053 1791 1791 9054 161 161 9055 1479 1479 9056 1790 1790 9057 161 161 9058 1791 1791 9059 1790 1790 9060 162 162 9061 161 161 9062 1789 1789 9063 162 162 9064 1790 1790 9065 1789 1789 9066 160 160 9067 162 162 9068 1788 1788 9069 160 160 9070 1789 1789 9071 1788 1788 9072 1480 1480 9073 160 160 9074 1787 1787 9075 1480 1480 9076 1788 1788 9077 1787 1787 9078 1482 1482 9079 1480 1480 9080 1803 1803 9081 1482 1482 9082 1787 1787 9083 1803 1803 9084 1483 1483 9085 1482 1482 9086 1796 1796 9087 1483 1483 9088 1803 1803 9089 1796 1796 9090 158 158 9091 1483 1483 9092 1795 1795 9093 158 158 9094 1796 1796 9095 1795 1795 9096 159 159 9097 158 158 9098 1799 1799 9099 159 159 9100 1795 1795 9101 1799 1799 9102 157 157 9103 159 159 9104 1494 1494 9105 2155 2155 9106 1495 1495 9107 1494 1494 9108 2156 2156 9109 2155 2155 9110 201 201 9111 2156 2156 9112 1494 1494 9113 201 201 9114 2157 2157 9115 2156 2156 9116 200 200 9117 2157 2157 9118 201 201 9119 200 200 9120 2158 2158 9121 2157 2157 9122 2159 2159 9123 2158 2158 9124 200 200 9125 2159 2159 9126 2160 2160 9127 2158 2158 9128 2161 2161 9129 2160 2160 9130 2159 2159 9131 2161 2161 9132 2162 2162 9133 2160 2160 9134 2163 2163 9135 2162 2162 9136 2161 2161 9137 2163 2163 9138 2164 2164 9139 2162 2162 9140 184 184 9141 2164 2164 9142 2163 2163 9143 184 184 9144 2165 2165 9145 2164 2164 9146 183 183 9147 2165 2165 9148 184 184 9149 183 183 9150 2166 2166 9151 2165 2165 9152 191 191 9153 2167 2167 9154 192 192 9155 191 191 9156 2168 2168 9157 2167 2167 9158 1604 1604 9159 2168 2168 9160 191 191 9161 1604 1604 9162 2169 2169 9163 2168 2168 9164 1602 1602 9165 2169 2169 9166 1604 1604 9167 1602 1602 9168 188 188 9169 2169 2169 9170 335 335 9171 188 188 9172 1602 1602 9173 335 335 9174 189 189 9175 188 188 9176 334 334 9177 189 189 9178 335 335 9179 334 334 9180 1498 1498 9181 189 189 9182 333 333 9183 1498 1498 9184 334 334 9185 333 333 9186 199 199 9187 1498 1498 9188 1601 1601 9189 199 199 9190 333 333 9191 1601 1601 9192 197 197 9193 199 199 9194 1603 1603 9195 197 197 9196 1601 1601 9197 1603 1603 9198 2170 2170 9199 197 197 9200 2167 2167 9201 193 193 9202 192 192 9203 2167 2167 9204 2171 2171 9205 193 193 9206 1497 1497 9207 2171 2171 9208 2167 2167 9209 1497 1497 9210 2172 2172 9211 2171 2171 9212 1495 1495 9213 2172 2172 9214 1497 1497 9215 1495 1495 9216 2173 2173 9217 2172 2172 9218 2155 2155 9219 2173 2173 9220 1495 1495 9221 2155 2155 9222 2174 2174 9223 2173 2173 9224 2175 2175 9225 2174 2174 9226 2155 2155 9227 2175 2175 9228 2176 2176 9229 2174 2174 9230 2177 2177 9231 2176 2176 9232 2175 2175 9233 2177 2177 9234 2178 2178 9235 2176 2176 9236 1500 1500 9237 2178 2178 9238 2177 2177 9239 1500 1500 9240 2179 2179 9241 2178 2178 9242 1501 1501 9243 2179 2179 9244 1500 1500 9245 1501 1501 9246 2180 2180 9247 2179 2179 9248 2171 2171 9249 1603 1603 9250 193 193 9251 2171 2171 9252 2170 2170 9253 1603 1603 9254 2172 2172 9255 2170 2170 9256 2171 2171 9257 2172 2172 9258 182 182 9259 2170 2170 9260 2173 2173 9261 182 182 9262 2172 2172 9263 2173 2173 9264 183 183 9265 182 182 9266 2174 2174 9267 183 183 9268 2173 2173 9269 2174 2174 9270 2166 2166 9271 183 183 9272 2176 2176 9273 2166 2166 9274 2174 2174 9275 2176 2176 9276 2181 2181 9277 2166 2166 9278 2178 2178 9279 2181 2181 9280 2176 2176 9281 2178 2178 9282 1506 1506 9283 2181 2181 9284 2179 2179 9285 1506 1506 9286 2178 2178 9287 2179 2179 9288 1507 1507 9289 1506 1506 9290 2180 2180 9291 1507 1507 9292 2179 2179 9293 2180 2180 9294 1587 1587 9295 1507 1507 9296 2168 2168 9297 1497 1497 9298 2167 2167 9299 2168 2168 9300 1496 1496 9301 1497 1497 9302 2169 2169 9303 1496 1496 9304 2168 2168 9305 2169 2169 9306 202 202 9307 1496 1496 9308 188 188 9309 202 202 9310 2169 2169 9311 188 188 9312 200 200 9313 202 202 9314 190 190 9315 200 200 9316 188 188 9317 190 190 9318 2159 2159 9319 200 200 9320 1499 1499 9321 2159 2159 9322 190 190 9323 1499 1499 9324 2161 2161 9325 2159 2159 9326 198 198 9327 2161 2161 9328 1499 1499 9329 198 198 9330 2163 2163 9331 2161 2161 9332 197 197 9333 2163 2163 9334 198 198 9335 197 197 9336 184 184 9337 2163 2163 9338 2170 2170 9339 184 184 9340 197 197 9341 2170 2170 9342 182 182 9343 184 184 9344 2182 2182 9345 2177 2177 9346 2175 2175 9347 2182 2182 9348 2183 2183 9349 2177 2177 9350 2184 2184 9351 2183 2183 9352 2182 2182 9353 2184 2184 9354 2185 2185 9355 2183 2183 9356 2186 2186 9357 2185 2185 9358 2184 2184 9359 2186 2186 9360 2187 2187 9361 2185 2185 9362 2188 2188 9363 2187 2187 9364 2186 2186 9365 2188 2188 9366 194 194 9367 2187 2187 9368 2189 2189 9369 194 194 9370 2188 2188 9371 2189 2189 9372 195 195 9373 194 194 9374 2190 2190 9375 195 195 9376 2189 2189 9377 2190 2190 9378 1504 1504 9379 195 195 9380 2191 2191 9381 1504 1504 9382 2190 2190 9383 2191 2191 9384 1502 1502 9385 1504 1504 9386 2181 2181 9387 1502 1502 9388 2191 2191 9389 2181 2181 9390 1506 1506 9391 1502 1502 9392 2191 2191 9393 2166 2166 9394 2181 2181 9395 2191 2191 9396 2165 2165 9397 2166 2166 9398 2190 2190 9399 2165 2165 9400 2191 2191 9401 2190 2190 9402 2164 2164 9403 2165 2165 9404 2189 2189 9405 2164 2164 9406 2190 2190 9407 2189 2189 9408 2162 2162 9409 2164 2164 9410 2188 2188 9411 2162 2162 9412 2189 2189 9413 2188 2188 9414 2160 2160 9415 2162 2162 9416 2186 2186 9417 2160 2160 9418 2188 2188 9419 2186 2186 9420 2158 2158 9421 2160 2160 9422 2184 2184 9423 2158 2158 9424 2186 2186 9425 2184 2184 9426 2157 2157 9427 2158 2158 9428 2182 2182 9429 2157 2157 9430 2184 2184 9431 2182 2182 9432 2156 2156 9433 2157 2157 9434 2175 2175 9435 2156 2156 9436 2182 2182 9437 2175 2175 9438 2155 2155 9439 2156 2156 9440 1588 1588 9441 1507 1507 9442 1587 1587 9443 1588 1588 9444 1503 1503 9445 1507 1507 9446 1589 1589 9447 1503 1503 9448 1588 1588 9449 1589 1589 9450 1505 1505 9451 1503 1503 9452 319 319 9453 1505 1505 9454 1589 1589 9455 319 319 9456 196 196 9457 1505 1505 9458 1585 1585 9459 196 196 9460 319 319 9461 1585 1585 9462 194 194 9463 196 196 9464 1591 1591 9465 194 194 9466 1585 1585 9467 1591 1591 9468 2187 2187 9469 194 194 9470 1593 1593 9471 2187 2187 9472 1591 1591 9473 1593 1593 9474 2185 2185 9475 2187 2187 9476 186 186 9477 2185 2185 9478 1593 1593 9479 186 186 9480 2183 2183 9481 2185 2185 9482 185 185 9483 2183 2183 9484 186 186 9485 185 185 9486 2177 2177 9487 2183 2183 9488 1500 1500 9489 2177 2177 9490 185 185 9491 2192 2192 9492 210 210 9493 209 209 9494 2192 2192 9495 1508 1508 9496 210 210 9497 2193 2193 9498 1508 1508 9499 2192 2192 9500 2193 2193 9501 1510 1510 9502 1508 1508 9503 2194 2194 9504 1510 1510 9505 2193 2193 9506 2194 2194 9507 1511 1511 9508 1510 1510 9509 2195 2195 9510 1511 1511 9511 2194 2194 9512 2195 2195 9513 221 221 9514 1511 1511 9515 2196 2196 9516 221 221 9517 2195 2195 9518 2196 2196 9519 222 222 9520 221 221 9521 211 211 9522 222 222 9523 2196 2196 9524 211 211 9525 214 214 9526 222 222 9527 213 213 9528 214 214 9529 211 211 9530 213 213 9531 215 215 9532 214 214 9533 2197 2197 9534 215 215 9535 213 213 9536 2197 2197 9537 302 302 9538 215 215 9539 205 205 9540 269 269 9541 206 206 9542 205 205 9543 270 270 9544 269 269 9545 869 869 9546 270 270 9547 205 205 9548 869 869 9549 933 933 9550 270 270 9551 872 872 9552 933 933 9553 869 869 9554 872 872 9555 935 935 9556 933 933 9557 871 871 9558 935 935 9559 872 872 9560 871 871 9561 1901 1901 9562 935 935 9563 1863 1863 9564 1901 1901 9565 871 871 9566 1863 1863 9567 997 997 9568 1901 1901 9569 873 873 9570 997 997 9571 1863 1863 9572 873 873 9573 998 998 9574 997 997 9575 875 875 9576 998 998 9577 873 873 9578 875 875 9579 993 993 9580 998 998 9581 877 877 9582 993 993 9583 875 875 9584 877 877 9585 886 886 9586 993 993 9587 879 879 9588 886 886 9589 877 877 9590 879 879 9591 887 887 9592 886 886 9593 882 882 9594 887 887 9595 879 879 9596 882 882 9597 968 968 9598 887 887 9599 881 881 9600 968 968 9601 882 882 9602 881 881 9603 956 956 9604 968 968 9605 880 880 9606 956 956 9607 881 881 9608 880 880 9609 955 955 9610 956 956 9611 884 884 9612 955 955 9613 880 880 9614 884 884 9615 973 973 9616 955 955 9617 885 885 9618 973 973 9619 884 884 9620 885 885 9621 974 974 9622 973 973 9623 883 883 9624 974 974 9625 885 885 9626 883 883 9627 971 971 9628 974 974 9629 889 889 9630 971 971 9631 883 883 9632 889 889 9633 969 969 9634 971 971 9635 878 878 9636 969 969 9637 889 889 9638 878 878 9639 929 929 9640 969 969 9641 930 930 9642 929 929 9643 878 878 9644 271 271 9645 206 206 9646 269 269 9647 271 271 9648 208 208 9649 206 206 9650 1556 1556 9651 208 208 9652 271 271 9653 1556 1556 9654 209 209 9655 208 208 9656 328 328 9657 209 209 9658 1556 1556 9659 328 328 9660 2192 2192 9661 209 209 9662 327 327 9663 2192 2192 9664 328 328 9665 327 327 9666 2193 2193 9667 2192 2192 9668 323 323 9669 2193 2193 9670 327 327 9671 323 323 9672 2194 2194 9673 2193 2193 9674 219 219 9675 2194 2194 9676 323 323 9677 219 219 9678 2195 2195 9679 2194 2194 9680 218 218 9681 2195 2195 9682 219 219 9683 218 218 9684 2196 2196 9685 2195 2195 9686 305 305 9687 2196 2196 9688 218 218 9689 305 305 9690 211 211 9691 2196 2196 9692 2198 2198 9693 211 211 9694 305 305 9695 2198 2198 9696 212 212 9697 211 211 9698 2197 2197 9699 212 212 9700 2198 2198 9701 2197 2197 9702 213 213 9703 212 212 9704 1516 1516 9705 1515 1515 9706 1513 1513 9707 1516 1516 9708 2199 2199 9709 1515 1515 9710 1518 1518 9711 2199 2199 9712 1516 1516 9713 1518 1518 9714 2200 2200 9715 2199 2199 9716 1522 1522 9717 2200 2200 9718 1518 1518 9719 1522 1522 9720 2201 2201 9721 2200 2200 9722 223 223 9723 2201 2201 9724 1522 1522 9725 223 223 9726 1545 1545 9727 2201 2201 9728 225 225 9729 1545 1545 9730 223 223 9731 225 225 9732 1546 1546 9733 1545 1545 9734 233 233 9735 1546 1546 9736 225 225 9737 233 233 9738 1537 1537 9739 1546 1546 9740 245 245 9741 1537 1537 9742 233 233 9743 245 245 9744 1538 1538 9745 1537 1537 9746 242 242 9747 1538 1538 9748 245 245 9749 242 242 9750 1536 1536 9751 1538 1538 9752 241 241 9753 1536 1536 9754 242 242 9755 1514 1514 9756 233 233 9757 227 227 9758 1514 1514 9759 231 231 9760 233 233 9761 1515 1515 9762 231 231 9763 1514 1514 9764 1515 1515 9765 239 239 9766 231 231 9767 2199 2199 9768 239 239 9769 1515 1515 9770 2199 2199 9771 1544 1544 9772 239 239 9773 2200 2200 9774 1544 1544 9775 2199 2199 9776 2200 2200 9777 1542 1542 9778 1544 1544 9779 2201 2201 9780 1542 1542 9781 2200 2200 9782 2201 2201 9783 1541 1541 9784 1542 1542 9785 1545 1545 9786 1541 1541 9787 2201 2201 9788 1545 1545 9789 229 229 9790 1541 1541 9791 1539 1539 9792 229 229 9793 1545 1545 9794 1539 1539 9795 238 238 9796 229 229 9797 1540 1540 9798 238 238 9799 1539 1539 9800 1540 1540 9801 1677 1677 9802 238 238 9803 1538 1538 9804 1677 1677 9805 1540 1540 9806 1538 1538 9807 1536 1536 9808 1677 1677 9809 1558 1558 9810 255 255 9811 1548 1548 9812 1558 1558 9813 266 266 9814 255 255 9815 247 247 9816 266 266 9817 1558 1558 9818 247 247 9819 252 252 9820 266 266 9821 246 246 9822 252 252 9823 247 247 9824 246 246 9825 1551 1551 9826 252 252 9827 240 240 9828 1551 1551 9829 246 246 9830 240 240 9831 1550 1550 9832 1551 1551 9833 1543 1543 9834 1550 1550 9835 240 240 9836 1543 1543 9837 1552 1552 9838 1550 1550 9839 228 228 9840 1552 1552 9841 1543 1543 9842 228 228 9843 1553 1553 9844 1552 1552 9845 230 230 9846 1553 1553 9847 228 228 9848 230 230 9849 1554 1554 9850 1553 1553 9851 237 237 9852 1554 1554 9853 230 230 9854 237 237 9855 264 264 9856 1554 1554 9857 259 259 9858 264 264 9859 237 237 9860 2202 2202 9861 2203 2203 9862 2204 2204 9863 2202 2202 9864 2205 2205 9865 2203 2203 9866 1557 2206 9867 2205 2205 9868 2202 2202 9869 1557 2206 9870 2206 2207 9871 2205 2205 9872 2207 2208 9873 2206 2207 9874 1557 2206 9875 2207 2208 9876 2208 2209 9877 2206 2207 9878 2209 2210 9879 2208 2209 9880 2207 2208 9881 2209 2210 9882 2210 2211 9883 2208 2209 9884 2211 2212 9885 2210 2211 9886 2209 2210 9887 2211 2212 9888 2212 2213 9889 2210 2211 9890 2213 2214 9891 2212 2213 9892 2211 2212 9893 2213 2214 9894 2214 2215 9895 2212 2213 9896 2215 2216 9897 2214 2215 9898 2213 2214 9899 2215 2216 9900 2216 2217 9901 2214 2215 9902 2217 2218 9903 2216 2217 9904 2215 2216 9905 2217 2218 9906 2218 2219 9907 2216 2217 9908 2219 2220 9909 2218 2219 9910 2217 2218 9911 2219 2220 9912 2220 2221 9913 2218 2219 9914 2204 2204 9915 2220 2221 9916 2219 2220 9917 2204 2204 9918 2203 2203 9919 2220 2221 9920 283 283 9921 2221 2222 9922 1559 1559 9923 283 283 9924 2222 2223 9925 2221 2222 9926 275 275 9927 2222 2223 9928 283 283 9929 275 275 9930 2223 2224 9931 2222 2223 9932 1560 1560 9933 2223 2224 9934 275 275 9935 1560 1560 9936 2224 2225 9937 2223 2224 9938 278 278 9939 2224 2225 9940 1560 1560 9941 278 278 9942 2225 2226 9943 2224 2225 9944 277 277 9945 2225 2226 9946 278 278 9947 277 277 9948 315 315 9949 2225 2226 9950 312 312 9951 315 315 9952 277 277 9953 312 312 9954 316 316 9955 315 315 9956 313 313 9957 316 316 9958 312 312 9959 313 313 9960 1578 1578 9961 316 316 9962 1501 1501 9963 1578 1578 9964 313 313 9965 1501 1501 9966 1577 1577 9967 1578 1578 9968 187 187 9969 1577 1577 9970 1501 1501 9971 187 187 9972 186 186 9973 1577 1577 9974 2223 2224 9975 2221 2222 9976 2222 2223 9977 2223 2224 9978 2226 2227 9979 2221 2222 9980 2224 2225 9981 2226 2227 9982 2223 2224 9983 2224 2225 9984 2227 2228 9985 2226 2227 9986 2225 2226 9987 2227 2228 9988 2224 2225 9989 2225 2226 9990 958 958 9991 2227 2228 9992 315 315 9993 958 958 9994 2225 2226 9995 315 315 9996 959 959 9997 958 958 9998 317 317 9999 959 959 10000 315 315 10001 317 317 10002 957 957 10003 959 959 10004 991 991 10005 957 957 10006 317 317 10007 991 991 10008 987 987 10009 957 957 10010 992 992 10011 987 987 10012 991 991 10013 992 992 10014 981 981 10015 987 987 10016 858 858 10017 981 981 10018 992 992 10019 858 858 10020 979 979 10021 981 981 10022 279 279 10023 1590 1590 10024 280 280 10025 279 279 10026 320 320 10027 1590 1590 10028 1566 1566 10029 320 320 10030 279 279 10031 1566 1566 10032 321 321 10033 320 320 10034 311 311 10035 321 321 10036 1566 1566 10037 311 311 10038 1586 1586 10039 321 321 10040 310 310 10041 1586 1586 10042 311 311 10043 310 310 10044 1592 1592 10045 1586 1586 10046 306 306 10047 1592 1592 10048 310 310 10049 306 306 10050 1594 1594 10051 1592 1592 10052 308 308 10053 1594 1594 10054 306 306 10055 308 308 10056 1593 1593 10057 1594 1594 10058 1922 1922 10059 1593 1593 10060 308 308 10061 1922 1922 10062 186 186 10063 1593 1593 10064 1921 1921 10065 186 186 10066 1922 1922 10067 1921 1921 10068 318 318 10069 186 186 10070 859 859 10071 318 318 10072 1921 1921 10073 859 859 10074 991 991 10075 318 318 10076 992 992 10077 991 991 10078 859 859 10079 1581 1581 10080 1566 1566 10081 279 279 10082 1581 1581 10083 1565 1565 10084 1566 1566 10085 1580 1580 10086 1565 1565 10087 1581 1581 10088 1580 1580 10089 1564 1564 10090 1565 1565 10091 1579 1579 10092 1564 1564 10093 1580 1580 10094 1579 1579 10095 1915 1915 10096 1564 1564 10097 1923 1923 10098 1915 1915 10099 1579 1579 10100 1923 1923 10101 945 945 10102 1915 1915 10103 1924 1924 10104 945 945 10105 1923 1923 10106 1924 1924 10107 943 943 10108 945 945 10109 976 976 10110 943 943 10111 1924 1924 10112 976 976 10113 1909 1909 10114 943 943 10115 972 972 10116 1909 1909 10117 976 976 10118 972 972 10119 1907 1907 10120 1909 1909 10121 975 975 10122 1907 1907 10123 972 972 10124 975 975 10125 1911 1911 10126 1907 1907 10127 970 970 10128 1911 1911 10129 975 975 10130 970 970 10131 1912 1912 10132 1911 1911 10133 913 913 10134 1912 1912 10135 970 970 10136 297 297 10137 1584 1584 10138 1568 1568 10139 297 297 10140 1583 1583 10141 1584 1584 10142 296 296 10143 1583 1583 10144 297 297 10145 296 296 10146 1582 1582 10147 1583 1583 10148 302 302 10149 1582 1582 10150 296 296 10151 302 302 10152 289 289 10153 1582 1582 10154 2197 2197 10155 289 289 10156 302 302 10157 2197 2197 10158 284 284 10159 289 289 10160 2198 2198 10161 284 284 10162 2197 2197 10163 2198 2198 10164 1571 1571 10165 284 284 10166 305 305 10167 1571 1571 10168 2198 2198 10169 305 305 10170 1569 1569 10171 1571 1571 10172 304 304 10173 1569 1569 10174 305 305 10175 304 304 10176 1570 1570 10177 1569 1569 10178 1574 1574 10179 1570 1570 10180 304 304 10181 1574 1574 10182 967 967 10183 1570 1570 10184 977 977 10185 967 967 10186 1574 1574 10187 977 977 10188 968 968 10189 967 967 10190 887 887 10191 968 968 10192 977 977 10193 1562 1562 10194 1547 1547 10195 1549 1549 10196 1562 1562 10197 1567 1567 10198 1547 1547 10199 1568 1568 10200 1567 1567 10201 1562 1562 10202 1568 1568 10203 294 294 10204 1567 1567 10205 1584 1584 10206 294 294 10207 1568 1568 10208 1584 1584 10209 295 295 10210 294 294 10211 281 281 10212 295 295 10213 1584 1584 10214 281 281 10215 276 276 10216 295 295 10217 287 287 10218 276 276 10219 281 281 10220 287 287 10221 290 290 10222 276 276 10223 288 288 10224 290 290 10225 287 287 10226 288 288 10227 292 292 10228 290 290 10229 1587 1587 10230 292 292 10231 288 288 10232 1587 1587 10233 293 293 10234 292 292 10235 2180 2180 10236 293 293 10237 1587 1587 10238 2180 2180 10239 313 313 10240 293 293 10241 1501 1501 10242 313 313 10243 2180 2180 10244 1609 1609 10245 1618 1618 10246 1610 1610 10247 1609 1609 10248 1617 1617 10249 1618 1618 10250 2228 2229 10251 1617 1617 10252 1609 1609 10253 2228 2229 10254 356 356 10255 1617 1617 10256 2229 2230 10257 356 356 10258 2228 2229 10259 2229 2230 10260 357 357 10261 356 356 10262 2228 2229 10263 357 357 10264 2229 2230 10265 2228 2229 10266 1605 1605 10267 357 357 10268 1609 1609 10269 1605 1605 10270 2228 2229 10271 1609 1609 10272 354 354 10273 1605 1605 10274 1611 1611 10275 354 354 10276 1609 1609 10277 1611 1611 10278 337 337 10279 354 354 10280 355 355 10281 337 337 10282 1611 1611 10283 355 355 10284 338 338 10285 337 337 10286 357 357 10287 338 338 10288 355 355 10289 357 357 10290 1011 1011 10291 338 338 10292 359 359 10293 1011 1011 10294 357 357 10295 359 359 10296 1608 1608 10297 1011 1011 10298 1606 1606 10299 1608 1608 10300 359 359 10301 1606 1606 10302 345 345 10303 1608 1608 10304 1607 1607 10305 345 345 10306 1606 1606 10307 1607 1607 10308 352 352 10309 345 345 10310 358 358 10311 352 352 10312 1607 1607 10313 358 358 10314 1605 1605 10315 352 352 10316 357 357 10317 1605 1605 10318 358 358 10319 349 349 10320 1619 1619 10321 356 356 10322 349 349 10323 1618 1618 10324 1619 1619 10325 1614 1614 10326 1618 1618 10327 349 349 10328 1614 1614 10329 1610 1610 10330 1618 1618 10331 1615 1615 10332 1610 1610 10333 1614 1614 10334 1615 1615 10335 341 341 10336 1610 1610 10337 1616 1616 10338 341 341 10339 1615 1615 10340 1616 1616 10341 339 339 10342 341 341 10343 350 350 10344 339 339 10345 1616 1616 10346 350 350 10347 2230 2231 10348 339 339 10349 343 343 10350 2230 2231 10351 350 350 10352 343 343 10353 339 339 10354 2230 2231 10355 348 348 10356 339 339 10357 343 343 10358 348 348 10359 340 340 10360 339 339 10361 342 342 10362 340 340 10363 348 348 10364 342 342 10365 1621 1621 10366 340 340 10367 344 344 10368 1621 1621 10369 342 342 10370 344 344 10371 1620 1620 10372 1621 1621 10373 1622 1622 10374 1620 1620 10375 344 344 10376 1622 1622 10377 1612 1612 10378 1620 1620 10379 1613 1613 10380 1612 1612 10381 1622 1622 10382 1613 1613 10383 1611 1611 10384 1612 1612 10385 355 355 10386 1611 1611 10387 1613 1613 10388 336 336 10389 352 352 10390 353 353 10391 336 336 10392 346 346 10393 352 352 10394 1023 1023 10395 346 346 10396 336 336 10397 1023 1023 10398 1020 1020 10399 346 346 10400 1022 1022 10401 1020 1020 10402 1023 1023 10403 1022 1022 10404 1015 1015 10405 1020 1020 10406 1034 1034 10407 1015 1015 10408 1022 1022 10409 1034 1034 10410 1029 1029 10411 1015 1015 10412 1033 1033 10413 1029 1029 10414 1034 1034 10415 1033 1033 10416 1030 1030 10417 1029 1029 10418 1002 1002 10419 1030 1030 10420 1033 1033 10421 1002 1002 10422 1012 1012 10423 1030 1030 10424 1027 1027 10425 1012 1012 10426 1002 1002 10427 1027 1027 10428 338 338 10429 1012 1012 10430 1021 1021 10431 338 338 10432 1027 1027 10433 1021 1021 10434 336 336 10435 338 338 10436 1023 1023 10437 336 336 10438 1021 1021 10439 448 448 10440 376 376 10441 375 375 10442 448 448 10443 381 381 10444 376 376 10445 458 458 10446 381 381 10447 448 448 10448 458 458 10449 1624 1624 10450 381 381 10451 472 472 10452 1624 1624 10453 458 458 10454 472 472 10455 385 385 10456 1624 1624 10457 471 471 10458 385 385 10459 472 472 10460 471 471 10461 383 383 10462 385 385 10463 2231 2232 10464 383 383 10465 471 471 10466 2231 2232 10467 361 361 10468 383 383 10469 2232 2233 10470 361 361 10471 2231 2232 10472 2232 2233 10473 362 362 10474 361 361 10475 2233 2234 10476 362 362 10477 2232 2233 10478 2233 2234 10479 364 364 10480 362 362 10481 2234 2235 10482 364 364 10483 2233 2234 10484 2234 2235 10485 373 373 10486 364 364 10487 1628 1628 10488 373 373 10489 2234 2235 10490 393 393 10491 387 387 10492 397 397 10493 393 393 10494 388 388 10495 387 387 10496 399 399 10497 388 388 10498 393 393 10499 399 399 10500 1631 1631 10501 388 388 10502 402 402 10503 1631 1631 10504 399 399 10505 402 402 10506 390 390 10507 1631 1631 10508 398 398 10509 390 390 10510 402 402 10511 398 398 10512 403 403 10513 390 390 10514 411 411 10515 403 403 10516 398 398 10517 411 411 10518 406 406 10519 403 403 10520 2235 2236 10521 406 406 10522 411 411 10523 2235 2236 10524 409 409 10525 406 406 10526 2236 2237 10527 409 409 10528 2235 2236 10529 2236 2237 10530 1647 1647 10531 409 409 10532 2237 2238 10533 1647 1647 10534 2236 2237 10535 2237 2238 10536 1075 1075 10537 1647 1647 10538 2238 2239 10539 1075 1075 10540 2237 2238 10541 2238 2239 10542 1074 1074 10543 1075 1075 10544 2239 2240 10545 1074 1074 10546 2238 2239 10547 2239 2240 10548 1072 1072 10549 1074 1074 10550 2240 2241 10551 1072 1072 10552 2239 2240 10553 2240 2241 10554 1076 1076 10555 1072 1072 10556 1071 1071 10557 1076 1076 10558 2240 2241 10559 1071 1071 10560 1965 1965 10561 1076 1076 10562 1070 1070 10563 1965 1965 10564 1071 1071 10565 1070 1070 10566 2241 2242 10567 1965 1965 10568 1959 1959 10569 2241 2242 10570 1070 1070 10571 1959 1959 10572 1958 1958 10573 2241 2242 10574 1095 1095 10575 1958 1958 10576 1959 1959 10577 1095 1095 10578 1098 1098 10579 1958 1958 10580 2242 2243 10581 468 468 10582 1648 1648 10583 2242 2243 10584 467 467 10585 468 468 10586 2243 2244 10587 467 467 10588 2242 2243 10589 2243 2244 10590 1643 1643 10591 467 467 10592 2244 2245 10593 1643 1643 10594 2243 2244 10595 2244 2245 10596 1637 1637 10597 1643 1643 10598 2245 2246 10599 1637 1637 10600 2244 2245 10601 2245 2246 10602 1635 1635 10603 1637 1637 10604 2246 2247 10605 1635 1635 10606 2245 2246 10607 2246 2247 10608 1642 1642 10609 1635 1635 10610 2247 2248 10611 1642 1642 10612 2246 2247 10613 2247 2248 10614 1641 1641 10615 1642 1642 10616 2248 2249 10617 1641 1641 10618 2247 2248 10619 2248 2249 10620 1640 1640 10621 1641 1641 10622 2249 2250 10623 1640 1640 10624 2248 2249 10625 2249 2250 10626 1639 1639 10627 1640 1640 10628 2241 2242 10629 1639 1639 10630 2249 2250 10631 2241 2242 10632 1958 1958 10633 1639 1639 10634 1645 1645 10635 1668 1668 10636 1644 1644 10637 1645 1645 10638 1953 1953 10639 1668 1668 10640 395 395 10641 1953 1953 10642 1645 1645 10643 395 395 10644 1951 1951 10645 1953 1953 10646 394 394 10647 1951 1951 10648 395 395 10649 394 394 10650 1952 1952 10651 1951 1951 10652 1946 1946 10653 1952 1952 10654 394 394 10655 1946 1946 10656 1963 1963 10657 1952 1952 10658 1060 1060 10659 1963 1963 10660 1946 1946 10661 1060 1060 10662 2250 2251 10663 1963 1963 10664 1949 1949 10665 2250 2251 10666 1060 1060 10667 1949 1949 10668 2251 2252 10669 2250 2251 10670 1950 1950 10671 2251 2252 10672 1949 1949 10673 1950 1950 10674 2252 2253 10675 2251 2252 10676 1124 1124 10677 2252 2253 10678 1950 1950 10679 1124 1124 10680 1968 1968 10681 2252 2253 10682 1666 1666 10683 411 411 10684 410 410 10685 1666 1666 10686 2235 2236 10687 411 411 10688 1667 1667 10689 2235 2236 10690 1666 1666 10691 1667 1667 10692 2236 2237 10693 2235 2236 10694 1986 1986 10695 2236 2237 10696 1667 1667 10697 1986 1986 10698 2237 2238 10699 2236 2237 10700 1155 1155 10701 2237 2238 10702 1986 1986 10703 1155 1155 10704 2238 2239 10705 2237 2238 10706 1068 1068 10707 2238 2239 10708 1155 1155 10709 1068 1068 10710 2239 2240 10711 2238 2239 10712 1064 1064 10713 2239 2240 10714 1068 1068 10715 1064 1064 10716 2240 2241 10717 2239 2240 10718 1063 1063 10719 2240 2241 10720 1064 1064 10721 1063 1063 10722 1071 1071 10723 2240 2241 10724 1962 1962 10725 1071 1071 10726 1063 1063 10727 1962 1962 10728 1069 1069 10729 1071 1071 10730 1956 1956 10731 1069 1069 10732 1962 1962 10733 1956 1956 10734 1960 1960 10735 1069 1069 10736 1957 1957 10737 1960 1960 10738 1956 1956 10739 1957 1957 10740 1110 1110 10741 1960 1960 10742 1663 1663 10743 473 473 10744 496 496 10745 1663 1663 10746 474 474 10747 473 473 10748 1650 1650 10749 474 474 10750 1663 1663 10751 1650 1650 10752 478 478 10753 474 474 10754 1652 1652 10755 478 478 10756 1650 1650 10757 1652 1652 10758 495 495 10759 478 478 10760 1656 1656 10761 495 495 10762 1652 1652 10763 1656 1656 10764 507 507 10765 495 495 10766 499 499 10767 507 507 10768 1656 1656 10769 499 499 10770 506 506 10771 507 507 10772 498 498 10773 506 506 10774 499 499 10775 498 498 10776 508 508 10777 506 506 10778 1654 1654 10779 508 508 10780 498 498 10781 1654 1654 10782 1152 1152 10783 508 508 10784 1655 1655 10785 1152 1152 10786 1654 1654 10787 1655 1655 10788 1150 1150 10789 1152 1152 10790 1658 1658 10791 1150 1150 10792 1655 1655 10793 1658 1658 10794 1980 1980 10795 1150 1150 10796 1659 1659 10797 1980 1980 10798 1658 1658 10799 1659 1659 10800 1973 1973 10801 1980 1980 10802 1660 1660 10803 1973 1973 10804 1659 1659 10805 1660 1660 10806 1974 1974 10807 1973 1973 10808 1661 1661 10809 1974 1974 10810 1660 1660 10811 1661 1661 10812 1985 1985 10813 1974 1974 10814 497 497 10815 1985 1985 10816 1661 1661 10817 497 497 10818 1981 1981 10819 1985 1985 10820 428 428 10821 1981 1981 10822 497 497 10823 428 428 10824 1115 1115 10825 1981 1981 10826 503 503 10827 484 484 10828 476 476 10829 503 503 10830 482 482 10831 484 484 10832 509 509 10833 482 482 10834 503 503 10835 509 509 10836 510 510 10837 482 482 10838 508 508 10839 510 510 10840 509 509 10841 508 508 10842 1673 1673 10843 510 510 10844 1163 1163 10845 1673 1673 10846 508 508 10847 1163 1163 10848 1672 1672 10849 1673 1673 10850 1166 1166 10851 1672 1672 10852 1163 1163 10853 1166 1166 10854 1671 1671 10855 1672 1672 10856 1993 1993 10857 1671 1671 10858 1166 1166 10859 1993 1993 10860 1670 1670 10861 1671 1671 10862 1989 1989 10863 1670 1670 10864 1993 1993 10865 1989 1989 10866 1669 1669 10867 1670 1670 10868 1158 1158 10869 1669 1669 10870 1989 1989 10871 1158 1158 10872 394 394 10873 1669 1669 10874 1160 1160 10875 394 394 10876 1158 1158 10877 1160 1160 10878 1946 1946 10879 394 394 10880 1168 1168 10881 1946 1946 10882 1160 1160 10883 1168 1168 10884 1065 1065 10885 1946 1946 10886 1149 1149 10887 1065 1065 10888 1168 1168 10889 1149 1149 10890 1066 1066 10891 1065 1065 10892 2253 2254 10893 522 522 10894 2254 2255 10895 2253 2254 10896 518 518 10897 522 522 10898 378 378 10899 518 518 10900 2253 2254 10901 378 378 10902 519 519 10903 518 518 10904 464 464 10905 519 519 10906 378 378 10907 464 464 10908 1675 1675 10909 519 519 10910 463 463 10911 1675 1675 10912 464 464 10913 463 463 10914 521 521 10915 1675 1675 10916 451 451 10917 521 521 10918 463 463 10919 451 451 10920 520 520 10921 521 521 10922 514 514 10923 520 520 10924 451 451 10925 514 514 10926 515 515 10927 520 520 10928 2255 2256 10929 515 515 10930 514 514 10931 2255 2256 10932 516 516 10933 515 515 10934 2256 2257 10935 516 516 10936 2255 2256 10937 2256 2257 10938 523 523 10939 516 516 10940 2257 2258 10941 523 523 10942 2256 2257 10943 2257 2258 10944 1676 1676 10945 523 523 10946 2258 2259 10947 1676 1676 10948 2257 2258 10949 2258 2259 10950 513 513 10951 1676 1676 10952 2259 2260 10953 513 513 10954 2258 2259 10955 2259 2260 10956 511 511 10957 513 513 10958 2260 2261 10959 511 511 10960 2259 2260 10961 2260 2261 10962 522 522 10963 511 511 10964 2254 2255 10965 522 522 10966 2260 2261 10967 446 446 10968 2255 2256 10969 514 514 10970 446 446 10971 2256 2257 10972 2255 2256 10973 456 456 10974 2256 2257 10975 446 446 10976 456 456 10977 2257 2258 10978 2256 2257 10979 457 457 10980 2257 2258 10981 456 456 10982 457 457 10983 2258 2259 10984 2257 2258 10985 455 455 10986 2258 2259 10987 457 457 10988 455 455 10989 2259 2260 10990 2258 2259 10991 416 416 10992 2259 2260 10993 455 455 10994 416 416 10995 2260 2261 10996 2259 2260 10997 418 418 10998 2260 2261 10999 416 416 11000 418 418 11001 2254 2255 11002 2260 2261 11003 419 419 11004 2254 2255 11005 418 418 11006 419 419 11007 2253 2254 11008 2254 2255 11009 437 437 11010 2253 2254 11011 419 419 11012 437 437 11013 378 378 11014 2253 2254 11015 529 529 11016 2261 2262 11017 527 527 11018 529 529 11019 2262 2263 11020 2261 2262 11021 528 528 11022 2262 2263 11023 529 529 11024 528 528 11025 2263 2264 11026 2262 2263 11027 539 539 11028 2263 2264 11029 528 528 11030 539 539 11031 2005 2005 11032 2263 2264 11033 551 551 11034 2005 2005 11035 539 539 11036 551 551 11037 1204 1204 11038 2005 2005 11039 537 537 11040 1204 1204 11041 551 551 11042 537 537 11043 1209 1209 11044 1204 1204 11045 1189 1189 11046 1209 1209 11047 537 537 11048 1189 1189 11049 1210 1210 11050 1209 1209 11051 1206 1206 11052 1210 1210 11053 1189 1189 11054 1206 1206 11055 1198 1198 11056 1210 1210 11057 1099 1099 11058 1198 1198 11059 1206 1206 11060 1099 1099 11061 1203 1203 11062 1198 1198 11063 1097 1097 11064 1203 1203 11065 1099 1099 11066 1097 1097 11067 1208 1208 11068 1203 1203 11069 542 542 11070 445 445 11071 422 422 11072 542 542 11073 527 527 11074 445 445 11075 544 544 11076 527 527 11077 542 542 11078 544 544 11079 547 547 11080 527 527 11081 543 543 11082 547 547 11083 544 544 11084 543 543 11085 548 548 11086 547 547 11087 534 534 11088 548 548 11089 543 543 11090 534 534 11091 530 530 11092 548 548 11093 533 533 11094 530 530 11095 534 534 11096 533 533 11097 531 531 11098 530 530 11099 442 442 11100 531 531 11101 533 533 11102 442 442 11103 546 546 11104 531 531 11105 441 441 11106 546 546 11107 442 442 11108 441 441 11109 536 536 11110 546 546 11111 549 549 11112 536 536 11113 441 441 11114 549 549 11115 537 537 11116 536 536 11117 1189 1189 11118 537 537 11119 549 549 11120 2261 2262 11121 436 436 11122 527 527 11123 2261 2262 11124 386 386 11125 436 436 11126 2262 2263 11127 386 386 11128 2261 2262 11129 2262 2263 11130 2264 2265 11131 386 386 11132 2263 2264 11133 2264 2265 11134 2262 2263 11135 2263 2264 11136 2265 2266 11137 2264 2265 11138 2005 2005 11139 2265 2266 11140 2263 2264 11141 2005 2005 11142 2266 2267 11143 2265 2266 11144 2004 2004 11145 2266 2267 11146 2005 2005 11147 2004 2004 11148 2267 2268 11149 2266 2267 11150 2006 2006 11151 2267 2268 11152 2004 2004 11153 2006 2006 11154 2268 2269 11155 2267 2268 11156 1211 1211 11157 2268 2269 11158 2006 2006 11159 1211 1211 11160 1058 1058 11161 2268 2269 11162 1093 1093 11163 1058 1058 11164 1211 1211 11165 1093 1093 11166 1078 1078 11167 1058 1058 11168 1684 1684 11169 2269 2270 11170 1682 1682 11171 1684 1684 11172 2270 2271 11173 2269 2270 11174 1689 1689 11175 2270 2271 11176 1684 1684 11177 1689 1689 11178 2271 2272 11179 2270 2271 11180 1679 1679 11181 2271 2272 11182 1689 1689 11183 1679 1679 11184 2272 2273 11185 2271 2272 11186 1678 1678 11187 2272 2273 11188 1679 1679 11189 1678 1678 11190 2273 2274 11191 2272 2273 11192 1680 1680 11193 2273 2274 11194 1678 1678 11195 1680 1680 11196 2274 2275 11197 2273 2274 11198 1681 1681 11199 2274 2275 11200 1680 1680 11201 1681 1681 11202 2275 2276 11203 2274 2275 11204 1688 1688 11205 2275 2276 11206 1681 1681 11207 1688 1688 11208 2276 2277 11209 2275 2276 11210 1685 1685 11211 2276 2277 11212 1688 1688 11213 1685 1685 11214 1683 1683 11215 2276 2277 11216 2277 2278 11217 2278 2279 11218 2279 2280 11219 2277 2278 11220 2280 2281 11221 2278 2279 11222 2281 2282 11223 2280 2281 11224 2277 2278 11225 2281 2282 11226 2282 2283 11227 2280 2281 11228 2283 2284 11229 2282 2283 11230 2281 2282 11231 2283 2284 11232 2284 2285 11233 2282 2283 11234 2285 2286 11235 2284 2285 11236 2283 2284 11237 2285 2286 11238 2286 2287 11239 2284 2285 11240 2287 2288 11241 2286 2287 11242 2285 2286 11243 2287 2288 11244 2288 2289 11245 2286 2287 11246 2289 2290 11247 2288 2289 11248 2287 2288 11249 2289 2290 11250 2290 2291 11251 2288 2289 11252 2291 2292 11253 2290 2291 11254 2289 2290 11255 2291 2292 11256 2292 2293 11257 2290 2291 11258 2293 2294 11259 2292 2293 11260 2291 2292 11261 2293 2294 11262 2294 2295 11263 2292 2293 11264 2295 2296 11265 2294 2295 11266 2293 2294 11267 2295 2296 11268 2296 2297 11269 2294 2295 11270 2297 2298 11271 2296 2297 11272 2295 2296 11273 2297 2298 11274 2298 2299 11275 2296 2297 11276 2299 2300 11277 2298 2299 11278 2297 2298 11279 2299 2300 11280 2300 2301 11281 2298 2299 11282 2301 2302 11283 2300 2301 11284 2299 2300 11285 2301 2302 11286 2302 2303 11287 2300 2301 11288 2303 2304 11289 2302 2303 11290 2301 2302 11291 2303 2304 11292 2304 2305 11293 2302 2303 11294 2305 2306 11295 2304 2305 11296 2303 2304 11297 2305 2306 11298 2306 2307 11299 2304 2305 11300 2279 2280 11301 2306 2307 11302 2305 2306 11303 2279 2280 11304 2278 2279 11305 2306 2307 11306 2294 2295 11307 2276 2277 11308 2292 2293 11309 2294 2295 11310 2275 2276 11311 2276 2277 11312 2296 2297 11313 2275 2276 11314 2294 2295 11315 2296 2297 11316 2274 2275 11317 2275 2276 11318 2298 2299 11319 2274 2275 11320 2296 2297 11321 2298 2299 11322 2273 2274 11323 2274 2275 11324 2300 2301 11325 2273 2274 11326 2298 2299 11327 2300 2301 11328 2272 2273 11329 2273 2274 11330 2302 2303 11331 2272 2273 11332 2300 2301 11333 2302 2303 11334 2271 2272 11335 2272 2273 11336 2304 2305 11337 2271 2272 11338 2302 2303 11339 2304 2305 11340 2270 2271 11341 2271 2272 11342 2306 2307 11343 2270 2271 11344 2304 2305 11345 2306 2307 11346 2269 2270 11347 2270 2271 11348 2278 2279 11349 2269 2270 11350 2306 2307 11351 2278 2279 11352 1682 1682 11353 2269 2270 11354 2280 2281 11355 1682 1682 11356 2278 2279 11357 2280 2281 11358 1695 1695 11359 1682 1682 11360 2282 2283 11361 1695 1695 11362 2280 2281 11363 2282 2283 11364 1692 1692 11365 1695 1695 11366 2284 2285 11367 1692 1692 11368 2282 2283 11369 2284 2285 11370 1693 1693 11371 1692 1692 11372 2286 2287 11373 1693 1693 11374 2284 2285 11375 2286 2287 11376 1694 1694 11377 1693 1693 11378 2288 2289 11379 1694 1694 11380 2286 2287 11381 2288 2289 11382 1696 1696 11383 1694 1694 11384 2290 2291 11385 1696 1696 11386 2288 2289 11387 2290 2291 11388 1683 1683 11389 1696 1696 11390 2292 2293 11391 1683 1683 11392 2290 2291 11393 2292 2293 11394 2276 2277 11395 1683 1683 11396 572 572 11397 2305 2306 11398 568 568 11399 572 572 11400 2279 2280 11401 2305 2306 11402 571 571 11403 2279 2280 11404 572 572 11405 571 571 11406 2277 2278 11407 2279 2280 11408 588 588 11409 2277 2278 11410 571 571 11411 588 588 11412 2281 2282 11413 2277 2278 11414 2307 2308 11415 2281 2282 11416 588 588 11417 2307 2308 11418 2283 2284 11419 2281 2282 11420 580 580 11421 2283 2284 11422 2307 2308 11423 580 580 11424 2285 2286 11425 2283 2284 11426 575 575 11427 2285 2286 11428 580 580 11429 575 575 11430 2287 2288 11431 2285 2286 11432 574 574 11433 2287 2288 11434 575 575 11435 574 574 11436 2289 2290 11437 2287 2288 11438 585 585 11439 2289 2290 11440 574 574 11441 585 585 11442 2291 2292 11443 2289 2290 11444 584 584 11445 2291 2292 11446 585 585 11447 584 584 11448 2293 2294 11449 2291 2292 11450 583 583 11451 2293 2294 11452 584 584 11453 583 583 11454 2295 2296 11455 2293 2294 11456 1698 1698 11457 2295 2296 11458 583 583 11459 1698 1698 11460 2297 2298 11461 2295 2296 11462 1697 1697 11463 2297 2298 11464 1698 1698 11465 1697 1697 11466 2299 2300 11467 2297 2298 11468 582 582 11469 2299 2300 11470 1697 1697 11471 582 582 11472 2301 2302 11473 2299 2300 11474 570 570 11475 2301 2302 11476 582 582 11477 570 570 11478 2303 2304 11479 2301 2302 11480 568 568 11481 2303 2304 11482 570 570 11483 568 568 11484 2305 2306 11485 2303 2304 11486 578 578 11487 580 580 11488 2307 2308 11489 578 578 11490 581 581 11491 580 580 11492 577 577 11493 581 581 11494 578 578 11495 577 577 11496 573 573 11497 581 581 11498 2308 2309 11499 573 573 11500 577 577 11501 2308 2309 11502 565 565 11503 573 573 11504 2309 2310 11505 565 565 11506 2308 2309 11507 2309 2310 11508 566 566 11509 565 565 11510 2310 2311 11511 566 566 11512 2309 2310 11513 2310 2311 11514 569 569 11515 566 566 11516 2311 2312 11517 569 569 11518 2310 2311 11519 2311 2312 11520 567 567 11521 569 569 11522 576 576 11523 567 567 11524 2311 2312 11525 576 576 11526 587 587 11527 567 567 11528 578 578 11529 587 587 11530 576 576 11531 578 578 11532 588 588 11533 587 587 11534 2307 2308 11535 588 588 11536 578 578 11537 624 624 11538 1739 1739 11539 2312 2313 11540 624 624 11541 1713 1713 11542 1739 1739 11543 626 626 11544 1713 1713 11545 624 624 11546 626 626 11547 1715 1715 11548 1713 1713 11549 2313 2314 11550 1715 1715 11551 626 626 11552 2313 2314 11553 1717 1717 11554 1715 1715 11555 2314 2315 11556 1717 1717 11557 2313 2314 11558 2314 2315 11559 1719 1719 11560 1717 1717 11561 2315 2316 11562 1719 1719 11563 2314 2315 11564 2315 2316 11565 1723 1723 11566 1719 1719 11567 627 627 11568 1723 1723 11569 2315 2316 11570 627 627 11571 1725 1725 11572 1723 1723 11573 629 629 11574 1725 1725 11575 627 627 11576 629 629 11577 1727 1727 11578 1725 1725 11579 1746 1746 11580 1727 1727 11581 629 629 11582 1746 1746 11583 1729 1729 11584 1727 1727 11585 1748 1748 11586 1729 1729 11587 1746 1746 11588 1748 1748 11589 1743 1743 11590 1729 1729 11591 2064 2064 11592 1743 1743 11593 1748 1748 11594 2064 2064 11595 2056 2056 11596 1743 1743 11597 1276 1276 11598 2056 2056 11599 2064 2064 11600 1276 1276 11601 2054 2054 11602 2056 2056 11603 1278 1278 11604 2054 2054 11605 1276 1276 11606 1278 1278 11607 2052 2052 11608 2054 2054 11609 2066 2066 11610 2052 2052 11611 1278 1278 11612 2066 2066 11613 2050 2050 11614 2052 2052 11615 2067 2067 11616 2050 2050 11617 2066 2066 11618 2067 2067 11619 2046 2046 11620 2050 2050 11621 2068 2068 11622 2046 2046 11623 2067 2067 11624 2068 2068 11625 2044 2044 11626 2046 2046 11627 2074 2074 11628 2044 2044 11629 2068 2068 11630 2074 2074 11631 2040 2040 11632 2044 2044 11633 2316 2317 11634 2040 2040 11635 2074 2074 11636 2316 2317 11637 2042 2042 11638 2040 2040 11639 2317 2318 11640 2042 2042 11641 2316 2317 11642 2317 2318 11643 2063 2063 11644 2042 2042 11645 2318 2319 11646 2063 2063 11647 2317 2318 11648 2318 2319 11649 1741 1741 11650 2063 2063 11651 2312 2313 11652 1741 1741 11653 2318 2319 11654 2312 2313 11655 1739 1739 11656 1741 1741 11657 2312 2313 11658 625 625 11659 624 624 11660 2312 2313 11661 2319 2320 11662 625 625 11663 2318 2319 11664 2319 2320 11665 2312 2313 11666 2318 2319 11667 2320 2321 11668 2319 2320 11669 2317 2318 11670 2320 2321 11671 2318 2319 11672 2317 2318 11673 2321 2322 11674 2320 2321 11675 2316 2317 11676 2321 2322 11677 2317 2318 11678 2316 2317 11679 2322 2323 11680 2321 2322 11681 2074 2074 11682 2322 2323 11683 2316 2317 11684 2074 2074 11685 2073 2073 11686 2322 2323 11687 1262 1262 11688 2073 2073 11689 2074 2074 11690 1262 1262 11691 2072 2072 11692 2073 2073 11693 1264 1264 11694 2072 2072 11695 1262 1262 11696 1264 1264 11697 1273 1273 11698 2072 2072 11699 2069 2069 11700 1273 1273 11701 1264 1264 11702 2069 2069 11703 605 605 11704 1273 1273 11705 1271 1271 11706 605 605 11707 2069 2069 11708 1271 1271 11709 1261 1261 11710 605 605 11711 1269 1269 11712 1261 1261 11713 1271 1271 11714 1269 1269 11715 1274 1274 11716 1261 1261 11717 1270 1270 11718 1274 1274 11719 1269 1269 11720 1270 1270 11721 1275 1275 11722 1274 1274 11723 1277 1277 11724 1275 1275 11725 1270 1270 11726 1277 1277 11727 2065 2065 11728 1275 1275 11729 1276 1276 11730 2065 2065 11731 1277 1277 11732 1276 1276 11733 2064 2064 11734 2065 2065 11735 615 615 11736 603 603 11737 622 622 11738 615 615 11739 604 604 11740 603 603 11741 612 612 11742 604 604 11743 615 615 11744 612 612 11745 618 618 11746 604 604 11747 609 609 11748 618 618 11749 612 612 11750 609 609 11751 616 616 11752 618 618 11753 606 606 11754 616 616 11755 609 609 11756 606 606 11757 617 617 11758 616 616 11759 1750 1750 11760 617 617 11761 606 606 11762 1750 1750 11763 619 619 11764 617 617 11765 1752 1752 11766 619 619 11767 1750 1750 11768 1752 1752 11769 620 620 11770 619 619 11771 1754 1754 11772 620 620 11773 1752 1752 11774 1754 1754 11775 1272 1272 11776 620 620 11777 2070 2070 11778 1272 1272 11779 1754 1754 11780 2070 2070 11781 1273 1273 11782 1272 1272 11783 2072 2072 11784 1273 1273 11785 2070 2070 11786 627 627 11787 614 614 11788 628 628 11789 627 627 11790 613 613 11791 614 614 11792 2315 2316 11793 613 613 11794 627 627 11795 2315 2316 11796 611 611 11797 613 613 11798 2314 2315 11799 611 611 11800 2315 2316 11801 2314 2315 11802 610 610 11803 611 611 11804 2313 2314 11805 610 610 11806 2314 2315 11807 2313 2314 11808 607 607 11809 610 610 11810 626 626 11811 607 607 11812 2313 2314 11813 626 626 11814 608 608 11815 607 607 11816 625 625 11817 608 608 11818 626 626 11819 625 625 11820 1751 1751 11821 608 608 11822 2319 2320 11823 1751 1751 11824 625 625 11825 2319 2320 11826 1753 1753 11827 1751 1751 11828 2320 2321 11829 1753 1753 11830 2319 2320 11831 2320 2321 11832 1755 1755 11833 1753 1753 11834 2321 2322 11835 1755 1755 11836 2320 2321 11837 2321 2322 11838 2071 2071 11839 1755 1755 11840 2322 2323 11841 2071 2071 11842 2321 2322 11843 2322 2323 11844 2073 2073 11845 2071 2071 11846 601 601 11847 1721 1721 11848 597 597 11849 601 601 11850 1720 1720 11851 1721 1721 11852 600 600 11853 1720 1720 11854 601 601 11855 600 600 11856 1733 1733 11857 1720 1720 11858 1703 1703 11859 1733 1733 11860 600 600 11861 1703 1703 11862 1735 1735 11863 1733 1733 11864 1745 1745 11865 1735 1735 11866 1703 1703 11867 1745 1745 11868 1737 1737 11869 1735 1735 11870 2028 2028 11871 1737 1737 11872 1745 1745 11873 2028 2028 11874 2060 2060 11875 1737 1737 11876 1258 1258 11877 2060 2060 11878 2028 2028 11879 1258 1258 11880 2058 2058 11881 2060 2060 11882 1257 1257 11883 2058 2058 11884 1258 1258 11885 1257 1257 11886 2047 2047 11887 2058 2058 11888 1255 1255 11889 2047 2047 11890 1257 1257 11891 1255 1255 11892 2048 2048 11893 2047 2047 11894 1773 1773 11895 553 553 11896 555 555 11897 1773 1773 11898 1785 1785 11899 553 553 11900 1768 1768 11901 1785 1785 11902 1773 1773 11903 1768 1768 11904 1783 1783 11905 1785 1785 11906 1770 1770 11907 1783 1783 11908 1768 1768 11909 1770 1770 11910 1781 1781 11911 1783 1783 11912 1772 1772 11913 1781 1781 11914 1770 1770 11915 1772 1772 11916 1779 1779 11917 1781 1781 11918 2122 2122 11919 1779 1779 11920 1772 1772 11921 2122 2122 11922 1794 1794 11923 1779 1779 11924 778 778 11925 1794 1794 11926 2122 2122 11927 778 778 11928 1774 1774 11929 1794 1794 11930 773 773 11931 1774 1774 11932 778 778 11933 773 773 11934 1775 1775 11935 1774 1774 11936 687 687 11937 1775 1775 11938 773 773 11939 687 687 11940 779 779 11941 1775 1775 11942 686 686 11943 779 779 11944 687 687 11945 686 686 11946 780 780 11947 779 779 11948 1188 1188 11949 780 780 11950 686 686 11951 805 805 11952 743 743 11953 742 742 11954 805 805 11955 800 800 11956 743 743 11957 649 649 11958 800 800 11959 805 805 11960 649 649 11961 781 781 11962 800 800 11963 794 794 11964 781 781 11965 649 649 11966 794 794 11967 177 177 11968 781 781 11969 796 796 11970 177 177 11971 794 794 11972 796 796 11973 175 175 11974 177 177 11975 797 797 11976 175 175 11977 796 796 11978 797 797 11979 1806 1806 11980 175 175 11981 554 554 11982 1806 1806 11983 797 797 11984 554 554 11985 1805 1805 11986 1806 1806 11987 553 553 11988 1805 1805 11989 554 554 11990 553 553 11991 1802 1802 11992 1805 1805 11993 1786 1786 11994 1802 1802 11995 553 553 11996 1786 1786 11997 1801 1801 11998 1802 1802 11999 1793 1793 12000 1801 1801 12001 1786 1786 12002 818 818 12003 2323 2324 12004 816 816 12005 818 818 12006 2324 2325 12007 2323 2324 12008 815 815 12009 2324 2325 12010 818 818 12011 815 815 12012 2325 2326 12013 2324 2325 12014 811 811 12015 2325 2326 12016 815 815 12017 811 811 12018 2326 2327 12019 2325 2326 12020 813 813 12021 2326 2327 12022 811 811 12023 813 813 12024 2327 2328 12025 2326 2327 12026 814 814 12027 2327 2328 12028 813 813 12029 814 814 12030 2328 2329 12031 2327 2328 12032 820 820 12033 2328 2329 12034 814 814 12035 820 820 12036 2329 2330 12037 2328 2329 12038 821 821 12039 2329 2330 12040 820 820 12041 821 821 12042 2330 2331 12043 2329 2330 12044 819 819 12045 2330 2331 12046 821 821 12047 819 819 12048 2331 2332 12049 2330 2331 12050 817 817 12051 2331 2332 12052 819 819 12053 817 817 12054 2332 2333 12055 2331 2332 12056 816 816 12057 2332 2333 12058 817 817 12059 816 816 12060 2323 2324 12061 2332 2333 12062 2333 2334 12063 2330 2331 12064 2334 2335 12065 2333 2334 12066 2329 2330 12067 2330 2331 12068 2335 2336 12069 2329 2330 12070 2333 2334 12071 2335 2336 12072 2328 2329 12073 2329 2330 12074 2336 2337 12075 2328 2329 12076 2335 2336 12077 2336 2337 12078 2327 2328 12079 2328 2329 12080 2337 2338 12081 2327 2328 12082 2336 2337 12083 2337 2338 12084 2326 2327 12085 2327 2328 12086 2338 2339 12087 2326 2327 12088 2337 2338 12089 2338 2339 12090 2325 2326 12091 2326 2327 12092 2339 2340 12093 2325 2326 12094 2338 2339 12095 2339 2340 12096 2324 2325 12097 2325 2326 12098 2340 2341 12099 2324 2325 12100 2339 2340 12101 2340 2341 12102 2323 2324 12103 2324 2325 12104 2341 2342 12105 2323 2324 12106 2340 2341 12107 2341 2342 12108 2332 2333 12109 2323 2324 12110 2342 2343 12111 2332 2333 12112 2341 2342 12113 2342 2343 12114 2331 2332 12115 2332 2333 12116 2334 2335 12117 2331 2332 12118 2342 2343 12119 2334 2335 12120 2330 2331 12121 2331 2332 12122 1811 1811 12123 2112 2112 12124 829 829 12125 1811 1811 12126 2114 2114 12127 2112 2112 12128 1807 1807 12129 2114 2114 12130 1811 1811 12131 1807 1807 12132 2104 2104 12133 2114 2114 12134 1809 1809 12135 2104 2104 12136 1807 1807 12137 1809 1809 12138 2103 2103 12139 2104 2104 12140 831 831 12141 2103 2103 12142 1809 1809 12143 831 831 12144 2102 2102 12145 2103 2103 12146 830 830 12147 2102 2102 12148 831 831 12149 830 830 12150 2101 2101 12151 2102 2102 12152 832 832 12153 2101 2101 12154 830 830 12155 832 832 12156 2100 2100 12157 2101 2101 12158 1810 1810 12159 2100 2100 12160 832 832 12161 1810 1810 12162 2099 2099 12163 2100 2100 12164 1808 1808 12165 2099 2099 12166 1810 1810 12167 1808 1808 12168 2098 2098 12169 2099 2099 12170 1812 1812 12171 2098 2098 12172 1808 1808 12173 1812 1812 12174 2116 2116 12175 2098 2098 12176 828 828 12177 2116 2116 12178 1812 1812 12179 828 828 12180 2110 2110 12181 2116 2116 12182 827 827 12183 2110 2110 12184 828 828 12185 827 827 12186 2109 2109 12187 2110 2110 12188 829 829 12189 2109 2109 12190 827 827 12191 829 829 12192 2112 2112 12193 2109 2109 12194 2343 2344 12195 1861 1861 12196 1860 1860 12197 2343 2344 12198 2344 2345 12199 1861 1861 12200 2345 2346 12201 2344 2345 12202 2343 2344 12203 2345 2346 12204 2346 2347 12205 2344 2345 12206 2347 2348 12207 2346 2347 12208 2345 2346 12209 2347 2348 12210 2348 2349 12211 2346 2347 12212 2349 2350 12213 2348 2349 12214 2347 2348 12215 2349 2350 12216 2350 2351 12217 2348 2349 12218 2351 2352 12219 2350 2351 12220 2349 2350 12221 2351 2352 12222 2348 2349 12223 2350 2351 12224 2352 2353 12225 2348 2349 12226 2351 2352 12227 2352 2353 12228 2346 2347 12229 2348 2349 12230 2353 2354 12231 2346 2347 12232 2352 2353 12233 2353 2354 12234 2344 2345 12235 2346 2347 12236 2354 2355 12237 2344 2345 12238 2353 2354 12239 2354 2355 12240 1861 1861 12241 2344 2345 12242 2355 2356 12243 1861 1861 12244 2354 2355 12245 2355 2356 12246 1850 1850 12247 1861 1861 12248 2356 2357 12249 1850 1850 12250 2355 2356 12251 2356 2357 12252 1846 1846 12253 1850 1850 12254 2357 2358 12255 1846 1846 12256 2356 2357 12257 2357 2358 12258 1845 1845 12259 1846 1846 12260 2358 2359 12261 1845 1845 12262 2357 2358 12263 2358 2359 12264 979 979 12265 1845 1845 12266 1920 1920 12267 979 979 12268 2358 2359 12269 1827 1827 12270 1859 1859 12271 1826 1826 12272 1827 1827 12273 2359 2360 12274 1859 1859 12275 1832 1832 12276 2359 2360 12277 1827 1827 12278 1832 1832 12279 2360 2361 12280 2359 2360 12281 2361 2362 12282 2360 2361 12283 1832 1832 12284 2361 2362 12285 2362 2363 12286 2360 2361 12287 2363 2364 12288 2362 2363 12289 2361 2362 12290 2363 2364 12291 2364 2365 12292 2362 2363 12293 2365 2366 12294 2364 2365 12295 2363 2364 12296 2365 2366 12297 2362 2363 12298 2364 2365 12299 2366 2367 12300 2362 2363 12301 2365 2366 12302 2366 2367 12303 2360 2361 12304 2362 2363 12305 2367 2368 12306 2360 2361 12307 2366 2367 12308 2367 2368 12309 2359 2360 12310 2360 2361 12311 2368 2369 12312 2359 2360 12313 2367 2368 12314 2368 2369 12315 1859 1859 12316 2359 2360 12317 2369 2370 12318 1859 1859 12319 2368 2369 12320 2369 2370 12321 1856 1856 12322 1859 1859 12323 2370 2371 12324 1856 1856 12325 2369 2370 12326 2370 2371 12327 1858 1858 12328 1856 1856 12329 2371 2372 12330 1858 1858 12331 2370 2371 12332 2371 2372 12333 1838 1838 12334 1858 1858 12335 2372 2373 12336 1838 1838 12337 2371 2372 12338 2372 2373 12339 1840 1840 12340 1838 1838 12341 1836 1836 12342 2351 2352 12343 1834 1834 12344 1836 1836 12345 2352 2353 12346 2351 2352 12347 854 854 12348 2352 2353 12349 1836 1836 12350 854 854 12351 2353 2354 12352 2352 2353 12353 853 853 12354 2353 2354 12355 854 854 12356 853 853 12357 2354 2355 12358 2353 2354 12359 1825 1825 12360 2354 2355 12361 853 853 12362 1825 1825 12363 2355 2356 12364 2354 2355 12365 1852 1852 12366 2355 2356 12367 1825 1825 12368 1852 1852 12369 2356 2357 12370 2355 2356 12371 1851 1851 12372 2356 2357 12373 1852 1852 12374 1851 1851 12375 2357 2358 12376 2356 2357 12377 865 865 12378 2357 2358 12379 1851 1851 12380 865 865 12381 2358 2359 12382 2357 2358 12383 864 864 12384 2358 2359 12385 865 865 12386 864 864 12387 1920 1920 12388 2358 2359 12389 1843 1843 12390 860 860 12391 859 859 12392 1843 1843 12393 1844 1844 12394 860 860 12395 1848 1848 12396 1844 1844 12397 1843 1843 12398 1848 1848 12399 1849 1849 12400 1844 1844 12401 1823 1823 12402 1849 1849 12403 1848 1848 12404 1823 1823 12405 1860 1860 12406 1849 1849 12407 862 862 12408 1860 1860 12409 1823 1823 12410 862 862 12411 2343 2344 12412 1860 1860 12413 861 861 12414 2343 2344 12415 862 862 12416 861 861 12417 2345 2346 12418 2343 2344 12419 1828 1828 12420 2345 2346 12421 861 861 12422 1828 1828 12423 2347 2348 12424 2345 2346 12425 1830 1830 12426 2347 2348 12427 1828 1828 12428 1830 1830 12429 2349 2350 12430 2347 2348 12431 1834 1834 12432 2349 2350 12433 1830 1830 12434 1834 1834 12435 2351 2352 12436 2349 2350 12437 2371 2372 12438 1841 1841 12439 2372 2373 12440 2371 2372 12441 1842 1842 12442 1841 1841 12443 2370 2371 12444 1842 1842 12445 2371 2372 12446 2370 2371 12447 1847 1847 12448 1842 1842 12449 2369 2370 12450 1847 1847 12451 2370 2371 12452 2369 2370 12453 1822 1822 12454 1847 1847 12455 2368 2369 12456 1822 1822 12457 2369 2370 12458 2368 2369 12459 863 863 12460 1822 1822 12461 2367 2368 12462 863 863 12463 2368 2369 12464 2367 2368 12465 1829 1829 12466 863 863 12467 2366 2367 12468 1829 1829 12469 2367 2368 12470 2366 2367 12471 1831 1831 12472 1829 1829 12473 2365 2366 12474 1831 1831 12475 2366 2367 12476 2365 2366 12477 1835 1835 12478 1831 1831 12479 2363 2364 12480 1835 1835 12481 2365 2366 12482 2363 2364 12483 1833 1833 12484 1835 1835 12485 2361 2362 12486 1833 1833 12487 2363 2364 12488 2361 2362 12489 1832 1832 12490 1833 1833 12491 1891 1891 12492 1453 1453 12493 1455 1455 12494 1891 1891 12495 1874 1874 12496 1453 1453 12497 1450 1450 12498 1874 1874 12499 1891 1891 12500 1450 1450 12501 892 892 12502 1874 1874 12503 1452 1452 12504 892 892 12505 1450 1450 12506 1452 1452 12507 890 890 12508 892 892 12509 2373 2374 12510 890 890 12511 1452 1452 12512 2373 2374 12513 909 909 12514 890 890 12515 1890 1890 12516 909 909 12517 2373 2374 12518 1890 1890 12519 910 910 12520 909 909 12521 1887 1887 12522 910 910 12523 1890 1890 12524 1887 1887 12525 905 905 12526 910 910 12527 1886 1886 12528 905 905 12529 1887 1887 12530 1886 1886 12531 906 906 12532 905 905 12533 1888 1888 12534 906 906 12535 1886 1886 12536 1888 1888 12537 898 898 12538 906 906 12539 893 893 12540 1868 1868 12541 894 894 12542 893 893 12543 1867 1867 12544 1868 1868 12545 909 909 12546 1867 1867 12547 893 893 12548 909 909 12549 1895 1895 12550 1867 1867 12551 904 904 12552 1895 1895 12553 909 909 12554 904 904 12555 1893 1893 12556 1895 1895 12557 903 903 12558 1893 1893 12559 904 904 12560 903 903 12561 1894 1894 12562 1893 1893 12563 2374 2375 12564 1894 1894 12565 903 903 12566 2374 2375 12567 1892 1892 12568 1894 1894 12569 897 897 12570 1892 1892 12571 2374 2375 12572 897 897 12573 1451 1451 12574 1892 1892 12575 896 896 12576 1451 1451 12577 897 897 12578 896 896 12579 1452 1452 12580 1451 1451 12581 1889 1889 12582 1452 1452 12583 896 896 12584 1889 1889 12585 2373 2374 12586 1452 1452 12587 1890 1890 12588 2373 2374 12589 1889 1889 12590 915 915 12591 1912 1912 12592 913 913 12593 915 915 12594 1914 1914 12595 1912 1912 12596 920 920 12597 1914 1914 12598 915 915 12599 920 920 12600 1919 1919 12601 1914 1914 12602 916 916 12603 1919 1919 12604 920 920 12605 916 916 12606 1904 1904 12607 1919 1919 12608 919 919 12609 1904 1904 12610 916 916 12611 919 919 12612 1903 1903 12613 1904 1904 12614 931 931 12615 1903 1903 12616 919 919 12617 931 931 12618 911 911 12619 1903 1903 12620 918 918 12621 911 911 12622 931 931 12623 918 918 12624 912 912 12625 911 911 12626 1897 1897 12627 912 912 12628 918 918 12629 1897 1897 12630 903 903 12631 912 912 12632 1896 1896 12633 903 903 12634 1897 1897 12635 1896 1896 12636 2374 2375 12637 903 903 12638 1898 1898 12639 2374 2375 12640 1896 1896 12641 1898 1898 12642 897 897 12643 2374 2375 12644 1899 1899 12645 897 897 12646 1898 1898 12647 1899 1899 12648 895 895 12649 897 897 12650 1900 1900 12651 895 895 12652 1899 1899 12653 1900 1900 12654 902 902 12655 895 895 12656 930 930 12657 902 902 12658 1900 1900 12659 930 930 12660 923 923 12661 902 902 12662 2221 2222 12663 939 939 12664 1559 1559 12665 2221 2222 12666 940 940 12667 939 939 12668 2226 2227 12669 940 940 12670 2221 2222 12671 2226 2227 12672 1905 1905 12673 940 940 12674 2227 2228 12675 1905 1905 12676 2226 2227 12677 2227 2228 12678 1916 1916 12679 1905 1905 12680 958 958 12681 1916 1916 12682 2227 2228 12683 958 958 12684 1917 1917 12685 1916 1916 12686 957 957 12687 1917 1917 12688 958 958 12689 957 957 12690 947 947 12691 1917 1917 12692 987 987 12693 947 947 12694 957 957 12695 987 987 12696 986 986 12697 947 947 12698 980 980 12699 986 986 12700 987 987 12701 980 980 12702 960 960 12703 986 986 12704 979 979 12705 960 960 12706 980 980 12707 979 979 12708 1920 1920 12709 960 960 12710 963 963 12711 948 948 12712 962 962 12713 963 963 12714 953 953 12715 948 948 12716 961 961 12717 953 953 12718 963 963 12719 961 961 12720 952 952 12721 953 953 12722 864 864 12723 952 952 12724 961 961 12725 864 864 12726 941 941 12727 952 952 12728 857 857 12729 941 941 12730 864 864 12731 857 857 12732 942 942 12733 941 941 12734 856 856 12735 942 942 12736 857 857 12737 856 856 12738 944 944 12739 942 942 12740 1839 1839 12741 944 944 12742 856 856 12743 1839 1839 12744 989 989 12745 944 944 12746 1840 1840 12747 989 989 12748 1839 1839 12749 1840 1840 12750 988 988 12751 989 989 12752 2372 2373 12753 988 988 12754 1840 1840 12755 2372 2373 12756 990 990 12757 988 988 12758 1841 1841 12759 990 990 12760 2372 2373 12761 1841 1841 12762 1925 1925 12763 990 990 12764 1922 1922 12765 1925 1925 12766 1841 1841 12767 1922 1922 12768 308 308 12769 1925 1925 12770 1006 1006 12771 1032 1032 12772 1034 1034 12773 1006 1006 12774 1930 1930 12775 1032 1032 12776 1005 1005 12777 1930 1930 12778 1006 1006 12779 1005 1005 12780 1004 1004 12781 1930 1930 12782 2375 2376 12783 1004 1004 12784 1005 1005 12785 2375 2376 12786 1016 1016 12787 1004 1004 12788 1005 1005 12789 1016 1016 12790 2375 2376 12791 1005 1005 12792 1934 1934 12793 1016 1016 12794 1007 1007 12795 1934 1934 12796 1005 1005 12797 1007 1007 12798 1933 1933 12799 1934 1934 12800 1013 1013 12801 1933 1933 12802 1007 1007 12803 1013 1013 12804 1935 1935 12805 1933 1933 12806 1008 1008 12807 1935 1935 12808 1013 1013 12809 1008 1008 12810 1018 1018 12811 1935 1935 12812 1010 1010 12813 1018 1018 12814 1008 1008 12815 1010 1010 12816 1016 1016 12817 1018 1018 12818 1931 1931 12819 1016 1016 12820 1010 1010 12821 1931 1931 12822 1004 1004 12823 1016 1016 12824 1929 1929 12825 1004 1004 12826 1931 1931 12827 1929 1929 12828 1002 1002 12829 1004 1004 12830 1027 1027 12831 1002 1002 12832 1929 1929 12833 1944 1944 12834 1967 1967 12835 1945 1945 12836 1944 1944 12837 1104 1104 12838 1967 1967 12839 1053 1053 12840 1104 1104 12841 1944 1944 12842 1053 1053 12843 1114 1114 12844 1104 1104 12845 1936 1936 12846 1114 1114 12847 1053 1053 12848 1936 1936 12849 1127 1127 12850 1114 1114 12851 1057 1057 12852 1127 1127 12853 1936 1936 12854 1057 1057 12855 1128 1128 12856 1127 1127 12857 1055 1055 12858 1128 1128 12859 1057 1057 12860 1055 1055 12861 2376 2377 12862 1128 1128 12863 1036 1036 12864 2376 2377 12865 1055 1055 12866 1036 1036 12867 2377 2378 12868 2376 2377 12869 1035 1035 12870 2377 2378 12871 1036 1036 12872 1035 1035 12873 2378 2379 12874 2377 2378 12875 1038 1038 12876 2378 2379 12877 1035 1035 12878 1038 1038 12879 2379 2380 12880 2378 2379 12881 1048 1048 12882 2379 2380 12883 1038 1038 12884 1048 1048 12885 1941 1941 12886 2379 2380 12887 1955 1955 12888 1109 1109 12889 1106 1106 12890 1955 1955 12891 1968 1968 12892 1109 1109 12893 1961 1961 12894 1968 1968 12895 1955 1955 12896 1961 1961 12897 2252 2253 12898 1968 1968 12899 1062 1062 12900 2252 2253 12901 1961 1961 12902 1062 1062 12903 2251 2252 12904 2252 2253 12905 1064 1064 12906 2251 2252 12907 1062 1062 12908 1064 1064 12909 2250 2251 12910 2251 2252 12911 1067 1067 12912 2250 2251 12913 1064 1064 12914 1067 1067 12915 1963 1963 12916 2250 2251 12917 1068 1068 12918 1963 1963 12919 1067 1067 12920 1068 1068 12921 1964 1964 12922 1963 1963 12923 1157 1157 12924 1964 1964 12925 1068 1068 12926 1157 1157 12927 1954 1954 12928 1964 1964 12929 1988 1988 12930 1954 1954 12931 1157 1157 12932 1988 1988 12933 1953 1953 12934 1954 1954 12935 1668 1668 12936 1953 1953 12937 1988 1988 12938 2249 2250 12939 1965 1965 12940 2241 2242 12941 2249 2250 12942 1646 1646 12943 1965 1965 12944 2248 2249 12945 1646 1646 12946 2249 2250 12947 2248 2249 12948 415 415 12949 1646 1646 12950 2247 2248 12951 415 415 12952 2248 2249 12953 2247 2248 12954 405 405 12955 415 415 12956 2246 2247 12957 405 405 12958 2247 2248 12959 2246 2247 12960 391 391 12961 405 405 12962 2245 2246 12963 391 391 12964 2246 2247 12965 2245 2246 12966 392 392 12967 391 391 12968 2244 2245 12969 392 392 12970 2245 2246 12971 2244 2245 12972 1632 1632 12973 392 392 12974 2243 2244 12975 1632 1632 12976 2244 2245 12977 2243 2244 12978 1633 1633 12979 1632 1632 12980 2242 2243 12981 1633 1633 12982 2243 2244 12983 2242 2243 12984 1634 1634 12985 1633 1633 12986 1648 1648 12987 1634 1634 12988 2242 2243 12989 2000 2000 12990 1180 1180 12991 1175 1175 12992 2000 2000 12993 1183 1183 12994 1180 1180 12995 1997 1997 12996 1183 1183 12997 2000 2000 12998 1997 1997 12999 1171 1171 13000 1183 1183 13001 1996 1996 13002 1171 1171 13003 1997 1997 13004 1996 1996 13005 1169 1169 13006 1171 1171 13007 1998 1998 13008 1169 1169 13009 1996 1996 13010 1998 1998 13011 2003 2003 13012 1169 1169 13013 1999 1999 13014 2003 2003 13015 1998 1998 13016 1999 1999 13017 1184 1184 13018 2003 2003 13019 1174 1174 13020 1184 1184 13021 1999 1999 13022 1174 1174 13023 1177 1177 13024 1184 1184 13025 1173 1173 13026 1177 1177 13027 1174 1174 13028 1173 1173 13029 1178 1178 13030 1177 1177 13031 1172 1172 13032 1178 1178 13033 1173 1173 13034 1172 1172 13035 1181 1181 13036 1178 1178 13037 1107 1107 13038 1181 1181 13039 1172 1172 13040 1107 1107 13041 1182 1182 13042 1181 1181 13043 1121 1121 13044 1182 1182 13045 1107 1107 13046 1121 1121 13047 2001 2001 13048 1182 1182 13049 1120 1120 13050 2001 2001 13051 1121 1121 13052 1120 1120 13053 1179 1179 13054 2001 2001 13055 1051 1051 13056 1179 1179 13057 1120 1120 13058 1051 1051 13059 1180 1180 13060 1179 1179 13061 1175 1175 13062 1180 1180 13063 1051 1051 13064 2380 2381 13065 2011 2011 13066 2013 2013 13067 2380 2381 13068 2018 2018 13069 2011 2011 13070 2381 2382 13071 2018 2018 13072 2380 2381 13073 2381 2382 13074 2010 2010 13075 2018 2018 13076 2382 2383 13077 2010 2010 13078 2381 2382 13079 2382 2383 13080 2009 2009 13081 2010 2010 13082 2383 2384 13083 2009 2009 13084 2382 2383 13085 2383 2384 13086 2007 2007 13087 2009 2009 13088 2384 2385 13089 2007 2007 13090 2383 2384 13091 2384 2385 13092 2008 2008 13093 2007 2007 13094 2385 2386 13095 2008 2008 13096 2384 2385 13097 2385 2386 13098 2017 2017 13099 2008 2008 13100 2386 2387 13101 2017 2017 13102 2385 2386 13103 2386 2387 13104 2012 2012 13105 2017 2017 13106 2387 2388 13107 2012 2012 13108 2386 2387 13109 2387 2388 13110 2014 2014 13111 2012 2012 13112 2388 2389 13113 2389 2390 13114 2390 2391 13115 2388 2389 13116 2391 2392 13117 2389 2390 13118 2392 2393 13119 2391 2392 13120 2388 2389 13121 2392 2393 13122 2393 2394 13123 2391 2392 13124 2394 2395 13125 2393 2394 13126 2392 2393 13127 2394 2395 13128 2395 2396 13129 2393 2394 13130 2396 2397 13131 2395 2396 13132 2394 2395 13133 2396 2397 13134 2397 2398 13135 2395 2396 13136 2398 2399 13137 2397 2398 13138 2396 2397 13139 2398 2399 13140 2399 2400 13141 2397 2398 13142 2400 2401 13143 2399 2400 13144 2398 2399 13145 2400 2401 13146 2401 2402 13147 2399 2400 13148 2402 2403 13149 2401 2402 13150 2400 2401 13151 2402 2403 13152 2403 2404 13153 2401 2402 13154 2404 2405 13155 2403 2404 13156 2402 2403 13157 2404 2405 13158 2405 2406 13159 2403 2404 13160 2406 2407 13161 2405 2406 13162 2404 2405 13163 2406 2407 13164 2407 2408 13165 2405 2406 13166 2408 2409 13167 2407 2408 13168 2406 2407 13169 2408 2409 13170 2409 2410 13171 2407 2408 13172 2410 2411 13173 2409 2410 13174 2408 2409 13175 2410 2411 13176 2411 2412 13177 2409 2410 13178 2412 2413 13179 2411 2412 13180 2410 2411 13181 2412 2413 13182 2413 2414 13183 2411 2412 13184 2414 2415 13185 2413 2414 13186 2412 2413 13187 2414 2415 13188 2415 2416 13189 2413 2414 13190 2416 2417 13191 2415 2416 13192 2414 2415 13193 2416 2417 13194 2417 2418 13195 2415 2416 13196 2390 2391 13197 2417 2418 13198 2416 2417 13199 2390 2391 13200 2389 2390 13201 2417 2418 13202 2386 2387 13203 2402 2403 13204 2387 2388 13205 2386 2387 13206 2404 2405 13207 2402 2403 13208 2385 2386 13209 2404 2405 13210 2386 2387 13211 2385 2386 13212 2406 2407 13213 2404 2405 13214 2384 2385 13215 2406 2407 13216 2385 2386 13217 2384 2385 13218 2408 2409 13219 2406 2407 13220 2383 2384 13221 2408 2409 13222 2384 2385 13223 2383 2384 13224 2410 2411 13225 2408 2409 13226 2382 2383 13227 2410 2411 13228 2383 2384 13229 2382 2383 13230 2412 2413 13231 2410 2411 13232 2381 2382 13233 2412 2413 13234 2382 2383 13235 2381 2382 13236 2414 2415 13237 2412 2413 13238 2380 2381 13239 2414 2415 13240 2381 2382 13241 2380 2381 13242 2416 2417 13243 2414 2415 13244 2013 2013 13245 2416 2417 13246 2380 2381 13247 2013 2013 13248 2390 2391 13249 2416 2417 13250 2024 2024 13251 2390 2391 13252 2013 2013 13253 2024 2024 13254 2388 2389 13255 2390 2391 13256 2021 2021 13257 2388 2389 13258 2024 2024 13259 2021 2021 13260 2392 2393 13261 2388 2389 13262 2022 2022 13263 2392 2393 13264 2021 2021 13265 2022 2022 13266 2394 2395 13267 2392 2393 13268 2023 2023 13269 2394 2395 13270 2022 2022 13271 2023 2023 13272 2396 2397 13273 2394 2395 13274 2025 2025 13275 2396 2397 13276 2023 2023 13277 2025 2025 13278 2398 2399 13279 2396 2397 13280 2014 2014 13281 2398 2399 13282 2025 2025 13283 2014 2014 13284 2400 2401 13285 2398 2399 13286 2387 2388 13287 2400 2401 13288 2014 2014 13289 2387 2388 13290 2402 2403 13291 2400 2401 13292 2389 2390 13293 1226 1226 13294 2417 2418 13295 2389 2390 13296 1229 1229 13297 1226 1226 13298 2391 2392 13299 1229 1229 13300 2389 2390 13301 2391 2392 13302 1230 1230 13303 1229 1229 13304 2393 2394 13305 1230 1230 13306 2391 2392 13307 2393 2394 13308 1245 1245 13309 1230 1230 13310 2395 2396 13311 1245 1245 13312 2393 2394 13313 2395 2396 13314 2418 2419 13315 1245 1245 13316 2397 2398 13317 2418 2419 13318 2395 2396 13319 2397 2398 13320 1239 1239 13321 2418 2419 13322 2399 2400 13323 1239 1239 13324 2397 2398 13325 2399 2400 13326 1231 1231 13327 1239 1239 13328 2401 2402 13329 1231 1231 13330 2399 2400 13331 2401 2402 13332 1232 1232 13333 1231 1231 13334 2403 2404 13335 1232 1232 13336 2401 2402 13337 2403 2404 13338 1243 1243 13339 1232 1232 13340 2405 2406 13341 1243 1243 13342 2403 2404 13343 2405 2406 13344 1241 1241 13345 1243 1243 13346 2407 2408 13347 1241 1241 13348 2405 2406 13349 2407 2408 13350 1242 1242 13351 1241 1241 13352 2409 2410 13353 1242 1242 13354 2407 2408 13355 2409 2410 13356 2027 2027 13357 1242 1242 13358 2411 2412 13359 2027 2027 13360 2409 2410 13361 2411 2412 13362 2026 2026 13363 2027 2027 13364 2413 2414 13365 2026 2026 13366 2411 2412 13367 2413 2414 13368 1240 1240 13369 2026 2026 13370 2415 2416 13371 1240 1240 13372 2413 2414 13373 2415 2416 13374 1228 1228 13375 1240 1240 13376 2417 2418 13377 1228 1228 13378 2415 2416 13379 2417 2418 13380 1226 1226 13381 1228 1228 13382 1234 1234 13383 1245 1245 13384 2418 2419 13385 1234 1234 13386 1246 1246 13387 1245 1245 13388 1236 1236 13389 1246 1246 13390 1234 1234 13391 1236 1236 13392 1227 1227 13393 1246 1246 13394 2419 2420 13395 1227 1227 13396 1236 1236 13397 2419 2420 13398 1225 1225 13399 1227 1227 13400 2420 2421 13401 1225 1225 13402 2419 2420 13403 2420 2421 13404 1222 1222 13405 1225 1225 13406 2421 2422 13407 1222 1222 13408 2420 2421 13409 2421 2422 13410 1223 1223 13411 1222 1222 13412 2422 2423 13413 1223 1223 13414 2421 2422 13415 2422 2423 13416 1233 1233 13417 1223 1223 13418 1235 1235 13419 1233 1233 13420 2422 2423 13421 1235 1235 13422 1238 1238 13423 1233 1233 13424 1234 1234 13425 1238 1238 13426 1235 1235 13427 1234 1234 13428 1239 1239 13429 1238 1238 13430 2418 2419 13431 1239 1239 13432 1234 1234 13433 1409 1409 13434 1459 1459 13435 1410 1410 13436 1409 1409 13437 1457 1457 13438 1459 1459 13439 2094 2094 13440 1457 1457 13441 1409 1409 13442 2094 2094 13443 2121 2121 13444 1457 1457 13445 2092 2092 13446 2121 2121 13447 2094 2094 13448 2092 2092 13449 2120 2120 13450 2121 2121 13451 2090 2090 13452 2120 2120 13453 2092 2092 13454 2090 2090 13455 2119 2119 13456 2120 2120 13457 2106 2106 13458 2119 2119 13459 2090 2090 13460 2106 2106 13461 1417 1417 13462 2119 2119 13463 2087 2087 13464 1417 1417 13465 2106 2106 13466 2087 2087 13467 1414 1414 13468 1417 1417 13469 2086 2086 13470 1414 1414 13471 2087 2087 13472 2086 2086 13473 1335 1335 13474 1414 1414 13475 1419 1419 13476 1335 1335 13477 2086 2086 13478 1419 1419 13479 1136 1136 13480 1335 1335 13481 1418 1418 13482 1136 1136 13483 1419 1419 13484 1418 1418 13485 1142 1142 13486 1136 1136 13487 1439 1439 13488 1444 1444 13489 1384 1384 13490 1439 1439 13491 1296 1296 13492 1444 1444 13493 1420 1420 13494 1296 1296 13495 1439 1439 13496 1420 1420 13497 1435 1435 13498 1296 1296 13499 845 845 13500 1435 1435 13501 1420 1420 13502 845 845 13503 1433 1433 13504 1435 1435 13505 847 847 13506 1433 1433 13507 845 845 13508 847 847 13509 1436 1436 13510 1433 1433 13511 2118 2118 13512 1436 1436 13513 847 847 13514 2118 2118 13515 1213 1213 13516 1436 1436 13517 2117 2117 13518 1213 1213 13519 2118 2118 13520 2117 2117 13521 1214 1214 13522 1213 1213 13523 2113 2113 13524 1214 1214 13525 2117 2117 13526 2113 2113 13527 2097 2097 13528 1214 1214 13529 2114 2114 13530 2097 2097 13531 2113 2113 13532 2114 2114 13533 2104 2104 13534 2097 2097 13535</p>
        </triangles>
        <triangles material="s3c000m1_eyes_png-material" count="56">
          <input semantic="VERTEX" source="#mario-mesh-vertices" offset="0"/>
          <input semantic="NORMAL" source="#mario-mesh-normals" offset="1"/>
          <input semantic="TEXCOORD" source="#mario-mesh-map-0" offset="2" set="0"/>
          <p>2423 2424 13536 130 130 13537 132 132 13538 137 137 13539 133 133 13540 2424 2425 13541 2425 2426 13542 2131 2131 13543 2130 2130 13544 2426 2427 13545 2134 2134 13546 2133 2133 13547 2427 2428 13548 2428 2429 13549 2429 2430 13550 2428 2429 13551 2426 2427 13552 2429 2430 13553 2428 2429 13554 2427 2428 13555 2424 2425 13556 2427 2428 13557 2430 2431 13558 2424 2425 13559 139 139 13560 137 137 13561 2430 2431 13562 137 137 13563 2424 2425 13564 2430 2431 13565 2429 2430 13566 2426 2427 13567 2132 2132 13568 2426 2427 13569 2133 2133 13570 2132 2132 13571 2431 2432 13572 2129 2129 13573 2423 2424 13574 2129 2129 13575 130 130 13576 2423 2424 13577 2431 2432 13578 2423 2424 13579 2427 2428 13580 2423 2424 13581 2430 2431 13582 2427 2428 13583 135 135 13584 2428 2429 13585 133 133 13586 2428 2429 13587 2424 2425 13588 133 133 13589 2423 2424 13590 132 132 13591 2430 2431 13592 132 132 13593 139 139 13594 2430 2431 13595 2428 2429 13596 135 135 13597 2426 2427 13598 135 135 13599 2134 2134 13600 2426 2427 13601 2429 2430 13602 2132 2132 13603 2425 2426 13604 2132 2132 13605 2131 2131 13606 2425 2426 13607 2129 2129 13608 2431 2432 13609 2130 2130 13610 2431 2432 13611 2425 2426 13612 2130 2130 13613 2431 2432 13614 2427 2428 13615 2425 2426 13616 2427 2428 13617 2429 2430 13618 2425 2426 13619 120 120 13620 122 122 13621 2432 2433 13622 2433 2434 13623 125 125 13624 126 126 13625 2127 2127 13626 2126 2126 13627 2434 2435 13628 2124 2124 13629 2123 2123 13630 2435 2436 13631 2436 2437 13632 2435 2436 13633 2437 2438 13634 2435 2436 13635 2438 2439 13636 2437 2438 13637 2433 2434 13638 2439 2440 13639 2438 2439 13640 2439 2440 13641 2437 2438 13642 2438 2439 13643 2439 2440 13644 2433 2434 13645 128 128 13646 2433 2434 13647 126 126 13648 128 128 13649 2125 2125 13650 2124 2124 13651 2436 2437 13652 2124 2124 13653 2435 2436 13654 2436 2437 13655 2432 2433 13656 122 122 13657 2440 2441 13658 122 122 13659 2128 2128 13660 2440 2441 13661 2437 2438 13662 2439 2440 13663 2440 2441 13664 2439 2440 13665 2432 2433 13666 2440 2441 13667 125 125 13668 2433 2434 13669 123 123 13670 2433 2434 13671 2438 2439 13672 123 123 13673 2439 2440 13674 128 128 13675 2432 2433 13676 128 128 13677 120 120 13678 2432 2433 13679 2435 2436 13680 2123 2123 13681 2438 2439 13682 2123 2123 13683 123 123 13684 2438 2439 13685 2434 2435 13686 2126 2126 13687 2436 2437 13688 2126 2126 13689 2125 2125 13690 2436 2437 13691 2127 2127 13692 2434 2435 13693 2128 2128 13694 2434 2435 13695 2440 2441 13696 2128 2128 13697 2434 2435 13698 2436 2437 13699 2440 2441 13700 2436 2437 13701 2437 2438 13702 2440 2441 13703</p>
        </triangles>
        <triangles material="mario_mayu_png-material" count="96">
          <input semantic="VERTEX" source="#mario-mesh-vertices" offset="0"/>
          <input semantic="NORMAL" source="#mario-mesh-normals" offset="1"/>
          <input semantic="TEXCOORD" source="#mario-mesh-map-0" offset="2" set="0"/>
          <p>2441 2442 13704 2442 2443 13705 2443 2444 13706 2441 2442 13707 2443 2444 13708 2444 2445 13709 2445 2446 13710 2446 2447 13711 2447 2448 13712 2445 2446 13713 2447 2448 13714 2448 2449 13715 2443 2444 13716 2449 2450 13717 2444 2445 13718 2449 2450 13719 2450 2451 13720 2444 2445 13721 2442 2443 13722 2451 2452 13723 2443 2444 13724 2451 2452 13725 2449 2450 13726 2443 2444 13727 2449 2450 13728 2452 2453 13729 2450 2451 13730 2452 2453 13731 2453 2454 13732 2450 2451 13733 2451 2452 13734 2454 2455 13735 2449 2450 13736 2454 2455 13737 2452 2453 13738 2449 2450 13739 2452 2453 13740 2455 2456 13741 2453 2454 13742 2455 2456 13743 2456 2457 13744 2453 2454 13745 2454 2455 13746 2457 2458 13747 2452 2453 13748 2457 2458 13749 2455 2456 13750 2452 2453 13751 2455 2456 13752 2458 2459 13753 2456 2457 13754 2458 2459 13755 2459 2460 13756 2456 2457 13757 2457 2458 13758 2460 2461 13759 2455 2456 13760 2460 2461 13761 2458 2459 13762 2455 2456 13763 2458 2459 13764 2447 2448 13765 2459 2460 13766 2447 2448 13767 2446 2447 13768 2459 2460 13769 2460 2461 13770 2448 2449 13771 2458 2459 13772 2448 2449 13773 2447 2448 13774 2458 2459 13775 2461 2462 13776 2462 2463 13777 2463 2464 13778 2461 2465 13779 2463 2466 13780 2464 2467 13781 2465 2468 13782 2466 2469 13783 2467 2470 13784 2465 2471 13785 2467 2472 13786 2468 2473 13787 2463 2466 13788 2469 2474 13789 2464 2467 13790 2469 2474 13791 2470 2475 13792 2464 2467 13793 2462 2463 13794 2471 2476 13795 2463 2464 13796 2471 2476 13797 2469 2477 13798 2463 2464 13799 2469 2474 13800 2472 2478 13801 2470 2475 13802 2472 2478 13803 2473 2479 13804 2470 2475 13805 2471 2476 13806 2474 2480 13807 2469 2477 13808 2474 2480 13809 2472 2481 13810 2469 2477 13811 2472 2478 13812 2475 2482 13813 2473 2479 13814 2475 2482 13815 2476 2483 13816 2473 2479 13817 2474 2480 13818 2477 2484 13819 2472 2481 13820 2477 2484 13821 2475 2485 13822 2472 2481 13823 2475 2482 13824 2478 2486 13825 2476 2483 13826 2478 2486 13827 2479 2487 13828 2476 2483 13829 2477 2484 13830 2480 2488 13831 2475 2485 13832 2480 2488 13833 2478 2489 13834 2475 2485 13835 2478 2486 13836 2467 2470 13837 2479 2487 13838 2467 2470 13839 2466 2469 13840 2479 2487 13841 2480 2488 13842 2468 2473 13843 2478 2489 13844 2468 2473 13845 2467 2472 13846 2478 2489 13847 2481 2490 13848 2482 2491 13849 2483 2492 13850 2484 2493 13851 2481 2490 13852 2483 2492 13853 2485 2494 13854 2486 2495 13855 2487 2496 13856 2488 2497 13857 2485 2494 13858 2487 2496 13859 2484 2493 13860 2489 2498 13861 2481 2490 13862 2489 2498 13863 2490 2499 13864 2481 2490 13865 2481 2490 13866 2490 2499 13867 2482 2491 13868 2490 2499 13869 2491 2500 13870 2482 2491 13871 2489 2498 13872 2492 2501 13873 2490 2499 13874 2492 2501 13875 2493 2502 13876 2490 2499 13877 2490 2499 13878 2493 2502 13879 2491 2500 13880 2493 2502 13881 2494 2503 13882 2491 2500 13883 2492 2501 13884 2495 2504 13885 2493 2502 13886 2495 2504 13887 2496 2505 13888 2493 2502 13889 2493 2502 13890 2496 2505 13891 2494 2503 13892 2496 2505 13893 2497 2506 13894 2494 2503 13895 2495 2504 13896 2498 2507 13897 2496 2505 13898 2498 2507 13899 2499 2508 13900 2496 2505 13901 2496 2505 13902 2499 2508 13903 2497 2506 13904 2499 2508 13905 2500 2509 13906 2497 2506 13907 2498 2507 13908 2486 2495 13909 2499 2508 13910 2486 2495 13911 2485 2494 13912 2499 2508 13913 2499 2508 13914 2485 2494 13915 2500 2509 13916 2485 2494 13917 2488 2497 13918 2500 2509 13919 2501 2510 13920 2502 2511 13921 2503 2512 13922 2504 2513 13923 2501 2514 13924 2503 2515 13925 2505 2516 13926 2506 2517 13927 2507 2518 13928 2508 2519 13929 2505 2520 13930 2507 2521 13931 2504 2513 13932 2509 2522 13933 2501 2514 13934 2509 2522 13935 2510 2523 13936 2501 2514 13937 2501 2510 13938 2510 2524 13939 2502 2511 13940 2510 2524 13941 2511 2525 13942 2502 2511 13943 2509 2522 13944 2512 2526 13945 2510 2523 13946 2512 2526 13947 2513 2527 13948 2510 2523 13949 2510 2524 13950 2513 2528 13951 2511 2525 13952 2513 2528 13953 2514 2529 13954 2511 2525 13955 2512 2526 13956 2515 2530 13957 2513 2527 13958 2515 2530 13959 2516 2531 13960 2513 2527 13961 2513 2528 13962 2516 2532 13963 2514 2529 13964 2516 2532 13965 2517 2533 13966 2514 2529 13967 2515 2530 13968 2518 2534 13969 2516 2531 13970 2518 2534 13971 2519 2535 13972 2516 2531 13973 2516 2532 13974 2519 2536 13975 2517 2533 13976 2519 2536 13977 2520 2537 13978 2517 2533 13979 2518 2534 13980 2506 2517 13981 2519 2535 13982 2506 2517 13983 2505 2516 13984 2519 2535 13985 2519 2536 13986 2505 2520 13987 2520 2537 13988 2505 2520 13989 2508 2519 13990 2520 2537 13991</p>
        </triangles>
      </mesh>
    </geometry>
  </library_geometries>
  <library_controllers>
    <controller id="mario_skeleton_mario-skin" name="mario_skeleton">
      <skin source="#mario-mesh">
        <bind_shape_matrix>1 0 0 0 0 -4.37114e-8 -1 0 0 1 -4.37114e-8 0 0 0 0 1</bind_shape_matrix>
        <source id="mario_skeleton_mario-skin-joints">
          <Name_array id="mario_skeleton_mario-skin-joints-array" count="124">root root_motion mario_m0 MLOOP NOW root_body ske_body eff_body root_head ske_head eff_head mabuta eyelid1 eyelid2 eyelid3 mouth_bottom root_mayu_l mayu_l_frame1 mayu_l_frame2 root_mayu_r mayu_r_frame1 mayu_r_frame2 root_mouth ske_mouth eff_mouth root_L_shoulder ske_L_shoulder eff_L_shoulder root_L_arm ske_L_arm1 ske_L_arm2 eff_L_arm root_L_hand ske_L_hand eff_L_hand itemhook-l root_L_fing1 ske_L_fing11 ske_L_fing12 eff_L_fing1 root_L_fing2 ske_L_fing21 ske_L_fing22 eff_L_fing2 root_L_fing3 ske_L_fing31 ske_L_fing32 eff_L_fing3 root_L_fing4 ske_L_fing41 ske_L_fing42 eff_L_fing4 root_L_fing5 ske_L_fing51 ske_L_fing52 eff_L_fing5 root_R_shoulder Ske_R_shoulder eff_R_shoulder root_R_arm ske_R_arm1 ske_R_arm2 eff_R_arm root_R_hand ske_R_hand eff_R_hand itemhook-r root_R_fing1 ske_R_fing11 ske_R_fing12 eff_R_fing1 root_R_fing2 ske_R_fing21 ske_R_fing22 eff_R_fing2 root_R_fing3 ske_R_fing31 ske_R_fing32 eff_R_fing3 root_R_fing4 ske_R_fing41 ske_R_fing42 eff_R_fing4 root_R_fing5 ske_R_fing51 ske_R_fing52 eff_R_fing5 root_hip ske_hip eff_hip itemhook-body root_L_leg ske_L_leg1 ske_L_leg2 eff_L_leg root_L_shoe ske_L_shoe1 itemhook-fl ske_L_shoe2 eff_L_shoe root_R_leg ske_R_leg1 ske_R_leg2 eff_R_leg root_R_shoe ske_R_shoe1 itemhook-fr ske_R_shoe2 eff_R_shoe eyelid1_001 eyelid2_001 eyelid3_001 itemhook-body_001 itemhook-fl_001 itemhook-fr_001 itemhook-l_001 itemhook-r_001 mario_m0_8 mario_m0_9 mario_m0_10 mayu_l_frame1_001 mayu_l_frame2_001 mayu_r_frame1_001 mayu_r_frame2_001</Name_array>
          <technique_common>
            <accessor source="#mario_skeleton_mario-skin-joints-array" count="124" stride="1">
              <param name="JOINT" type="name"/>
            </accessor>
          </technique_common>
        </source>
        <source id="mario_skeleton_mario-skin-bind_poses">
          <float_array id="mario_skeleton_mario-skin-bind_poses-array" count="1984">1 0 0 0 0 0 1 2e-6 0 -1 0 0 0 0 0 1 1 0 0 -10e-7 0 0 1 -58.04 0 -1 0 4.02 0 0 0 1 1 0 0 0 0 0 1 3.8147e-6 0 -1 0 0 0 0 0 1 1 0 0 0 0 0 1 3.8147e-6 0 -1 0 0 0 0 0 1 1 0 0 0 0 0 1 3.8147e-6 0 -1 0 0 0 0 0 1 3.13916e-7 1 0 -4.002787 1.00705e-5 0 1 -59.14281 1 -3.13916e-7 -1.00705e-5 5.95856e-4 0 0 0 1 0 0.007573962 0.9999713 -59.17142 -3.64924e-7 -0.9999713 0.007574558 3.554688 1 -3.64548e-7 0 -2.5583e-6 0 0 0 1 4.28585e-7 0.00756675 0.9999713 -72.88645 -3.64924e-7 -0.9999715 0.007565855 3.555289 1 -3.68156e-7 -4.25812e-7 3.15009e-5 0 0 0 1 4.33126e-7 1 0 -1.038049 0 0 1 -99.15464 1 -4.33126e-7 0 1.24812e-6 0 0 0 1 -3.13501e-6 -0.9982569 -0.01610797 2.633426 0 0.01611196 -0.9998703 99.12504 1 -3.13939e-6 0 1.13288e-5 0 0 0 1 -3.25566e-6 -0.9982569 -0.01611495 -40.445 0 0.0161153 -0.9998701 99.1243 1 -3.25983e-6 0 -1.07253e-4 0 0 0 1 1.001264 -5.30603e-7 -3.30854e-7 3.78561e-7 2.07234e-5 -8.04948e-6 1 -7.62923e-6 -5.63528e-7 -0.998387 1.81567e-5 1.93996e-5 0 0 0 1 1.001264 -5.53492e-7 -3.33654e-7 3.80858e-7 2.07262e-5 -8.27666e-6 1 -1.16253e-5 -5.86487e-7 -0.998387 1.79291e-5 -0.01129716 0 0 0 1 1.001264 -5.53492e-7 -3.33654e-7 3.80351e-7 2.07262e-5 -8.27623e-6 1 -1.14448e-5 -5.86487e-7 -0.998387 1.79295e-5 -0.00375235 0 0 0 1 1.001264 -5.53492e-7 -3.33654e-7 3.80858e-7 2.07262e-5 -8.27666e-6 1 -1.16253e-5 -5.86487e-7 -0.998387 1.79291e-5 -0.01129716 0 0 0 1 1.000916 -4.66102e-7 -3.34413e-7 3.06551e-5 1.50874e-5 -2.83609e-5 1 -92.84243 -4.87442e-7 -0.9983869 -2.6226e-6 -22.61099 0 0 0 1 1.000344 -4.97098e-7 -3.32374e-7 3.78213e-7 5.87062e-6 -2.2802e-5 1 -7.62895e-6 -4.99361e-7 -0.998387 3.37438e-6 1.93997e-5 0 0 0 1 1.000344 -5.92813e-7 -4.19964e-7 1.05372e-5 5.95824e-6 -2.18155e-5 1 -116.3712 -5.95259e-7 -0.998387 4.36252e-6 -1.46639e-4 0 0 0 1 1.000344 -1.06329e-6 -3.32668e-7 3.78712e-7 5.87092e-6 -2.19373e-5 1 -118.275 -1.06666e-6 -0.998387 4.24052e-6 -1.32933e-4 0 0 0 1 1.000344 -4.97098e-7 -3.32374e-7 3.78213e-7 5.87062e-6 -2.2802e-5 1 -7.62895e-6 -4.99361e-7 -0.998387 3.37438e-6 1.93997e-5 0 0 0 1 -1.000344 8.85886e-7 2.45375e-7 9.77974e-6 5.7836e-6 -2.18155e-5 1 -116.3712 8.88904e-7 0.998387 -4.36252e-6 1.46638e-4 0 0 0 1 -1.000344 -1.29718e-7 1.40617e-7 -6.7126e-7 5.6788e-6 -2.19373e-5 1 -118.275 -1.28692e-7 0.998387 -4.24052e-6 1.32933e-4 0 0 0 1 4.54119e-7 0.9984415 -8.41916e-7 -2.004565 0 -2.3598e-5 1 -98.97733 1 -4.62488e-7 0 -4.34373e-6 0 0 0 1 -3.59912e-7 -0.9789277 -0.1967445 21.43871 1.48637e-7 0.1964597 -0.9804555 96.64838 1 -3.90601e-7 0 -1.01889e-6 0 0 0 1 -3.63686e-7 -0.9789257 -0.1967512 3.842696 1.48641e-7 0.1964691 -0.9804536 96.63811 1 -3.94296e-7 0 3.9815e-7 0 0 0 1 1.002963 0 3.8743e-7 -2.949496 -2.24418e-5 1 0 -3.098855 3.02046e-6 0 1 -79.91214 0 0 0 1 1.002878 0.01292973 4.73112e-7 -2.989324 -0.01299041 0.9999167 0 -3.060459 5.20968e-7 0 1 -79.91214 0 0 0 1 1.002878 0.01292967 8.79168e-7 -17.16097 -0.01299041 0.9999166 0 -3.059063 -1.19078e-6 0 1 -79.91214 0 0 0 1 1.002962 -5.11877e-7 -1.3411e-7 -17.2907 -2.19322e-5 1 0 -3.368669 -2.97725e-7 0 1 -79.92004 0 0 0 1 1.002473 0.03123176 -1.96695e-6 -17.38734 -0.03134673 0.9995123 0 -2.826994 1.1909e-6 0 1 -79.92008 0 0 0 1 1.002478 -0.03112286 -3.03984e-6 -30.6286 0.03119266 0.9995157 0 -4.742371 2.97726e-6 0 1 -79.92012 0 0 0 1 1.002477 -0.03112113 4.17232e-7 -43.0113 0.03119093 0.9995158 0 -4.744294 -8.93175e-7 0 1 -79.91998 0 0 0 1 1.002963 -9.20426e-5 2.14577e-6 -45.42724 -2.38178e-6 7.64623e-7 1 -79.91943 -6.9878e-5 -1 9.20147e-7 3.283082 0 0 0 1 1.002963 -4.22478e-7 3.62754e-4 -45.45636 -3.64189e-4 6.77136e-7 0.9999999 -79.90303 2.20082e-5 -1 8.3074e-7 3.278931 0 0 0 1 1.002962 -1.51864e-7 3.62694e-4 -59.17633 -3.64189e-4 6.82814e-7 0.9999999 -79.90303 2.22898e-5 -1 8.3819e-7 3.278611 0 0 0 1 1.002962 -1.51863e-7 3.64482e-4 -58.7279 -3.65943e-4 6.77137e-7 0.9999999 -85.12307 2.22886e-5 -1 8.3074e-7 2.943718 0 0 0 1 1.002963 -4.22476e-7 3.65555e-4 -55.29113 -2.20261e-5 1 -8.34465e-7 8.849771 -3.66772e-4 6.77137e-7 1 -75.82176 0 0 0 1 0.8662469 -0.5040465 2.54095e-4 -52.20965 0.5055203 0.8636769 1.80513e-4 -20.2257 -3.11565e-4 -2.81058e-5 0.9999999 -75.82505 0 0 0 1 0.8952727 -0.4508136 3.93271e-4 -58.3916 0.4521291 0.8926184 1.6661e-4 -16.73366 -4.27759e-4 2.84207e-5 0.9999998 -75.81748 0 0 0 1 0.8952751 -0.4508091 3.99053e-4 -65.1594 0.4521245 0.8926209 1.66595e-4 -16.74932 -4.32911e-4 3.09979e-5 1 -75.81712 0 0 0 1 1.002962 -1.51864e-7 3.62754e-4 -61.14822 -3.64243e-4 6.77136e-7 1 -84.39866 2.22876e-5 -1 8.34465e-7 -5.133557 0 0 0 1 1.002119 -0.001600146 0.04097026 -64.53318 -0.04109191 8.33106e-5 0.9991604 -81.84554 -0.001584529 -0.9999988 1.78367e-5 -5.037069 0 0 0 1 1.001716 -0.001605808 -0.04980909 -63.65861 0.04995644 -6.39073e-5 0.9987588 -87.9794 -0.001589298 -0.9999989 1.63093e-5 -5.036737 0 0 0 1 1.001716 -0.001605808 -0.04980897 -72.15356 0.04995608 -6.39088e-5 0.9987589 -87.98187 -0.001589298 -0.9999989 1.63093e-5 -5.036846 0 0 0 1 1.002963 -1.51898e-7 3.66211e-4 -61.60773 -3.67538e-4 2.42422e-7 1 -85.71701 2.22874e-5 -1 3.95812e-7 0.3585917 0 0 0 1 1.00295 -1.54325e-7 -0.004966914 -61.14971 0.00498116 3.43728e-7 0.9999878 -86.04435 2.22875e-5 -1 4.97326e-7 0.358583 0 0 0 1 1.00295 -1.54327e-7 -0.004966139 -68.73709 0.004980504 3.44312e-7 0.9999877 -86.0445 2.22874e-5 -1 4.98258e-7 0.3584132 0 0 0 1 1.00295 -1.54327e-7 -0.00496608 -78.35025 0.004980385 3.43994e-7 0.9999877 -86.04474 2.22875e-5 -1 4.97792e-7 0.3581981 0 0 0 1 1.002963 -1.51864e-7 3.62754e-4 -61.36587 -3.64195e-4 6.77136e-7 0.9999999 -85.53191 2.22967e-5 -1 8.34465e-7 6.158563 0 0 0 1 1.002838 -1.40203e-7 0.01577985 -62.67723 -0.015827 1.02045e-6 0.9998754 -84.57566 2.22875e-5 -1 1.16974e-6 6.158535 0 0 0 1 1.002601 -1.70101e-7 -0.02683061 -66.06336 0.02690953 0 0.9996399 -87.4688 2.22811e-5 -1 2.38419e-7 6.158457 0 0 0 1 1.002602 -1.7012e-7 -0.0268287 -75.07923 0.02690792 0 0.99964 -87.47017 2.22697e-5 -1 2.16067e-7 6.158258 0 0 0 1 1.002962 -1.52005e-7 3.60966e-4 -60.8855 -3.62338e-4 6.77135e-7 1 -84.248 2.22868e-5 -1 8.34465e-7 11.59858 0 0 0 1 1.001625 -1.34747e-7 0.05162924 -65.12474 -0.05178266 9.52524e-7 0.9986663 -81.01575 2.22651e-5 -1 1.08778e-6 11.59856 0 0 0 1 1.002591 -1.59798e-7 -0.02720749 -63.39822 0.02728784 -7.96636e-7 0.9996297 -86.277 2.22651e-5 -1 -6.4075e-7 11.5986 0 0 0 1 1.002591 -1.59855e-7 -0.02720665 -69.81497 0.02728688 -8.04808e-7 0.9996297 -86.27793 2.22786e-5 -1 -6.4075e-7 11.59845 0 0 0 1 0.9988037 0 3.91155e-7 2.947041 9.13265e-6 1 0 -3.095358 3.09022e-6 0 1 -79.91606 0 0 0 1 -1.000324 0.01187425 -4.5076e-7 -2.988278 -0.01186913 -0.9999295 0 3.060146 1.0792e-6 0 1 -79.91606 0 0 0 1 -1.000324 0.01187592 -9.38773e-7 -17.1178 -0.01187074 -0.9999297 0 3.060118 -8.93132e-7 0 1 -79.91607 0 0 0 1 1.000611 8.71964e-4 -7.30157e-7 17.32487 -8.84693e-4 0.9999997 0 -3.381473 1.48864e-6 0 1 -79.92075 0 0 0 1 -1.000042 0.0313546 -2.27988e-6 -17.42325 -0.03136146 -0.9995084 0 2.821406 -1.78637e-6 0 0.9999999 -79.92079 0 0 0 1 -0.9998857 -0.03597396 1.3113e-6 -30.5745 0.03600305 -0.9993528 0 4.88952 1.48864e-6 0 1 -79.9207 0 0 0 1 -0.9998859 -0.03597223 -2.38419e-6 -42.87765 0.03600132 -0.9993528 0 4.89004 -2.0841e-6 -1.20952e-7 1 -79.92084 0 0 0 1 1.000447 8.77192e-4 -2.32458e-6 45.31083 -8.9061e-4 0.9999997 0 -3.320359 2.38178e-6 0 1 -79.91938 0 0 0 1 -1.000427 -0.004926621 2.24173e-4 -45.31438 0.00494188 -0.9999878 0 3.503819 2.24306e-4 1.05992e-6 1 -79.90933 0 0 0 1 -1.000427 -0.004926621 2.24233e-4 -58.99985 0.00494188 -0.9999879 0 3.504016 2.24455e-4 1.06167e-6 1 -79.90933 0 0 0 1 1.000436 -3.793e-4 0.002450168 58.35606 -0.002451241 -1.29875e-5 0.9999973 -85.31094 -3.66349e-4 -1 -1.40034e-5 2.911697 0 0 0 1 1.006189 -3.49374e-4 0.002458751 55.25161 3.64762e-4 0.9999999 1.35526e-5 8.867569 -0.002477884 -1.27816e-5 0.999997 -75.97837 0 0 0 1 -0.8678163 -0.5061041 -0.002292692 -52.12119 0.5092253 -0.8624722 0.001220345 20.33426 -0.002614855 -1.07851e-4 0.9999967 -75.98672 0 0 0 1 -0.9052454 -0.4365722 -8.48711e-4 -58.72785 0.4392629 -0.8996691 0.00102663 15.79298 -0.001222908 5.5307e-4 0.9999992 -75.89676 0 0 0 1 -0.9052428 -0.4365777 -8.34703e-4 -65.51397 0.4392684 -0.8996664 0.00102663 15.82609 -0.00121051 5.59108e-4 0.9999992 -75.89604 0 0 0 1 1.000436 4.93898e-4 0.002441465 60.76011 -0.002442538 -1.3715e-5 0.9999971 -84.56951 5.07221e-4 -0.9999999 -1.25319e-5 -5.10019 0 0 0 1 -0.9997709 -0.002636075 0.03936177 -64.25962 -0.03937947 -6.43087e-6 -0.9992251 81.95572 0.002648234 -0.9999964 -9.73418e-5 -4.962543 0 0 0 1 -0.9970706 -4.94126e-4 -0.08331632 -60.50135 0.08336579 3.14597e-4 -0.9965232 90.0447 5.31402e-4 -0.9999997 -2.72349e-4 -5.091038 0 0 0 1 -0.9970703 -4.9302e-4 -0.08331805 -68.97572 0.08336752 3.14595e-4 -0.996523 90.04557 5.30299e-4 -0.9999997 -2.72434e-4 -5.090926 0 0 0 1 1.000436 4.94066e-4 0.002443194 61.21162 -0.002444028 -1.37329e-5 0.9999971 -85.88935 5.07394e-4 -0.9999998 -1.25379e-5 0.3921906 0 0 0 1 -1.000503 -2.09731e-4 -0.007529795 -60.77972 0.007532954 1.61808e-5 -0.9999716 86.1996 2.22996e-4 -1 -1.46134e-5 0.3749081 0 0 0 1 -1.000476 -4.2035e-4 -0.01050829 -68.09148 0.01051294 1.67942e-5 -0.9999449 86.40288 4.33764e-4 -1 -1.2388e-5 0.389336 0 0 0 1 -1.000476 -4.20777e-4 -0.01050835 -77.68135 0.01051282 1.67933e-5 -0.9999448 86.40293 4.34192e-4 -1 -1.23833e-5 0.3895721 0 0 0 1 1.000436 4.939e-4 0.002441465 60.96848 -0.00244224 -1.41075e-5 0.9999974 -85.70319 5.0723e-4 -0.9999998 -1.2964e-5 6.192098 0 0 0 1 -0.9992706 -2.07627e-4 0.01356858 -62.26868 -0.01357185 6.2496e-6 -0.9999084 84.71629 2.20928e-4 -1 -9.13441e-6 6.174262 0 0 0 1 -0.9983224 -4.55635e-4 -0.04562705 -64.15957 0.04558575 2.02246e-5 -0.998959 88.66857 4.69321e-4 -1 5.21541e-7 6.19019 0 0 0 1 -0.9983224 -4.55194e-4 -0.04562699 -73.14296 0.04558581 2.0222e-5 -0.9989589 88.66799 4.68888e-4 -1 5.06639e-7 6.190419 0 0 0 1 1.000436 4.9383e-4 0.002443134 60.49028 -0.002444148 -1.36137e-5 0.9999974 -84.4179 5.0717e-4 -1 -1.25468e-5 11.63181 0 0 0 1 -0.9993193 -3.68634e-4 0.04890823 -64.75135 -0.04892998 -1.16291e-5 -0.9988036 81.2005 3.81981e-4 -1 -6.54161e-6 11.6237 0 0 0 1 -0.9986394 -4.73176e-4 -0.06122541 -60.26007 0.06126052 2.52185e-5 -0.9981243 88.36308 4.87113e-4 -0.9999999 3.68059e-6 11.6299 0 0 0 1 -0.9986392 -4.72933e-4 -0.06122624 -66.66102 0.06126141 2.51968e-5 -0.9981244 88.36355 4.86846e-4 -0.9999999 3.66569e-6 11.62988 0 0 0 1 3.13917e-7 1 0 -3.95501 1.00705e-5 0 1 -57.22903 1 -3.13916e-7 -1.00705e-5 5.76568e-4 0 0 0 1 1.80954e-7 0 -1 57.22902 3.71382e-7 1 0 -3.955011 1 -3.71382e-7 1.80954e-7 -9.88696e-6 0 0 0 1 1.80953e-7 0 -1 42.06095 3.71381e-7 1 0 -3.955016 1 -3.71381e-7 1.80954e-7 -7.14219e-6 0 0 0 1 1 -1.19211e-7 -2.38421e-7 1.47741e-5 2.32071e-7 6.04232e-6 1 -60 0 -1 6.04232e-6 -3.65639e-4 0 0 0 1 3.12924e-7 1 0 -1.708068 0 0 1 -50.34141 1 -3.13916e-7 1.93715e-7 -11.34 0 0 0 1 3.75289e-7 -0.03410953 -0.999418 50.37037 0 0.9994181 -0.03410965 0.01006031 1 0 4.32134e-7 -11.34001 0 0 0 1 4.56947e-7 0.02647209 -0.9996495 30.6652 0 0.9996497 0.02647203 -1.850298 1 0 4.47035e-7 -11.34 0 0 0 1 3.95812e-7 0.02647554 -0.9996494 -0.02796298 0.01999872 0.9994495 0.02647018 -2.076824 0.9998 -0.01999169 -5.2908e-4 -11.30072 0 0 0 1 4.32134e-7 1 5.81145e-7 -1.373249 0 -6.21131e-7 1 -16.1508 1 -4.33126e-7 0 -11.34001 0 0 0 1 7.59959e-7 -0.8824605 -0.470388 8.808962 0 0.4703879 -0.8824597 13.60648 1 7.15256e-7 3.57628e-7 -11.34001 0 0 0 1 0.9999993 -3.31026e-7 0 -11.33998 -3.6601e-7 -1.98086e-6 0.9999999 -0.02102458 -3.27826e-7 -1.000001 -2.33849e-6 1.850497 0 0 0 1 -1.144e-5 -0.9998655 0.01644122 -12.14056 0 -0.01644146 -0.9998649 8.827147 1 -1.15037e-5 2.30037e-7 -11.34014 0 0 0 1 -1.10932e-5 -0.9998656 0.01644295 -24.15675 0 -0.01644325 -0.9998648 8.827114 1 -1.09375e-5 1.80211e-7 -11.34026 0 0 0 1 3.12924e-7 1 0 -1.70807 0 0 1 -50.34141 1 -3.13916e-7 1.93715e-7 11.33999 0 0 0 1 3.75289e-7 -0.03410953 -0.9994179 50.37038 0 0.9994181 -0.03410965 0.01005059 1 0 4.47035e-7 11.33998 0 0 0 1 4.56947e-7 0.02647554 -0.9996494 30.6652 0 0.9996495 0.02647548 -1.850414 1 0 4.76837e-7 11.33998 0 0 0 1 4.33531e-7 0.02647906 -0.9996493 -0.02796411 0 0.9996495 0.02647894 -1.850418 1 0 4.32994e-7 11.34 0 0 0 1 3.12924e-7 1 3.45692e-4 -1.378824 0 -3.45697e-4 1 -16.15033 1 -3.13928e-7 0 11.34 0 0 0 1 4.76837e-7 -0.8822984 -0.4706922 8.813676 0 0.4706922 -0.8822976 13.60344 1 4.17232e-7 1.78814e-7 11.34 0 0 0 1 0.9999994 -2.17544e-7 0 11.33999 -2.16183e-7 -5.13991e-6 1 -0.02102345 -2.08616e-7 -1.000001 -5.55714e-6 1.850501 0 0 0 1 -8.22025e-6 -0.9998712 0.01609653 -12.13519 0 -0.01609706 -0.9998705 8.826759 1 -8.40425e-6 0 11.3399 0 0 0 1 -8.76437e-6 -0.9998713 0.01609653 -24.15135 0 -0.01609694 -0.9998705 8.826754 1 -8.91089e-6 1.42958e-7 11.3398 0 0 0 1 1 0 0 0 0 0 1 0 0 -1 0 0 0 0 0 1 1 0 0 0 0 0 1 0 0 -1 0 0 0 0 0 1 1 0 0 0 0 0 1 0 0 -1 0 0 0 0 0 1 1 0 0 0 0 0 1 0 0 -1 0 0 0 0 0 1 1 0 0 0 0 0 1 0 0 -1 0 0 0 0 0 1 1 0 0 0 0 0 1 0 0 -1 0 0 0 0 0 1 1 0 0 0 0 0 1 0 0 -1 0 0 0 0 0 1 1 0 0 0 0 0 1 0 0 -1 0 0 0 0 0 1 1 0 0 0 0 0 1 0 0 -1 0 0 0 0 0 1 1 0 0 0 0 0 1 0 0 -1 0 0 0 0 0 1 1 0 0 0 0 0 1 0 0 -1 0 0 0 0 0 1 1 0 0 0 0 0 1 0 0 -1 0 0 0 0 0 1 1 0 0 0 0 0 1 0 0 -1 0 0 0 0 0 1 1 0 0 0 0 0 1 0 0 -1 0 0 0 0 0 1 1 0 0 0 0 0 1 0 0 -1 0 0 0 0 0 1</float_array>
          <technique_common>
            <accessor source="#mario_skeleton_mario-skin-bind_poses-array" count="124" stride="16">
              <param name="TRANSFORM" type="float4x4"/>
            </accessor>
          </technique_common>
        </source>
        <source id="mario_skeleton_mario-skin-weights">
          <float_array id="mario_skeleton_mario-skin-weights-array" count="2708">1 1 1 1 1 1 1 1 1 1 1 1 1 1 1 1 1 1 1 1 1 1 1 1 1 1 1 1 1 1 1 1 1 1 1 1 1 1 1 1 1 1 1 1 1 1 1 1 1 1 1 1 1 1 1 1 1 1 1 1 1 1 1 1 1 1 1 1 1 1 1 1 1 1 1 1 1 1 1 1 1 1 1 1 1 1 1 1 1 1 1 1 1 1 1 1 1 1 1 1 1 1 1 1 1 1 1 1 1 1 1 1 1 1 1 1 1 1 1 1 1 1 1 1 1 1 1 1 1 1 1 1 1 1 1 1 1 1 1 1 1 1 1 1 1 1 1 1 1 1 1 1 1 1 1 1 1 1 1 1 1 1 1 1 1 1 1 1 1 1 1 1 1 1 1 0.5 0.5 0.5 0.5 1 0.5 0.5 1 0.5 0.5 1 1 1 1 0.5 0.5 1 0.8 0.2 1 1 1 1 1 1 1 1 0.5 0.5 1 1 1 1 1 1 1 1 1 1 1 1 1 1 1 1 1 1 1 1 1 1 1 1 1 1 1 1 1 1 0.5 0.5 1 1 1 1 1 1 1 1 1 1 1 1 1 1 1 0.5 0.5 1 1 1 1 1 1 1 1 1 1 1 1 1 1 1 1 1 1 1 1 1 1 1 1 1 1 1 1 1 1 1 1 1 1 1 0.5 0.5 1 0.5 0.5 1 1 1 1 0.8 0.2 1 1 0.8 0.2 1 1 1 1 1 1 1 1 1 1 1 1 1 1 1 1 1 1 1 1 1 1 1 1 1 1 1 1 1 0.8 0.2 1 1 1 1 1 1 1 1 1 1 1 1 1 1 1 1 1 1 1 1 1 1 1 1 1 1 1 1 1 1 1 1 1 1 1 1 1 1 1 1 1 1 1 1 1 1 1 1 1 1 1 1 1 1 1 1 1 1 1 1 1 1 1 1 1 1 1 1 1 1 1 0.5 0.5 1 1 1 1 1 1 1 0.5 0.5 0.5 0.5 0.5 0.5 1 1 0.5 0.5 1 0.5 0.5 0.1 0.9 0.5 0.5 0.1 0.9 0.5 0.5 0.5 0.5 1 1 1 1 1 1 1 1 1 1 1 1 1 1 1 1 1 1 1 1 1 1 1 1 1 1 1 0.1 0.9 1 1 1 1 1 1 1 1 1 1 1 1 1 1 0.1 0.9 1 1 1 1 1 1 1 1 1 1 1 1 1 1 1 1 1 1 1 1 1 1 1 1 1 1 1 1 1 1 1 1 1 1 1 1 1 1 1 1 1 1 1 1 1 1 1 1 1 1 1 1 1 1 1 1 1 1 1 1 1 1 1 1 1 1 1 1 1 1 1 1 1 1 1 1 1 1 1 1 1 1 1 1 1 1 1 1 1 1 1 1 1 1 1 1 1 1 1 1 1 1 1 1 1 1 1 1 1 1 1 1 1 1 1 1 1 1 1 1 1 1 1 1 1 1 1 1 1 1 1 1 1 1 1 1 1 1 1 1 1 1 1 1 1 1 1 1 1 1 1 1 1 1 1 1 1 1 1 1 1 1 1 1 1 1 1 1 1 1 1 1 1 1 1 1 1 1 1 1 1 1 1 1 1 1 1 1 1 1 1 1 1 1 1 1 1 1 1 1 1 1 1 1 1 1 1 1 1 1 1 1 1 1 1 1 1 1 1 1 1 1 1 1 1 1 1 1 1 1 1 1 1 1 1 1 1 1 1 1 1 1 1 1 1 1 1 1 1 1 1 1 1 1 1 1 1 1 1 1 1 1 1 1 1 1 1 1 1 1 1 1 1 1 1 1 1 1 1 1 1 1 1 1 1 1 1 1 1 1 1 1 1 1 1 1 1 1 1 1 1 1 1 1 1 1 1 1 1 1 1 1 1 1 1 0.5 0.5 1 1 1 1 1 1 1 1 1 1 1 1 1 1 1 1 1 1 1 1 0.5 0.5 1 1 1 1 1 1 1 1 1 1 0.5 0.5 0.5 0.5 1 0.5 0.5 1 1 1 1 1 1 1 1 1 1 1 1 1 1 1 1 1 1 1 1 1 1 1 1 1 1 1 1 1 1 1 1 1 1 1 1 1 1 1 1 0.5 0.5 0.5 0.5 1 0.5 0.5 1 0.5 0.5 1 1 1 0.5 0.5 0.8 0.2 1 0.8 0.2 1 0.5 0.5 1 1 1 0.8 0.2 0.5 0.5 1 1 1 1 1 1 1 1 1 1 1 1 1 1 1 1 1 1 1 1 1 1 1 1 1 1 1 0.5 0.5 1 1 1 1 0.5 0.5 1 1 1 1 1 1 1 1 1 1 0.5 0.5 1 1 1 1 1 1 1 1 1 1 1 1 1 1 1 1 1 1 1 1 1 1 1 1 1 1 1 1 1 1 1 1 1 0.5 0.5 1 0.2 0.8 1 1 1 0.5 0.5 1 1 1 1 0.8 0.2 1 1 1 1 1 1 1 1 1 1 1 1 1 1 1 1 1 1 1 1 1 0.5 0.5 1 1 0.8 0.2 1 1 1 1 1 1 1 1 1 1 1 1 1 1 1 1 1 1 1 1 1 1 1 1 1 1 1 1 1 1 1 1 1 1 1 1 1 1 1 1 1 1 1 1 1 1 1 1 1 1 1 1 1 1 1 1 1 1 1 1 1 1 1 1 1 1 1 1 1 1 1 1 1 1 1 1 1 1 1 1 1 1 1 0.5 0.5 1 1 1 1 1 0.1 0.9 1 1 0.5 0.5 0.1 0.9 0.5 0.5 0.1 0.9 1 1 1 1 1 1 1 1 1 1 1 1 1 1 1 1 1 1 1 1 0.1 0.9 1 1 1 1 1 1 1 1 1 1 1 1 1 0.1 0.9 1 1 1 1 1 1 1 1 1 1 1 1 1 1 1 1 1 1 1 1 1 1 1 1 1 1 0.5 0.5 1 1 1 0.5 0.5 1 1 1 1 0.5 0.5 1 1 1 1 1 1 1 1 0.5 0.5 1 0.5 0.5 1 1 1 1 1 1 1 1 1 1 1 1 1 1 1 1 1 1 1 1 1 1 1 1 1 1 1 1 0.5 0.5 0.5 0.5 1 1 1 1 1 1 1 1 1 1 1 1 1 1 1 1 1 1 1 1 1 1 1 1 1 1 1 1 1 1 1 1 1 1 1 1 1 1 0.5 0.5 1 1 1 1 1 1 1 1 1 1 1 1 1 1 1 1 0.5 0.5 1 1 1 1 1 1 1 1 1 1 1 1 1 1 1 1 1 1 1 1 1 1 1 1 1 1 1 1 1 1 1 1 1 1 1 1 1 1 1 1 1 1 1 1 1 1 1 1 1 1 1 1 1 1 1 1 1 1 1 1 1 1 1 1 1 1 1 1 1 1 1 1 1 1 1 1 1 1 1 1 1 1 1 1 1 1 1 1 1 1 1 1 1 1 1 1 1 1 1 1 1 1 1 1 1 1 1 1 1 1 1 1 1 1 1 1 1 1 1 1 1 1 1 1 1 1 1 1 1 1 1 1 1 1 1 1 1 1 1 1 1 1 1 1 1 1 1 1 1 1 1 1 1 1 1 1 1 1 1 1 1 1 1 1 1 1 0.5 0.5 1 0.5 0.5 1 1 1 1 1 1 1 1 1 1 1 1 1 1 1 1 1 0.5 0.5 1 1 1 1 1 1 1 1 1 1 0.5 0.5 0.5 0.5 1 0.5 0.5 1 1 1 1 1 1 1 1 1 1 1 1 0.5 0.5 1 0.5 0.5 1 1 1 1 1 1 1 1 1 1 1 1 1 1 1 1 1 1 1 1 1 1 1 1 1 1 1 1 1 1 1 1 1 1 1 1 1 1 1 1 0.5 0.5 0.8 0.2 1 0.5 0.5 1 0.5 0.5 1 1 1 1 1 1 1 1 0.5 0.5 0.5 0.5 1 1 1 1 1 1 1 1 1 1 1 1 1 1 1 1 1 1 1 0.5 0.5 1 1 1 1 1 1 1 1 1 1 1 1 1 1 1 1 1 1 1 1 1 1 1 1 0.5 0.5 1 1 1 0.2 0.8 0.2 0.8 0.2 0.8 1 1 1 1 1 1 1 1 1 1 1 1 0.5 0.5 0.5 0.5 0.5 0.5 0.5 0.5 0.5 0.5 0.5 0.5 0.8 0.2 1 0.8 0.2 0.8 0.2 0.8 0.2 1 0.8 0.2 1 1 1 1 1 1 1 1 1 1 1 1 1 1 1 1 1 1 1 1 1 1 1 1 1 1 1 1 1 1 1 1 1 1 1 1 1 1 1 1 1 1 1 0.5 0.5 0.5 0.5 1 1 1 1 1 0.1 0.9 1 1 1 1 1 1 1 1 1 1 1 1 1 1 1 1 1 1 1 1 1 1 1 0.1 0.9 1 1 1 1 1 1 1 1 1 1 1 1 1 1 1 1 1 0.5 0.5 0.5 0.5 1 1 1 1 1 1 1 1 1 1 1 1 1 1 1 1 1 1 1 1 1 1 1 1 1 1 1 1 1 1 1 1 1 1 1 1 1 1 1 1 1 1 1 1 1 1 1 1 1 1 1 1 1 1 1 1 1 1 1 1 1 1 1 1 1 1 1 1 1 1 1 1 1 1 1 1 1 1 1 1 1 1 0.5 0.5 1 0.5 0.5 1 0.5 0.5 0.5 0.5 1 1 0.8 0.2 0.8 0.2 0.8 0.2 1 1 1 1 1 1 1 1 1 1 1 1 1 1 1 0.5 0.5 1 1 1 0.8 0.2 1 1 1 1 1 0.8 0.2 0.5 0.5 0.5 0.5 1 1 1 1 1 1 1 1 1 1 1 1 1 1 1 0.5 0.5 1 0.5 0.5 1 0.5 0.5 1 1 1 1 1 1 1 1 1 1 0.5 0.5 0.5 0.5 0.8 0.2 0.8 0.2 1 1 1 1 0.5 0.5 1 1 1 1 1 1 1 1 1 1 1 1 1 0.5 0.5 1 1 1 1 1 0.5 0.5 1 0.5 0.5 1 1 1 1 1 1 1 1 1 1 1 1 1 1 1 1 1 1 1 1 0.5 0.5 1 1 1 1 1 1 1 1 1 1 1 1 1 1 1 1 0.5 0.5 0.5 0.5 1 1 0.5 0.5 0.5 0.5 1 1 1 1 0.2 0.8 1 1 1 1 0.8 0.2 1 1 0.5 0.5 0.5 0.5 1 1 1 1 1 1 1 1 1 1 1 1 1 1 1 1 1 1 1 1 1 1 1 1 1 1 1 1 1 1 1 0.5 0.5 0.5 0.5 1 1 0.1 0.9 1 0.5 0.5 0.5 0.5 0.5 0.5 1 1 1 1 1 1 1 1 1 1 1 1 1 1 1 1 1 1 1 1 1 0.1 0.9 1 1 1 1 1 1 1 1 1 1 1 1 1 1 1 1 1 1 1 1 1 1 1 1 0.5 0.5 0.5 0.5 1 1 1 1 1 1 1 1 1 1 1 1 1 1 1 1 1 1 1 1 1 1 1 1 1 1 1 1 1 1 1 1 1 1 1 1 1 1 1 1 1 1 1 1 1 1 1 1 1 1 1 1 1 1 1 1 1 1 1 1 1 1 1 1 1 1 1 1 1 1 1 1 1 1 1 0.8 0.2 0.8 0.2 1 0.8 0.2 1 1 1 1 1 1 1 1 1 1 1 1 1 1 0.5 0.5 1 0.8 0.2 1 1 1 1 1 1 0.8 0.2 1 0.5 0.5 0.5 0.5 0.5 0.5 0.5 0.5 0.5 0.5 0.5 0.5 1 1 1 1 1 1 1 1 1 1 1 1 1 1 1 1 1 1 1 1 1 1 1 1 1 1 1 1 1 1 1 1 1 1 1 0.5 0.5 1 0.5 0.5 1 0.5 0.5 1 0.5 0.5 0.5 0.5 1 1 1 1 1 1 1 1 1 1 1 1 1 0.5 0.5 0.8 0.2 1 1 1 1 1 1 1 1 1 1 1 1 1 1 1 1 1 1 1 1 1 1 1 1 1 1 1 1 1 1 1 1 1 1 1 1 1 1 1 1 1 1 0.5 0.5 1 1 0.5 0.5 1 1 1 1 1 1 1 1 0.1 0.9 1 0.1 0.9 0.5 0.5 1 0.5 0.5 1 1 1 1 0.5 0.5 0.1 0.9 1 1 1 1 1 1 1 1 1 1 1 1 1 1 1 1 1 1 1 1 1 1 0.5 0.5 1 1 1 1 1 1 0.5 0.5 1 1 1 1 1 1 1 1 1 1 1 1 1 1 0.5 0.5 0.5 0.5 1 1 1 1 1 1 1 1 1 1 1 1 0.5 0.5 0.5 0.5 1 1 1 1 1 1 1 1 1 1 1 1 1 1 1 1 1 1 1 1 1 1 1 1 1 1 1 1 1 1 1 1 1 1 1 1 1 1 1 1 1 1 1 1 1 1 1 1 1 1 1 0.5 0.5 1 1 1 1 1 1 1 1 1 1 0.5 0.5 1 1 0.8 0.2 1 1 1 1 1 1 1 0.5 0.5 1 1 1 1 1 1 0.5 0.5 1 1 1 1 1 1 1 1 1 1 1 1 1 1 0.5 0.5 0.5 0.5 1 1 1 1 1 1 1 1 1 1 1 1 0.5 0.5 0.5 0.5 1 1 1 1 1 1 1 1 1 1 1 1 1 1 1 1 1 1 1 1 1 1 1 1 1 1 1 1 1 1 1 1 1 1 1 1 1 1 1 1 1 1 1 1 1 1 1 1 1 1 1 1 1 1 1 1 1 1 1 1 1 1 1 1 1 1 1 1 1 1 1 1 1 1 1 1 1 1 1 1 1 1 1 1 1 1 1 1 1 1 1 1 1 1 1 1 1 1 1 1 1 1 1</float_array>
          <technique_common>
            <accessor source="#mario_skeleton_mario-skin-weights-array" count="2708" stride="1">
              <param name="WEIGHT" type="float"/>
            </accessor>
          </technique_common>
        </source>
        <joints>
          <input semantic="JOINT" source="#mario_skeleton_mario-skin-joints"/>
          <input semantic="INV_BIND_MATRIX" source="#mario_skeleton_mario-skin-bind_poses"/>
        </joints>
        <vertex_weights count="2521">
          <input semantic="JOINT" source="#mario_skeleton_mario-skin-joints" offset="0"/>
          <input semantic="WEIGHT" source="#mario_skeleton_mario-skin-weights" offset="1"/>
          <vcount>1 1 1 1 1 1 1 1 1 1 1 1 1 1 1 1 1 1 1 1 1 1 1 1 1 1 1 1 1 1 1 1 1 1 1 1 1 1 1 1 1 1 1 1 1 1 1 1 1 1 1 1 1 1 1 1 1 1 1 1 1 1 1 1 1 1 1 1 1 1 1 1 1 1 1 1 1 1 1 1 1 1 1 1 1 1 1 1 1 1 1 1 1 1 1 1 1 1 1 1 1 1 1 1 1 1 1 1 1 1 1 1 1 1 1 1 1 1 1 1 1 1 1 1 1 1 1 1 1 1 1 1 1 1 1 1 1 1 1 1 1 1 1 1 1 1 1 1 1 1 1 1 1 1 1 1 1 1 1 1 1 1 1 1 1 1 1 1 1 1 1 1 1 1 1 2 2 1 2 1 2 1 1 1 1 2 1 2 1 1 1 1 1 1 1 1 2 1 1 1 1 1 1 1 1 1 1 1 1 1 1 1 1 1 1 1 1 1 1 1 1 1 1 1 1 1 1 2 1 1 1 1 1 1 1 1 1 1 1 1 1 1 1 2 1 1 1 1 1 1 1 1 1 1 1 1 1 1 1 1 1 1 1 1 1 1 1 1 1 1 1 1 1 1 1 1 1 1 1 2 1 2 1 1 1 1 2 1 1 2 1 1 1 1 1 1 1 1 1 1 1 1 1 1 1 1 1 1 1 1 1 1 1 1 1 1 1 1 1 2 1 1 1 1 1 1 1 1 1 1 1 1 1 1 1 1 1 1 1 1 1 1 1 1 1 1 1 1 1 1 1 1 1 1 1 1 1 1 1 1 1 1 1 1 1 1 1 1 1 1 1 1 1 1 1 1 1 1 1 1 1 1 1 1 1 1 1 1 1 1 1 2 1 1 1 1 1 1 1 2 2 2 1 1 2 1 2 2 2 2 2 2 1 1 1 1 1 1 1 1 1 1 1 1 1 1 1 1 1 1 1 1 1 1 1 1 1 1 1 2 1 1 1 1 1 1 1 1 1 1 1 1 1 1 2 1 1 1 1 1 1 1 1 1 1 1 1 1 1 1 1 1 1 1 1 1 1 1 1 1 1 1 1 1 1 1 1 1 1 1 1 1 1 1 1 1 1 1 1 1 1 1 1 1 1 1 1 1 1 1 1 1 1 1 1 1 1 1 1 1 1 1 1 1 1 1 1 1 1 1 1 1 1 1 1 1 1 1 1 1 1 1 1 1 1 1 1 1 1 1 1 1 1 1 1 1 1 1 1 1 1 1 1 1 1 1 1 1 1 1 1 1 1 1 1 1 1 1 1 1 1 1 1 1 1 1 1 1 1 1 1 1 1 1 1 1 1 1 1 1 1 1 1 1 1 1 1 1 1 1 1 1 1 1 1 1 1 1 1 1 1 1 1 1 1 1 1 1 1 1 1 1 1 1 1 1 1 1 1 1 1 1 1 1 1 1 1 1 1 1 1 1 1 1 1 1 1 1 1 1 1 1 1 1 1 1 1 1 1 1 1 1 1 1 1 1 1 1 1 1 1 1 1 1 1 1 1 1 1 1 1 1 1 1 1 1 1 1 1 1 1 1 1 1 1 1 1 1 1 1 1 1 1 1 1 1 1 1 1 1 1 1 1 1 1 1 1 1 1 1 1 1 1 1 1 1 1 1 1 1 1 1 1 1 1 1 1 1 1 1 1 1 1 1 1 1 1 1 1 1 1 1 1 1 1 1 1 1 1 1 2 1 1 1 1 1 1 1 1 1 1 1 1 1 1 1 1 1 1 1 1 2 1 1 1 1 1 1 1 1 1 1 2 2 1 2 1 1 1 1 1 1 1 1 1 1 1 1 1 1 1 1 1 1 1 1 1 1 1 1 1 1 1 1 1 1 1 1 1 1 1 1 1 1 1 1 2 2 1 2 1 2 1 1 1 2 2 1 2 1 2 1 1 1 2 2 1 1 1 1 1 1 1 1 1 1 1 1 1 1 1 1 1 1 1 1 1 1 1 1 1 1 1 2 1 1 1 1 2 1 1 1 1 1 1 1 1 1 1 2 1 1 1 1 1 1 1 1 1 1 1 1 1 1 1 1 1 1 1 1 1 1 1 1 1 1 1 1 1 1 1 1 1 2 1 2 1 1 1 2 1 1 1 1 2 1 1 1 1 1 1 1 1 1 1 1 1 1 1 1 1 1 1 1 1 1 2 1 1 2 1 1 1 1 1 1 1 1 1 1 1 1 1 1 1 1 1 1 1 1 1 1 1 1 1 1 1 1 1 1 1 1 1 1 1 1 1 1 1 1 1 1 1 1 1 1 1 1 1 1 1 1 1 1 1 1 1 1 1 1 1 1 1 1 1 1 1 1 1 1 1 1 1 1 1 1 1 1 1 1 1 1 1 2 1 1 1 1 1 2 1 1 2 2 2 2 1 1 1 1 1 1 1 1 1 1 1 1 1 1 1 1 1 1 1 1 2 1 1 1 1 1 1 1 1 1 1 1 1 1 2 1 1 1 1 1 1 1 1 1 1 1 1 1 1 1 1 1 1 1 1 1 1 1 1 1 1 2 1 1 1 2 1 1 1 1 2 1 1 1 1 1 1 1 1 2 1 2 1 1 1 1 1 1 1 1 1 1 1 1 1 1 1 1 1 1 1 1 1 1 1 1 1 1 1 1 2 2 1 1 1 1 1 1 1 1 1 1 1 1 1 1 1 1 1 1 1 1 1 1 1 1 1 1 1 1 1 1 1 1 1 1 1 1 1 1 2 1 1 1 1 1 1 1 1 1 1 1 1 1 1 1 1 2 1 1 1 1 1 1 1 1 1 1 1 1 1 1 1 1 1 1 1 1 1 1 1 1 1 1 1 1 1 1 1 1 1 1 1 1 1 1 1 1 1 1 1 1 1 1 1 1 1 1 1 1 1 1 1 1 1 1 1 1 1 1 1 1 1 1 1 1 1 1 1 1 1 1 1 1 1 1 1 1 1 1 1 1 1 1 1 1 1 1 1 1 1 1 1 1 1 1 1 1 1 1 1 1 1 1 1 1 1 1 1 1 1 1 1 1 1 1 1 1 1 1 1 1 1 1 1 1 1 1 1 1 1 1 1 1 1 1 1 1 1 1 1 1 1 1 1 1 1 1 1 1 1 1 1 1 1 1 1 1 1 1 1 1 1 1 2 1 2 1 1 1 1 1 1 1 1 1 1 1 1 1 1 1 1 1 2 1 1 1 1 1 1 1 1 1 1 2 2 1 2 1 1 1 1 1 1 1 1 1 1 1 1 2 1 2 1 1 1 1 1 1 1 1 1 1 1 1 1 1 1 1 1 1 1 1 1 1 1 1 1 1 1 1 1 1 1 1 1 1 1 1 1 1 1 1 2 2 1 2 1 2 1 1 1 1 1 1 1 1 2 2 1 1 1 1 1 1 1 1 1 1 1 1 1 1 1 1 1 1 1 2 1 1 1 1 1 1 1 1 1 1 1 1 1 1 1 1 1 1 1 1 1 1 1 1 2 1 1 1 2 2 2 1 1 1 1 1 1 1 1 1 1 1 1 2 2 2 2 2 2 2 1 2 2 2 1 2 1 1 1 1 1 1 1 1 1 1 1 1 1 1 1 1 1 1 1 1 1 1 1 1 1 1 1 1 1 1 1 1 1 1 1 1 1 1 1 1 1 1 1 2 2 1 1 1 1 1 2 1 1 1 1 1 1 1 1 1 1 1 1 1 1 1 1 1 1 1 1 1 1 1 2 1 1 1 1 1 1 1 1 1 1 1 1 1 1 1 1 1 2 2 1 1 1 1 1 1 1 1 1 1 1 1 1 1 1 1 1 1 1 1 1 1 1 1 1 1 1 1 1 1 1 1 1 1 1 1 1 1 1 1 1 1 1 1 1 1 1 1 1 1 1 1 1 1 1 1 1 1 1 1 1 1 1 1 1 1 1 1 1 1 1 1 1 1 1 1 1 1 1 1 1 1 2 1 2 1 2 2 1 1 2 2 2 1 1 1 1 1 1 1 1 1 1 1 1 1 1 1 2 1 1 1 2 1 1 1 1 1 2 2 2 1 1 1 1 1 1 1 1 1 1 1 1 1 1 1 2 1 2 1 2 1 1 1 1 1 1 1 1 1 1 2 2 2 2 1 1 1 1 2 1 1 1 1 1 1 1 1 1 1 1 1 1 2 1 1 1 1 1 2 1 2 1 1 1 1 1 1 1 1 1 1 1 1 1 1 1 1 1 1 1 1 2 1 1 1 1 1 1 1 1 1 1 1 1 1 1 1 1 2 2 1 1 2 2 1 1 1 1 2 1 1 1 1 2 1 1 2 2 1 1 1 1 1 1 1 1 1 1 1 1 1 1 1 1 1 1 1 1 1 1 1 1 1 1 1 1 1 1 1 2 2 1 1 2 1 2 2 2 1 1 1 1 1 1 1 1 1 1 1 1 1 1 1 1 1 1 1 1 1 2 1 1 1 1 1 1 1 1 1 1 1 1 1 1 1 1 1 1 1 1 1 1 1 1 2 2 1 1 1 1 1 1 1 1 1 1 1 1 1 1 1 1 1 1 1 1 1 1 1 1 1 1 1 1 1 1 1 1 1 1 1 1 1 1 1 1 1 1 1 1 1 1 1 1 1 1 1 1 1 1 1 1 1 1 1 1 1 1 1 1 1 1 1 1 1 1 1 1 1 1 1 2 2 1 2 1 1 1 1 1 1 1 1 1 1 1 1 1 1 2 1 2 1 1 1 1 1 1 2 1 2 2 2 2 2 2 1 1 1 1 1 1 1 1 1 1 1 1 1 1 1 1 1 1 1 1 1 1 1 1 1 1 1 1 1 1 1 1 1 1 1 2 1 2 1 2 1 2 2 1 1 1 1 1 1 1 1 1 1 1 1 1 2 2 1 1 1 1 1 1 1 1 1 1 1 1 1 1 1 1 1 1 1 1 1 1 1 1 1 1 1 1 1 1 1 1 1 1 1 1 1 1 1 1 1 1 2 1 1 2 1 1 1 1 1 1 1 1 2 1 2 2 1 2 1 1 1 1 2 2 1 1 1 1 1 1 1 1 1 1 1 1 1 1 1 1 1 1 1 1 1 1 2 1 1 1 1 1 1 2 1 1 1 1 1 1 1 1 1 1 1 1 1 1 2 2 1 1 1 1 1 1 1 1 1 1 1 1 2 2 1 1 1 1 1 1 1 1 1 1 1 1 1 1 1 1 1 1 1 1 1 1 1 1 1 1 1 1 1 1 1 1 1 1 1 1 1 1 1 1 1 1 1 1 1 1 1 1 1 1 1 2 1 1 1 1 1 1 1 1 1 1 2 1 1 2 1 1 1 1 1 1 1 2 1 1 1 1 1 1 2 1 1 1 1 1 1 1 1 1 1 1 1 1 1 2 2 1 1 1 1 1 1 1 1 1 1 1 1 2 2 1 1 1 1 1 1 1 1 1 1 1 1 1 1 1 1 1 1 1 1 1 1 1 1 1 1 1 1 1 1 1 1 1 1 1 1 1 1 1 1 1 1 1 1 1 1 1 1 1 1 1 1 1 1 1 1 1 1 1 1 1 1 1 1 1 1 1 1 1 1 1 1 1 1 1 1 1 1 1 1 1 1 1 1 1 1 1 1 1 1 1 1 1 1 1 1 1 1 1 1 1 1 1 </vcount>
          <v>12 0 12 1 12 2 12 3 12 4 12 5 12 6 12 7 12 8 12 9 12 10 12 11 12 12 12 13 12 14 12 15 12 16 12 17 12 18 12 19 12 20 12 21 12 22 12 23 12 24 12 25 13 26 13 27 13 28 13 29 13 30 13 31 13 32 13 33 13 34 13 35 13 36 13 37 13 38 13 39 13 40 13 41 13 42 13 43 13 44 13 45 13 46 13 47 13 48 13 49 13 50 13 51 13 52 13 53 13 54 13 55 13 56 13 57 13 58 13 59 13 60 13 61 13 62 13 63 13 64 13 65 13 66 13 67 13 68 13 69 13 70 13 71 13 72 13 73 13 74 13 75 13 76 13 77 13 78 13 79 13 80 13 81 13 82 13 83 13 84 13 85 13 86 13 87 13 88 13 89 13 90 13 91 13 92 13 93 14 94 14 95 14 96 14 97 14 98 14 99 14 100 14 101 14 102 14 103 14 104 14 105 14 106 14 107 14 108 14 109 14 110 14 111 14 112 14 113 14 114 14 115 14 116 14 117 14 118 14 119 9 120 9 121 9 122 9 123 9 124 9 125 9 126 9 127 9 128 9 129 9 130 9 131 9 132 9 133 9 134 9 135 9 136 9 137 9 138 9 139 6 140 6 141 6 142 6 143 6 144 6 145 6 146 6 147 6 148 6 149 6 150 33 151 33 152 33 153 33 154 33 155 33 156 30 157 30 158 30 159 30 160 30 161 30 162 33 163 33 164 33 165 33 166 33 167 33 168 33 169 33 170 33 171 33 172 33 173 33 174 30 175 33 176 30 177 33 178 33 179 30 180 33 181 33 182 30 183 33 184 33 185 93 186 93 187 93 188 88 189 92 190 88 191 88 192 92 193 93 194 93 195 93 196 93 197 93 198 93 199 92 200 92 201 88 202 92 203 93 204 93 205 93 206 93 207 93 208 93 209 6 210 6 211 6 212 6 213 26 214 6 215 6 216 26 217 6 218 6 219 6 220 6 221 6 222 6 223 6 224 6 225 6 226 6 227 6 228 6 229 30 230 30 231 29 232 30 233 29 234 30 235 29 236 29 237 6 238 29 239 29 240 29 241 6 242 26 243 26 244 26 245 29 246 29 247 29 248 29 249 29 250 26 251 29 252 26 253 29 254 6 255 6 256 6 257 6 258 6 259 6 260 6 261 6 262 6 263 6 264 6 265 6 266 6 267 6 268 26 269 26 270 26 271 26 272 6 273 6 274 6 275 26 276 6 277 6 278 6 279 6 280 6 281 6 282 6 283 6 284 88 285 88 286 88 287 6 288 88 289 88 290 6 291 88 292 6 293 6 294 6 295 6 296 6 297 88 298 88 299 88 300 6 301 88 302 88 303 88 304 88 305 88 306 6 307 6 308 6 309 6 310 6 311 6 312 6 313 6 314 6 315 6 316 6 317 6 318 88 319 88 320 88 321 88 322 88 323 88 324 88 325 88 326 88 327 88 328 88 329 88 330 88 331 88 332 92 333 88 334 88 335 6 336 6 337 6 338 6 339 6 340 6 341 6 342 6 343 6 344 6 345 6 346 93 347 93 348 93 349 9 350 9 351 9 352 9 353 9 354 9 355 9 356 9 357 9 358 9 359 9 360 9 361 9 362 9 363 9 364 9 365 9 366 9 367 9 368 9 369 9 370 9 371 9 372 9 373 9 374 9 375 9 376 9 377 9 378 9 379 9 380 9 381 9 382 9 383 9 384 9 385 9 386 9 387 9 388 9 389 9 390 9 391 9 392 9 393 9 394 9 395 9 396 9 397 9 398 9 399 9 400 9 401 9 402 9 403 15 404 9 405 23 406 9 407 9 408 9 409 9 410 9 411 9 412 15 413 9 414 15 415 9 416 15 417 9 418 15 419 15 420 15 421 9 422 23 423 23 424 15 425 23 426 9 427 23 428 15 429 23 430 9 431 23 432 15 433 23 434 15 435 23 436 23 437 23 438 23 439 23 440 9 441 9 442 9 443 9 444 23 445 9 446 9 447 9 448 9 449 9 450 9 451 9 452 9 453 9 454 9 455 9 456 9 457 9 458 9 459 9 460 9 461 9 462 9 463 9 464 23 465 23 466 9 467 9 468 23 469 9 470 9 471 9 472 9 473 9 474 9 475 23 476 9 477 9 478 9 479 9 480 23 481 9 482 9 483 9 484 9 485 9 486 9 487 9 488 23 489 9 490 9 491 9 492 9 493 9 494 9 495 9 496 9 497 9 498 9 499 9 500 9 501 9 502 9 503 9 504 9 505 9 506 9 507 9 508 9 509 9 510 9 511 9 512 9 513 9 514 9 515 9 516 9 517 9 518 9 519 9 520 9 521 9 522 9 523 9 524 9 525 9 526 9 527 9 528 9 529 9 530 9 531 9 532 9 533 9 534 9 535 9 536 9 537 9 538 9 539 9 540 9 541 9 542 9 543 9 544 9 545 9 546 9 547 9 548 9 549 9 550 64 551 64 552 76 553 9 554 9 555 9 556 9 557 9 558 9 559 9 560 9 561 9 562 9 563 9 564 9 565 9 566 9 567 9 568 9 569 9 570 9 571 9 572 9 573 9 574 9 575 9 576 9 577 9 578 9 579 30 580 33 581 33 582 33 583 37 584 37 585 33 586 37 587 96 588 96 589 96 590 98 591 96 592 96 593 96 594 96 595 96 596 98 597 96 598 96 599 96 600 96 601 96 602 96 603 96 604 96 605 98 606 96 607 96 608 98 609 98 610 98 611 96 612 98 613 96 614 96 615 98 616 9 617 9 618 9 619 9 620 9 621 9 622 9 623 9 624 9 625 9 626 9 627 9 628 9 629 9 630 9 631 9 632 9 633 9 634 9 635 9 636 9 637 9 638 9 639 9 640 9 641 9 642 9 643 9 644 9 645 9 646 9 647 9 648 9 649 9 650 9 651 9 652 9 653 9 654 9 655 9 656 9 657 9 658 9 659 46 660 46 661 46 662 46 663 46 664 46 665 46 666 46 667 46 668 46 669 46 670 46 671 33 672 45 673 45 674 45 675 33 676 42 677 42 678 42 679 42 680 42 681 42 682 42 683 42 684 42 685 41 686 41 687 41 688 41 689 33 690 41 691 41 692 50 693 50 694 50 695 50 696 50 697 50 698 50 699 50 700 50 701 49 702 33 703 33 704 49 705 49 706 49 707 33 708 49 709 33 710 49 711 49 712 37 713 37 714 37 715 38 716 38 717 37 718 38 719 38 720 38 721 53 722 33 723 33 724 54 725 54 726 54 727 53 728 38 729 38 730 38 731 38 732 38 733 38 734 38 735 38 736 38 737 38 738 53 739 53 740 33 741 54 742 54 743 54 744 53 745 53 746 54 747 54 748 54 749 53 750 54 751 54 752 54 753 54 754 53 755 53 756 33 757 53 758 54 759 54 760 50 761 50 762 50 763 50 764 49 765 49 766 54 767 50 768 41 769 33 770 50 771 50 772 46 773 45 774 45 775 45 776 46 777 33 778 45 779 45 780 46 781 46 782 33 783 41 784 41 785 41 786 42 787 42 788 42 789 42 790 42 791 42 792 42 793 49 794 33 795 33 796 30 797 33 798 33 799 33 800 37 801 37 802 37 803 37 804 33 805 33 806 33 807 37 808 33 809 33 810 33 811 33 812 33 813 33 814 33 815 33 816 33 817 33 818 33 819 53 820 33 821 33 822 33 823 33 824 33 825 33 826 33 827 33 828 33 829 33 830 33 831 49 832 33 833 45 834 45 835 33 836 41 837 33 838 33 839 33 840 33 841 37 842 6 843 6 844 6 845 6 846 6 847 6 848 6 849 6 850 6 851 6 852 6 853 64 854 64 855 64 856 64 857 64 858 61 859 61 860 61 861 61 862 61 863 61 864 64 865 64 866 64 867 64 868 64 869 64 870 64 871 64 872 64 873 64 874 64 875 64 876 64 877 61 878 64 879 61 880 64 881 64 882 61 883 64 884 64 885 61 886 64 887 102 888 102 889 102 890 88 891 101 892 88 893 101 894 88 895 88 896 101 897 88 898 88 899 101 900 102 901 102 902 102 903 88 904 101 905 88 906 101 907 6 908 6 909 57 910 6 911 57 912 6 913 6 914 6 915 57 916 6 917 6 918 6 919 6 920 6 921 6 922 6 923 6 924 6 925 6 926 6 927 6 928 6 929 6 930 6 931 60 932 61 933 61 934 60 935 61 936 61 937 6 938 60 939 60 940 57 941 60 942 57 943 6 944 60 945 57 946 60 947 60 948 60 949 60 950 60 951 60 952 60 953 61 954 60 955 6 956 6 957 6 958 6 959 6 960 6 961 6 962 6 963 6 964 6 965 6 966 6 967 6 968 57 969 57 970 57 971 57 972 57 973 6 974 6 975 6 976 57 977 6 978 6 979 6 980 6 981 6 982 6 983 6 984 6 985 88 986 88 987 6 988 88 989 88 990 6 991 88 992 88 993 88 994 88 995 6 996 88 997 6 998 6 999 88 1000 88 1001 6 1002 88 1003 6 1004 6 1005 88 1006 88 1007 88 1008 88 1009 88 1010 88 1011 88 1012 6 1013 6 1014 6 1015 6 1016 6 1017 6 1018 6 1019 6 1020 6 1021 6 1022 6 1023 6 1024 6 1025 88 1026 6 1027 6 1028 88 1029 101 1030 88 1031 88 1032 88 1033 88 1034 88 1035 88 1036 88 1037 88 1038 88 1039 88 1040 88 1041 88 1042 88 1043 6 1044 6 1045 6 1046 6 1047 6 1048 6 1049 6 1050 6 1051 6 1052 9 1053 9 1054 9 1055 9 1056 9 1057 9 1058 9 1059 9 1060 9 1061 9 1062 9 1063 9 1064 9 1065 9 1066 9 1067 9 1068 9 1069 9 1070 9 1071 9 1072 9 1073 9 1074 9 1075 9 1076 9 1077 9 1078 9 1079 9 1080 9 1081 9 1082 9 1083 9 1084 9 1085 9 1086 9 1087 9 1088 9 1089 9 1090 9 1091 9 1092 9 1093 9 1094 9 1095 9 1096 9 1097 9 1098 9 1099 9 1100 9 1101 9 1102 9 1103 9 1104 9 1105 9 1106 9 1107 9 1108 9 1109 9 1110 9 1111 9 1112 9 1113 9 1114 23 1115 15 1116 9 1117 9 1118 15 1119 15 1120 9 1121 23 1122 23 1123 23 1124 15 1125 23 1126 9 1127 23 1128 15 1129 23 1130 9 1131 23 1132 23 1133 9 1134 9 1135 9 1136 9 1137 9 1138 9 1139 23 1140 9 1141 9 1142 9 1143 9 1144 9 1145 9 1146 9 1147 9 1148 9 1149 9 1150 9 1151 23 1152 9 1153 23 1154 9 1155 23 1156 9 1157 9 1158 9 1159 9 1160 9 1161 9 1162 9 1163 9 1164 9 1165 23 1166 9 1167 9 1168 23 1169 9 1170 9 1171 9 1172 9 1173 9 1174 9 1175 9 1176 23 1177 9 1178 9 1179 9 1180 9 1181 9 1182 9 1183 9 1184 9 1185 9 1186 9 1187 64 1188 64 1189 72 1190 69 1191 68 1192 68 1193 69 1194 68 1195 68 1196 69 1197 69 1198 68 1199 69 1200 68 1201 69 1202 68 1203 69 1204 68 1205 69 1206 57 1207 60 1208 9 1209 9 1210 9 1211 9 1212 9 1213 9 1214 9 1215 9 1216 15 1217 23 1218 9 1219 9 1220 15 1221 9 1222 9 1223 9 1224 9 1225 9 1226 9 1227 9 1228 9 1229 9 1230 9 1231 9 1232 9 1233 9 1234 9 1235 9 1236 9 1237 9 1238 9 1239 9 1240 9 1241 9 1242 9 1243 9 1244 9 1245 9 1246 9 1247 9 1248 38 1249 37 1250 38 1251 37 1252 38 1253 37 1254 9 1255 9 1256 9 1257 9 1258 9 1259 9 1260 9 1261 9 1262 9 1263 9 1264 9 1265 9 1266 9 1267 9 1268 9 1269 9 1270 9 1271 9 1272 9 1273 9 1274 9 1275 9 1276 9 1277 64 1278 64 1279 61 1280 64 1281 68 1282 68 1283 68 1284 105 1285 105 1286 105 1287 105 1288 105 1289 107 1290 105 1291 105 1292 107 1293 105 1294 107 1295 105 1296 105 1297 105 1298 105 1299 105 1300 105 1301 105 1302 105 1303 107 1304 105 1305 105 1306 107 1307 107 1308 107 1309 105 1310 107 1311 107 1312 105 1313 105 1314 107 1315 9 1316 9 1317 9 1318 9 1319 9 1320 9 1321 9 1322 9 1323 9 1324 9 1325 9 1326 9 1327 9 1328 9 1329 9 1330 9 1331 9 1332 9 1333 9 1334 9 1335 9 1336 9 1337 9 1338 9 1339 9 1340 9 1341 9 1342 9 1343 9 1344 9 1345 9 1346 9 1347 9 1348 9 1349 77 1350 77 1351 77 1352 77 1353 77 1354 77 1355 77 1356 77 1357 77 1358 77 1359 77 1360 77 1361 76 1362 64 1363 64 1364 76 1365 76 1366 73 1367 73 1368 73 1369 73 1370 73 1371 73 1372 73 1373 73 1374 73 1375 72 1376 72 1377 72 1378 64 1379 72 1380 72 1381 72 1382 81 1383 81 1384 81 1385 81 1386 81 1387 81 1388 81 1389 81 1390 81 1391 64 1392 64 1393 80 1394 80 1395 80 1396 80 1397 80 1398 64 1399 80 1400 80 1401 64 1402 68 1403 68 1404 64 1405 64 1406 84 1407 85 1408 85 1409 85 1410 84 1411 69 1412 69 1413 69 1414 69 1415 69 1416 69 1417 69 1418 69 1419 69 1420 69 1421 64 1422 84 1423 84 1424 85 1425 85 1426 85 1427 84 1428 84 1429 85 1430 85 1431 85 1432 84 1433 85 1434 85 1435 85 1436 85 1437 84 1438 84 1439 84 1440 64 1441 85 1442 85 1443 81 1444 81 1445 81 1446 81 1447 80 1448 80 1449 85 1450 81 1451 64 1452 72 1453 81 1454 81 1455 77 1456 76 1457 76 1458 76 1459 77 1460 76 1461 76 1462 77 1463 77 1464 72 1465 72 1466 73 1467 73 1468 73 1469 73 1470 73 1471 73 1472 73 1473 80 1474 64 1475 64 1476 61 1477 61 1478 64 1479 64 1480 61 1481 64 1482 64 1483 68 1484 68 1485 64 1486 64 1487 68 1488 64 1489 64 1490 64 1491 64 1492 64 1493 64 1494 64 1495 64 1496 64 1497 64 1498 64 1499 64 1500 84 1501 64 1502 64 1503 64 1504 64 1505 64 1506 64 1507 64 1508 64 1509 64 1510 64 1511 64 1512 80 1513 64 1514 76 1515 76 1516 64 1517 72 1518 64 1519 64 1520 64 1521 64 1522 45 1523 60 1524 60 1525 60 1526 61 1527 61 1528 60 1529 61 1530 61 1531 64 1532 64 1533 61 1534 64 1535 30 1536 9 1537 9 1538 9 1539 9 1540 9 1541 9 1542 9 1543 9 1544 9 1545 9 1546 9 1547 9 1548 9 1549 9 1550 9 1551 9 1552 9 1553 9 1554 30 1555 30 1556 30 1557 30 1558 30 1559 30 1560 33 1561 33 1562 33 1563 33 1564 33 1565 33 1566 33 1567 33 1568 33 1569 93 1570 93 1571 93 1572 93 1573 93 1574 93 1575 88 1576 92 1577 88 1578 92 1579 92 1580 88 1581 92 1582 92 1583 88 1584 92 1585 92 1586 92 1587 26 1588 6 1589 26 1590 6 1591 30 1592 30 1593 29 1594 30 1595 29 1596 30 1597 30 1598 30 1599 30 1600 30 1601 30 1602 30 1603 30 1604 30 1605 30 1606 30 1607 30 1608 30 1609 30 1610 30 1611 30 1612 30 1613 30 1614 30 1615 30 1616 26 1617 29 1618 29 1619 29 1620 29 1621 29 1622 29 1623 29 1624 29 1625 29 1626 29 1627 29 1628 29 1629 6 1630 6 1631 6 1632 6 1633 6 1634 6 1635 6 1636 6 1637 6 1638 6 1639 6 1640 6 1641 6 1642 6 1643 88 1644 6 1645 6 1646 88 1647 6 1648 88 1649 6 1650 88 1651 6 1652 88 1653 6 1654 6 1655 6 1656 6 1657 6 1658 6 1659 88 1660 6 1661 6 1662 6 1663 88 1664 88 1665 6 1666 88 1667 6 1668 88 1669 6 1670 88 1671 6 1672 88 1673 6 1674 88 1675 6 1676 88 1677 88 1678 92 1679 88 1680 88 1681 92 1682 88 1683 92 1684 88 1685 92 1686 88 1687 88 1688 92 1689 88 1690 88 1691 88 1692 6 1693 6 1694 6 1695 6 1696 6 1697 6 1698 93 1699 93 1700 93 1701 93 1702 9 1703 9 1704 9 1705 9 1706 9 1707 9 1708 9 1709 9 1710 9 1711 9 1712 9 1713 9 1714 9 1715 9 1716 9 1717 9 1718 9 1719 9 1720 9 1721 9 1722 9 1723 9 1724 9 1725 9 1726 9 1727 9 1728 9 1729 9 1730 9 1731 9 1732 9 1733 23 1734 9 1735 23 1736 9 1737 23 1738 23 1739 23 1740 23 1741 9 1742 23 1743 9 1744 9 1745 9 1746 23 1747 23 1748 9 1749 9 1750 9 1751 9 1752 9 1753 9 1754 9 1755 9 1756 9 1757 9 1758 9 1759 9 1760 9 1761 9 1762 9 1763 9 1764 9 1765 9 1766 9 1767 23 1768 23 1769 9 1770 9 1771 9 1772 9 1773 9 1774 9 1775 9 1776 9 1777 9 1778 29 1779 98 1780 98 1781 98 1782 98 1783 96 1784 96 1785 96 1786 98 1787 96 1788 98 1789 96 1790 96 1791 98 1792 98 1793 96 1794 96 1795 96 1796 96 1797 96 1798 96 1799 96 1800 98 1801 98 1802 9 1803 9 1804 9 1805 9 1806 9 1807 9 1808 9 1809 9 1810 9 1811 9 1812 9 1813 9 1814 9 1815 9 1816 9 1817 9 1818 9 1819 9 1820 9 1821 9 1822 9 1823 9 1824 9 1825 9 1826 9 1827 9 1828 9 1829 9 1830 9 1831 9 1832 9 1833 9 1834 9 1835 9 1836 9 1837 9 1838 9 1839 9 1840 9 1841 9 1842 9 1843 9 1844 9 1845 9 1846 9 1847 9 1848 9 1849 9 1850 9 1851 9 1852 9 1853 9 1854 9 1855 9 1856 9 1857 9 1858 9 1859 9 1860 9 1861 9 1862 46 1863 46 1864 42 1865 42 1866 50 1867 50 1868 54 1869 54 1870 38 1871 30 1872 33 1873 33 1874 30 1875 33 1876 33 1877 30 1878 33 1879 30 1880 33 1881 33 1882 37 1883 30 1884 33 1885 30 1886 33 1887 30 1888 33 1889 30 1890 30 1891 30 1892 30 1893 30 1894 30 1895 30 1896 30 1897 30 1898 30 1899 30 1900 30 1901 30 1902 30 1903 30 1904 30 1905 33 1906 30 1907 30 1908 30 1909 30 1910 33 1911 30 1912 30 1913 30 1914 30 1915 30 1916 30 1917 33 1918 30 1919 33 1920 30 1921 33 1922 61 1923 61 1924 61 1925 61 1926 61 1927 61 1928 64 1929 64 1930 64 1931 64 1932 64 1933 64 1934 64 1935 64 1936 64 1937 101 1938 102 1939 102 1940 101 1941 102 1942 102 1943 101 1944 102 1945 102 1946 102 1947 102 1948 102 1949 102 1950 102 1951 102 1952 102 1953 102 1954 102 1955 88 1956 101 1957 88 1958 101 1959 88 1960 101 1961 88 1962 101 1963 88 1964 101 1965 101 1966 101 1967 88 1968 101 1969 101 1970 101 1971 101 1972 101 1973 101 1974 101 1975 101 1976 101 1977 101 1978 101 1979 101 1980 101 1981 101 1982 101 1983 102 1984 102 1985 102 1986 57 1987 6 1988 6 1989 60 1990 61 1991 61 1992 60 1993 61 1994 61 1995 61 1996 61 1997 61 1998 61 1999 61 2000 61 2001 61 2002 61 2003 61 2004 61 2005 61 2006 61 2007 61 2008 61 2009 61 2010 61 2011 61 2012 60 2013 60 2014 57 2015 60 2016 60 2017 60 2018 60 2019 60 2020 60 2021 60 2022 60 2023 6 2024 6 2025 6 2026 6 2027 57 2028 6 2029 6 2030 6 2031 6 2032 6 2033 88 2034 6 2035 88 2036 6 2037 6 2038 6 2039 88 2040 6 2041 88 2042 6 2043 6 2044 6 2045 6 2046 6 2047 88 2048 88 2049 88 2050 6 2051 6 2052 88 2053 101 2054 88 2055 88 2056 6 2057 88 2058 6 2059 88 2060 88 2061 6 2062 6 2063 9 2064 9 2065 9 2066 9 2067 9 2068 9 2069 9 2070 9 2071 9 2072 9 2073 9 2074 9 2075 9 2076 9 2077 9 2078 9 2079 9 2080 9 2081 9 2082 9 2083 9 2084 9 2085 9 2086 9 2087 9 2088 9 2089 9 2090 9 2091 9 2092 23 2093 9 2094 23 2095 23 2096 23 2097 9 2098 23 2099 9 2100 9 2101 23 2102 9 2103 15 2104 9 2105 15 2106 23 2107 9 2108 9 2109 9 2110 9 2111 9 2112 9 2113 9 2114 9 2115 9 2116 9 2117 9 2118 9 2119 9 2120 9 2121 9 2122 9 2123 9 2124 9 2125 9 2126 9 2127 9 2128 23 2129 9 2130 9 2131 9 2132 9 2133 9 2134 9 2135 9 2136 9 2137 9 2138 9 2139 9 2140 9 2141 9 2142 9 2143 9 2144 9 2145 9 2146 9 2147 9 2148 9 2149 107 2150 107 2151 107 2152 107 2153 105 2154 107 2155 105 2156 107 2157 105 2158 105 2159 105 2160 105 2161 107 2162 107 2163 105 2164 105 2165 105 2166 105 2167 105 2168 105 2169 105 2170 107 2171 107 2172 9 2173 9 2174 9 2175 9 2176 9 2177 9 2178 9 2179 9 2180 9 2181 9 2182 9 2183 9 2184 9 2185 9 2186 9 2187 9 2188 9 2189 9 2190 9 2191 9 2192 9 2193 9 2194 9 2195 9 2196 9 2197 9 2198 9 2199 9 2200 9 2201 9 2202 9 2203 9 2204 9 2205 9 2206 9 2207 9 2208 9 2209 9 2210 9 2211 9 2212 9 2213 9 2214 9 2215 9 2216 9 2217 9 2218 9 2219 9 2220 9 2221 77 2222 77 2223 73 2224 73 2225 81 2226 81 2227 85 2228 85 2229 69 2230 68 2231 64 2232 61 2233 64 2234 61 2235 64 2236 61 2237 61 2238 64 2239 61 2240 61 2241 61 2242 61 2243 61 2244 61 2245 61 2246 61 2247 61 2248 61 2249 61 2250 61 2251 61 2252 64 2253 61 2254 64 2255 61 2256 61 2257 64 2258 61 2259 61 2260 61 2261 61 2262 61 2263 61 2264 61 2265 64 2266 61 2267 61 2268 64 2269 61 2270 64 2271 61 2272 64 2273 61 2274 64 2275 61 2276 64 2277 30 2278 33 2279 9 2280 9 2281 9 2282 9 2283 9 2284 9 2285 9 2286 9 2287 9 2288 9 2289 9 2290 9 2291 6 2292 6 2293 6 2294 6 2295 6 2296 6 2297 6 2298 6 2299 6 2300 6 2301 6 2302 6 2303 6 2304 6 2305 6 2306 6 2307 6 2308 6 2309 6 2310 6 2311 93 2312 93 2313 93 2314 92 2315 93 2316 93 2317 92 2318 93 2319 93 2320 92 2321 93 2322 93 2323 92 2324 93 2325 92 2326 93 2327 93 2328 93 2329 93 2330 93 2331 93 2332 93 2333 93 2334 93 2335 93 2336 92 2337 92 2338 92 2339 92 2340 88 2341 92 2342 88 2343 92 2344 92 2345 92 2346 92 2347 92 2348 92 2349 92 2350 92 2351 92 2352 92 2353 92 2354 92 2355 6 2356 6 2357 6 2358 6 2359 6 2360 6 2361 6 2362 29 2363 29 2364 29 2365 6 2366 9 2367 6 2368 9 2369 9 2370 6 2371 9 2372 6 2373 9 2374 6 2375 9 2376 6 2377 9 2378 6 2379 9 2380 6 2381 9 2382 6 2383 9 2384 6 2385 6 2386 6 2387 88 2388 88 2389 88 2390 6 2391 88 2392 88 2393 9 2394 9 2395 9 2396 9 2397 9 2398 9 2399 9 2400 9 2401 23 2402 23 2403 9 2404 23 2405 15 2406 23 2407 15 2408 9 2409 23 2410 23 2411 9 2412 9 2413 9 2414 9 2415 23 2416 9 2417 23 2418 23 2419 23 2420 23 2421 9 2422 9 2423 9 2424 9 2425 9 2426 9 2427 9 2428 9 2429 9 2430 9 2431 9 2432 9 2433 9 2434 9 2435 9 2436 9 2437 9 2438 9 2439 9 2440 96 2441 98 2442 98 2443 98 2444 98 2445 98 2446 98 2447 98 2448 96 2449 98 2450 96 2451 96 2452 96 2453 96 2454 96 2455 96 2456 96 2457 96 2458 96 2459 96 2460 96 2461 96 2462 96 2463 96 2464 96 2465 98 2466 96 2467 98 2468 98 2469 98 2470 98 2471 98 2472 98 2473 98 2474 98 2475 98 2476 98 2477 98 2478 98 2479 98 2480 96 2481 98 2482 96 2483 98 2484 96 2485 96 2486 96 2487 96 2488 96 2489 9 2490 9 2491 9 2492 9 2493 9 2494 9 2495 9 2496 9 2497 9 2498 9 2499 9 2500 6 2501 6 2502 6 2503 6 2504 6 2505 6 2506 6 2507 6 2508 6 2509 6 2510 6 2511 6 2512 6 2513 6 2514 6 2515 6 2516 6 2517 6 2518 6 2519 6 2520 102 2521 102 2522 102 2523 102 2524 102 2525 102 2526 102 2527 102 2528 102 2529 102 2530 102 2531 102 2532 102 2533 101 2534 101 2535 88 2536 101 2537 102 2538 102 2539 102 2540 102 2541 102 2542 102 2543 102 2544 102 2545 102 2546 102 2547 101 2548 102 2549 101 2550 101 2551 88 2552 101 2553 60 2554 60 2555 9 2556 9 2557 9 2558 9 2559 9 2560 105 2561 107 2562 107 2563 107 2564 107 2565 107 2566 107 2567 107 2568 105 2569 107 2570 105 2571 105 2572 105 2573 105 2574 105 2575 105 2576 105 2577 105 2578 105 2579 105 2580 105 2581 105 2582 105 2583 105 2584 105 2585 107 2586 105 2587 107 2588 107 2589 107 2590 107 2591 107 2592 107 2593 107 2594 107 2595 107 2596 107 2597 107 2598 107 2599 107 2600 105 2601 107 2602 105 2603 107 2604 105 2605 105 2606 105 2607 105 2608 105 2609 9 2610 9 2611 9 2612 9 2613 9 2614 9 2615 9 2616 9 2617 9 2618 9 2619 9 2620 9 2621 9 2622 9 2623 9 2624 9 2625 9 2626 9 2627 17 2628 17 2629 17 2630 17 2631 17 2632 17 2633 17 2634 17 2635 17 2636 17 2637 17 2638 17 2639 17 2640 17 2641 17 2642 17 2643 17 2644 17 2645 17 2646 17 2647 18 2648 18 2649 18 2650 18 2651 18 2652 18 2653 18 2654 18 2655 18 2656 18 2657 18 2658 18 2659 18 2660 18 2661 18 2662 18 2663 18 2664 18 2665 18 2666 18 2667 20 2668 20 2669 20 2670 20 2671 20 2672 20 2673 20 2674 20 2675 20 2676 20 2677 20 2678 20 2679 20 2680 20 2681 20 2682 20 2683 20 2684 20 2685 20 2686 20 2687 21 2688 21 2689 21 2690 21 2691 21 2692 21 2693 21 2694 21 2695 21 2696 21 2697 21 2698 21 2699 21 2700 21 2701 21 2702 21 2703 21 2704 21 2705 21 2706 21 2707</v>
        </vertex_weights>
      </skin>
    </controller>
  </library_controllers>
  <library_visual_scenes>
    <visual_scene id="mario" name="mario">
      <node id="mario_skeleton" name="mario_skeleton" type="NODE">
        <matrix sid="transform">1 0 0 0 0 -4.37114e-8 -1 0 0 1 -4.37114e-8 0 0 0 0 1</matrix>
        <node id="mario_skeleton_root" name="root" sid="root" type="JOINT">
          <matrix sid="transform">1 0 0 0 0 1 0 -2e-6 0 0 1 0 0 0 0 1</matrix>
          <node id="mario_skeleton_root_motion" name="root_motion" sid="root_motion" type="JOINT">
            <matrix sid="transform">1 0 0 10e-7 0 1 0 58.04001 0 0 1 -4.02 0 0 0 1</matrix>
            <node id="mario_skeleton_mario_m0" name="mario_m0" sid="mario_m0" type="JOINT">
              <matrix sid="transform">1 0 0 -10e-7 0 1 0 -58.04001 0 0 1 4.02 0 0 0 1</matrix>
              <extra>
                <technique profile="blender">
                  <layer sid="layer" type="string">0</layer>
                  <tip_x sid="tip_x" type="float">0</tip_x>
                  <tip_y sid="tip_y" type="float">0.5484455</tip_y>
                  <tip_z sid="tip_z" type="float">0</tip_z>
                </technique>
              </extra>
            </node>
            <node id="mario_skeleton_MLOOP" name="MLOOP" sid="MLOOP" type="JOINT">
              <matrix sid="transform">1 0 0 -10e-7 0 1 0 -58.04001 0 0 1 4.02 0 0 0 1</matrix>
              <extra>
                <technique profile="blender">
                  <layer sid="layer" type="string">0</layer>
                  <tip_x sid="tip_x" type="float">0</tip_x>
                  <tip_y sid="tip_y" type="float">0.5484455</tip_y>
                  <tip_z sid="tip_z" type="float">0</tip_z>
                </technique>
              </extra>
            </node>
            <node id="mario_skeleton_NOW" name="NOW" sid="NOW" type="JOINT">
              <matrix sid="transform">1 0 0 -10e-7 0 1 0 -58.04001 0 0 1 4.02 0 0 0 1</matrix>
              <extra>
                <technique profile="blender">
                  <layer sid="layer" type="string">0</layer>
                  <tip_x sid="tip_x" type="float">0</tip_x>
                  <tip_y sid="tip_y" type="float">0.5484455</tip_y>
                  <tip_z sid="tip_z" type="float">0</tip_z>
                </technique>
              </extra>
            </node>
            <node id="mario_skeleton_root_body" name="root_body" sid="root_body" type="JOINT">
              <matrix sid="transform">3.13916e-7 1.00705e-5 1 0 -2.72848e-12 1 -1.00705e-5 1.102795 -1 0 3.13916e-7 0.01721382 0 0 0 1</matrix>
              <node id="mario_skeleton_ske_body" name="ske_body" sid="ske_body" type="JOINT">
                <matrix sid="transform">0.007574618 -0.9999713 -5.06317e-8 9.53674e-7 0.9999713 0.007574509 1.01216e-5 -7.62939e-6 -1.01209e-5 -1.27296e-7 1 0 0 0 0 1</matrix>
                <node id="mario_skeleton_eff_body" name="eff_body" sid="eff_body" type="JOINT">
                  <matrix sid="transform">1 -8.69529e-6 -4.76847e-7 13.71507 8.68971e-6 1 -4.0643e-12 3.24249e-5 4.76847e-7 -8.52651e-14 1 6.96523e-7 0 0 0 1</matrix>
                  <extra>
                    <technique profile="blender">
                      <layer sid="layer" type="string">0</layer>
                      <roll sid="roll" type="float">1.570796</roll>
                      <tip_x sid="tip_x" type="float">-2.00141e-7</tip_x>
                      <tip_y sid="tip_y" type="float">0.00415039</tip_y>
                      <tip_z sid="tip_z" type="float">0.5484297</tip_z>
                    </technique>
                  </extra>
                </node>
                <node id="mario_skeleton_root_head" name="root_head" sid="root_head" type="JOINT">
                  <matrix sid="transform">0.00757462 0.9999714 -6.87549e-8 39.98824 -0.9999713 0.007574535 6.80587e-8 3.26772 6.85775e-8 6.82374e-8 1 3.03081e-6 0 0 0 1</matrix>
                  <node id="mario_skeleton_ske_head" name="ske_head" sid="ske_head" type="JOINT">
                    <matrix sid="transform">-1.001486 0.01613406 -2.70638e-6 9.53674e-7 -0.01613406 -0.99987 -4.308e-8 7.62939e-6 -2.71098e-6 5.89535e-10 1 -3e-6 0 0 0 1</matrix>
                    <node id="mario_skeleton_eff_head" name="eff_head" sid="eff_head" type="JOINT">
                      <matrix sid="transform">1 -6.95698e-6 1.2065e-7 43.07911 6.95884e-6 1 2.73737e-11 0.001045227 -1.20651e-7 -2.65352e-11 1 1.13705e-4 0 0 0 1</matrix>
                      <extra>
                        <technique profile="blender">
                          <layer sid="layer" type="string">0</layer>
                          <roll sid="roll" type="float">1.570801</roll>
                          <tip_x sid="tip_x" type="float">0</tip_x>
                          <tip_y sid="tip_y" type="float">-0.5483704</tip_y>
                          <tip_z sid="tip_z" type="float">-0.008850097</tip_z>
                        </technique>
                      </extra>
                    </node>
                    <node id="mario_skeleton_mabuta" name="mabuta" sid="mabuta" type="JOINT">
                      <matrix sid="transform">-2.23454e-6 -0.01612615 0.9998699 2.633407 2.06757e-5 -0.9998697 -0.01612615 99.12503 0.9987373 2.70093e-7 2.61367e-6 1.09507e-5 0 0 0 1</matrix>
                      <node id="mario_skeleton_eyelid1" name="eyelid1" sid="eyelid1" type="JOINT">
                        <matrix sid="transform">1 2.80064e-9 -2.29259e-8 -2.55551e-9 -2.80018e-9 1 -2.27547e-7 3.99351e-6 2.29259e-8 2.27545e-7 1 0.01131659 0 0 0 1</matrix>
                        <extra>
                          <technique profile="blender">
                            <layer sid="layer" type="string">0</layer>
                            <roll sid="roll" type="float">-5.52856e-7</roll>
                            <tip_x sid="tip_x" type="float">1.82765e-7</tip_x>
                            <tip_y sid="tip_y" type="float">0.5484455</tip_y>
                            <tip_z sid="tip_z" type="float">-9.87295e-6</tip_z>
                          </technique>
                        </extra>
                      </node>
                      <node id="mario_skeleton_eyelid2" name="eyelid2" sid="eyelid2" type="JOINT">
                        <matrix sid="transform">1 2.80067e-9 -2.29259e-8 -1.8758e-9 -2.80018e-9 1 -2.27123e-7 3.8147e-6 2.29259e-8 2.27123e-7 1 0.003771781 0 0 0 1</matrix>
                        <extra>
                          <technique profile="blender">
                            <layer sid="layer" type="string">0</layer>
                            <roll sid="roll" type="float">-5.52856e-7</roll>
                            <tip_x sid="tip_x" type="float">1.82765e-7</tip_x>
                            <tip_y sid="tip_y" type="float">0.5484455</tip_y>
                            <tip_z sid="tip_z" type="float">-9.87342e-6</tip_z>
                          </technique>
                        </extra>
                      </node>
                      <node id="mario_skeleton_eyelid3" name="eyelid3" sid="eyelid3" type="JOINT">
                        <matrix sid="transform">1 2.80064e-9 -2.29259e-8 -2.55551e-9 -2.80018e-9 1 -2.27547e-7 3.99351e-6 2.29259e-8 2.27545e-7 1 0.01131659 0 0 0 1</matrix>
                        <extra>
                          <technique profile="blender">
                            <layer sid="layer" type="string">0</layer>
                            <roll sid="roll" type="float">-5.52856e-7</roll>
                            <tip_x sid="tip_x" type="float">1.82765e-7</tip_x>
                            <tip_y sid="tip_y" type="float">0.5484455</tip_y>
                            <tip_z sid="tip_z" type="float">-9.87295e-6</tip_z>
                          </technique>
                        </extra>
                      </node>
                      <extra>
                        <technique profile="blender">
                          <layer sid="layer" type="string">0</layer>
                          <roll sid="roll" type="float">-5.52856e-7</roll>
                          <tip_x sid="tip_x" type="float">1.82765e-7</tip_x>
                          <tip_y sid="tip_y" type="float">0.5484455</tip_y>
                          <tip_z sid="tip_z" type="float">-9.87337e-6</tip_z>
                        </technique>
                      </extra>
                    </node>
                    <node id="mario_skeleton_mouth_bottom" name="mouth_bottom" sid="mouth_bottom" type="JOINT">
                      <matrix sid="transform">-2.40244e-6 -0.01610537 0.9998703 23.74622 1.50541e-5 -0.9998702 -0.01610537 5.930496 0.9990848 2.73819e-7 2.67803e-6 6.66766e-5 0 0 0 1</matrix>
                      <extra>
                        <technique profile="blender">
                          <layer sid="layer" type="string">0</layer>
                          <roll sid="roll" type="float">-5.29573e-7</roll>
                          <tip_x sid="tip_x" type="float">1.8276e-7</tip_x>
                          <tip_y sid="tip_y" type="float">0.5484467</tip_y>
                          <tip_z sid="tip_z" type="float">0</tip_z>
                        </technique>
                      </extra>
                    </node>
                    <node id="mario_skeleton_root_mayu_l" name="root_mayu_l" sid="root_mayu_l" type="JOINT">
                      <matrix sid="transform">-2.54025e-6 -0.01611137 0.9998702 2.633407 5.85009e-6 -0.9998701 -0.01611137 99.12503 0.9996563 2.71956e-7 2.64672e-6 1.09507e-5 0 0 0 1</matrix>
                      <node id="mario_skeleton_mayu_l_frame1" name="mayu_l_frame1" sid="mayu_l_frame1" type="JOINT">
                        <matrix sid="transform">1 8.75897e-8 -9.58709e-8 3.39249e-8 -8.75899e-8 1 9.88141e-7 116.3712 9.5871e-8 -9.88141e-7 1 5.10471e-5 0 0 0 1</matrix>
                        <extra>
                          <technique profile="blender">
                            <layer sid="layer" type="string">0</layer>
                            <roll sid="roll" type="float">-5.92795e-7</roll>
                            <tip_x sid="tip_x" type="float">2.30248e-7</tip_x>
                            <tip_y sid="tip_y" type="float">0.5484467</tip_y>
                            <tip_z sid="tip_z" type="float">-2.42045e-6</tip_z>
                          </technique>
                        </extra>
                      </node>
                      <node id="mario_skeleton_mayu_l_frame2" name="mayu_l_frame2" sid="mayu_l_frame2" type="JOINT">
                        <matrix sid="transform">1 2.9638e-10 -5.67108e-7 3.44814e-8 -2.95835e-10 1 8.66143e-7 118.275 5.67108e-7 -8.66142e-7 1 4.98893e-5 0 0 0 1</matrix>
                        <extra>
                          <technique profile="blender">
                            <layer sid="layer" type="string">0</layer>
                            <roll sid="roll" type="float">-1.06403e-6</roll>
                            <tip_x sid="tip_x" type="float">1.8239e-7</tip_x>
                            <tip_y sid="tip_y" type="float">0.5484467</tip_y>
                            <tip_z sid="tip_z" type="float">-2.35342e-6</tip_z>
                          </technique>
                        </extra>
                      </node>
                      <extra>
                        <technique profile="blender">
                          <layer sid="layer" type="string">0</layer>
                          <roll sid="roll" type="float">-5.05529e-7</roll>
                          <tip_x sid="tip_x" type="float">1.82388e-7</tip_x>
                          <tip_y sid="tip_y" type="float">0.5484455</tip_y>
                          <tip_z sid="tip_z" type="float">-1.63552e-6</tip_z>
                        </technique>
                      </extra>
                    </node>
                    <node id="mario_skeleton_root_mayu_r" name="root_mayu_r" sid="root_mayu_r" type="JOINT">
                      <matrix sid="transform">-2.54025e-6 -0.01611137 0.9998702 2.633407 5.85009e-6 -0.9998701 -0.01611137 99.12503 0.9996563 2.71956e-7 2.64672e-6 1.09507e-5 0 0 0 1</matrix>
                      <node id="mario_skeleton_mayu_r_frame1" name="mayu_r_frame1" sid="mayu_r_frame1" type="JOINT">
                        <matrix sid="transform">-1 -8.69972e-8 3.89414e-7 3.39249e-8 -8.69975e-8 1 -9.88141e-7 116.3712 -3.89414e-7 -9.88141e-7 -1 5.10471e-5 0 0 0 1</matrix>
                        <extra>
                          <technique profile="blender">
                            <layer sid="layer" type="string">0</layer>
                            <roll sid="roll" type="float">3.141592</roll>
                            <tip_x sid="tip_x" type="float">1.34529e-7</tip_x>
                            <tip_y sid="tip_y" type="float">0.5484467</tip_y>
                            <tip_z sid="tip_z" type="float">-2.42045e-6</tip_z>
                          </technique>
                        </extra>
                      </node>
                      <node id="mario_skeleton_mayu_r_frame2" name="mayu_r_frame2" sid="mayu_r_frame2" type="JOINT">
                        <matrix sid="transform">-1 -1.9176e-7 -6.27833e-7 -2.29734e-5 -1.9176e-7 1 -8.66143e-7 118.275 6.27833e-7 -8.66142e-7 -1 4.98894e-5 0 0 0 1</matrix>
                        <extra>
                          <technique profile="blender">
                            <layer sid="layer" type="string">0</layer>
                            <roll sid="roll" type="float">-3.141592</roll>
                            <tip_x sid="tip_x" type="float">0</tip_x>
                            <tip_y sid="tip_y" type="float">0.5484467</tip_y>
                            <tip_z sid="tip_z" type="float">-2.35342e-6</tip_z>
                          </technique>
                        </extra>
                      </node>
                      <extra>
                        <technique profile="blender">
                          <layer sid="layer" type="string">0</layer>
                          <roll sid="roll" type="float">-5.05529e-7</roll>
                          <tip_x sid="tip_x" type="float">1.82388e-7</tip_x>
                          <tip_y sid="tip_y" type="float">0.5484455</tip_y>
                          <tip_z sid="tip_z" type="float">-1.63552e-6</tip_z>
                        </technique>
                      </extra>
                    </node>
                    <node id="mario_skeleton_root_mouth" name="root_mouth" sid="root_mouth" type="JOINT">
                      <matrix sid="transform">-0.9998156 -0.01610884 -2.68209e-6 -0.9651787 0.01610884 -0.9998702 -8.65831e-8 0.1928482 -2.68108e-6 -1.29784e-7 1 -2.54753e-6 0 0 0 1</matrix>
                      <node id="mario_skeleton_ske_mouth" name="ske_mouth" sid="ske_mouth" type="JOINT">
                        <matrix sid="transform">-0.9804496 0.1967442 7.19992e-8 4.29153e-6 -0.1967442 -0.9804548 5.36304e-9 -7.62939e-5 7.16472e-8 -8.90724e-9 1 -4e-6 0 0 0 1</matrix>
                        <node id="mario_skeleton_eff_mouth" name="eff_mouth" sid="eff_mouth" type="JOINT">
                          <matrix sid="transform">0.9999999 -6.95884e-6 3.77486e-9 17.59668 6.97374e-6 0.9999999 8.52651e-13 0.01019287 -3.7748e-9 -8.10019e-13 1 -1.40245e-6 0 0 0 1</matrix>
                          <extra>
                            <technique profile="blender">
                              <layer sid="layer" type="string">0</layer>
                              <roll sid="roll" type="float">1.570795</roll>
                              <tip_x sid="tip_x" type="float">0</tip_x>
                              <tip_y sid="tip_y" type="float">-0.5376968</tip_y>
                              <tip_z sid="tip_z" type="float">-0.1080656</tip_z>
                            </technique>
                          </extra>
                        </node>
                        <extra>
                          <technique profile="blender">
                            <layer sid="layer" type="string">0</layer>
                            <roll sid="roll" type="float">1.570795</roll>
                            <tip_x sid="tip_x" type="float">0</tip_x>
                            <tip_y sid="tip_y" type="float">-0.5376968</tip_y>
                            <tip_z sid="tip_z" type="float">-0.108066</tip_z>
                          </technique>
                        </extra>
                      </node>
                      <extra>
                        <technique profile="blender">
                          <layer sid="layer" type="string">0</layer>
                          <roll sid="roll" type="float">1.570796</roll>
                          <tip_x sid="tip_x" type="float">0</tip_x>
                          <tip_y sid="tip_y" type="float">0.5484467</tip_y>
                          <tip_z sid="tip_z" type="float">-4.76837e-7</tip_z>
                        </technique>
                      </extra>
                    </node>
                    <extra>
                      <technique profile="blender">
                        <layer sid="layer" type="string">0</layer>
                        <roll sid="roll" type="float">1.570801</roll>
                        <tip_x sid="tip_x" type="float">0</tip_x>
                        <tip_y sid="tip_y" type="float">-0.5483704</tip_y>
                        <tip_z sid="tip_z" type="float">-0.008848547</tip_z>
                      </technique>
                    </extra>
                  </node>
                  <extra>
                    <technique profile="blender">
                      <layer sid="layer" type="string">0</layer>
                      <roll sid="roll" type="float">1.570796</roll>
                      <tip_x sid="tip_x" type="float">0</tip_x>
                      <tip_y sid="tip_y" type="float">0.5484467</tip_y>
                      <tip_z sid="tip_z" type="float">0</tip_z>
                    </technique>
                  </extra>
                </node>
                <node id="mario_skeleton_root_L_shoulder" name="root_L_shoulder" sid="root_L_shoulder" type="JOINT">
                  <matrix sid="transform">8.45321e-7 0.007574511 0.9999714 20.76191 -2.28009e-5 -0.9999712 0.007574507 1.061151 0.9970462 -4.34512e-7 -3.35036e-7 2.940754 0 0 0 1</matrix>
                  <node id="mario_skeleton_ske_L_shoulder" name="ske_L_shoulder" sid="ske_L_shoulder" type="JOINT">
                    <matrix sid="transform">0.9999164 -0.01292964 -8.60566e-8 -2.38419e-7 0.01292962 0.9999165 -1.57259e-9 0 8.09688e-7 -9.81963e-9 0.9999999 -7.62939e-6 0 0 0 1</matrix>
                    <node id="mario_skeleton_eff_L_shoulder" name="eff_L_shoulder" sid="eff_L_shoulder" type="JOINT">
                      <matrix sid="transform">1 -1.86265e-9 -3.856e-7 14.17161 -1.21072e-8 1 8.1522e-10 -0.001396656 1.19634e-6 -9.35407e-9 0.9999999 1.52588e-5 0 0 0 1</matrix>
                      <extra>
                        <technique profile="blender">
                          <layer sid="layer" type="string">0</layer>
                          <roll sid="roll" type="float">0.01289147</roll>
                          <tip_x sid="tip_x" type="float">-0.007070541</tip_x>
                          <tip_y sid="tip_y" type="float">0</tip_y>
                          <tip_z sid="tip_z" type="float">-0.5483999</tip_z>
                        </technique>
                      </extra>
                    </node>
                    <node id="mario_skeleton_root_L_arm" name="root_L_arm" sid="root_L_arm" type="JOINT">
                      <matrix sid="transform">0.9999164 0.01293022 6.22082e-7 14.34354 -0.01293023 0.9999164 -7.21567e-9 0.08435535 1.88654e-7 1.11624e-9 0.9999999 0.007896423 0 0 0 1</matrix>
                      <node id="mario_skeleton_ske_L_arm1" name="ske_L_arm1" sid="ske_L_arm1" type="JOINT">
                        <matrix sid="transform">0.9995122 -0.0312323 1.84188e-6 1.90735e-6 0.0312323 0.9995121 6.04011e-8 -3.8147e-6 -1.64075e-6 -7.0076e-9 1 0 0 0 0 1</matrix>
                        <node id="mario_skeleton_ske_L_arm2" name="ske_L_arm2" sid="ske_L_arm2" type="JOINT">
                          <matrix sid="transform">0.9980559 0.06232438 1.07923e-6 13.47737 -0.06232437 0.9980559 -1.60767e-7 -0.002763033 -1.23042e-6 7.71104e-8 0.9999999 7.62939e-6 0 0 0 1</matrix>
                          <node id="mario_skeleton_eff_L_arm" name="eff_L_arm" sid="eff_L_arm" type="JOINT">
                            <matrix sid="transform">0.9999999 -1.73599e-6 -3.49138e-6 12.38242 1.73971e-6 0.9999999 -1.86236e-8 0.00199604 3.45462e-6 2.0518e-8 1 7.62939e-6 0 0 0 1</matrix>
                            <extra>
                              <technique profile="blender">
                                <layer sid="layer" type="string">0</layer>
                                <roll sid="roll" type="float">-0.03103375</roll>
                                <tip_x sid="tip_x" type="float">0.01701736</tip_x>
                                <tip_y sid="tip_y" type="float">0</tip_y>
                                <tip_z sid="tip_z" type="float">-0.5481815</tip_z>
                              </technique>
                            </extra>
                          </node>
                          <node id="mario_skeleton_root_L_hand" name="root_L_hand" sid="root_L_hand" type="JOINT">
                            <matrix sid="transform">0.9995183 -5.21265e-6 0.0310309 14.67447 0.0310309 7.60145e-7 -0.9995183 -0.05116034 5.14986e-6 1 8.72967e-7 -4.65393e-4 0 0 0 1</matrix>
                            <node id="mario_skeleton_ske_L_hand" name="ske_L_hand" sid="ske_L_hand" type="JOINT">
                              <matrix sid="transform">0.9999999 -3.60608e-4 9.16198e-5 3.8147e-6 3.60567e-4 1 -8.76307e-8 0 -9.16168e-5 1.24289e-7 0.9999999 -3.09944e-6 0 0 0 1</matrix>
                              <node id="mario_skeleton_eff_L_hand" name="eff_L_hand" sid="eff_L_hand" type="JOINT">
                                <matrix sid="transform">1 3.48878e-10 2.70614e-7 13.71998 -2.39073e-8 0.9999999 5.67798e-9 7.62939e-6 -2.7133e-7 -7.75532e-9 1 3.03507e-4 0 0 0 1</matrix>
                                <extra>
                                  <technique profile="blender">
                                    <layer sid="layer" type="string">0</layer>
                                    <roll sid="roll" type="float">-1.50757e-7</roll>
                                    <tip_x sid="tip_x" type="float">-1.98364e-4</tip_x>
                                    <tip_y sid="tip_y" type="float">0.5484467</tip_y>
                                    <tip_z sid="tip_z" type="float">-4.76837e-7</tip_z>
                                  </technique>
                                </extra>
                              </node>
                              <node id="mario_skeleton_itemhook-l" name="itemhook-l" sid="itemhook-l" type="JOINT">
                                <matrix sid="transform">1 -1.73849e-6 2.70614e-7 13.27139 1.71496e-6 0.9999999 3.97904e-13 5.220146 -2.7133e-7 -2.07729e-9 1 0.3351965 0 0 0 1</matrix>
                                <extra>
                                  <technique profile="blender">
                                    <layer sid="layer" type="string">0</layer>
                                    <roll sid="roll" type="float">-1.50757e-7</roll>
                                    <tip_x sid="tip_x" type="float">-1.98364e-4</tip_x>
                                    <tip_y sid="tip_y" type="float">0.5484467</tip_y>
                                    <tip_z sid="tip_z" type="float">-4.76837e-7</tip_z>
                                  </technique>
                                </extra>
                              </node>
                              <node id="mario_skeleton_root_L_fing1" name="root_L_fing1" sid="root_L_fing1" type="JOINT">
                                <matrix sid="transform">1 2.84217e-14 -2.7513e-6 9.834549 2.72774e-6 1.13687e-13 0.9999999 -4.081123 -7.16682e-10 -1 -2.07729e-9 12.1287 0 0 0 1</matrix>
                                <node id="mario_skeleton_ske_L_fing11" name="ske_L_fing11" sid="ske_L_fing11" type="JOINT">
                                  <matrix sid="transform">0.8636768 0.5040459 5.50908e-5 0 -0.5040459 0.8636768 -2.86547e-5 6.67572e-6 -6.18496e-5 -2.91571e-6 1 -7.62939e-6 0 0 0 1</matrix>
                                  <node id="mario_skeleton_ske_L_fing12" name="ske_L_fing12" sid="ske_L_fing12" type="JOINT">
                                    <matrix sid="transform">0.9981645 -0.06056368 -1.28366e-4 5.051586 0.06056374 0.9981643 -9.59947e-6 0.01293373 1.28769e-4 1.82763e-6 0.9999999 -7.62939e-6 0 0 0 1</matrix>
                                    <node id="mario_skeleton_eff_L_fing1" name="eff_L_fing1" sid="eff_L_fing1" type="JOINT">
                                      <matrix sid="transform">1 -5.1856e-6 -5.76384e-6 6.767258 5.21541e-6 0.9999999 1.23055e-8 0.01599312 5.93739e-6 2.1626e-8 1 0 0 0 0 1</matrix>
                                      <extra>
                                        <technique profile="blender">
                                          <layer sid="layer" type="string">0</layer>
                                          <roll sid="roll" type="float">-0.4668749</roll>
                                          <tip_x sid="tip_x" type="float">0.2466583</tip_x>
                                          <tip_y sid="tip_y" type="float">9.15527e-5</tip_y>
                                          <tip_z sid="tip_z" type="float">-0.4898472</tip_z>
                                        </technique>
                                      </extra>
                                    </node>
                                    <extra>
                                      <technique profile="blender">
                                        <layer sid="layer" type="string">0</layer>
                                        <roll sid="roll" type="float">-0.4668756</roll>
                                        <tip_x sid="tip_x" type="float">0.2466621</tip_x>
                                        <tip_y sid="tip_y" type="float">9.15527e-5</tip_y>
                                        <tip_z sid="tip_z" type="float">-0.4898472</tip_z>
                                      </technique>
                                    </extra>
                                  </node>
                                  <extra>
                                    <technique profile="blender">
                                      <layer sid="layer" type="string">0</layer>
                                      <roll sid="roll" type="float">-0.5272383</roll>
                                      <tip_x sid="tip_x" type="float">0.2758293</tip_x>
                                      <tip_y sid="tip_y" type="float">9.91821e-5</tip_y>
                                      <tip_z sid="tip_z" type="float">-0.4740362</tip_z>
                                    </technique>
                                  </extra>
                                </node>
                                <extra>
                                  <technique profile="blender">
                                    <layer sid="layer" type="string">0</layer>
                                    <roll sid="roll" type="float">-3.64434e-4</roll>
                                    <tip_x sid="tip_x" type="float">0</tip_x>
                                    <tip_y sid="tip_y" type="float">0</tip_y>
                                    <tip_z sid="tip_z" type="float">-0.5484457</tip_z>
                                  </technique>
                                </extra>
                              </node>
                              <node id="mario_skeleton_root_L_fing2" name="root_L_fing2" sid="root_L_fing2" type="JOINT">
                                <matrix sid="transform">1 3.4888e-10 2.70614e-7 15.69188 -2.39073e-8 0.9999999 -5.68434e-14 4.495644 -2.7133e-7 -2.07729e-9 1 8.412472 0 0 0 1</matrix>
                                <node id="mario_skeleton_ske_L_fing21" name="ske_L_fing21" sid="ske_L_fing21" type="JOINT">
                                  <matrix sid="transform">0.9991739 -0.04060777 -0.001602097 0 0.04060792 0.9991752 1.75848e-5 7.62939e-6 0.001600071 -8.26232e-5 0.9999987 1.43051e-6 0 0 0 1</matrix>
                                  <node id="mario_skeleton_ske_L_fing22" name="ske_L_fing22" sid="ske_L_fing22" type="JOINT">
                                    <matrix sid="transform">0.9958796 0.09068666 -4.80283e-6 6.841675 -0.09068675 0.9958794 -1.32936e-6 -0.001663208 4.66243e-6 1.75558e-6 1 1.21117e-4 0 0 0 1</matrix>
                                    <node id="mario_skeleton_eff_L_fing2" name="eff_L_fing2" sid="eff_L_fing2" type="JOINT">
                                      <matrix sid="transform">1 -8.20187e-8 -1.39698e-8 8.494934 7.50502e-8 1 -1.76078e-9 0.002471924 1.52504e-8 -7.2032e-10 1 1.09673e-4 0 0 0 1</matrix>
                                      <extra>
                                        <technique profile="blender">
                                          <layer sid="layer" type="string">0</layer>
                                          <roll sid="roll" type="float">-0.001602649</roll>
                                          <tip_x sid="tip_x" type="float">0.02723693</tip_x>
                                          <tip_y sid="tip_y" type="float">0.5477676</tip_y>
                                          <tip_z sid="tip_z" type="float">3.43323e-5</tip_z>
                                        </technique>
                                      </extra>
                                    </node>
                                    <extra>
                                      <technique profile="blender">
                                        <layer sid="layer" type="string">0</layer>
                                        <roll sid="roll" type="float">-0.001602649</roll>
                                        <tip_x sid="tip_x" type="float">0.02723693</tip_x>
                                        <tip_y sid="tip_y" type="float">0.5477676</tip_y>
                                        <tip_z sid="tip_z" type="float">3.43323e-5</tip_z>
                                      </technique>
                                    </extra>
                                  </node>
                                  <extra>
                                    <technique profile="blender">
                                      <layer sid="layer" type="string">0</layer>
                                      <roll sid="roll" type="float">-0.001601874</roll>
                                      <tip_x sid="tip_x" type="float">-0.02240371</tip_x>
                                      <tip_y sid="tip_y" type="float">0.5479889</tip_y>
                                      <tip_z sid="tip_z" type="float">-4.52995e-5</tip_z>
                                    </technique>
                                  </extra>
                                </node>
                                <extra>
                                  <technique profile="blender">
                                    <layer sid="layer" type="string">0</layer>
                                    <roll sid="roll" type="float">-1.50757e-7</roll>
                                    <tip_x sid="tip_x" type="float">-1.98364e-4</tip_x>
                                    <tip_y sid="tip_y" type="float">0.5484467</tip_y>
                                    <tip_z sid="tip_z" type="float">-4.76837e-7</tip_z>
                                  </technique>
                                </extra>
                              </node>
                              <node id="mario_skeleton_root_L_fing3" name="root_L_fing3" sid="root_L_fing3" type="JOINT">
                                <matrix sid="transform">1 -3.47738e-6 2.70579e-7 16.15108 3.4538e-6 0.9999999 -4.34715e-7 5.814186 -2.71293e-7 4.32639e-7 1 2.92036 0 0 0 1</matrix>
                                <node id="mario_skeleton_ske_L_fing31" name="ske_L_fing31" sid="ske_L_fing31" type="JOINT">
                                  <matrix sid="transform">0.9999858 0.005333152 -5.91385e-10 3.8147e-6 -0.005333057 0.9999858 1.02125e-7 0 1.17143e-9 -1.01714e-7 1 8.9407e-8 0 0 0 1</matrix>
                                  <node id="mario_skeleton_ske_L_fing32" name="ske_L_fing32" sid="ske_L_fing32" type="JOINT">
                                    <matrix sid="transform">0.9999999 -8.38656e-7 -2.79954e-12 7.587299 7.4041e-7 1 5.83725e-10 2.05994e-4 2.36469e-10 -7.87281e-10 1 1.69724e-4 0 0 0 1</matrix>
                                    <node id="mario_skeleton_eff_L_fing3" name="eff_L_fing3" sid="eff_L_fing3" type="JOINT">
                                      <matrix sid="transform">1 -6.333e-8 -1.42109e-14 9.613159 1.10836e-7 1 -3.1838e-10 2.44141e-4 -3.0559e-10 4.5975e-10 1 2.15024e-4 0 0 0 1</matrix>
                                      <extra>
                                        <technique profile="blender">
                                          <layer sid="layer" type="string">0</layer>
                                          <roll sid="roll" type="float">-1.52473e-7</roll>
                                          <tip_x sid="tip_x" type="float">0.002716064</tip_x>
                                          <tip_y sid="tip_y" type="float">0.548439</tip_y>
                                          <tip_z sid="tip_z" type="float">-3.57628e-7</tip_z>
                                        </technique>
                                      </extra>
                                    </node>
                                    <extra>
                                      <technique profile="blender">
                                        <layer sid="layer" type="string">0</layer>
                                        <roll sid="roll" type="float">-1.52473e-7</roll>
                                        <tip_x sid="tip_x" type="float">0.002716064</tip_x>
                                        <tip_y sid="tip_y" type="float">0.548439</tip_y>
                                        <tip_z sid="tip_z" type="float">-3.57628e-7</tip_z>
                                      </technique>
                                    </extra>
                                  </node>
                                  <extra>
                                    <technique profile="blender">
                                      <layer sid="layer" type="string">0</layer>
                                      <roll sid="roll" type="float">-1.52473e-7</roll>
                                      <tip_x sid="tip_x" type="float">0.002716064</tip_x>
                                      <tip_y sid="tip_y" type="float">0.548439</tip_y>
                                      <tip_z sid="tip_z" type="float">-3.57628e-7</tip_z>
                                    </technique>
                                  </extra>
                                </node>
                                <extra>
                                  <technique profile="blender">
                                    <layer sid="layer" type="string">0</layer>
                                    <roll sid="roll" type="float">-1.50753e-7</roll>
                                    <tip_x sid="tip_x" type="float">-1.98364e-4</tip_x>
                                    <tip_y sid="tip_y" type="float">0.5484467</tip_y>
                                    <tip_z sid="tip_z" type="float">-3.57628e-7</tip_z>
                                  </technique>
                                </extra>
                              </node>
                              <node id="mario_skeleton_root_L_fing4" name="root_L_fing4" sid="root_L_fing4" type="JOINT">
                                <matrix sid="transform">1 3.4888e-10 2.70614e-7 15.90951 -2.39073e-8 0.9999999 -5.68434e-14 5.628883 -2.7133e-7 -2.07729e-9 1 -2.879649 0 0 0 1</matrix>
                                <node id="mario_skeleton_ske_L_fing41" name="ske_L_fing41" sid="ske_L_fing41" type="JOINT">
                                  <matrix sid="transform">0.9998811 -0.01541716 -4.0548e-9 -3.8147e-6 0.01541713 0.999881 3.41035e-7 0 4.23825e-10 -3.35807e-7 0.9999999 9.53674e-7 0 0 0 1</matrix>
                                  <node id="mario_skeleton_ske_L_fing42" name="ske_L_fing42" sid="ske_L_fing42" type="JOINT">
                                    <matrix sid="transform">0.999092 0.04260137 -2.66354e-8 7.052433 -0.04260144 0.9990922 -9.40314e-7 -6.40869e-4 -1.7073e-8 9.40015e-7 1 1.57833e-4 0 0 0 1</matrix>
                                    <node id="mario_skeleton_eff_L_fing4" name="eff_L_fing4" sid="eff_L_fing4" type="JOINT">
                                      <matrix sid="transform">0.9999999 -1.81608e-6 -1.94262e-11 9.015694 1.60933e-6 1 -9.44575e-9 0.001480103 2.13186e-9 1.8318e-8 1 2.01702e-4 0 0 0 1</matrix>
                                      <extra>
                                        <technique profile="blender">
                                          <layer sid="layer" type="string">0</layer>
                                          <roll sid="roll" type="float">-1.59156e-7</roll>
                                          <tip_x sid="tip_x" type="float">0.01467132</tip_x>
                                          <tip_y sid="tip_y" type="float">0.5482483</tip_y>
                                          <tip_z sid="tip_z" type="float">-4.76837e-7</tip_z>
                                        </technique>
                                      </extra>
                                    </node>
                                    <extra>
                                      <technique profile="blender">
                                        <layer sid="layer" type="string">0</layer>
                                        <roll sid="roll" type="float">-1.59156e-7</roll>
                                        <tip_x sid="tip_x" type="float">0.01467132</tip_x>
                                        <tip_y sid="tip_y" type="float">0.5482483</tip_y>
                                        <tip_z sid="tip_z" type="float">-4.76837e-7</tip_z>
                                      </technique>
                                    </extra>
                                  </node>
                                  <extra>
                                    <technique profile="blender">
                                      <layer sid="layer" type="string">0</layer>
                                      <roll sid="roll" type="float">-1.45945e-7</roll>
                                      <tip_x sid="tip_x" type="float">-0.008628845</tip_x>
                                      <tip_y sid="tip_y" type="float">0.548378</tip_y>
                                      <tip_z sid="tip_z" type="float">-4.76837e-7</tip_z>
                                    </technique>
                                  </extra>
                                </node>
                                <extra>
                                  <technique profile="blender">
                                    <layer sid="layer" type="string">0</layer>
                                    <roll sid="roll" type="float">-1.50757e-7</roll>
                                    <tip_x sid="tip_x" type="float">-1.98364e-4</tip_x>
                                    <tip_y sid="tip_y" type="float">0.5484467</tip_y>
                                    <tip_z sid="tip_z" type="float">-4.76837e-7</tip_z>
                                  </technique>
                                </extra>
                              </node>
                              <node id="mario_skeleton_root_L_fing5" name="root_L_fing5" sid="root_L_fing5" type="JOINT">
                                <matrix sid="transform">1 1.73922e-6 2.70474e-7 15.42929 -1.76277e-6 0.9999999 -5.68434e-13 4.344872 -2.71191e-7 -2.07734e-9 1 -8.319664 0 0 0 1</matrix>
                                <node id="mario_skeleton_ske_L_fing51" name="ske_L_fing51" sid="ske_L_fing51" type="JOINT">
                                  <matrix sid="transform">0.9986848 -0.05126878 -3.13996e-8 7.62939e-6 0.05126882 0.9986849 2.67228e-7 6.10352e-5 2.24099e-9 -2.62407e-7 1 -1.90735e-6 0 0 0 1</matrix>
                                  <node id="mario_skeleton_ske_L_fing52" name="ske_L_fing52" sid="ske_L_fing52" type="JOINT">
                                    <matrix sid="transform">0.9968919 0.07878138 -8.73149e-8 4.873466 -0.07878154 0.996892 -1.73409e-6 -0.001487732 -5.74364e-8 1.72675e-6 1 1.08719e-4 0 0 0 1</matrix>
                                    <node id="mario_skeleton_eff_L_fing5" name="eff_L_fing5" sid="eff_L_fing5" type="JOINT">
                                      <matrix sid="transform">1 -8.9407e-7 -5.5735e-11 6.416656 9.12679e-7 1 -8.17209e-9 9.99451e-4 7.51788e-9 7.50864e-9 1 1.44005e-4 0 0 0 1</matrix>
                                      <extra>
                                        <technique profile="blender">
                                          <layer sid="layer" type="string">0</layer>
                                          <roll sid="roll" type="float">-1.60569e-7</roll>
                                          <tip_x sid="tip_x" type="float">0.01487731</tip_x>
                                          <tip_y sid="tip_y" type="float">0.5482407</tip_y>
                                          <tip_z sid="tip_z" type="float">0</tip_z>
                                        </technique>
                                      </extra>
                                    </node>
                                    <extra>
                                      <technique profile="blender">
                                        <layer sid="layer" type="string">0</layer>
                                        <roll sid="roll" type="float">-1.60569e-7</roll>
                                        <tip_x sid="tip_x" type="float">0.01487731</tip_x>
                                        <tip_y sid="tip_y" type="float">0.5482407</tip_y>
                                        <tip_z sid="tip_z" type="float">0</tip_z>
                                      </technique>
                                    </extra>
                                  </node>
                                  <extra>
                                    <technique profile="blender">
                                      <layer sid="layer" type="string">0</layer>
                                      <roll sid="roll" type="float">-1.32172e-7</roll>
                                      <tip_x sid="tip_x" type="float">-0.02823257</tip_x>
                                      <tip_y sid="tip_y" type="float">0.5477219</tip_y>
                                      <tip_z sid="tip_z" type="float">0</tip_z>
                                    </technique>
                                  </extra>
                                </node>
                                <extra>
                                  <technique profile="blender">
                                    <layer sid="layer" type="string">0</layer>
                                    <roll sid="roll" type="float">-1.5074e-7</roll>
                                    <tip_x sid="tip_x" type="float">-1.98364e-4</tip_x>
                                    <tip_y sid="tip_y" type="float">0.5484467</tip_y>
                                    <tip_z sid="tip_z" type="float">0</tip_z>
                                  </technique>
                                </extra>
                              </node>
                              <extra>
                                <technique profile="blender">
                                  <layer sid="layer" type="string">0</layer>
                                  <roll sid="roll" type="float">-1.50757e-7</roll>
                                  <tip_x sid="tip_x" type="float">-1.98364e-4</tip_x>
                                  <tip_y sid="tip_y" type="float">0.5484467</tip_y>
                                  <tip_z sid="tip_z" type="float">-4.76837e-7</tip_z>
                                </technique>
                              </extra>
                            </node>
                            <extra>
                              <technique profile="blender">
                                <layer sid="layer" type="string">0</layer>
                                <roll sid="roll" type="float">-1.50871e-7</roll>
                                <tip_x sid="tip_x" type="float">0</tip_x>
                                <tip_y sid="tip_y" type="float">0.5484467</tip_y>
                                <tip_z sid="tip_z" type="float">-4.76837e-7</tip_z>
                              </technique>
                            </extra>
                          </node>
                          <extra>
                            <technique profile="blender">
                              <layer sid="layer" type="string">0</layer>
                              <roll sid="roll" type="float">-0.03103375</roll>
                              <tip_x sid="tip_x" type="float">0.01701927</tip_x>
                              <tip_y sid="tip_y" type="float">0</tip_y>
                              <tip_z sid="tip_z" type="float">-0.5481813</tip_z>
                            </technique>
                          </extra>
                        </node>
                        <extra>
                          <technique profile="blender">
                            <layer sid="layer" type="string">0</layer>
                            <roll sid="roll" type="float">0.03114664</roll>
                            <tip_x sid="tip_x" type="float">-0.01707839</tip_x>
                            <tip_y sid="tip_y" type="float">0</tip_y>
                            <tip_z sid="tip_z" type="float">-0.5481796</tip_z>
                          </technique>
                        </extra>
                      </node>
                      <extra>
                        <technique profile="blender">
                          <layer sid="layer" type="string">0</layer>
                          <roll sid="roll" type="float">1.49005e-7</roll>
                          <tip_x sid="tip_x" type="float">0</tip_x>
                          <tip_y sid="tip_y" type="float">0</tip_y>
                          <tip_z sid="tip_z" type="float">-0.5484455</tip_z>
                        </technique>
                      </extra>
                    </node>
                    <extra>
                      <technique profile="blender">
                        <layer sid="layer" type="string">0</layer>
                        <roll sid="roll" type="float">0.01289141</roll>
                        <tip_x sid="tip_x" type="float">-0.007070302</tip_x>
                        <tip_y sid="tip_y" type="float">0</tip_y>
                        <tip_z sid="tip_z" type="float">-0.5483999</tip_z>
                      </technique>
                    </extra>
                  </node>
                  <extra>
                    <technique profile="blender">
                      <layer sid="layer" type="string">0</layer>
                      <roll sid="roll" type="float">-3.43119e-7</roll>
                      <tip_x sid="tip_x" type="float">0</tip_x>
                      <tip_y sid="tip_y" type="float">0</tip_y>
                      <tip_z sid="tip_z" type="float">-0.5484455</tip_z>
                    </technique>
                  </extra>
                </node>
                <node id="mario_skeleton_root_R_shoulder" name="root_R_shoulder" sid="root_R_shoulder" type="JOINT">
                  <matrix sid="transform">1.32313e-7 0.007574512 0.9999714 20.76582 8.63815e-6 -0.9999714 0.007574504 1.064718 1.001198 -4.34512e-7 -3.34883e-7 -2.950602 0 0 0 1</matrix>
                  <node id="mario_skeleton_Ske_R_shoulder" name="Ske_R_shoulder" sid="Ske_R_shoulder" type="JOINT">
                    <matrix sid="transform">-0.9983399 -0.01185539 -6.43983e-8 -9.53674e-7 0.01185532 -0.9999297 2.60218e-9 0 -3.10974e-7 -2.94986e-9 1 -1.52588e-5 0 0 0 1</matrix>
                    <node id="mario_skeleton_eff_R_shoulder" name="eff_R_shoulder" sid="eff_R_shoulder" type="JOINT">
                      <matrix sid="transform">1 1.73971e-6 4.76135e-7 14.12955 -1.71922e-6 0.9999999 -9.9962e-10 -1.19209e-6 -7.8777e-7 -2.9504e-9 1 -7.62939e-6 0 0 0 1</matrix>
                      <extra>
                        <technique profile="blender">
                          <layer sid="layer" type="string">0</layer>
                          <roll sid="roll" type="float">3.129724</roll>
                          <tip_x sid="tip_x" type="float">-0.00650978</tip_x>
                          <tip_y sid="tip_y" type="float">0</tip_y>
                          <tip_z sid="tip_z" type="float">0.5484068</tip_z>
                        </technique>
                      </extra>
                    </node>
                    <node id="mario_skeleton_root_R_arm" name="root_R_arm" sid="root_R_arm" type="JOINT">
                      <matrix sid="transform">-0.9997021 0.0127459 -1.16501e-6 14.37443 -0.01274592 -0.9999187 -1.58407e-8 -0.1002321 -8.53275e-7 -1.01402e-9 1 0.004707336 0 0 0 1</matrix>
                      <node id="mario_skeleton_ske_R_arm1" name="ske_R_arm1" sid="ske_R_arm1" type="JOINT">
                        <matrix sid="transform">-0.9995579 -0.03222855 -2.98048e-6 1.14441e-5 0.03222854 -0.9994806 6.93736e-8 -1.66893e-6 -3.02113e-6 -3.0956e-8 0.9999999 -7.62939e-6 0 0 0 1</matrix>
                        <node id="mario_skeleton_ske_R_arm2" name="ske_R_arm2" sid="ske_R_arm2" type="JOINT">
                          <matrix sid="transform">0.9977334 -0.06729063 -3.57576e-6 13.41069 0.06729063 0.9977334 -1.21275e-7 3.36885e-4 3.23674e-6 -9.78213e-8 1 7.62939e-6 0 0 0 1</matrix>
                          <node id="mario_skeleton_eff_R_arm" name="eff_R_arm" sid="eff_R_arm" type="JOINT">
                            <matrix sid="transform">1 1.73599e-6 3.72943e-6 12.30342 -1.73971e-6 1 1.44211e-8 -5.94139e-4 -3.74196e-6 -1.97148e-8 1 -1.52588e-5 0 0 0 1</matrix>
                            <extra>
                              <technique profile="blender">
                                <layer sid="layer" type="string">0</layer>
                                <roll sid="roll" type="float">-3.10563</roll>
                                <tip_x sid="tip_x" type="float">0.01971817</tip_x>
                                <tip_y sid="tip_y" type="float">0</tip_y>
                                <tip_z sid="tip_z" type="float">0.5480909</tip_z>
                              </technique>
                            </extra>
                          </node>
                          <node id="mario_skeleton_root_R_hand" name="root_R_hand" sid="root_R_hand" type="JOINT">
                            <matrix sid="transform">-0.9994701 -0.03509731 -9.442e-7 14.5957 0.0350973 -0.999384 1.00382e-7 -0.01907492 -9.35246e-7 7.28984e-8 1 -0.001289368 0 0 0 1</matrix>
                            <node id="mario_skeleton_ske_R_hand" name="ske_R_hand" sid="ske_R_hand" type="JOINT">
                              <matrix sid="transform">-1 0.004049496 2.21837e-4 0 -0.004049496 -0.9999918 8.7421e-7 -2.38419e-7 2.22071e-4 8.01094e-9 0.9999999 0 0 0 0 1</matrix>
                              <node id="mario_skeleton_eff_R_hand" name="eff_R_hand" sid="eff_R_hand" type="JOINT">
                                <matrix sid="transform">0.9999999 0 -8.32718e-8 13.68547 2.32831e-9 1 -3.78918e-10 -1.96457e-4 4.41361e-8 2.07024e-10 1 2.28882e-5 0 0 0 1</matrix>
                                <extra>
                                  <technique profile="blender">
                                    <layer sid="layer" type="string">0</layer>
                                    <roll sid="roll" type="float">-3.136892</roll>
                                    <tip_x sid="tip_x" type="float">0.002700805</tip_x>
                                    <tip_y sid="tip_y" type="float">0</tip_y>
                                    <tip_z sid="tip_z" type="float">0.548439</tip_z>
                                  </technique>
                                </extra>
                              </node>
                              <node id="mario_skeleton_itemhook-r" name="itemhook-r" sid="itemhook-r" type="JOINT">
                                <matrix sid="transform">-0.9999823 0.002674374 0.005305897 13.25335 0.005305916 1.03246e-6 0.9999859 0.282619 0.002674372 0.9999962 -1.50628e-5 5.245255 0 0 0 1</matrix>
                                <extra>
                                  <technique profile="blender">
                                    <layer sid="layer" type="string">0</layer>
                                    <roll sid="roll" type="float">-3.80201e-4</roll>
                                    <tip_x sid="tip_x" type="float">-0.001342773</tip_x>
                                    <tip_y sid="tip_y" type="float">0.5484467</tip_y>
                                    <tip_z sid="tip_z" type="float">7.15256e-6</tip_z>
                                  </technique>
                                </extra>
                              </node>
                              <node id="mario_skeleton_root_R_fing1" name="root_R_fing1" sid="root_R_fing1" type="JOINT">
                                <matrix sid="transform">-0.9942649 -0.005273975 0.00266892 9.869911 0.005273994 -0.9999861 6.20045e-7 12.07992 0.002685613 1.47808e-5 0.9999964 -4.07975 0 0 0 1</matrix>
                                <node id="mario_skeleton_ske_R_fing11" name="ske_R_fing11" sid="ske_R_fing11" type="JOINT">
                                  <matrix sid="transform">-0.8622957 0.5064056 -1.36238e-4 -3.8147e-6 -0.5064056 -0.8622953 -9.51311e-5 7.62939e-6 -1.65685e-4 -1.30228e-5 0.9999999 -7.62939e-6 0 0 0 1</matrix>
                                  <node id="mario_skeleton_ske_R_fing12" name="ske_R_fing12" sid="ske_R_fing12" type="JOINT">
                                    <matrix sid="transform">0.9968897 0.07879454 -0.001527403 5.063663 -0.07879445 0.9968908 1.30064e-4 -0.02717972 0.001532957 -9.24695e-6 0.9999989 1.44958e-4 0 0 0 1</matrix>
                                    <node id="mario_skeleton_eff_R_fing1" name="eff_R_fing1" sid="eff_R_fing1" type="JOINT">
                                      <matrix sid="transform">1 -6.07967e-6 -1.38774e-5 6.785145 6.07967e-6 0.9999999 -3.26545e-8 -0.03270531 1.38857e-5 9.65665e-8 1 1.75476e-4 0 0 0 1</matrix>
                                      <extra>
                                        <technique profile="blender">
                                          <layer sid="layer" type="string">0</layer>
                                          <roll sid="roll" type="float">-2.691394</roll>
                                          <tip_x sid="tip_x" type="float">0.2382431</tip_x>
                                          <tip_y sid="tip_y" type="float">5.64575e-4</tip_y>
                                          <tip_z sid="tip_z" type="float">0.4939976</tip_z>
                                        </technique>
                                      </extra>
                                    </node>
                                    <extra>
                                      <technique profile="blender">
                                        <layer sid="layer" type="string">0</layer>
                                        <roll sid="roll" type="float">-2.691394</roll>
                                        <tip_x sid="tip_x" type="float">0.2382392</tip_x>
                                        <tip_y sid="tip_y" type="float">5.64575e-4</tip_y>
                                        <tip_z sid="tip_z" type="float">0.4939976</tip_z>
                                      </technique>
                                    </extra>
                                  </node>
                                  <extra>
                                    <technique profile="blender">
                                      <layer sid="layer" type="string">0</layer>
                                      <roll sid="roll" type="float">-2.611343</roll>
                                      <tip_x sid="tip_x" type="float">0.2762947</tip_x>
                                      <tip_y sid="tip_y" type="float">6.71387e-4</tip_y>
                                      <tip_z sid="tip_z" type="float">0.4737654</tip_z>
                                    </technique>
                                  </extra>
                                </node>
                                <extra>
                                  <technique profile="blender">
                                    <layer sid="layer" type="string">0</layer>
                                    <roll sid="roll" type="float">-0.002790093</roll>
                                    <tip_x sid="tip_x" type="float">1.90735e-4</tip_x>
                                    <tip_y sid="tip_y" type="float">7.62939e-6</tip_y>
                                    <tip_z sid="tip_z" type="float">-0.5484457</tip_z>
                                  </technique>
                                </extra>
                              </node>
                              <node id="mario_skeleton_root_R_fing2" name="root_R_fing2" sid="root_R_fing2" type="JOINT">
                                <matrix sid="transform">-0.9999866 0.002665683 0.004432711 15.69296 0.004432729 1.73887e-6 0.9999902 8.334772 0.002665689 0.9999964 -1.34594e-5 4.497833 0 0 0 1</matrix>
                                <node id="mario_skeleton_ske_R_fing21" name="ske_R_fing21" sid="ske_R_fing21" type="JOINT">
                                  <matrix sid="transform">-0.9990135 -0.04179696 0.002139902 3.8147e-6 0.04179686 -0.9991261 -9.00416e-5 7.62939e-6 0.002141552 -5.21507e-7 0.9999978 9.53674e-7 0 0 0 1</matrix>
                                  <node id="mario_skeleton_ske_R_fing22" name="ske_R_fing22" sid="ske_R_fing22" type="JOINT">
                                    <matrix sid="transform">0.992469 -0.1224769 0.002107189 6.825233 0.1224766 0.9924713 2.58141e-4 2.5177e-4 -0.00212293 1.88497e-6 0.9999977 -1.26839e-4 0 0 0 1</matrix>
                                    <node id="mario_skeleton_eff_R_fing2" name="eff_R_fing2" sid="eff_R_fing2" type="JOINT">
                                      <matrix sid="transform">1 -1.66097e-6 1.10624e-6 8.474537 1.7558e-6 1 -3.37604e-9 -7.5531e-4 -1.1003e-6 5.26779e-9 0.9999999 -1.88828e-4 0 0 0 1</matrix>
                                      <extra>
                                        <technique profile="blender">
                                          <layer sid="layer" type="string">0</layer>
                                          <roll sid="roll" type="float">0.007074117</roll>
                                          <tip_x sid="tip_x" type="float">0.04566955</tip_x>
                                          <tip_y sid="tip_y" type="float">-0.5465393</tip_y>
                                          <tip_z sid="tip_z" type="float">-1.73092e-4</tip_z>
                                        </technique>
                                      </extra>
                                    </node>
                                    <extra>
                                      <technique profile="blender">
                                        <layer sid="layer" type="string">0</layer>
                                        <roll sid="roll" type="float">0.007074117</roll>
                                        <tip_x sid="tip_x" type="float">0.04566955</tip_x>
                                        <tip_y sid="tip_y" type="float">-0.5465393</tip_y>
                                        <tip_z sid="tip_z" type="float">-1.73092e-4</tip_z>
                                      </technique>
                                    </extra>
                                  </node>
                                  <extra>
                                    <technique profile="blender">
                                      <layer sid="layer" type="string">0</layer>
                                      <roll sid="roll" type="float">-0.002282023</roll>
                                      <tip_x sid="tip_x" type="float">-0.02157592</tip_x>
                                      <tip_y sid="tip_y" type="float">-0.5480194</tip_y>
                                      <tip_z sid="tip_z" type="float">3.8147e-6</tip_z>
                                    </technique>
                                  </extra>
                                </node>
                                <extra>
                                  <technique profile="blender">
                                    <layer sid="layer" type="string">0</layer>
                                    <roll sid="roll" type="float">4.92973e-4</roll>
                                    <tip_x sid="tip_x" type="float">-0.001338958</tip_x>
                                    <tip_y sid="tip_y" type="float">0.5484467</tip_y>
                                    <tip_z sid="tip_z" type="float">7.62939e-6</tip_z>
                                  </technique>
                                </extra>
                              </node>
                              <node id="mario_skeleton_root_R_fing3" name="root_R_fing3" sid="root_R_fing3" type="JOINT">
                                <matrix sid="transform">-0.9999866 0.002667422 0.004432542 16.12379 0.004432561 1.73887e-6 0.9999902 2.840458 0.002667428 0.9999964 -1.34759e-5 5.816452 0 0 0 1</matrix>
                                <node id="mario_skeleton_ske_R_fing31" name="ske_R_fing31" sid="ske_R_fing31" type="JOINT">
                                  <matrix sid="transform">-0.9998947 0.005085989 -2.84275e-4 1.14441e-5 -0.005086082 -0.9999871 -1.38097e-6 0 -2.84255e-4 6.48106e-8 0.9999999 2.98023e-8 0 0 0 1</matrix>
                                  <node id="mario_skeleton_ske_R_fing32" name="ske_R_fing32" sid="ske_R_fing32" type="JOINT">
                                    <matrix sid="transform">0.9999957 -0.002978591 -2.10667e-4 7.568916 0.002978487 0.9999955 -6.3872e-7 -7.62939e-5 2.10667e-4 1.11304e-8 1 -8.42214e-5 0 0 0 1</matrix>
                                    <node id="mario_skeleton_eff_R_fing3" name="eff_R_fing3" sid="eff_R_fing3" type="JOINT">
                                      <matrix sid="transform">1 -3.13179e-8 -4.26604e-7 9.589867 -1.12506e-7 0.9999999 -8.78572e-10 -5.34058e-5 4.26633e-7 8.24002e-10 1 -2.02894e-4 0 0 0 1</matrix>
                                      <extra>
                                        <technique profile="blender">
                                          <layer sid="layer" type="string">0</layer>
                                          <roll sid="roll" type="float">0.002802193</roll>
                                          <tip_x sid="tip_x" type="float">0.005760192</tip_x>
                                          <tip_y sid="tip_y" type="float">-0.5484161</tip_y>
                                          <tip_z sid="tip_z" type="float">-9.26852e-6</tip_z>
                                        </technique>
                                      </extra>
                                    </node>
                                    <extra>
                                      <technique profile="blender">
                                        <layer sid="layer" type="string">0</layer>
                                        <roll sid="roll" type="float">0.002801895</roll>
                                        <tip_x sid="tip_x" type="float">0.005760192</tip_x>
                                        <tip_y sid="tip_y" type="float">-0.5484161</tip_y>
                                        <tip_z sid="tip_z" type="float">-9.26852e-6</tip_z>
                                      </technique>
                                    </extra>
                                  </node>
                                  <extra>
                                    <technique profile="blender">
                                      <layer sid="layer" type="string">0</layer>
                                      <roll sid="roll" type="float">0.004099249</roll>
                                      <tip_x sid="tip_x" type="float">0.004127502</tip_x>
                                      <tip_y sid="tip_y" type="float">-0.5484314</tip_y>
                                      <tip_z sid="tip_z" type="float">-8.91089e-6</tip_z>
                                    </technique>
                                  </extra>
                                </node>
                                <extra>
                                  <technique profile="blender">
                                    <layer sid="layer" type="string">0</layer>
                                    <roll sid="roll" type="float">4.92973e-4</roll>
                                    <tip_x sid="tip_x" type="float">-0.001338958</tip_x>
                                    <tip_y sid="tip_y" type="float">0.5484467</tip_y>
                                    <tip_z sid="tip_z" type="float">7.53999e-6</tip_z>
                                  </technique>
                                </extra>
                              </node>
                              <node id="mario_skeleton_root_R_fing4" name="root_R_fing4" sid="root_R_fing4" type="JOINT">
                                <matrix sid="transform">-0.9999866 0.00266568 0.004432708 15.8543 0.004432727 2.17358e-6 0.9999901 -2.958288 0.002665685 0.9999961 -1.3852e-5 5.631111 0 0 0 1</matrix>
                                <node id="mario_skeleton_ske_R_fing41" name="ske_R_fing41" sid="ske_R_fing41" type="JOINT">
                                  <matrix sid="transform">-1.000949 -0.01602439 -2.86176e-4 0 0.01602418 -0.9998716 4.53171e-6 7.62939e-6 -2.86506e-4 -5.6742e-8 0.9999999 4.76837e-7 0 0 0 1</matrix>
                                  <node id="mario_skeleton_ske_R_fing42" name="ske_R_fing42" sid="ske_R_fing42" type="JOINT">
                                    <matrix sid="transform">0.9982475 -0.05917722 -2.48407e-4 7.027138 0.05917708 0.9982476 -1.30237e-5 -4.57764e-5 2.48731e-4 -1.69756e-6 0.9999999 1.81675e-4 0 0 0 1</matrix>
                                    <node id="mario_skeleton_eff_R_fing4" name="eff_R_fing4" sid="eff_R_fing4" type="JOINT">
                                      <matrix sid="transform">1 6.50002e-8 4.41418e-7 8.983383 -4.29868e-8 1 -2.55568e-9 5.72205e-4 -4.3551e-7 6.85395e-9 1 -2.6083e-4 0 0 0 1</matrix>
                                      <extra>
                                        <technique profile="blender">
                                          <layer sid="layer" type="string">0</layer>
                                          <roll sid="roll" type="float">4.58149e-4</roll>
                                          <tip_x sid="tip_x" type="float">0.02503967</tip_x>
                                          <tip_y sid="tip_y" type="float">-0.5478745</tip_y>
                                          <tip_z sid="tip_z" type="float">-1.14441e-5</tip_z>
                                        </technique>
                                      </extra>
                                    </node>
                                    <extra>
                                      <technique profile="blender">
                                        <layer sid="layer" type="string">0</layer>
                                        <roll sid="roll" type="float">4.57847e-4</roll>
                                        <tip_x sid="tip_x" type="float">0.02503967</tip_x>
                                        <tip_y sid="tip_y" type="float">-0.5478745</tip_y>
                                        <tip_z sid="tip_z" type="float">-1.14441e-5</tip_z>
                                      </technique>
                                    </extra>
                                  </node>
                                  <extra>
                                    <technique profile="blender">
                                      <layer sid="layer" type="string">0</layer>
                                      <roll sid="roll" type="float">-0.001104176</roll>
                                      <tip_x sid="tip_x" type="float">-0.007446289</tip_x>
                                      <tip_y sid="tip_y" type="float">-0.5483933</tip_y>
                                      <tip_z sid="tip_z" type="float">-3.33786e-6</tip_z>
                                    </technique>
                                  </extra>
                                </node>
                                <extra>
                                  <technique profile="blender">
                                    <layer sid="layer" type="string">0</layer>
                                    <roll sid="roll" type="float">4.92973e-4</roll>
                                    <tip_x sid="tip_x" type="float">-0.001338958</tip_x>
                                    <tip_y sid="tip_y" type="float">0.5484467</tip_y>
                                    <tip_z sid="tip_z" type="float">7.62939e-6</tip_z>
                                  </technique>
                                </extra>
                              </node>
                              <node id="mario_skeleton_root_R_fing5" name="root_R_fing5" sid="root_R_fing5" type="JOINT">
                                <matrix sid="transform">-0.9999866 0.002667419 0.004432779 15.34871 0.004432797 1.73887e-6 0.9999901 -8.395864 0.002667426 0.9999961 -1.33573e-5 4.347046 0 0 0 1</matrix>
                                <node id="mario_skeleton_ske_R_fing51" name="ske_R_fing51" sid="ske_R_fing51" type="JOINT">
                                  <matrix sid="transform">-0.9986038 -0.0513445 -1.25113e-4 -3.8147e-6 0.05134453 -0.998681 6.30017e-6 5.34058e-5 -1.25259e-4 -1.24587e-7 1 9.53674e-7 0 0 0 1</matrix>
                                  <node id="mario_skeleton_ske_R_fing52" name="ske_R_fing52" sid="ske_R_fing52" type="JOINT">
                                    <matrix sid="transform">0.993935 -0.1099685 -1.04445e-4 4.861626 0.1099685 0.993935 -1.53399e-5 2.36511e-4 1.05506e-4 3.74231e-6 0.9999999 -1.72615e-4 0 0 0 1</matrix>
                                    <node id="mario_skeleton_eff_R_fing5" name="eff_R_fing5" sid="eff_R_fing5" type="JOINT">
                                      <matrix sid="transform">1 -8.3563e-7 2.43133e-7 6.401028 7.73803e-7 0.9999999 -2.20462e-8 -4.04358e-4 -2.49856e-7 2.50238e-8 1 1.90735e-6 0 0 0 1</matrix>
                                      <extra>
                                        <technique profile="blender">
                                          <layer sid="layer" type="string">0</layer>
                                          <roll sid="roll" type="float">3.78994e-4</roll>
                                          <tip_x sid="tip_x" type="float">0.0335617</tip_x>
                                          <tip_y sid="tip_y" type="float">-0.5474167</tip_y>
                                          <tip_z sid="tip_z" type="float">-1.43051e-5</tip_z>
                                        </technique>
                                      </extra>
                                    </node>
                                    <extra>
                                      <technique profile="blender">
                                        <layer sid="layer" type="string">0</layer>
                                        <roll sid="roll" type="float">3.78692e-4</roll>
                                        <tip_x sid="tip_x" type="float">0.0335617</tip_x>
                                        <tip_y sid="tip_y" type="float">-0.5474167</tip_y>
                                        <tip_z sid="tip_z" type="float">-1.43051e-5</tip_z>
                                      </technique>
                                    </extra>
                                  </node>
                                  <extra>
                                    <technique profile="blender">
                                      <layer sid="layer" type="string">0</layer>
                                      <roll sid="roll" type="float">1.29356e-4</roll>
                                      <tip_x sid="tip_x" type="float">-0.02680969</tip_x>
                                      <tip_y sid="tip_y" type="float">-0.5477905</tip_y>
                                      <tip_z sid="tip_z" type="float">6.67572e-6</tip_z>
                                    </technique>
                                  </extra>
                                </node>
                                <extra>
                                  <technique profile="blender">
                                    <layer sid="layer" type="string">0</layer>
                                    <roll sid="roll" type="float">4.92973e-4</roll>
                                    <tip_x sid="tip_x" type="float">-0.001338958</tip_x>
                                    <tip_y sid="tip_y" type="float">0.5484467</tip_y>
                                    <tip_z sid="tip_z" type="float">7.62939e-6</tip_z>
                                  </technique>
                                </extra>
                              </node>
                              <extra>
                                <technique profile="blender">
                                  <layer sid="layer" type="string">0</layer>
                                  <roll sid="roll" type="float">-3.136892</roll>
                                  <tip_x sid="tip_x" type="float">0.002700805</tip_x>
                                  <tip_y sid="tip_y" type="float">0</tip_y>
                                  <tip_z sid="tip_z" type="float">0.5484388</tip_z>
                                </technique>
                              </extra>
                            </node>
                            <extra>
                              <technique profile="blender">
                                <layer sid="layer" type="string">0</layer>
                                <roll sid="roll" type="float">8.78674e-4</roll>
                                <tip_x sid="tip_x" type="float">-4.80652e-4</tip_x>
                                <tip_y sid="tip_y" type="float">0</tip_y>
                                <tip_z sid="tip_z" type="float">-0.5484455</tip_z>
                              </technique>
                            </extra>
                          </node>
                          <extra>
                            <technique profile="blender">
                              <layer sid="layer" type="string">0</layer>
                              <roll sid="roll" type="float">-3.10563</roll>
                              <tip_x sid="tip_x" type="float">0.01972007</tip_x>
                              <tip_y sid="tip_y" type="float">0</tip_y>
                              <tip_z sid="tip_z" type="float">0.5480909</tip_z>
                            </technique>
                          </extra>
                        </node>
                        <extra>
                          <technique profile="blender">
                            <layer sid="layer" type="string">0</layer>
                            <roll sid="roll" type="float">3.110252</roll>
                            <tip_x sid="tip_x" type="float">-0.01718711</tip_x>
                            <tip_y sid="tip_y" type="float">0</tip_y>
                            <tip_z sid="tip_z" type="float">0.5481761</tip_z>
                          </technique>
                        </extra>
                      </node>
                      <extra>
                        <technique profile="blender">
                          <layer sid="layer" type="string">0</layer>
                          <roll sid="roll" type="float">8.73628e-4</roll>
                          <tip_x sid="tip_x" type="float">-4.78744e-4</tip_x>
                          <tip_y sid="tip_y" type="float">0</tip_y>
                          <tip_z sid="tip_z" type="float">-0.5484452</tip_z>
                        </technique>
                      </extra>
                    </node>
                    <extra>
                      <technique profile="blender">
                        <layer sid="layer" type="string">0</layer>
                        <roll sid="roll" type="float">3.129723</roll>
                        <tip_x sid="tip_x" type="float">-0.00650978</tip_x>
                        <tip_y sid="tip_y" type="float">0</tip_y>
                        <tip_z sid="tip_z" type="float">0.5484068</tip_z>
                      </technique>
                    </extra>
                  </node>
                  <extra>
                    <technique profile="blender">
                      <layer sid="layer" type="string">0</layer>
                      <roll sid="roll" type="float">-3.3951e-7</roll>
                      <tip_x sid="tip_x" type="float">0</tip_x>
                      <tip_y sid="tip_y" type="float">0</tip_y>
                      <tip_z sid="tip_z" type="float">-0.5484455</tip_z>
                    </technique>
                  </extra>
                </node>
                <extra>
                  <technique profile="blender">
                    <layer sid="layer" type="string">0</layer>
                    <roll sid="roll" type="float">1.570796</roll>
                    <tip_x sid="tip_x" type="float">-2.00141e-7</tip_x>
                    <tip_y sid="tip_y" type="float">0.004154205</tip_y>
                    <tip_z sid="tip_z" type="float">0.5484297</tip_z>
                  </technique>
                </extra>
              </node>
              <extra>
                <technique profile="blender">
                  <layer sid="layer" type="string">0</layer>
                  <roll sid="roll" type="float">1.570796</roll>
                  <tip_x sid="tip_x" type="float">5.52315e-6</tip_x>
                  <tip_y sid="tip_y" type="float">0.5484467</tip_y>
                  <tip_z sid="tip_z" type="float">0</tip_z>
                </technique>
              </extra>
            </node>
            <node id="mario_skeleton_root_hip" name="root_hip" sid="root_hip" type="JOINT">
              <matrix sid="transform">3.13916e-7 1.00705e-5 1 0 -2.72848e-12 1 -1.00705e-5 -0.8109818 -1 0 3.13916e-7 0.06499004 0 0 0 1</matrix>
              <node id="mario_skeleton_ske_hip" name="ske_hip" sid="ske_hip" type="JOINT">
                <matrix sid="transform">-3.75371e-12 1 -5.74652e-8 9.53674e-7 -1 0 1.02515e-5 -3.8147e-6 1.02515e-5 5.74652e-8 1 0 0 0 0 1</matrix>
                <node id="mario_skeleton_eff_hip" name="eff_hip" sid="eff_hip" type="JOINT">
                  <matrix sid="transform">1 0 4.26327e-13 15.16807 -3.74331e-12 1 4.26326e-13 5.72205e-6 -4.26324e-13 -4.26326e-13 1 -2.74475e-6 0 0 0 1</matrix>
                  <extra>
                    <technique profile="blender">
                      <layer sid="layer" type="string">0</layer>
                      <roll sid="roll" type="float">1.570796</roll>
                      <tip_x sid="tip_x" type="float">2.03683e-7</tip_x>
                      <tip_y sid="tip_y" type="float">0</tip_y>
                      <tip_z sid="tip_z" type="float">-0.5484457</tip_z>
                    </technique>
                  </extra>
                </node>
                <node id="mario_skeleton_itemhook-body" name="itemhook-body" sid="itemhook-body" type="JOINT">
                  <matrix sid="transform">4.13024e-7 -1 -6.08602e-6 -2.770977 2.52171e-7 6.08603e-6 -1 -3.955011 1 4.19373e-7 2.52174e-7 5.01425e-7 0 0 0 1</matrix>
                  <extra>
                    <technique profile="blender">
                      <layer sid="layer" type="string">0</layer>
                      <roll sid="roll" type="float">-1.32962e-7</roll>
                      <tip_x sid="tip_x" type="float">1.30762e-7</tip_x>
                      <tip_y sid="tip_y" type="float">0.5484467</tip_y>
                      <tip_z sid="tip_z" type="float">-3.13069e-6</tip_z>
                    </technique>
                  </extra>
                </node>
                <node id="mario_skeleton_root_L_leg" name="root_L_leg" sid="root_L_leg" type="JOINT">
                  <matrix sid="transform">0 -1 0 6.887611 1 3.74331e-12 5.74652e-8 -2.246942 -5.74652e-8 0 1 11.33999 0 0 0 1</matrix>
                  <node id="mario_skeleton_ske_L_leg1" name="ske_L_leg1" sid="ske_L_leg1" type="JOINT">
                    <matrix sid="transform">-0.03410972 0.9994181 3.4087e-7 0 -0.9994181 -0.03410963 8.08257e-7 0 2.50557e-7 -3.20777e-7 1 0 0 0 0 1</matrix>
                    <node id="mario_skeleton_ske_L_leg2" name="ske_L_leg2" sid="ske_L_leg2" type="JOINT">
                      <matrix sid="transform">0.9981649 -0.06055434 3.18233e-7 19.64941 0.06055435 0.9981649 -2.62019e-8 5.15757e-5 1.57126e-9 2.6924e-8 0.9999999 -9.53674e-6 0 0 0 1</matrix>
                      <node id="mario_skeleton_eff_L_leg" name="eff_L_leg" sid="eff_L_leg" type="JOINT">
                        <matrix sid="transform">0.9999998 -3.47756e-6 1.31084e-7 30.69315 3.48873e-6 0.9998 -0.01999871 1.11341e-4 8.6622e-9 0.01999872 0.9998 -1.23978e-5 0 0 0 1</matrix>
                        <extra>
                          <technique profile="blender">
                            <layer sid="layer" type="string">0</layer>
                            <roll sid="roll" type="float">1.551319</roll>
                            <tip_x sid="tip_x" type="float">0.0109682</tip_x>
                            <tip_y sid="tip_y" type="float">0.01451748</tip_y>
                            <tip_z sid="tip_z" type="float">-0.5481436</tip_z>
                          </technique>
                        </extra>
                      </node>
                      <node id="mario_skeleton_root_L_shoe" name="root_L_shoe" sid="root_L_shoe" type="JOINT">
                        <matrix sid="transform">0.02647149 -0.9996494 4.00725e-7 14.55641 0.9996496 0.02647144 -4.29548e-7 -0.04999924 4.22881e-7 3.41869e-7 0.9999999 1.04904e-5 0 0 0 1</matrix>
                        <node id="mario_skeleton_ske_L_shoe1" name="ske_L_shoe1" sid="ske_L_shoe1" type="JOINT">
                          <matrix sid="transform">-0.8824594 0.4703872 1.09174e-6 0 -0.4703871 -0.8824601 4.0113e-7 0 1.15956e-6 -1.63531e-7 1 -9.53674e-7 0 0 0 1</matrix>
                          <node id="mario_skeleton_itemhook-fl" name="itemhook-fl" sid="itemhook-fl" type="JOINT">
                            <matrix sid="transform">8.75451e-7 -0.4703861 0.8824608 7.166092 -4.72282e-7 -0.882461 -0.4703859 14.45837 1.000001 3.14125e-7 -1.04628e-6 -2.19345e-5 0 0 0 1</matrix>
                            <extra>
                              <technique profile="blender">
                                <layer sid="layer" type="string">0</layer>
                                <roll sid="roll" type="float">-3.38224e-7</roll>
                                <tip_x sid="tip_x" type="float">0</tip_x>
                                <tip_y sid="tip_y" type="float">0.5484455</tip_y>
                                <tip_z sid="tip_z" type="float">1.19209e-6</tip_z>
                              </technique>
                            </extra>
                          </node>
                          <node id="mario_skeleton_ske_L_shoe2" name="ske_L_shoe2" sid="ske_L_shoe2" type="JOINT">
                            <matrix sid="transform">0.8746067 0.4848332 1.07762e-5 15.1476 -0.4848331 0.8746067 -5.59722e-6 -4.76837e-6 -1.21825e-5 -3.26635e-7 1 -2.00272e-5 0 0 0 1</matrix>
                            <node id="mario_skeleton_eff_L_shoe" name="eff_L_shoe" sid="eff_L_shoe" type="JOINT">
                              <matrix sid="transform">1 1.73785e-6 -5.95466e-7 12.01617 -1.72108e-6 1 6.73981e-8 -7.62939e-6 6.13732e-7 -4.27199e-8 0.9999999 1.31607e-4 0 0 0 1</matrix>
                              <extra>
                                <technique profile="blender">
                                  <layer sid="layer" type="string">0</layer>
                                  <roll sid="roll" type="float">1.570807</roll>
                                  <tip_x sid="tip_x" type="float">0</tip_x>
                                  <tip_y sid="tip_y" type="float">-0.5483713</tip_y>
                                  <tip_z sid="tip_z" type="float">0.009017944</tip_z>
                                </technique>
                              </extra>
                            </node>
                            <extra>
                              <technique profile="blender">
                                <layer sid="layer" type="string">0</layer>
                                <roll sid="roll" type="float">1.570808</roll>
                                <tip_x sid="tip_x" type="float">0</tip_x>
                                <tip_y sid="tip_y" type="float">-0.5483713</tip_y>
                                <tip_z sid="tip_z" type="float">0.00901699</tip_z>
                              </technique>
                            </extra>
                          </node>
                          <extra>
                            <technique profile="blender">
                              <layer sid="layer" type="string">0</layer>
                              <roll sid="roll" type="float">1.570796</roll>
                              <tip_x sid="tip_x" type="float">0</tip_x>
                              <tip_y sid="tip_y" type="float">-0.4839811</tip_y>
                              <tip_z sid="tip_z" type="float">-0.2579819</tip_z>
                            </technique>
                          </extra>
                        </node>
                        <extra>
                          <technique profile="blender">
                            <layer sid="layer" type="string">0</layer>
                            <roll sid="roll" type="float">1.570796</roll>
                            <tip_x sid="tip_x" type="float">0</tip_x>
                            <tip_y sid="tip_y" type="float">0.5484448</tip_y>
                            <tip_z sid="tip_z" type="float">2.38419e-7</tip_z>
                          </technique>
                        </extra>
                      </node>
                      <extra>
                        <technique profile="blender">
                          <layer sid="layer" type="string">0</layer>
                          <roll sid="roll" type="float">1.570796</roll>
                          <tip_x sid="tip_x" type="float">0</tip_x>
                          <tip_y sid="tip_y" type="float">0.01452064</tip_y>
                          <tip_z sid="tip_z" type="float">-0.5482533</tip_z>
                        </technique>
                      </extra>
                    </node>
                    <extra>
                      <technique profile="blender">
                        <layer sid="layer" type="string">0</layer>
                        <roll sid="roll" type="float">1.570796</roll>
                        <tip_x sid="tip_x" type="float">0</tip_x>
                        <tip_y sid="tip_y" type="float">-0.01870727</tip_y>
                        <tip_z sid="tip_z" type="float">-0.5481265</tip_z>
                      </technique>
                    </extra>
                  </node>
                  <extra>
                    <technique profile="blender">
                      <layer sid="layer" type="string">0</layer>
                      <roll sid="roll" type="float">1.570796</roll>
                      <tip_x sid="tip_x" type="float">0</tip_x>
                      <tip_y sid="tip_y" type="float">0.5484467</tip_y>
                      <tip_z sid="tip_z" type="float">0</tip_z>
                    </technique>
                  </extra>
                </node>
                <node id="mario_skeleton_root_R_leg" name="root_R_leg" sid="root_R_leg" type="JOINT">
                  <matrix sid="transform">0 -1 0 6.887604 1 3.74331e-12 5.74652e-8 -2.246941 -5.74652e-8 0 1 -11.34 0 0 0 1</matrix>
                  <node id="mario_skeleton_ske_R_leg1" name="ske_R_leg1" sid="ske_R_leg1" type="JOINT">
                    <matrix sid="transform">-0.03410971 0.9994183 3.28144e-7 0 -0.9994181 -0.03410962 4.33184e-7 0 2.50557e-7 -3.20777e-7 1 0 0 0 0 1</matrix>
                    <node id="mario_skeleton_ske_R_leg2" name="ske_R_leg2" sid="ske_R_leg2" type="JOINT">
                      <matrix sid="transform">0.9981647 -0.06055782 -5.70039e-8 19.6494 0.06055782 0.9981648 -2.71327e-8 5.14807e-5 -1.33123e-8 2.86414e-8 0.9999999 -8.58307e-6 0 0 0 1</matrix>
                      <node id="mario_skeleton_eff_R_leg" name="eff_R_leg" sid="eff_R_leg" type="JOINT">
                        <matrix sid="transform">1 -3.4757e-6 2.53066e-7 30.69316 3.47942e-6 1 -1.14907e-8 4.29153e-6 1.57371e-8 -1.13391e-9 1 -1.14441e-5 0 0 0 1</matrix>
                        <extra>
                          <technique profile="blender">
                            <layer sid="layer" type="string">0</layer>
                            <roll sid="roll" type="float">1.570796</roll>
                            <tip_x sid="tip_x" type="float">0</tip_x>
                            <tip_y sid="tip_y" type="float">0.0145204</tip_y>
                            <tip_z sid="tip_z" type="float">-0.5482533</tip_z>
                          </technique>
                        </extra>
                      </node>
                      <node id="mario_skeleton_root_R_shoe" name="root_R_shoe" sid="root_R_shoe" type="JOINT">
                        <matrix sid="transform">0.02613002 -0.9996586 6.62275e-7 14.55641 0.9996586 0.02612994 -3.24966e-7 -0.05005014 3.01954e-7 4.01499e-7 1 -5.72205e-6 0 0 0 1</matrix>
                        <node id="mario_skeleton_ske_R_shoe1" name="ske_R_shoe1" sid="ske_R_shoe1" type="JOINT">
                          <matrix sid="transform">-0.8824594 0.4703868 7.34963e-7 -2.38419e-7 -0.4703868 -0.8824603 1.80892e-7 1.90735e-6 7.06482e-7 -2.39141e-7 1 1.90735e-6 0 0 0 1</matrix>
                          <node id="mario_skeleton_itemhook-fr" name="itemhook-fr" sid="itemhook-fr" type="JOINT">
                            <matrix sid="transform">5.71932e-7 -0.4706872 0.8823001 7.171075 -2.77433e-7 -0.8823001 -0.4706873 14.4559 1.000001 2.95691e-7 -6.34778e-7 -3.8147e-6 0 0 0 1</matrix>
                            <extra>
                              <technique profile="blender">
                                <layer sid="layer" type="string">0</layer>
                                <roll sid="roll" type="float">-2.33273e-7</roll>
                                <tip_x sid="tip_x" type="float">0</tip_x>
                                <tip_y sid="tip_y" type="float">0.5484455</tip_y>
                                <tip_z sid="tip_z" type="float">2.86102e-6</tip_z>
                              </technique>
                            </extra>
                          </node>
                          <node id="mario_skeleton_ske_R_shoe2" name="ske_R_shoe2" sid="ske_R_shoe2" type="JOINT">
                            <matrix sid="transform">0.8746066 0.4848331 7.74392e-6 15.1476 -0.4848331 0.8746066 -3.9445e-6 -1.90735e-6 -8.67979e-6 -3.0229e-7 1 -1.23978e-5 0 0 0 1</matrix>
                            <node id="mario_skeleton_eff_R_shoe" name="eff_R_shoe" sid="eff_R_shoe" type="JOINT">
                              <matrix sid="transform">1 0 6.37044e-7 12.01615 -4.47035e-8 1 -9.48732e-8 4.76837e-6 -6.39158e-7 5.67404e-8 1 9.44138e-5 0 0 0 1</matrix>
                              <extra>
                                <technique profile="blender">
                                  <layer sid="layer" type="string">0</layer>
                                  <roll sid="roll" type="float">1.570805</roll>
                                  <tip_x sid="tip_x" type="float">0</tip_x>
                                  <tip_y sid="tip_y" type="float">-0.5483742</tip_y>
                                  <tip_z sid="tip_z" type="float">0.008827209</tip_z>
                                </technique>
                              </extra>
                            </node>
                            <extra>
                              <technique profile="blender">
                                <layer sid="layer" type="string">0</layer>
                                <roll sid="roll" type="float">1.570805</roll>
                                <tip_x sid="tip_x" type="float">0</tip_x>
                                <tip_y sid="tip_y" type="float">-0.5483742</tip_y>
                                <tip_z sid="tip_z" type="float">0.008828163</tip_z>
                              </technique>
                            </extra>
                          </node>
                          <extra>
                            <technique profile="blender">
                              <layer sid="layer" type="string">0</layer>
                              <roll sid="roll" type="float">1.570796</roll>
                              <tip_x sid="tip_x" type="float">0</tip_x>
                              <tip_y sid="tip_y" type="float">-0.4838925</tip_y>
                              <tip_z sid="tip_z" type="float">-0.2581489</tip_z>
                            </technique>
                          </extra>
                        </node>
                        <extra>
                          <technique profile="blender">
                            <layer sid="layer" type="string">0</layer>
                            <roll sid="roll" type="float">1.570796</roll>
                            <tip_x sid="tip_x" type="float">0</tip_x>
                            <tip_y sid="tip_y" type="float">0.5484448</tip_y>
                            <tip_z sid="tip_z" type="float">1.89543e-4</tip_z>
                          </technique>
                        </extra>
                      </node>
                      <extra>
                        <technique profile="blender">
                          <layer sid="layer" type="string">0</layer>
                          <roll sid="roll" type="float">1.570796</roll>
                          <tip_x sid="tip_x" type="float">0</tip_x>
                          <tip_y sid="tip_y" type="float">0.01452064</tip_y>
                          <tip_z sid="tip_z" type="float">-0.5482533</tip_z>
                        </technique>
                      </extra>
                    </node>
                    <extra>
                      <technique profile="blender">
                        <layer sid="layer" type="string">0</layer>
                        <roll sid="roll" type="float">1.570796</roll>
                        <tip_x sid="tip_x" type="float">0</tip_x>
                        <tip_y sid="tip_y" type="float">-0.01870727</tip_y>
                        <tip_z sid="tip_z" type="float">-0.5481265</tip_z>
                      </technique>
                    </extra>
                  </node>
                  <extra>
                    <technique profile="blender">
                      <layer sid="layer" type="string">0</layer>
                      <roll sid="roll" type="float">1.570796</roll>
                      <tip_x sid="tip_x" type="float">0</tip_x>
                      <tip_y sid="tip_y" type="float">0.5484467</tip_y>
                      <tip_z sid="tip_z" type="float">0</tip_z>
                    </technique>
                  </extra>
                </node>
                <extra>
                  <technique profile="blender">
                    <layer sid="layer" type="string">0</layer>
                    <roll sid="roll" type="float">1.570796</roll>
                    <tip_x sid="tip_x" type="float">2.03683e-7</tip_x>
                    <tip_y sid="tip_y" type="float">0</tip_y>
                    <tip_z sid="tip_z" type="float">-0.5484457</tip_z>
                  </technique>
                </extra>
              </node>
              <extra>
                <technique profile="blender">
                  <layer sid="layer" type="string">0</layer>
                  <roll sid="roll" type="float">1.570796</roll>
                  <tip_x sid="tip_x" type="float">5.52315e-6</tip_x>
                  <tip_y sid="tip_y" type="float">0.5484467</tip_y>
                  <tip_z sid="tip_z" type="float">0</tip_z>
                </technique>
              </extra>
            </node>
            <extra>
              <technique profile="blender">
                <layer sid="layer" type="string">0</layer>
                <tip_x sid="tip_x" type="float">0</tip_x>
                <tip_y sid="tip_y" type="float">0.5484467</tip_y>
                <tip_z sid="tip_z" type="float">0</tip_z>
              </technique>
            </extra>
          </node>
          <extra>
            <technique profile="blender">
              <layer sid="layer" type="string">0</layer>
              <tip_x sid="tip_x" type="float">0</tip_x>
              <tip_y sid="tip_y" type="float">0.5484455</tip_y>
              <tip_z sid="tip_z" type="float">0</tip_z>
            </technique>
          </extra>
        </node>
        <node id="mario_skeleton_eyelid1_001" name="eyelid1.001" sid="eyelid1_001" type="JOINT">
          <matrix sid="transform">1 0 0 0 0 1 0 0 0 0 1 0 0 0 0 1</matrix>
          <extra>
            <technique profile="blender">
              <layer sid="layer" type="string">0</layer>
              <tip_x sid="tip_x" type="float">0</tip_x>
              <tip_y sid="tip_y" type="float">0.5484455</tip_y>
              <tip_z sid="tip_z" type="float">0</tip_z>
            </technique>
          </extra>
        </node>
        <node id="mario_skeleton_eyelid2_001" name="eyelid2.001" sid="eyelid2_001" type="JOINT">
          <matrix sid="transform">1 0 0 0 0 1 0 0 0 0 1 0 0 0 0 1</matrix>
          <extra>
            <technique profile="blender">
              <layer sid="layer" type="string">0</layer>
              <tip_x sid="tip_x" type="float">0</tip_x>
              <tip_y sid="tip_y" type="float">0.5484455</tip_y>
              <tip_z sid="tip_z" type="float">0</tip_z>
            </technique>
          </extra>
        </node>
        <node id="mario_skeleton_eyelid3_001" name="eyelid3.001" sid="eyelid3_001" type="JOINT">
          <matrix sid="transform">1 0 0 0 0 1 0 0 0 0 1 0 0 0 0 1</matrix>
          <extra>
            <technique profile="blender">
              <layer sid="layer" type="string">0</layer>
              <tip_x sid="tip_x" type="float">0</tip_x>
              <tip_y sid="tip_y" type="float">0.5484455</tip_y>
              <tip_z sid="tip_z" type="float">0</tip_z>
            </technique>
          </extra>
        </node>
        <node id="mario_skeleton_itemhook-body_001" name="itemhook-body.001" sid="itemhook-body_001" type="JOINT">
          <matrix sid="transform">1 0 0 0 0 1 0 0 0 0 1 0 0 0 0 1</matrix>
          <extra>
            <technique profile="blender">
              <layer sid="layer" type="string">0</layer>
              <tip_x sid="tip_x" type="float">0</tip_x>
              <tip_y sid="tip_y" type="float">0.5484455</tip_y>
              <tip_z sid="tip_z" type="float">0</tip_z>
            </technique>
          </extra>
        </node>
        <node id="mario_skeleton_itemhook-fl_001" name="itemhook-fl.001" sid="itemhook-fl_001" type="JOINT">
          <matrix sid="transform">1 0 0 0 0 1 0 0 0 0 1 0 0 0 0 1</matrix>
          <extra>
            <technique profile="blender">
              <layer sid="layer" type="string">0</layer>
              <tip_x sid="tip_x" type="float">0</tip_x>
              <tip_y sid="tip_y" type="float">0.5484455</tip_y>
              <tip_z sid="tip_z" type="float">0</tip_z>
            </technique>
          </extra>
        </node>
        <node id="mario_skeleton_itemhook-fr_001" name="itemhook-fr.001" sid="itemhook-fr_001" type="JOINT">
          <matrix sid="transform">1 0 0 0 0 1 0 0 0 0 1 0 0 0 0 1</matrix>
          <extra>
            <technique profile="blender">
              <layer sid="layer" type="string">0</layer>
              <tip_x sid="tip_x" type="float">0</tip_x>
              <tip_y sid="tip_y" type="float">0.5484455</tip_y>
              <tip_z sid="tip_z" type="float">0</tip_z>
            </technique>
          </extra>
        </node>
        <node id="mario_skeleton_itemhook-l_001" name="itemhook-l.001" sid="itemhook-l_001" type="JOINT">
          <matrix sid="transform">1 0 0 0 0 1 0 0 0 0 1 0 0 0 0 1</matrix>
          <extra>
            <technique profile="blender">
              <layer sid="layer" type="string">0</layer>
              <tip_x sid="tip_x" type="float">0</tip_x>
              <tip_y sid="tip_y" type="float">0.5484455</tip_y>
              <tip_z sid="tip_z" type="float">0</tip_z>
            </technique>
          </extra>
        </node>
        <node id="mario_skeleton_itemhook-r_001" name="itemhook-r.001" sid="itemhook-r_001" type="JOINT">
          <matrix sid="transform">1 0 0 0 0 1 0 0 0 0 1 0 0 0 0 1</matrix>
          <extra>
            <technique profile="blender">
              <layer sid="layer" type="string">0</layer>
              <tip_x sid="tip_x" type="float">0</tip_x>
              <tip_y sid="tip_y" type="float">0.5484455</tip_y>
              <tip_z sid="tip_z" type="float">0</tip_z>
            </technique>
          </extra>
        </node>
        <node id="mario_skeleton_mario_m0_8" name="mario_m0_8" sid="mario_m0_8" type="JOINT">
          <matrix sid="transform">1 0 0 0 0 1 0 0 0 0 1 0 0 0 0 1</matrix>
          <extra>
            <technique profile="blender">
              <layer sid="layer" type="string">0</layer>
              <tip_x sid="tip_x" type="float">0</tip_x>
              <tip_y sid="tip_y" type="float">0.5484455</tip_y>
              <tip_z sid="tip_z" type="float">0</tip_z>
            </technique>
          </extra>
        </node>
        <node id="mario_skeleton_mario_m0_9" name="mario_m0_9" sid="mario_m0_9" type="JOINT">
          <matrix sid="transform">1 0 0 0 0 1 0 0 0 0 1 0 0 0 0 1</matrix>
          <extra>
            <technique profile="blender">
              <layer sid="layer" type="string">0</layer>
              <tip_x sid="tip_x" type="float">0</tip_x>
              <tip_y sid="tip_y" type="float">0.5484455</tip_y>
              <tip_z sid="tip_z" type="float">0</tip_z>
            </technique>
          </extra>
        </node>
        <node id="mario_skeleton_mario_m0_10" name="mario_m0_10" sid="mario_m0_10" type="JOINT">
          <matrix sid="transform">1 0 0 0 0 1 0 0 0 0 1 0 0 0 0 1</matrix>
          <extra>
            <technique profile="blender">
              <layer sid="layer" type="string">0</layer>
              <tip_x sid="tip_x" type="float">0</tip_x>
              <tip_y sid="tip_y" type="float">0.5484455</tip_y>
              <tip_z sid="tip_z" type="float">0</tip_z>
            </technique>
          </extra>
        </node>
        <node id="mario_skeleton_mayu_l_frame1_001" name="mayu_l_frame1.001" sid="mayu_l_frame1_001" type="JOINT">
          <matrix sid="transform">1 0 0 0 0 1 0 0 0 0 1 0 0 0 0 1</matrix>
          <extra>
            <technique profile="blender">
              <layer sid="layer" type="string">0</layer>
              <tip_x sid="tip_x" type="float">0</tip_x>
              <tip_y sid="tip_y" type="float">0.5484455</tip_y>
              <tip_z sid="tip_z" type="float">0</tip_z>
            </technique>
          </extra>
        </node>
        <node id="mario_skeleton_mayu_l_frame2_001" name="mayu_l_frame2.001" sid="mayu_l_frame2_001" type="JOINT">
          <matrix sid="transform">1 0 0 0 0 1 0 0 0 0 1 0 0 0 0 1</matrix>
          <extra>
            <technique profile="blender">
              <layer sid="layer" type="string">0</layer>
              <tip_x sid="tip_x" type="float">0</tip_x>
              <tip_y sid="tip_y" type="float">0.5484455</tip_y>
              <tip_z sid="tip_z" type="float">0</tip_z>
            </technique>
          </extra>
        </node>
        <node id="mario_skeleton_mayu_r_frame1_001" name="mayu_r_frame1.001" sid="mayu_r_frame1_001" type="JOINT">
          <matrix sid="transform">1 0 0 0 0 1 0 0 0 0 1 0 0 0 0 1</matrix>
          <extra>
            <technique profile="blender">
              <layer sid="layer" type="string">0</layer>
              <tip_x sid="tip_x" type="float">0</tip_x>
              <tip_y sid="tip_y" type="float">0.5484455</tip_y>
              <tip_z sid="tip_z" type="float">0</tip_z>
            </technique>
          </extra>
        </node>
        <node id="mario_skeleton_mayu_r_frame2_001" name="mayu_r_frame2.001" sid="mayu_r_frame2_001" type="JOINT">
          <matrix sid="transform">1 0 0 0 0 1 0 0 0 0 1 0 0 0 0 1</matrix>
          <extra>
            <technique profile="blender">
              <layer sid="layer" type="string">0</layer>
              <tip_x sid="tip_x" type="float">0</tip_x>
              <tip_y sid="tip_y" type="float">0.5484455</tip_y>
              <tip_z sid="tip_z" type="float">0</tip_z>
            </technique>
          </extra>
        </node>
      </node>
      <node id="mario2" name="mario" type="NODE">
        <translate sid="location">0 0 0</translate>
        <rotate sid="rotationZ">0 0 1 0</rotate>
        <rotate sid="rotationY">0 1 0 0</rotate>
        <rotate sid="rotationX">1 0 0 0</rotate>
        <scale sid="scale">1 1 1</scale>
        <instance_controller url="#mario_skeleton_mario-skin">
          <skeleton>#mario_skeleton_root</skeleton>
          <skeleton>#mario_skeleton_eyelid1_001</skeleton>
          <skeleton>#mario_skeleton_eyelid2_001</skeleton>
          <skeleton>#mario_skeleton_eyelid3_001</skeleton>
          <skeleton>#mario_skeleton_itemhook-body_001</skeleton>
          <skeleton>#mario_skeleton_itemhook-fl_001</skeleton>
          <skeleton>#mario_skeleton_itemhook-fr_001</skeleton>
          <skeleton>#mario_skeleton_itemhook-l_001</skeleton>
          <skeleton>#mario_skeleton_itemhook-r_001</skeleton>
          <skeleton>#mario_skeleton_mario_m0_8</skeleton>
          <skeleton>#mario_skeleton_mario_m0_9</skeleton>
          <skeleton>#mario_skeleton_mario_m0_10</skeleton>
          <skeleton>#mario_skeleton_mayu_l_frame1_001</skeleton>
          <skeleton>#mario_skeleton_mayu_l_frame2_001</skeleton>
          <skeleton>#mario_skeleton_mayu_r_frame1_001</skeleton>
          <skeleton>#mario_skeleton_mayu_r_frame2_001</skeleton>
          <bind_material>
            <technique_common>
              <instance_material symbol="s3mabuta1_m1_png-material" target="#s3mabuta1_m1_png-material"/>
              <instance_material symbol="s3mabuta2_m1_png-material" target="#s3mabuta2_m1_png-material"/>
              <instance_material symbol="s3_c000m1_A0_png-material" target="#s3_c000m1_A0_png-material"/>
              <instance_material symbol="s3c000m1_eyes_png-material" target="#s3c000m1_eyes_png-material"/>
              <instance_material symbol="mario_mayu_png-material" target="#mario_mayu_png-material"/>
            </technique_common>
          </bind_material>
        </instance_controller>
      </node>
    </visual_scene>
  </library_visual_scenes>
  <scene>
    <instance_visual_scene url="#mario"/>
  </scene>
</COLLADA>